tau,x,y,u,v,theta1
0.000000000000000000e+00,9.905999999999999250e-01,-0.000000000000000000e+00,0.000000000000000000e+00,-6.342527468120791490e+00,0.000000000000000000e+00
1.000000000000000021e-03,9.905798844958032534e-01,-6.342484536613074951e-03,-4.023086839444606905e-02,-6.342398674051990426e+00,5.688566128826116315e-06
2.000000000000000042e-03,9.905195388232012066e-01,-1.268471148697964714e-02,-8.046005682161952444e-02,-6.342012297518863306e+00,1.137713225763507005e-05
3.000000000000000062e-03,9.904189655021141681e-01,-1.902642327619964713e-02,-1.206858853958418659e-01,-6.341368355540894619e+00,1.706569838640969438e-05
4.000000000000000083e-03,9.902781687322732562e-01,-2.536736235206522166e-02,-1.609066743946168943e-01,-6.340466876482810932e+00,2.275426451513282928e-05
5.000000000000000104e-03,9.900971543930165986e-01,-3.170727119640521369e-02,-2.011207443402070472e-01,-6.339307900052958189e+00,2.844283064378731046e-05
6.000000000000000125e-03,9.898759300430036712e-01,-3.804589233642770990e-02,-2.413264160811920134e-01,-6.337891477301029752e+00,3.413139677235596688e-05
7.000000000000000146e-03,9.896145049198482591e-01,-4.438296835605996110e-02,-2.815220108740035254e-01,-6.336217670615146069e+00,3.981996290082164442e-05
8.000000000000000167e-03,9.893128899396698150e-01,-5.071824190728510540e-02,-3.217058504644305650e-01,-6.334286553718288637e+00,4.550852902916717203e-05
9.000000000000001055e-03,9.889710976965633282e-01,-5.705145572147495708e-02,-3.618762571690891106e-01,-6.332098211664082044e+00,5.119709515737539221e-05
1.000000000000000194e-02,9.885891424619879242e-01,-6.338235262071828524e-02,-4.020315539568504182e-01,-6.329652740831931190e+00,5.688566128542913390e-05
1.100000000000000283e-02,9.881670401840737528e-01,-6.971067552914386733e-02,-4.421700645302217847e-01,-6.326950248921511033e+00,6.257422741331124640e-05
1.200000000000000372e-02,9.877048084868478295e-01,-7.603616748423776273e-02,-4.822901134066742146e-01,-6.323990854946607953e+00,6.826279354100455864e-05
1.300000000000000461e-02,9.872024666693782757e-01,-8.235857164815406362e-02,-5.223900259999109119e-01,-6.320774689228318977e+00,7.395135966849189957e-05
1.400000000000000550e-02,9.866600357048375125e-01,-8.867763131901854057e-02,-5.624681287010707686e-01,-6.317301893387602618e+00,7.963992579575611169e-05
1.500000000000000638e-02,9.860775382394844080e-01,-9.499308994222450953e-02,-6.025227489598606878e-01,-6.313572620337184915e+00,8.532849192278002396e-05
1.600000000000000727e-02,9.854549985915649346e-01,-1.013046911217202889e-01,-6.425522153656114677e-01,-6.309587034272824191e+00,9.101705804954649242e-05
1.700000000000000816e-02,9.847924427501323352e-01,-1.076121786312875667e-01,-6.825548577282509743e-01,-6.305345310663931002e+00,9.670562417603833247e-05
1.800000000000000905e-02,9.840898983737857986e-01,-1.139152964258101364e-01,-7.225290071591886631e-01,-6.300847636243547711e+00,1.023941903022383866e-04
1.900000000000000994e-02,9.833473947893287548e-01,-1.202137886525322386e-01,-7.624729961521058419e-01,-6.296094208997685016e+00,1.080827564281294973e-04
2.000000000000001082e-02,9.825649629903462356e-01,-1.265073996623059249e-01,-8.023851586636459032e-01,-6.291085238154019876e+00,1.137713225536944936e-04
2.100000000000001171e-02,9.817426356357014106e-01,-1.327958740208267929e-01,-8.422638301939984196e-01,-6.285820944169953961e+00,1.194598886789162179e-04
2.200000000000001260e-02,9.808804470479520754e-01,-1.390789565198574940e-01,-8.821073478673716606e-01,-6.280301558720037036e+00,1.251484548037774857e-04
2.300000000000001349e-02,9.799784332116863173e-01,-1.453563921884383214e-01,-9.219140505123475382e-01,-6.274527324682747320e+00,1.308370209282611529e-04
2.400000000000001438e-02,9.790366317717780209e-01,-1.516279263040842817e-01,-9.616822787421133167e-01,-6.268498496126643893e+00,1.365255870523500621e-04
2.500000000000001527e-02,9.780550820315621063e-01,-1.578933044039679545e-01,-1.001410375034563982e+00,-6.262215338295882283e+00,1.422141531760270287e-04
2.600000000000001615e-02,9.770338249509300521e-01,-1.641522722960876146e-01,-1.041096683812270163e+00,-6.255678127595095006e+00,1.479027192992749223e-04
2.700000000000001704e-02,9.759729031443450387e-01,-1.704045760704198942e-01,-1.080739551522305497e+00,-6.248887151573645049e+00,1.535912854220765583e-04
2.800000000000001793e-02,9.748723608787778216e-01,-1.766499621100562911e-01,-1.120337326715927562e+00,-6.241842708909249637e+00,1.592798515444147521e-04
2.900000000000001882e-02,9.737322440715625582e-01,-1.828881771023231906e-01,-1.159888360128107143e+00,-6.234545109390971618e+00,1.649684176662723732e-04
3.000000000000001971e-02,9.725526002881735854e-01,-1.891189680498843728e-01,-1.199391004756900303e+00,-6.226994673901590005e+00,1.706569837876322372e-04
3.100000000000002059e-02,9.713334787399225956e-01,-1.953420822818256741e-01,-1.238843615942656573e+00,-6.219191734399342586e+00,1.763455499084771864e-04
3.200000000000002148e-02,9.700749302815768749e-01,-2.015572674647210794e-01,-1.278244551447058619e+00,-6.211136633899048576e+00,1.820341160287900634e-04
3.300000000000002237e-02,9.687770074088983829e-01,-2.077642716136795520e-01,-1.317592171531988043e+00,-6.202829726452605996e+00,1.877226821485537107e-04
3.400000000000002326e-02,9.674397642561044508e-01,-2.139628431033721578e-01,-1.356884839038210444e+00,-6.194271377128874434e+00,1.934112482677509436e-04
3.500000000000002415e-02,9.660632565932494309e-01,-2.201527306790386773e-01,-1.396120919463875287e+00,-6.185461961992936963e+00,1.990998143863646048e-04
3.600000000000002504e-02,9.646475418235281873e-01,-2.263336834674732345e-01,-1.435298781042825267e+00,-6.176401868084749225e+00,2.047883805043775366e-04
3.700000000000002592e-02,9.631926789805013156e-01,-2.325054509879881937e-01,-1.474416794822708265e+00,-6.167091493397176549e+00,2.104769466217725816e-04
3.800000000000002681e-02,9.616987287252424244e-01,-2.386677831633558788e-01,-1.513473334742887699e+00,-6.157531246853413798e+00,2.161655127385325552e-04
3.900000000000002770e-02,9.601657533434075908e-01,-2.448204303307273122e-01,-1.552466777712145918e+00,-6.147721548283804793e+00,2.218540788546402999e-04
4.000000000000002859e-02,9.585938167422269895e-01,-2.509631432525275541e-01,-1.591395503686173329e+00,-6.137662828402048909e+00,2.275426449700786581e-04
4.100000000000002948e-02,9.569829844474193603e-01,-2.570956731273269513e-01,-1.630257895744841035e+00,-6.127355528780806360e+00,2.332312110848304724e-04
4.200000000000003036e-02,9.553333236000296491e-01,-2.632177716006874890e-01,-1.669052340169248527e+00,-6.116800101826700420e+00,2.389197771988785582e-04
4.300000000000003125e-02,9.536449029531888222e-01,-2.693291907759842174e-01,-1.707777226518542912e+00,-6.105997010754717458e+00,2.446083433122057580e-04
4.400000000000003214e-02,9.519177928687978518e-01,-2.754296832252004501e-01,-1.746430947706503645e+00,-6.094946729562017218e+00,2.502969094247949142e-04
4.500000000000003303e-02,9.501520653141347639e-01,-2.815190019996965942e-01,-1.785011900077888125e+00,-6.083649743001138255e+00,2.559854755366288695e-04
4.600000000000003392e-02,9.483477938583856348e-01,-2.875969006409518913e-01,-1.823518483484531938e+00,-6.072106546552619832e+00,2.616740416476904391e-04
4.700000000000003481e-02,9.465050536690995386e-01,-2.936631331912785137e-01,-1.861949101361199066e+00,-6.060317646397030522e+00,2.673626077579624926e-04
4.800000000000003569e-02,9.446239215085678875e-01,-2.997174542045073498e-01,-1.900302160801177420e+00,-6.048283559386408825e+00,2.730511738674278456e-04
4.900000000000003658e-02,9.427044757301280553e-01,-3.057596187566448687e-01,-1.938576072631613689e+00,-6.036004813015122039e+00,2.787397399760693675e-04
5.000000000000003747e-02,9.407467962743920609e-01,-3.117893824565007854e-01,-1.976769251488582624e+00,-6.023481945390142478e+00,2.844283060838698196e-04
5.100000000000003836e-02,9.387509646654002005e-01,-3.178065014562854729e-01,-2.014880115891885648e+00,-6.010715505200744602e+00,2.901168721908121257e-04
5.200000000000003925e-02,9.367170640067000731e-01,-3.238107324621768979e-01,-2.052907088319574136e+00,-5.997706051687627493e+00,2.958054382968790469e-04
5.300000000000004013e-02,9.346451789773512209e-01,-3.298018327448563047e-01,-2.090848595282191802e+00,-5.984454154611464460e+00,3.014940044020534529e-04
5.400000000000004102e-02,9.325353958278553845e-01,-3.357795601500123683e-01,-2.128703067396731541e+00,-5.970960394220881540e+00,3.071825705063182133e-04
5.500000000000004191e-02,9.303878023760135951e-01,-3.417436731088127067e-01,-2.166468939460302057e+00,-5.957225361219871118e+00,3.128711366096560893e-04
5.600000000000004280e-02,9.282024880027089919e-01,-3.476939306483429193e-01,-2.204144650523498505e+00,-5.943249656734638897e+00,3.185597027120499504e-04
5.700000000000004369e-02,9.259795436476169206e-01,-3.536300924020118197e-01,-2.241728643963472489e+00,-5.929033892279893081e+00,3.242482688134826663e-04
5.800000000000004458e-02,9.237190618048420898e-01,-3.595519186199229722e-01,-2.279219367556698295e+00,-5.914578689724574900e+00,3.299368349139370524e-04
5.900000000000004546e-02,9.214211365184826752e-01,-3.654591701792115344e-01,-2.316615273551426935e+00,-5.899884681257034913e+00,3.356254010133959240e-04
6.000000000000004635e-02,9.190858633781228137e-01,-3.713516085943459055e-01,-2.353914818739827108e+00,-5.884952509349655969e+00,3.413139671118421508e-04
6.100000000000004724e-02,9.167133395142524899e-01,-3.772289960273940146e-01,-2.391116464529807306e+00,-5.869782826722933500e+00,3.470025332092585481e-04
6.200000000000004813e-02,9.143036635936160339e-01,-3.830910952982531925e-01,-2.428218677016511506e+00,-5.854376296309007799e+00,3.526910993056279315e-04
6.300000000000004208e-02,9.118569358144895665e-01,-3.889376698948432409e-01,-2.465219927053488025e+00,-5.838733591214654517e+00,3.583796654009331704e-04
6.400000000000004297e-02,9.093732579018867224e-01,-3.947684839832625303e-01,-2.502118690323523520e+00,-5.822855394683740471e+00,3.640682314951570802e-04
6.500000000000004385e-02,9.068527331026944305e-01,-4.005833024179059620e-01,-2.538913447409140822e+00,-5.806742400059144771e+00,3.697567975882825307e-04
6.600000000000004474e-02,9.042954661807379724e-01,-4.063818907515447387e-01,-2.575602683862753040e+00,-5.790395310744146151e+00,3.754453636802923371e-04
6.700000000000004563e-02,9.017015634117762080e-01,-4.121640152453672767e-01,-2.612184890276470828e+00,-5.773814840163289830e+00,3.811339297711693148e-04
6.800000000000004652e-02,8.990711325784270791e-01,-4.179294428789806504e-01,-2.648658562351559720e+00,-5.757001711722723236e+00,3.868224958608963335e-04
6.900000000000004741e-02,8.964042829650237243e-01,-4.236779413603721789e-01,-2.685022200967538630e+00,-5.739956658770018372e+00,3.925110619494562086e-04
7.000000000000004829e-02,8.937011253524022036e-01,-4.294092791358305461e-01,-2.721274312250922200e+00,-5.722680424553474587e+00,3.981996280368317554e-04
7.100000000000004918e-02,8.909617720126198348e-01,-4.351232253998258970e-01,-2.757413407643596770e+00,-5.705173762180912433e+00,4.038881941230058436e-04
7.200000000000005007e-02,8.881863367036062495e-01,-4.408195501048486342e-01,-2.793438003970826422e+00,-5.687437434577955031e+00,4.095767602079612886e-04
7.300000000000005096e-02,8.853749346637457274e-01,-4.464980239712061372e-01,-2.829346623508889103e+00,-5.669472214445806735e+00,4.152653262916809599e-04
7.400000000000005185e-02,8.825276826063929159e-01,-4.521584184967769593e-01,-2.865137794052333930e+00,-5.651278884218533527e+00,4.209538923741476730e-04
7.500000000000005274e-02,8.796446987143207163e-01,-4.578005059667221710e-01,-2.900810048980857925e+00,-5.632858236019840703e+00,4.266424584553442974e-04
7.600000000000005362e-02,8.767261026341021113e-01,-4.634240594631531818e-01,-2.936361927325798149e+00,-5.614211071619363835e+00,4.323310245352535944e-04
7.700000000000005451e-02,8.737720154704253783e-01,-4.690288528747555974e-01,-2.971791973836232614e+00,-5.595338202388467685e+00,4.380195906138584878e-04
7.800000000000005540e-02,8.707825597803433570e-01,-4.746146609063686683e-01,-3.007098739044691271e+00,-5.576240449255559284e+00,4.437081566911417387e-04
7.900000000000005629e-02,8.677578595674575457e-01,-4.801812590885197740e-01,-3.042280779332466878e+00,-5.556918642660924057e+00,4.493967227670862168e-04
8.000000000000005718e-02,8.646980402760366946e-01,-4.857284237869134991e-01,-3.077336656994527520e+00,-5.537373622511080562e+00,4.550852888416747374e-04
8.100000000000005806e-02,8.616032287850707849e-01,-4.912559322118748573e-01,-3.112264940304021454e+00,-5.517606238132665375e+00,4.607738549148901702e-04
8.200000000000005895e-02,8.584735534022608361e-01,-4.967635624277462192e-01,-3.147064203576377395e+00,-5.497617348225849021e+00,4.664624209867153305e-04
8.300000000000005984e-02,8.553091438579447647e-01,-5.022510933622372775e-01,-3.181733027232987787e+00,-5.477407820817286499e+00,4.721509870571330880e-04
8.400000000000006073e-02,8.521101312989596277e-01,-5.077183048157278833e-01,-3.216269997864479979e+00,-5.456978533212610394e+00,4.778395531261262581e-04
8.500000000000006162e-02,8.488766482824412485e-01,-5.131649774705229206e-01,-3.250673708293566389e+00,-5.436330371948464801e+00,4.835281191936776561e-04
8.600000000000006251e-02,8.456088287695605610e-01,-5.185908929000594414e-01,-3.284942757637471011e+00,-5.415464232744090722e+00,4.892166852597701517e-04
8.700000000000006339e-02,8.423068081191981138e-01,-5.239958335780645626e-01,-3.319075751369929606e+00,-5.394381020452461151e+00,4.949052513243865602e-04
8.800000000000006428e-02,8.389707230815568462e-01,-5.293795828876647347e-01,-3.353071301382759994e+00,-5.373081649010977401e+00,5.005938173875096970e-04
8.900000000000006517e-02,8.356007117917132465e-01,-5.347419251304453836e-01,-3.386928026046998941e+00,-5.351567041391722235e+00,5.062823834491224318e-04
9.000000000000006606e-02,8.321969137631080038e-01,-5.400826455354604816e-01,-3.420644550273600704e+00,-5.329838129551282222e+00,5.119709495092075258e-04
9.100000000000006695e-02,8.287594698809757077e-01,-5.454015302681916033e-01,-3.454219505573697724e+00,-5.307895854380141110e+00,5.176595155677479569e-04
9.200000000000006783e-02,8.252885223957148186e-01,-5.506983664394566880e-01,-3.487651530118414112e+00,-5.285741165651644202e+00,5.233480816247264864e-04
9.300000000000006872e-02,8.217842149161979082e-01,-5.559729421142669548e-01,-3.520939268798236377e+00,-5.263375021970546186e+00,5.290366476801258754e-04
9.400000000000006961e-02,8.182466924030227240e-01,-5.612250463206325257e-01,-3.554081373281931189e+00,-5.240798390721138844e+00,5.347252137339291020e-04
9.500000000000007050e-02,8.146761011617047465e-01,-5.664544690583157571e-01,-3.587076502075011053e+00,-5.218012248014971988e+00,5.404137797861189273e-04
9.600000000000007139e-02,8.110725888358114588e-01,-5.716610013075322794e-01,-3.619923320577744352e+00,-5.195017578638163158e+00,5.461023458366781125e-04
9.700000000000007228e-02,8.074363044000386624e-01,-5.768444350375990792e-01,-3.652620501142704867e+00,-5.171815375998304987e+00,5.517909118855896357e-04
9.800000000000007316e-02,8.037673981532296175e-01,-5.820045632155290694e-01,-3.685166723131860333e+00,-5.148406642070979977e+00,5.574794779328362581e-04
9.900000000000007405e-02,8.000660217113373385e-01,-5.871411798145723671e-01,-3.717560672973196034e+00,-5.124792387345874722e+00,5.631680439784008492e-04
1.000000000000000749e-01,7.963323280003303806e-01,-5.922540798227032832e-01,-3.749801044216868551e+00,-5.100973630772511314e+00,5.688566100222661702e-04
1.010000000000000758e-01,7.925664712490428920e-01,-5.973430592510526882e-01,-3.781886537590891884e+00,-5.076951399705591506e+00,5.745451760644151992e-04
1.020000000000000767e-01,7.887686069819690449e-01,-6.024079151422859768e-01,-3.813815861056347511e+00,-5.052726729849964293e+00,5.802337421048305889e-04
1.030000000000000776e-01,7.849388920120025093e-01,-6.074484455789253001e-01,-3.845587729862119719e+00,-5.028300665205216902e+00,5.859223081434953174e-04
1.040000000000000785e-01,7.810774844331215272e-01,-6.124644496916166192e-01,-3.877200866599150419e+00,-5.003674258009898068e+00,5.916108741803921458e-04
1.050000000000000794e-01,7.771845436130201401e-01,-6.174557276673404704e-01,-3.908654001254216137e+00,-4.978848568685373621e+00,5.972994402155039437e-04
1.060000000000000803e-01,7.732602301856852378e-01,-6.224220807575666647e-01,-3.939945871263216048e+00,-4.953824665779325898e+00,6.029880062488135808e-04
1.070000000000000812e-01,7.693047060439213158e-01,-6.273633112863521433e-01,-3.971075221563979074e+00,-4.928603625908894337e+00,6.086765722803038183e-04
1.080000000000000820e-01,7.653181343318221641e-01,-6.322792226583819897e-01,-4.002040804648578032e+00,-4.903186533703467909e+00,6.143651383099575257e-04
1.090000000000000829e-01,7.613006794371910413e-01,-6.371696193669527108e-01,-4.032841380615153071e+00,-4.877574481747130264e+00,6.200537043377575726e-04
1.100000000000000838e-01,7.572525069839083356e-01,-6.420343070018982301e-01,-4.063475717219245276e+00,-4.851768570520765600e+00,6.257422703636867202e-04
1.110000000000000847e-01,7.531737838242491545e-01,-6.468730922574573716e-01,-4.093942589924630227e+00,-4.825769908343827908e+00,6.314308363877279466e-04
1.120000000000000856e-01,7.490646780311496222e-01,-6.516857829400835023e-01,-4.124240781953655066e+00,-4.799579611315778926e+00,6.371194024098639046e-04
1.130000000000000865e-01,7.449253588904234391e-01,-6.564721879761948875e-01,-4.154369084337075968e+00,-4.773198803257198364e+00,6.428079684300775721e-04
1.140000000000000874e-01,7.407559968929288141e-01,-6.612321174198660945e-01,-4.184326295963393783e+00,-4.746628615650577920e+00,6.484965344483517103e-04
1.150000000000000883e-01,7.365567637266863255e-01,-6.659653824604605532e-01,-4.214111223627684311e+00,-4.719870187580792908e+00,6.541851004646691888e-04
1.160000000000000892e-01,7.323278322689478204e-01,-6.706717954302028328e-01,-4.243722682079923203e+00,-4.692924665675266560e+00,6.598736664790128773e-04
1.170000000000000900e-01,7.280693765782179083e-01,-6.753511698116909656e-01,-4.273159494072801934e+00,-4.665793204043826137e+00,6.655622324913655369e-04
1.180000000000000909e-01,7.237815718862273817e-01,-6.800033202453490411e-01,-4.302420490409033960e+00,-4.638476964218257947e+00,6.712507985017100373e-04
1.190000000000000918e-01,7.194645945898597850e-01,-6.846280625368185158e-01,-4.331504509988151064e+00,-4.610977115091566603e+00,6.769393645100291396e-04
1.200000000000000927e-01,7.151186222430313544e-01,-6.892252136642891269e-01,-4.360410399852783669e+00,-4.583294832856939394e+00,6.826279305163058218e-04
1.210000000000000936e-01,7.107438335485252168e-01,-6.937945917857681888e-01,-4.389137015234425121e+00,-4.555431300946429118e+00,6.883164965205228452e-04
1.220000000000000945e-01,7.063404083497796249e-01,-6.983360162462890486e-01,-4.417683219598681710e+00,-4.527387709969350915e+00,6.940050625226630793e-04
1.230000000000000954e-01,7.019085276226314507e-01,-7.028493075850570371e-01,-4.446047884690004892e+00,-4.499165257650405536e+00,6.996936285227092853e-04
1.240000000000000963e-01,6.974483734670152701e-01,-7.073342875425341347e-01,-4.474229890575898594e+00,-4.470765148767529062e+00,7.053821945206443329e-04
1.250000000000000833e-01,6.929601290986183715e-01,-7.117907790674607993e-01,-4.502228125690608707e+00,-4.442188595089475278e+00,7.110707605164510916e-04
1.260000000000000842e-01,6.884439788404925764e-01,-7.162186063238156208e-01,-4.530041486878288559e+00,-4.413436815313139583e+00,7.167593265101123226e-04
1.270000000000000850e-01,6.839001081146226513e-01,-7.206175946977118052e-01,-4.557668879435643028e+00,-4.384511035000622670e+00,7.224478925016110040e-04
1.280000000000000859e-01,6.793287034334528629e-01,-7.249875708042311517e-01,-4.585109217154039740e+00,-4.355412486516045512e+00,7.281364584909297884e-04
1.290000000000000868e-01,6.747299523913714570e-01,-7.293283624941939713e-01,-4.612361422361100693e+00,-4.326142408962115660e+00,7.338250244780516541e-04
1.300000000000000877e-01,6.701040436561537250e-01,-7.336397988608661658e-01,-4.639424425961762743e+00,-4.296702048116451067e+00,7.395135904629593620e-04
1.310000000000000886e-01,6.654511669603645485e-01,-7.379217102466020251e-01,-4.666297167478806074e+00,-4.267092656367672099e+00,7.452021564456357819e-04
1.320000000000000895e-01,6.607715130927203084e-01,-7.421739282494234091e-01,-4.692978595092856864e+00,-4.237315492651256399e+00,7.508907224260637833e-04
1.330000000000000904e-01,6.560652738894114933e-01,-7.463962857295340925e-01,-4.719467665681857937e+00,-4.207371822385169935e+00,7.565792884042261274e-04
1.340000000000000913e-01,6.513326422253856718e-01,-7.505886168157701599e-01,-4.745763344860002064e+00,-4.177262917405277776e+00,7.622678543801056838e-04
1.350000000000000921e-01,6.465738120055920524e-01,-7.547507569119855653e-01,-4.771864607016136794e+00,-4.146990055900533712e+00,7.679564203536853222e-04
1.360000000000000930e-01,6.417889781561878504e-01,-7.588825427033727422e-01,-4.797770435351634610e+00,-4.116554522347963818e+00,7.736449863249478037e-04
1.370000000000000939e-01,6.369783366157072413e-01,-7.629838121627179337e-01,-4.823479821917723953e+00,-4.085957607447440409e+00,7.793335522938761063e-04
1.380000000000000948e-01,6.321420843261926770e-01,-7.670544045565913516e-01,-4.848991767652288232e+00,-4.055200608056255263e+00,7.850221182604528829e-04
1.390000000000000957e-01,6.272804192242903421e-01,-7.710941604514720549e-01,-4.874305282416128371e+00,-4.024284827123494779e+00,7.907106842246611113e-04
1.400000000000000966e-01,6.223935402323093058e-01,-7.751029217198066590e-01,-4.899419385028683571e+00,-3.993211573624226851e+00,7.963992501864835529e-04
1.410000000000000975e-01,6.174816472492451469e-01,-7.790805315460022085e-01,-4.924333103303219161e+00,-3.961982162493498993e+00,8.020878161459030773e-04
1.420000000000000984e-01,6.125449411417688284e-01,-7.830268344323532137e-01,-4.949045474081471774e+00,-3.930597914560155282e+00,8.077763821029025539e-04
1.430000000000000993e-01,6.075836237351810443e-01,-7.869416762049024072e-01,-4.973555543267760726e+00,-3.899060156480476991e+00,8.134649480574647441e-04
1.440000000000001001e-01,6.025978978043329271e-01,-7.908249040192347756e-01,-4.997862365862553169e+00,-3.867370220671651371e+00,8.191535140095725174e-04
1.450000000000001010e-01,5.975879670645133368e-01,-7.946763663662050892e-01,-5.021965005995493669e+00,-3.835529445245074331e+00,8.248420799592086350e-04
1.460000000000001019e-01,5.925540361623032881e-01,-7.984959130775988179e-01,-5.045862536957891997e+00,-3.803539173939491480e+00,8.305306459063560749e-04
1.470000000000001028e-01,5.874963106663981804e-01,-8.022833953317259903e-01,-5.069554041234671793e+00,-3.771400756053981507e+00,8.362192118509975984e-04
1.480000000000001037e-01,5.824149970583988312e-01,-8.060386656589477727e-01,-5.093038610535777444e+00,-3.739115546380789024e+00,8.419077777931159665e-04
1.490000000000001046e-01,5.773103027235705342e-01,-8.097615779471362130e-01,-5.116315345827036509e+00,-3.706684905138009967e+00,8.475963437326941574e-04
1.500000000000001055e-01,5.721824359415722538e-01,-8.134519874470662604e-01,-5.139383357360487459e+00,-3.674110197902136221e+00,8.532849096697149322e-04
1.510000000000001064e-01,5.670316058771552870e-01,-8.171097507777403957e-01,-5.162241764704161184e+00,-3.641392795540460359e+00,8.589734756041611605e-04
1.520000000000001072e-01,5.618580225708327269e-01,-8.207347259316455368e-01,-5.184889696771320722e+00,-3.608534074143352477e+00,8.646620415360156036e-04
1.530000000000001081e-01,5.566618969295199504e-01,-8.243267722799423325e-01,-5.207326291849164512e+00,-3.575535414956406033e+00,8.703506074652612393e-04
1.540000000000001090e-01,5.514434407171461272e-01,-8.278857505775862879e-01,-5.229550697626981659e+00,-3.542398204312463772e+00,8.760391733918807206e-04
1.550000000000001099e-01,5.462028665452388632e-01,-8.314115229683809449e-01,-5.251562071223771611e+00,-3.509123833563525086e+00,8.817277393158570254e-04
1.560000000000001108e-01,5.409403878634804208e-01,-8.349039529899630052e-01,-5.273359579215317616e+00,-3.475713699012541014e+00,8.874163052371729149e-04
1.570000000000001117e-01,5.356562189502378502e-01,-8.383629055787191753e-01,-5.294942397660724609e+00,-3.442169201845101334e+00,8.931048711558112587e-04
1.580000000000001126e-01,5.303505749030665850e-01,-8.417882470746346213e-01,-5.316309712128410858e+00,-3.408491748061019067e+00,8.987934370717549264e-04
1.590000000000001135e-01,5.250236716291883932e-01,-8.451798452260728123e-01,-5.337460717721562276e+00,-3.374682748405816834e+00,9.044820029849866792e-04
1.600000000000001144e-01,5.196757258359440135e-01,-8.485375691944870846e-01,-5.358394619103047596e+00,-3.340743618302119078e+00,9.101705688954893868e-04
1.610000000000001152e-01,5.143069550212213681e-01,-8.518612895590633727e-01,-5.379110630519789993e+00,-3.306675777780956338e+00,9.158591348032459186e-04
1.620000000000001161e-01,5.089175774638593497e-01,-8.551508783212939946e-01,-5.399607975826602235e+00,-3.272480651412985608e+00,9.215477007082390360e-04
1.630000000000001170e-01,5.035078122140284052e-01,-8.584062089094831594e-01,-5.419885888509482719e+00,-3.238159668239631639e+00,9.272362666104516085e-04
1.640000000000001179e-01,4.980778790835880265e-01,-8.616271561831831960e-01,-5.439943611708371485e+00,-3.203714261704152744e+00,9.329248325098665057e-04
1.650000000000001188e-01,4.926279986364213714e-01,-8.648135964375618379e-01,-5.459780398239372445e+00,-3.169145869582638664e+00,9.386133984064665972e-04
1.660000000000001197e-01,4.871583921787484006e-01,-8.679654074077005621e-01,-5.479395510616432041e+00,-3.134455933914941816e+00,9.443019643002346442e-04
1.670000000000001206e-01,4.816692817494173662e-01,-8.710824682728236512e-01,-5.498788221072486770e+00,-3.099645900935549481e+00,9.499905301911535163e-04
1.680000000000001215e-01,4.761608901101754832e-01,-8.741646596604586428e-01,-5.517957811580073368e+00,-3.064717221004399139e+00,9.556790960792059747e-04
1.690000000000001223e-01,4.706334407359192284e-01,-8.772118636505266132e-01,-5.536903573871401640e+00,-3.029671348537643194e+00,9.613676619643749975e-04
1.700000000000001232e-01,4.650871578049248778e-01,-8.802239637793641824e-01,-5.555624809457897939e+00,-2.994509741938367053e+00,9.670562278466433457e-04
1.710000000000001241e-01,4.595222661890597249e-01,-8.832008450436755753e-01,-5.574120829649209519e+00,-2.959233863527265473e+00,9.727447937259937807e-04
1.720000000000001250e-01,4.539389914439745932e-01,-8.861423939044156262e-01,-5.592390955571681310e+00,-2.923845179473281153e+00,9.784333596024091719e-04
1.730000000000001259e-01,4.483375597992781403e-01,-8.890484982906033951e-01,-5.610434518186296238e+00,-2.888345159724210021e+00,9.841219254758724975e-04
1.740000000000001268e-01,4.427181981486933982e-01,-8.919190476030661729e-01,-5.628250858306089732e+00,-2.852735277937280323e+00,9.898104913463664101e-04
1.750000000000001277e-01,4.370811340401972722e-01,-8.947539327181142088e-01,-5.645839326613029563e+00,-2.817017011409705063e+00,9.954990572138737795e-04
1.760000000000001286e-01,4.314265956661434420e-01,-8.975530459911461589e-01,-5.663199283674373419e+00,-2.781191841009215793e+00,1.001187623078377475e-03
1.770000000000001295e-01,4.257548118533691084e-01,-9.003162812601845921e-01,-5.680330099958490919e+00,-2.745261251104583522e+00,1.006876188939860367e-03
1.780000000000001303e-01,4.200660120532860309e-01,-9.030435338493424391e-01,-5.697231155850166040e+00,-2.709226729496125419e+00,1.012564754798305324e-03
1.790000000000001312e-01,4.143604263319569103e-01,-9.057347005722198308e-01,-5.713901841665371961e+00,-2.673089767346208845e+00,1.018253320653695216e-03
1.800000000000001321e-01,4.086382853601568388e-01,-9.083896797352312147e-01,-5.730341557665520114e+00,-2.636851859109751395e+00,1.023941886506012696e-03
1.810000000000001330e-01,4.028998204034210939e-01,-9.110083711408634155e-01,-5.746549714071187864e+00,-2.600514502464723599e+00,1.029630452355240634e-03
1.820000000000001339e-01,3.971452633120792219e-01,-9.135906760908637514e-01,-5.762525731075326618e+00,-2.564079198242660507e+00,1.035319018201361898e-03
1.830000000000001348e-01,3.913748465112763530e-01,-9.161364973893588726e-01,-5.778269038855945894e+00,-2.527547450359181269e+00,1.041007584044359360e-03
1.840000000000001357e-01,3.855888029909819714e-01,-9.186457393459040999e-01,-5.793779077588282256e+00,-2.490920765744526477e+00,1.046696149884215887e-03
1.850000000000001366e-01,3.797873662959868613e-01,-9.211183077784634854e-01,-5.809055297456447775e+00,-2.454200654274113713e+00,1.052384715720914351e-03
1.860000000000001374e-01,3.739707705158885620e-01,-9.235541100163200401e-01,-5.824097158664564233e+00,-2.417388628699118414e+00,1.058073281554437403e-03
1.870000000000001383e-01,3.681392502750661100e-01,-9.259530549029170166e-01,-5.838904131447383961e+00,-2.380486204577080933e+00,1.063761847384768131e-03
1.880000000000001392e-01,3.622930407226441218e-01,-9.283150527986294698e-01,-5.853475696080395529e+00,-2.343494900202547360e+00,1.069450413211889186e-03
1.890000000000001401e-01,3.564323775224474411e-01,-9.306400155834665400e-01,-5.867811342889416970e+00,-2.306416236537745412e+00,1.075138979035783439e-03
1.900000000000001410e-01,3.505574968429461258e-01,-9.329278566597046796e-01,-5.881910572259683612e+00,-2.269251737143301195e+00,1.080827544856433758e-03
1.910000000000001419e-01,3.446686353471916098e-01,-9.351784909544512692e-01,-5.895772894644424333e+00,-2.232002928109000361e+00,1.086516110673823015e-03
1.920000000000001428e-01,3.387660301827447595e-01,-9.373918349221391777e-01,-5.909397830572932442e+00,-2.194671337984598125e+00,1.092204676487933861e-03
1.930000000000001437e-01,3.328499189715959372e-01,-9.395678065469522666e-01,-5.922784910658129398e+00,-2.157258497710680789e+00,1.097893242298749383e-03
1.940000000000001446e-01,3.269205398000778473e-01,-9.417063253451816163e-01,-5.935933675603631166e+00,-2.119765940549584116e+00,1.103581808106252234e-03
1.950000000000001454e-01,3.209781312087714444e-01,-9.438073123675126963e-01,-5.948843676210304743e+00,-2.082195202016372537e+00,1.109270373910425283e-03
1.960000000000001463e-01,3.150229321824056239e-01,-9.458706902012437023e-01,-5.961514473382334423e+00,-2.044547819809881428e+00,1.114958939711251399e-03
1.970000000000001472e-01,3.090551821397511389e-01,-9.478963829724348367e-01,-5.973945638132782676e+00,-2.006825333743829542e+00,1.120647505508713454e-03
1.980000000000001481e-01,3.030751209235090782e-01,-9.498843163479887552e-01,-5.986136751588658989e+00,-1.969029285678001617e+00,1.126336071302794315e-03
1.990000000000001490e-01,2.970829887901946242e-01,-9.518344175376624028e-01,-5.998087404995493976e+00,-1.931161219449506916e+00,1.132024637093476636e-03
2.000000000000001499e-01,2.910790264000164829e-01,-9.537466152960096810e-01,-6.009797199721422345e+00,-1.893222680804118596e+00,1.137713202880743287e-03
2.010000000000001508e-01,2.850634748067523150e-01,-9.556208399242562823e-01,-6.021265747260773793e+00,-1.855215217327695676e+00,1.143401768664577354e-03
2.020000000000001517e-01,2.790365754476211713e-01,-9.574570232721050234e-01,-6.032492669237177196e+00,-1.817140378377691823e+00,1.149090334444961489e-03
2.030000000000001525e-01,2.729985701331526515e-01,-9.592550987394735662e-01,-6.043477597406177182e+00,-1.778999715014755623e+00,1.154778900221878563e-03
2.040000000000001534e-01,2.669497010370538992e-01,-9.610150012781634166e-01,-6.054220173657369308e+00,-1.740794779934424552e+00,1.160467465995311228e-03
2.050000000000001543e-01,2.608902106860747638e-01,-9.627366673934605323e-01,-6.064720050016051189e+00,-1.702527127398917761e+00,1.166156031765242570e-03
2.060000000000001552e-01,2.548203419498714650e-01,-9.644200351456680975e-01,-6.074976888644392226e+00,-1.664198313169029664e+00,1.171844597531655242e-03
2.070000000000001561e-01,2.487403380308692846e-01,-9.660650441515710174e-01,-6.084990361842131712e+00,-1.625809894436129666e+00,1.177533163294532332e-03
2.080000000000001570e-01,2.426504424541248706e-01,-9.676716355858325791e-01,-6.094760152046792001e+00,-1.587363429754269584e+00,1.183221729053856490e-03
2.090000000000001579e-01,2.365508990571885406e-01,-9.692397521823231665e-01,-6.104285951833427148e+00,-1.548860478972404531e+00,1.188910294809610588e-03
2.100000000000001588e-01,2.304419519799670857e-01,-9.707693382353814737e-01,-6.113567463913894606e+00,-1.510302603166727931e+00,1.194598860561777495e-03
2.110000000000001597e-01,2.243238456545874893e-01,-9.722603396010077725e-01,-6.122604401135659735e+00,-1.471691364573127325e+00,1.200287426310339862e-03
2.120000000000001605e-01,2.181968247952621731e-01,-9.737127036979900119e-01,-6.131396486480134911e+00,-1.433028326519761420e+00,1.205975992055280778e-03
2.130000000000001614e-01,2.120611343881560196e-01,-9.751263795089624153e-01,-6.139943453060551448e+00,-1.394315053359763468e+00,1.211664557796582895e-03
2.140000000000001623e-01,2.059170196812558640e-01,-9.765013175813967994e-01,-6.148245044119370561e+00,-1.355553110404073669e+00,1.217353123534229082e-03
2.150000000000001632e-01,1.997647261742426517e-01,-9.778374700285268339e-01,-6.156301013025235136e+00,-1.316744063854404345e+00,1.223041689268202208e-03
2.160000000000001641e-01,1.936044996083670922e-01,-9.791347905302054677e-01,-6.164111123269463199e+00,-1.277889480736340566e+00,1.228730254998485144e-03
2.170000000000001650e-01,1.874365859563288383e-01,-9.803932343336954069e-01,-6.171675148462087535e+00,-1.238990928832579108e+00,1.234418820725060760e-03
2.180000000000001659e-01,1.812612314121599955e-01,-9.816127582543927588e-01,-6.178992872327439656e+00,-1.200049976616311076e+00,1.240107386447911924e-03
2.190000000000001668e-01,1.750786823811131820e-01,-9.827933206764843943e-01,-6.186064088699287034e+00,-1.161068193184747965e+00,1.245795952167021289e-03
2.200000000000001676e-01,1.688891854695547257e-01,-9.839348815535386983e-01,-6.192888601515520008e+00,-1.122047148192797383e+00,1.251484517882371725e-03
2.210000000000001685e-01,1.626929874748634097e-01,-9.850374024090302605e-01,-6.199466224812394621e+00,-1.082988411786889316e+00,1.257173083593946103e-03
2.220000000000001694e-01,1.564903353753351045e-01,-9.861008463367985089e-01,-6.205796782718331350e+00,-1.043893554538957824e+00,1.262861649301727290e-03
2.230000000000001703e-01,1.502814763200939485e-01,-9.871251780014398403e-01,-6.211880109447274201e+00,-1.004764147380579287e+00,1.268550215005698157e-03
2.240000000000001712e-01,1.440666576190103021e-01,-9.881103636386349143e-01,-6.217716049291611924e+00,-9.656017615372711749e-01,1.274238780705841574e-03
2.250000000000001721e-01,1.378461267326260287e-01,-9.890563710554094445e-01,-6.223304456614664026e+00,-9.264079684629549227e-01,1.279927346402140193e-03
2.260000000000001730e-01,1.316201312620874919e-01,-9.899631696303299311e-01,-6.228645195842733351e+00,-8.871843397745843296e-01,1.285615912094577101e-03
2.270000000000001739e-01,1.253889189390867409e-01,-9.908307303136343336e-01,-6.233738141456728776e+00,-8.479324471869433832e-01,1.291304477783134950e-03
2.280000000000001747e-01,1.191527376158112855e-01,-9.916590256272971304e-01,-6.238583177983359818e+00,-8.086538624476160564e-01,1.296993043467796610e-03
2.290000000000001756e-01,1.129118352549028093e-01,-9.924480296650298738e-01,-6.243180199985906675e+00,-7.693501572721305193e-01,1.302681609148544951e-03
2.300000000000001765e-01,1.066664599194254576e-01,-9.931977180922164639e-01,-6.247529112054569289e+00,-7.300229032792814321e-01,1.308370174825362843e-03
2.310000000000001774e-01,1.004168597628439102e-01,-9.939080681457843625e-01,-6.251629828796394506e+00,-6.906736719266316493e-01,1.314058740498232937e-03
2.320000000000001783e-01,9.416328301901169540e-02,-9.945790586340114148e-01,-6.255482274824784916e+00,-6.513040344461975550e-01,1.319747306167138321e-03
2.330000000000001792e-01,8.790597799217031438e-02,-9.952106699362677222e-01,-6.259086384748598242e+00,-6.119155617803194724e-01,1.325435871832061647e-03
2.340000000000001801e-01,8.164519304695937174e-02,-9.958028840026943440e-01,-6.262442103160829276e+00,-5.725098245177201450e-01,1.331124437492985785e-03
2.350000000000001810e-01,7.538117659843827922e-02,-9.963556843538176055e-01,-6.265549384626887708e+00,-5.330883928297542873e-01,1.336813003149893604e-03
2.360000000000001819e-01,6.911417710211986698e-02,-9.968690560801001244e-01,-6.268408193672465600e+00,-4.936528364068509811e-01,1.342501568802767975e-03
2.370000000000001827e-01,6.284444304401633208e-02,-9.973429858414279980e-01,-6.271018504771004309e+00,-4.542047243951519708e-01,1.348190134451591549e-03
2.380000000000001836e-01,5.657222293069794072e-02,-9.977774618665350426e-01,-6.273380302330759051e+00,-4.147456253333482445e-01,1.353878700096347414e-03
2.390000000000001845e-01,5.029776527936483110e-02,-9.981724739523638590e-01,-6.275493580681465566e+00,-3.752771070897168992e-01,1.359567265737018221e-03
2.400000000000001854e-01,4.402131860793236789e-02,-9.985280134633638394e-01,-6.277358344060609774e+00,-3.358007367993613435e-01,1.365255831373586842e-03
2.410000000000001863e-01,3.774313142513041619e-02,-9.988440733307267783e-01,-6.278974606599310171e+00,-2.963180808016566692e-01,1.370944397006036361e-03
2.420000000000001872e-01,3.146345222061694424e-02,-9.991206480515600896e-01,-6.280342392307805000e+00,-2.568307045779027464e-01,1.376632962634349215e-03
2.430000000000001881e-01,2.518252945510631932e-02,-9.993577336879976292e-01,-6.281461735060553053e+00,-2.173401726891871222e-01,1.382321528258508491e-03
2.440000000000001890e-01,1.890061155051267483e-02,-9.995553278662482333e-01,-6.282332678580953456e+00,-1.778480487144603051e-01,1.388010093878497058e-03
2.450000000000001898e-01,1.261794688010879975e-02,-9.997134297755830845e-01,-6.282955276425681745e+00,-1.383558951888253230e-01,1.393698659494297569e-03
2.460000000000001907e-01,6.334783758700828805e-03,-9.998320401672606828e-01,-6.283329591968648486e+00,-9.886527354204388551e-02,1.399387225105892894e-03
2.470000000000001916e-01,5.137043281919998622e-05,-9.999111613533913090e-01,-6.283455698384580401e+00,-5.937774403726116951e-02,1.405075790713266118e-03
2.480000000000001925e-01,-6.232044929073805688e-03,-9.999507972057395389e-01,-6.283333678632231134e+00,-1.989486570995147724e-02,1.410764356316399895e-03
2.490000000000001934e-01,-1.251521424635954061e-02,-9.999509531544662488e-01,-6.282963625437219868e+00,1.958180369291325634e-02,1.416452921915276877e-03
2.500000000000001665e-01,-1.879788953602111803e-02,-9.999116361868097824e-01,-6.282345641274504011e+00,5.905070777347012911e-02,1.422141487509880151e-03
2.510000000000001674e-01,-2.507982292238384106e-02,-9.998328548457064979e-01,-6.281479838350488620e+00,9.851029154334503546e-02,1.427830053100192587e-03
2.520000000000001683e-01,-3.136076664683755399e-02,-9.997146192283515864e-01,-6.280366338584770780e+00,1.379590014838035783e-01,1.433518618686196837e-03
2.530000000000001692e-01,-3.764047307754053717e-02,-9.995569409846988274e-01,-6.279005273591529601e+00,1.773952856056712768e-01,1.439207184267875771e-03
2.540000000000001701e-01,-4.391869471910467976e-02,-9.993598333159018354e-01,-6.277396784660558282e+00,2.168175935090210782e-01,1.444895749845212258e-03
2.550000000000001710e-01,-5.019518422226141446e-02,-9.991233109726944672e-01,-6.275541022737942676e+00,2.562243764426265225e-01,1.450584315418189168e-03
2.560000000000001719e-01,-5.646969439350823378e-02,-9.988473902537129412e-01,-6.273438148406393466e+00,2.956140873631784571e-01,1.456272880986789371e-03
2.570000000000001728e-01,-6.274197820473531584e-02,-9.985320890037583386e-01,-6.271088331865226628e+00,3.349851809942638314e-01,1.461961446550995520e-03
2.580000000000001736e-01,-6.901178880283201367e-02,-9.981774266119999295e-01,-6.268491752910003711e+00,3.743361138851045156e-01,1.467650012110790700e-03
2.590000000000001745e-01,-7.527887951927272892e-02,-9.977834240101207675e-01,-6.265648600911829291e+00,4.136653444690547854e-01,1.473338577666157565e-03
2.600000000000001754e-01,-8.154300387968198283e-02,-9.973501036704042200e-01,-6.262559074796310021e+00,4.529713331218555017e-01,1.479027143217078984e-03
2.610000000000001763e-01,-8.780391561337828887e-02,-9.968774896037624345e-01,-6.259223383022177956e+00,4.922525422196434297e-01,1.484715708763537827e-03
2.620000000000001772e-01,-9.406136866289639686e-02,-9.963656073577071837e-01,-6.255641743559583468e+00,5.315074361967143668e-01,1.490404274305516964e-03
2.630000000000001781e-01,-1.003151171934877628e-01,-9.958144840142628684e-01,-6.251814383868055991e+00,5.707344816030379686e-01,1.496092839842999263e-03
2.640000000000001790e-01,-1.065649156025987448e-01,-9.952241481878223439e-01,-6.247741540874138799e+00,6.099321471615231083e-01,1.501781405375967379e-03
2.650000000000001799e-01,-1.128105185293263174e-01,-9.945946300229451253e-01,-6.243423460948703152e+00,6.490989038250324361e-01,1.507469970904404179e-03
2.660000000000001807e-01,-1.190516808638509283e-01,-9.939259611920993054e-01,-6.238860399883935592e+00,6.882332248331443081e-01,1.513158536428292752e-03
2.670000000000001816e-01,-1.252881577568461524e-01,-9.932181748933465171e-01,-6.234052622870012605e+00,7.273335857686606953e-01,1.518847101947615750e-03
2.680000000000001825e-01,-1.315197046288648919e-01,-9.924713058479704975e-01,-6.229000404471457308e+00,7.663984646138598533e-01,1.524535667462356041e-03
2.690000000000001834e-01,-1.377460771797017758e-01,-9.916853902980496960e-01,-6.223704028603187055e+00,8.054263418064921964e-01,1.530224232972496280e-03
2.700000000000001843e-01,-1.439670313977314542e-01,-9.908604660039737055e-01,-6.218163788506247514e+00,8.444157002955184899e-01,1.535912798478019552e-03
2.710000000000001852e-01,-1.501823235692224812e-01,-9.899965722419046266e-01,-6.212379986723243874e+00,8.833650255965884712e-01,1.541601363978908510e-03
2.720000000000001861e-01,-1.563917102876264120e-01,-9.890937498011822537e-01,-6.206352935073467414e+00,9.222728058472587920e-01,1.547289929475146241e-03
2.730000000000001870e-01,-1.625949484628419761e-01,-9.881520409816753059e-01,-6.200082954627722742e+00,9.611375318619495012e-01,1.552978494966715398e-03
2.740000000000001878e-01,-1.687917953304538810e-01,-9.871714895910764787e-01,-6.193570375682855733e+00,9.999576971866370734e-01,1.558667060453598849e-03
2.750000000000001887e-01,-1.749820084609459425e-01,-9.861521409421443174e-01,-6.186815537735986581e+00,1.038731798153283759e+00,1.564355625935779466e-03
2.760000000000001896e-01,-1.811653457688884028e-01,-9.850940418498898010e-01,-6.179818789458454198e+00,1.077458333934001367e+00,1.570044191413239899e-03
2.770000000000001905e-01,-1.873415655220990184e-01,-9.839972406287090800e-01,-6.172580488669467513e+00,1.116135806594948710e+00,1.575732756885963237e-03
2.780000000000001914e-01,-1.935104263507775313e-01,-9.828617870894629238e-01,-6.165101002309475220e+00,1.154762721149961369e+00,1.581421322353932131e-03
2.790000000000001923e-01,-1.996716872566136336e-01,-9.816877325365022111e-01,-6.157380706413246862e+00,1.193337585613913454e+00,1.587109887817129451e-03
2.800000000000001932e-01,-2.058251076218675646e-01,-9.804751297646401298e-01,-6.149419986082680367e+00,1.231858911055809358e+00,1.592798453275538068e-03
2.810000000000001941e-01,-2.119704472184236188e-01,-9.792240330560718631e-01,-6.141219235459326242e+00,1.270325211651605279e+00,1.598487018729140849e-03
2.820000000000001950e-01,-2.181074662168159262e-01,-9.779344981772412071e-01,-6.132778857696639996e+00,1.308735004736759633e+00,1.604175584177920666e-03
2.830000000000001958e-01,-2.242359251952263099e-01,-9.766065823756550079e-01,-6.124099264931963660e+00,1.347086810858510120e+00,1.609864149621860387e-03
2.840000000000001967e-01,-2.303555851484541672e-01,-9.752403443766454183e-01,-6.115180878258236419e+00,1.385379153827879017e+00,1.615552715060942666e-03
2.850000000000001976e-01,-2.364662074968577055e-01,-9.738358443800798625e-01,-6.106024127695441450e+00,1.423610560771402911e+00,1.621241280495150372e-03
2.860000000000001985e-01,-2.425675540952666465e-01,-9.723931440570202644e-01,-6.096629452161786311e+00,1.461779562182588865e+00,1.626929845924466374e-03
2.870000000000001994e-01,-2.486593872418659534e-01,-9.709123065463299840e-01,-6.086997299444628418e+00,1.499884691973094375e+00,1.632618411348873543e-03
2.880000000000002003e-01,-2.547414696870503037e-01,-9.693933964512305712e-01,-6.077128126171136735e+00,1.537924487523630646e+00,1.638306976768354748e-03
2.890000000000002012e-01,-2.608135646422490850e-01,-9.678364798358072285e-01,-6.067022397778704779e+00,1.575897489734588763e+00,1.643995542182892858e-03
2.900000000000002021e-01,-2.668754357887218043e-01,-9.662416242214639794e-01,-6.056680588485108707e+00,1.613802243076389198e+00,1.649684107592470526e-03
2.910000000000002029e-01,-2.729268472863233819e-01,-9.646088985833284335e-01,-6.046103181258414061e+00,1.651637295639550640e+00,1.655372672997070839e-03
2.920000000000002038e-01,-2.789675637822393583e-01,-9.629383733466069240e-01,-6.035290667786642693e+00,1.689401199184481728e+00,1.661061238396676449e-03
2.930000000000002047e-01,-2.849973504196905427e-01,-9.612301203828896856e-01,-6.024243548447189234e+00,1.727092509190991665e+00,1.666749803791270227e-03
2.940000000000002056e-01,-2.910159728466069629e-01,-9.594842130064070718e-01,-6.012962332276003075e+00,1.764709784907521506e+00,1.672438369180835041e-03
2.950000000000002065e-01,-2.970231972242709517e-01,-9.577007259702362552e-01,-6.001447536936527882e+00,1.802251589400093446e+00,1.678126934565353544e-03
2.960000000000002074e-01,-3.030187902359290364e-01,-9.558797354624593012e-01,-5.989699688688408408e+00,1.839716489600979887e+00,1.683815499944808823e-03
2.970000000000002083e-01,-3.090025190953722967e-01,-9.540213191022726136e-01,-5.977719322355962817e+00,1.877103056357089406e+00,1.689504065319183531e-03
2.980000000000002092e-01,-3.149741515554852489e-01,-9.521255559360483067e-01,-5.965506981296429423e+00,1.914409864478071155e+00,1.695192630688460754e-03
2.990000000000002101e-01,-3.209334559167628664e-01,-9.501925264333476173e-01,-5.953063217367981608e+00,1.951635492784135950e+00,1.700881196052623145e-03
3.000000000000002109e-01,-3.268802010357952925e-01,-9.482223124828865757e-01,-5.940388590897520693e+00,1.988778524153594907e+00,1.706569761411653573e-03
3.010000000000002118e-01,-3.328141563337204678e-01,-9.462149973884539378e-01,-5.927483670648249436e+00,2.025837545570112752e+00,1.712258326765534909e-03
3.020000000000002127e-01,-3.387350918046440618e-01,-9.441706658647825989e-01,-5.914349033787021703e+00,2.062811148169679587e+00,1.717946892114249804e-03
3.030000000000002136e-01,-3.446427780240267635e-01,-9.420894040333739339e-01,-5.900985265851480754e+00,2.099697927287295762e+00,1.723635457457781345e-03
3.040000000000002145e-01,-3.505369861570384882e-01,-9.399712994182752857e-01,-5.887392960716981705e+00,2.136496482503373429e+00,1.729324022796112185e-03
3.050000000000002154e-01,-3.564174879668795537e-01,-9.378164409418118241e-01,-5.873572720563304372e+00,2.173205417689853647e+00,1.735012588129225194e-03
3.060000000000002163e-01,-3.622840558230682739e-01,-9.356249189202718863e-01,-5.859525155841155630e+00,2.209823341056037282e+00,1.740701153457103242e-03
3.070000000000002172e-01,-3.681364627096951336e-01,-9.333968250595467975e-01,-5.845250885238469252e+00,2.246348865194130795e+00,1.746389718779729197e-03
3.080000000000002180e-01,-3.739744822336430463e-01,-9.311322524507252840e-01,-5.830750535646501476e+00,2.282780607124506034e+00,1.752078284097085929e-03
3.090000000000002189e-01,-3.797978886327735837e-01,-9.288312955656430336e-01,-5.816024742125724067e+00,2.319117188340675373e+00,1.757766849409156309e-03
3.100000000000002198e-01,-3.856064567840792323e-01,-9.264940502523868471e-01,-5.801074147871524644e+00,2.355357234853979520e+00,1.763455414715922988e-03
3.110000000000002207e-01,-3.913999622118007893e-01,-9.241206137307548252e-01,-5.785899404179708050e+00,2.391499377237990220e+00,1.769143980017368837e-03
3.120000000000002216e-01,-3.971781810955107850e-01,-9.217110845876720360e-01,-5.770501170411803216e+00,2.427542250672625634e+00,1.774832545313476725e-03
3.130000000000002225e-01,-4.029408902781614898e-01,-9.192655627725621059e-01,-5.754880113960187948e+00,2.463484494987980611e+00,1.780521110604229521e-03
3.140000000000002234e-01,-4.086878672740984486e-01,-9.167841495926752904e-01,-5.739036910213017428e+00,2.499324754707870522e+00,1.786209675889610096e-03
3.150000000000002243e-01,-4.144188902770385985e-01,-9.142669477083732454e-01,-5.722972242518971520e+00,2.535061679093086884e+00,1.791898241169601318e-03
3.160000000000002252e-01,-4.201337381680129157e-01,-9.117140611283705010e-01,-5.706686802151821780e+00,2.570693922184368319e+00,1.797586806444185841e-03
3.170000000000002260e-01,-4.258321905232740345e-01,-9.091255952049328570e-01,-5.690181288274813731e+00,2.606220142845085519e+00,1.803275371713346752e-03
3.180000000000002269e-01,-4.315140276221675064e-01,-9.065016566290338140e-01,-5.673456407904875931e+00,2.641639004803637114e+00,1.808963936977066702e-03
3.190000000000002278e-01,-4.371790304549678097e-01,-9.038423534254684810e-01,-5.656512875876651414e+00,2.676949176695563093e+00,1.814652502235328561e-03
3.200000000000002287e-01,-4.428269807306778327e-01,-9.011477949479254068e-01,-5.639351414806357710e+00,2.712149332105368238e+00,1.820341067488115199e-03
3.210000000000002296e-01,-4.484576608847922752e-01,-8.984180918740167776e-01,-5.621972755055476334e+00,2.747238149608060898e+00,1.826029632735409487e-03
3.220000000000002305e-01,-4.540708540870248555e-01,-8.956533562002674254e-01,-5.604377634694273524e+00,2.782214312810406209e+00,1.831718197977194075e-03
3.230000000000002314e-01,-4.596663442489986040e-01,-8.928537012370623138e-01,-5.586566799465157551e+00,2.817076510391892885e+00,1.837406763213452051e-03
3.240000000000002323e-01,-4.652439160318997402e-01,-8.900192416035536125e-01,-5.568541002745872603e+00,2.851823436145414004e+00,1.843095328444166068e-03
3.250000000000002331e-01,-4.708033548540945246e-01,-8.871500932225271363e-01,-5.550301005512531916e+00,2.886453789017662253e+00,1.848783893669318995e-03
3.260000000000002340e-01,-4.763444468987090286e-01,-8.842463733152283734e-01,-5.531847576302491021e+00,2.920966273149239179e+00,1.854472458888893702e-03
3.270000000000002349e-01,-4.818669791211717679e-01,-8.813082003961486555e-01,-5.513181491177067350e+00,2.955359597914481107e+00,1.860161024102873059e-03
3.280000000000002358e-01,-4.873707392567189767e-01,-8.783356942677714718e-01,-5.494303533684106178e+00,2.989632477960997292e+00,1.865849589311239934e-03
3.290000000000002367e-01,-4.928555158278623560e-01,-8.753289760152799248e-01,-5.475214494820393796e+00,3.023783633248926517e+00,1.871538154513976981e-03
3.300000000000002376e-01,-4.983210981518190752e-01,-8.722881680012243288e-01,-5.455915172993922369e+00,3.057811789089905918e+00,1.877226719711067070e-03
3.310000000000002385e-01,-5.037672763479041915e-01,-8.692133938601515064e-01,-5.436406373986008234e+00,3.091715676185758266e+00,1.882915284902493287e-03
3.320000000000002394e-01,-5.091938413448848788e-01,-8.661047784931953375e-01,-5.416688910913267208e+00,3.125494030666894130e+00,1.888603850088238284e-03
3.330000000000002403e-01,-5.146005848882967415e-01,-8.629624480626290062e-01,-5.396763604189445118e+00,3.159145594130429835e+00,1.894292415268284714e-03
3.340000000000002411e-01,-5.199872995477217152e-01,-8.597865299863797217e-01,-5.376631281487108893e+00,3.192669113678024750e+00,1.899980980442615664e-03
3.350000000000002420e-01,-5.253537787240275536e-01,-8.565771529325049150e-01,-5.356292777699199981e+00,3.226063341953432584e+00,1.905669545611214004e-03
3.360000000000002429e-01,-5.306998166565691788e-01,-8.533344468136316863e-01,-5.335748934900455431e+00,3.259327037179772013e+00,1.911358110774062386e-03
3.370000000000002438e-01,-5.360252084303511744e-01,-8.500585427813589501e-01,-5.315000602308690425e+00,3.292458963196515764e+00,1.917046675931143897e-03
3.380000000000002447e-01,-5.413297499831509763e-01,-8.467495732206226089e-01,-5.294048636245951123e+00,3.325457889496195918e+00,1.922735241082441189e-03
3.390000000000002456e-01,-5.466132381126042050e-01,-8.434076717440243121e-01,-5.272893900099540510e+00,3.358322591260830325e+00,1.928423806227937132e-03
3.400000000000002465e-01,-5.518754704832500302e-01,-8.400329731861240212e-01,-5.251537264282914563e+00,3.391051849398066587e+00,1.934112371367614379e-03
3.410000000000002474e-01,-5.571162456335377877e-01,-8.366256135976960495e-01,-5.229979606196455855e+00,3.423644450577045806e+00,1.939800936501456016e-03
3.420000000000002482e-01,-5.623353629827944067e-01,-8.331857302399502396e-01,-5.208221810188121914e+00,3.456099187263987904e+00,1.945489501629444912e-03
3.430000000000002491e-01,-5.675326228381518678e-01,-8.297134615787167267e-01,-5.186264767513973695e+00,3.488414857757495824e+00,1.951178066751563722e-03
3.440000000000002500e-01,-5.727078264014360265e-01,-8.262089472785963951e-01,-5.164109376298586795e+00,3.520590266223581288e+00,1.956866631867795314e-03
3.450000000000002509e-01,-5.778607757760149122e-01,-8.226723281970758084e-01,-5.141756541495341892e+00,3.552624222730413450e+00,1.962555196978122557e-03
3.460000000000002518e-01,-5.829912739736077265e-01,-8.191037463786079442e-01,-5.119207174846604147e+00,3.584515543282787764e+00,1.968243762082528322e-03
3.470000000000002527e-01,-5.880991249210539840e-01,-8.155033450486585123e-01,-5.096462194843790705e+00,3.616263049856319522e+00,1.973932327180995261e-03
3.480000000000002536e-01,-5.931841334670423516e-01,-8.118712686077179663e-01,-5.073522526687321843e+00,3.647865570431358062e+00,1.979620892273506461e-03
3.490000000000002545e-01,-5.982461053887998537e-01,-8.082076626252799878e-01,-5.050389102246469086e+00,3.679321939026628741e+00,1.985309457360044574e-03
3.500000000000002554e-01,-6.032848473987402205e-01,-8.045126738337865513e-01,-5.027062860019094082e+00,3.710630995732594251e+00,1.990998022440592687e-03
3.510000000000002562e-01,-6.083001671510727126e-01,-8.007864501225393505e-01,-5.003544745091279999e+00,3.741791586744546372e+00,1.996686587515133452e-03
3.520000000000002571e-01,-6.132918732483698676e-01,-7.970291405315788058e-01,-4.979835709096864349e+00,3.772802564395418390e+00,2.002375152583649957e-03
3.530000000000002580e-01,-6.182597752480949449e-01,-7.932408952455299866e-01,-4.955936710176868765e+00,3.803662787188327510e+00,2.008063717646124853e-03
3.540000000000002589e-01,-6.232036836690889592e-01,-7.894218655874162272e-01,-4.931848712938826651e+00,3.834371119828842378e+00,2.013752282702540794e-03
3.550000000000002598e-01,-6.281234099980168573e-01,-7.855722040124407668e-01,-4.907572688416018458e+00,3.864926433256977489e+00,2.019440847752880866e-03
3.560000000000002607e-01,-6.330187666957725057e-01,-7.816920641017364169e-01,-4.883109614026604817e+00,3.895327604678918476e+00,2.025129412797127722e-03
3.570000000000002616e-01,-6.378895672038433773e-01,-7.777816005560835855e-01,-4.858460473532671742e+00,3.925573517598472506e+00,2.030817977835264014e-03
3.580000000000002625e-01,-6.427356259506338265e-01,-7.738409691895969944e-01,-4.833626256999180804e+00,3.955663061848251782e+00,2.036506542867272829e-03
3.590000000000002633e-01,-6.475567583577477304e-01,-7.698703269233815316e-01,-4.808607960752827815e+00,3.985595133620584374e+00,2.042195107893137254e-03
3.600000000000002642e-01,-6.523527808462290523e-01,-7.658698317791570176e-01,-4.783406587340816252e+00,4.015368635498157701e+00,2.047883672912839941e-03
3.610000000000002651e-01,-6.571235108427621041e-01,-7.618396428728529957e-01,-4.758023145489539196e+00,4.044982476484393352e+00,2.053572237926363543e-03
3.620000000000002660e-01,-6.618687667858300649e-01,-7.577799204081723250e-01,-4.732458650063178673e+00,4.074435572033554109e+00,2.059260802933691147e-03
3.630000000000002669e-01,-6.665883681318317544e-01,-7.536908256701260189e-01,-4.706714122022224167e+00,4.103726844080582303e+00,2.064949367934805404e-03
3.640000000000002678e-01,-6.712821353611573283e-01,-7.495725210185372189e-01,-4.680790588381901429e+00,4.132855221070675711e+00,2.070637932929688969e-03
3.650000000000002687e-01,-6.759498899842222297e-01,-7.454251698815167471e-01,-4.654689082170528458e+00,4.161819637988594778e+00,2.076326497918324927e-03
3.660000000000002696e-01,-6.805914545474593957e-01,-7.412489367489086822e-01,-4.628410642387790652e+00,4.190619036387705165e+00,2.082015062900696364e-03
3.670000000000002705e-01,-6.852066526392697199e-01,-7.370439871657074038e-01,-4.601956313962936918e+00,4.219252364418759171e+00,2.087703627876785935e-03
3.680000000000002713e-01,-6.897953088959306589e-01,-7.328104877254459915e-01,-4.575327147712900278e+00,4.247718576858410700e+00,2.093392192846576291e-03
3.690000000000002722e-01,-6.943572490074629844e-01,-7.285486060635562033e-01,-4.548524200300350095e+00,4.276016635137469102e+00,2.099080757810050518e-03
3.700000000000002731e-01,-6.988922997234554568e-01,-7.242585108507000324e-01,-4.521548534191662583e+00,4.304145507368891899e+00,2.104769322767191270e-03
3.710000000000002740e-01,-7.034002888588475333e-01,-7.199403717860740626e-01,-4.494401217614830912e+00,4.332104168375517261e+00,2.110457887717981200e-03
3.720000000000002749e-01,-7.078810452996699976e-01,-7.155943595906855137e-01,-4.467083324517296283e+00,4.359891599717532706e+00,2.116146452662403393e-03
3.730000000000002758e-01,-7.123343990087430688e-01,-7.112206460006015307e-01,-4.439595934523718590e+00,4.387506789719688882e+00,2.121835017600440937e-03
3.740000000000002767e-01,-7.167601810313327659e-01,-7.068194037601709390e-01,-4.411940132893676036e+00,4.414948733498253119e+00,2.127523582532076050e-03
3.750000000000002776e-01,-7.211582235007643060e-01,-7.023908066152192431e-01,-4.384117010479302579e+00,4.442216432987705410e+00,2.133212147457292252e-03
3.760000000000002784e-01,-7.255283596439938698e-01,-6.979350293062176469e-01,-4.356127663682860529e+00,4.469308896967175926e+00,2.138900712376071763e-03
3.770000000000002793e-01,-7.298704237871370681e-01,-6.934522475614246506e-01,-4.327973194414250990e+00,4.496225141086630295e+00,2.144589277288397669e-03
3.780000000000002802e-01,-7.341842513609555532e-01,-6.889426380900027791e-01,-4.299654710048464779e+00,4.522964187892795529e+00,2.150277842194253056e-03
3.790000000000002811e-01,-7.384696789063008859e-01,-6.844063785751086648e-01,-4.271173323382972953e+00,4.549525066854835487e+00,2.155966407093620578e-03
3.800000000000002820e-01,-7.427265440795154383e-01,-6.798436476669579287e-01,-4.242530152595060500e+00,4.575906814389769650e+00,2.161654971986482886e-03
3.810000000000002829e-01,-7.469546856577908844e-01,-6.752546249758648589e-01,-4.213726321199100511e+00,4.602108473887640550e+00,2.167343536872823068e-03
3.820000000000002838e-01,-7.511539435444842816e-01,-6.706394910652566654e-01,-4.184762958003776845e+00,4.628129095736429832e+00,2.173032101752623776e-03
3.830000000000002847e-01,-7.553241587743904084e-01,-6.659984274446633101e-01,-4.155641197069252613e+00,4.653967737346722089e+00,2.178720666625868097e-03
3.840000000000002855e-01,-7.594651735189721364e-01,-6.613316165626828003e-01,-4.126362177664281816e+00,4.679623463176120879e+00,2.184409231492538683e-03
3.850000000000002864e-01,-7.635768310915476142e-01,-6.566392417999219466e-01,-4.096927044223273917e+00,4.705095344753411624e+00,2.190097796352618188e-03
3.860000000000002873e-01,-7.676589759524342638e-01,-6.519214874619131406e-01,-4.067336946303306000e+00,4.730382460702481140e+00,2.195786361206089696e-03
3.870000000000002882e-01,-7.717114537140500330e-01,-6.471785387720074834e-01,-4.037593038541086976e+00,4.755483896765984042e+00,2.201474926052935863e-03
3.880000000000002891e-01,-7.757341111459712391e-01,-6.424105818642442678e-01,-4.007696480609873824e+00,4.780398745828767559e+00,2.207163490893139773e-03
3.890000000000002900e-01,-7.797267961799480007e-01,-6.376178037761971451e-01,-3.977648437176339868e+00,4.805126107941048552e+00,2.212852055726684079e-03
3.900000000000002909e-01,-7.836893579148757061e-01,-6.328003924417973103e-01,-3.947450077857399986e+00,4.829665090341342726e+00,2.218540620553551869e-03
3.910000000000002918e-01,-7.876216466217238477e-01,-6.279585366841339278e-01,-3.917102577176989620e+00,4.854014807479154925e+00,2.224229185373725794e-03
3.920000000000002927e-01,-7.915235137484212258e-01,-6.230924262082316867e-01,-3.886607114522802942e+00,4.878174381037422513e+00,2.229917750187188508e-03
3.930000000000002935e-01,-7.953948119246982973e-01,-6.182022515938063734e-01,-3.855964874102985718e+00,4.902142939954718948e+00,2.235606314993923097e-03
3.940000000000002944e-01,-7.992353949668856705e-01,-6.132882042879982398e-01,-3.825177044902790868e+00,4.925919620447213099e+00,2.241294879793912214e-03
3.950000000000002953e-01,-8.030451178826698566e-01,-6.083504765980835005e-01,-3.794244820641190508e+00,4.949503566030391433e+00,2.246983444587138945e-03
3.960000000000002962e-01,-8.068238368758050560e-01,-6.033892616841644019e-01,-3.763169399727453346e+00,4.972893927540535941e+00,2.252672009373585943e-03
3.970000000000002971e-01,-8.105714093507817575e-01,-5.984047535518374206e-01,-3.731951985217680789e+00,4.996089863155967592e+00,2.258360574153235861e-03
3.980000000000002980e-01,-8.142876939174518158e-01,-5.933971470448410335e-01,-3.700593784771308847e+00,5.019090538418050862e+00,2.264049138926071784e-03
3.990000000000002989e-01,-8.179725503956101207e-01,-5.883666378376822825e-01,-3.669096010607572289e+00,5.041895126251959347e+00,2.269737703692076801e-03
4.000000000000002998e-01,-8.216258398195325219e-01,-5.833134224282423563e-01,-3.637459879461935941e+00,5.064502806987206007e+00,2.275426268451233129e-03
4.010000000000003006e-01,-8.252474244424702343e-01,-5.782376981303624097e-01,-3.605686612542491343e+00,5.086912768377940708e+00,2.281114833203524289e-03
4.020000000000003015e-01,-8.288371677411007221e-01,-5.731396630664088443e-01,-3.573777435486320986e+00,5.109124205623007065e+00,2.286803397948932500e-03
4.030000000000003024e-01,-8.323949344199348399e-01,-5.680195161598183828e-01,-3.541733578315830577e+00,5.131136321385773691e+00,2.292491962687440848e-03
4.040000000000003033e-01,-8.359205904156803424e-01,-5.628774571276241590e-01,-3.509556275395049774e+00,5.152948325813727415e+00,2.298180527419032421e-03
4.050000000000003042e-01,-8.394140029015615401e-01,-5.577136864729616006e-01,-3.477246765385905380e+00,5.174559436557834680e+00,2.303869092143689869e-03
4.060000000000003051e-01,-8.428750402915954343e-01,-5.525284054775553289e-01,-3.444806291204461690e+00,5.195968878791676460e+00,2.309557656861395847e-03
4.070000000000003060e-01,-8.463035722448237763e-01,-5.473218161941874049e-01,-3.412236099977135950e+00,5.217175885230346033e+00,2.315246221572133441e-03
4.080000000000003069e-01,-8.496994696695019389e-01,-5.420941214391461482e-01,-3.379537442996884522e+00,5.238179696149124709e+00,2.320934786275885304e-03
4.090000000000003078e-01,-8.530626047272430457e-01,-5.368455247846567469e-01,-3.346711575679364170e+00,5.258979559401924853e+00,2.326623350972634521e-03
4.100000000000003086e-01,-8.563928508371189130e-01,-5.315762305512936603e-01,-3.313759757519065374e+00,5.279574730439505537e+00,2.332311915662363747e-03
4.110000000000003095e-01,-8.596900826797171380e-01,-5.262864438003745926e-01,-3.280683252045423437e+00,5.299964472327465259e+00,2.338000480345055632e-03
4.120000000000003104e-01,-8.629541762011538886e-01,-5.209763703263368129e-01,-3.247483326778902946e+00,5.320148055764004624e+00,2.343689045020693265e-03
4.130000000000003113e-01,-8.661850086170429508e-01,-5.156462166490958232e-01,-3.214161253187060474e+00,5.340124759097464313e+00,2.349377609689259298e-03
4.140000000000003122e-01,-8.693824584164209224e-01,-5.102961900063864853e-01,-3.180718306640584636e+00,5.359893868343641898e+00,2.355066174350736816e-03
4.150000000000003131e-01,-8.725464053656283303e-01,-5.049264983460870493e-01,-3.147155766369313490e+00,5.379454677202884838e+00,2.360754739005108474e-03
4.160000000000003140e-01,-8.756767305121467837e-01,-4.995373503185259745e-01,-3.113474915418232403e+00,5.398806487076956984e+00,2.366443303652357357e-03
4.170000000000003149e-01,-8.787733161883920507e-01,-4.941289552687723741e-01,-3.079677040603449711e+00,5.417948607085691037e+00,2.372131868292466118e-03
4.180000000000003157e-01,-8.818360460154632818e-01,-4.887015232289096400e-01,-3.045763432468153287e+00,5.436880354083410971e+00,2.377820432925417411e-03
4.190000000000003166e-01,-8.848648049068480459e-01,-4.832552649102928588e-01,-3.011735385238548890e+00,5.455601052675143947e+00,2.383508997551194320e-03
4.200000000000003175e-01,-8.878594790720830687e-01,-4.777903916957900732e-01,-2.977594196779779878e+00,5.474110035232604865e+00,2.389197562169779500e-03
4.210000000000003184e-01,-8.908199560203715617e-01,-4.723071156320076125e-01,-2.943341168551828257e+00,5.492406641909969522e+00,2.394886126781156036e-03
4.220000000000003193e-01,-8.937461245641555863e-01,-4.668056494214999352e-01,-2.908977605565400193e+00,5.510490220659424843e+00,2.400574691385306582e-03
4.230000000000003202e-01,-8.966378748226450091e-01,-4.612862064149639840e-01,-2.874504816337792867e+00,5.528360127246506828e+00,2.406263255982214223e-03
4.240000000000003211e-01,-8.994950982253018257e-01,-4.557490006034180530e-01,-2.839924112848749349e+00,5.546015725265220020e+00,2.411951820571861613e-03
4.250000000000003220e-01,-9.023176875152805199e-01,-4.501942466103661111e-01,-2.805236810496293032e+00,5.563456386152942024e+00,2.417640385154231405e-03
4.260000000000003229e-01,-9.051055367528244577e-01,-4.446221596839468049e-01,-2.770444228052552749e+00,5.580681489205115753e+00,2.423328949729306684e-03
4.270000000000003237e-01,-9.078585413186176512e-01,-4.390329556890684159e-01,-2.735547687619569679e+00,5.597690421589724963e+00,2.429017514297070104e-03
4.280000000000003246e-01,-9.105765979170928892e-01,-4.334268510995288870e-01,-2.700548514585092708e+00,5.614482578361561949e+00,2.434706078857504750e-03
4.290000000000003255e-01,-9.132596045796949058e-01,-4.278040629901221359e-01,-2.665448037578360019e+00,5.631057362476276751e+00,2.440394643410593277e-03
4.300000000000003264e-01,-9.159074606681002484e-01,-4.221648090287302701e-01,-2.630247588425870031e+00,5.647414184804222970e+00,2.446083207956318336e-03
4.310000000000003273e-01,-9.185200668773918498e-01,-4.165093074684019236e-01,-2.594948502107136790e+00,5.663552464144086862e+00,2.451771772494663014e-03
4.320000000000003282e-01,-9.210973252391904120e-01,-4.108377771394173261e-01,-2.559552116710437364e+00,5.679471627236308606e+00,2.457460337025609964e-03
4.330000000000003291e-01,-9.236391391247409377e-01,-4.051504374413399390e-01,-2.524059773388545924e+00,5.695171108776296620e+00,2.463148901549142272e-03
4.340000000000003300e-01,-9.261454132479548518e-01,-3.994475083350547684e-01,-2.488472816314459379e+00,5.710650351427432270e+00,2.468837466065242590e-03
4.350000000000003308e-01,-9.286160536684081590e-01,-3.937292103347941885e-01,-2.452792592637110580e+00,5.725908805833866744e+00,2.474526030573894007e-03
4.360000000000003317e-01,-9.310509677942955253e-01,-3.879957645001507749e-01,-2.417020452437073530e+00,5.740945930633111871e+00,2.480214595075079173e-03
4.370000000000003326e-01,-9.334500643853395063e-01,-3.822473924280777591e-01,-2.381157748682259268e+00,5.755761192468425769e+00,2.485903159568780742e-03
4.380000000000003335e-01,-9.358132535556555887e-01,-3.764843162448771596e-01,-2.345205837183601094e+00,5.770354066000992432e+00,2.491591724054981801e-03
4.390000000000003344e-01,-9.381404467765734889e-01,-3.707067585981758118e-01,-2.309166076550734914e+00,5.784724033921896158e+00,2.497280288533665436e-03
4.400000000000003353e-01,-9.404315568794132663e-01,-3.649149426488896286e-01,-2.273039828147668029e+00,5.798870586963892571e+00,2.502968853004813865e-03
4.410000000000003362e-01,-9.426864980582176923e-01,-3.591090920631760386e-01,-2.236828456048442604e+00,5.812793223912978036e+00,2.508657417468410176e-03
4.420000000000003371e-01,-9.449051858724403230e-01,-3.532894310043752650e-01,-2.200533326992790695e+00,5.826491451619754791e+00,2.514345981924437454e-03
4.430000000000003380e-01,-9.470875372495886069e-01,-3.474561841249397820e-01,-2.164155810341783504e+00,5.839964785010595349e+00,2.520034546372878353e-03
4.440000000000003388e-01,-9.492334704878232499e-01,-3.416095765583533894e-01,-2.127697278033472195e+00,5.853212747098603508e+00,2.525723110813715526e-03
4.450000000000003397e-01,-9.513429052585131718e-01,-3.357498339110387975e-01,-2.091159104538524272e+00,5.866234868994379958e+00,2.531411675246932058e-03
4.460000000000003406e-01,-9.534157626087456094e-01,-3.298771822542550525e-01,-2.054542666815854624e+00,5.879030689916581842e+00,2.537100239672510603e-03
4.470000000000003415e-01,-9.554519649637924772e-01,-3.239918481159840824e-01,-2.017849344268247691e+00,5.891599757202288679e+00,2.542788804090434247e-03
4.480000000000003424e-01,-9.574514361295318743e-01,-3.180940584728074172e-01,-1.981080518697977855e+00,5.903941626317164904e+00,2.548477368500685642e-03
4.490000000000003433e-01,-9.594141012948254055e-01,-3.121840407417723617e-01,-1.944237574262423385e+00,5.916055860865427896e+00,2.554165932903247876e-03
4.500000000000003442e-01,-9.613398870338510926e-01,-3.062620227722486765e-01,-1.907321897429675284e+00,5.927942032599617939e+00,2.559854497298103600e-03
4.510000000000003451e-01,-9.632287213083919886e-01,-3.003282328377754884e-01,-1.870334876934142798e+00,5.939599721430171009e+00,2.565543061685235469e-03
4.520000000000003459e-01,-9.650805334700801597e-01,-2.943828996278985421e-01,-1.833277903732153380e+00,5.951028515434795274e+00,2.571231626064626567e-03
4.530000000000003468e-01,-9.668952542625963709e-01,-2.884262522399984041e-01,-1.796152370957549982e+00,5.962228010867652195e+00,2.576920190436259549e-03
4.540000000000003477e-01,-9.686728158238256947e-01,-2.824585201711095617e-01,-1.758959673877284136e+00,5.973197812168344001e+00,2.582608754800117500e-03
4.550000000000003486e-01,-9.704131516879680452e-01,-2.764799333097304745e-01,-1.721701209847005254e+00,5.983937531970704882e+00,2.588297319156183073e-03
4.560000000000003495e-01,-9.721161967876048582e-01,-2.704907219276250219e-01,-1.684378378266647047e+00,5.994446791111397665e+00,2.593985883504438920e-03
4.570000000000003504e-01,-9.737818874557211402e-01,-2.644911166716155670e-01,-1.646992580536011053e+00,6.004725218638321316e+00,2.599674447844868130e-03
4.580000000000003513e-01,-9.754101614276832199e-01,-2.584813485553674739e-01,-1.609545220010347055e+00,6.014772451818820365e+00,2.605363012177453787e-03
4.590000000000003522e-01,-9.770009578431716468e-01,-2.524616489511657402e-01,-1.572037701955930622e+00,6.024588136147706940e+00,2.611051576502178111e-03
4.600000000000003531e-01,-9.785542172480705680e-01,-2.464322495816834990e-01,-1.534471433505638860e+00,6.034171925355087396e+00,2.616740140819024622e-03
4.610000000000003539e-01,-9.800698815963115873e-01,-2.403933825117429424e-01,-1.496847823614523287e+00,6.043523481413998866e+00,2.622428705127975539e-03
4.620000000000003548e-01,-9.815478942516738803e-01,-2.343452801400686958e-01,-1.459168283015381373e+00,6.052642474547855755e+00,2.628117269429013948e-03
4.630000000000003557e-01,-9.829881999895400124e-01,-2.282881751910336987e-01,-1.421434224174324745e+00,6.061528583237707046e+00,2.633805833722122937e-03
4.640000000000003566e-01,-9.843907449986066815e-01,-2.222223007063981182e-01,-1.383647061246346954e+00,6.070181494229299979e+00,2.639494398007285157e-03
4.650000000000003575e-01,-9.857554768825513847e-01,-2.161478900370411016e-01,-1.345808210030889018e+00,6.078600902539958106e+00,2.645182962284483262e-03
4.660000000000003584e-01,-9.870823446616550090e-01,-2.100651768346859516e-01,-1.307919087927403412e+00,6.086786511465268390e+00,2.650871526553700338e-03
4.670000000000003593e-01,-9.883712987743792366e-01,-2.039743950436184727e-01,-1.269981113890916946e+00,6.094738032585580889e+00,2.656560090814919037e-03
4.680000000000003602e-01,-9.896222910788999849e-01,-1.978757788923991290e-01,-1.231995708387591870e+00,6.102455185772320156e+00,2.662248655068122014e-03
4.690000000000003610e-01,-9.908352748545965483e-01,-1.917695628855688728e-01,-1.193964293350286532e+00,6.109937699194110117e+00,2.667937219313292353e-03
4.700000000000003619e-01,-9.920102048034958875e-01,-1.856559817953489233e-01,-1.155888292134114037e+00,6.117185309322707987e+00,2.673625783550413141e-03
4.710000000000003628e-01,-9.931470370516725099e-01,-1.795352706533348275e-01,-1.117769129472000911e+00,6.124197760938757007e+00,2.679314347779467032e-03
4.720000000000003637e-01,-9.942457291506043848e-01,-1.734076647421846640e-01,-1.079608231430244647e+00,6.130974807137347327e+00,2.685002912000436677e-03
4.730000000000003646e-01,-9.953062400784840058e-01,-1.672733995873019464e-01,-1.041407025364070149e+00,6.137516209333395700e+00,2.690691476213304730e-03
4.740000000000003655e-01,-9.963285302414849331e-01,-1.611327109485132247e-01,-1.003166939873185504e+00,6.143821737266835115e+00,2.696380040418054711e-03
4.750000000000003664e-01,-9.973125614749841494e-01,-1.549858348117405249e-01,-9.648894047573377541e-01,6.149891169007621450e+00,2.702068604614668839e-03
4.760000000000003673e-01,-9.982582970447398951e-01,-1.488330073806688469e-01,-9.265758509718674540e-01,6.155724290960556289e+00,2.707757168803130200e-03
4.770000000000003681e-01,-9.991657016480250952e-01,-1.426744650684090288e-01,-8.882277105832634412e-01,6.161320897869921431e+00,2.713445732983421448e-03
4.780000000000003690e-01,-1.000034741414716155e+00,-1.365104444891560576e-01,-8.498464167247162804e-01,6.166680792823933110e+00,2.719134297155525667e-03
4.790000000000003699e-01,-1.000865383908337458e+00,-1.303411824498429128e-01,-8.114334035516723720e-01,6.171803787259007912e+00,2.724822861319425946e-03
4.800000000000003708e-01,-1.001657598127061455e+00,-1.241669159417903845e-01,-7.729901061973871723e-01,6.176689700963850171e+00,2.730511425475104503e-03
4.810000000000003717e-01,-1.002411354504664454e+00,-1.179878821323527560e-01,-7.345179607284779699e-01,6.181338362083350191e+00,2.736199989622544425e-03
4.820000000000003726e-01,-1.003126624911437448e+00,-1.118043183565597815e-01,-6.960184041004774391e-01,6.185749607122303040e+00,2.741888553761728797e-03
4.830000000000003735e-01,-1.003803382655052534e+00,-1.056164621087549715e-01,-6.574928741133856391e-01,6.189923280948943507e+00,2.747577117892640274e-03
4.840000000000003744e-01,-1.004441602481386031e+00,-9.942455103423050722e-02,-6.189428093672230125e-01,6.193859236798298085e+00,2.753265682015261506e-03
4.850000000000003753e-01,-1.005041260575295414e+00,-9.322882292085879485e-02,-5.803696492175828281e-01,6.197557336275353990e+00,2.758954246129575582e-03
4.860000000000003761e-01,-1.005602334561353173e+00,-8.702951569072102378e-02,-5.417748337311835138e-01,6.201017449358046107e+00,2.764642810235565153e-03
4.870000000000003770e-01,-1.006124803504535592e+00,-8.082686739173280954e-02,-5.031598036414208774e-01,6.204239454400062748e+00,2.770331374333213307e-03
4.880000000000003779e-01,-1.006608647910867127e+00,-7.462111618926708934e-02,-4.645260003039206609e-01,6.207223238133468435e+00,2.776019938422502695e-03
4.890000000000003788e-01,-1.007053849728020589e+00,-6.841250035777453331e-02,-4.258748656520906506e-01,6.209968695671146399e+00,2.781708502503415972e-03
4.900000000000003797e-01,-1.007460392345872258e+00,-6.220125827240155503e-02,-3.872078421526730097e-01,6.212475730509055438e+00,2.787397066575936222e-03
4.910000000000003806e-01,-1.007828260597013470e+00,-5.598762840060621943e-02,-3.485263727612964435e-01,6.214744254528312695e+00,2.793085630640046099e-03
4.920000000000003815e-01,-1.008157440757217138e+00,-4.977184929377208300e-02,-3.098319008780286432e-01,6.216774187997088141e+00,2.798774194695728690e-03
4.930000000000003824e-01,-1.008447920545859855e+00,-4.355415957882028538e-02,-2.711258703029284511e-01,6.218565459572320542e+00,2.804462758742966647e-03
4.940000000000003832e-01,-1.008699689126300036e+00,-3.733479794981999639e-02,-2.324097251915983320e-01,6.220118006301255775e+00,2.810151322781743056e-03
4.950000000000003841e-01,-1.008912737106210544e+00,-3.111400315959741286e-02,-1.936849100107365385e-01,6.221431773622796868e+00,2.815839886812040570e-03
4.960000000000003850e-01,-1.009087056537868232e+00,-2.489201401134350650e-02,-1.549528694936896378e-01,6.222506715368679941e+00,2.821528450833841843e-03
4.970000000000003859e-01,-1.009222640918397973e+00,-1.866906935022067532e-02,-1.162150485960048579e-01,6.223342793764466307e+00,2.827217014847129960e-03
4.980000000000003868e-01,-1.009319485189972720e+00,-1.244540805496849312e-02,-7.747289245098246124e-02,6.223939979430356040e+00,2.832905578851887575e-03
4.990000000000003877e-01,-1.009377585739969385e+00,-6.221269029508747633e-03,-3.872784632522825732e-02,6.224298251381817693e+00,2.838594142848097773e-03
5.000000000000003331e-01,-1.009396940401079190e+00,3.108805450072020526e-06,1.864442579396080601e-05,6.224417597030039495e+00,2.844282706835743208e-03
5.010000000000003340e-01,-1.009377548451375173e+00,6.227486520808646168e-03,3.876513440220998030e-02,6.224298012182199358e+00,2.849971270814806966e-03
5.020000000000003348e-01,-1.009319410614333501e+00,1.245162518747287145e-02,7.751017820418262816e-02,6.223939501041557243e+00,2.855659834785271699e-03
5.030000000000003357e-01,-1.009222529058812157e+00,1.867528588474991549e-02,1.162523304763593696e-01,6.223342076207361906e+00,2.861348398747120061e-03
5.040000000000003366e-01,-1.009086907398983213e+00,2.489822970874408514e-02,1.549901459523197189e-01,6.222505758674581777e+00,2.867036962700335138e-03
5.050000000000003375e-01,-1.008912550694222254e+00,3.112021778075233294e-02,1.937221794990229284e-01,6.221430577833451991e+00,2.872725526644899583e-03
5.060000000000003384e-01,-1.008699465448952948e+00,3.734101125565923024e-02,2.324469861612553645e-01,6.220116571468842892e+00,2.878414090580796482e-03
5.070000000000003393e-01,-1.008447659612446534e+00,4.356037133033119346e-02,2.711631212060781615e-01,6.218563785759447349e+00,2.884102654508008488e-03
5.080000000000003402e-01,-1.008157142578577803e+00,4.977805925200984999e-02,3.098691401672747925e-01,6.216772275276786885e+00,2.889791218426518253e-03
5.090000000000003411e-01,-1.007827925185535545e+00,5.599383632670427297e-02,3.485635988897985982e-01,6.214742102984039285e+00,2.895479782336308865e-03
5.100000000000003419e-01,-1.007460019715489707e+00,6.220746392758198101e-02,3.872450535742203992e-01,6.212473340234682340e+00,2.901168346237362975e-03
5.110000000000003428e-01,-1.007053439894213254e+00,6.841870350335850504e-02,4.259120608211762748e-01,6.209966066770957305e+00,2.906856910129663671e-03
5.120000000000003437e-01,-1.006608200890659832e+00,7.462731658668526891e-02,4.645631776758150089e-01,6.207220370722153824e+00,2.912545474013193605e-03
5.130000000000003446e-01,-1.006124319316497484e+00,8.083306480253574233e-02,5.031969616722459238e-01,6.204236348602711004e+00,2.918234037887935863e-03
5.140000000000003455e-01,-1.005601813225596830e+00,8.703570987658953984e-02,5.418119708779863819e-01,6.201014105310139080e+00,2.923922601753873099e-03
5.150000000000003464e-01,-1.005040702113475959e+00,9.323501364361440336e-02,5.804067639384095090e-01,6.197553754122758107e+00,2.929611165610988398e-03
5.160000000000003473e-01,-1.004441006916700019e+00,9.943073805584577707e-02,6.189799001211920837e-01,6.193855416697257255e+00,2.935299729459263981e-03
5.170000000000003482e-01,-1.003802750012236844e+00,1.056226451913638981e-01,6.575299393607616505e-01,6.189919223066069343e+00,2.940988293298683366e-03
5.180000000000003491e-01,-1.003125955216767951e+00,1.118104972624681392e-01,6.960554423027447424e-01,6.185745311634565979e+00,2.946676857129228774e-03
5.190000000000003499e-01,-1.002410647785955122e+00,1.179940566240484795e-01,7.345549703484136606e-01,6.181333829178070616e+00,2.952365420950883723e-03
5.200000000000003508e-01,-1.001656854413662590e+00,1.241730857819538930e-01,7.730270856991346973e-01,6.176684930838685972e+00,2.958053984763630434e-03
5.210000000000003517e-01,-1.000864603231134353e+00,1.303473474013574496e-01,8.114703514008148044e-01,6.171798780121944716e+00,2.963742548567451993e-03
5.220000000000003526e-01,-1.000033923806128211e+00,1.365166043151180009e-01,8.498833313883490392e-01,6.166675548893271852e+00,2.969431112362331485e-03
5.230000000000003535e-01,-9.991648471420035982e-01,1.426806195321382309e-01,8.882645905300676770e-01,6.161315417374266801e+00,2.975119676148251131e-03
5.240000000000003544e-01,-9.982574056767666848e-01,1.488391562457188899e-01,9.266126946721828794e-01,6.155718574138804300e+00,2.980808239925194451e-03
5.250000000000003553e-01,-9.973116332820697316e-01,1.549919778419090455e-01,9.649262106832351416e-01,6.149885216108945230e+00,2.986496803693143662e-03
5.260000000000003562e-01,-9.963275652621670364e-01,1.611388479078521563e-01,1.003203706498539738e+00,6.143815548550671579e+00,2.992185367452082287e-03
5.270000000000003570e-01,-9.953052383528254721e-01,1.672795302401277606e-01,1.041443751164632392e+00,6.137509785069431345e+00,2.997873931201992543e-03
5.280000000000003579e-01,-9.942446907201912820e-01,1.734137888530886684e-01,1.079644914883715057e+00,6.130968147605502239e+00,3.003562494942857517e-03
5.290000000000003588e-01,-9.931459619596121335e-01,1.795413879871933793e-01,1.117805769058100474e+00,6.124190866429169766e+00,3.009251058674659862e-03
5.300000000000003597e-01,-9.920090930944149843e-01,1.856620921173335881e-01,1.155924886334657176e+00,6.117178180135720567e+00,3.014939622397382665e-03
5.310000000000003606e-01,-9.908341265746388737e-01,1.917756659611566383e-01,1.194000840649253048e+00,6.109930335640249233e+00,3.020628186111008577e-03
5.320000000000003615e-01,-9.896211062757241939e-01,1.978818744873826474e-01,1.232032207271198221e+00,6.102447588172282167e+00,3.026316749815520686e-03
5.330000000000003624e-01,-9.883700774971565517e-01,2.039804829241161355e-01,1.270017562847688186e+00,6.094730201270211367e+00,3.032005313510901644e-03
5.340000000000003633e-01,-9.870810869610671112e-01,2.100712567671520759e-01,1.307955485448244914e+00,6.086778446775546136e+00,3.037693877197134538e-03
5.350000000000003642e-01,-9.857541828107876380e-01,2.161539617882760334e-01,1.345844554609157750e+00,6.078592604826975609e+00,3.043382440874202021e-03
5.360000000000003650e-01,-9.843894146093619124e-01,2.222283640435583352e-01,1.383683351377922310e+00,6.070172963854242987e+00,3.049071004542086745e-03
5.370000000000003659e-01,-9.829868333380119561e-01,2.282942298816419135e-01,1.421470458357679822e+00,6.061519820571835027e+00,3.054759568200771797e-03
5.380000000000003668e-01,-9.815464913945604053e-01,2.343513259520239034e-01,1.459204459751653804e+00,6.052633479972481467e+00,3.060448131850239829e-03
5.390000000000003677e-01,-9.800684425918080311e-01,2.403994192133304952e-01,1.496883941407585628e+00,6.043514255320467043e+00,3.066136695490473928e-03
5.400000000000003686e-01,-9.785527421558671834e-01,2.464382769415850438e-01,1.534507490862168977e+00,6.034162468144753433e+00,3.071825259121456746e-03
5.410000000000003695e-01,-9.769994467244503822e-01,2.524676667384693207e-01,1.572073697385482305e+00,6.024578448231914685e+00,3.077513822743170938e-03
5.420000000000003704e-01,-9.754086143451149438e-01,2.584873565395774953e-01,1.609581152025419959e+00,6.014762533618878138e+00,3.083202386355599588e-03
5.430000000000003713e-01,-9.737803044734629765e-01,2.644971146226626213e-01,1.647028447652120198e+00,6.004715070585478820e+00,3.088890949958725349e-03
5.440000000000003721e-01,-9.721145779712966339e-01,2.704967096158759632e-01,1.684414179002392542e+00,5.994436413646824668e+00,3.094579513552531309e-03
5.450000000000003730e-01,-9.704114971047295146e-01,2.764859105059983002e-01,1.721736942724142017e+00,5.983926925545463682e+00,3.100268077137000120e-03
5.460000000000003739e-01,-9.686711255422533196e-01,2.824644866466632376e-01,1.758995337420790728e+00,5.973186977243366336e+00,3.105956640712114868e-03
5.470000000000003748e-01,-9.668935283527598790e-01,2.884322077665727457e-01,1.796187963695697887e+00,5.962216947913711707e+00,3.111645204277858207e-03
5.480000000000003757e-01,-9.650787720035193251e-01,2.943888439777040400e-01,1.833313424196575170e+00,5.951017224932484417e+00,3.117333767834212788e-03
5.490000000000003766e-01,-9.632269243581134122e-01,3.003341657835081890e-01,1.870370323659901413e+00,5.939588203869873517e+00,3.123022331381161698e-03
5.500000000000003775e-01,-9.613380546743244270e-01,3.062679440870998415e-01,1.907357268955331753e+00,5.927930288481480403e+00,3.128710894918687591e-03
5.510000000000003784e-01,-9.594122336019799135e-01,3.121899501994382375e-01,1.944272869130104775e+00,5.916043890699333119e+00,3.134399458446773552e-03
5.520000000000003793e-01,-9.574495331807529874e-01,3.180999558474990607e-01,1.981115735453445437e+00,5.903929430622704366e+00,3.140088021965402234e-03
5.530000000000003801e-01,-9.554500268379180206e-01,3.239977331824369644e-01,2.017884481460964441e+00,5.891587336508734118e+00,3.145776585474556724e-03
5.540000000000003810e-01,-9.534137893860620272e-01,3.298830547877387165e-01,2.054577722999051836e+00,5.879018044762854167e+00,3.151465148974219675e-03
5.550000000000003819e-01,-9.513408970207517523e-01,3.357556936873665743e-01,2.091194078269269507e+00,5.866221999929020825e+00,3.157153712464373738e-03
5.560000000000003828e-01,-9.492314273181563511e-01,3.416154233538918894e-01,2.127732167872735225e+00,5.853199654679746899e+00,3.162842275945002002e-03
5.570000000000003837e-01,-9.470854592326255483e-01,3.474620177166185542e-01,2.164190614854503369e+00,5.839951469805933826e+00,3.168530839416087118e-03
5.580000000000003846e-01,-9.449030730942235001e-01,3.532952511696962894e-01,2.200568044747941876e+00,5.826477914206511066e+00,3.174219402877612173e-03
5.590000000000003855e-01,-9.426843506062184685e-01,3.591148985802233295e-01,2.236863085619099856e+00,5.812779464877871227e+00,3.179907966329559819e-03
5.600000000000003864e-01,-9.404293748425277544e-01,3.649207352963385609e-01,2.273074368111073884e+00,5.798856606903108002e+00,3.185596529771912711e-03
5.610000000000003872e-01,-9.381382302451186650e-01,3.707125371553027793e-01,2.309200525488363631e+00,5.784709833441050719e+00,3.191285093204653932e-03
5.620000000000003881e-01,-9.358110026213647403e-01,3.764900804915688459e-01,2.345240193681223939e+00,5.770339645715103494e+00,3.196973656627766572e-03
5.630000000000003890e-01,-9.334477791413579029e-01,3.822531421448405187e-01,2.381192011330009795e+00,5.755746553001875654e+00,3.202662220041232848e-03
5.640000000000003899e-01,-9.310486483351761988e-01,3.880014994681200147e-01,2.417054619829511974e+00,5.740931072619614994e+00,3.208350783445036280e-03
5.650000000000003908e-01,-9.286137000901072414e-01,3.937349303357436381e-01,2.452826663373287364e+00,5.725893729916434083e+00,3.214039346839159088e-03
5.660000000000003917e-01,-9.261430256478271339e-01,3.994532131514059170e-01,2.488506788997979502e+00,5.710635058258338503e+00,3.219727910223584358e-03
5.670000000000003926e-01,-9.236367176015354286e-01,4.051561268561710838e-01,2.524093646627632914e+00,5.695155599017041936e+00,3.225416473598295176e-03
5.680000000000003935e-01,-9.210948698930454537e-01,4.108434509364728981e-01,2.559585889117995894e+00,5.679455901557583175e+00,3.231105036963274196e-03
5.690000000000003944e-01,-9.185175778098304544e-01,4.165149654321015915e-01,2.594982172300815737e+00,5.663536523225736197e+00,3.236793600318504070e-03
5.700000000000003952e-01,-9.159049379820255465e-01,4.221704509441781550e-01,2.630281155028125095e+00,5.647398029335208847e+00,3.242482163663967885e-03
5.710000000000003961e-01,-9.132570483793851501e-01,4.278096886431158596e-01,2.665481499216516337e+00,5.631040993154640795e+00,3.248170726999648292e-03
5.720000000000003970e-01,-9.105740083081963476e-01,4.334324602765685652e-01,2.700581869891405695e+00,5.614465995894387440e+00,3.253859290325528380e-03
5.730000000000003979e-01,-9.078559184081480549e-01,4.390385481773658172e-01,2.735580935231288535e+00,5.597673626693100424e+00,3.259547853641590800e-03
5.740000000000003988e-01,-9.051028806491555612e-01,4.446277352714342324e-01,2.770477366611979964e+00,5.580664482604092314e+00,3.265236416947818205e-03
5.750000000000003997e-01,-9.023149983281414377e-01,4.501998050857053957e-01,2.805269838650846115e+00,5.563439168581497896e+00,3.270924980244193682e-03
5.760000000000004006e-01,-8.994923760657714817e-01,4.557545417560094902e-01,2.839957029251021670e+00,5.545998297466218752e+00,3.276613543530699883e-03
5.770000000000004015e-01,-8.966351198031472514e-01,4.612917300349551053e-01,2.874537619645613606e+00,5.528342489971658225e+00,3.282302106807319896e-03
5.780000000000004023e-01,-8.937433367984537469e-01,4.668111552997944447e-01,2.909010294441893407e+00,5.510472374669243223e+00,3.287990670074036371e-03
5.790000000000004032e-01,-8.908171356235631277e-01,4.723126035602740469e-01,2.943373741665474608e+00,5.492388587973733749e+00,3.293679233330832398e-03
5.800000000000004041e-01,-8.878566261605944643e-01,4.777958614664706838e-01,2.977626652804473029e+00,5.474091774128316601e+00,3.299367796577690626e-03
5.810000000000004050e-01,-8.848619195984289698e-01,4.832607163166122155e-01,3.011767722853656792e+00,5.455582585189485911e+00,3.305056359814593711e-03
5.820000000000004059e-01,-8.818331284291813787e-01,4.887069560648832911e-01,3.045795650358575024e+00,5.436861681011704306e+00,3.310744923041524738e-03
5.830000000000004068e-01,-8.787703664446272489e-01,4.941343693292155059e-01,3.079709137459674562e+00,5.417929729231852676e+00,3.316433486258466359e-03
5.840000000000004077e-01,-8.756737487325856328e-01,4.995427453990619604e-01,3.113506889936396682e+00,5.398787405253457905e+00,3.322122049465401662e-03
5.850000000000004086e-01,-8.725433916732585615e-01,5.049318742431559981e-01,3.147187617251258729e+00,5.379435392230703883e+00,3.327810612662313299e-03
5.860000000000004095e-01,-8.693794129355253419e-01,5.103015465172537901e-01,3.180750032593913978e+00,5.359874381052224024e+00,3.333499175849183923e-03
5.870000000000004103e-01,-8.661819314731940000e-01,5.156515535718604326e-01,3.214192852925195520e+00,5.340105070324675296e+00,3.339187739025996620e-03
5.880000000000004112e-01,-8.629510675212075377e-01,5.209816874599397796e-01,3.247514799021139709e+00,5.320128166356087540e+00,3.344876302192734477e-03
5.890000000000004121e-01,-8.596869425918072238e-01,5.262917409446074002e-01,3.280714595516988741e+00,5.299944383138993409e+00,3.350564865349379712e-03
5.900000000000004130e-01,-8.563896794706509219e-01,5.315815075068065498e-01,3.313790970951171477e+00,5.279554442333337150e+00,3.356253428495915847e-03
5.910000000000004139e-01,-8.530594022128883402e-01,5.368507813529668216e-01,3.346742657809264276e+00,5.258959073249159566e+00,3.361941991632325100e-03
5.920000000000004148e-01,-8.496962361391916518e-01,5.420993574226458112e-01,3.379568392567927404e+00,5.238159012829054717e+00,3.367630554758590557e-03
5.930000000000004157e-01,-8.463003078317424821e-01,5.473270313961523525e-01,3.412266915738820128e+00,5.217155005630410791e+00,3.373319117874695305e-03
5.940000000000004166e-01,-8.428717451301751540e-01,5.525335997021527668e-01,3.444836971912489165e+00,5.195947803807414722e+00,3.379007680980621996e-03
5.950000000000004174e-01,-8.394106771274755241e-01,5.577188595252583481e-01,3.477277309802234928e+00,5.174538167092837426e+00,3.384696244076353285e-03
5.960000000000004183e-01,-8.359172341658366312e-01,5.628826088135946426e-01,3.509586682287950232e+00,5.152926862779589001e+00,3.390384807161872256e-03
5.970000000000004192e-01,-8.323915478324701578e-01,5.680246462863525192e-01,3.541763846459933252e+00,5.131114665702045663e+00,3.396073370237161562e-03
5.980000000000004201e-01,-8.288337509553738158e-01,5.731447714413200334e-01,3.573807563662672049e+00,5.109102358217148421e+00,3.401761933302203857e-03
5.990000000000004210e-01,-8.252439775990556559e-01,5.782427845623956397e-01,3.605716599538603351e+00,5.086890730185269049e+00,3.407450496356982227e-03
6.000000000000004219e-01,-8.216223630602140782e-01,5.833184867270816421e-01,3.637489724071839792e+00,5.064480578950848688e+00,3.413139059401479759e-03
6.010000000000004228e-01,-8.179690438633742122e-01,5.883716798139587700e-01,3.669125711631867404e+00,5.041872709322802848e+00,3.418827622435679104e-03
6.020000000000004237e-01,-8.142841577564809974e-01,5.934021665101405496e-01,3.700623341017213797e+00,5.019067933554691940e+00,3.424516185459562916e-03
6.030000000000004245e-01,-8.105678437064479658e-01,5.984097503187082445e-01,3.731981395499083476e+00,4.996067071324662656e+00,3.430204748473114282e-03
6.040000000000004254e-01,-8.068202418946630594e-01,6.033942355661249257e-01,3.763198662864960742e+00,4.972870949715150424e+00,3.435893311476315853e-03
6.050000000000004263e-01,-8.030414937124504826e-01,6.083554274096297787e-01,3.794273935462178393e+00,4.949480403192349165e+00,3.441581874469150284e-03
6.060000000000004272e-01,-7.992317417564889226e-01,6.132931318446113167e-01,3.825206010241451349e+00,4.925896273585444796e+00,3.447270437451600660e-03
6.070000000000004281e-01,-7.953911298241864714e-01,6.182071557119601657e-01,3.855993688800376962e+00,4.902119410065608918e+00,3.452959000423650067e-03
6.080000000000004290e-01,-7.915198029090123599e-01,6.230973067054002001e-01,3.886635777426895810e+00,4.878150669124759808e+00,3.458647563385281159e-03
6.090000000000004299e-01,-7.876179071957842837e-01,6.279633933787985844e-01,3.917131087142716517e+00,4.853990914554078273e+00,3.464336126336476588e-03
6.100000000000004308e-01,-7.836855900559134280e-01,6.328052251534542760e-01,3.947478433746700155e+00,4.829641017422290794e+00,3.470024689277219441e-03
6.110000000000004317e-01,-7.797230000426055296e-01,6.376226123253646572e-01,3.977676637858207798e+00,4.805101856053703990e+00,3.475713252207492370e-03
6.120000000000004325e-01,-7.757302868860185274e-01,6.424153660724698511e-01,4.007724524960404544e+00,4.780374316006005486e+00,3.481401815127278029e-03
6.130000000000004334e-01,-7.717076014883773594e-01,6.471832984618751672e-01,4.037620925443521358e+00,4.755459290047817866e+00,3.487090378036559503e-03
6.140000000000004343e-01,-7.676550959190452383e-01,6.519262224570504527e-01,4.067364674648075606e+00,4.730357678136010158e+00,3.492778940935319879e-03
6.150000000000004352e-01,-7.635729234095516293e-01,6.566439519250070189e-01,4.096954612908048077e+00,4.705070387392765952e+00,3.498467503823541377e-03
6.160000000000004361e-01,-7.594612383485772611e-01,6.613363016434514741e-01,4.126389585594009368e+00,4.679598332082406387e+00,3.504156066701207516e-03
6.170000000000004370e-01,-7.553201962768961719e-01,6.660030873079159086e-01,4.155668443156207204e+00,4.653942433587967997e+00,3.509844629568300515e-03
6.180000000000004379e-01,-7.511499538822743460e-01,6.706441255388649880e-01,4.184790041167600450e+00,4.628103620387530981e+00,3.515533192424803461e-03
6.190000000000004388e-01,-7.469506689943254951e-01,6.752592338887791756e-01,4.213753240366845176e+00,4.602082828030304995e+00,3.521221755270699440e-03
6.200000000000004396e-01,-7.427225005793239854e-01,6.798482308492134196e-01,4.242556906701232755e+00,4.575880999112460934e+00,3.526910318105971106e-03
6.210000000000004405e-01,-7.384656087349745768e-01,6.844109358578323032e-01,4.271199911369574664e+00,4.549499083252718457e+00,3.532598880930601110e-03
6.220000000000004414e-01,-7.341801546851398630e-01,6.889471693054202150e-01,4.299681130865033118e+00,4.522938037067679495e+00,3.538287443744572540e-03
6.230000000000004423e-01,-7.298663007745240794e-01,6.934567525428664281e-01,4.327999447017902845e+00,4.496198824146913076e+00,3.543976006547868048e-03
6.240000000000004432e-01,-7.255242104633147227e-01,6.979395078881260872e-01,4.356153747038330692e+00,4.469282415027787891e+00,3.549664569340470720e-03
6.250000000000004441e-01,-7.211540483217816488e-01,7.023952586331548842e-01,4.384142923558985494e+00,4.442189787170051751e+00,3.555353132122363209e-03
6.260000000000004450e-01,-7.167559800248329838e-01,7.068238290508188637e-01,4.411965874677663990e+00,4.414921924930157893e+00,3.561041694893528169e-03
6.270000000000004459e-01,-7.123301723465286228e-01,7.112250444017779172e-01,4.439621503999842567e+00,4.387479819535336389e+00,3.566730257653948685e-03
6.280000000000004468e-01,-7.078767931545515424e-01,7.155987309413437414e-01,4.467108720681163270e+00,4.359864469057412428e+00,3.572418820403607410e-03
6.290000000000004476e-01,-7.033960114046363676e-01,7.199447159263112628e-01,4.494426439469862977e+00,4.332076878386364349e+00,3.578107383142487431e-03
6.300000000000004485e-01,-6.988879971349553077e-01,7.242628276217630834e-01,4.521573580749135068e+00,4.304118059203629443e+00,3.583795945870571400e-03
6.310000000000004494e-01,-6.943529214604625688e-01,7.285528953078480585e-01,4.548549070579427145e+00,4.275989029955150400e+00,3.589484508587842404e-03
6.320000000000004503e-01,-6.897909565671954679e-01,7.328147492865316748e-01,4.575351840740673914e+00,4.247690815824161525e+00,3.595173071294283096e-03
6.330000000000004512e-01,-6.852022757065342473e-01,7.370482208883200048e-01,4.601980828774461685e+00,4.219224448703718267e+00,3.600861633989876128e-03
6.340000000000004521e-01,-6.805870531894190334e-01,7.412531424789554624e-01,4.628434978026121804e+00,4.190590967168965619e+00,3.606550196674604587e-03
6.350000000000004530e-01,-6.759454643805252738e-01,7.454293474660850238e-01,4.654713237686753935e+00,4.161791416449145409e+00,3.612238759348451126e-03
6.360000000000004539e-01,-6.712776856923969859e-01,7.495766703059001390e-01,4.680814562835180048e+00,4.132826848399341557e+00,3.617927322011398831e-03
6.370000000000004547e-01,-6.665838945795380388e-01,7.536949465097485534e-01,4.706737914479818485e+00,4.103698321471966004e+00,3.623615884663430355e-03
6.380000000000004556e-01,-6.618642695324616909e-01,7.577840126507169316e-01,4.732482259600489627e+00,4.074406900687976396e+00,3.629304447304528350e-03
6.390000000000004565e-01,-6.571189900716982724e-01,7.618437063701851697e-01,4.758046571190138074e+00,4.044953657607833541e+00,3.634993009934675903e-03
6.400000000000004574e-01,-6.523482367417611227e-01,7.658738663843511763e-01,4.783429828296481112e+00,4.015339670302192410e+00,3.640681572553856101e-03
6.410000000000004583e-01,-6.475521911050714507e-01,7.698743324907262320e-01,4.808631016063571906e+00,3.985566023322328899e+00,3.646370135162051596e-03
6.420000000000004592e-01,-6.427310357358406723e-01,7.738449455746009287e-01,4.833649125773287203e+00,3.955633807670299706e+00,3.652058697759245041e-03
6.430000000000004601e-01,-6.378849542139123363e-01,7.777855476154805769e-01,4.858483154886724442e+00,3.925544120768834855e+00,3.657747260345419089e-03
6.440000000000004610e-01,-6.330141311185618624e-01,7.816959816934910821e-01,4.883132107085518925e+00,3.895298066430962880e+00,3.663435822920557260e-03
6.450000000000004619e-01,-6.281187520222558662e-01,7.855760919957536226e-01,4.907594992313072169e+00,3.864896754829368675e+00,3.669124385484641773e-03
6.460000000000004627e-01,-6.231990034843692960e-01,7.894257238227291307e-01,4.931870826815690556e+00,3.834341302465480439e+00,3.674812948037655715e-03
6.470000000000004636e-01,-6.182550730448623799e-01,7.932447235945312425e-01,4.955958633183635165e+00,3.803632832138287512e+00,3.680501510579581737e-03
6.480000000000004645e-01,-6.132871492179160500e-01,7.970329388572084950e-01,4.979857440392077450e+00,3.772772472912888642e+00,3.686190073110402927e-03
6.490000000000004654e-01,-6.082954214855263997e-01,8.007902182889941045e-01,5.003566283841963447e+00,3.741761360088767585e+00,3.691878635630101938e-03
6.500000000000004663e-01,-6.032800802910588400e-01,8.045164117065247700e-01,5.027084205400780270e+00,3.710600635167798256e+00,3.697567198138661856e-03
6.510000000000004672e-01,-5.982413170327610663e-01,8.082113700710268356e-01,5.050410253443225805e+00,3.679291445821975870e+00,3.703255760636065333e-03
6.520000000000004681e-01,-5.931793240572355019e-01,8.118749454944701460e-01,5.073543482891778922e+00,3.647834945860877642e+00,3.708944323122295023e-03
6.530000000000004690e-01,-5.880942946528714410e-01,8.155069912456892611e-01,5.096482955257168435e+00,3.616232295198845925e+00,3.714632885597334011e-03
6.540000000000004698e-01,-5.829864230432364458e-01,8.191073617564716969e-01,5.119227738678739037e+00,3.584484659821900010e+00,3.720321448061165385e-03
6.550000000000004707e-01,-5.778559043804275541e-01,8.226759126276128598e-01,5.141776907964711540e+00,3.552593211754372149e+00,3.726010010513771363e-03
6.560000000000004716e-01,-5.727029347383825186e-01,8.262125006349376743e-01,5.164129544632336533e+00,3.520559129025267797e+00,3.731698572955135032e-03
6.570000000000004725e-01,-5.675277111061506341e-01,8.297169837352883492e-01,5.186284736947939678e+00,3.488383595634348744e+00,3.737387135385239478e-03
6.580000000000004734e-01,-5.623304313811237076e-01,8.331892210724779479e-01,5.208241579966855994e+00,3.456067801517941795e+00,3.743075697804067355e-03
6.590000000000004743e-01,-5.571112943622270608e-01,8.366290729832097650e-01,5.229999175573249559e+00,3.423612942514468127e+00,3.748764260211601314e-03
6.600000000000004752e-01,-5.518704997430707859e-01,8.400364010029621742e-01,5.251556632519823076e+00,3.391020220329695078e+00,3.754452822607824442e-03
6.610000000000004761e-01,-5.466082481050617004e-01,8.434110678718382825e-01,5.272913066467403986e+00,3.358290842501711726e+00,3.760141384992719826e-03
6.620000000000004770e-01,-5.413247409104752217e-01,8.467529375403809455e-01,5.294067600024418674e+00,3.325426022365621570e+00,3.765829947366269685e-03
6.630000000000004778e-01,-5.360201804954880522e-01,8.500618751753515889e-01,5.315019362786240542e+00,3.292426979017960331e+00,3.771518509728457105e-03
6.640000000000004787e-01,-5.306947700631716724e-01,8.533377471654741697e-01,5.335767491374418192e+00,3.259294937280829974e+00,3.777207072079265173e-03
6.650000000000004796e-01,-5.253487136764468657e-01,8.565804211271422774e-01,5.356311129475776589e+00,3.226031127665755172e+00,3.782895634418676541e-03
6.660000000000004805e-01,-5.199822162509984969e-01,8.597897659100907086e-01,5.376649427881393883e+00,3.192636786337258226e+00,3.788584196746673863e-03
6.670000000000004814e-01,-5.145954835481519885e-01,8.629656516030299596e-01,5.396781544525445895e+00,3.159113155076150647e+00,3.794272759063240224e-03
6.680000000000004823e-01,-5.091887221677111608e-01,8.661079495392440819e-01,5.416706644523921810e+00,3.125461481242547190e+00,3.799961321368358277e-03
6.690000000000004832e-01,-5.037621395407565483e-01,8.692165323021514567e-01,5.436423900213206650e+00,3.091683017738593886e+00,3.805649883662011110e-03
6.700000000000004841e-01,-4.983159439224063569e-01,8.722912737308278208e-01,5.455932491188523414e+00,3.057779022970915861e+00,3.811338445944181374e-03
6.710000000000004849e-01,-4.928503443845380083e-01,8.753320489254921011e-01,5.475231604342243763e+00,3.023750760812781380e+00,3.817027008214852156e-03
6.720000000000004858e-01,-4.873655508084721033e-01,8.783387342529540565e-01,5.494320433902056600e+00,2.989599500565983448e+00,3.822715570474005675e-03
6.730000000000004867e-01,-4.818617738776180826e-01,8.813112073520232848e-01,5.513198181468990100e+00,2.955326516922437197e+00,3.828404132721625452e-03
6.740000000000004876e-01,-4.763392250700818620e-01,8.842493471388804815e-01,5.531864056055296963e+00,2.920933089925492609e+00,3.834092694957694138e-03
6.750000000000004885e-01,-4.707981166512357762e-01,8.871530338124090642e-01,5.550317274122186895e+00,2.886420504930966136e+00,3.839781257182194388e-03
6.760000000000004894e-01,-4.652386616662507746e-01,8.900221488594881603e-01,5.568557059617411653e+00,2.851790052567884093e+00,3.845469819395108853e-03
6.770000000000004903e-01,-4.596610739325912576e-01,8.928565750602460716e-01,5.586582644012700882e+00,2.817043028698943186e+00,3.851158381596420620e-03
6.780000000000004912e-01,-4.540655680324722776e-01,8.956561964932741038e-01,5.604393266341040736e+00,2.782180734380686804e+00,3.856846943786112775e-03
6.790000000000004921e-01,-4.484523593052798240e-01,8.984208985408002057e-01,5.621988173233802399e+00,2.747204475823393999e+00,3.862535505964167972e-03
6.800000000000004929e-01,-4.428216638399539717e-01,9.011505678938228625e-01,5.639366618957703636e+00,2.712115564350685126e+00,3.868224068130568863e-03
6.810000000000004938e-01,-4.371736984673350035e-01,9.038450925572036887e-01,5.656527865451619341e+00,2.676915316358840169e+00,3.873912630285298534e-03
6.820000000000004947e-01,-4.315086807524730061e-01,9.065043618547199422e-01,5.673471182363221565e+00,2.641605053275832837e+00,3.879601192428339639e-03
6.830000000000004956e-01,-4.258268289869007739e-01,9.091282664340755160e-01,5.690195847085458780e+00,2.606186101520076903e+00,3.885289754559675263e-03
6.840000000000004965e-01,-4.201283621808703517e-01,9.117166982718706292e-01,5.706701144792865499e+00,2.570659792458888315e+00,3.890978316679288059e-03
6.850000000000004974e-01,-4.144135000555534409e-01,9.142695506785299964e-01,5.722986368477703145e+00,2.535027462366659545e+00,3.896666878787160681e-03
6.860000000000004983e-01,-4.086824630352055565e-01,9.167867183031884748e-01,5.739050818985925062e+00,2.499290452382749272e+00,3.902355440883276214e-03
6.870000000000004992e-01,-4.029354722392945454e-01,9.192680971385353006e-01,5.754893805052970990e+00,2.463450108469083411e+00,3.908044002967617746e-03
6.880000000000005000e-01,-3.971727494745932452e-01,9.217135845256151372e-01,5.770514643339379468e+00,2.427507781367472806e+00,3.913732565040167061e-03
6.890000000000005009e-01,-3.913945172272366158e-01,9.241230791585863802e-01,5.785912658466226155e+00,2.391464826556640944e+00,3.919421127100908113e-03
6.900000000000005018e-01,-3.856009986547435098e-01,9.264964810894367186e-01,5.801087183050373852e+00,2.355322604208968329e+00,3.925109689149823555e-03
6.910000000000005027e-01,-3.797924175780034717e-01,9.288336917326548425e-01,5.816037557739538677e+00,2.319082479146948650e+00,3.930798251186896040e-03
6.920000000000005036e-01,-3.739689984732283978e-01,9.311346138698587405e-01,5.830763131247172382e+00,2.282745820799359393e+00,3.936486813212108221e-03
6.930000000000005045e-01,-3.681309664638692802e-01,9.333991516543800326e-01,5.845263260387151050e+00,2.246314003157146022e+00,3.942175375225442750e-03
6.940000000000005054e-01,-3.622785473124987554e-01,9.356272106158037838e-01,5.859537310108271946e+00,2.209788404729018829e+00,3.947863937226883148e-03
6.950000000000005063e-01,-3.564119674126589032e-01,9.378186976644641293e-01,5.873584653528557631e+00,2.173170408496766015e+00,3.953552499216412067e-03
6.960000000000005071e-01,-3.505314537806748509e-01,9.399735210958947151e-01,5.887404671969357572e+00,2.136461401870277665e+00,3.959241061194012160e-03
6.970000000000005080e-01,-3.446372340474346263e-01,9.420915905952343961e-01,5.900996754989254356e+00,2.099662776642287287e+00,3.964929623159666079e-03
6.980000000000005089e-01,-3.387295364501350381e-01,9.441728172415870812e-01,5.914360300417762950e+00,2.062775928942824688e+00,3.970618185113357346e-03
6.990000000000005098e-01,-3.328085898239939167e-01,9.462171135123363941e-01,5.927494714388828356e+00,2.025802259193385968e+00,3.976306747055067745e-03
7.000000000000005107e-01,-3.268746235939291034e-01,9.482243932874139247e-01,5.940399411374111871e+00,1.988743172060815967e+00,3.981995308984780796e-03
7.010000000000005116e-01,-3.209278677662040224e-01,9.501945718535215191e-01,5.953073814216066850e+00,1.951600076410908047e+00,3.987683870902479152e-03
7.020000000000005125e-01,-3.149685529200406675e-01,9.521275659083067167e-01,5.965517354160803976e+00,1.914374385261717215e+00,3.993372432808146334e-03
7.030000000000005134e-01,-3.089969101991993927e-01,9.540232935644917811e-01,5.977729470890737140e+00,1.877067515736590586e+00,3.999060994701764127e-03
7.040000000000005143e-01,-3.030131713035265073e-01,9.558816743539553240e-01,5.989709612557011731e+00,1.839680889016912291e+00,4.004749556583316050e-03
7.050000000000005151e-01,-2.970175684804693961e-01,9.577026292317665224e-01,6.001457235811709978e+00,1.802215930294566393e+00,4.010438118452784757e-03
7.060000000000005160e-01,-2.910103345165594990e-01,9.594860805801717074e-01,6.012971805839835149e+00,1.764674068724114697e+00,4.016126680310152901e-03
7.070000000000005169e-01,-2.849917027288636495e-01,9.612319522125331028e-01,6.024252796391067477e+00,1.727056737374693673e+00,4.021815242155403133e-03
7.080000000000005178e-01,-2.789619069564033826e-01,9.629401693772193793e-01,6.035299689811288282e+00,1.689365373181627383e+00,4.027503803988518975e-03
7.090000000000005187e-01,-2.729211815515433237e-01,9.646106587614471373e-01,6.046111977073874044e+00,1.651601416897759522e+00,4.033192365809483079e-03
7.100000000000005196e-01,-2.668697613713479355e-01,9.662433484950743168e-01,6.056689157810756008e+00,1.613766313044503020e+00,4.038880927618278098e-03
7.110000000000005205e-01,-2.608078817689076789e-01,9.678381681543439807e-01,6.067030740343238193e+00,1.575861509862610310e+00,4.044569489414886684e-03
7.120000000000005214e-01,-2.547357785846342537e-01,9.693950487655790260e-01,6.077136241712579157e+00,1.537888459262661378e+00,4.050258051199291491e-03
7.130000000000005222e-01,-2.486536881375254471e-01,9.709139228088271567e-01,6.087005187710328613e+00,1.499848616775273813e+00,4.055946612971476038e-03
7.140000000000005231e-01,-2.425618472163998673e-01,9.723947242214557862e-01,6.096637112908415368e+00,1.461743441501032192e+00,4.061635174731422979e-03
7.150000000000005240e-01,-2.364604930711014796e-01,9.738373884016969795e-01,6.106031560688990112e+00,1.423574396060140135e+00,4.067323736479114965e-03
7.160000000000005249e-01,-2.303498634036747206e-01,9.752418522121417688e-01,6.115188083274015085e+00,1.385342946541793463e+00,4.073012298214534650e-03
7.170000000000005258e-01,-2.242301963595098868e-01,9.766080539831836216e-01,6.124106241754597946e+00,1.347050562453277811e+00,4.078700859937665554e-03
7.180000000000005267e-01,-2.181017305184594635e-01,9.779359335164109490e-01,6.132785606120068067e+00,1.308698716668787343e+00,4.084389421648489463e-03
7.190000000000005276e-01,-2.119647048859255034e-01,9.792254320879485441e-01,6.141225755286796151e+00,1.270288885377970800e+00,4.090077983346989896e-03
7.200000000000005285e-01,-2.058193588839182520e-01,9.804764924517469504e-01,6.149426277126745610e+00,1.231822548034199771e+00,4.095766545033149506e-03
7.210000000000005294e-01,-1.996659323420863774e-01,9.816890588428202058e-01,6.157386768495761942e+00,1.193301187302565403e+00,4.101455106706951813e-03
7.220000000000005302e-01,-1.935046654887190853e-01,9.828630769804317380e-01,6.165106835261590312e+00,1.154726289007599771e+00,4.107143668368378603e-03
7.230000000000005311e-01,-1.873357989417203384e-01,9.839984940712270811e-01,6.172586092331625807e+00,1.116099342080727030e+00,4.112832230017413396e-03
7.240000000000005320e-01,-1.811595736995553763e-01,9.850952588123148557e-01,6.179824163680383009e+00,1.077421838507440999e+00,4.118520791654038844e-03
7.250000000000005329e-01,-1.749762311321700625e-01,9.861533213942941245e-01,6.186820682376693803e+00,1.038695273274214070e+00,4.124209353278237601e-03
7.260000000000005338e-01,-1.687860129718830038e-01,9.871726335042284584e-01,6.193575290610622730e+00,9.999211443151355683e-01,4.129897914889993187e-03
7.270000000000005347e-01,-1.625891613042510508e-01,9.881531483285671547e-01,6.200087639720099020e+00,9.611009524582820873e-01,4.135586476489287386e-03
7.280000000000005356e-01,-1.563859185589081824e-01,9.890948205560120554e-01,6.206357390217260850e+00,9.222362013718199414e-01,4.141275038076103719e-03
7.290000000000005365e-01,-1.501765275003782985e-01,9.899976063803307413e-01,6.212384211814515389e+00,8.833283975098419338e-01,4.146963599650424839e-03
7.300000000000005373e-01,-1.439612312188619792e-01,9.908614635031151030e-01,6.218167783450303077e+00,8.443790500579377856e-01,4.152652161212233399e-03
7.310000000000005382e-01,-1.377402731209977083e-01,9.916863511364857331e-01,6.223707793314569692e+00,8.053896708785016623e-01,4.158340722761512918e-03
7.320000000000005391e-01,-1.315138969205977837e-01,9.924722300057409186e-01,6.229003938873937329e+00,7.663617744557755795e-01,4.164029284298245183e-03
7.330000000000005400e-01,-1.252823466293591925e-01,9.932190623519513428e-01,6.234055926896578725e+00,7.272968778406315726e-01,4.169717845822413713e-03
7.340000000000005409e-01,-1.190458665475497141e-01,9.939268119344986108e-01,6.238863473476787824e+00,6.881965005950932968e-01,4.175406407334001160e-03
7.350000000000005418e-01,-1.128047012546696259e-01,9.945954440335587066e-01,6.243426304059241261e+00,6.490621647365982794e-01,4.181094968832991046e-03
7.360000000000005427e-01,-1.065590956000893458e-01,9.952249254525294964e-01,6.247744153462952532e+00,6.098953946820017125e-01,4.186783530319365156e-03
7.370000000000005436e-01,-1.003092946936632729e-01,9.958152245204020536e-01,6.251816765904915307e+00,5.706977171913243385e-01,4.192472091793107009e-03
7.380000000000005445e-01,-9.405554389632007906e-02,9.963663110940753631e-01,6.255643895023427881e+00,5.314706613112446520e-01,4.198160653254199258e-03
7.390000000000005453e-01,-8.779808881062987902e-02,9.968781565606148476e-01,6.259225303901104098e+00,4.922157583183369156e-01,4.203849214702624557e-03
7.400000000000005462e-01,-8.153717527134854426e-02,9.973507338394538291e-01,6.262560765087560988e+00,4.529345416620570441e-01,4.209537776138365557e-03
7.410000000000005471e-01,-7.527304933593950698e-02,9.977840173845374805e-01,6.265650060621783091e+00,4.136285469074773014e-01,4.215226337561405780e-03
7.420000000000005480e-01,-6.900595727507333188e-02,9.981779831864100450e-01,6.268492982054160834e+00,3.742993116777716400e-01,4.220914898971727877e-03
7.430000000000005489e-01,-6.273614556310541657e-02,9.985326087742437684e-01,6.271089330468197609e+00,3.349483755964527965e-01,4.226603460369314502e-03
7.440000000000005498e-01,-5.646386086853220909e-02,9.988478732178105446e-01,6.273438916501886453e+00,2.955772802293631929e-01,4.232292021754148308e-03
7.450000000000005507e-01,-5.018935004442611619e-02,9.991237571293950515e-01,6.275541560368750105e+00,2.561875690264207583e-01,4.237980583126211946e-03
7.460000000000005516e-01,-4.391286011884962259e-02,9.993602426656494897e-01,6.277397091878541779e+00,2.167807872631218880e-01,4.243669144485488938e-03
7.470000000000005524e-01,-3.763463828524884341e-02,9.995573135293898126e-01,6.279005350457608436e+00,1.773584819818026515e-01,4.249357705831961936e-03
7.480000000000005533e-01,-3.135493189282690524e-02,9.997149549713333361e-01,6.280366185168906767e+00,1.379222019326602211e-01,4.255046267165613592e-03
7.490000000000005542e-01,-2.507398843689744722e-02,9.998331537917767298e-01,6.281479454731671019e+00,9.847349751453632338e-02,4.260734828486426561e-03
7.500000000000005551e-01,-1.879205554921868290e-02,9.999118983422150553e-01,6.282345027540735316e+00,5.901392071546430335e-02,4.266423389794384360e-03
7.510000000000005560e-01,-1.250938098830826906e-02,9.999511785269011854e-01,6.282962781685500708e+00,1.954502505298183479e-02,4.272111951089468777e-03
7.520000000000005569e-01,-6.226212629739410857e-03,9.999509858043452715e-01,6.283332604968544288e+00,-1.993163448578912783e-02,4.277800512371663332e-03
7.530000000000005578e-01,5.720154358147301610e-05,9.999113131887543693e-01,6.283454394923875697e+00,-5.941450150429310184e-02,4.283489073640950676e-03
7.540000000000005587e-01,6.340613451155161992e-03,9.998321552514116695e-01,6.283328058834825036e+00,-9.890201825692059023e-02,4.289177634897314330e-03
7.550000000000005596e-01,1.262377492464774112e-02,9.997135081219952202e-01,6.282953513751573738e+00,-1.383926257096144974e-01,4.294866196140736080e-03
7.560000000000005604e-01,1.890643771766606709e-02,9.995553694898360320e-01,6.282330686508311501e+00,-1.778847636007015454e-01,4.300554757371199445e-03
7.570000000000005613e-01,2.518835351555020682e-02,9.993577386051152311e-01,6.281459513740027312e+00,-2.173768705019463177e-01,4.306243318588687079e-03
7.580000000000005622e-01,3.146927394518246601e-02,9.991206162799998181e-01,6.280339941898929190e+00,-2.568673838798262721e-01,4.311931879793181634e-03
7.590000000000005631e-01,3.774895058481267385e-02,9.988440048897173629e-01,6.278971927270482922e+00,-2.963547401570253981e-01,4.317620440984666630e-03
7.600000000000005640e-01,4.402713497389929009e-02,9.985279083735690842e-01,6.277355435989075083e+00,-3.358373747741444371e-01,4.323309002163123853e-03
7.610000000000005649e-01,5.030357862296601368e-02,9.981723322358806438e-01,6.275490444053297701e+00,-3.753137222516254035e-01,4.328997563328536823e-03
7.620000000000005658e-01,5.657803302347345215e-02,9.977772835468916579e-01,6.273376937340842119e+00,-4.147822162518885469e-01,4.334686124480888192e-03
7.630000000000005667e-01,6.285024965770552585e-02,9.973427709435821464e-01,6.271014911623012722e+00,-4.542412896416788137e-01,4.340374685620160614e-03
7.640000000000005675e-01,6.911998000867014547e-02,9.968688046304373662e-01,6.268404372578846306e+00,-4.936893745546204748e-01,4.346063246746337608e-03
7.650000000000005684e-01,7.538697557001389216e-02,9.963553963801493607e-01,6.265545335808839766e+00,-5.331249024539767012e-01,4.351751807859400960e-03
7.660000000000005693e-01,8.165098785595012454e-02,9.958025595342556713e-01,6.262437826848284317e+00,-5.725463041956122545e-01,4.357440368959334190e-03
7.670000000000005702e-01,8.791176841120029728e-02,9.952103090037155431e-01,6.259081881180200035e+00,-6.119520100911570726e-01,4.363128930046119951e-03
7.680000000000005711e-01,9.416906882094798481e-02,9.945786612694222928e-01,6.255477544247869837e+00,-6.513404499713674189e-01,4.368817491119741762e-03
7.690000000000005720e-01,1.004226407208052702e-01,9.939076343826523940e-01,6.251624871466970212e+00,-6.907100532496833756e-01,4.374506052180181410e-03
7.700000000000005729e-01,1.066722358067909993e-01,9.931972479654509467e-01,6.247523928237294299e+00,-7.300592489859791812e-01,4.380194613227422415e-03
7.710000000000005738e-01,1.129176058453205816e-01,9.924475232109534195e-01,6.243174789954068160e+00,-7.693864659505045278e-01,4.385883174261447429e-03
7.720000000000005747e-01,1.191585026832069627e-01,9.916584828836431109e-01,6.238577542018853173e+00,-8.086901326880134855e-01,4.391571735282239104e-03
7.730000000000005755e-01,1.253946782576721708e-01,9.908301513195444388e-01,6.233732279850036306e+00,-8.479686775820796107e-01,4.397260296289780095e-03
7.740000000000005764e-01,1.316258846063692867e-01,9.899625544263520593e-01,6.228639108892901177e+00,-8.872205289195934652e-01,4.402948857284053920e-03
7.750000000000005773e-01,1.378518738774141272e-01,9.890557196834951492e-01,6.223298144629279882e+00,-9.264441149554405452e-01,4.408637418265042365e-03
7.760000000000005782e-01,1.440723983394265051e-01,9.881096761421369612e-01,6.217709512586782949e+00,-9.656378639773565142e-01,4.414325979232728951e-03
7.770000000000005791e-01,1.502872103915803836e-01,9.871244544251094322e-01,6.211873348347603851e+00,-1.004800204370957184e+00,4.420014540187097198e-03
7.780000000000005800e-01,1.564960625736627753e-01,9.861000867267829539e-01,6.205789797556897192e+00,-1.043929564684940914e+00,4.425703101128128890e-03
7.790000000000005809e-01,1.626987075761406054e-01,9.850366068128701968e-01,6.199459015930724348e+00,-1.083024373696459097e+00,4.431391662055807548e-03
7.800000000000005818e-01,1.688948982502354867e-01,9.839340500201653184e-01,6.192881169263568353e+00,-1.122083060476654293e+00,4.437080222970115825e-03
7.810000000000005826e-01,1.750843876180056824e-01,9.827924532562170024e-01,6.186056433435410895e+00,-1.161104054456360224e+00,4.442768783871036374e-03
7.820000000000005835e-01,1.812669288824349800e-01,9.816118549989357733e-01,6.178984994418375010e+00,-1.200085785491963319e+00,4.448457344758551847e-03
7.830000000000005844e-01,1.874422754375279776e-01,9.803922952961353632e-01,6.171667048282924561e+00,-1.239026683931421458e+00,4.454145905632644897e-03
7.840000000000005853e-01,1.936101808784112810e-01,9.791338157650083529e-01,6.164102801203622306e+00,-1.277925180680436812e+00,4.459834466493299045e-03
7.850000000000005862e-01,1.997703990114403916e-01,9.778364595915350899e-01,6.156292469464442085e+00,-1.316779707268780575e+00,4.465523027340496942e-03
7.860000000000005871e-01,2.059226838643115065e-01,9.765002715298264357e-01,6.148236279463630716e+00,-1.355588695916765563e+00,4.471211588174221242e-03
7.870000000000005880e-01,2.120667896961780652e-01,9.751252979013999012e-01,6.139934467718125788e+00,-1.394350579601864926e+00,4.476900148994454598e-03
7.880000000000005889e-01,2.182024710077714591e-01,9.737115865943890558e-01,6.131387280867512501e+00,-1.433063792125471414e+00,4.482588709801180529e-03
7.890000000000005898e-01,2.243294825515254887e-01,9.722591870626863253e-01,6.122594975677533746e+00,-1.471726768179797640e+00,4.488277270594381689e-03
7.900000000000005906e-01,2.304475793417040397e-01,9.707681503250186195e-01,6.113557819043135666e+00,-1.510337943414909789e+00,4.493965831374040730e-03
7.910000000000005915e-01,2.365565166645316741e-01,9.692385289639557922e-01,6.104276087991057587e+00,-1.548895754505895894e+00,4.499654392140140305e-03
7.920000000000005924e-01,2.426560500883264415e-01,9.676703771248520436e-01,6.094750069681959204e+00,-1.587398639220161556e+00,4.505342952892663066e-03
7.930000000000005933e-01,2.487459354736347716e-01,9.660637505147200432e-01,6.084980061412081476e+00,-1.625845036484852235e+00,4.511031513631592535e-03
7.940000000000005942e-01,2.548259289833676444e-01,9.644187064010372179e-01,6.074966370614441225e+00,-1.664233386454398778e+00,4.516720074356910496e-03
7.950000000000005951e-01,2.608957870929377032e-01,9.627353036104847606e-01,6.064709314859560330e+00,-1.702562130578180621e+00,4.522408635068600469e-03
7.960000000000005960e-01,2.669552666003970898e-01,9.610136025276188043e-01,6.054209221855717971e+00,-1.740829711668305579e+00,4.528097195766645974e-03
7.970000000000005969e-01,2.730041246365749741e-01,9.592536650934736508e-01,6.043466429448732136e+00,-1.779034573967501309e+00,4.533785756451028798e-03
7.980000000000005977e-01,2.790421186752148341e-01,9.574555548040972752e-01,6.032481285621268619e+00,-1.817175163217116474e+00,4.539474317121732459e-03
7.990000000000005986e-01,2.850690065431107922e-01,9.556193367090186630e-01,6.021254148491665070e+00,-1.855249926725226040e+00,4.545162877778739612e-03
8.000000000000005995e-01,2.910845464302425079e-01,9.537450774096468686e-01,6.009785386312282540e+00,-1.893257313434838496e+00,4.550851438422032907e-03
8.010000000000006004e-01,2.970884968999080722e-01,9.518328450576021282e-01,5.998075377467370295e+00,-1.931195773992201659e+00,4.556539999051595000e-03
8.020000000000006013e-01,3.030806168988547378e-01,9.498827093529781385e-01,5.986124510470446580e+00,-1.969063760815202624e+00,4.562228559667408541e-03
8.030000000000006022e-01,3.090606657674065949e-01,9.478947415425365008e-01,5.973933183961197990e+00,-2.006859728161857870e+00,4.567917120269457051e-03
8.040000000000006031e-01,3.150284032495891395e-01,9.458690144178321102e-01,5.961501806701884121e+00,-2.044582132198891067e+00,4.573605680857723184e-03
8.050000000000006040e-01,3.209835895032496222e-01,9.438056023132701533e-01,5.948830797573257279e+00,-2.082229431070394821e+00,4.579294241432189591e-03
8.060000000000006048e-01,3.269259851101734560e-01,9.417045811040943848e-01,5.935920585569987473e+00,-2.119800084966570797e+00,4.584982801992839793e-03
8.070000000000006057e-01,3.328553510861955722e-01,9.395660282043067912e-01,5.922771609795594472e+00,-2.157292556192546673e+00,4.590671362539655576e-03
8.080000000000006066e-01,3.387714488913065591e-01,9.373900225645178663e-01,5.909384319456883361e+00,-2.194705309237263702e+00,4.596359923072620458e-03
8.090000000000006075e-01,3.446740404397529711e-01,9.351766446697287183e-01,5.895759173857882729e+00,-2.232036810842434882e+00,4.602048483591717094e-03
8.100000000000006084e-01,3.505628881101311989e-01,9.329259765370434554e-01,5.881896642393283692e+00,-2.269285530071564416e+00,4.607737044096928136e-03
8.110000000000006093e-01,3.564377547554748449e-01,9.306381017133130706e-01,5.867797204541376210e+00,-2.306449938379030229e+00,4.613425604588236237e-03
8.120000000000006102e-01,3.622984037133344382e-01,9.283131052727098265e-01,5.853461349856484475e+00,-2.343528509679221106e+00,4.619114165065624916e-03
8.130000000000006111e-01,3.681445988158494886e-01,9.259510738142329167e-01,5.838889577960895139e+00,-2.380519720415726681e+00,4.624802725529076827e-03
8.140000000000006120e-01,3.739761043998122148e-01,9.235520954591445175e-01,5.824082398536280181e+00,-2.417422049630576719e+00,4.630491285978574623e-03
8.150000000000006128e-01,3.797926853167224448e-01,9.211162598483364494e-01,5.809040331314612615e+00,-2.454233979033523916e+00,4.636179846414100955e-03
8.160000000000006137e-01,3.855941069428331924e-01,9.186436581396283385e-01,5.793763906068568836e+00,-2.490953993071366668e+00,4.641868406835639345e-03
8.170000000000006146e-01,3.913801351891862401e-01,9.161343830049952786e-01,5.778253662601423812e+00,-2.527580578997309591e+00,4.647556967243171577e-03
8.180000000000006155e-01,3.971505365116375641e-01,9.135885286277273254e-01,5.762510150736432024e+00,-2.564112226940355566e+00,4.653245527636681173e-03
8.190000000000006164e-01,4.029050779208718236e-01,9.110061906995186032e-01,5.746533930305691484e+00,-2.600547429974723990e+00,4.658934088016150783e-03
8.200000000000006173e-01,4.086435269924052482e-01,9.083874664174874658e-01,5.730325571138494389e+00,-2.636884684189295669e+00,4.664622648381563930e-03
8.210000000000006182e-01,4.143656518765770347e-01,9.057324544811270473e-01,5.713885653049160851e+00,-2.673122488757076365e+00,4.670311208732902397e-03
8.220000000000006191e-01,4.200712213085278646e-01,9.030412550891865342e-01,5.697214765824351268e+00,-2.709259346004674107e+00,4.675999769070149706e-03
8.230000000000006199e-01,4.257600046181658215e-01,9.003139699364827164e-01,5.680313509209860889e+00,-2.745293761481789385e+00,4.681688329393288509e-03
8.240000000000006208e-01,4.314317717401186525e-01,8.975507022106422594e-01,5.663182492896889464e+00,-2.781224244030712445e+00,4.687376889702301458e-03
8.250000000000006217e-01,4.370862932236720400e-01,8.947515565887742550e-01,5.645822336507794859e+00,-2.817049305855821917e+00,4.693065449997171207e-03
8.260000000000006226e-01,4.427233402426934972e-01,8.919166392340733829e-01,5.628233669581313769e+00,-2.852767462593081227e+00,4.698754010277881275e-03
8.270000000000006235e-01,4.483426846055411086e-01,8.890460577923536833e-01,5.610417131557264625e+00,-2.888377233379531006e+00,4.704442570544414316e-03
8.280000000000006244e-01,4.539440987649567272e-01,8.861399213885124970e-01,5.592373371760721135e+00,-2.923877140922768625e+00,4.710131130796752982e-03
8.290000000000006253e-01,4.595273558279431847e-01,8.831983406229254596e-01,5.574103049385657371e+00,-2.959265711570414847e+00,4.715819691034879926e-03
8.300000000000006262e-01,4.650922295656246264e-01,8.802214275677716637e-01,5.555606833478064388e+00,-2.994541475379558726e+00,4.721508251258777801e-03
8.310000000000006271e-01,4.706384944230900258e-01,8.772092957632894317e-01,5.536885402918540144e+00,-3.029702966186180291e+00,4.727196811468430127e-03
8.320000000000006279e-01,4.761659255292188253e-01,8.741620602139628105e-01,5.517939446404344750e+00,-3.064748721674544374e+00,4.732885371663819556e-03
8.330000000000006288e-01,4.816742987064883130e-01,8.710798373846383447e-01,5.498769662430927241e+00,-3.099677283446562459e+00,4.738573931844928741e-03
8.340000000000006297e-01,4.871633904807624593e-01,8.679627451965731266e-01,5.479376759272916786e+00,-3.134487197091115007e+00,4.744262492011740336e-03
8.350000000000006306e-01,4.926329780910613798e-01,8.648109030234129024e-01,5.459761454964582761e+00,-3.169177012253334258e+00,4.749951052164237859e-03
8.360000000000006315e-01,4.980828394993108699e-01,8.616244316871014552e-01,5.439924477279760140e+00,-3.203745282703838182e+00,4.755639612302403098e-03
8.370000000000006324e-01,5.035127534000717331e-01,8.584034534537201555e-01,5.419866563711240204e+00,-3.238190566407915139e+00,4.761328172426219571e-03
8.380000000000006333e-01,5.089224992302484596e-01,8.551480920292592325e-01,5.399588461449622123e+00,-3.272511425594652579e+00,4.767016732535669932e-03
8.390000000000006342e-01,5.143118571787758109e-01,8.518584725553188797e-01,5.379090927361633412e+00,-3.306706426826003575e+00,4.772705292630737700e-03
8.400000000000006350e-01,5.196806081962841439e-01,8.485347216047423036e-01,5.358374727967909479e+00,-3.340774141065791181e+00,4.778393852711404662e-03
8.410000000000006359e-01,5.250285340047420313e-01,8.451769671771792725e-01,5.337440639420235833e+00,-3.374713143748639954e+00,4.784082412777654336e-03
8.420000000000006368e-01,5.303554171070756773e-01,8.417853386945806093e-01,5.316289447478252050e+00,-3.408522014848836434e+00,4.789770972829469377e-03
8.430000000000006377e-01,5.356610407967649090e-01,8.383599669966246282e-01,5.294921947485617508e+00,-3.442199338949106568e+00,4.795459532866832436e-03
8.440000000000006386e-01,5.409451891674151858e-01,8.349009843360738481e-01,5.273338944345639767e+00,-3.475743705309313203e+00,4.801148092889726167e-03
8.450000000000006395e-01,5.462076471223046292e-01,8.314085243740639841e-01,5.251541252496356726e+00,-3.509153707935061650e+00,4.806836652898134089e-03
8.460000000000006404e-01,5.514482003839062951e-01,8.278827221753235488e-01,5.229529695885085872e+00,-3.542427945646215104e+00,4.812525212892038856e-03
8.470000000000006413e-01,5.566666355033842439e-01,8.243237142033255083e-01,5.207305107942429956e+00,-3.575565022145308802e+00,4.818213772871423120e-03
8.480000000000006422e-01,5.618627398700638542e-01,8.207316383153706596e-01,5.184868331555740006e+00,-3.608563546085862495e+00,4.823902332836269534e-03
8.490000000000006430e-01,5.670363017208749357e-01,8.171066337576022853e-01,5.162220219042040981e+00,-3.641422131140585883e+00,4.829590892786560750e-03
8.500000000000006439e-01,5.721871101497676415e-01,8.134488411599530844e-01,5.139361632120412970e+00,-3.674139396069469932e+00,4.835279452722280290e-03
8.510000000000006448e-01,5.773149551171006255e-01,8.097584025310236022e-01,5.116293441883834170e+00,-3.706713964787762716e+00,4.840968012643410805e-03
8.520000000000006457e-01,5.824196274590005551e-01,8.060354612528933815e-01,5.093016528770479390e+00,-3.739144466433820924e+00,4.846656572549934948e-03
8.530000000000006466e-01,5.875009188966925366e-01,8.022801620758637231e-01,5.069531782534480335e+00,-3.771429535436835234e+00,4.852345132441835372e-03
8.540000000000006475e-01,5.925586220458014530e-01,7.984926511131331672e-01,5.045840102216141432e+00,-3.803567811584422476e+00,4.858033692319095598e-03
8.550000000000006484e-01,5.975925304256229920e-01,7.946730758354054736e-01,5.021942396111615636e+00,-3.835557940090083218e+00,4.863722252181698277e-03
8.560000000000006493e-01,6.026024384683641433e-01,7.908215850654297663e-01,4.997839581742038462e+00,-3.867398571660515483e+00,4.869410812029626064e-03
8.570000000000006501e-01,6.075881415283523879e-01,7.869383289724738439e-01,4.973532585822122876e+00,-3.899088362562781018e+00,4.875099371862861609e-03
8.580000000000006510e-01,6.125494358912134674e-01,7.830234590667304317e-01,4.949022344228208858e+00,-3.930625974691322799e+00,4.880787931681387568e-03
8.590000000000006519e-01,6.174861187830167353e-01,7.790771281936561543e-01,4.924309801965778277e+00,-3.962010075634822215e+00,4.886476491485187458e-03
8.600000000000006528e-01,6.223979883793878676e-01,7.750994905282441172e-01,4.899395913136424419e+00,-3.993239338742898159e+00,4.892165051274243066e-03
8.610000000000006537e-01,6.272848438145881556e-01,7.710907015692296529e-01,4.874281640904284174e+00,-4.024312443192635591e+00,4.897853611048537913e-03
8.620000000000006546e-01,6.321464851905601590e-01,7.670509181332294535e-01,4.848967957461928435e+00,-4.055228074054947562e+00,4.903542170808055517e-03
8.630000000000006555e-01,6.369827135859388312e-01,7.629802983488149781e-01,4.823455843995717807e+00,-4.085984922360755611e+00,4.909230730552777665e-03
8.640000000000006564e-01,6.417933310650277834e-01,7.588790016505191360e-01,4.797746290650613865e+00,-4.116581685166990745e+00,4.914919290282687876e-03
8.650000000000006573e-01,6.465781406867399106e-01,7.547471887727775774e-01,4.771840296494456624e+00,-4.147017065622410570e+00,4.920607849997767937e-03
8.660000000000006581e-01,6.513369465135023795e-01,7.505850217438038152e-01,4.745738869481703759e+00,-4.177289773033219689e+00,4.926296409698002234e-03
8.670000000000006590e-01,6.560695536201248679e-01,7.463926638793991764e-01,4.719443026416632492e+00,-4.207398522928498252e+00,4.931984969383372552e-03
8.680000000000006599e-01,6.607757681026306118e-01,7.421702797766973614e-01,4.692953792916005007e+00,-4.237342037125426231e+00,4.937673529053861546e-03
8.690000000000006608e-01,6.654553970870500379e-01,7.379180353078436116e-01,4.666272203371200078e+00,-4.267119043794302513e+00,4.943362088709452734e-03
8.700000000000006617e-01,6.701082487381764263e-01,7.336360976136094836e-01,4.639399300909810897e+00,-4.296728277523352624e+00,4.949050648350128770e-03
8.710000000000006626e-01,6.747341322682824938e-01,7.293246350969423419e-01,4.612336137356707333e+00,-4.326168479383317056e+00,4.954739207975872306e-03
8.720000000000006635e-01,6.793328579457980076e-01,7.249838174164506821e-01,4.585083773194565282e+00,-4.355438396991822891e+00,4.960427767586665995e-03
8.730000000000006644e-01,6.839042371039477652e-01,7.206138154798251705e-01,4.557643277523868441e+00,-4.384536784577525381e+00,4.966116327182493358e-03
8.740000000000006652e-01,6.884480821493490499e-01,7.162148014371957361e-01,4.530015728022375399e+00,-4.413462403044018600e+00,4.971804886763337046e-03
8.750000000000006661e-01,6.929642065705683418e-01,7.117869486744247132e-01,4.502202210904060919e+00,-4.442214020033510735e+00,4.977493446329179713e-03
8.760000000000006670e-01,6.974524249466370618e-01,7.073304318063364793e-01,4.474203820877524329e+00,-4.470790409990256009e+00,4.983182005880004012e-03
8.770000000000006679e-01,7.019125529555247933e-01,7.028454266698836994e-01,4.446021661103876532e+00,-4.499190354223740584e+00,4.988870565415792595e-03
8.780000000000006688e-01,7.063444073825709824e-01,6.983321103172507316e-01,4.417656843154096791e+00,-4.527412640971618885e+00,4.994559124936528982e-03
8.790000000000006697e-01,7.107478061288730053e-01,6.937906610088941939e-01,4.389110486965868141e+00,-4.555456065462389681e+00,5.000247684442194959e-03
8.800000000000006706e-01,7.151225682196309386e-01,6.892212582065205817e-01,4.360383720799888785e+00,-4.583319429977811943e+00,5.005936243932774046e-03
8.810000000000006715e-01,7.194685138124486956e-01,6.846240825660022677e-01,4.331477681195660345e+00,-4.611001543915056011e+00,5.011624803408249763e-03
8.820000000000006724e-01,7.237854642055906451e-01,6.799993159302308854e-01,4.302393512926758312e+00,-4.638501223848580324e+00,5.017313362868603896e-03
8.830000000000006732e-01,7.280732418461927091e-01,6.753471413219092057e-01,4.273132368955583793e+00,-4.665817293591733694e+00,5.023001922313819964e-03
8.840000000000006741e-01,7.323316703384287196e-01,6.706677429362817300e-01,4.243695410387596567e+00,-4.692948584258074263e+00,5.028690481743880621e-03
8.850000000000006750e-01,7.365605744516301456e-01,6.659613061338038875e-01,4.214083806425033885e+00,-4.719893934322401563e+00,5.034379041158768518e-03
8.860000000000006759e-01,7.407597801283597461e-01,6.612280174327502813e-01,4.184298734320115898e+00,-4.746652189681499046e+00,5.040067600558466310e-03
8.870000000000006768e-01,7.449291144924375940e-01,6.564680645017626492e-01,4.154341379327739503e+00,-4.773222203714579059e+00,5.045756159942957515e-03
8.880000000000006777e-01,7.490684058569202497e-01,6.516816361523370960e-01,4.124212934657662366e+00,-4.799602837343424966e+00,5.051444719312223920e-03
8.890000000000006786e-01,7.531774837320314164e-01,6.468689223312518166e-01,4.093914601426177136e+00,-4.825792959092229495e+00,5.057133278666249045e-03
8.900000000000006795e-01,7.572561788330438581e-01,6.420301141129347577e-01,4.063447588607280281e+00,-4.851791445147118687e+00,5.062821838005015541e-03
8.910000000000006803e-01,7.613043230881126888e-01,6.371654036917719921e-01,4.032813112983338222e+00,-4.877597179415361417e+00,5.068510397328506931e-03
8.920000000000006812e-01,7.653217496460589242e-01,6.322749843743573628e-01,4.002012399095248973e+00,-4.903209053584257404e+00,5.074198956636704998e-03
8.930000000000006821e-01,7.693082928841026291e-01,6.273590505716829524e-01,3.971046679192105078e+00,-4.928625967179700140e+00,5.079887515929593263e-03
8.940000000000006830e-01,7.732637884155461050e-01,6.224177977912712656e-01,3.939917193180359156e+00,-4.953846827624404092e+00,5.085576075207154378e-03
8.950000000000006839e-01,7.771880730974052298e-01,6.174514226292496799e-01,3.908625188572491638e+00,-4.978870550295803277e+00,5.091264634469370998e-03
8.960000000000006848e-01,7.810809850379899499e-01,6.124601227623666100e-01,3.877171920435187324e+00,-5.003696058583602557e+00,5.096953193716226641e-03
8.970000000000006857e-01,7.849423636044320363e-01,6.074440969399510504e-01,3.845558651337019018e+00,-5.028322283946986104e+00,5.102641752947703092e-03
8.980000000000006866e-01,7.887720494301609930e-01,6.024035449758140537e-01,3.813786651295643093e+00,-5.052748165971475913e+00,5.108330312163783873e-03
8.990000000000006875e-01,7.925698844223262318e-01,5.973386677400946976e-01,3.781857197724508346e+00,-5.076972652425434163e+00,5.114018871364451636e-03
9.000000000000006883e-01,7.963357117691661768e-01,5.922496671510486532e-01,3.749771575379082567e+00,-5.100994699316205860e+00,5.119707430549689034e-03
9.010000000000006892e-01,8.000693759473231914e-01,5.871367461667816867e-01,3.717531076302595050e+00,-5.124813270945895560e+00,5.125395989719479586e-03
9.020000000000006901e-01,8.037707227291037704e-01,5.820001087769268722e-01,3.685136999771301713e+00,-5.148427339966774596e+00,5.131084548873805079e-03
9.030000000000006910e-01,8.074395991896843316e-01,5.768399599942669598e-01,3.652590652239275038e+00,-5.171835887436317059e+00,5.136773108012649032e-03
9.040000000000006919e-01,8.110758537142610525e-01,5.716565058463018989e-01,3.619893347282718832e+00,-5.195037902871851188e+00,5.142461667135994098e-03
9.050000000000006928e-01,8.146793360051440835e-01,5.664499533667617381e-01,3.587046405543813155e+00,-5.218032384304831517e+00,5.148150226243823797e-03
9.060000000000006937e-01,8.182498970887950307e-01,5.612205105870654576e-01,3.554051154674090718e+00,-5.240818338334721105e+00,5.153838785336119915e-03
9.070000000000006946e-01,8.217873893228080373e-01,5.559683865277263992e-01,3.520908929277349220e+00,-5.263394780182478527e+00,5.159527344412865972e-03
9.080000000000006954e-01,8.252916664028332461e-01,5.506937911897040738e-01,3.487621070852101379e+00,-5.285760733743651407e+00,5.165215903474044620e-03
9.090000000000006963e-01,8.287625833694424182e-01,5.453969355457030099e-01,3.454188927733564007e+00,-5.307915231641063158e+00,5.170904462519638513e-03
9.100000000000006972e-01,8.321999966149364880e-01,5.400780315314196445e-01,3.420613855035193662e+00,-5.329857315277093832e+00,5.176593021549630302e-03
9.110000000000006981e-01,8.356037638900947195e-01,5.347372920367364779e-01,3.386897214589767113e+00,-5.351586034885553289e+00,5.182281580564003509e-03
9.120000000000006990e-01,8.389737443108638004e-01,5.293749308968651590e-01,3.353040374890012831e+00,-5.373100449583130711e+00,5.187970139562740786e-03
9.130000000000006999e-01,8.423097983649883158e-01,5.239911628834378332e-01,3.319044711028795280e+00,-5.394399627420431997e+00,5.193658698545824785e-03
9.140000000000007008e-01,8.456117879185808262e-01,5.185862036955479759e-01,3.284911604638855120e+00,-5.415482645432583730e+00,5.199347257513238160e-03
9.150000000000007017e-01,8.488795762226311048e-01,5.131602699507409326e-01,3.250642443832111095e+00,-5.436348589689414368e+00,5.205035816464963563e-03
9.160000000000007025e-01,8.521130279194549795e-01,5.077135791759538330e-01,3.216238623138521824e+00,-5.456996555345196676e+00,5.210724375400984515e-03
9.170000000000007034e-01,8.553120090490817784e-01,5.022463497984069880e-01,3.181701543444516389e+00,-5.477425646687955840e+00,5.216412934321283668e-03
9.180000000000007043e-01,8.584763870555796039e-01,4.967588011364453271e-01,3.147032611930994150e+00,-5.497634977188329053e+00,5.222101493225843674e-03
9.190000000000007052e-01,8.616060307933186557e-01,4.912511533903316518e-01,3.112233242010897794e+00,-5.517623669547984555e+00,5.227790052114647187e-03
9.200000000000007061e-01,8.647008105331719374e-01,4.857236276329915947e-01,3.077304853266362716e+00,-5.537390855747583274e+00,5.233478610987677727e-03
9.210000000000007070e-01,8.677605979686529025e-01,4.801764458007107828e-01,3.042248871385447639e+00,-5.556935677094290149e+00,5.239167169844917947e-03
9.220000000000007079e-01,8.707852662219894846e-01,4.746098306837848169e-01,3.007066728098448216e+00,-5.576257284268818282e+00,5.244855728686349632e-03
9.230000000000007088e-01,8.737746898501342896e-01,4.690240059171223996e-01,2.971759861113799417e+00,-5.595354837372017442e+00,5.250544287511957169e-03
9.240000000000007097e-01,8.767287448507106173e-01,4.634191959708021114e-01,2.936329714053569795e+00,-5.614227505970986520e+00,5.256232846321722343e-03
9.250000000000007105e-01,8.796473086678935349e-01,4.577956261405831673e-01,2.900777736388548078e+00,-5.632874469144718788e+00,5.261921405115627809e-03
9.260000000000007114e-01,8.825302601982262241e-01,4.521535225383710999e-01,2.865105383372933190e+00,-5.651294915529264884e+00,5.267609963893657085e-03
9.270000000000007123e-01,8.853774797963702703e-01,4.464931120826381994e-01,2.829314115978623700e+00,-5.669488043362421514e+00,5.273298522655792825e-03
9.280000000000007132e-01,8.881888492807905600e-01,4.408146224887996012e-01,2.793405400829115148e+00,-5.687453060527929871e+00,5.278987081402017681e-03
9.290000000000007141e-01,8.909642519393735638e-01,4.351182822595455191e-01,2.757380710133009227e+00,-5.705189184599188224e+00,5.284675640132315173e-03
9.300000000000007150e-01,8.937035725349790072e-01,4.294043206751299580e-01,2.721241521617137060e+00,-5.722695642882469791e+00,5.290364198846667088e-03
9.310000000000007159e-01,8.964066973109245939e-01,4.236729677836163499e-01,2.684989318459300112e+00,-5.739971672459644125e+00,5.296052757545056944e-03
9.320000000000007168e-01,8.990735139964031175e-01,4.179244543910808907e-01,2.648625589220636734e+00,-5.757016520230398449e+00,5.301741316227467395e-03
9.330000000000007176e-01,9.017039118118319596e-01,4.121590120517736877e-01,2.612151827777614344e+00,-5.773829442953956281e+00,5.307429874893881093e-03
9.340000000000007185e-01,9.042977814741339770e-01,4.063768730582387190e-01,2.575569533253653010e+00,-5.790409707290280927e+00,5.313118433544281559e-03
9.350000000000007194e-01,9.068550152019504429e-01,4.005782704313926579e-01,2.538880209950384437e+00,-5.806756589840775362e+00,5.318806992178651445e-03
9.360000000000007203e-01,9.093755067207845988e-01,3.947634379105632862e-01,2.502085367278552575e+00,-5.822869377188458984e+00,5.324495550796972537e-03
9.370000000000007212e-01,9.118591512680760403e-01,3.889326099434879946e-01,2.465186519688556732e+00,-5.838747365937630995e+00,5.330184109399229223e-03
9.380000000000007221e-01,9.143058455982054911e-01,3.830860216762729809e-01,2.428185186600643419e+00,-5.854389862753004437e+00,5.335872667985403286e-03
9.390000000000007230e-01,9.167154879874295226e-01,3.772239089433132575e-01,2.391082892334753129e+00,-5.869796184398316186e+00,5.341561226555477382e-03
9.400000000000007239e-01,9.190879782387453290e-01,3.713465082571748566e-01,2.353881166040021622e+00,-5.884965657774408498e+00,5.347249785109435029e-03
9.410000000000007248e-01,9.214232176866842261e-01,3.654540567984386756e-01,2.316581541623947249e+00,-5.899897619956772310e+00,5.352938343647258880e-03
9.420000000000007256e-01,9.237211092020345404e-01,3.595467924055073539e-01,2.279185557681220775e+00,-5.914591418232555853e+00,5.358626902168931588e-03
9.430000000000007265e-01,9.259815571964932213e-01,3.536249535643753439e-01,2.241694757422229678e+00,-5.929046410137030598e+00,5.364315460674436674e-03
9.440000000000007274e-01,9.282044676272455108e-01,3.476887793983627906e-01,2.204110688601236046e+00,-5.943261963489514521e+00,5.370004019163755922e-03
9.450000000000007283e-01,9.303897480014727828e-01,3.417385096578137160e-01,2.166434903444236948e+00,-5.957237456428747358e+00,5.375692577636872853e-03
9.460000000000007292e-01,9.325373073807879942e-01,3.357743847097591772e-01,2.128668958576509063e+00,-5.970972277447711640e+00,5.381381136093770119e-03
9.470000000000007301e-01,9.346470563855988622e-01,3.297966455275457842e-01,2.090814414949841993e+00,-5.984465825427903951e+00,5.387069694534430374e-03
9.480000000000007310e-01,9.367189071993976546e-01,3.238055336804304130e-01,2.052872837769469605e+00,-5.997717509673047509e+00,5.392758252958837137e-03
9.490000000000007319e-01,9.387527735729781497e-01,3.178012913231411662e-01,2.014845796420698054e+00,-6.010726749942242542e+00,5.398446811366972194e-03
9.500000000000007327e-01,9.407485708285785453e-01,3.117841611854057504e-01,1.976734864395240043e+00,-6.023492976482551775e+00,5.404135369758819064e-03
9.510000000000007336e-01,9.427062158639513134e-01,3.057543865614475997e-01,1.938541619217257317e+00,-6.036015630061022819e+00,5.409823928134360402e-03
9.520000000000007345e-01,9.446256271563584495e-01,2.997122112994498044e-01,1.900267642369118715e+00,-6.048294161996139451e+00,5.415512486493578859e-03
9.530000000000007354e-01,9.465067247664922245e-01,2.936578797909885075e-01,1.861914519216876895e+00,-6.060328034188698254e+00,5.421201044836457955e-03
9.540000000000007363e-01,9.483494303423216643e-01,2.875916369604351597e-01,1.823483838935469503e+00,-6.072116719152110598e+00,5.426889603162980344e-03
9.550000000000007372e-01,9.501536671228640873e-01,2.815137282543291319e-01,1.784977194433649439e+00,-6.083659700042125529e+00,5.432578161473128678e-03
9.560000000000007381e-01,9.519193599418809271e-01,2.754243996307206843e-01,1.746396182278650233e+00,-6.094956470685973571e+00,5.438266719766885610e-03
9.570000000000007390e-01,9.536464352314986126e-01,2.693238975484851805e-01,1.707742402620591404e+00,-6.106006535610923436e+00,5.443955278044233792e-03
9.580000000000007399e-01,9.553348210257536222e-01,2.632124689566090470e-01,1.669017459116626911e+00,-6.116809410072251652e+00,5.449643836305156745e-03
9.590000000000007407e-01,9.569844469640613749e-01,2.570903612834479768e-01,1.630222958854845139e+00,-6.127364620080625990e+00,5.455332394549636255e-03
9.600000000000007416e-01,9.585952442946089613e-01,2.509578224259580992e-01,1.591360512277924188e+00,-6.137671702428893816e+00,5.461020952777655840e-03
9.610000000000007425e-01,9.601671458776717127e-01,2.448151007389006706e-01,1.552431733106546030e+00,-6.147730204718276248e+00,5.466709510989198155e-03
9.620000000000007434e-01,9.617000861888524987e-01,2.386624450240208695e-01,1.513438238262577951e+00,-6.157539685383964567e+00,5.472398069184246719e-03
9.630000000000007443e-01,9.631940013222445307e-01,2.325001045192012505e-01,1.474381647792023964e+00,-6.167099713720119780e+00,5.478086627362783317e-03
9.640000000000007452e-01,9.646488289935170046e-01,2.263283288875905241e-01,1.435263584787753732e+00,-6.176409869904266436e+00,5.483775185524791471e-03
9.650000000000007461e-01,9.660645085429232504e-01,2.201473682067082716e-01,1.396085675312011665e+00,-6.185469745021085153e+00,5.489463743670253831e-03
9.660000000000007470e-01,9.674409809382308323e-01,2.139574729575260958e-01,1.356849548318714627e+00,-6.194278941085594958e+00,5.495152301799153052e-03
9.670000000000007478e-01,9.687781887775749334e-01,2.077588940135260132e-01,1.317556835575541152e+00,-6.202837071065730790e+00,5.500840859911472654e-03
9.680000000000007487e-01,9.700760762922325808e-01,2.015518826297364452e-01,1.278209171585819481e+00,-6.211143758904308143e+00,5.506529418007195288e-03
9.690000000000007496e-01,9.713345893493194882e-01,1.953366904317466735e-01,1.238808193510218203e+00,-6.219198639540373108e+00,5.512217976086302741e-03
9.700000000000007505e-01,9.725536754544077400e-01,1.891135694047001159e-01,1.199355541088246602e+00,-6.227001358929939556e+00,5.517906534148779400e-03
9.710000000000007514e-01,9.737332837540658703e-01,1.828827718822673143e-01,1.159852856559568934e+00,-6.234551574066107271e+00,5.523595092194607051e-03
9.720000000000007523e-01,9.748733650383191174e-01,1.766445505355989654e-01,1.120301784585139293e+00,-6.241848952998563682e+00,5.529283650223768345e-03
9.730000000000007532e-01,9.759738717430314070e-01,1.703991583622599393e-01,1.080703972168161719e+00,-6.248893174852460319e+00,5.534972208236246805e-03
9.740000000000007541e-01,9.770347579522080661e-01,1.641468486751445910e-01,1.041061068574881787e+00,-6.255683929846671099e+00,5.540660766232025081e-03
9.750000000000007550e-01,9.780559794002190444e-01,1.578878750913741413e-01,1.001374725255214759e+00,-6.262220919311423550e+00,5.546349324211085827e-03
9.760000000000007558e-01,9.790374934739430879e-01,1.516224915211767943e-01,9.616465957632159833e-01,-6.268503855705302108e+00,5.552037882173412563e-03
9.770000000000007567e-01,9.799792592148316439e-01,1.453509521567511731e-01,9.218783356774004067e-01,-6.274532462631627894e+00,5.557726440118987074e-03
9.780000000000007576e-01,9.808812373208937174e-01,1.390735114611136025e-01,8.820716025209147659e-01,-6.280306474854206122e+00,5.563414998047792881e-03
9.790000000000007585e-01,9.817433901486005698e-01,1.327904241569300425e-01,8.422280556815698871e-01,-6.285825638312440233e+00,5.569103555959812636e-03
9.800000000000007594e-01,9.825656817147100375e-01,1.265019452153331725e-01,8.023493563317383170e-01,-6.291089710135820745e+00,5.574792113855028992e-03
9.810000000000007603e-01,9.833480776980114690e-01,1.202083298447253479e-01,7.624371673481223910e-01,-6.296098458657771957e+00,5.580480671733425470e-03
9.820000000000007612e-01,9.840905454409892839e-01,1.139098334795680123e-01,7.224931532313995097e-01,-6.300851663428869820e+00,5.586169229594983854e-03
9.830000000000007621e-01,9.847930539514072601e-01,1.076067117691581754e-01,6.825189800257493999e-01,-6.305349115229418544e+00,5.591857787439687665e-03
9.840000000000007629e-01,9.854555739038115547e-01,1.012992205663926781e-01,6.425163152382701304e-01,-6.309590616081392156e+00,5.597546345267519555e-03
9.850000000000007638e-01,9.860780776409531212e-01,9.498761591652082892e-02,6.024868277582878795e-01,-6.313575979259738347e+00,5.603234903078462177e-03
9.860000000000007647e-01,9.866605391751296361e-01,8.867215404588602023e-02,5.624321877765666722e-01,-6.317305029303039277e+00,5.608923460872499052e-03
9.870000000000007656e-01,9.872029341894468235e-01,8.235309135065704833e-02,5.223540667044237473e-01,-6.320777602023532005e+00,5.614612018649611964e-03
9.880000000000007665e-01,9.877052400389980669e-01,7.603068438554970443e-02,4.822541370927563298e-01,-6.323993544516489429e+00,5.620300576409784435e-03
9.890000000000007674e-01,9.881674357519637519e-01,6.970518985253931765e-02,4.421340725509859682e-01,-6.326952715168955521e+00,5.625989134152999983e-03
9.900000000000007683e-01,9.885895020306291192e-01,6.337686458956491575e-02,4.019955476659260452e-01,-6.329654983667837520e+00,5.631677691879240395e-03
9.910000000000007692e-01,9.889714212523210701e-01,5.704596555922552409e-02,3.618402379205782338e-01,-6.332100231007355973e+00,5.637366249588488323e-03
9.920000000000007701e-01,9.893131774702637049e-01,5.071274983746944937e-02,3.216698196128640608e-01,-6.334288349495844628e+00,5.643054807280727288e-03
9.930000000000007709e-01,9.896147564143527031e-01,4.437747460227701307e-02,2.814859697742973510e-01,-6.336219242761909953e+00,5.648743364955939941e-03
9.940000000000007718e-01,9.898761454918481029e-01,3.804039712233746318e-02,2.412903660886032697e-01,-6.337892825759940507e+00,5.654431922614108937e-03
9.950000000000007727e-01,9.900973337879859226e-01,3.170177474572072329e-02,2.010846868102900420e-01,-6.339309024774969714e+00,5.660120480255217794e-03
9.960000000000007736e-01,9.902783120665080707e-01,2.536186488854457258e-02,1.608706106831793436e-01,-6.340467777426892049e+00,5.665809037879248299e-03
9.970000000000007745e-01,9.904190727701108754e-01,1.902092502363795373e-02,1.206498168589010267e-01,-6.341369032674031736e+00,5.671497595486183971e-03
9.980000000000007754e-01,9.905196100208124577e-01,1.267921266920102319e-02,8.042398481535822929e-02,-6.342012750816061306e+00,5.677186153076007463e-03
9.990000000000007763e-01,9.905799196202378365e-01,6.336985377462622630e-03,4.019479427516890052e-02,-6.342398903496273554e+00,5.682874710648701429e-03
1.000000000000000666e+00,9.905999990498229879e-01,-5.499276664214930443e-06,-3.607487591063274213e-05,-6.342527473703202467e+00,5.688563268204249387e-03
