tau,x,y,u,v,theta1
0.000000000000000000e+00,9.978000000000000203e-01,-0.000000000000000000e+00,0.000000000000000000e+00,-6.297023553670819673e+00,0.000000000000000000e+00
1.000000000000000021e-03,9.977801737203388921e-01,-6.296981846250934017e-03,-3.965242713863224161e-02,-6.296898431829640153e+00,1.789626405540326500e-06
2.000000000000000042e-03,9.977206956744527622e-01,-1.259371345050978169e-02,-7.930326809001865540e-02,-6.296523071376904923e+00,3.579252811080039324e-06
3.000000000000000062e-03,9.976215682415977559e-01,-1.888994458092597972e-02,-1.189509367328554779e-01,-6.295897487524786840e+00,5.368879216618526704e-06
4.000000000000000083e-03,9.974827953870908370e-01,-2.518542502593157373e-02,-1.585938470777198961e-01,-6.295021705626168362e+00,7.158505622155174328e-06
5.000000000000000104e-03,9.973043826621450503e-01,-3.147990460438140209e-02,-1.982304133330027029e-01,-6.293895761173536663e+00,8.948132027689370638e-06
6.000000000000000125e-03,9.970863372036387062e-01,-3.777313317569196138e-02,-2.378590499708314876e-01,-6.292519699797432864e+00,1.073775843322050238e-05
7.000000000000000146e-03,9.968286677338185076e-01,-4.406486064997850588e-02,-2.774781717929812874e-01,-6.290893577264463410e+00,1.252738483874795462e-05
8.000000000000000167e-03,9.965313845599371723e-01,-5.035483699818994047e-02,-3.170861939967694609e-01,-6.289017459474864680e+00,1.431701124427111578e-05
9.000000000000001055e-03,9.961944995738248876e-01,-5.664281226224103516e-02,-3.566815322409319089e-01,-6.286891422459627066e+00,1.610663764978937263e-05
1.000000000000000194e-02,9.958180262513950387e-01,-6.292853656514156568e-02,-3.962626027114769522e-01,-6.284515552377179404e+00,1.789626405530211190e-05
1.100000000000000283e-02,9.954019796520837682e-01,-6.921176012112190135e-02,-4.358278221875144243e-01,-6.281889945509626649e+00,1.968589046080872204e-05
1.200000000000000372e-02,9.949463764182242542e-01,-7.549223324575463079e-02,-4.753756081070563688e-01,-6.279014708258549682e+00,2.147551686630858641e-05
1.300000000000000461e-02,9.944512347743547087e-01,-8.176970636607175380e-02,-5.149043786327863748e-01,-6.275889957140364572e+00,2.326514327180109515e-05
1.400000000000000550e-02,9.939165745264610941e-01,-8.804393003067698120e-02,-5.544125527177942159e-01,-6.272515818781236874e+00,2.505476967728563500e-05
1.500000000000000638e-02,9.933424170611536708e-01,-9.431465491985278893e-02,-5.938985501712733539e-01,-6.268892429911557151e+00,2.684439608276159271e-05
1.600000000000000727e-02,9.927287853447779309e-01,-1.005816318556616989e-01,-6.333607917241768082e-01,-6.265019937359978641e+00,2.863402248822835165e-05
1.700000000000000816e-02,9.920757039224603613e-01,-1.068446118120413568e-01,-6.727976990948300040e-01,-6.260898498047008154e+00,3.042364889368530194e-05
1.800000000000000905e-02,9.913831989170879266e-01,-1.131033459248930173e-01,-7.122076950544962148e-01,-6.256528278978164437e+00,3.221327529913183034e-05
1.900000000000000994e-02,9.906512980282228265e-01,-1.193575855021629384e-01,-7.515892034928914889e-01,-6.251909457236692447e+00,3.400290170456732699e-05
2.000000000000001082e-02,9.898800305309508607e-01,-1.256070820339162952e-01,-7.909406494836471735e-01,-6.247042219975839750e+00,3.579252810999117523e-05
2.100000000000001171e-02,9.890694272746650695e-01,-1.318515872024030866e-01,-8.302604593497152630e-01,-6.241926764410693274e+00,3.758215451540275844e-05
2.200000000000001260e-02,9.882195206817835365e-01,-1.380908528921158118e-01,-8.695470607287149045e-01,-6.236563297809580853e+00,3.937178092080147353e-05
2.300000000000001349e-02,9.873303447464022442e-01,-1.443246311998381548e-01,-9.087988826382158436e-01,-6.230952037485033124e+00,4.116140732618669707e-05
2.400000000000001438e-02,9.864019350328825375e-01,-1.505526744446844534e-01,-9.480143555409565881e-01,-6.225093210784305775e+00,4.295103373155781921e-05
2.500000000000001527e-02,9.854343286743731944e-01,-1.567747351781296206e-01,-9.871919114099935166e-01,-6.218987055079469251e+00,4.474066013691423008e-05
2.600000000000001615e-02,9.844275643712676604e-01,-1.629905661940287132e-01,-1.026329983793778267e+00,-6.212633817757062360e+00,4.653028654225531305e-05
2.700000000000001704e-02,9.833816823895962234e-01,-1.691999205386260918e-01,-1.065427007881160293e+00,-6.206033756207304464e+00,4.831991294758045824e-05
2.800000000000001793e-02,9.822967245593530183e-01,-1.754025515205535346e-01,-1.104481420566311156e+00,-6.199187137812879556e+00,5.010953935288904902e-05
2.900000000000001882e-02,9.811727342727583068e-01,-1.815982127208168873e-01,-1.143491660513568320e+00,-6.192094239937282474e+00,5.189916575818047552e-05
3.000000000000001971e-02,9.800097564824559182e-01,-1.877866580027708621e-01,-1.182456168222193460e+00,-6.184755349912732569e+00,5.368879216345412788e-05
3.100000000000002059e-02,9.788078376996460772e-01,-1.939676415220815686e-01,-1.221373386091045399e+00,-6.177170765027653054e+00,5.547841856870938947e-05
3.200000000000002148e-02,9.775670259921533933e-01,-2.001409177366762771e-01,-1.260241758483161334e+00,-6.169340792513717808e+00,5.726804497394564363e-05
3.300000000000002237e-02,9.762873709824304580e-01,-2.063062414166799974e-01,-1.299059731790245253e+00,-6.161265749532469194e+00,5.905767137916228052e-05
3.400000000000002326e-02,9.749689238454970486e-01,-2.124633676543384586e-01,-1.337825754497060204e+00,-6.152945963161502441e+00,6.084729778435868348e-05
3.500000000000002415e-02,9.736117373068148284e-01,-2.186120518739270990e-01,-1.376538277245720643e+00,-6.144381770380220154e+00,6.263692418953424265e-05
3.600000000000002504e-02,9.722158656400979870e-01,-2.247520498416455681e-01,-1.415195752899883086e+00,-6.135573518055158715e+00,6.442655059468834140e-05
3.700000000000002592e-02,9.707813646650594874e-01,-2.308831176754973513e-01,-1.453796636608830184e+00,-6.126521562924883924e+00,6.621617699982037663e-05
3.800000000000002681e-02,9.693082917450934755e-01,-2.370050118551540463e-01,-1.492339385871447544e+00,-6.117226271584461195e+00,6.800580340492972493e-05
3.900000000000002770e-02,9.677967057848939625e-01,-2.431174892318039293e-01,-1.530822460600088419e+00,-6.107688020469496770e+00,6.979542981001577644e-05
4.000000000000002859e-02,9.662466672280092261e-01,-2.492203070379843677e-01,-1.569244323184323830e+00,-6.097907195839754380e+00,7.158505621507792128e-05
4.100000000000002948e-02,9.646582380543328172e-01,-2.553132228973976070e-01,-1.607603438554575659e+00,-6.087884193762347351e+00,7.337468262011554961e-05
4.200000000000003036e-02,9.630314817775310621e-01,-2.613959948347094331e-01,-1.645898274245628512e+00,-6.077619420094504399e+00,7.516430902512803800e-05
4.300000000000003125e-02,9.613664634424067268e-01,-2.674683812853306808e-01,-1.684127300460019461e+00,-6.067113290465911746e+00,7.695393543011477659e-05
4.400000000000003214e-02,9.596632496222000652e-01,-2.735301411051804799e-01,-1.722288990131299879e+00,-6.056366230260637806e+00,7.874356183507515551e-05
4.500000000000003303e-02,9.579219084158256958e-01,-2.795810335804316260e-01,-1.760381818987168945e+00,-6.045378674598629765e+00,8.053318824000856491e-05
4.600000000000003392e-02,9.561425094450473061e-01,-2.856208184372369119e-01,-1.798404265612474351e+00,-6.034151068316794486e+00,8.232281464491438135e-05
4.700000000000003481e-02,9.543251238515890744e-01,-2.916492558514364175e-01,-1.836354811512077800e+00,-6.022683865949658433e+00,8.411244104979199499e-05
4.800000000000003569e-02,9.524698242941840309e-01,-2.976661064582454275e-01,-1.874231941173582605e+00,-6.010977531709611021e+00,8.590206745464079596e-05
4.900000000000003658e-02,9.505766849455601353e-01,-3.036711313619220864e-01,-1.912034142129919623e+00,-5.999032539466728764e+00,8.769169385946017439e-05
5.000000000000003747e-02,9.486457814893638485e-01,-3.096640921454149042e-01,-1.949759905021789530e+00,-5.986849372728182850e+00,8.948132026424952042e-05
5.100000000000003836e-02,9.466771911170209775e-01,-3.156447508799894441e-01,-1.987407723659958325e+00,-5.974428524617233727e+00,9.127094666900821063e-05
5.200000000000003925e-02,9.446709925245356798e-01,-3.216128701348335839e-01,-2.024976095087402506e+00,-5.961770497851813566e+00,9.306057307373563517e-05
5.300000000000004013e-02,9.426272659092271855e-01,-3.275682129866414605e-01,-2.062463519641301701e+00,-5.948875804722689509e+00,9.485019947843118416e-05
5.400000000000004102e-02,9.405460929664046787e-01,-3.335105430291750994e-01,-2.099868501014875655e+00,-5.935744967071223677e+00,9.663982588309423419e-05
5.500000000000004191e-02,9.384275568859804517e-01,-3.394396243828037285e-01,-2.137189546319063549e+00,-5.922378516266717519e+00,9.842945228772417539e-05
5.600000000000004280e-02,9.362717423490212187e-01,-3.453552217040203320e-01,-2.174425166144040578e+00,-5.908776993183347592e+00,1.002190786923203979e-04
5.700000000000004369e-02,9.340787355242384793e-01,-3.512571001949347238e-01,-2.211573874620570646e+00,-5.894940948176695450e+00,1.020087050968822919e-04
5.800000000000004458e-02,9.318486240644170415e-01,-3.571450256127430278e-01,-2.248634189481193868e+00,-5.880870941059872514e+00,1.037983315014092474e-04
5.900000000000004546e-02,9.295814971027829277e-01,-3.630187642791731784e-01,-2.285604632121241764e+00,-5.866567541079232839e+00,1.055879579059006411e-04
6.000000000000004635e-02,9.272774452493099950e-01,-3.688780830899058283e-01,-2.322483727659681030e+00,-5.852031326889692409e+00,1.073775843103558632e-04
6.100000000000004724e-02,9.249365605869661611e-01,-3.747227495239703887e-01,-2.359270004999782344e+00,-5.837262886529634542e+00,1.091672107147743036e-04
6.200000000000004813e-02,9.225589366678986769e-01,-3.805525316531157554e-01,-2.395961996889609757e+00,-5.822262817395425394e+00,1.109568371191553527e-04
6.300000000000004208e-02,9.201446685095591160e-01,-3.863671981511553888e-01,-2.432558239982330228e+00,-5.807031726215519107e+00,1.127464635234983869e-04
6.400000000000004297e-02,9.176938525907682997e-01,-3.921665183032863600e-01,-2.469057274896337972e+00,-5.791570229024173067e+00,1.145360899278028099e-04
6.500000000000004385e-02,9.152065868477211596e-01,-3.979502620153818060e-01,-2.505457646275194517e+00,-5.775878951134761685e+00,1.163257163320679984e-04
6.600000000000004474e-02,9.126829706699314260e-01,-4.037181998232565183e-01,-2.541757902847376904e+00,-5.759958527112694959e+00,1.181153427362933289e-04
6.700000000000004563e-02,9.101231048961172521e-01,-4.094701029019052196e-01,-2.577956597485836276e+00,-5.743809600747945332e+00,1.199049691404782052e-04
6.800000000000004652e-02,9.075270918100266648e-01,-4.152057430747133626e-01,-2.614052287267360164e+00,-5.727432825027178431e+00,1.216945955446220037e-04
6.900000000000004741e-02,9.048950351362043953e-01,-4.209248928226396735e-01,-2.650043533531738049e+00,-5.710828862105495674e+00,1.234842219487241146e-04
7.000000000000004829e-02,9.022270400356994235e-01,-4.266273252933701632e-01,-2.685928901940726199e+00,-5.693998383277787845e+00,1.252738483527839281e-04
7.100000000000004918e-02,8.995232131017133481e-01,-4.323128143104437160e-01,-2.721706962536811769e+00,-5.676942068949696107e+00,1.270634747568008343e-04
7.200000000000005007e-02,8.967836623551904696e-01,-4.379811343823478142e-01,-2.757376289801768632e+00,-5.659660608608191978e+00,1.288531011607742098e-04
7.300000000000005096e-02,8.940084972403495867e-01,-4.436320607115852854e-01,-2.792935462715006256e+00,-5.642154700791769173e+00,1.306427275647034311e-04
7.400000000000005185e-02,8.911978286201568400e-01,-4.492653692037106294e-01,-2.828383064811709868e+00,-5.624425053060251756e+00,1.324323539685879020e-04
7.500000000000005274e-02,8.883517687717411571e-01,-4.548808364763360923e-01,-2.863717684240764338e+00,-5.606472381964224816e+00,1.342219803724270261e-04
7.600000000000005362e-02,8.854704313817517436e-01,-4.604782398681069866e-01,-2.898937913822463130e+00,-5.588297413014080561e+00,1.360116067762201530e-04
7.700000000000005451e-02,8.825539315416578434e-01,-4.660573574476459258e-01,-2.934042351106000091e+00,-5.569900880648686936e+00,1.378012331799666863e-04
7.800000000000005540e-02,8.796023857429910997e-01,-4.716179680224654169e-01,-2.969029598426738303e+00,-5.551283528203681428e+00,1.395908595836660296e-04
7.900000000000005629e-02,8.766159118725310728e-01,-4.771598511478486460e-01,-3.003898262963255572e+00,-5.532446107879389174e+00,1.413804859873175597e-04
8.000000000000005718e-02,8.735946292074333597e-01,-4.826827871356979549e-01,-3.038646956794165632e+00,-5.513389380708366261e+00,1.431701123909206530e-04
8.100000000000005806e-02,8.705386584103013137e-01,-4.881865570633506790e-01,-3.073274296954707996e+00,-5.494114116522574420e+00,1.449597387944746862e-04
8.200000000000005895e-02,8.674481215242012544e-01,-4.936709427823620100e-01,-3.107778905493108201e+00,-5.474621093920181814e+00,1.467493651979790629e-04
8.300000000000005984e-02,8.643231419676214999e-01,-4.991357269272544417e-01,-3.142159409526704028e+00,-5.454911100231999654e+00,1.485389916014331869e-04
8.400000000000006073e-02,8.611638445293749999e-01,-5.045806929242334649e-01,-3.176414441297833680e+00,-5.434984931487551130e+00,1.503286180048364075e-04
8.500000000000006162e-02,8.579703553634467905e-01,-5.100056249998692337e-01,-3.210542638229489487e+00,-5.414843392380775278e+00,1.521182444081881557e-04
8.600000000000006251e-02,8.547428019837854940e-01,-5.154103081897435379e-01,-3.244542642980725144e+00,-5.394487296235368490e+00,1.539078708114877808e-04
8.700000000000006339e-02,8.514813132590395295e-01,-5.207945283470621911e-01,-3.278413103501824022e+00,-5.373917464969767188e+00,1.556974972147346867e-04
8.800000000000006428e-02,8.481860194072387005e-01,-5.261580721512322256e-01,-3.312152673089217458e+00,-5.353134729061768127e+00,1.574871236179282497e-04
8.900000000000006517e-02,8.448570519904203824e-01,-5.315007271164030600e-01,-3.345760010440157917e+00,-5.332139927512794308e+00,1.592767500210678737e-04
9.000000000000006606e-02,8.414945439092016422e-01,-5.368222815999723618e-01,-3.379233779707139451e+00,-5.310933907811804744e+00,1.610663764241529352e-04
9.100000000000006695e-02,8.380986293972968459e-01,-5.421225248110554951e-01,-3.412572650552065046e+00,-5.289517525898851602e+00,1.628560028271828109e-04
9.200000000000006783e-02,8.346694440159813100e-01,-5.474012468189179970e-01,-3.445775298200158154e+00,-5.267891646128285643e+00,1.646456292301569043e-04
9.300000000000006872e-02,8.312071246485011056e-01,-5.526582385613715287e-01,-3.478840403493618005e+00,-5.246057141231610821e+00,1.664352556330745921e-04
9.400000000000006961e-02,8.277118094944292404e-01,-5.578932918531320784e-01,-3.511766652945012890e+00,-5.224014892279994271e+00,1.682248820359352780e-04
9.500000000000007050e-02,8.241836380639689930e-01,-5.631061993941409716e-01,-3.544552738790410551e+00,-5.201765788646429023e+00,1.700145084387383386e-04
9.600000000000007139e-02,8.206227511722036239e-01,-5.682967547778475792e-01,-3.577197359042245672e+00,-5.179310727967554762e+00,1.718041348414831504e-04
9.700000000000007228e-02,8.170292909332940168e-01,-5.734647524994537227e-01,-3.609699217541918248e+00,-5.156650616105133089e+00,1.735937612441691171e-04
9.800000000000007316e-02,8.134034007546232514e-01,-5.786099879641192212e-01,-3.642057024012124167e+00,-5.133786367107189719e+00,1.753833876467956153e-04
9.900000000000007405e-02,8.097452253308893289e-01,-5.837322574951289145e-01,-3.674269494108911349e+00,-5.110718903168813831e+00,1.771730140493620216e-04
1.000000000000000749e-01,8.060549106381459383e-01,-5.888313583420196062e-01,-3.706335349473466767e+00,-5.087449154592625256e+00,1.789626404518677397e-04
1.010000000000000758e-01,8.023326039277917099e-01,-5.939070886886680389e-01,-3.738253317783621910e+00,-5.063978059748906801e+00,1.807522668543121733e-04
1.020000000000000767e-01,7.985784537205075084e-01,-5.989592476613382344e-01,-3.770022132805083803e+00,-5.040306565035406194e+00,1.825418932566946718e-04
1.030000000000000776e-01,7.947926098001435458e-01,-6.039876353366889772e-01,-3.801640534442384034e+00,-5.016435624836808493e+00,1.843315196590146390e-04
1.040000000000000785e-01,7.909752232075548672e-01,-6.089920527497399982e-01,-3.833107268789545774e+00,-4.992366201483880772e+00,1.861211460612714785e-04
1.050000000000000794e-01,7.871264462343866564e-01,-6.139723019017978567e-01,-3.864421088180464370e+00,-4.968099265212294391e+00,1.879107724634645398e-04
1.060000000000000803e-01,7.832464324168094683e-01,-6.189281857683398558e-01,-3.895580751239003270e+00,-4.943635794121122196e+00,1.897003988655932537e-04
1.070000000000000812e-01,7.793353365292043922e-01,-6.238595083068566582e-01,-3.926585022928799962e+00,-4.918976774131016860e+00,1.914900252676569696e-04
1.080000000000000820e-01,7.753933145777980318e-01,-6.287660744646529354e-01,-3.957432674602780587e+00,-4.894123198942068598e+00,1.932796516696550914e-04
1.090000000000000829e-01,7.714205237942491911e-01,-6.336476901866053835e-01,-3.988122484052381900e+00,-4.869076069991349343e+00,1.950692780715869955e-04
1.100000000000000838e-01,7.674171226291853776e-01,-6.385041624228784407e-01,-4.018653235556477021e+00,-4.843836396410141631e+00,1.968589044734520856e-04
1.110000000000000847e-01,7.633832707456913447e-01,-6.433352991365970386e-01,-4.049023719930004539e+00,-4.818405194980854844e+00,1.986485308752497384e-04
1.120000000000000856e-01,7.593191290127486726e-01,-6.481409093114760545e-01,-4.079232734572300068e+00,-4.792783490093634136e+00,2.004381572769793575e-04
1.130000000000000865e-01,7.552248594986273877e-01,-6.529208029594061324e-01,-4.109279083515123610e+00,-4.766972313702660280e+00,2.022277836786402923e-04
1.140000000000000874e-01,7.511006254642297320e-01,-6.576747911279958725e-01,-4.139161577470384934e+00,-4.740972705282144872e+00,2.040174100802319738e-04
1.150000000000000883e-01,7.469465913563860804e-01,-6.624026859080693885e-01,-4.168879033877565199e+00,-4.714785711782022659e+00,2.058070364817537513e-04
1.160000000000000892e-01,7.427629228011040086e-01,-6.671043004411203459e-01,-4.198430276950827711e+00,-4.688412387583343666e+00,2.075966628832050286e-04
1.170000000000000900e-01,7.385497865967699527e-01,-6.717794489267201463e-01,-4.227814137725824928e+00,-4.661853794453367783e+00,2.093862892845852093e-04
1.180000000000000909e-01,7.343073507073045736e-01,-6.764279466298818155e-01,-4.257029454106190158e+00,-4.635111001500361816e+00,2.111759156858936429e-04
1.190000000000000918e-01,7.300357842552718246e-01,-6.810496098883781491e-01,-4.286075070909716622e+00,-4.608185085128103431e+00,2.129655420871297332e-04
1.200000000000000927e-01,7.257352575149413898e-01,-6.856442561200143393e-01,-4.314949839914226537e+00,-4.581077128990093783e+00,2.147551684882928837e-04
1.210000000000000936e-01,7.214059419053063804e-01,-6.902117038298548612e-01,-4.343652619903117795e+00,-4.553788223943484148e+00,2.165447948893824712e-04
1.220000000000000945e-01,7.170480099830547349e-01,-6.947517726174039510e-01,-4.372182276710594451e+00,-4.526319468002711233e+00,2.183344212903978721e-04
1.230000000000000954e-01,7.126616354354959881e-01,-6.992642831837392325e-01,-4.400537683266579236e+00,-4.498671966292850044e+00,2.201240476913384901e-04
1.240000000000000963e-01,7.082469930734435204e-01,-7.037490573385993819e-01,-4.428717719641301009e+00,-4.470846831002686095e+00,2.219136740922037019e-04
1.250000000000000833e-01,7.038042588240516206e-01,-7.082059180074240512e-01,-4.456721273089559787e+00,-4.442845181337507832e+00,2.237033004929928840e-04
1.260000000000000842e-01,6.993336097236093618e-01,-7.126346892383466081e-01,-4.484547238094666710e+00,-4.414668143471621065e+00,2.254929268937054402e-04
1.270000000000000850e-01,6.948352239102900674e-01,-7.170351962091392473e-01,-4.512194516412057155e+00,-4.386316850500588060e+00,2.272825532943407469e-04
1.280000000000000859e-01,6.903092806168573681e-01,-7.214072652341105840e-01,-4.539662017112571668e+00,-4.357792442393197518e+00,2.290721796948982079e-04
1.290000000000000868e-01,6.857559601633284041e-01,-7.257507237709543979e-01,-4.566948656625412717e+00,-4.329096065943161875e+00,2.308618060953771998e-04
1.300000000000000877e-01,6.811754439495943947e-01,-7.300654004275503040e-01,-4.594053358780762153e+00,-4.300228874720546379e+00,2.326514324957770991e-04
1.310000000000000886e-01,6.765679144479981311e-01,-7.343511249687160181e-01,-4.620975054852069164e+00,-4.271192029022937930e+00,2.344410588960973096e-04
1.320000000000000895e-01,6.719335551958698360e-01,-7.386077283229099955e-01,-4.647712683598001604e+00,-4.241986695826346576e+00,2.362306852963372077e-04
1.330000000000000904e-01,6.672725507880210571e-01,-7.428350425888855524e-01,-4.674265191304060707e+00,-4.212614048735848549e+00,2.380203116964961702e-04
1.340000000000000913e-01,6.625850868691972595e-01,-7.470329010422948057e-01,-4.700631531823855624e+00,-4.183075267935972619e+00,2.398099380965736007e-04
1.350000000000000921e-01,6.578713501264891184e-01,-7.512011381422433187e-01,-4.726810666620039569e+00,-4.153371540140831542e+00,2.415995644965688758e-04
1.360000000000000930e-01,6.531315282817032886e-01,-7.553395895377947866e-01,-4.752801564804902235e+00,-4.123504058543999484e+00,2.433891908964813991e-04
1.370000000000000939e-01,6.483658100836925398e-01,-7.594480920744252073e-01,-4.778603203180621151e+00,-4.093474022768139875e+00,2.451788172963105744e-04
1.380000000000000948e-01,6.435743853006457016e-01,-7.635264838004266474e-01,-4.804214566279164877e+00,-4.063282638814387226e+00,2.469684436960557241e-04
1.390000000000000957e-01,6.387574447123385291e-01,-7.675746039732604942e-01,-4.829634646401854248e+00,-4.032931119011482046e+00,2.487580700957163059e-04
1.400000000000000966e-01,6.339151801023441557e-01,-7.715922930658593026e-01,-4.854862443658571003e+00,-4.002420681964662386e+00,2.505476964952916695e-04
1.410000000000000975e-01,6.290477842502054662e-01,-7.755793927728776849e-01,-4.879896966006622705e+00,-3.971752552504320022e+00,2.523373228947811643e-04
1.420000000000000984e-01,6.241554509235682779e-01,-7.795357460168917951e-01,-4.904737229289250600e+00,-3.940927961634414611e+00,2.541269492941842481e-04
1.430000000000000993e-01,6.192383748702763313e-01,-7.834611969545469679e-01,-4.929382257273791090e+00,-3.909948146480653808e+00,2.559165756935002705e-04
1.440000000000001001e-01,6.142967518104280877e-01,-7.873555909826533972e-01,-4.953831081689479277e+00,-3.878814350238443787e+00,2.577062020927286352e-04
1.450000000000001010e-01,6.093307784283962247e-01,-7.912187747442298580e-01,-4.978082742264903438e+00,-3.847527822120606178e+00,2.594958284918686916e-04
1.460000000000001019e-01,6.043406523648098272e-01,-7.950505961344946915e-01,-5.002136286765094475e+00,-3.816089817304872067e+00,2.612854548909198976e-04
1.470000000000001028e-01,5.993265722084992753e-01,-7.988509043068043880e-01,-5.025990771028268078e+00,-3.784501596881147290e+00,2.630750812898816028e-04
1.480000000000001037e-01,5.942887374884049390e-01,-8.026195496785395456e-01,-5.049645259002199182e+00,-3.752764427798558344e+00,2.648647076887531565e-04
1.490000000000001046e-01,5.892273486654496795e-01,-8.063563839369372044e-01,-5.073098822780242934e+00,-3.720879582812278485e+00,2.666543340875340167e-04
1.500000000000001055e-01,5.841426071243753793e-01,-8.100612600448704459e-01,-5.096350542636989722e+00,-3.688848340430136208e+00,2.684439604862235329e-04
1.510000000000001064e-01,5.790347151655439450e-01,-8.137340322465742570e-01,-5.119399507063561394e+00,-3.656671984859011015e+00,2.702335868848210546e-04
1.520000000000001072e-01,5.739038759967033387e-01,-8.173745560733174376e-01,-5.142244812802540643e+00,-3.624351805951016470e+00,2.720232132833260395e-04
1.530000000000001081e-01,5.687502937247187473e-01,-8.209826883490211058e-01,-5.164885564882537139e+00,-3.591889099149474518e+00,2.738128396817378373e-04
1.540000000000001090e-01,5.635741733472694470e-01,-8.245582871958228033e-01,-5.187320876652386836e+00,-3.559285165434683318e+00,2.756024660800557974e-04
1.550000000000001099e-01,5.583757207445118054e-01,-8.281012120395859766e-01,-5.209549869814983580e+00,-3.526541311269482115e+00,2.773920924782793777e-04
1.560000000000001108e-01,5.531551426707080887e-01,-8.316113236153556132e-01,-5.231571674460743893e+00,-3.493658848544615392e+00,2.791817188764079277e-04
1.570000000000001117e-01,5.479126467458228511e-01,-8.350884839727584774e-01,-5.253385429100700499e+00,-3.460639094523896286e+00,2.809713452744408511e-04
1.580000000000001126e-01,5.426484414470853501e-01,-8.385325564813488342e-01,-5.274990280699224598e+00,-3.427483371789177724e+00,2.827609716723774973e-04
1.590000000000001135e-01,5.373627361005205438e-01,-8.419434058358986617e-01,-5.296385384706380428e+00,-3.394193008185127702e+00,2.845505980702173242e-04
1.600000000000001144e-01,5.320557408724471138e-01,-8.453208980616330193e-01,-5.317569905089900573e+00,-3.360769336763814952e+00,2.863402244679596272e-04
1.610000000000001152e-01,5.267276667609438467e-01,-8.486649005194096818e-01,-5.338543014366794459e+00,-3.327213695729107634e+00,2.881298508656038640e-04
1.620000000000001161e-01,5.213787255872850412e-01,-8.519752819108428188e-01,-5.359303893634575822e+00,-3.293527428380886413e+00,2.899194772631493843e-04
1.630000000000001170e-01,5.160091299873441617e-01,-8.552519122833711629e-01,-5.379851732602118908e+00,-3.259711883059074111e+00,2.917091036605955917e-04
1.640000000000001179e-01,5.106190934029675166e-01,-8.584946630352701114e-01,-5.400185729620135433e+00,-3.225768413087487296e+00,2.934987300579418898e-04
1.650000000000001188e-01,5.052088300733171833e-01,-8.617034069206073177e-01,-5.420305091711274059e+00,-3.191698376717509777e+00,2.952883564551876281e-04
1.660000000000001197e-01,4.997785550261843457e-01,-8.648780180541419949e-01,-5.440209034599841509e+00,-3.157503137071591581e+00,2.970779828523322104e-04
1.670000000000001206e-01,4.943284840692726556e-01,-8.680183719161678191e-01,-5.459896782741144428e+00,-3.123184062086577839e+00,2.988676092493750404e-04
1.680000000000001215e-01,4.888588337814529505e-01,-8.711243453572987683e-01,-5.479367569350451106e+00,-3.088742524456866256e+00,3.006572356463155216e-04
1.690000000000001223e-01,4.833698215039888835e-01,-8.741958166031983390e-01,-5.498620636431569508e+00,-3.054179901577399381e+00,3.024468620431530036e-04
1.700000000000001232e-01,4.778616653317342422e-01,-8.772326652592513652e-01,-5.517655234805046938e+00,-3.019497575486494334e+00,3.042364884398868902e-04
1.710000000000001241e-01,4.723345841043022908e-01,-8.802347723151787706e-01,-5.536470624135982455e+00,-2.984696932808509118e+00,3.060261148365165306e-04
1.720000000000001250e-01,4.667887973972075222e-01,-8.832020201495950351e-01,-5.555066072961459156e+00,-2.949779364696353490e+00,3.078157412330413288e-04
1.730000000000001259e-01,4.612245255129800436e-01,-8.861342925345077060e-01,-5.573440858717589208e+00,-2.914746266773842187e+00,3.096053676294606882e-04
1.740000000000001268e-01,4.556419894722531505e-01,-8.890314746397595114e-01,-5.591594267766175186e+00,-2.879599039077896272e+00,3.113949940257740127e-04
1.750000000000001277e-01,4.500414110048246430e-01,-8.918934530374125202e-01,-5.609525595420984168e+00,-2.844339086000594374e+00,3.131846204219806517e-04
1.760000000000001286e-01,4.444230125406916643e-01,-8.947201157060743482e-01,-5.627234145973635471e+00,-2.808967816231076498e+00,3.149742468180800089e-04
1.770000000000001295e-01,4.387870172010602809e-01,-8.975113520351658547e-01,-5.644719232719101143e+00,-2.773486642697301718e+00,3.167638732140714880e-04
1.780000000000001303e-01,4.331336487893293064e-01,-9.002670528291311092e-01,-5.661980177980818318e+00,-2.737896982507667332e+00,3.185534996099544385e-04
1.790000000000001312e-01,4.274631317820496434e-01,-9.029871103115884035e-01,-5.679016313135410776e+00,-2.702200256892484553e+00,3.203431260057282640e-04
1.800000000000001321e-01,4.217756913198588142e-01,-9.056714181294227561e-01,-5.695826978637025029e+00,-2.666397891145321442e+00,3.221327524013923682e-04
1.810000000000001330e-01,4.160715531983913973e-01,-9.083198713568200189e-01,-5.712411524041270283e+00,-2.630491314564208150e+00,3.239223787969461007e-04
1.820000000000001339e-01,4.103509438591658731e-01,-9.109323664992415859e-01,-5.728769308028774709e+00,-2.594481960392714726e+00,3.257120051923888650e-04
1.830000000000001348e-01,4.046140903804478772e-01,-9.135088014973408166e-01,-5.744899698428343804e+00,-2.558371265760898794e+00,3.275016315877200650e-04
1.840000000000001357e-01,3.988612204680906381e-01,-9.160490757308195064e-01,-5.760802072239732396e+00,-2.522160671626126671e+00,3.292912579829390500e-04
1.850000000000001366e-01,3.930925624463528223e-01,-9.185530900222259598e-01,-5.776475815656018753e+00,-2.485851622713773246e+00,3.310808843780452780e-04
1.860000000000001374e-01,3.873083452486941747e-01,-9.210207466406928889e-01,-5.791920324085590543e+00,-2.449445567457801065e+00,3.328705107730380985e-04
1.870000000000001383e-01,3.815087984085493988e-01,-9.234519493056166928e-01,-5.807135002173736460e+00,-2.412943957941220408e+00,3.346601371679168609e-04
1.880000000000001392e-01,3.756941520500806098e-01,-9.258466031902762294e-01,-5.822119263823839930e+00,-2.376348249836437443e+00,3.364497635626809689e-04
1.890000000000001401e-01,3.698646368789088035e-01,-9.282046149253927458e-01,-5.836872532218183807e+00,-2.339659902345487374e+00,3.382393899573298262e-04
1.900000000000001410e-01,3.640204841728247320e-01,-9.305258926026293009e-01,-5.851394239838356270e+00,-2.302880378140160111e+00,3.400290163518628365e-04
1.910000000000001419e-01,3.581619257724795169e-01,-9.328103457780305696e-01,-5.865683828485265039e+00,-2.266011143302018027e+00,3.418186427462793493e-04
1.920000000000001428e-01,3.522891940720556114e-01,-9.350578854754029168e-01,-5.879740749298751901e+00,-2.229053667262311134e+00,3.436082691405787683e-04
1.930000000000001437e-01,3.464025220099180014e-01,-9.372684241896334090e-01,-5.893564462776814672e+00,-2.192009422741789670e+00,3.453978955347604971e-04
1.940000000000001446e-01,3.405021430592468645e-01,-9.394418758899496513e-01,-5.907154438794429474e+00,-2.154879885690418106e+00,3.471875219288238852e-04
1.950000000000001454e-01,3.345882912186511349e-01,-9.415781560231186731e-01,-5.920510156621981324e+00,-2.117666535226995883e+00,3.489771483227683906e-04
1.960000000000001463e-01,3.286612010027641362e-01,-9.436771815165854171e-01,-5.933631104943291490e+00,-2.080370853578680901e+00,3.507667747165933085e-04
1.970000000000001472e-01,3.227211074328213414e-01,-9.457388707815510553e-01,-5.946516781873252278e+00,-2.042994326020426410e+00,3.525564011102980968e-04
1.980000000000001481e-01,3.167682460272205347e-01,-9.477631437159903527e-01,-5.959166694975062128e+00,-2.005538440814327306e+00,3.543460275038821049e-04
1.990000000000001490e-01,3.108028527920651540e-01,-9.497499217076083022e-01,-5.971580361277063709e+00,-1.968004689148884268e+00,3.561356538973447367e-04
2.000000000000001499e-01,3.048251642116908688e-01,-9.516991276367363639e-01,-5.983757307289181426e+00,-1.930394565078182856e+00,3.579252802906853414e-04
2.010000000000001508e-01,2.988354172391758934e-01,-9.536106858791675300e-01,-5.995697069018964598e+00,-1.892709565460994670e+00,3.597149066839033771e-04
2.020000000000001517e-01,2.928338492868355902e-01,-9.554845223089303285e-01,-6.007399191987229159e+00,-1.854951189899801012e+00,3.615045330769981933e-04
2.030000000000001525e-01,2.868206982167014196e-01,-9.573205643010024302e-01,-6.018863231243302359e+00,-1.817120940679743279e+00,3.632941594699691393e-04
2.040000000000001534e-01,2.807962023309851785e-01,-9.591187407339624160e-01,-6.030088751379865997e+00,-1.779220322707500301e+00,3.650837858628156731e-04
2.050000000000001543e-01,2.747606003625281956e-01,-9.608789819925807052e-01,-6.041075326547402646e+00,-1.741250843450097952e+00,3.668734122555371443e-04
2.060000000000001552e-01,2.687141314652365387e-01,-9.626012199703495309e-01,-6.051822540468244860e+00,-1.703214012873653038e+00,3.686630386481329021e-04
2.070000000000001561e-01,2.626570352045023427e-01,-9.642853880719512993e-01,-6.062329986450219366e+00,-1.665111343382051912e+00,3.704526650406024047e-04
2.080000000000001570e-01,2.565895515476115940e-01,-9.659314212156654422e-01,-6.072597267399896914e+00,-1.626944349755570896e+00,3.722422914329450013e-04
2.090000000000001579e-01,2.505119208541390363e-01,-9.675392558357143180e-01,-6.082623995835439779e+00,-1.588714549089436545e+00,3.740319178251600416e-04
2.100000000000001588e-01,2.444243838663301971e-01,-9.691088298845473847e-01,-6.092409793899053128e+00,-1.550423460732331060e+00,3.758215442172469834e-04
2.110000000000001597e-01,2.383271816994713688e-01,-9.706400828350638665e-01,-6.101954293369032278e+00,-1.512072606224845739e+00,3.776111706092051762e-04
2.120000000000001605e-01,2.322205558322475993e-01,-9.721329556827739138e-01,-6.111257135671413820e+00,-1.473663509237883362e+00,3.794007970010340237e-04
2.130000000000001614e-01,2.261047480970893309e-01,-9.735873909478980348e-01,-6.120317971891226172e+00,-1.435197695511013727e+00,3.811904233927328753e-04
2.140000000000001623e-01,2.199800006705079913e-01,-9.750033326774049103e-01,-6.129136462783339567e+00,-1.396676692790784768e+00,3.829800497843011890e-04
2.150000000000001632e-01,2.138465560634207896e-01,-9.763807264469875902e-01,-6.137712278782920805e+00,-1.358102030768990165e+00,3.847696761757383142e-04
2.160000000000001641e-01,2.077046571114654350e-01,-9.777195193629776293e-01,-6.146045100015482099e+00,-1.319475241020899414e+00,3.865593025670436005e-04
2.170000000000001650e-01,2.015545469653049204e-01,-9.790196600641980496e-01,-6.154134616306536465e+00,-1.280797856943449720e+00,3.883489289582165056e-04
2.180000000000001659e-01,1.953964690809228411e-01,-9.802810987237539075e-01,-6.161980527190848989e+00,-1.242071413693404125e+00,3.901385553492563792e-04
2.190000000000001668e-01,1.892306672099096920e-01,-9.815037870507609119e-01,-6.169582541921293739e+00,-1.203297448125478342e+00,3.919281817401625706e-04
2.200000000000001676e-01,1.830573853897405068e-01,-9.826876782920128672e-01,-6.176940379477307452e+00,-1.164477498730438709e+00,3.937178081309345378e-04
2.210000000000001685e-01,1.768768679340442240e-01,-9.838327272335863904e-01,-6.184053768572948862e+00,-1.125613105573173733e+00,3.955074345215716302e-04
2.220000000000001694e-01,1.706893594228652278e-01,-9.849388902023844539e-01,-6.190922447664554795e+00,-1.086705810230741198e+00,3.972970609120731974e-04
2.230000000000001703e-01,1.644951046929173655e-01,-9.860061250676173117e-01,-6.197546164958001036e+00,-1.047757155730396184e+00,3.990866873024386972e-04
2.240000000000001712e-01,1.582943488278309441e-01,-9.870343912422215871e-01,-6.203924678415561722e+00,-1.008768686487598876e+00,4.008763136926674791e-04
2.250000000000001721e-01,1.520873371483931480e-01,-9.880236496842177418e-01,-6.210057755762376175e+00,-9.697419482440070571e-01,4.026659400827589468e-04
2.260000000000001730e-01,1.458743152027819623e-01,-9.889738628980051516e-01,-6.215945174492512493e+00,-9.306784880054560505e-01,4.044555664727124498e-04
2.270000000000001739e-01,1.396555287567945169e-01,-9.898849949355952305e-01,-6.221586721874635018e+00,-8.915798539799272282e-01,4.062451928625274459e-04
2.280000000000001747e-01,1.334312237840697690e-01,-9.907570113977826054e-01,-6.226982194957275674e+00,-8.524475955155088602e-01,4.080348192522032847e-04
2.290000000000001756e-01,1.272016464563061333e-01,-9.915898794352543399e-01,-6.232131400573710067e+00,-8.132832630383514116e-01,4.098244456417393156e-04
2.300000000000001765e-01,1.209670431334745194e-01,-9.923835677496365415e-01,-6.237034155346431241e+00,-7.740884079906200643e-01,4.116140720311349424e-04
2.310000000000001774e-01,1.147276603540270112e-01,-9.931380465944799063e-01,-6.241690285691233520e+00,-7.348645827684469056e-01,4.134036984203895686e-04
2.320000000000001783e-01,1.084837448251016745e-01,-9.938532877761822037e-01,-6.246099627820894895e+00,-6.956133406598853375e-01,4.151933248095025981e-04
2.330000000000001792e-01,1.022355434127239504e-01,-9.945292646548493654e-01,-6.250262027748468618e+00,-6.563362357828692595e-01,4.169829511984733802e-04
2.340000000000001801e-01,9.598330313200485742e-02,-9.951659521450945123e-01,-6.254177341290175107e+00,-6.170348230231795794e-01,4.187725775873013187e-04
2.350000000000001810e-01,8.972727113733654225e-02,-9.957633267167745883e-01,-6.257845434067902168e+00,-5.777106579724208268e-01,4.205622039759858172e-04
2.360000000000001819e-01,8.346769471258554118e-02,-9.963213663956651533e-01,-6.261266181511309981e+00,-5.383652968660102012e-01,4.223518303645262795e-04
2.370000000000001827e-01,7.720482126128412614e-02,-9.968400507640732267e-01,-6.264439468859540838e+00,-4.990002965211813302e-01,4.241414567529220550e-04
2.380000000000001836e-01,7.093889829682009651e-02,-9.973193609613881794e-01,-6.267365191162538096e+00,-4.596172142750056255e-01,4.259310831411725474e-04
2.390000000000001845e-01,6.467017343262553009e-02,-9.977592796845705658e-01,-6.270043253281966322e+00,-4.202176079224337890e-01,4.277207095292771062e-04
2.400000000000001854e-01,5.839889437236473607e-02,-9.981597911885790042e-01,-6.272473569891747758e+00,-3.808030356543596895e-01,4.295103359172351351e-04
2.410000000000001863e-01,5.212530890012188889e-02,-9.985208812867352179e-01,-6.274656065478196432e+00,-3.413750559957093311e-01,4.312999623050460377e-04
2.420000000000001872e-01,4.584966487058874524e-02,-9.988425373510271266e-01,-6.276590674339769471e+00,-3.019352277435572995e-01,4.330895886927092178e-04
2.430000000000001881e-01,3.957221019925279137e-02,-9.991247483123498752e-01,-6.278277340586422284e+00,-2.624851099052730174e-01,4.348792150802240249e-04
2.440000000000001890e-01,3.329319285258622307e-02,-9.993675046606855794e-01,-6.279716018138572942e+00,-2.230262616366999462e-01,4.366688414675898625e-04
2.450000000000001898e-01,2.701286083823615722e-02,-9.995707984452204542e-01,-6.280906670725679319e+00,-1.835602421803692041e-01,4.384584678548061345e-04
2.460000000000001907e-01,2.073146219521647404e-02,-9.997346232744009908e-01,-6.281849271884425434e+00,-1.440886108037507940e-01,4.402480942418721902e-04
2.470000000000001916e-01,1.444924498410166472e-02,-9.998589743159279619e-01,-6.282543804956518763e+00,-1.046129267375447980e-01,4.420377206287874334e-04
2.480000000000001925e-01,8.166457277223055505e-03,-9.999438482966885866e-01,-6.282990263086098537e+00,-6.513474911401473388e-02,4.438273470155512678e-04
2.490000000000001934e-01,1.883347148867849097e-03,-9.999892435026275228e-01,-6.283188649216758570e+00,-2.565563690536561137e-02,4.456169734021630429e-04
2.500000000000001665e-01,-4.399837334518688116e-03,-9.999951597785560198e-01,-6.283138976088180172e+00,1.382285113783070923e-02,4.474065997886221622e-04
2.510000000000001674e-01,-1.068284812412746872e-02,-9.999615985278994534e-01,-6.282841266232382260e+00,5.329915654816066301e-02,4.491962261749280296e-04
2.520000000000001683e-01,-1.696543719857588478e-02,-9.998885627123832442e-01,-6.282295551969580671e+00,9.277172120284210566e-02,4.509858525610800487e-04
2.530000000000001692e-01,-2.324735657369377331e-02,-9.997760568516579349e-01,-6.281501875403669111e+00,1.322389873851430031e-01,4.527754789470775690e-04
2.540000000000001701e-01,-2.952835831230467625e-02,-9.996240870228619846e-01,-6.280460288417308412e+00,1.716993978457434233e-01,4.545651053329199942e-04
2.550000000000001710e-01,-3.580819453400198998e-02,-9.994326608601240558e-01,-6.279170852666638325e+00,2.111513958640382216e-01,4.563547317186066737e-04
2.560000000000001719e-01,-4.208661742491964786e-02,-9.992017875540034622e-01,-6.277633639575603830e+00,2.505934253093781705e-01,4.581443581041370655e-04
2.570000000000001728e-01,-4.836337924749691680e-02,-9.989314778508696646e-01,-6.275848730329896874e+00,2.900239307022473012e-01,4.599339844895104648e-04
2.580000000000001736e-01,-5.463823235023696628e-02,-9.986217440522208166e-01,-6.273816215870522406e+00,3.294413572753737141e-01,4.617236108747263296e-04
2.590000000000001745e-01,-6.091092917745879326e-02,-9.982726000139404698e-01,-6.271536196886978942e+00,3.688441510347720276e-01,4.635132372597840092e-04
2.600000000000001754e-01,-6.718122227904217703e-02,-9.978840611454944387e-01,-6.269008783810058993e+00,4.082307588207145232e-01,4.653028636446829075e-04
2.610000000000001763e-01,-7.344886432016517475e-02,-9.974561444090654927e-01,-6.266234096804273790e+00,4.475996283686292099e-01,4.670924900294224280e-04
2.620000000000001772e-01,-7.971360809103392175e-02,-9.969888683186280964e-01,-6.263212265759898756e+00,4.869492083699222262e-01,4.688821164140019745e-04
2.630000000000001781e-01,-8.597520651660425783e-02,-9.964822529389621986e-01,-6.259943430284639732e+00,5.262779485327221396e-01,4.706717427984208964e-04
2.640000000000001790e-01,-9.223341266629482560e-02,-9.959363198846057363e-01,-6.256427739694921719e+00,5.655842996425440861e-01,4.724613691826785975e-04
2.650000000000001799e-01,-9.848797976369128016e-02,-9.953510923187474102e-01,-6.252665353006807258e+00,6.048667136228712549e-01,4.742509955667744271e-04
2.660000000000001807e-01,-1.047386611962412423e-01,-9.947265949520580630e-01,-6.248656438926532886e+00,6.441236435956516626e-01,4.760406219507077891e-04
2.670000000000001816e-01,-1.109852105249395648e-01,-9.940628540414622183e-01,-6.244401175840676110e+00,6.833535439417076640e-01,4.778302483344780871e-04
2.680000000000001825e-01,-1.172273814940036213e-01,-9.933598973888491113e-01,-6.239899751805948469e+00,7.225548703610563672e-01,4.796198747180847248e-04
2.690000000000001834e-01,-1.234649280405381716e-01,-9.926177543397231018e-01,-6.235152364538614655e+00,7.617260799331379006e-01,4.814095011015270516e-04
2.700000000000001843e-01,-1.296976043041894455e-01,-9.918364557817944682e-01,-6.230159221403541281e+00,8.008656311769501990e-01,4.831991274848044713e-04
2.710000000000001852e-01,-1.359251646367881650e-01,-9.910160341435096942e-01,-6.224920539402876152e+00,8.399719841110874219e-01,4.849887538679163333e-04
2.720000000000001861e-01,-1.421473636119809647e-01,-9.901565233925218035e-01,-6.219436545164355401e+00,8.790436003136802290e-01,4.867783802508620955e-04
2.730000000000001870e-01,-1.483639560348500308e-01,-9.892579590341009643e-01,-6.213707474929246466e+00,9.180789429822351355e-01,4.885680066336411075e-04
2.740000000000001878e-01,-1.545746969515203739e-01,-9.883203781094853646e-01,-6.207733574539917143e+00,9.570764769933715055e-01,4.903576330162527728e-04
2.750000000000001887e-01,-1.607793416587546542e-01,-9.873438191941721342e-01,-6.201515099427043154e+00,9.960346689624532956e-01,4.921472593986963868e-04
2.760000000000001896e-01,-1.669776457135348502e-01,-9.863283223961488710e-01,-6.195052314596448895e+00,1.034951987303113441e+00,4.939368857809714073e-04
2.770000000000001905e-01,-1.731693649426307435e-01,-9.852739293540655474e-01,-6.188345494615582254e+00,1.073826902286669549e+00,4.957265121630772924e-04
2.780000000000001914e-01,-1.793542554521546095e-01,-9.841806832353473533e-01,-6.181394923599627056e+00,1.112657886101427129e+00,4.975161385450133913e-04
2.790000000000001923e-01,-1.855320736371018353e-01,-9.830486287342480312e-01,-6.174200895197251349e+00,1.151443412911870245e+00,4.993057649267790537e-04
2.800000000000001932e-01,-1.917025761908771608e-01,-9.818778120698440359e-01,-6.166763712575996870e+00,1.190181958917735150e+00,5.010953913083736290e-04
2.810000000000001941e-01,-1.978655201148060705e-01,-9.806682809839699644e-01,-6.159083688407304358e+00,1.228872002412966902e+00,5.028850176897965750e-04
2.820000000000001950e-01,-2.040206627276310580e-01,-9.794200847390948095e-01,-6.151161144851181817e+00,1.267512023844555857e+00,5.046746440710472414e-04
2.830000000000001958e-01,-2.101677616749924038e-01,-9.781332741161397060e-01,-6.142996413540513956e+00,1.306100505871250927e+00,5.064642704521249775e-04
2.840000000000001967e-01,-2.163065749388930481e-01,-9.768079014122365011e-01,-6.134589835565014582e+00,1.344635933422149821e+00,5.082538968330292412e-04
2.850000000000001976e-01,-2.224368608471471997e-01,-9.754440204384285940e-01,-6.125941761454821943e+00,1.383116793755162277e+00,5.100435232137593821e-04
2.860000000000001985e-01,-2.285583780828124856e-01,-9.740416865173125993e-01,-6.117052551163738805e+00,1.421541576515344962e+00,5.118331495943148580e-04
2.870000000000001994e-01,-2.346708856936050303e-01,-9.726009564806225027e-01,-6.107922574052118136e+00,1.459908773793105352e+00,5.136227759746950184e-04
2.880000000000002003e-01,-2.407741431012973277e-01,-9.711218886667547512e-01,-6.098552208869399749e+00,1.498216880182273503e+00,5.154124023548992128e-04
2.890000000000002012e-01,-2.468679101110984597e-01,-9.696045429182361675e-01,-6.088941843736288106e+00,1.536464392838039483e+00,5.172020287349267907e-04
2.900000000000002021e-01,-2.529519469210162463e-01,-9.680489805791336888e-01,-6.079091876126587302e+00,1.574649811534752919e+00,5.189916551147772100e-04
2.910000000000002029e-01,-2.590260141312012432e-01,-9.664552644924062630e-01,-6.069002712848678982e+00,1.612771638723585310e+00,5.207812814944499285e-04
2.920000000000002038e-01,-2.650898727532717269e-01,-9.648234589971992348e-01,-6.058674770026660106e+00,1.650828379590050021e+00,5.225709078739441873e-04
2.930000000000002047e-01,-2.711432842196200288e-01,-9.631536299260814449e-01,-6.048108473081125425e+00,1.688818542111380605e+00,5.243605342532594443e-04
2.940000000000002056e-01,-2.771860103926991337e-01,-9.614458446022245974e-01,-6.037304256709608907e+00,1.726740637113764354e+00,5.261501606323950491e-04
2.950000000000002065e-01,-2.832178135742897673e-01,-9.597001718365262279e-01,-6.026262564866681437e+00,1.764593178329428413e+00,5.279397870113504594e-04
2.960000000000002074e-01,-2.892384565147473330e-01,-9.579166819246746067e-01,-6.014983850743700344e+00,1.802374682453577570e+00,5.297294133901250248e-04
2.970000000000002083e-01,-2.952477024222284196e-01,-9.560954466441579092e-01,-6.003468576748220542e+00,1.840083669201181493e+00,5.315190397687180948e-04
2.980000000000002092e-01,-3.012453149718964940e-01,-9.542365392512155431e-01,-5.991717214483062826e+00,1.877718661363609209e+00,5.333086661471291273e-04
2.990000000000002101e-01,-3.072310583151067198e-01,-9.523400344777340765e-01,-5.979730244725041999e+00,1.915278184865108368e+00,5.350982925253574716e-04
3.000000000000002109e-01,-3.132046970885690729e-01,-9.504060085280858772e-01,-5.967508157403360158e+00,1.952760768819129744e+00,5.368879189034024774e-04
3.010000000000002118e-01,-3.191659964234897506e-01,-9.484345390759116867e-01,-5.955051451577655364e+00,1.990164945584490752e+00,5.386775452812636025e-04
3.020000000000002127e-01,-3.251147219546905442e-01,-9.464257052608475718e-01,-5.942360635415722570e+00,2.027489250821381095e+00,5.404671716589401964e-04
3.030000000000002136e-01,-3.310506398297057284e-01,-9.443795876851953652e-01,-5.929436226170892610e+00,2.064732223547204981e+00,5.422567980364316085e-04
3.040000000000002145e-01,-3.369735167178560808e-01,-9.422962684105378184e-01,-5.916278750159082556e+00,2.101892406192258367e+00,5.440464244137372968e-04
3.050000000000002154e-01,-3.428831198192999752e-01,-9.401758309542975756e-01,-5.902888742735511229e+00,2.138968344655242770e+00,5.458360507908566108e-04
3.060000000000002163e-01,-3.487792168740607712e-01,-9.380183602862414149e-01,-5.889266748271085206e+00,2.175958588358608115e+00,5.476256771677888999e-04
3.070000000000002172e-01,-3.546615761710306680e-01,-9.358239428249288672e-01,-5.875413320128455297e+00,2.212861690303727702e+00,5.494153035445336220e-04
3.080000000000002180e-01,-3.605299665569502432e-01,-9.335926664341056558e-01,-5.861329020637742637e+00,2.249676207125902216e+00,5.512049299210901266e-04
3.090000000000002189e-01,-3.663841574453636785e-01,-9.313246204190422928e-01,-5.847014421071940582e+00,2.286400699149188753e+00,5.529945562974578717e-04
3.100000000000002198e-01,-3.722239188255492826e-01,-9.290198955228181621e-01,-5.832470101621988867e+00,2.323033730441054878e+00,5.547841826736362066e-04
3.110000000000002207e-01,-3.780490212714247011e-01,-9.266785839225508692e-01,-5.817696651371523586e+00,2.359573868866856827e+00,5.565738090496244808e-04
3.120000000000002216e-01,-3.838592359504269802e-01,-9.243007792255708566e-01,-5.802694668271308309e+00,2.396019686144137850e+00,5.583634354254220439e-04
3.130000000000002225e-01,-3.896543346323666501e-01,-9.218865764655425066e-01,-5.787464759113337465e+00,2.432369757896745810e+00,5.601530618010283537e-04
3.140000000000002234e-01,-3.954340896982559972e-01,-9.194360720985307323e-01,-5.772007539504622642e+00,2.468622663708770482e+00,5.619426881764427598e-04
3.150000000000002243e-01,-4.011982741491108007e-01,-9.169493639990138334e-01,-5.756323633840660037e+00,2.504776987178293002e+00,5.637323145516647200e-04
3.160000000000002252e-01,-4.069466616147253690e-01,-9.144265514558427288e-01,-5.740413675278582595e+00,2.540831315970953685e+00,5.655219409266935837e-04
3.170000000000002260e-01,-4.126790263624205979e-01,-9.118677351681465648e-01,-5.724278305709990633e+00,2.576784241873328440e+00,5.673115673015287005e-04
3.180000000000002269e-01,-4.183951433057648828e-01,-9.092730172411852552e-01,-5.707918175733472488e+00,2.612634360846118664e+00,5.691011936761694199e-04
3.190000000000002278e-01,-4.240947880132671099e-01,-9.066425011821490632e-01,-5.691333944626810748e+00,2.648380273077148406e+00,5.708908200506151998e-04
3.200000000000002287e-01,-4.297777367170417806e-01,-9.039762918959046711e-01,-5.674526280318876736e+00,2.684020583034169682e+00,5.726804464248653895e-04
3.210000000000002296e-01,-4.354437663214460463e-01,-9.012744956806891805e-01,-5.657495859361213242e+00,2.719553899517472395e+00,5.744700727989194471e-04
3.220000000000002305e-01,-4.410926544116879899e-01,-8.985372202237512651e-01,-5.640243366899309940e+00,2.754978835712299290e+00,5.762596991727767220e-04
3.230000000000002314e-01,-4.467241792624060404e-01,-8.957645745969401441e-01,-5.622769496643572396e+00,2.790294009241062412e+00,5.780493255464365637e-04
3.240000000000002323e-01,-4.523381198462192998e-01,-8.929566692522422633e-01,-5.605074950839981085e+00,2.825498042215360162e+00,5.798389519198984300e-04
3.250000000000002331e-01,-4.579342558422482834e-01,-8.901136160172664624e-01,-5.587160440240448445e+00,2.860589561287793181e+00,5.816285782931616705e-04
3.260000000000002340e-01,-4.635123676446059049e-01,-8.872355280906768504e-01,-5.569026684072874822e+00,2.895567197703577733e+00,5.834182046662256347e-04
3.270000000000002349e-01,-4.690722363708584308e-01,-8.843225200375744999e-01,-5.550674410010897120e+00,2.930429587351954801e+00,5.852078310390897804e-04
3.280000000000002358e-01,-4.746136438704558480e-01,-8.813747077848280709e-01,-5.532104354143343450e+00,2.965175370817392242e+00,5.869974574117534571e-04
3.290000000000002367e-01,-4.801363727331318110e-01,-8.783922086163528098e-01,-5.513317260943384035e+00,2.999803193430581327e+00,5.887870837842160143e-04
3.300000000000002376e-01,-4.856402062972722811e-01,-8.753751411683389216e-01,-5.494313883237389007e+00,3.034311705319221453e+00,5.905767101564769099e-04
3.310000000000002385e-01,-4.911249286582531348e-01,-8.723236254244293164e-01,-5.475094982173485114e+00,3.068699561458597014e+00,5.923663365285354934e-04
3.320000000000002394e-01,-4.965903246767460755e-01,-8.692377827108470623e-01,-5.455661327189825549e+00,3.102965421721939787e+00,5.941559629003911143e-04
3.330000000000002403e-01,-5.020361799869925701e-01,-8.661177356914717684e-01,-5.436013695982560456e+00,3.137107950930577704e+00,5.959455892720432304e-04
3.340000000000002411e-01,-5.074622810050457566e-01,-8.629636083628671184e-01,-5.416152874473518786e+00,3.171125818903869131e+00,5.977352156434911912e-04
3.350000000000002420e-01,-5.128684149369799883e-01,-8.597755260492576657e-01,-5.396079656777602374e+00,3.205017700508919987e+00,5.995248420147344546e-04
3.360000000000002429e-01,-5.182543697870672927e-01,-8.565536153974562250e-01,-5.375794845169886926e+00,3.238782275710081926e+00,6.013144683857722618e-04
3.370000000000002438e-01,-5.236199343659210248e-01,-8.532980043717421914e-01,-5.355299250052441451e+00,3.272418229618230701e+00,6.031040947566041789e-04
3.380000000000002447e-01,-5.289648982986061565e-01,-8.500088222486904543e-01,-5.334593689920859916e+00,3.305924252539822472e+00,6.048937211272294471e-04
3.390000000000002456e-01,-5.342890520327161497e-01,-8.466861996119510181e-01,-5.313678991330508694e+00,3.339299040025728971e+00,6.066833474976475243e-04
3.400000000000002465e-01,-5.395921868464153004e-01,-8.433302683469808825e-01,-5.292555988862495120e+00,3.372541292919845723e+00,6.084729738678577599e-04
3.410000000000002474e-01,-5.448740948564476660e-01,-8.399411616357261856e-01,-5.271225525089350050e+00,3.405649717407477350e+00,6.102626002378596119e-04
3.420000000000002482e-01,-5.501345690261112420e-01,-8.365190139512571621e-01,-5.249688450540439533e+00,3.438623025063491490e+00,6.120522266076523213e-04
3.430000000000002491e-01,-5.553734031731971665e-01,-8.330639610523543626e-01,-5.227945623667090480e+00,3.471459932900248457e+00,6.138418529772354543e-04
3.440000000000002500e-01,-5.605903919778943978e-01,-8.295761399780473555e-01,-5.205997910807445450e+00,3.504159163415297762e+00,6.156314793466082522e-04
3.450000000000002509e-01,-5.657853309906585304e-01,-8.260556890421058007e-01,-5.183846186151044755e+00,3.536719444638842358e+00,6.174211057157701727e-04
3.460000000000002518e-01,-5.709580166400456402e-01,-8.225027478274830051e-01,-5.161491331703129681e+00,3.569139510180973307e+00,6.192107320847205654e-04
3.470000000000002527e-01,-5.761082462405099358e-01,-8.189174571807128489e-01,-5.138934237248681036e+00,3.601418099278665963e+00,6.210003584534588882e-04
3.480000000000002536e-01,-5.812358180001653274e-01,-8.152999592062591949e-01,-5.116175800316184130e+00,3.633553956842543453e+00,6.227899848219844905e-04
3.490000000000002545e-01,-5.863405310285108030e-01,-8.116503972608190010e-01,-5.093216926141128198e+00,3.665545833503401241e+00,6.245796111902967218e-04
3.500000000000002554e-01,-5.914221853441189447e-01,-8.079689159475791360e-01,-5.070058527629238476e+00,3.697392485658493655e+00,6.263692375583950400e-04
3.510000000000002562e-01,-5.964805818822879191e-01,-8.042556611104267894e-01,-5.046701525319441828e+00,3.729092675517579725e+00,6.281588639262787946e-04
3.520000000000002571e-01,-6.015155225026558306e-01,-8.005107798281140274e-01,-5.023146847346574795e+00,3.760645171148729204e+00,6.299484902939473351e-04
3.530000000000002580e-01,-6.065268099967778825e-01,-7.967344204083767201e-01,-4.999395429403822533e+00,3.792048746523884795e+00,6.317381166614001193e-04
3.540000000000002589e-01,-6.115142480956659021e-01,-7.929267323820079483e-01,-4.975448214704904615e+00,3.823302181564181446e+00,6.335277430286364968e-04
3.550000000000002598e-01,-6.164776414772898949e-01,-7.890878664968862255e-01,-4.951306153945998823e+00,3.854404262185018748e+00,6.353173693956558170e-04
3.560000000000002607e-01,-6.214167957740411863e-01,-7.852179747119588660e-01,-4.926970205267408254e+00,3.885353780340888186e+00,6.371069957624575378e-04
3.570000000000002616e-01,-6.263315175801575929e-01,-7.813172101911806111e-01,-4.902441334214977076e+00,3.916149534069953475e+00,6.388966221290410087e-04
3.580000000000002625e-01,-6.312216144591092926e-01,-7.773857272974077359e-01,-4.877720513701246929e+00,3.946790327538379106e+00,6.406862484954055793e-04
3.590000000000002633e-01,-6.360868949509460579e-01,-7.734236815862478576e-01,-4.852808723966367310e+00,3.977274971084411082e+00,6.424758748615507073e-04
3.600000000000002642e-01,-6.409271685796052997e-01,-7.694312297998661121e-01,-4.827706952538753704e+00,4.007602281262204080e+00,6.442655012274757422e-04
3.610000000000002651e-01,-6.457422458601803639e-01,-7.654085298607473664e-01,-4.802416194195494370e+00,4.037771080885397268e+00,6.460551275931800336e-04
3.620000000000002660e-01,-6.505319383061494154e-01,-7.613557408654150205e-01,-4.776937450922516426e+00,4.067780199070436531e+00,6.478447539586630393e-04
3.630000000000002669e-01,-6.552960584365644658e-01,-7.572730230781066219e-01,-4.751271731874499693e+00,4.097628471279637807e+00,6.496343803239241089e-04
3.640000000000002678e-01,-6.600344197831996551e-01,-7.531605379244067366e-01,-4.725420053334554282e+00,4.127314739363998619e+00,6.514240066889627001e-04
3.650000000000002687e-01,-6.647468368976595654e-01,-7.490184479848368548e-01,-4.699383438673650382e+00,4.156837851605750700e+00,6.532136330537780542e-04
3.660000000000002696e-01,-6.694331253584467900e-01,-7.448469169884027741e-01,-4.673162918309810010e+00,4.186196662760648834e+00,6.550032594183697373e-04
3.670000000000002705e-01,-6.740931017779882017e-01,-7.406461098061004611e-01,-4.646759529667061628e+00,4.215390034100008343e+00,6.567928857827369906e-04
3.680000000000002713e-01,-6.787265838096205872e-01,-7.364161924443793916e-01,-4.620174317134154940e+00,4.244416833452474336e+00,6.585825121468792719e-04
3.690000000000002722e-01,-6.833333901545346478e-01,-7.321573320385642569e-01,-4.593408332023045659e+00,4.273275935245529844e+00,6.603721385107959307e-04
3.700000000000002731e-01,-6.879133405686771452e-01,-7.278696968462357031e-01,-4.566462632527138688e+00,4.301966220546743713e+00,6.621617648744864250e-04
3.710000000000002740e-01,-6.924662558696115244e-01,-7.235534562405697701e-01,-4.539338283679306585e+00,4.330486577104751156e+00,6.639513912379499958e-04
3.720000000000002749e-01,-6.969919579433362378e-01,-7.192087807036362523e-01,-4.512036357309676227e+00,4.358835899389966961e+00,6.657410176011862094e-04
3.730000000000002758e-01,-7.014902697510608798e-01,-7.148358418196567587e-01,-4.484557932003183645e+00,4.387013088635035807e+00,6.675306439641943068e-04
3.740000000000002767e-01,-7.059610153359394680e-01,-7.104348122682225819e-01,-4.456904093056906824e+00,4.415017052875013448e+00,6.693202703269737460e-04
3.750000000000002776e-01,-7.104040198297615349e-01,-7.060058658174719337e-01,-4.429075932437169349e+00,4.442846706987275240e+00,6.711098966895238764e-04
3.760000000000002784e-01,-7.148191094595993667e-01,-7.015491773172278789e-01,-4.401074548736422898e+00,4.470500972731159983e+00,6.728995230518441560e-04
3.770000000000002793e-01,-7.192061115544128302e-01,-6.970649226920969665e-01,-4.372901047129907681e+00,4.497978778787337539e+00,6.746891494139339342e-04
3.780000000000002802e-01,-7.235648545516103480e-01,-6.925532789345280049e-01,-4.344556539332092626e+00,4.525279060796907338e+00,6.764787757757925605e-04
3.790000000000002811e-01,-7.278951680035661287e-01,-6.880144240978323111e-01,-4.316042143552897059e+00,4.552400761400224205e+00,6.782684021374194927e-04
3.800000000000002820e-01,-7.321968825840936557e-01,-6.834485372891651034e-01,-4.287358984453696564e+00,4.579342830275444420e+00,6.800580284988140805e-04
3.810000000000002829e-01,-7.364698300948750997e-01,-6.788557986624687013e-01,-4.258508193103112127e+00,4.606104224176805317e+00,6.818476548599756732e-04
3.820000000000002838e-01,-7.407138434718464337e-01,-6.742363894113770906e-01,-4.229490906932588778e+00,4.632683906972618004e+00,6.836372812209037288e-04
3.830000000000002847e-01,-7.449287567915379160e-01,-6.695904917620834063e-01,-4.200308269691759300e+00,4.659080849682990966e+00,6.854269075815975967e-04
3.840000000000002855e-01,-7.491144052773698325e-01,-6.649182889661691132e-01,-4.170961431403601871e+00,4.685294030517273001e+00,6.872165339420566264e-04
3.850000000000002864e-01,-7.532706253059033852e-01,-6.602199652933959939e-01,-4.141451548319387221e+00,4.711322434911213719e+00,6.890061603022802758e-04
3.860000000000002873e-01,-7.573972544130462836e-01,-6.554957060244618328e-01,-4.111779782873417943e+00,4.737165055563847815e+00,6.907957866622678944e-04
3.870000000000002882e-01,-7.614941313002131507e-01,-6.507456974437182406e-01,-4.081947303637567970e+00,4.762820892474093348e+00,6.925854130220189401e-04
3.880000000000002891e-01,-7.655610958404401867e-01,-6.459701268318529532e-01,-4.051955285275615992e+00,4.788288952977073798e+00,6.943750393815326539e-04
3.890000000000002900e-01,-7.695979890844543148e-01,-6.411691824585353805e-01,-4.021804908497376374e+00,4.813568251780150575e+00,6.961646657408084938e-04
3.900000000000002909e-01,-7.736046532666961406e-01,-6.363430535750265182e-01,-3.991497360012632889e+00,4.838657810998677533e+00,6.979542920998459176e-04
3.910000000000002918e-01,-7.775809318112966162e-01,-6.314919304067533323e-01,-3.961033832484874839e+00,4.863556660191462377e+00,6.997439184586442748e-04
3.920000000000002927e-01,-7.815266693380077401e-01,-6.266160041458473939e-01,-3.930415524484835110e+00,4.888263836395951856e+00,7.015335448172029149e-04
3.930000000000002935e-01,-7.854417116680865174e-01,-6.217154669436492087e-01,-3.899643640443835935e+00,4.912778384163121181e+00,7.033231711755211875e-04
3.940000000000002944e-01,-7.893259058301320685e-01,-6.167905119031769079e-01,-3.868719390606941033e+00,4.937099355592080130e+00,7.051127975335985502e-04
3.950000000000002953e-01,-7.931791000658756641e-01,-6.118413330715612997e-01,-3.837643990985916354e+00,4.961225810364390476e+00,7.069024238914343528e-04
3.960000000000002962e-01,-7.970011438359241307e-01,-6.068681254324460594e-01,-3.806418663312003847e+00,4.985156815778092110e+00,7.086920502490280530e-04
3.970000000000002971e-01,-8.007918878254556283e-01,-6.018710848983546136e-01,-3.775044634988506065e+00,5.008891446781438717e+00,7.104816766063790003e-04
3.980000000000002980e-01,-8.045511839498677986e-01,-5.968504083030230500e-01,-3.743523139043184234e+00,5.032428786006344801e+00,7.122713029634865443e-04
3.990000000000002989e-01,-8.082788853603781742e-01,-5.918062933936998338e-01,-3.711855414080475590e+00,5.055767923801537833e+00,7.140609293203500343e-04
4.000000000000002998e-01,-8.119748464495772922e-01,-5.867389388234126590e-01,-3.680042704233525974e+00,5.078907958265416411e+00,7.158505556769689283e-04
4.010000000000003006e-01,-8.156389228569330685e-01,-5.816485441432024395e-01,-3.648086259116042562e+00,5.101847995278617987e+00,7.176401820333425758e-04
4.020000000000003015e-01,-8.192709714742472116e-01,-5.765353097943247684e-01,-3.615987333773968082e+00,5.124587148536289938e+00,7.194298083894704347e-04
4.030000000000003024e-01,-8.228708504510633404e-01,-5.713994371004195161e-01,-3.583747188636978720e+00,5.147124539580064884e+00,7.212194347453518544e-04
4.040000000000003033e-01,-8.264384192000264751e-01,-5.662411282596485629e-01,-3.551367089469805283e+00,5.169459297829741118e+00,7.230090611009861844e-04
4.050000000000003042e-01,-8.299735384021933449e-01,-5.610605863368017809e-01,-3.518848307323383384e+00,5.191590560614664618e+00,7.247986874563728827e-04
4.060000000000003051e-01,-8.334760700122944010e-01,-5.558580152553719289e-01,-3.486192118485828217e+00,5.213517473204813513e+00,7.265883138115112987e-04
4.070000000000003060e-01,-8.369458772639462030e-01,-5.506336197895986828e-01,-3.453399804433244569e+00,5.235239188841583236e+00,7.283779401664007818e-04
4.080000000000003069e-01,-8.403828246748150654e-01,-5.453876055564818026e-01,-3.420472651780362749e+00,5.256754868768275912e+00,7.301675665210407900e-04
4.090000000000003078e-01,-8.437867780517305238e-01,-5.401201790077642118e-01,-3.387411952231012879e+00,5.278063682260283329e+00,7.319571928754306728e-04
4.100000000000003086e-01,-8.471576044957498386e-01,-5.348315474218849896e-01,-3.354219002528432636e+00,5.299164806654975912e+00,7.337468192295697796e-04
4.110000000000003095e-01,-8.504951724071724284e-01,-5.295219188959026102e-01,-3.320895104405411136e+00,5.320057427381283510e+00,7.355364455834575684e-04
4.120000000000003104e-01,-8.537993514905045656e-01,-5.241915023373884264e-01,-3.287441564534273830e+00,5.340740737988979525e+00,7.373260719370933886e-04
4.130000000000003113e-01,-8.570700127593735562e-01,-5.188405074562916219e-01,-3.253859694476705311e+00,5.361213940177658621e+00,7.391156982904765896e-04
4.140000000000003122e-01,-8.603070285413921825e-01,-5.134691447567748535e-01,-3.220150810633416683e+00,5.381476243825410677e+00,7.409053246436066295e-04
4.150000000000003131e-01,-8.635102724829724075e-01,-5.080776255290216925e-01,-3.186316234193657060e+00,5.401526867017193645e+00,7.426949509964828576e-04
4.160000000000003140e-01,-8.666796195540886760e-01,-5.026661618410155352e-01,-3.152357291084568747e+00,5.421365036072894661e+00,7.444845773491047319e-04
4.170000000000003149e-01,-8.698149460529902566e-01,-4.972349665302909227e-01,-3.118275311920391868e+00,5.440989985575093613e+00,7.462742037014714934e-04
4.180000000000003157e-01,-8.729161296108630674e-01,-4.917842531956569396e-01,-3.084071631951518455e+00,5.460400958396514071e+00,7.480638300535827085e-04
4.190000000000003166e-01,-8.759830491964401000e-01,-4.863142361888935783e-01,-3.049747591013396431e+00,5.479597205727168685e+00,7.498534564054376182e-04
4.200000000000003175e-01,-8.790155851205612159e-01,-4.808251306064210140e-01,-3.015304533475287485e+00,5.498577987101198161e+00,7.516430827570356804e-04
4.210000000000003184e-01,-8.820136190406807630e-01,-4.753171522809421234e-01,-2.980743808188879740e+00,5.517342570423399373e+00,7.534327091083762445e-04
4.220000000000003193e-01,-8.849770339653246776e-01,-4.697905177730586912e-01,-2.946066768436755634e+00,5.535890231995447053e+00,7.552223354594586602e-04
4.230000000000003202e-01,-8.879057142584954043e-01,-4.642454443628616367e-01,-2.911274771880719037e+00,5.554220256541802847e+00,7.570119618102823852e-04
4.240000000000003211e-01,-8.907995456440250814e-01,-4.586821500414953179e-01,-2.876369180509982026e+00,5.572331937235317945e+00,7.588015881608467690e-04
4.250000000000003220e-01,-8.936584152098773215e-01,-4.531008535026964656e-01,-2.841351360589214448e+00,5.590224575722520406e+00,7.605912145111512696e-04
4.260000000000003229e-01,-8.964822114123963681e-01,-4.475017741343080835e-01,-2.806222682606454022e+00,5.607897482148594293e+00,7.623808408611952364e-04
4.270000000000003237e-01,-8.992708240805042941e-01,-4.418851320097683111e-01,-2.770984521220885455e+00,5.625349975182043494e+00,7.641704672109780189e-04
4.280000000000003246e-01,-9.020241444198463521e-01,-4.362511478795749742e-01,-2.735638255210483205e+00,5.642581382039047355e+00,7.659600935604990750e-04
4.290000000000003255e-01,-9.047420650168830347e-01,-4.306000431627259317e-01,-2.700185267419525470e+00,5.659591038507498340e+00,7.677497199097577541e-04
4.300000000000003264e-01,-9.074244798429306202e-01,-4.249320399381352753e-01,-2.664626944705977607e+00,5.676378288970727937e+00,7.695393462587534058e-04
4.310000000000003273e-01,-9.100712842581480944e-01,-4.192473609360263809e-01,-2.628964677888748547e+00,5.692942486430919935e+00,7.713289726074854880e-04
4.320000000000003282e-01,-9.126823750154716697e-01,-4.135462295293013124e-01,-2.593199861694819308e+00,5.709282992532203949e+00,7.731185989559532417e-04
4.330000000000003291e-01,-9.152576502644967915e-01,-4.078288697248875772e-01,-2.557333894706250721e+00,5.725399177583439858e+00,7.749082253041562332e-04
4.340000000000003300e-01,-9.177970095553060759e-01,-4.020955061550620102e-01,-2.521368179307065915e+00,5.741290420580678955e+00,7.766978516520937036e-04
4.350000000000003308e-01,-9.203003538422451779e-01,-3.963463640687526213e-01,-2.485304121630013352e+00,5.756956109229315999e+00,7.784874779997651107e-04
4.360000000000003317e-01,-9.227675854876445927e-01,-3.905816693228182368e-01,-2.449143131503210835e+00,5.772395639965917979e+00,7.802771043471699126e-04
4.370000000000003326e-01,-9.251986082654883869e-01,-3.848016483733065485e-01,-2.412886622396672731e+00,5.787608417979738462e+00,7.820667306943073502e-04
4.380000000000003335e-01,-9.275933273650290856e-01,-3.790065282666907898e-01,-2.376536011368721724e+00,5.802593857233914854e+00,7.838563570411768815e-04
4.390000000000003344e-01,-9.299516493943493778e-01,-3.731965366310853738e-01,-2.340092719012286882e+00,5.817351380486343260e+00,7.856459833877779643e-04
4.400000000000003353e-01,-9.322734823838699780e-01,-3.673719016674409366e-01,-2.303558169401089817e+00,5.831880419310238040e+00,7.874356097341099481e-04
4.410000000000003362e-01,-9.345587357898029746e-01,-3.615328521407187301e-01,-2.266933790035722041e+00,5.846180414114369839e+00,7.892252360801721824e-04
4.420000000000003371e-01,-9.368073204975521096e-01,-3.556796173710451980e-01,-2.230221011789612628e+00,5.860250814162983879e+00,7.910148624259640167e-04
4.430000000000003380e-01,-9.390191488250585472e-01,-3.498124272248465672e-01,-2.193421268854889750e+00,5.874091077595399391e+00,7.928044887714849089e-04
4.440000000000003388e-01,-9.411941345260920189e-01,-3.439315121059642322e-01,-2.156535998688138278e+00,5.887700671445286638e+00,7.945941151167342084e-04
4.450000000000003397e-01,-9.433321927934886775e-01,-3.380371029467507116e-01,-2.119566641956054376e+00,5.901079071659621533e+00,7.963837414617112647e-04
4.460000000000003406e-01,-9.454332402623336629e-01,-3.321294311991472847e-01,-2.082514642480997491e+00,5.914225763117320511e+00,7.981733678064155358e-04
4.470000000000003415e-01,-9.474971950130895992e-01,-3.262087288257425333e-01,-2.045381447186445989e+00,5.927140239647554765e+00,7.999629941508463711e-04
4.480000000000003424e-01,-9.495239765746703586e-01,-3.202752282908133408e-01,-2.008168506042351975e+00,5.939822004047737636e+00,8.017526204950032286e-04
4.490000000000003433e-01,-9.515135059274602014e-01,-3.143291625513476295e-01,-1.970877272010402192e+00,5.952270568101190484e+00,8.035422468388854576e-04
4.500000000000003442e-01,-9.534657055062781827e-01,-3.083707650480498330e-01,-1.933509200989184329e+00,5.964485452594487036e+00,8.053318731824924076e-04
4.510000000000003451e-01,-9.553804992032873811e-01,-3.024002696963291048e-01,-1.896065751759261619e+00,5.976466187334473545e+00,8.071214995258234283e-04
4.520000000000003459e-01,-9.572578123708496145e-01,-2.964179108772705407e-01,-1.858548385928156188e+00,5.988212311164962998e+00,8.089111258688779773e-04
4.530000000000003468e-01,-9.590975718243246462e-01,-2.904239234285902471e-01,-1.820958567875244016e+00,5.999723371983105125e+00,8.107007522116554043e-04
4.540000000000003477e-01,-9.608997058448145445e-01,-2.844185426355737012e-01,-1.783297764696563537e+00,6.010998926755433125e+00,8.124903785541551671e-04
4.550000000000003486e-01,-9.626641441818528655e-01,-2.784020042219986779e-01,-1.745567446149538071e+00,6.022038541533584421e+00,8.142800048963766153e-04
4.560000000000003495e-01,-9.643908180560382126e-01,-2.723745443410422462e-01,-1.707769084597615450e+00,6.032841791469693682e+00,8.160696312383190982e-04
4.570000000000003504e-01,-9.660796601616122858e-01,-2.663363995661728878e-01,-1.669904154954825914e+00,6.043408260831464318e+00,8.178592575799820737e-04
4.580000000000003513e-01,-9.677306046689833074e-01,-2.602878068820273505e-01,-1.631974134630260753e+00,6.053737543016908695e+00,8.196488839213648915e-04
4.590000000000003522e-01,-9.693435872271927156e-01,-2.542290036752732352e-01,-1.593980503472471666e+00,6.063829240568766821e+00,8.214385102624669008e-04
4.600000000000003531e-01,-9.709185449663271239e-01,-2.481602277254572053e-01,-1.555924743713794856e+00,6.073682965188591076e+00,8.232281366032875598e-04
4.610000000000003539e-01,-9.724554164998742145e-01,-2.420817171958391523e-01,-1.517808339914600291e+00,6.083298337750512985e+00,8.250177629438262177e-04
4.620000000000003548e-01,-9.739541419270227873e-01,-2.359937106242129545e-01,-1.479632778907468138e+00,6.092674988314673357e+00,8.268073892840822241e-04
4.630000000000003557e-01,-9.754146628349068537e-01,-2.298964469137138866e-01,-1.441399549741294583e+00,6.101812556140330912e+00,8.285970156240550369e-04
4.640000000000003566e-01,-9.768369223007943303e-01,-2.237901653236130384e-01,-1.403110143625327710e+00,6.110710689698639619e+00,8.303866419637440056e-04
4.650000000000003575e-01,-9.782208648942192220e-01,-2.176751054600992163e-01,-1.364766053873137208e+00,6.119369046685098290e+00,8.321762683031484796e-04
4.660000000000003584e-01,-9.795664366790578503e-01,-2.115515072670484664e-01,-1.326368775846517023e+00,6.127787294031671550e+00,8.339658946422679169e-04
4.670000000000003593e-01,-9.808735852155491264e-01,-2.054196110167817446e-01,-1.287919806899325170e+00,6.135965107918583072e+00,8.357555209811016669e-04
4.680000000000003602e-01,-9.821422595622583129e-01,-1.992796573008108751e-01,-1.249420646321260708e+00,6.143902173785775744e+00,8.375451473196490791e-04
4.690000000000003610e-01,-9.833724102779848319e-01,-1.931318870205731841e-01,-1.210872795281581649e+00,6.151598186344047647e+00,8.393347736579096115e-04
4.700000000000003619e-01,-9.845639894236136724e-01,-1.869765413781552532e-01,-1.172277756772762691e+00,6.159052849585854084e+00,8.411243999958826134e-04
4.710000000000003628e-01,-9.857169505639106211e-01,-1.808138618670060427e-01,-1.133637035554097006e+00,6.166265876795781864e+00,8.429140263335674343e-04
4.720000000000003637e-01,-9.868312487692603163e-01,-1.746440902626396063e-01,-1.094952138095243610e+00,6.173236990560692306e+00,8.447036526709635323e-04
4.730000000000003646e-01,-9.879068406173490136e-01,-1.684674686133278976e-01,-1.056224572519720351e+00,6.179965922779532939e+00,8.464932790080702566e-04
4.740000000000003655e-01,-9.889436841947896184e-01,-1.622842392307838888e-01,-1.017455848548346031e+00,6.186452414672822364e+00,8.482829053448870654e-04
4.750000000000003664e-01,-9.899417390986909870e-01,-1.560946446808354482e-01,-9.786474774426332512e-01,6.192696216791799380e+00,8.500725316814133079e-04
4.760000000000003673e-01,-9.909009664381702720e-01,-1.498989277740901405e-01,-9.398009719481327240e-01,6.198697089027245255e+00,8.518621580176483337e-04
4.770000000000003681e-01,-9.918213288358085356e-01,-1.436973315565914511e-01,-9.009178462377314123e-01,6.204454800617970278e+00,8.536517843535914923e-04
4.780000000000003690e-01,-9.927027904290497418e-01,-1.374900993004666006e-01,-8.619996158549071419e-01,6.209969130158974338e+00,8.554414106892422416e-04
4.790000000000003699e-01,-9.935453168715431271e-01,-1.312774744945664485e-01,-8.230477976569396947e-01,6.215239865609270886e+00,8.572310370245999310e-04
4.800000000000003708e-01,-9.943488753344281728e-01,-1.250597008350977091e-01,-7.840639097580816008e-01,6.220266804299382279e+00,8.590206633596640185e-04
4.810000000000003717e-01,-9.951134345075635101e-01,-1.188370222162478118e-01,-7.450494714726899614e-01,6.225049752938501157e+00,8.608102896944338535e-04
4.820000000000003726e-01,-9.958389646006985396e-01,-1.126096827208028089e-01,-7.060060032583207468e-01,6.229588527621323202e+00,8.625999160289087855e-04
4.830000000000003735e-01,-9.965254373445880942e-01,-1.063779266107585664e-01,-6.669350266587876774e-01,6.233882953834541496e+00,8.643895423630882724e-04
4.840000000000003744e-01,-9.971728259920500381e-01,-1.001419983179256817e-01,-6.278380642471876882e-01,6.237932866463014925e+00,8.661791686969716637e-04
4.850000000000003753e-01,-9.977811053189664658e-01,-9.390214243452836562e-02,-5.887166395688941956e-01,6.241738109795600842e+00,8.679687950305583089e-04
4.860000000000003761e-01,-9.983502516252270587e-01,-8.765860370379767452e-02,-5.495722770845200555e-01,6.245298537530654670e+00,8.697584213638475574e-04
4.870000000000003770e-01,-9.988802427356159308e-01,-8.141162701055940087e-02,-5.104065021128525448e-01,6.248614012781197324e+00,8.715480476968388672e-04
4.880000000000003779e-01,-9.993710580006414101e-01,-7.516145737181692543e-02,-4.712208407737616955e-01,6.251684408079751343e+00,8.733376740295316961e-04
4.890000000000003788e-01,-9.998226782973084203e-01,-6.890833992732948998e-02,-4.320168199310832624e-01,6.254509605382843063e+00,8.751273003619252852e-04
4.900000000000003797e-01,-1.000235086029833687e+00,-6.265251993018605692e-02,-3.927959671354793736e-01,6.257089496075168178e+00,8.769169266940190924e-04
4.910000000000003806e-01,-1.000608265130304542e+00,-5.639424273737517895e-02,-3.535598105672772551e-01,6.259423980973432222e+00,8.787065530258125756e-04
4.920000000000003815e-01,-1.000942201059279446e+00,-5.013375380035123979e-02,-3.143098789792889147e-01,6.261512970329848216e+00,8.804961793573049759e-04
4.930000000000003824e-01,-1.001236880806331886e+00,-4.387129865559732250e-02,-2.750477016396128960e-01,6.263356383835308350e+00,8.822858056884957511e-04
4.940000000000003832e-01,-1.001492292890537650e+00,-3.760712291518507333e-02,-2.357748082744199336e-01,6.264954150622219942e+00,8.840754320193843592e-04
4.950000000000003841e-01,-1.001708427360903819e+00,-3.134147225733192876e-02,-1.964927290107247870e-01,6.266306209267005656e+00,8.858650583499701496e-04
4.960000000000003850e-01,-1.001885275796740693e+00,-2.507459241695596946e-02,-1.572029943191452228e-01,6.267412507792272436e+00,8.876546846802524718e-04
4.970000000000003859e-01,-1.002022831307977535e+00,-1.880672917622879664e-02,-1.179071349566506860e-01,6.268273003668648258e+00,8.894443110102306753e-04
4.980000000000003868e-01,-1.002121088535419924e+00,-1.253812835512674306e-02,-7.860668190930192312e-02,6.268887663816283151e+00,8.912339373399042180e-04
4.990000000000003877e-01,-1.002180043650949814e+00,-6.269035801980720607e-03,-3.930316633498368017e-02,6.269256464606014490e+00,8.930235636692724494e-04
5.000000000000003331e-01,-1.002199694357669202e+00,3.026159748975923436e-07,1.880493868185173501e-06,6.269379391860205430e+00,8.948131899983347189e-04
5.010000000000003340e-01,-1.002180039889986274e+00,6.269641022054087132e-03,3.930692724754289435e-02,6.269256440853241408e+00,8.966028163270904844e-04
5.020000000000003348e-01,-1.002121081013643167e+00,1.253873353957130413e-02,7.861044259633279130e-02,6.268887616311699773e+00,8.983924426555390955e-04
5.030000000000003357e-01,-1.002022820025688432e+00,1.880733430129362047e-02,1.179108952678114136e-01,6.268272932414181042e+00,9.001820689836800100e-04
5.040000000000003366e-01,-1.001885260754389995e+00,2.507519745889252860e-02,1.572067541041098082e-01,6.267412412790809739e+00,9.019716953115125774e-04
5.050000000000003375e-01,-1.001708408559093044e+00,3.134207719239506806e-02,1.964964881191891832e-01,6.266306090522399508e+00,9.037613216390361472e-04
5.060000000000003384e-01,-1.001492270330018419e+00,3.760772771963397099e-02,2.357785665561084043e-01,6.264954008139285158e+00,9.055509479662500688e-04
5.070000000000003393e-01,-1.001236854488005923e+00,4.387190330569645108e-02,2.750514589442841773e-01,6.263356217619820754e+00,9.073405742931538003e-04
5.080000000000003402e-01,-1.000942170984199020e+00,5.013435827237133074e-02,3.143136351567427100e-01,6.261512780388546417e+00,9.091302006197467993e-04
5.090000000000003411e-01,-1.000608231299672024e+00,5.639484700759418018e-02,3.535635654673602857e-01,6.259423767314016729e+00,9.109198269460283071e-04
5.100000000000003419e-01,-1.000235048445001551e+00,6.265312397489010421e-02,3.927997206080918735e-01,6.257089258706301393e+00,9.127094532719977815e-04
5.110000000000003428e-01,-9.998226369597790208e-01,6.890894372281386460e-02,4.320205718261850292e-01,6.254509344314147512e+00,9.144990795976545720e-04
5.120000000000003437e-01,-9.993710129120673136e-01,7.516206089438699778e-02,4.712245909413784739e-01,6.251684123321811448e+00,9.162887059229981365e-04
5.130000000000003446e-01,-9.988801938977995842e-01,8.141223023653161583e-02,5.104102504030822995e-01,6.248613704345556741e+00,9.180783322480278244e-04
5.140000000000003455e-01,-9.983501990401206783e-01,8.765920660950049514e-02,5.495760233475391887e-01,6.245298205429817173e+00,9.198679585727429853e-04
5.150000000000003464e-01,-9.977810489886722589e-01,9.390274499630324456e-02,5.887203836549640412e-01,6.241737754043029440e+00,9.216575848971430771e-04
5.160000000000003473e-01,-9.971727659188197590e-01,1.001426005121280050e-01,6.278418060066603967e-01,6.237932487073130972e+00,9.234472112212274491e-04
5.170000000000003482e-01,-9.965253735308230443e-01,1.063785284137586384e-01,6.669387659421125436e-01,6.233882550822723800e+00,9.252368375449954510e-04
5.180000000000003491e-01,-9.958388970489496783e-01,1.126102841089867690e-01,7.060097399160506493e-01,6.229588101003908029e+00,9.270264638684465406e-04
5.190000000000003499e-01,-9.951133632205311219e-01,1.188376231660186327e-01,7.450532053554875800e-01,6.225049302732781342e+00,9.288160901915800674e-04
5.200000000000003508e-01,-9.943488003149617560e-01,1.250603013228761273e-01,7.840676407167254114e-01,6.220266330523605447e+00,9.306057165143953808e-04
5.210000000000003517e-01,-9.935452381226413943e-01,1.312780744967919078e-01,8.230515255423304088e-01,6.215239368282641230e+00,9.323953428368919388e-04
5.220000000000003526e-01,-9.927027079538605081e-01,1.374906987935982372e-01,8.620033405180739239e-01,6.209968609301649067e+00,9.341849691590690908e-04
5.230000000000003535e-01,-9.918212426376283863e-01,1.436979305171090515e-01,9.009215675298378745e-01,6.204454256251059618e+00,9.359745954809261864e-04
5.240000000000003544e-01,-9.909008765204446734e-01,1.498995261784950850e-01,9.398046897204834771e-01,6.198696521172811558e+00,9.377642218024626834e-04
5.250000000000003553e-01,-9.899416454650139530e-01,1.560952425056516268e-01,9.786511915466798994e-01,6.192695625472857124e+00,9.395538481236779312e-04
5.260000000000003562e-01,-9.889435868489037107e-01,1.622848364525587006e-01,1.017459558835693390e+00,6.186451799913334604e+00,9.413434744445713879e-04
5.270000000000003570e-01,-9.879067395631451198e-01,1.684680652086331665e-01,1.056228278842132662e+00,6.179965284604413078e+00,9.431331007651422944e-04
5.280000000000003579e-01,-9.868311440107774279e-01,1.746446862080725526e-01,1.094955840304650652e+00,6.173236328995800548e+00,9.449227270853902171e-04
5.290000000000003588e-01,-9.857168421053356111e-01,1.808144571391901989e-01,1.133640733502600195e+00,6.166265191867926987e+00,9.467123534053143970e-04
5.300000000000003597e-01,-9.845638772692814067e-01,1.869771359537414357e-01,1.172281450312641526e+00,6.159052141322788998e+00,9.485019797249142921e-04
5.310000000000003606e-01,-9.833722944323776138e-01,1.931324808762404366e-01,1.210876484265299702e+00,6.151597454774469398e+00,9.502916060441892517e-04
5.320000000000003615e-01,-9.821421400300061055e-01,1.992802504132674402e-01,1.249424330601471622e+00,6.143901418939325509e+00,9.520812323631387339e-04
5.330000000000003624e-01,-9.808734620014289973e-01,2.054202033627659518e-01,1.287923486328878875e+00,6.135964329825844388e+00,9.538708586817619796e-04
5.340000000000003633e-01,-9.795663097879939718e-01,2.115520988233297039e-01,1.326372450278466175e+00,6.127786492724167644e+00,9.556604850000585552e-04
5.350000000000003642e-01,-9.782207343312824266e-01,2.176756962034788745e-01,1.364769723160742965e+00,6.119368222195291196e+00,9.574501113180277018e-04
5.360000000000003650e-01,-9.768367880712023332e-01,2.237907552309254255e-01,1.403113807622065723e+00,6.110709842059929287e+00,9.592397376356688772e-04
5.370000000000003659e-01,-9.754145249440236976e-01,2.298970359618272008e-01,1.441403208300861216e+00,6.101811685387052542e+00,9.610293639529814309e-04
5.380000000000003668e-01,-9.739540003803587309e-01,2.359942987900301714e-01,1.479636431883786907e+00,6.092674094482097402e+00,9.628189902699648209e-04
5.390000000000003677e-01,-9.724552713030855111e-01,2.420823044562989967e-01,1.517811987161827414e+00,6.083297420874843375e+00,9.646086165866183965e-04
5.400000000000003686e-01,-9.709183961252155770e-01,2.481608140575350674e-01,1.555928385086325694e+00,6.073682025306962551e+00,9.663982429029415074e-04
5.410000000000003695e-01,-9.693434347477056789e-01,2.542295890559820859e-01,1.593984138824946495e+00,6.063828277719244042e+00,9.681878692189336113e-04
5.420000000000003704e-01,-9.677304485572134629e-01,2.602883912884186857e-01,1.631977763817570981e+00,6.053736557238484473e+00,9.699774955345940577e-04
5.430000000000003713e-01,-9.660795004237973105e-01,2.663369829753376994e-01,1.669907777832119855e+00,6.043407252164056942e+00,9.717671218499221962e-04
5.440000000000003721e-01,-9.643906546985603345e-01,2.723751267301119383e-01,1.707772701020304318e+00,6.032840759954146925e+00,9.735567481649174846e-04
5.450000000000003730e-01,-9.626639772112389748e-01,2.784025855681458994e-01,1.745571055973302421e+00,6.022037487211664875e+00,9.753463744795792725e-04
5.460000000000003739e-01,-9.608995352677355273e-01,2.844191229160133449e-01,1.783301367777358815e+00,6.010997849669828419e+00,9.771360007939070176e-04
5.470000000000003748e-01,-9.590973976475953844e-01,2.904245026205803382e-01,1.820962164069306777e+00,5.999722272177420379e+00,9.789256271078999611e-04
5.480000000000003757e-01,-9.572576346014286530e-01,2.964184889581131799e-01,1.858551975092009867e+00,5.988211188683721709e+00,9.807152534215574525e-04
5.490000000000003766e-01,-9.553803178482765945e-01,3.024008466433713571e-01,1.896069333749722752e+00,5.976465042223114033e+00,9.825048797348790580e-04
5.500000000000003775e-01,-9.534655205729224425e-01,3.083713408386847266e-01,1.933512775663367877e+00,5.964484284899360667e+00,9.842945060478641272e-04
5.510000000000003784e-01,-9.515133174231470425e-01,3.143297371630148773e-01,1.970880839225727987e+00,5.952269377869559897e+00,9.860841323605120095e-04
5.520000000000003793e-01,-9.495237845069297578e-01,3.202758017010004510e-01,2.008172065656550487e+00,5.939820791327774963e+00,9.878737586728220544e-04
5.530000000000003801e-01,-9.474969993895937526e-01,3.262093010119856418e-01,2.045384999057564102e+00,5.927139004488338081e+00,9.896633849847938282e-04
5.540000000000003810e-01,-9.454330410908964311e-01,3.321300021390320434e-01,2.082518186467404497e+00,5.914224505568832058e+00,9.914530112964264636e-04
5.550000000000003819e-01,-9.433319900820654746e-01,3.380376726179132318e-01,2.119570177916447751e+00,5.901077791772745940e+00,9.932426376077195269e-04
5.560000000000003828e-01,-9.411939282827793685e-01,3.439320804860919178e-01,2.156539526481549895e+00,5.887699369271810035e+00,9.950322639186723675e-04
5.570000000000003837e-01,-9.390189390580937490e-01,3.498129942916791135e-01,2.193424788340690768e+00,5.874089753188004970e+00,9.968218902292843350e-04
5.580000000000003846e-01,-9.368071072153130174e-01,3.556801831023753691e-01,2.230224522827520151e+00,5.860249467575250115e+00,9.986115165395547787e-04
5.590000000000003855e-01,-9.345585190008074417e-01,3.615334165143933576e-01,2.266937292485804445e+00,5.846179045400768715e+00,1.000401142849483265e-03
5.600000000000003864e-01,-9.322732620967756345e-01,3.673724646613617528e-01,2.303561663123772529e+00,5.831879028526132380e+00,1.002190769159068927e-03
5.610000000000003872e-01,-9.299514256179532978e-01,3.731970982232098999e-01,2.340096203868358149e+00,5.817349967687984069e+00,1.003980395468311330e-03
5.620000000000003881e-01,-9.275931001082672323e-01,3.790070884350332792e-01,2.376539487219338831e+00,5.802592422478438650e+00,1.005770021777209824e-03
5.630000000000003890e-01,-9.251983775374356123e-01,3.848022070959388197e-01,2.412890089103366886e+00,5.787606961325165500e+00,1.007559648085763759e-03
5.640000000000003899e-01,-9.227673512975138603e-01,3.905822265778705615e-01,2.449146588927893387e+00,5.772394161471148699e+00,1.009349274393972484e-03
5.650000000000003908e-01,-9.203001161993873414e-01,3.963469198344146127e-01,2.485307569634981562e+00,5.756954608954130137e+00,1.011138900701835566e-03
5.660000000000003917e-01,-9.177967684692095451e-01,4.020960604095835111e-01,2.521371617755007843e+00,5.741288898585731104e+00,1.012928527009352136e-03
5.670000000000003926e-01,-9.152574057447870892e-01,4.078294224465794926e-01,2.557337323460251444e+00,5.725397633930257690e+00,1.014718153316521761e-03
5.680000000000003935e-01,-9.126821270719110979e-01,4.135467806965365534e-01,2.593203280618366691e+00,5.709281427283185550e+00,1.016507779623343792e-03
5.690000000000003944e-01,-9.100710329006350685e-01,4.192479105272406414e-01,2.628968086845738572e+00,5.692940899649330255e+00,1.018297405929817576e-03
5.700000000000003952e-01,-9.074242250814996691e-01,4.249325879318279764e-01,2.664630343560720149e+00,5.676376680720697010e+00,1.020087032235942682e-03
5.710000000000003961e-01,-9.047418068617041342e-01,4.306005895374610537e-01,2.700188656036749180e+00,5.659589408854017734e+00,1.021876658541718240e-03
5.720000000000003970e-01,-9.020238828812243703e-01,4.362516926139819451e-01,2.735641633455341726e+00,5.642579731047967506e+00,1.023666284847143818e-03
5.730000000000003979e-01,-8.992705591688789912e-01,4.418856750825427837e-01,2.770987888958963197e+00,5.625348302920071042e+00,1.025455911152218765e-03
5.740000000000003988e-01,-8.964819431383413972e-01,4.475023155242128792e-01,2.806226039703770603e+00,5.607895788683288529e+00,1.027245537456942430e-03
5.750000000000003997e-01,-8.936581435841003396e-01,4.531013931885624069e-01,2.841354706912230466e+00,5.590222861122292386e+00,1.029035163761314164e-03
5.760000000000004006e-01,-8.907992706773669722e-01,4.586826880022220054e-01,2.876372515925605278e+00,5.572330201569424268e+00,1.030824790065333315e-03
5.770000000000004015e-01,-8.879054359619298342e-01,4.642459805774183934e-01,2.911278096256308956e+00,5.554218499880344773e+00,1.032614416368999449e-03
5.780000000000004023e-01,-8.849767523499578736e-01,4.697910522204853390e-01,2.946070081640129956e+00,5.535888454409366943e+00,1.034404042672311917e-03
5.790000000000004032e-01,-8.820133341177508468e-01,4.753176849403498161e-01,2.980747110088318497e+00,5.517340771984478032e+00,1.036193668975269851e-03
5.800000000000004041e-01,-8.790152969014377593e-01,4.808256614569931808e-01,3.015307823939538778e+00,5.498576167882050392e+00,1.037983295277872817e-03
5.810000000000004050e-01,-8.759827576926237924e-01,4.863147652098866458e-01,3.049750869911682205e+00,5.479595365801241513e+00,1.039772921580120382e-03
5.820000000000004059e-01,-8.729158348339849383e-01,4.917847803664011641e-01,3.084074899153539384e+00,5.460399097838082305e+00,1.041562547882011677e-03
5.830000000000004068e-01,-8.698146480148116755e-01,4.972354918301912785e-01,3.118278567296333126e+00,5.440988104459258068e+00,1.043352174183546270e-03
5.840000000000004077e-01,-8.666793182665003537e-01,5.026666852495524918e-01,3.152360534505104450e+00,5.421363134475577716e+00,1.045141800484723294e-03
5.850000000000004086e-01,-8.635099679579942844e-01,5.080781470257520471e-01,3.186319465529956041e+00,5.401524945015136581e+00,1.046931426785542314e-03
5.860000000000004095e-01,-8.603067207911726522e-01,5.134696643213326750e-01,3.220154029757147818e+00,5.381474301496170121e+00,1.048721053086002679e-03
5.870000000000004103e-01,-8.570697017961891317e-01,5.188410250683888059e-01,3.253862901260041962e+00,5.361211977599602108e+00,1.050510679386103957e-03
5.880000000000004112e-01,-8.537990373267594357e-01,5.241920179768156940e-01,3.287444758849900062e+00,5.340738755241284608e+00,1.052300305685845280e-03
5.890000000000004121e-01,-8.504948550553976805e-01,5.295224325425302858e-01,3.320898286126526155e+00,5.320055424543931544e+00,1.054089931985226214e-03
5.900000000000004130e-01,-8.471572839686031253e-01,5.348320590556636667e-01,3.354222171528755680e+00,5.299162783808750277e+00,1.055879558284246109e-03
5.910000000000004139e-01,-8.437864543619956192e-01,5.401206886087257519e-01,3.387415108384789431e+00,5.278061639486764989e+00,1.057669184582904097e-03
5.920000000000004148e-01,-8.403824978354011987e-01,5.453881131047400022e-01,3.420475794962368532e+00,5.256752806149839863e+00,1.059458810881199961e-03
5.930000000000004157e-01,-8.369455472878875035e-01,5.506341252653501606e-01,3.453402934518790879e+00,5.235237106461396728e+00,1.061248437179132835e-03
5.940000000000004166e-01,-8.334757369127494542e-01,5.558585186388969035e-01,3.486195235350767252e+00,5.213515371146829835e+00,1.063038063476702067e-03
5.950000000000004174e-01,-8.299732021924446368e-01,5.610610876084646259e-01,3.518851410844112237e+00,5.191588438963622210e+00,1.064827689773907224e-03
5.960000000000004183e-01,-8.264380798934797268e-01,5.662416273998989169e-01,3.551370179523272608e+00,5.169457156671157350e+00,1.066617316070747655e-03
5.970000000000004192e-01,-8.228705080612471745e-01,5.713999340897929491e-01,3.583750265100687837e+00,5.147122379000232506e+00,1.068406942367222711e-03
5.980000000000004201e-01,-8.192706260148122643e-01,5.765358046134434478e-01,3.615990396525983197e+00,5.124584968622275305e+00,1.070196568663331739e-03
5.990000000000004210e-01,-8.156385743416518785e-01,5.816490367727761290e-01,3.648089308034992762e+00,5.101845796118256615e+00,1.071986194959074091e-03
6.000000000000004219e-01,-8.119744948923434125e-01,5.867394292442392745e-01,3.680045739198610555e+00,5.078905739947308540e+00,1.073775821254449332e-03
6.010000000000004228e-01,-8.082785307752056170e-01,5.918067815866662196e-01,3.711858434971468945e+00,5.055765686415044868e+00,1.075565447549456811e-03
6.020000000000004237e-01,-8.045508263508904800e-01,5.968508942491057567e-01,3.743526145740440292e+00,5.032426529641584878e+00,1.077355073844095661e-03
6.030000000000004245e-01,-8.007915272269269247e-01,6.018715685786207858e-01,3.775047627372963621e+00,5.008889171529282258e+00,1.079144700138365449e-03
6.040000000000004254e-01,-7.970007802522161011e-01,6.068686068280539914e-01,3.806421641265191003e+00,4.985154521730160937e+00,1.080934326432265741e-03
6.050000000000004263e-01,-7.931787335114784954e-01,6.118418121637613227e-01,3.837646954389954512e+00,4.961223497613051592e+00,1.082723952725795670e-03
6.060000000000004272e-01,-7.893255363196536312e-01,6.167909886733121683e-01,3.868722339344550676e+00,4.937097024230441278e+00,1.084513579018954801e-03
6.070000000000004281e-01,-7.854413392162516994e-01,6.217159413731562223e-01,3.899646574398341059e+00,4.912776034285028182e+00,1.086303205311742268e-03
6.080000000000004290e-01,-7.815262939596576697e-01,6.266164762162569346e-01,3.930418443540167228e+00,4.888261468095984164e+00,1.088092831604157637e-03
6.090000000000004299e-01,-7.775805535213882180e-01,6.314924000996910980e-01,3.961036736525578306e+00,4.863554273564927755e+00,1.089882457896200257e-03
6.100000000000004308e-01,-7.736042720803015804e-01,6.363435208722140191e-01,3.991500248923868899e+00,4.838655406141609383e+00,1.091672084187869478e-03
6.110000000000004317e-01,-7.695976050167602223e-01,6.411696473417902720e-01,4.021807782164927403e+00,4.813565828789305279e+00,1.093461710479164866e-03
6.120000000000004325e-01,-7.655607089067471005e-01,6.459705892830901464e-01,4.051958143585891570e+00,4.788286511949922719e+00,1.095251336770085553e-03
6.130000000000004334e-01,-7.614937415159348522e-01,6.507461574449504571e-01,4.081950146477607788e+00,4.762818433508821059e+00,1.097040963060631107e-03
6.140000000000004343e-01,-7.573968617937092418e-01,6.554961635578003820e-01,4.111782610130896742e+00,4.737162578759347653e+00,1.098830589350800876e-03
6.150000000000004352e-01,-7.532702298671460905e-01,6.602204203410513284e-01,4.141454359882619229e+00,4.711319940367084236e+00,1.100620215640594210e-03
6.160000000000004361e-01,-7.491140070349421309e-01,6.649187415104516052e-01,4.170964227161545246e+00,4.685291518333810856e+00,1.102409841930010676e-03
6.170000000000004370e-01,-7.449283557613002316e-01,6.695909417854043477e-01,4.200311049534020569e+00,4.659078319961190040e+00,1.104199468219049405e-03
6.180000000000004379e-01,-7.407134396697694356e-01,6.742368368962488034e-01,4.229493670749426393e+00,4.632681359814164068e+00,1.105989094507709965e-03
6.190000000000004388e-01,-7.364694235370388142e-01,6.788562435915056481e-01,4.258510940785441790e+00,4.606101659684070704e+00,1.107778720795991488e-03
6.200000000000004396e-01,-7.321964732866869108e-01,6.834489796450845533e-01,4.287361715893095671e+00,4.579340248551484471e+00,1.109568347083893540e-03
6.210000000000004405e-01,-7.278947559828857772e-01,6.880148638634547842e-01,4.316044858641608251e+00,4.552398162548771943e+00,1.111357973371415687e-03
6.220000000000004414e-01,-7.235644398240607122e-01,6.925537160927781599e-01,4.344559237963027343e+00,4.525276444922370800e+00,1.113147599658557063e-03
6.230000000000004423e-01,-7.192056941365049250e-01,6.970653572260041564e-01,4.372903729196652378e+00,4.497976145994793562e+00,1.114937225945317016e-03
6.240000000000004432e-01,-7.148186893679502329e-01,7.015496092099269276e-01,4.401077214133240822e+00,4.470498323126351536e+00,1.116726852231695113e-03
6.250000000000004441e-01,-7.104035970810936851e-01,7.060062950522036918e-01,4.429078581059006758e+00,4.442844040676604322e+00,1.118516478517690704e-03
6.260000000000004450e-01,-7.059605899470802193e-01,7.104352388283348141e-01,4.456906724799395647e+00,4.415014369965538421e+00,1.120306104803303138e-03
6.270000000000004459e-01,-7.014898417389413554e-01,7.148362656886043665e-01,4.484560546762645039e+00,4.387010389234466956e+00,1.122095731088531764e-03
6.280000000000004468e-01,-6.969915273249911447e-01,7.192092018649821616e-01,4.512038954983126793e+00,4.358833183606661166e+00,1.123885357373375932e-03
6.290000000000004476e-01,-6.924658226621780432e-01,7.235538746779858199e-01,4.539340864164461031e+00,4.330483845047708336e+00,1.125674983657835209e-03
6.300000000000004485e-01,-6.879129047893943749e-01,7.278701125435028674e-01,4.566465195722412496e+00,4.301963472325601501e+00,1.127464609941908943e-03
6.310000000000004494e-01,-6.833329518207430509e-01,7.321577449795735326e-01,4.593410877827562189e+00,4.273273170970557366e+00,1.129254236225596267e-03
6.320000000000004503e-01,-6.787261429387609901e-01,7.364166026131323539e-01,4.620176845447747205e+00,4.244414053234570439e+00,1.131043862508896748e-03
6.330000000000004512e-01,-6.740926583876013511e-01,7.406465171867099295e-01,4.646762040390274962e+00,4.215387238050695373e+00,1.132833488791809952e-03
6.340000000000004521e-01,-6.694326794661724644e-01,7.448473215650932566e-01,4.673165411343909170e+00,4.186193850992067311e+00,1.134623115074335012e-03
6.350000000000004530e-01,-6.647463885212360202e-01,7.490188497419454361e-01,4.699385913920620439e+00,4.156835024230655762e+00,1.136412741356471494e-03
6.360000000000004539e-01,-6.600339689404626231e-01,7.531609368463836329e-01,4.725422510697105949e+00,4.127311896495755583e+00,1.138202367638218530e-03
6.370000000000004547e-01,-6.552956051454468245e-01,7.572734191495155143e-01,4.751274171256071988e+00,4.097625613032215064e+00,1.139991993919575687e-03
6.380000000000004556e-01,-6.505314825846800764e-01,7.613561340709339431e-01,4.776939872227281114e+00,4.067777325558403767e+00,1.141781620200542314e-03
6.390000000000004565e-01,-6.457417877264837180e-01,7.654089201851692614e-01,4.802418597328360406e+00,4.037768192223919250e+00,1.143571246481117978e-03
6.400000000000004574e-01,-6.409267080519005511e-01,7.694316172280993849e-01,4.827709337405369006e+00,4.007599377567035326e+00,1.145360872761301812e-03
6.410000000000004583e-01,-6.360864320475463352e-01,7.734240661033169317e-01,4.852811090473124089e+00,3.977272052471890973e+00,1.147150499041093381e-03
6.420000000000004592e-01,-6.312211491984208722e-01,7.773861088884536086e-01,4.877722861755283468e+00,3.946787394125427895e+00,1.148940125320491818e-03
6.430000000000004601e-01,-6.263310499806793441e-01,7.813175888414616299e-01,4.902443663724183054e+00,3.916146585974066952e+00,1.150729751599496690e-03
6.440000000000004610e-01,-6.214163258543636825e-01,7.852183504068509512e-01,4.926972516140428304e+00,3.885350817680132796e+00,1.152519377878107347e-03
6.450000000000004619e-01,-6.164771692560946370e-01,7.890882392218837582e-01,4.951308446092233417e+00,3.854401285078026262e+00,1.154309004156323353e-03
6.460000000000004627e-01,-6.115137735917247630e-01,7.929271021227243255e-01,4.975450488034516283e+00,3.823299190130144964e+00,1.156098630434143843e-03
6.470000000000004636e-01,-6.065263332289521081e-01,7.967347871505446877e-01,4.999397683827737637e+00,3.792045740882552529e+00,1.157888256711568382e-03
6.480000000000004645e-01,-6.015150434898953735e-01,8.005111435575864576e-01,5.023149082776487084e+00,3.760642151420400037e+00,1.159677882988596320e-03
6.490000000000004654e-01,-5.964801006436305508e-01,8.042560218131770133e-01,5.046703741667816878e+00,3.729089641823098322e+00,1.161467509265227006e-03
6.500000000000004663e-01,-5.914217018986895891e-01,8.079692736097016104e-01,5.070060724809315467e+00,3.697389438119245142e+00,1.163257135541459790e-03
6.510000000000004672e-01,-5.863400453955208702e-01,8.116507518685298628e-01,5.093219104066925240e+00,3.665542772241306757e+00,1.165046761817294021e-03
6.520000000000004681e-01,-5.812353301989118259e-01,8.153003107458968168e-01,5.116177958902498268e+00,3.633550881980053937e+00,1.166836388092729266e-03
6.530000000000004690e-01,-5.761077562903745841e-01,8.189178056387383942e-01,5.138936376411094464e+00,3.601415010938757710e+00,1.168626014367764657e-03
6.540000000000004698e-01,-5.709575245604942006e-01,8.225030931904806497e-01,5.161493451358012408e+00,3.569136408487143530e+00,1.170415640642399760e-03
6.550000000000004707e-01,-5.657848368012400320e-01,8.260560312967836216e-01,5.183848286215556378e+00,3.536716329715102969e+00,1.172205266916633926e-03
6.560000000000004716e-01,-5.605898956982403591e-01,8.295764791112376635e-01,5.205999991199538712e+00,3.504156035386170043e+00,1.173994893190466503e-03
6.570000000000004725e-01,-5.553729048230207077e-01,8.330642970510142575e-01,5.227947684305514819e+00,3.471456791890759508e+00,1.175784519463897058e-03
6.580000000000004734e-01,-5.501340686252063072e-01,8.365193468024689771e-01,5.249690491344743748e+00,3.438619871199166678e+00,1.177574145736924724e-03
6.590000000000004743e-01,-5.448735924246882467e-01,8.399414913266980420e-01,5.271227545979885853e+00,3.405646550814337203e+00,1.179363772009549066e-03
6.600000000000004752e-01,-5.395916824037546577e-01,8.433305948650471340e-01,5.292557989760418913e+00,3.372538113724400155e+00,1.181153398281769434e-03
6.610000000000004761e-01,-5.342885455991860377e-01,8.466865229445729168e-01,5.313680972157786009e+00,3.339295848354971064e+00,1.182943024553585179e-03
6.620000000000004770e-01,-5.289643898943159339e-01,8.500091423834562621e-01,5.334595650600266303e+00,3.305921048521224481e+00,1.184732650824995648e-03
6.630000000000004778e-01,-5.236194240110566556e-01,8.532983212963680675e-01,5.355301190507566922e+00,3.272415013379737836e+00,1.186522277096000192e-03
6.640000000000004787e-01,-5.182538575018910132e-01,8.565539290997863375e-01,5.375796765325138615e+00,3.238779047380107912e+00,1.188311903366598378e-03
6.650000000000004796e-01,-5.128679007418291969e-01,8.597758365172649686e-01,5.396081556558206316e+00,3.205014460216340844e+00,1.190101529636789553e-03
6.660000000000004805e-01,-5.074617649203321257e-01,8.629639155846536847e-01,5.416154753805524358e+00,3.171122566778018292e+00,1.191891155906573069e-03
6.670000000000004814e-01,-5.020356620332012687e-01,8.661180396552691230e-01,5.436015554792841264e+00,3.137104687101241129e+00,1.193680782175948274e-03
6.680000000000004823e-01,-4.965898048744351034e-01,8.692380834050168481e-01,5.455663165406082982e+00,3.102962146319350190e+00,1.195470408444914518e-03
6.690000000000004832e-01,-4.911244070280523233e-01,8.723239228374636278e-01,5.475096799724251007e+00,3.068696274613428088e+00,1.197260034713471151e-03
6.700000000000004841e-01,-4.856396828598824600e-01,8.753754352888606372e-01,5.494315680052028306e+00,3.034308407162582988e+00,1.199049660981617738e-03
6.710000000000004849e-01,-4.801358475093240874e-01,8.783924994331162583e-01,5.513319036952097463e+00,2.999799884094013880e+00,1.200839287249353630e-03
6.720000000000004858e-01,-4.746131168810707179e-01,8.813749952867192539e-01,5.532106109277168393e+00,2.965172050432862250e+00,1.202628913516678175e-03
6.730000000000004867e-01,-4.690717076368048910e-01,8.843228042136115352e-01,5.550676144201712070e+00,2.930426256051847478e+00,1.204418539783590723e-03
6.740000000000004876e-01,-4.635118371868607312e-01,8.872358089300105277e-01,5.569028397253401153e+00,2.895563855620693516e+00,1.206208166050090624e-03
6.750000000000004885e-01,-4.579337236818550316e-01,8.901138935091805759e-01,5.587162132344253074e+00,2.860586208555340626e+00,1.207997792316177444e-03
6.760000000000004894e-01,-4.523375860042875840e-01,8.929569433861540562e-01,5.605076621801478254e+00,2.825494678966951945e+00,1.209787418581850316e-03
6.770000000000004903e-01,-4.467236437601105892e-01,8.957648453624005302e-01,5.622771146398027220e+00,2.790290635610709113e+00,1.211577044847108806e-03
6.780000000000004912e-01,-4.410921172702678694e-01,8.985374876104456066e-01,5.640244995382839299e+00,2.754975451834404065e+00,1.213366671111952262e-03
6.790000000000004921e-01,-4.354432275622037718e-01,9.012747596784372872e-01,5.657497466510788442e+00,2.719550505526825646e+00,1.215156297376380036e-03
6.800000000000004929e-01,-4.297771963613424839e-01,9.039765524946613562e-01,5.674527866072327065e+00,2.684017179065943282e+00,1.216945923640391693e-03
6.810000000000004938e-01,-4.240942460825376514e-01,9.066427583720044758e-01,5.691335508922823472e+00,2.648376859266889927e+00,1.218735549903986366e-03
6.820000000000004947e-01,-4.183945998214930184e-01,9.092732710123652140e-01,5.707919718511596407e+00,2.612630937329746494e+00,1.220525176167163621e-03
6.830000000000004956e-01,-4.126784813461540358e-01,9.118679855110130017e-01,5.724279826910637858e+00,2.576780808787126009e+00,1.222314802429922808e-03
6.840000000000004965e-01,-4.069461150880710476e-01,9.144267983608942441e-01,5.740415174843030321e+00,2.540827873451563690e+00,1.224104428692263276e-03
6.850000000000004974e-01,-4.011977261337339451e-01,9.169496074568856958e-01,5.756325111711053211e+00,2.504773535362712522e+00,1.225894054954184374e-03
6.860000000000004983e-01,-3.954335402158792312e-01,9.194363120999953232e-01,5.772008995623975736e+00,2.468619202734344320e+00,1.227683681215685453e-03
6.870000000000004992e-01,-3.896537837047691077e-01,9.218868130015097639e-01,5.787466193425537142e+00,2.432366287901162494e+00,1.229473307476766078e-03
6.880000000000005000e-01,-3.838586835994435287e-01,9.243010122870886081e-01,5.802696080721113425e+00,2.396016207265422082e+00,1.231262933737425598e-03
6.890000000000005009e-01,-3.780484675189449972e-01,9.266788135008051652e-01,5.817698041904568740e+00,2.359570381243365489e+00,1.233052559997663148e-03
6.900000000000005018e-01,-3.722233636935168843e-01,9.290201216091336089e-01,5.832471470184786178e+00,2.323030234211470368e+00,1.234842186257478292e-03
6.910000000000005027e-01,-3.663836009557752127e-01,9.313248430048821636e-01,5.847015767611881465e+00,2.286397194452514103e+00,1.236631812516870597e-03
6.920000000000005036e-01,-3.605294087318545171e-01,9.335928855110725566e-01,5.861330345103098693e+00,2.249672694101454873e+00,1.238421438775839196e-03
6.930000000000005045e-01,-3.546610170325277811e-01,9.358241583847648482e-01,5.875414622468380976e+00,2.212858169091134641e+00,1.240211065034383655e-03
6.940000000000005054e-01,-3.487786564443012272e-01,9.380185723208281923e-01,5.889268028435619584e+00,2.175955059097799626e+00,1.242000691292503107e-03
6.950000000000005063e-01,-3.428825581204837381e-01,9.401760394556570866e-01,5.902890000675579785e+00,2.138964807486447128e+00,1.243790317550197118e-03
6.960000000000005071e-01,-3.369729537722317980e-01,9.422964733708323326e-01,5.916279985826498056e+00,2.101888861255996055e+00,1.245579943807465038e-03
6.970000000000005080e-01,-3.310500756595697869e-01,9.443797890967278175e-01,5.929437439518357778e+00,2.064728670984282477e+00,1.247369570064306432e-03
6.980000000000005089e-01,-3.251141565823862378e-01,9.464259031160616731e-01,5.942361826396830082e+00,2.027485690772886429e+00,1.249159196320720434e-03
6.990000000000005098e-01,-3.191654298714062254e-01,9.484347333673925906e-01,5.955052620146890519e+00,1.990161378191786845e+00,1.250948822576706610e-03
7.000000000000005107e-01,-3.132041293791406056e-01,9.504061992485601795e-01,5.967509303516102648e+00,1.952757194223849080e+00,1.252738448832264309e-03
7.010000000000005116e-01,-3.072304894708117184e-01,9.523402216200701487e-01,5.979731368337566799e+00,1.915274603209147442e+00,1.254528075087392881e-03
7.020000000000005125e-01,-3.012447450152566653e-01,9.542367228084236430e-01,5.991718315552541085e+00,1.877715072789122086e+00,1.256317701342091675e-03
7.030000000000005134e-01,-2.952471313758078808e-01,9.560956266093907363e-01,6.003469655232723134e+00,1.840080073850575149e+00,1.258107327596360040e-03
7.040000000000005143e-01,-2.892378844011516681e-01,9.579168582912274132e-01,6.014984906602196979e+00,1.802371080469505449e+00,1.259896953850197327e-03
7.050000000000005151e-01,-2.832172404161651391e-01,9.597003445978369296e-01,6.026263598059043325e+00,1.764589569854785100e+00,1.261686580103603102e-03
7.060000000000005160e-01,-2.771854362127313398e-01,9.614460137518742178e-01,6.037305267196608760e+00,1.726737022291679802e+00,1.263476206356576714e-03
7.070000000000005169e-01,-2.711427090405336693e-01,9.631537954577941152e-01,6.048109460824440120e+00,1.688814921085214138e+00,1.265265832609117512e-03
7.080000000000005178e-01,-2.650892965978292604e-01,9.648236209048427492e-01,6.058675734988871575e+00,1.650824752503385007e+00,1.267055458861224846e-03
7.090000000000005187e-01,-2.590254370222020985e-01,9.664554227699919675e-01,6.069003654993275099e+00,1.612768005720223163e+00,1.268845085112898065e-03
7.100000000000005196e-01,-2.529513688812959904e-01,9.680491352208169253e-01,6.079092795417961881e+00,1.574646172758707552e+00,1.270634711364136736e-03
7.110000000000005205e-01,-2.468673311635277146e-01,9.696046939183162738e-01,6.088942740139744458e+00,1.536460748433531087e+00,1.272424337614940209e-03
7.120000000000005214e-01,-2.407735632687809935e-01,9.711220360196755053e-01,6.098553082351149790e+00,1.498213230293723441e+00,1.274213963865307832e-03
7.130000000000005222e-01,-2.346703049990813417e-01,9.726011001809721224e-01,6.107923424579285054e+00,1.459905118565129944e+00,1.276003590115238956e-03
7.140000000000005231e-01,-2.285577965492520958e-01,9.740418265598240755e-01,6.117053378704356170e+00,1.421537916092750153e+00,1.277793216364732929e-03
7.150000000000005240e-01,-2.224362784975522644e-01,9.754441568179796906e-01,6.125942565977836374e+00,1.383113128282937643e+00,1.279582842613789101e-03
7.160000000000005249e-01,-2.163059917962963097e-01,9.768080341238501996e-01,6.134590617040285743e+00,1.344632263045462572e+00,1.281372468862407039e-03
7.170000000000005258e-01,-2.101671777624563031e-01,9.781334031549842045e-01,6.142997171938815448e+00,1.306096830735440584e+00,1.283162095110585875e-03
7.180000000000005267e-01,-2.040200780682467907e-01,9.794202101004837457e-01,6.151161880144202065e+00,1.267508344095128248e+00,1.284951721358325175e-03
7.190000000000005276e-01,-1.978649347316926987e-01,9.806684026633625262e-01,6.159084400567648387e+00,1.228868318195588394e+00,1.286741347605624289e-03
7.200000000000005285e-01,-1.917019901071806975e-01,9.818779300628451834e-01,6.166764401577186305e+00,1.190178270378226877e+00,1.288530973852482784e-03
7.210000000000005294e-01,-1.855314868759942726e-01,9.830487430366086077e-01,6.174201561013724415e+00,1.151439720196202554e+00,1.290320600098899791e-03
7.220000000000005302e-01,-1.793536680368330860e-01,9.841807938429641966e-01,6.181395566206740355e+00,1.112654189355713585e+00,1.292110226344874878e-03
7.230000000000005311e-01,-1.731687768963165452e-01,9.852740362629817117e-01,6.188346113989611652e+00,1.073823201657160942e+00,1.293899852590407176e-03
7.240000000000005320e-01,-1.669770570594725501e-01,9.863284256025537378e-01,6.195052910714589522e+00,1.034948282936192676e+00,1.295689478835496252e-03
7.250000000000005329e-01,-1.607787524202111684e-01,9.873439186944016344e-01,6.201515672267410295e+00,9.960309610046289563e-01,1.297479105080141673e-03
7.260000000000005338e-01,-1.545741071517840459e-01,9.883204739000218675e-01,6.207734124081547122e+00,9.570727655912725229e-01,1.299268731324342572e-03
7.270000000000005347e-01,-1.483633656972296877e-01,9.892580511115734998e-01,6.213708001152096649e+00,9.180752282826046828e-01,1.301058357568098296e-03
7.280000000000005356e-01,-1.421467727598050568e-01,9.901566117537062839e-01,6.219437048049304195e+00,8.790398824633701702e-01,1.302847983811408414e-03
7.290000000000005365e-01,-1.359245732934037387e-01,9.910161187853289144e-01,6.224921018931723893e+00,8.399682632570524277e-01,1.304637610054272274e-03
7.300000000000005373e-01,-1.296970124929613388e-01,9.918365367013182166e-01,6.230159677559012010e+00,8.008619074662419735e-01,1.306427236296689226e-03
7.310000000000005382e-01,-1.234643357848480144e-01,9.926178315341682712e-01,6.235152797304355232e+00,7.617223535128994083e-01,1.308216862538658619e-03
7.320000000000005391e-01,-1.172267888172489475e-01,9.933599708555798102e-01,6.239900161166528569e+00,7.225511413785160597e-01,1.310006488780179803e-03
7.330000000000005400e-01,-1.109846174505328686e-01,9.940629237779897709e-01,6.244401561781590004e+00,6.833498125441738180e-01,1.311796115021252344e-03
7.340000000000005409e-01,-1.047380677476090621e-01,9.947266609560411199e-01,6.248656801434197661e+00,6.441199099305062736e-01,1.313585741261875375e-03
7.350000000000005418e-01,-9.848738596427328296e-02,9.953511545879921707e-01,6.252665692068564596e+00,6.048629778375647081e-01,1.315375367502048462e-03
7.360000000000005427e-01,-9.223281853954286291e-02,9.959363784170657263e-01,6.256428055299037894e+00,5.655805618845890503e-01,1.317164993741770955e-03
7.370000000000005436e-01,-8.597461208598146387e-02,9.964823077327384926e-01,6.259943722420305612e+00,5.262742089496877940e-01,1.318954619981042202e-03
7.380000000000005445e-01,-7.971301338001376968e-02,9.969889193719695397e-01,6.263212534417230692e+00,4.869454671094285980e-01,1.320744246219861771e-03
7.390000000000005453e-01,-7.344826935223056075e-02,9.974561917203683681e-01,6.266234341974310951e+00,4.475958855783414014e-01,1.322533872458228794e-03
7.400000000000005462e-01,-6.718062707768450437e-02,9.978841047133027997e-01,6.269009005484766917e+00,4.082270146483368833e-01,1.324323498696142838e-03
7.410000000000005471e-01,-6.091033376617702166e-02,9.982726398369461407e-01,6.271536395059249536e+00,3.688404056280424337e-01,1.326113124933603251e-03
7.420000000000005480e-01,-5.463763675253670293e-02,9.986217801292632812e-01,6.273816390534171283e+00,3.294376107820577992e-01,1.327902751170609384e-03
7.430000000000005489e-01,-4.836278348688950041e-02,9.989315101809362885e-01,6.275848881479663355e+00,2.900201832701326810e-01,1.329692377407160585e-03
7.440000000000005498e-01,-4.208602152492120496e-02,9.992018161362292705e-01,6.277633767207153603e+00,2.505896770862686695e-01,1.331482003643256204e-03
7.450000000000005507e-01,-3.580759851813252598e-02,9.994326856937920667e-01,6.279170956776562562e+00,2.111476469977481008e-01,1.333271629878895808e-03
7.460000000000005516e-01,-2.952776220408713861e-02,9.996241081074028756e-01,6.280460369003121990e+00,1.716956484840916619e-01,1.335061256114078746e-03
7.470000000000005524e-01,-2.324676039665313568e-02,9.997760741866502654e-01,6.281501932463811499e+00,1.322352376759475256e-01,1.336850882348804368e-03
7.480000000000005533e-01,-1.696484097623822060e-02,9.998885762975533442e-01,6.282295585503416824e+00,9.276797129391400887e-02,1.338640508583072023e-03
7.490000000000005542e-01,-1.068225188001902318e-02,9.999616083631214236e-01,6.282841276240199058e+00,5.329540658729853969e-02,1.340430134816881060e-03
7.500000000000005551e-01,-4.399241092164955270e-03,9.999951658638518426e-01,6.283138962571189978e+00,1.381910127281483353e-02,1.342219761050230829e-03
7.510000000000005560e-01,1.883943365943045734e-03,9.999892458381669513e-01,6.283188612177096566e+00,-2.565938652677898085e-02,1.344009387283120896e-03
7.520000000000005569e-01,8.167053445498492770e-03,9.999438468827890336e-01,6.282990202526823609e+00,-6.513849834409909945e-02,1.345799013515550611e-03
7.530000000000005578e-01,1.444984108005963747e-02,9.998589691530547219e-01,6.282543720881612614e+00,-1.046166754286091544e-01,1.347588639747519324e-03
7.540000000000005587e-01,2.073205819534372496e-02,9.997346143631669069e-01,6.281849164298792587e+00,-1.440923588081453044e-01,1.349378265979026383e-03
7.550000000000005596e-01,2.701345671902478582e-02,9.995707857863859180e-01,6.280906539635145336e+00,-1.835639893504910358e-01,1.351167892210071138e-03
7.560000000000005604e-01,3.329378859053461898e-02,9.993674882551586425e-01,6.279715863549885313e+00,-2.230300078249988771e-01,1.352957518440653156e-03
7.570000000000005613e-01,3.957280577086655371e-02,9.991247281611861375e-01,6.278277162507250431e+00,-2.624888549642571678e-01,1.354747144670771569e-03
7.580000000000005622e-01,4.585026025238160552e-02,9.988425134554296259e-01,6.276590472778702079e+00,-3.019389715257988493e-01,1.356536770900425943e-03
7.590000000000005631e-01,5.212590406861662001e-02,9.985208536480544295e-01,6.274655840444741450e+00,-3.413787983538502657e-01,1.358326397129615629e-03
7.600000000000005640e-01,5.839948930409408212e-02,9.981597598083126188e-01,6.272473321396334178e+00,-3.808067764411173783e-01,1.360116023358339974e-03
7.610000000000005649e-01,6.467076810413313614e-02,9.977592445643636010e-01,6.270042981335940624e+00,-4.202213469906068144e-01,1.361905649586598547e-03
7.620000000000005658e-01,7.093949268466138991e-02,9.973193221030327571e-01,6.267364895778164247e+00,-4.596209514774793892e-01,1.363695275814390479e-03
7.630000000000005667e-01,7.720541534202726708e-02,9.968400081695085735e-01,6.264439150050002070e+00,-4.990040317109336598e-01,1.365484902041715336e-03
7.640000000000005675e-01,8.346828846281233172e-02,9.963213200669774894e-01,6.261265839290703461e+00,-5.383690298961171239e-01,1.367274528268572469e-03
7.650000000000005684e-01,8.972786453364334225e-02,9.957632766561970161e-01,6.257845068451242554e+00,-5.777143886960621755e-01,1.369064154494961227e-03
7.660000000000005693e-01,9.598389615100350047e-02,9.951658983550067950e-01,6.254176952293390990e+00,-6.170385512936447103e-01,1.370853780720880958e-03
7.670000000000005702e-01,1.022361360310426459e-01,9.945292071377779264e-01,6.250261615388402525e+00,-6.563399614535627702e-01,1.372643406946331014e-03
7.680000000000005711e-01,1.084843370193859374e-01,9.938532265348001271e-01,6.246099192115303289e+00,-6.956170635843323957e-01,1.374433033171310959e-03
7.690000000000005720e-01,1.147282521009405643e-01,9.931379816316067144e-01,6.241689826658784135e+00,-7.348683028002991335e-01,1.376222659395820143e-03
7.700000000000005729e-01,1.209676344097002226e-01,9.923834990682379731e-01,6.237033673006703971e+00,-7.740921249836610896e-01,1.378012285619857700e-03
7.710000000000005738e-01,1.272022372385468725e-01,9.915898070384421281e-01,6.232130894947194300e+00,-8.132869768465026405e-01,1.379801911843423195e-03
7.720000000000005747e-01,1.334318140490493576e-01,9.907569352888146996e-01,6.226981666065370291e+00,-8.524513059928349179e-01,1.381591538066516195e-03
7.730000000000005755e-01,1.396561184812586398e-01,9.898849151178752415e-01,6.221586169739646621e+00,-8.915835609806415096e-01,1.383381164289135832e-03
7.740000000000005764e-01,1.458749043634990639e-01,9.889737793750825734e-01,6.215944599137656290e+00,-9.306821913839264937e-01,1.385170790511281672e-03
7.750000000000005773e-01,1.520879257221553482e-01,9.880235624597876187e-01,6.210057157211772427e+00,-9.697456478547615832e-01,1.386960416732952849e-03
7.760000000000005782e-01,1.582949367914549543e-01,9.870343003201242915e-01,6.203924056694234856e+00,-1.008772382185330940e+00,1.388750042954148929e-03
7.770000000000005791e-01,1.644956920232453212e-01,9.860060304518384333e-01,6.197545520091879645e+00,-1.047760847369970660e+00,1.390539669174869260e-03
7.780000000000005800e-01,1.706899460967656601e-01,9.849387918970546885e-01,6.190921779680470749e+00,-1.086709497667199598e+00,1.392329295395113411e-03
7.790000000000005809e-01,1.768774539284129477e-01,9.838326252429812069e-01,6.184053077498633755e+00,-1.125616788661739642e+00,1.394118921614880512e-03
7.800000000000005818e-01,1.830579706815015362e-01,9.826875726205523964e-01,6.176939665341393493e+00,-1.164481177326524008e+00,1.395908547834170130e-03
7.810000000000005826e-01,1.892312517760161295e-01,9.815036777030099469e-01,6.169581804753311083e+00,-1.203301122084687869e+00,1.397698174052981615e-03
7.820000000000005835e-01,1.953970528983577370e-01,9.802809857044214592e-01,6.161979767021226628e+00,-1.242075082871541891e+00,1.399487800271314317e-03
7.830000000000005844e-01,2.015551300110822452e-01,9.790195433781372358e-01,6.154133833166597789e+00,-1.280801521196524018e+00,1.401277426489167584e-03
7.840000000000005853e-01,2.077052393626308835e-01,9.777193990151853420e-01,6.146044293937445779e+00,-1.319478900205128591e+00,1.403067052706540767e-03
7.850000000000005862e-01,2.138471374970527528e-01,9.763806024426043839e-01,6.137711449799897245e+00,-1.358105684740807728e+00,1.404856678923433215e-03
7.860000000000005871e-01,2.199805812637183888e-01,9.750032050217150026e-01,6.129135610929331790e+00,-1.396680341406844938e+00,1.406646305139844493e-03
7.870000000000005880e-01,2.261053278270245548e-01,9.735872596463287509e-01,6.120317097201127154e+00,-1.435201338628197432e+00,1.408435931355773952e-03
7.880000000000005889e-01,2.322211346760893469e-01,9.721328207408955757e-01,6.111256238181005607e+00,-1.473667146713303122e+00,1.410225557571220941e-03
7.890000000000005898e-01,2.383277596344376137e-01,9.706399442585895709e-01,6.101953373114982426e+00,-1.512076237915851662e+00,1.412015183786184810e-03
7.900000000000005906e-01,2.444249608696759946e-01,9.691086876793327809e-01,6.092408850918915597e+00,-1.550427086496515727e+00,1.413804810000664908e-03
7.910000000000005915e-01,2.505124969031574111e-01,9.675391100077573858e-01,6.082623030167651379e+00,-1.588718168784640561e+00,1.415594436214660801e-03
7.920000000000005924e-01,2.565901266196344843e-01,9.659312717711061591e-01,6.072596279083776416e+00,-1.626947963239888439e+00,1.417384062428171838e-03
7.930000000000005933e-01,2.626576092769014048e-01,9.642852350170714182e-01,6.062328975525966612e+00,-1.665114950513836067e+00,1.419173688641197370e-03
7.940000000000005942e-01,2.687147045154241742e-01,9.626010633115722470e-01,6.051821506976937215e+00,-1.703217613511521344e+00,1.420963314853736746e-03
7.950000000000005951e-01,2.747611723679582174e-01,9.608788217364704343e-01,6.041074270530994994e+00,-1.741254437452937953e+00,1.422752941065789315e-03
7.960000000000005960e-01,2.807967732691538099e-01,9.591185768872246831e-01,6.030087672881187189e+00,-1.779223909934473991e+00,1.424542567277354427e-03
7.970000000000005969e-01,2.868212680651481827e-01,9.573203968704834255e-01,6.018862130306056102e+00,-1.817124520990293757e+00,1.426332193488431647e-03
7.980000000000005977e-01,2.928344180231440830e-01,9.554843513016165746e-01,6.007398068655988688e+00,-1.854954763153656705e+00,1.428121819699020110e-03
7.990000000000005986e-01,2.988359848409747888e-01,9.536105113021857704e-01,5.995695923339172673e+00,-1.892713131518175107e+00,1.429911445909119380e-03
8.000000000000005995e-01,3.048257306566546920e-01,9.516989494973532304e-01,5.983756139307149446e+00,-1.930398123799004440e+00,1.431701072118728808e-03
8.010000000000006004e-01,3.108034180579151706e-01,9.497497400132297596e-01,5.971579171039967271e+00,-1.968008240393964714e+00,1.433490698327847960e-03
8.020000000000006013e-01,3.167688100917256389e-01,9.477629584741618096e-01,5.959165482530941027e+00,-2.005541984444591641e+00,1.435280324536475968e-03
8.030000000000006022e-01,3.227216702737988885e-01,9.457386819999566985e-01,5.946515547271007840e+00,-2.042997861897111633e+00,1.437069950744612398e-03
8.040000000000006031e-01,3.286617625980808310e-01,9.436769892030481000e-01,5.933629848232683912e+00,-2.080374381563342201e+00,1.438859576952256384e-03
8.050000000000006040e-01,3.345888515462238089e-01,9.415779601855994718e-01,5.920508877853628782e+00,-2.117670055181510413e+00,1.440649203159407492e-03
8.060000000000006048e-01,3.405027020970434748e-01,9.394416765365476429e-01,5.907153138019805461e+00,-2.154883397476991647e+00,1.442438829366065071e-03
8.070000000000006057e-01,3.464030797359583524e-01,9.372682213285853381e-01,5.893563140048245330e+00,-2.192012926222961067e+00,1.444228455572228688e-03
8.080000000000006066e-01,3.522897504644122435e-01,9.350576791150827516e-01,5.879739404669415137e+00,-2.229057162300958517e+00,1.446018081777897474e-03
8.090000000000006075e-01,3.581624808092785939e-01,9.328101359269492798e-01,5.865682462009186082e+00,-2.266014629761362364e+00,1.447807707983070997e-03
8.100000000000006084e-01,3.640210378322468743e-01,9.305256792694343027e-01,5.851392851570407672e+00,-2.302883855883771425e+00,1.449597334187748606e-03
8.110000000000006093e-01,3.698651891391899205e-01,9.282043981188679016e-01,5.836871122214081886e+00,-2.339663371237290068e+00,1.451386960391929650e-03
8.120000000000006102e-01,3.756947028895127327e-01,9.258463829193412931e-01,5.822117832140143889e+00,-2.376351709740714746e+00,1.453176586595613480e-03
8.130000000000006111e-01,3.815093478054815690e-01,9.234517255793268653e-01,5.807133548867844830e+00,-2.412947408722620146e+00,1.454966212798799443e-03
8.140000000000006120e-01,3.873088931815332758e-01,9.210205194682385965e-01,5.791918849215738518e+00,-2.449449008981340548e+00,1.456755839001487108e-03
8.150000000000006128e-01,3.930931088935643580e-01,9.185528594129324098e-01,5.776474319281276415e+00,-2.485855054844844592e+00,1.458545465203675605e-03
8.160000000000006137e-01,3.988617654081995645e-01,9.160488416941463541e-01,5.760800554420002939e+00,-2.522164094230501252e+00,1.460335091405364502e-03
8.170000000000006146e-01,4.046146337920395464e-01,9.135085640428816101e-01,5.744898159224360867e+00,-2.558374678704733007e+00,1.462124717606553149e-03
8.180000000000006155e-01,4.103514857208866995e-01,9.109321256367236552e-01,5.728767747502097940e+00,-2.594485363542554879e+00,1.463914343807240894e-03
8.190000000000006164e-01,4.160720934889498013e-01,9.083196270961039209e-01,5.712409942254285333e+00,-2.630494707786994901e+00,1.465703970007427304e-03
8.200000000000006173e-01,4.217762300180259993e-01,9.056711704805019414e-01,5.695825375652939115e+00,-2.666401274308396019e+00,1.467493596207111511e-03
8.210000000000006182e-01,4.274636688666604845e-01,9.029868592845886610e-01,5.679014689018252682e+00,-2.702203629863593193e+00,1.469283222406293082e-03
8.220000000000006191e-01,4.331341842392830710e-01,9.002667984343104557e-01,5.661978532795432173e+00,-2.737900345154965276e+00,1.471072848604971367e-03
8.230000000000006199e-01,4.387875509953215181e-01,8.975110942829137572e-01,5.644717566531147313e+00,-2.773489994889359878e+00,1.472862474803145715e-03
8.240000000000006208e-01,4.444235446582909810e-01,8.947198546069116132e-01,5.627232458849586116e+00,-2.808971157836885446e+00,1.474652101000815474e-03
8.250000000000006217e-01,4.500419414248594818e-01,8.918931886019907385e-01,5.609523887428120581e+00,-2.844342416889569680e+00,1.476441727197979996e-03
8.260000000000006226e-01,4.556425181738886776e-01,8.890312068788606137e-01,5.591592538972586013e+00,-2.879602359119882937e+00,1.478231353394638846e-03
8.270000000000006235e-01,4.612250524754498704e-01,8.861340214590436304e-01,5.573439109192166008e+00,-2.914749575839119977e+00,1.480020979590791373e-03
8.280000000000006244e-01,4.667893225998146489e-01,8.832017457706071717e-01,5.555064302773895513e+00,-2.949782662655641818e+00,1.481810605786436927e-03
8.290000000000006253e-01,4.723351075264197174e-01,8.802344946438375173e-01,5.536468833356770425e+00,-2.984700219532971932e+00,1.483600231981574858e-03
8.300000000000006262e-01,4.778621869528059118e-01,8.772323843068557947e-01,5.517653423505473498e+00,-3.019500850847744555e+00,1.485389858176204515e-03
8.310000000000006271e-01,4.833703413035304042e-01,8.741955323811756440e-01,5.498618804683714778e+00,-3.054183165447504678e+00,1.487179484370325247e-03
8.320000000000006279e-01,4.888593517390524279e-01,8.711240578772039278e-01,5.479365717227184795e+00,-3.088745776708352597e+00,1.488969110563936622e-03
8.330000000000006288e-01,4.943290001645914145e-01,8.680180811896829329e-01,5.459894910316123173e+00,-3.123187302592435710e+00,1.490758736757037987e-03
8.340000000000006297e-01,4.997790692389577627e-01,8.648777240930760613e-01,5.440207141947506209e+00,-3.157506365705279539e+00,1.492548362949628693e-03
8.350000000000006306e-01,5.052093423833554642e-01,8.617031097368955672e-01,5.420303178906846320e+00,-3.191701593352959776e+00,1.494337989141708090e-03
8.360000000000006315e-01,5.106196037901564733e-01,8.584943626409736739e-01,5.400183796739614905e+00,-3.225771617599110019e+00,1.496127615333275526e-03
8.370000000000006324e-01,5.160096384316460449e-01,8.552516086906764015e-01,5.379849779722279735e+00,-3.259715075321762523e+00,1.497917241524330569e-03
8.380000000000006333e-01,5.213792320687392623e-01,8.519749751320609965e-01,5.359301920832964861e+00,-3.293530608270021087e+00,1.499706867714872350e-03
8.390000000000006342e-01,5.267281712596677545e-01,8.486645905669765177e-01,5.338541021721726842e+00,-3.327216863120561641e+00,1.501496493904900436e-03
8.400000000000006350e-01,5.320562433686366610e-01,8.453205849481080225e-01,5.317567892680457931e+00,-3.360772491533957851e+00,1.503286120094414176e-03
8.410000000000006359e-01,5.373632365744512862e-01,8.419430895739646870e-01,5.296383352612406448e+00,-3.394196150210831320e+00,1.505075746283412921e-03
8.420000000000006368e-01,5.426489398791128904e-01,8.385322370838117489e-01,5.274988229001323248e+00,-3.427486500947819703e+00,1.506865372471896019e-03
8.430000000000006377e-01,5.479131431163838384e-01,8.350881614525464958e-01,5.253383357880231586e+00,-3.460642210693365417e+00,1.508654998659863036e-03
8.440000000000006386e-01,5.531556369603211065e-01,8.316109979855187406e-01,5.231569583799820400e+00,-3.493661951603315607e+00,1.510444624847313323e-03
8.450000000000006395e-01,5.583762129337777047e-01,8.281008833132955660e-01,5.209547759796468114e+00,-3.526544401096338266e+00,1.512234251034246229e-03
8.460000000000006404e-01,5.635746634168723457e-01,8.245579553863709998e-01,5.187318747359888071e+00,-3.559288241909143835e+00,1.514023877220661103e-03
8.470000000000006413e-01,5.687507816554268070e-01,8.209823534698204028e-01,5.164883416400408045e+00,-3.591892162151517631e+00,1.515813503406557294e-03
8.480000000000006422e-01,5.739043617693694310e-01,8.173742181379000105e-01,5.142242645215873154e+00,-3.624354855361154204e+00,1.517603129591934153e-03
8.490000000000006430e-01,5.790351987611064288e-01,8.137336912685915191e-01,5.119397320458184630e+00,-3.656675020558293188e+00,1.519392755776791245e-03
8.500000000000006439e-01,5.841430885238586557e-01,8.100609160380924934e-01,5.096348337099466441e+00,-3.688851362300155312e+00,1.521182381961127704e-03
8.510000000000006448e-01,5.892278278499651911e-01,8.063560369152522611e-01,5.073096598397865087e+00,-3.720882590735174578e+00,1.522972008144943094e-03
8.520000000000006457e-01,5.942892144391517251e-01,8.026191996559534081e-01,5.049643015862986140e+00,-3.752767421657023039e+00,1.524761634328236767e-03
8.530000000000006466e-01,5.993270469067648598e-01,7.988505512974399814e-01,5.025988509220961298e+00,-3.784504576558428202e+00,1.526551260511008288e-03
8.540000000000006475e-01,6.043411247919708851e-01,7.950502401525912921e-01,5.002134006379154840e+00,-3.816092782684777251e+00,1.528340886693256790e-03
8.550000000000006484e-01,6.093312485659190259e-01,7.912184158041427606e-01,4.978080443390507703e+00,-3.847530773087508127e+00,1.530130512874981839e-03
8.560000000000006493e-01,6.142972196398696072e-01,7.873552290988531377e-01,4.953828764417517405e+00,-3.878817286677284315e+00,1.531920139056182567e-03
8.570000000000006501e-01,6.192388403732846935e-01,7.834608321416188792e-01,4.929379921695860034e+00,-3.909951068276948494e+00,1.533709765236858542e-03
8.580000000000006510e-01,6.241559140818836449e-01,7.795353782895354522e-01,4.904734875497655189e+00,-3.940930868674256349e+00,1.535499391417009113e-03
8.590000000000006519e-01,6.290482450456605923e-01,7.755790221459062384e-01,4.879894594094367655e+00,-3.971755444674384350e+00,1.537289017596633845e-03
8.600000000000006528e-01,6.339156385168651653e-01,7.715919195541990350e-01,4.854860053719360025e+00,-4.002423559152211041e+00,1.539078643775731873e-03
8.610000000000006537e-01,6.387579007279455823e-01,7.675742275919500424e-01,4.829632238530084720e+00,-4.032933981104367405e+00,1.540868269954302761e-03
8.620000000000006546e-01,6.435748388994537716e-01,7.635261045646164479e-01,4.804212140569925182e+00,-4.063285485701056743e+00,1.542657896132345642e-03
8.630000000000006555e-01,6.483662612479119680e-01,7.594477099993770519e-01,4.778600759729686231e+00,-4.093476854337638748e+00,1.544447522309860083e-03
8.640000000000006564e-01,6.531319769936405617e-01,7.553392046388810455e-01,4.752799103708730932e+00,-4.123506874685976875e+00,1.546237148486845434e-03
8.650000000000006573e-01,6.578717963685475345e-01,7.512007504349464959e-01,4.726808187975769293e+00,-4.153374340745545013e+00,1.548026774663301261e-03
8.660000000000006581e-01,6.625855306238774833e-01,7.470325105422067624e-01,4.700629035729300575e+00,-4.183078052894289911e+00,1.549816400839226695e-03
8.670000000000006590e-01,6.672729920379220081e-01,7.428346493117070626e-01,4.674262677857706549e+00,-4.212616817939253799e+00,1.551606027014621305e-03
8.680000000000006599e-01,6.719339939236892434e-01,7.386073322844499689e-01,4.647710152899002800e+00,-4.241989449166943871e+00,1.553395653189484438e-03
8.690000000000006608e-01,6.765683506365332001e-01,7.343507261848908341e-01,4.620972507000243645e+00,-4.271194766393454856e+00,1.555185279363815445e-03
8.700000000000006617e-01,6.811758775817424727e-01,7.300649989143834784e-01,4.594050793876588656e+00,-4.300231596014337576e+00,1.556974905537613675e-03
8.710000000000006626e-01,6.857563912220876468e-01,7.257503195445756949e-01,4.566946074770025454e+00,-4.329098771054214367e+00,1.558764531710878478e-03
8.720000000000006635e-01,6.903097090853274054e-01,7.214068583107555721e-01,4.539659418407758551e+00,-4.357795131216135154e+00,1.560554157883609419e-03
8.730000000000006644e-01,6.948356497716726698e-01,7.170347866051484109e-01,4.512191900960253577e+00,-4.386319522930673287e+00,1.562343784055805632e-03
8.740000000000006652e-01,6.993340329612089956e-01,7.126342769701649038e-01,4.484544605998953770e+00,-4.414670799404760260e+00,1.564133410227466683e-03
8.750000000000006661e-01,7.038046794212761137e-01,7.082055030916002414e-01,4.456718624453658073e+00,-4.442847820670255743e+00,1.565923036398591921e-03
8.760000000000006670e-01,7.082474110138048395e-01,7.037486397917852576e-01,4.428715054569567933e+00,-4.470849453632248505e+00,1.567712662569180912e-03
8.770000000000006679e-01,7.126620507026107942e-01,6.992638630226890584e-01,4.400535001864005480e+00,-4.498674572117088211e+00,1.569502288739232790e-03
8.780000000000006688e-01,7.170484225606448270e-01,6.947513498589739100e-01,4.372179579082797751e+00,-4.526322056920146331e+00,1.571291914908746904e-03
8.790000000000006697e-01,7.214063517771996947e-01,6.902112784910022780e-01,4.343649906156341167e+00,-4.553790795853299933e+00,1.573081541077722819e-03
8.800000000000006706e-01,7.257356646650723331e-01,6.856438282177969024e-01,4.314947110155332943e+00,-4.581079683792140145e+00,1.574871167246159886e-03
8.810000000000006715e-01,7.300361886676819401e-01,6.810491794399534671e-01,4.286072325246184533e+00,-4.608187622722902610e+00,1.576660793414057455e-03
8.820000000000006724e-01,7.343077523661432071e-01,6.764275136525066401e-01,4.257026692646110888e+00,-4.635113521789110180e+00,1.578450419581414873e-03
8.830000000000006732e-01,7.385501854862948079e-01,6.717790134377495948e-01,4.227811360577897304e+00,-4.661856297337939381e+00,1.580240045748231709e-03
8.840000000000006741e-01,7.427633189056819241e-01,6.671038624580073462e-01,4.198427484224353634e+00,-4.688414872966293778e+00,1.582029671914507093e-03
8.850000000000006750e-01,7.469469846604933627e-01,6.624022454483640132e-01,4.168876225682446091e+00,-4.714788179566593129e+00,1.583819298080240594e-03
8.860000000000006759e-01,7.511010159524529328e-01,6.576743482093445614e-01,4.139158753917118183e+00,-4.740975155372266769e+00,1.585608924245431560e-03
8.870000000000006768e-01,7.552252471556638591e-01,6.529203575995511377e-01,4.109276244714796356e+00,-4.766974746002957453e+00,1.587398550410079340e-03
8.880000000000006777e-01,7.593195138234071218e-01,6.481404615282545523e-01,4.079229880636586536e+00,-4.792785904509426764e+00,1.589188176574183285e-03
8.890000000000006786e-01,7.633836526948925005e-01,6.433348489479405741e-01,4.049020850971160712e+00,-4.818407591418162994e+00,1.590977802737742960e-03
8.900000000000006795e-01,7.674175017019624345e-01,6.385037098468121508e-01,4.018650351687336197e+00,-4.843838774775689693e+00,1.592767428900757716e-03
8.910000000000006803e-01,7.714208999757485863e-01,6.336472352412474418e-01,3.988119585386352028e+00,-4.869078430192567808e+00,1.594557055063226684e-03
8.920000000000006812e-01,7.753936878532797783e-01,6.287656171682136641e-01,3.957429761253838052e+00,-4.894125540887099390e+00,1.596346681225149430e-03
8.930000000000006821e-01,7.793357068840427448e-01,6.238590486776378619e-01,3.926582095011485585e+00,-4.918979097728715111e+00,1.598136307386525306e-03
8.940000000000006830e-01,7.832467998364935902e-01,6.189277238247341550e-01,3.895577808868418757e+00,-4.943638099281061571e+00,1.599925933547353876e-03
8.950000000000006839e-01,7.871268107045209517e-01,6.139718376622879115e-01,3.864418131472266982e+00,-4.968101551844767982e+00,1.601715559707634273e-03
8.960000000000006848e-01,7.909755847138598694e-01,6.089915862328978413e-01,3.833104297859944332e+00,-4.992368469499907313e+00,1.603505185867366064e-03
8.970000000000006857e-01,7.947929683284562508e-01,6.039871665611752372e-01,3.801637549408134031e+00,-5.016437874148133247e+00,1.605294812026548598e-03
8.980000000000006866e-01,7.985788092567818186e-01,5.989587766459014695e-01,3.770019133783482523e+00,-5.040308795554506283e+00,1.607084438185181225e-03
8.990000000000006875e-01,8.023329564580991002e-01,5.939066154521439600e-01,3.738250304892505316e+00,-5.063980271388992982e+00,1.608874064343263294e-03
9.000000000000006883e-01,8.060552601486761226e-01,5.888308829033302993e-01,3.706332322831204173e+00,-5.087451347267646362e+00,1.610663690500794155e-03
9.010000000000006892e-01,8.097455718079504816e-01,5.837317798732821750e-01,3.674266453834400536e+00,-5.110721076793459439e+00,1.612453316657773373e-03
9.020000000000006901e-01,8.134037441846427852e-01,5.786095081782078875e-01,3.642053970224786941e+00,-5.133788521596893695e+00,1.614242942814200299e-03
9.030000000000006910e-01,8.170296313028191371e-01,5.734642705686545661e-01,3.609696150361696443e+00,-5.156652751376076260e+00,1.616032568970074065e-03
9.040000000000006919e-01,8.206230884679015514e-01,5.682962707214210818e-01,3.577194278589595378e+00,-5.179312843936668465e+00,1.617822195125394238e-03
9.050000000000006928e-01,8.241839722726276296e-01,5.631057132314301050e-01,3.544549645186298559e+00,-5.201767885231398658e+00,1.619611821280160383e-03
9.060000000000006937e-01,8.277121406029579465e-01,5.578928036035618598e-01,3.511763546310911810e+00,-5.224016969399260191e+00,1.621401447434371633e-03
9.070000000000006946e-01,8.312074526439308109e-01,5.526577482444481326e-01,3.478837283951501380e+00,-5.246059198804374546e+00,1.623191073588027555e-03
9.080000000000006954e-01,8.346697688854651798e-01,5.474007544542280890e-01,3.445772165872495130e+00,-5.267893684074510752e+00,1.624980699741127282e-03
9.090000000000006963e-01,8.380989511281107252e-01,5.421220304182652328e-01,3.412569505561817262e+00,-5.289519544139268170e+00,1.626770325893670379e-03
9.100000000000006972e-01,8.414948624887446105e-01,5.368217851988268396e-01,3.379230622177754828e+00,-5.310935906267911122e+00,1.628559952045656196e-03
9.110000000000006981e-01,8.448573674062153094e-01,5.315002287267255321e-01,3.345756840495566653e+00,-5.332141906106860674e+00,1.630349578197084299e-03
9.120000000000006990e-01,8.481863316469324676e-01,5.261575717929233287e-01,3.312149490853826705e+00,-5.353136687716840036e+00,1.632139204347953822e-03
9.130000000000006999e-01,8.514816223104038073e-01,5.207940260400990562e-01,3.278409909100513886e+00,-5.373919403609667356e+00,1.633928830498264330e-03
9.140000000000007008e-01,8.547431078347169642e-01,5.154098039541790133e-01,3.244539436538843358e+00,-5.394489214784700337e+00,1.635718456648014955e-03
9.150000000000007017e-01,8.579706580019678119e-01,5.100051188558313298e-01,3.210539419872846079e+00,-5.414845290764925601e+00,1.637508082797205266e-03
9.160000000000007025e-01,8.611641439436338308e-01,5.045801848919243549e-01,3.176411211152697422e+00,-5.434986809632692761e+00,1.639297708945834610e-03
9.170000000000007034e-01,8.643234381458929638e-01,4.991352170269496846e-01,3.142156167719796223e+00,-5.454912958065094131e+00,1.641087335093902554e-03
9.180000000000007043e-01,8.674484144548871845e-01,4.936704310344098845e-01,3.107775652151599566e+00,-5.474622931368982925e+00,1.642876961241408230e-03
9.190000000000007052e-01,8.705389480819308856e-01,4.881860434881712951e-01,3.073271032206211562e+00,-5.494115933515630879e+00,1.644666587388351206e-03
9.200000000000007061e-01,8.735949156086635359e-01,4.826822717537824214e-01,3.038643680766733191e+00,-5.513391177175022584e+00,1.646456213534730831e-03
9.210000000000007070e-01,8.766161949921471574e-01,4.771593339797584044e-01,3.003894975785372790e+00,-5.532447883749790130e+00,1.648245839680546453e-03
9.220000000000007079e-01,8.796026655699070718e-01,4.716174490888312976e-01,2.969026300227318949e+00,-5.551285283408775584e+00,1.650035465825797423e-03
9.230000000000007088e-01,8.825542080649166898e-01,4.660568367691674263e-01,2.934039042014382481e+00,-5.569902615120226663e+00,1.651825091970483090e-03
9.240000000000007097e-01,8.854707045905262364e-01,4.604777174655514393e-01,2.898934593968403473e+00,-5.588299126684627360e+00,1.653614718114603021e-03
9.250000000000007105e-01,8.883520386553338533e-01,4.548803123705378870e-01,2.863714353754432729e+00,-5.606474074767149318e+00,1.655404344258156347e-03
9.260000000000007114e-01,8.911980951680007479e-01,4.492648434155703807e-01,2.828379723823685410e+00,-5.624426724929737276e+00,1.657193970401142635e-03
9.270000000000007123e-01,8.940087604420084988e-01,4.436315332620690000e-01,2.792932111356271285e+00,-5.642156351662814373e+00,1.658983596543561236e-03
9.280000000000007132e-01,8.967839222003592958e-01,4.379806052924861137e-01,2.757372928203704276e+00,-5.659662238416613533e+00,1.660773222685411497e-03
9.290000000000007141e-01,8.995234695802185598e-01,4.323122836013309489e-01,2.721703590831193509e+00,-5.676943677632130481e+00,1.662562848826692986e-03
9.300000000000007150e-01,9.022272931374994975e-01,4.266267929861636832e-01,2.685925520259717203e+00,-5.693999970771694841e+00,1.664352474967404835e-03
9.310000000000007159e-01,9.048952848513902580e-01,4.209243589385588957e-01,2.650040142007884736e+00,-5.710830428349159327e+00,1.666142101107546611e-03
9.320000000000007168e-01,9.075273381288218033e-01,4.152052076350390974e-01,2.614048886033588204e+00,-5.727434369959710558e+00,1.667931727247117663e-03
9.330000000000007176e-01,9.101233478088783801e-01,4.094695659279786737e-01,2.577953186675443931e+00,-5.743811124309287308e+00,1.669721353386117340e-03
9.340000000000007185e-01,9.126832101671488173e-01,4.037176613364785727e-01,2.541754482594030584e+00,-5.759960029243620383e+00,1.671510979524544992e-03
9.350000000000007194e-01,9.152068229200187588e-01,3.979497220372121835e-01,2.505454216712923898e+00,-5.775880431776877266e+00,1.673300605662400185e-03
9.360000000000007203e-01,9.176940852289043882e-01,3.921659768552426817e-01,2.469053836159530224e+00,-5.791571688119923067e+00,1.675090231799682052e-03
9.370000000000007212e-01,9.201448977044264232e-01,3.863666552548124522e-01,2.432554792205725569e+00,-5.807033163708185342e+00,1.676879857936390160e-03
9.380000000000007221e-01,9.225591624105249355e-01,3.805519873301046463e-01,2.395958540208295684e+00,-5.822264233229130781e+00,1.678669484072523857e-03
9.390000000000007230e-01,9.249367828685143289e-01,3.747222037959777041e-01,2.359266539549188302e+00,-5.837264280649344883e+00,1.680459110208082493e-03
9.400000000000007239e-01,9.272776640610786991e-01,3.688775359786727326e-01,2.322480253575573972e+00,-5.852032699241218161e+00,1.682248736343065418e-03
9.410000000000007248e-01,9.295817124362066863e-01,3.630182158064945708e-01,2.285601149539720378e+00,-5.866568891609231784e+00,1.684038362477472198e-03
9.420000000000007256e-01,9.318488359110665975e-01,3.571444758004667652e-01,2.248630698538683692e+00,-5.880872269715850642e+00,1.685827988611301965e-03
9.430000000000007265e-01,9.340789438758212437e-01,3.512565490649607325e-01,2.211570375453818738e+00,-5.894942254907011403e+00,1.687617614744554287e-03
9.440000000000007274e-01,9.362719471973814933e-01,3.453546692782997751e-01,2.174421658890109743e+00,-5.908778277937210888e+00,1.689407240877228511e-03
9.450000000000007283e-01,9.384277582230996506e-01,3.394390706833380622e-01,2.137186031115327900e+00,-5.922379778994193877e+00,1.691196867009323989e-03
9.460000000000007292e-01,9.405462907844017728e-01,3.335099880780153514e-01,2.099864977999014393e+00,-5.935746207723235024e+00,1.692986493140840069e-03
9.470000000000007301e-01,9.426274602003589242e-01,3.275676568058872862e-01,2.062459988951294676e+00,-5.948877023251015750e+00,1.694776119271776318e-03
9.480000000000007310e-01,9.446711832811970355e-01,3.216123127466324338e-01,2.024972556861524886e+00,-5.961771694209096140e+00,1.696565745402131868e-03
9.490000000000007319e-01,9.466773783317453672e-01,3.156441923065356758e-01,1.987404178036774383e+00,-5.974429698756976492e+00,1.698355371531906285e-03
9.500000000000007327e-01,9.486459651548233563e-01,3.096635324089489494e-01,1.949756352140147975e+00,-5.986850524604752088e+00,1.700144997661098920e-03
9.510000000000007336e-01,9.505768650545659559e-01,3.036705704847295628e-01,1.912030582128948275e+00,-5.999033669035358507e+00,1.701934623789709122e-03
9.520000000000007345e-01,9.524700008396864703e-01,2.976655444626563063e-01,1.874228374192683066e+00,-6.010978638926402162e+00,1.703724249917736456e-03
9.530000000000007354e-01,9.543252968266779934e-01,2.916486927598241352e-01,1.836351237690919902e+00,-6.022684950771579615e+00,1.705513876045180056e-03
9.540000000000007363e-01,9.561426788429524537e-01,2.856202542720174820e-01,1.798400685090990825e+00,-6.034152130701686545e+00,1.707303502172039487e-03
9.550000000000007372e-01,9.579220742299167091e-01,2.795804683640628063e-01,1.760378231905550317e+00,-6.045379714505205726e+00,1.709093128298314100e-03
9.560000000000007381e-01,9.596634118459871354e-01,2.735295748601608845e-01,1.722285396629988696e+00,-6.056367247648484664e+00,1.710882754424003244e-03
9.570000000000007390e-01,9.613666220695404885e-01,2.674678140341988364e-01,1.684123700679705182e+00,-6.067114285295491349e+00,1.712672380549106269e-03
9.580000000000007399e-01,9.630316368018028150e-01,2.613954266000430571e-01,1.645894668327241961e+00,-6.077620392327155230e+00,1.714462006673622523e-03
9.590000000000007407e-01,9.646583894696751926e-01,2.553126537018126085e-01,1.607599826639283691e+00,-6.087885143360287188e+00,1.716251632797551573e-03
9.600000000000007416e-01,9.662468150284959645e-01,2.492197369041339872e-01,1.569240705413523784e+00,-6.097908122766080297e+00,1.718041258920892768e-03
9.610000000000007425e-01,9.677968499647403577e-01,2.431169181823778502e-01,1.530818837115402786e+00,-6.107688924688187804e+00,1.719830885043645459e-03
9.620000000000007434e-01,9.693084322986564860e-01,2.370044399128775625e-01,1.492335756814718417e+00,-6.117227153060379230e+00,1.721620511165808994e-03
9.630000000000007443e-01,9.707815015868380693e-01,2.308825448631304511e-01,1.453793002122113931e+00,-6.126522421623774584e+00,1.723410137287382723e-03
9.640000000000007452e-01,9.722159989247333156e-01,2.247514761819820461e-01,1.415192113125445017e+00,-6.135574353943652248e+00,1.725199763408365996e-03
9.650000000000007461e-01,9.736118669490904098e-01,2.186114773897936681e-01,1.376534632326029239e+00,-6.144382583425833211e+00,1.726989389528758379e-03
9.660000000000007470e-01,9.749690498403388306e-01,2.124627923685938613e-01,1.337822104574781568e+00,-6.152946753332639851e+00,1.728779015648559221e-03
9.670000000000007478e-01,9.762874933249072740e-01,2.063056653522141459e-01,1.299056077008238219e+00,-6.161266516798425741e+00,1.730568641767767871e-03
9.680000000000007487e-01,9.775671446774770734e-01,2.001403409164093372e-01,1.260238098984471256e+00,-6.169341536844677343e+00,1.732358267886383680e-03
9.690000000000007496e-01,9.788079527231715593e-01,1.939670639689630716e-01,1.221369722018899262e+00,-6.177171486394691158e+00,1.734147894004405997e-03
9.700000000000007505e-01,9.800098678396814700e-01,1.877860797397788162e-01,1.182452499719993888e+00,-6.184756048287817443e+00,1.735937520121834171e-03
9.710000000000007514e-01,9.811728419593256367e-01,1.815976337709569177e-01,1.143487987724888244e+00,-6.192094915293274937e+00,1.737727146238667768e-03
9.720000000000007523e-01,9.822968285710474978e-01,1.754019719068579397e-01,1.104477743634888487e+00,-6.199187790123535713e+00,1.739516772354906139e-03
9.730000000000007532e-01,9.833817827223469976e-01,1.691993402841529548e-01,1.065423326950891925e+00,-6.206034385447275703e+00,1.741306398470548631e-03
9.740000000000007541e-01,9.844276610211478706e-01,1.629899853218610140e-01,1.026326299008715193e+00,-6.212634423901897129e+00,1.743096024585594596e-03
9.750000000000007550e-01,9.854344216376000887e-01,1.567741537113743755e-01,9.871882229143349452e-01,-6.218987638105613058e+00,1.744885650700043382e-03
9.760000000000007558e-01,9.864020243058176929e-01,1.505520924064717436e-01,9.480106634790442799e-01,-6.225093770669101190e+00,1.746675276813894557e-03
9.770000000000007567e-01,9.873304303255516778e-01,1.443240486133202938e-01,9.087951871545287830e-01,-6.230952574206723327e+00,1.748464902927147251e-03
9.780000000000007576e-01,9.882196025637977055e-01,1.380902697804664292e-01,8.695433619678636372e-01,-6.236563811347308750e+00,1.750254529039801032e-03
9.790000000000007585e-01,9.890695054563392041e-01,1.318510035888161847e-01,8.302567574564363451e-01,-6.241927254744501496e+00,1.752044155151855249e-03
9.800000000000007594e-01,9.898801050092250753e-01,1.256064979416053884e-01,7.909369446027977313e-01,-6.247042687086674206e+00,1.753833781263309253e-03
9.810000000000007603e-01,9.906513688001818974e-01,1.193570009543601929e-01,7.515854957694434457e-01,-6.251909901106400547e+00,1.755623407374162608e-03
9.820000000000007612e-01,9.913832659799618474e-01,1.131027609448482518e-01,7.122039846335308511e-01,-6.256528699589495979e+00,1.757413033484414447e-03
9.830000000000007621e-01,9.920757672736241206e-01,1.068440264230211961e-01,6.727939861215324058e-01,-6.260898895383617102e+00,1.759202659594064338e-03
9.840000000000007629e-01,9.927288449817519567e-01,1.005810460809486717e-01,6.333570763438300943e-01,-6.265020311406423126e+00,1.760992285703111629e-03
9.850000000000007638e-01,9.933424729816034970e-01,9.431406878274439798e-02,5.938948325292533470e-01,-6.268892780653300356e+00,1.762781911811555670e-03
9.860000000000007647e-01,9.939166267281978051e-01,8.804334355448482918e-02,5.544088329595637799e-01,-6.272516146204647036e+00,1.764571537919395810e-03
9.870000000000007656e-01,9.944512832553348280e-01,8.176911957412062726e-02,5.149006569038896419e-01,-6.275890261232715872e+00,1.766361164026631616e-03
9.880000000000007665e-01,9.949464211765498556e-01,7.549164616138158423e-02,4.753718845531134107e-01,-6.279014989008023129e+00,1.768150790133262221e-03
9.890000000000007674e-01,9.954020206860028086e-01,6.921117276767534132e-02,4.358240969542154786e-01,-6.281890202905309195e+00,1.769940416239287190e-03
9.900000000000007683e-01,9.958180635593010255e-01,6.292794896598036258e-02,3.962588759445768716e-01,-6.284515786409066607e+00,1.771730042344705873e-03
9.910000000000007692e-01,9.961945331542571003e-01,5.664222444073362117e-02,3.566778040862446097e-01,-6.286891633118620426e+00,1.773519668449517620e-03
9.920000000000007701e-01,9.965314144115806627e-01,5.035424897771337976e-02,3.170824646001622060e-01,-6.289017646752774304e+00,1.775309294553721780e-03
9.930000000000007709e-01,9.968286938555044330e-01,4.406427245391760644e-02,2.774744413003691346e-01,-6.290893741154008900e+00,1.777098920657317919e-03
9.940000000000007718e-01,9.970863595943439961e-01,3.777254482743835212e-02,2.378553185281717386e-01,-6.292519840292240652e+00,1.778888546760305171e-03
9.950000000000007727e-01,9.973044013209926284e-01,3.147931612733263773e-02,1.982266810862892137e-01,-6.293895878268143562e+00,1.780678172862683100e-03
9.960000000000007736e-01,9.974828103133496215e-01,2.518483644349021541e-02,1.585901141729775254e-01,-6.295021799316019795e+00,1.782467798964451058e-03
9.970000000000007745e-01,9.976215794346827703e-01,1.888935591649868601e-02,1.189472033161344117e-01,-6.295897557806236833e+00,1.784257425065608393e-03
9.980000000000007754e-01,9.977207031339250243e-01,1.259312472750640302e-02,7.929953430738884146e-02,-6.296523118247216999e+00,1.786047051166154455e-03
9.990000000000007763e-01,9.977801774459056361e-01,6.296393088083604601e-03,3.964869313617774838e-02,-6.296898455286986440e+00,1.787836677266088810e-03
1.000000000000000666e+00,9.977999999915143636e-01,-5.887699177763855429e-07,-3.734076186569235123e-06,-6.297023553714283572e+00,1.789626303365410591e-03
