tau,x,y,u,v,theta1
0.000000000000000000e+00,9.986999999999999211e-01,-0.000000000000000000e+00,0.000000000000000000e+00,-6.291358764279322280e+00,0.000000000000000000e+00
1.000000000000000021e-03,9.986802095595513906e-01,-6.291317206803770552e-03,-3.958074966018754887e-02,-6.291234092266858369e+00,1.145468028574132763e-05
2.000000000000000042e-03,9.986208390256229306e-01,-1.258238507124901512e-02,-7.915992449293748900e-02,-6.290860081228660583e+00,2.290936057134251535e-05
3.000000000000000062e-03,9.985218907604317407e-01,-1.887295426097551979e-02,-1.187359497349436410e-01,-6.290236746162083392e+00,3.436404085666342834e-05
4.000000000000000083e-03,9.983833687008993873e-01,-2.516277546361926284e-02,-1.583072507511599780e-01,-6.289364112062016510e+00,4.581872114156393177e-05
5.000000000000000104e-03,9.982052783584917099e-01,-3.145159939680945704e-02,-1.978722530989235617e-01,-6.288242213919839507e+00,5.727340142590388913e-05
6.000000000000000125e-03,9.979876268189943334e-01,-3.773917681816435499e-02,-2.374293825920688328e-01,-6.286871096721949215e+00,6.872808170954315373e-05
7.000000000000000146e-03,9.977304227422240102e-01,-4.402525853528534150e-02,-2.769770653650306946e-01,-6.285250815447874118e+00,8.018276199234159244e-05
8.000000000000000167e-03,9.974336763616760138e-01,-5.030959541574894084e-02,-3.165137279369332202e-01,-6.283381435067965093e+00,9.163744227415907212e-05
9.000000000000001055e-03,9.970973994841076937e-01,-5.659193839709633633e-02,-3.560377972756612053e-01,-6.281263030540669590e+00,1.030921225548554597e-04
1.000000000000000194e-02,9.967216054890570831e-01,-6.287203849681989587e-02,-3.955477008619119328e-01,-6.278895686809386589e+00,1.145468028342906084e-04
1.100000000000000283e-02,9.963063093282987781e-01,-6.914964682234642224e-02,-4.350418667532239825e-01,-6.276279498798898793e+00,1.260014831123243851e-04
1.200000000000000372e-02,9.958515275252345367e-01,-7.542451458101652462e-02,-4.745187236479805337e-01,-6.273414571411390916e+00,1.374561633888166567e-04
1.300000000000000461e-02,9.953572781742207054e-01,-8.169639309005988226e-02,-5.139767009493840799e-01,-6.270301019522047881e+00,1.489108436636272766e-04
1.400000000000000550e-02,9.948235809398313645e-01,-8.796503378656587990e-02,-5.534142288293999457e-01,-6.266938967974232000e+00,1.603655239366161115e-04
1.500000000000000638e-02,9.942504570560577459e-01,-9.423018823744919170e-02,-5.928297382926654979e-01,-6.263328551574244507e+00,1.718202042076430285e-04
1.600000000000000727e-02,9.936379293254432588e-01,-1.004916081494098973e-01,-6.322216612403622760e-01,-6.259469915085669633e+00,1.832748844765678942e-04
1.700000000000000816e-02,9.929860221181554536e-01,-1.067490453788878246e-01,-6.715884305340485971e-01,-6.255363213223298580e+00,1.947295647432505485e-04
1.800000000000000905e-02,9.922947613709934833e-01,-1.130022519420104815e-01,-7.109284800594493081e-01,-6.251008610646638708e+00,2.061842450075508583e-04
1.900000000000000994e-02,9.915641745863320589e-01,-1.192509800245343810e-01,-7.502402447901997951e-01,-6.246406281953005291e+00,2.176389252693287175e-04
2.000000000000001082e-02,9.907942908310019003e-01,-1.254949819917792475e-01,-7.895221608515422540e-01,-6.241556411670194038e+00,2.290936055284439660e-04
2.100000000000001171e-02,9.899851407351060173e-01,-1.317340103985545907e-01,-8.287726655839702250e-01,-6.236459194248739735e+00,2.405482857847564705e-04
2.200000000000001260e-02,9.891367564907729282e-01,-1.379678179990784792e-01,-8.679901976068191694e-01,-6.231114834053759211e+00,2.520029660381260979e-04
2.300000000000001349e-02,9.882491718508458201e-01,-1.441961577568877939e-01,-9.071731968818008696e-01,-6.225523545356377753e+00,2.634576462884126880e-04
2.400000000000001438e-02,9.873224221275086476e-01,-1.504187828547398631e-01,-9.463201047764775442e-01,-6.219685552324740740e+00,2.749123265354761077e-04
2.500000000000001527e-02,9.863565441908483944e-01,-1.566354467045047438e-01,-9.854293641276736793e-01,-6.213601089014608725e+00,2.863670067791762239e-04
2.600000000000001615e-02,9.853515764673540511e-01,-1.628459029570480110e-01,-1.024499419304822911e+00,-6.207270399359543056e+00,2.978216870193729575e-04
2.700000000000001704e-02,9.843075589383527557e-01,-1.690499055121034155e-01,-1.063528716273246522e+00,-6.200693737160672292e+00,3.092763672559261214e-04
2.800000000000001793e-02,9.832245331383818732e-01,-1.752472085281352454e-01,-1.102515702657361096e+00,-6.193871366076049156e+00,3.207310474886955823e-04
2.900000000000001882e-02,9.821025421534984590e-01,-1.814375664321896953e-01,-1.141458827803813136e+00,-6.186803559609594494e+00,3.321857277175411529e-04
3.000000000000001971e-02,9.809416306195257729e-01,-1.876207339297350507e-01,-1.180356542844536172e+00,-6.179490601099624669e+00,3.436404079423227543e-04
3.100000000000002059e-02,9.797418447202359548e-01,-1.937964660144901596e-01,-1.219207300759729717e+00,-6.171932783706974845e+00,3.550950881629002533e-04
3.200000000000002148e-02,9.785032321854707504e-01,-1.999645179782408855e-01,-1.258009556440755405e+00,-6.164130410402705706e+00,3.665497683791335169e-04
3.300000000000002237e-02,9.772258422891988427e-01,-2.061246454206439871e-01,-1.296761766752948963e+00,-6.156083793955399841e+00,3.780044485908823576e-04
3.400000000000002326e-02,9.759097258475103454e-01,-2.122766042590181201e-01,-1.335462390598344040e+00,-6.147793256918052229e+00,3.894591287980066967e-04
3.500000000000002415e-02,9.745549352165489010e-01,-2.184201507381215435e-01,-1.374109888978306104e+00,-6.139259131614548615e+00,4.009138090003663466e-04
3.600000000000002504e-02,9.731615242903810525e-01,-2.245550414399160033e-01,-1.412702725056073527e+00,-6.130481760125734425e+00,4.123684891978211743e-04
3.700000000000002592e-02,9.717295484988032195e-01,-2.306810332933166841e-01,-1.451239364219201633e+00,-6.121461494275078685e+00,4.238231693902310467e-04
3.800000000000002681e-02,9.702590648050860578e-01,-2.367978835839273655e-01,-1.489718274141909493e+00,-6.112198695613931143e+00,4.352778495774558849e-04
3.900000000000002770e-02,9.687501317036568693e-01,-2.429053499637608415e-01,-1.528137924847324802e+00,-6.102693735406368170e+00,4.467325297593555014e-04
4.000000000000002859e-02,9.672028092177191727e-01,-2.490031904609439073e-01,-1.566496788769624393e+00,-6.092946994613639866e+00,4.581872099357897632e-04
4.100000000000002948e-02,9.656171588968113229e-01,-2.550911634894065250e-01,-1.604793340816068170e+00,-6.082958863878206834e+00,4.696418901066185371e-04
4.200000000000003036e-02,9.639932438143017368e-01,-2.611690278585549474e-01,-1.643026058428923797e+00,-6.072729743507374600e+00,4.810965702717016901e-04
4.300000000000003125e-02,9.623311285648235014e-01,-2.672365427829281326e-01,-1.681193421647278807e+00,-6.062260043456527470e+00,4.925512504308990347e-04
4.400000000000003214e-02,9.606308792616463643e-01,-2.732934678918373939e-01,-1.719293913168737031e+00,-6.051550183311955600e+00,5.040059305840704921e-04
4.500000000000003303e-02,9.588925635339876630e-01,-2.793395632389884531e-01,-1.757326018410998891e+00,-6.040600592273281499e+00,5.154606107310758748e-04
4.600000000000003392e-02,9.571162505242611918e-01,-2.853745893120858690e-01,-1.795288225573320018e+00,-6.029411709135490405e+00,5.269152908717751041e-04
4.700000000000003481e-02,9.553020108852654513e-01,-2.913983070424192023e-01,-1.833179025697846853e+00,-6.017983982270552978e+00,5.383699710060279925e-04
4.800000000000003569e-02,9.534499167773096140e-01,-2.974104778144306405e-01,-1.870996912730827022e+00,-6.006317869608656324e+00,5.498246511336944611e-04
4.900000000000003658e-02,9.515600418652790937e-01,-3.034108634752637479e-01,-1.908740383583690692e+00,-5.994413838619030876e+00,5.612793312546343226e-04
5.000000000000003747e-02,9.496324613156399419e-01,-3.093992263442927326e-01,-1.946407938194001597e+00,-5.982272366290386501e+00,5.727340113687074980e-04
5.100000000000003836e-02,9.476672517933822926e-01,-3.153753292226318394e-01,-1.983998079586272834e+00,-5.969893939110945347e+00,5.841886914757738001e-04
5.200000000000003925e-02,9.456644914589028561e-01,-3.213389354026249256e-01,-2.021509313932647434e+00,-5.957279053048087469e+00,5.956433715756931499e-04
5.300000000000004013e-02,9.436242599648273499e-01,-3.272898086773141646e-01,-2.058940150613439712e+00,-5.944428213527593208e+00,6.070980516683253600e-04
5.400000000000004102e-02,9.415466384527717558e-01,-3.332277133498878774e-01,-2.096289102277533622e+00,-5.931341935412500987e+00,6.185527317535302431e-04
5.500000000000004191e-02,9.394317095500437365e-01,-3.391524142431071032e-01,-2.133554684902638776e+00,-5.918020742981567217e+00,6.300074118311677204e-04
5.600000000000004280e-02,9.372795573662839885e-01,-3.450636767087103540e-01,-2.170735417855396587e+00,-5.904465169907338939e+00,6.414620919010976044e-04
5.700000000000004369e-02,9.350902674900469780e-01,-3.509612666367963874e-01,-2.207829823951340309e+00,-5.890675759233831243e+00,6.529167719631798162e-04
5.800000000000004458e-02,9.328639269853222782e-01,-3.568449504651841631e-01,-2.244836429514699638e+00,-5.876653063353821871e+00,6.643714520172742770e-04
5.900000000000004546e-02,9.306006243879959561e-01,-3.627144951887502633e-01,-2.281753764438052112e+00,-5.862397643985754137e+00,6.758261320632406909e-04
6.000000000000004635e-02,9.283004497022526724e-01,-3.685696683687427755e-01,-2.318580362241816406e+00,-5.847910072150255267e+00,6.872808121009390874e-04
6.100000000000004724e-02,9.259634943969179410e-01,-3.744102381420715275e-01,-2.355314760133586205e+00,-5.833190928146265719e+00,6.987354921302291709e-04
6.200000000000004813e-02,9.235898514017414351e-01,-3.802359732305743978e-01,-2.391955499067301538e+00,-5.818240801526789241e+00,7.101901721509709707e-04
6.300000000000004208e-02,9.211796151036211189e-01,-3.860466429502589780e-01,-2.428501123802253137e+00,-5.803060291074255694e+00,7.216448521630241912e-04
6.400000000000004297e-02,9.187328813427684260e-01,-3.918420172205197005e-01,-2.464950182961921588e+00,-5.787650004775501067e+00,7.330995321662487534e-04
6.500000000000004385e-02,9.162497474088149296e-01,-3.976218665733294300e-01,-2.501301229092644629e+00,-5.772010559796372675e+00,7.445542121605045784e-04
6.600000000000004474e-02,9.137303120368598375e-01,-4.033859621624056313e-01,-2.537552818722112580e+00,-5.756142582455948009e+00,7.560088921456514788e-04
6.700000000000004563e-02,9.111746754034598661e-01,-4.091340757723506139e-01,-2.573703512417686579e+00,-5.740046708200378767e+00,7.674635721215492673e-04
6.800000000000004652e-02,9.085829391225601626e-01,-4.148659798277652966e-01,-2.609751874844541852e+00,-5.723723581576356523e+00,7.789182520880578650e-04
6.900000000000004741e-02,9.059552062413677165e-01,-4.205814474023363836e-01,-2.645696474823628463e+00,-5.707173856204203588e+00,7.903729320450371930e-04
7.000000000000004829e-02,9.032915812361665964e-01,-4.262802522278963946e-01,-2.681535885389448648e+00,-5.690398194750589056e+00,8.018276119923470639e-04
7.100000000000004918e-02,9.005921700080755654e-01,-4.319621687034561619e-01,-2.717268683847652078e+00,-5.673397268900872703e+00,8.132822919298472904e-04
7.200000000000005007e-02,8.978570798787482987e-01,-4.376269719042095163e-01,-2.752893451832439720e+00,-5.656171759331073190e+00,8.247369718573977935e-04
7.300000000000005096e-02,8.950864195860159800e-01,-4.432744375905098844e-01,-2.788408775363778958e+00,-5.638722355679472109e+00,8.361916517748583860e-04
7.400000000000005185e-02,8.922802992794732768e-01,-4.489043422168180753e-01,-2.823813244904426423e+00,-5.621049756517841445e+00,8.476463316820889889e-04
7.500000000000005274e-02,8.894388305160070285e-01,-4.545164629406213130e-01,-2.859105455416754982e+00,-5.603154669322309545e+00,8.591010115789494148e-04
7.600000000000005362e-02,8.865621262552683124e-01,-4.601105776313229034e-01,-2.894284006419382660e+00,-5.585037810443859385e+00,8.705556914652995849e-04
7.700000000000005451e-02,8.836503008550880001e-01,-4.656864648791020356e-01,-2.929347502043602169e+00,-5.566699905078460020e+00,8.820103713409993117e-04
7.800000000000005540e-02,8.807034700668356919e-01,-4.712439040037438853e-01,-2.964294551089609264e+00,-5.548141687236834763e+00,8.934650512059084081e-04
7.900000000000005629e-02,8.777217510307231407e-01,-4.767826750634389099e-01,-2.999123767082523262e+00,-5.529363899713869657e+00,9.049197310598867949e-04
8.000000000000005718e-02,8.747052622710512759e-01,-4.823025588635516669e-01,-3.033833768328202396e+00,-5.510367294057660459e+00,9.163744109027943934e-04
8.100000000000005806e-02,8.716541236914014945e-01,-4.878033369653584361e-01,-3.068423177968850002e+00,-5.491152630538198132e+00,9.278290907344910162e-04
8.200000000000005895e-02,8.685684565697718851e-01,-4.932847916947531997e-01,-3.102890624038407541e+00,-5.471720678115699954e+00,9.392837705548364759e-04
8.300000000000005984e-02,8.654483835536576075e-01,-4.987467061509219812e-01,-3.137234739517732685e+00,-5.452072214408585360e+00,9.507384503636906936e-04
8.400000000000006073e-02,8.622940286550765387e-01,-5.041888642149848776e-01,-3.171454162389562459e+00,-5.432208025661093842e+00,9.621931301609134820e-04
8.500000000000006162e-02,8.591055172455402955e-01,-5.096110505586053385e-01,-3.205547535693257455e+00,-5.412128906710551135e+00,9.736478099463647621e-04
8.600000000000006251e-02,8.558829760509698570e-01,-5.150130506525670837e-01,-3.239513507579322660e+00,-5.391835660954285459e+00,9.851024897199044551e-04
8.700000000000006339e-02,8.526265331465576747e-01,-5.203946507753172135e-01,-3.273350731363707133e+00,-5.371329100316193816e+00,9.965571694813923735e-04
8.800000000000006428e-02,8.493363179515748262e-01,-5.257556380214759573e-01,-3.307057865581874978e+00,-5.350610045212958354e+00,1.008011849230688222e-03
8.900000000000006517e-02,8.460124612241247677e-01,-5.310958003103123382e-01,-3.340633574042652043e+00,-5.329679324519918104e+00,1.019466528967652138e-03
9.000000000000006606e-02,8.426550950558432396e-01,-5.364149263941857537e-01,-3.374076525881837707e+00,-5.308537775536593450e+00,1.030921208692143825e-03
9.100000000000006695e-02,8.392643528665442165e-01,-5.417128058669526958e-01,-3.407385395615588397e+00,-5.287186243951873088e+00,1.042375888404022989e-03
9.200000000000006783e-02,8.358403693988134542e-01,-5.469892291723386091e-01,-3.440558863193562189e+00,-5.265625583808849264e+00,1.053830568103149767e-03
9.300000000000006872e-02,8.323832807125479682e-01,-5.522439876122744451e-01,-3.473595614051829372e+00,-5.243856657469325278e+00,1.065285247789383863e-03
9.400000000000006961e-02,8.288932241794436662e-01,-5.574768733551972444e-01,-3.506494339165541874e+00,-5.221880335577973042e+00,1.076739927462585199e-03
9.500000000000007050e-02,8.253703384774300211e-01,-5.626876794443151919e-01,-3.539253735101361098e+00,-5.199697497026163795e+00,1.088194607122613695e-03
9.600000000000007139e-02,8.218147635850521215e-01,-5.678761998058358129e-01,-3.571872504069643739e+00,-5.177309028915458633e+00,1.099649286769329055e-03
9.700000000000007228e-02,8.182266407758013171e-01,-5.730422292571583087e-01,-3.604349353976379344e+00,-5.154715826520765987e+00,1.111103966402591202e-03
9.800000000000007316e-02,8.146061126123935736e-01,-5.781855635150275896e-01,-3.636682998474881412e+00,-5.131918793253171351e+00,1.122558646022260055e-03
9.900000000000007405e-02,8.109533229409964239e-01,-5.833059992036524477e-01,-3.668872157017228020e+00,-5.108918840622433954e+00,1.134013325628195536e-03
1.000000000000000749e-01,8.072684168854047382e-01,-5.884033338627848719e-01,-3.700915554905449323e+00,-5.085716888199156571e+00,1.145468005220257350e-03
1.010000000000000758e-01,8.035515408411649796e-01,-5.934773659557619485e-01,-3.732811923342461924e+00,-5.062313863576630268e+00,1.156922684798305633e-03
1.020000000000000767e-01,7.998028424696491667e-01,-5.985278948775095698e-01,-3.764559999482744335e+00,-5.038710702332354963e+00,1.168377364362199874e-03
1.030000000000000776e-01,7.960224706920780990e-01,-6.035547209625068410e-01,-3.796158526482757090e+00,-5.014908347989236681e+00,1.179832043911800210e-03
1.040000000000000785e-01,7.922105756834940671e-01,-6.085576454927122958e-01,-3.827606253551099069e+00,-4.990907751976464191e+00,1.191286723446966346e-03
1.050000000000000794e-01,7.883673088666840467e-01,-6.135364707054503652e-01,-3.858901935998402255e+00,-4.966709873590070323e+00,1.202741402967558203e-03
1.060000000000000803e-01,7.844928229060527114e-01,-6.184909998012584342e-01,-3.890044335286962696e+00,-4.942315679953169116e+00,1.214196082473435702e-03
1.070000000000000812e-01,7.805872717014458173e-01,-6.234210369516939299e-01,-3.921032219080102355e+00,-4.917726145975887420e+00,1.225650761964458763e-03
1.080000000000000820e-01,7.766508103819250719e-01,-6.283263873071008865e-01,-3.951864361291264061e+00,-4.892942254314975870e+00,1.237105441440487091e-03
1.090000000000000829e-01,7.726835952994931533e-01,-6.332068570043365430e-01,-3.982539542132833787e+00,-4.867964995333113443e+00,1.248560120901380608e-03
1.100000000000000838e-01,7.686857840227706573e-01,-6.380622531744567505e-01,-4.013056548164691151e+00,-4.842795367057900258e+00,1.260014800346999017e-03
1.110000000000000847e-01,7.646575353306244160e-01,-6.428923839503601911e-01,-4.043414172342486346e+00,-4.817434375140543956e+00,1.271469479777202457e-03
1.120000000000000856e-01,7.605990092057478558e-01,-6.476970584743911852e-01,-4.073611214065635977e+00,-4.791883032814239662e+00,1.282924159191850631e-03
1.130000000000000865e-01,7.565103668281930593e-01,-6.524760869059008650e-01,-4.103646479225044885e+00,-4.766142360852250626e+00,1.294378838590803460e-03
1.140000000000000874e-01,7.523917705688556445e-01,-6.572292804287660495e-01,-4.133518780250544644e+00,-4.740213387525682442e+00,1.305833517973920867e-03
1.150000000000000883e-01,7.482433839829124578e-01,-6.619564512588659300e-01,-4.163226936158049618e+00,-4.714097148560958850e+00,1.317288197341062554e-03
1.160000000000000892e-01,7.440653718032117503e-01,-6.666574126515157905e-01,-4.192769772596430577e+00,-4.687794687097003532e+00,1.328742876692088444e-03
1.170000000000000900e-01,7.398578999336169471e-01,-6.713319789088583178e-01,-4.222146121894096993e+00,-4.661307053642122611e+00,1.340197556026858456e-03
1.180000000000000909e-01,7.356211354423041193e-01,-6.759799653872110570e-01,-4.251354823105297775e+00,-4.634635306030596702e+00,1.351652235345232296e-03
1.190000000000000918e-01,7.313552465550128279e-01,-6.806011885043705689e-01,-4.280394722056126255e+00,-4.607780509378977207e+00,1.363106914647070102e-03
1.200000000000000927e-01,7.270604026482516691e-01,-6.851954657468728449e-01,-4.309264671390235613e+00,-4.580743736042099279e+00,1.374561593932231577e-03
1.210000000000000936e-01,7.227367742424578578e-01,-6.897626156772094230e-01,-4.337963530614260321e+00,-4.553526065568802572e+00,1.386016273200576425e-03
1.220000000000000945e-01,7.183845329951117353e-01,-6.943024579409990960e-01,-4.366490166142942719e+00,-4.526128584657368670e+00,1.397470952451964786e-03
1.230000000000000954e-01,7.140038516938059798e-01,-6.988148132741149876e-01,-4.394843451343961149e+00,-4.498552387110676953e+00,1.408925631686256362e-03
1.240000000000000963e-01,7.095949042492706305e-01,-7.032995035097666658e-01,-4.423022266582457007e+00,-4.470798573791076258e+00,1.420380310903311075e-03
1.250000000000000833e-01,7.051578656883534801e-01,-7.077563515855367360e-01,-4.451025499265266916e+00,-4.442868252574977639e+00,1.431834990102988847e-03
1.260000000000000842e-01,7.006929121469562816e-01,-7.121851815503723593e-01,-4.478852043884844036e+00,-4.414762538307174466e+00,1.443289669285149381e-03
1.270000000000000850e-01,6.962002208629272104e-01,-7.165858185715304751e-01,-4.506500802062882727e+00,-4.386482552754883635e+00,1.454744348449652598e-03
1.280000000000000859e-01,6.916799701689103630e-01,-7.209580889414771709e-01,-4.533970682593632340e+00,-4.358029424561514986e+00,1.466199027596358419e-03
1.290000000000000868e-01,6.871323394851510669e-01,-7.253018200847408670e-01,-4.561260601486903710e+00,-4.329404289200170730e+00,1.477653706725126767e-03
1.300000000000000877e-01,6.825575093122594472e-01,-7.296168405647182054e-01,-4.588369482010768330e+00,-4.300608288926877520e+00,1.489108385835817344e-03
1.310000000000000886e-01,6.779556612239306945e-01,-7.339029800904338652e-01,-4.615296254733944892e+00,-4.271642572733550303e+00,1.500563064928290072e-03
1.320000000000000895e-01,6.733269778596234767e-01,-7.381600695232526377e-01,-4.642039857567871408e+00,-4.242508296300693260e+00,1.512017744002404872e-03
1.330000000000000904e-01,6.686716429171960518e-01,-7.423879408835444282e-01,-4.668599235808467363e+00,-4.213206621949839636e+00,1.523472423058021448e-03
1.340000000000000913e-01,6.639898411455015248e-01,-7.465864273573010745e-01,-4.694973342177576114e+00,-4.183738718595731321e+00,1.534927102094999938e-03
1.350000000000000921e-01,6.592817583369408041e-01,-7.507553633027058693e-01,-4.721161136864089336e+00,-4.154105761698239085e+00,1.546381781113200047e-03
1.360000000000000930e-01,6.545475813199753690e-01,-7.548945842566544551e-01,-4.747161587564754370e+00,-4.124308933214029693e+00,1.557836460112481478e-03
1.370000000000000939e-01,6.497874979515994021e-01,-7.590039269412270917e-01,-4.772973669524661844e+00,-4.094349421547982537e+00,1.569291139092704370e-03
1.380000000000000948e-01,6.450016971097707330e-01,-7.630832292701129616e-01,-4.798596365577406431e+00,-4.064228421504347821e+00,1.580745818053728427e-03
1.390000000000000957e-01,6.401903686858030351e-01,-7.671323303549845152e-01,-4.824028666184927872e+00,-4.033947134237665821e+00,1.592200496995413569e-03
1.400000000000000966e-01,6.353537035767171659e-01,-7.711510705118235220e-01,-4.849269569477026032e+00,-4.003506767203430350e+00,1.603655175917619502e-03
1.410000000000000975e-01,6.304918936775540939e-01,-7.751392912671969393e-01,-4.874318081290545557e+00,-3.972908534108516854e+00,1.615109854820206362e-03
1.420000000000000984e-01,6.256051318736480793e-01,-7.790968353644835975e-01,-4.899173215208239007e+00,-3.942153654861361822e+00,1.626564533703033855e-03
1.430000000000000993e-01,6.206936120328616635e-01,-7.830235467700507046e-01,-4.923833992597291598e+00,-3.911243355521906828e+00,1.638019212565961901e-03
1.440000000000001001e-01,6.157575289977820221e-01,-7.869192706793802783e-01,-4.948299442647522639e+00,-3.880178868251304092e+00,1.649473891408850205e-03
1.450000000000001010e-01,6.107970785778793488e-01,-7.907838535231448418e-01,-4.972568602409248584e+00,-3.848961431261386235e+00,1.660928570231558904e-03
1.460000000000001019e-01,6.058124575416278246e-01,-7.946171429732331593e-01,-4.996640516830815670e+00,-3.817592288763905550e+00,1.672383249033947703e-03
1.470000000000001028e-01,6.008038636085885065e-01,-7.984189879487243457e-01,-5.020514238795795059e+00,-3.786072690919539685e+00,1.683837927815876306e-03
1.480000000000001037e-01,5.957714954414561337e-01,-8.021892386218114623e-01,-5.044188829159840459e+00,-3.754403893786672608e+00,1.695292606577204850e-03
1.490000000000001046e-01,5.907155526380684085e-01,-8.059277464236732635e-01,-5.067663356787211804e+00,-3.722587159269948209e+00,1.706747285317793041e-03
1.500000000000001055e-01,5.856362357233793059e-01,-8.096343640502947636e-01,-5.090936898586952530e+00,-3.690623755068600520e+00,1.718201964037500799e-03
1.510000000000001064e-01,5.805337461413965228e-01,-8.133089454682359554e-01,-5.114008539548732024e+00,-3.658514954624563220e+00,1.729656642736188046e-03
1.520000000000001072e-01,5.754082862470829562e-01,-8.169513459203483485e-01,-5.136877372778341666e+00,-3.626262037070360211e+00,1.741111321413714485e-03
1.530000000000001081e-01,5.702600592982228767e-01,-8.205614219314394386e-01,-5.159542499532851600e+00,-3.593866287176779917e+00,1.752566000069940037e-03
1.540000000000001090e-01,5.650892694472534616e-01,-8.241390313138848844e-01,-5.182003029255418447e+00,-3.561328995300336420e+00,1.764020678704724624e-03
1.550000000000001099e-01,5.598961217330613582e-01,-8.276840331731877276e-01,-5.204258079609748400e+00,-3.528651457330516550e+00,1.775475357317928167e-03
1.560000000000001108e-01,5.546808220727448280e-01,-8.311962879134847659e-01,-5.226306776514213936e+00,-3.495834974636821357e+00,1.786930035909410370e-03
1.570000000000001117e-01,5.494435772533424744e-01,-8.346756572430004129e-01,-5.248148254175623251e+00,-3.462880854015596643e+00,1.798384714479031154e-03
1.580000000000001126e-01,5.441845949235278868e-01,-8.381220041794464892e-01,-5.269781655122634412e+00,-3.429790407636662763e+00,1.809839393026650440e-03
1.590000000000001135e-01,5.389040835852711986e-01,-8.415351930553689463e-01,-5.291206130238825800e+00,-3.396564952989739705e+00,1.821294071552128149e-03
1.600000000000001144e-01,5.336022525854680065e-01,-8.449150895234411873e-01,-5.312420838795409495e+00,-3.363205812830673214e+00,1.832748750055323986e-03
1.610000000000001152e-01,5.282793121075353149e-01,-8.482615605617029875e-01,-5.333424948483592942e+00,-3.329714315127464186e+00,1.844203428536097871e-03
1.620000000000001161e-01,5.229354731629756170e-01,-8.515744744787456799e-01,-5.354217635446586243e+00,-3.296091793006102666e+00,1.855658106994309726e-03
1.630000000000001170e-01,5.175709475829088912e-01,-8.548537009188428293e-01,-5.374798084311255053e+00,-3.262339584696208661e+00,1.867112785429819255e-03
1.640000000000001179e-01,5.121859480095733996e-01,-8.580991108670267264e-01,-5.395165488219413774e+00,-3.228459033476484663e+00,1.878567463842486596e-03
1.650000000000001188e-01,5.067806878877952892e-01,-8.613105766541102604e-01,-5.415319048858765250e+00,-3.194451487619978547e+00,1.890022142232171453e-03
1.660000000000001197e-01,5.013553814564273292e-01,-8.644879719616535008e-01,-5.435257976493478083e+00,-3.160318300339163056e+00,1.901476820598733530e-03
1.670000000000001206e-01,4.959102437397570617e-01,-8.676311718268758799e-01,-5.454981489994405131e+00,-3.126060829730830992e+00,1.912931498942032965e-03
1.680000000000001215e-01,4.904454905388855868e-01,-8.707400526475126412e-01,-5.474488816868944063e+00,-3.091680438720810997e+00,1.924386177261929462e-03
1.690000000000001223e-01,4.849613384230759272e-01,-8.738144921866162207e-01,-5.493779193290530216e+00,-3.057178495008504804e+00,1.935840855558282943e-03
1.700000000000001232e-01,4.794580047210725282e-01,-8.768543695773023394e-01,-5.512851864127774171e+00,-3.022556371011249965e+00,1.947295533830953112e-03
1.710000000000001241e-01,4.739357075123916685e-01,-8.798595653274394746e-01,-5.531706082973227190e+00,-2.987815443808508498e+00,1.958750212079799890e-03
1.720000000000001250e-01,4.683946656185832280e-01,-8.828299613242834853e-01,-5.550341112171788716e+00,-2.952957095085885442e+00,1.970204890304683414e-03
1.730000000000001259e-01,4.628350985944642559e-01,-8.857654408390553957e-01,-5.568756222848744386e+00,-2.917982711078980440e+00,1.981659568505463390e-03
1.740000000000001268e-01,4.572572267193248940e-01,-8.886658885314635548e-01,-5.586950694937439899e+00,-2.882893682517071898e+00,1.993114246681999737e-03
1.750000000000001277e-01,4.516612709881064336e-01,-8.915311904541687316e-01,-5.604923817206583614e+00,-2.847691404566638607e+00,2.004568924834151944e-03
1.760000000000001286e-01,4.460474531025525602e-01,-8.943612340571932551e-01,-5.622674887287185008e+00,-2.812377276774722379e+00,2.016023602961780365e-03
1.770000000000001295e-01,4.404159954623336759e-01,-8.971559081922730883e-01,-5.640203211699120978e+00,-2.776952703012129042e+00,2.027478281064744488e-03
1.780000000000001303e-01,4.347671211561450200e-01,-8.999151031171531701e-01,-5.657508105877331772e+00,-2.741419091416477993e+00,2.038932959142904233e-03
1.790000000000001312e-01,4.291010539527784773e-01,-9.026387104998256916e-01,-5.674588894197649225e+00,-2.705777854335094990e+00,2.050387637196119522e-03
1.800000000000001321e-01,4.234180182921691848e-01,-9.053266234227111964e-01,-5.691444910002249280e+00,-2.670030408267756172e+00,2.061842315224250276e-03
1.810000000000001330e-01,4.177182392764163255e-01,-9.079787363867822814e-01,-5.708075495624733264e+00,-2.634178173809283319e+00,2.073296993227156416e-03
1.820000000000001339e-01,4.120019426607794966e-01,-9.105949453156297890e-01,-5.724480002414837010e+00,-2.598222575591993877e+00,2.084751671204697863e-03
1.830000000000001348e-01,4.062693548446503766e-01,-9.131751475594718226e-01,-5.740657790762763391e+00,-2.562165042228006229e+00,2.096206349156734539e-03
1.840000000000001357e-01,4.005207028625001886e-01,-9.157192418991043636e-01,-5.756608230123140935e+00,-2.526007006251407283e+00,2.107661027083125929e-03
1.850000000000001366e-01,3.947562143748034047e-01,-9.182271285497941582e-01,-5.772330699038609403e+00,-2.489749904060277963e+00,2.119115704983731956e-03
1.860000000000001374e-01,3.889761176589383029e-01,-9.206987091651139821e-01,-5.787824585163023450e+00,-2.453395175858586352e+00,2.130570382858412541e-03
1.870000000000001383e-01,3.831806416000640425e-01,-9.231338868407192866e-01,-5.803089285284285026e+00,-2.416944265597946284e+00,2.142025060707028038e-03
1.880000000000001392e-01,3.773700156819755902e-01,-9.255325661180664465e-01,-5.818124205346792976e+00,-2.380398620919245367e+00,2.153479738529437502e-03
1.890000000000001401e-01,3.715444699779359983e-01,-9.278946529880731653e-01,-5.832928760473517826e+00,-2.343759693094143781e+00,2.164934416325501286e-03
1.900000000000001410e-01,3.657042351414869774e-01,-9.302200548947195946e-01,-5.847502374987696427e+00,-2.307028936966450061e+00,2.176389094095079312e-03
1.910000000000001419e-01,3.598495423972379870e-01,-9.325086807385916110e-01,-5.861844482434146464e+00,-2.270207810893371647e+00,2.187843771838031068e-03
1.920000000000001428e-01,3.539806235316342309e-01,-9.347604408803641407e-01,-5.875954525600199929e+00,-2.233297776686645530e+00,2.199298449554216908e-03
1.930000000000001437e-01,3.480977108837036149e-01,-9.369752471442267527e-01,-5.889831956536256463e+00,-2.196300299553550328e+00,2.210753127243496319e-03
1.940000000000001446e-01,3.422010373357837754e-01,-9.391530128212493000e-01,-5.903476236575956548e+00,-2.159216848037804226e+00,2.222207804905729223e-03
1.950000000000001454e-01,3.362908363042287907e-01,-9.412936526726889408e-01,-5.916886836355971901e+00,-2.122048893960347904e+00,2.233662482540775540e-03
1.960000000000001463e-01,3.303673417300964088e-01,-9.433970829332377628e-01,-5.930063235835411284e+00,-2.084797912360019101e+00,2.245117160148495192e-03
1.970000000000001472e-01,3.244307880698162339e-01,-9.454632213142108998e-01,-5.943004924314844395e+00,-2.047465381434117493e+00,2.256571837728748101e-03
1.980000000000001481e-01,3.184814102858386509e-01,-9.474919870066750294e-01,-5.955711400454944737e+00,-2.010052782478865652e+00,2.268026515281393752e-03
1.990000000000001490e-01,3.125194438372657646e-01,-9.494833006845178058e-01,-5.968182172294743459e+00,-1.972561599829765644e+00,2.279481192806292501e-03
2.000000000000001499e-01,3.065451246704640198e-01,-9.514370845074570093e-01,-5.980416757269504835e+00,-1.934993320801856376e+00,2.290935870303303836e-03
2.010000000000001508e-01,3.005586892096591134e-01,-9.533532621239905192e-01,-5.992414682228209166e+00,-1.897349435629872572e+00,2.302390547772287677e-03
2.020000000000001517e-01,2.945603743475138647e-01,-9.552317586742855582e-01,-6.004175483450657325e+00,-1.859631437408308940e+00,2.313845225213103946e-03
2.030000000000001525e-01,2.885504174356887663e-01,-9.570725007930089845e-01,-6.015698706664185380e+00,-1.821840822031391083e+00,2.325299902625612564e-03
2.040000000000001534e-01,2.825290562753864920e-01,-9.588754166120965206e-01,-6.026983907059993761e+00,-1.783979088132956692e+00,2.336754580009673451e-03
2.050000000000001543e-01,2.764965291078799181e-01,-9.606404357634624747e-01,-6.038030649309090947e+00,-1.746047737026248603e+00,2.348209257365146095e-03
2.060000000000001552e-01,2.704530746050244350e-01,-9.623674893816489551e-01,-6.048838507577847245e+00,-1.708048272643622800e+00,2.359663934691890851e-03
2.070000000000001561e-01,2.643989318597551597e-01,-9.640565101064150211e-01,-6.059407065543163995e+00,-1.669982201476174488e+00,2.371118611989767207e-03
2.080000000000001570e-01,2.583343403765687718e-01,-9.657074320852647720e-01,-6.069735916407255516e+00,-1.631851032513283339e+00,2.382573289258635516e-03
2.090000000000001579e-01,2.522595400619910833e-01,-9.673201909759157058e-01,-6.079824662912041155e+00,-1.593656277182081027e+00,2.394027966498355267e-03
2.100000000000001588e-01,2.461747712150303136e-01,-9.688947239487061269e-01,-6.089672917353147419e+00,-1.555399449286844815e+00,2.405482643708786381e-03
2.110000000000001597e-01,2.400802745176164876e-01,-9.704309696889418246e-01,-6.099280301593526410e+00,-1.517082064948317432e+00,2.416937320889788344e-03
2.120000000000001605e-01,2.339762910250275108e-01,-9.719288683991823552e-01,-6.108646447076680808e+00,-1.478705642542958332e+00,2.428391998041221512e-03
2.130000000000001614e-01,2.278630621563021430e-01,-9.733883618014661510e-01,-6.117770994839502485e+00,-1.440271702642126339e+00,2.439846675162945806e-03
2.140000000000001623e-01,2.217408296846403171e-01,-9.748093931394752332e-01,-6.126653595524721219e+00,-1.401781767951197910e+00,2.451301352254820713e-03
2.150000000000001632e-01,2.156098357277913269e-01,-9.761919071806384185e-01,-6.135293909392962597e+00,-1.363237363248623435e+00,2.462756029316706154e-03
2.160000000000001641e-01,2.094703227384299704e-01,-9.775358502181741294e-01,-6.143691606334417799e+00,-1.324640015324923370e+00,2.474210706348462484e-03
2.170000000000001650e-01,2.033225334945213958e-01,-9.788411700730720311e-01,-6.151846365880121681e+00,-1.285991252921626637e+00,2.485665383349949190e-03
2.180000000000001659e-01,1.971667110896747066e-01,-9.801078160960133845e-01,-6.159757877212842736e+00,-1.247292606670155513e+00,2.497120060321026194e-03
2.190000000000001668e-01,1.910030989234859922e-01,-9.813357391692301146e-01,-6.167425839177582247e+00,-1.208545609030656776e+00,2.508574737261552983e-03
2.200000000000001676e-01,1.848319406918710051e-01,-9.825248917083033717e-01,-6.174849960291681761e+00,-1.169751794230784681e+00,2.520029414171389912e-03
2.210000000000001685e-01,1.786534803773879299e-01,-9.836752276639000314e-01,-6.182029958754541532e+00,-1.130912698204435074e+00,2.531484091050396901e-03
2.220000000000001694e-01,1.724679622395505763e-01,-9.847867025234484650e-01,-6.188965562456948177e+00,-1.092029858530436659e+00,2.542938767898433438e-03
2.230000000000001703e-01,1.662756308051325793e-01,-9.858592733127529151e-01,-6.195656508990010636e+00,-1.053104814371198739e+00,2.554393444715359444e-03
2.240000000000001712e-01,1.600767308584626902e-01,-9.868928985975461421e-01,-6.202102545653706223e+00,-1.014139106411319879e+00,2.565848121501034841e-03
2.250000000000001721e-01,1.538715074317118792e-01,-9.878875384849810093e-01,-6.208303429465036771e+00,-9.751342767961594937e-01,2.577302798255319549e-03
2.260000000000001730e-01,1.476602057951723057e-01,-9.888431546250605608e-01,-6.214258927165793089e+00,-9.360918690703746714e-01,2.588757474978073490e-03
2.270000000000001739e-01,1.414430714475289064e-01,-9.897597102120063717e-01,-6.219968815229928616e+00,-8.970134281164250378e-01,2.600212151669156584e-03
2.280000000000001747e-01,1.352203501061235991e-01,-9.906371699855659463e-01,-6.225432879870539615e+00,-8.579005000930480795e-01,2.611666828328428318e-03
2.290000000000001756e-01,1.289922876972128818e-01,-9.914755002322578337e-01,-6.230650917046461679e+00,-8.187546323737070475e-01,2.623121504955749049e-03
2.300000000000001765e-01,1.227591303462189920e-01,-9.922746687865559023e-01,-6.235622732468467433e+00,-7.795773734850148795e-01,2.634576181550978263e-03
2.310000000000001774e-01,1.165211243679749598e-01,-9.930346450320115537e-01,-6.240348141605078780e+00,-7.403702730451353631e-01,2.646030858113975880e-03
2.320000000000001783e-01,1.102785162569641236e-01,-9.937553999023143181e-01,-6.244826969687987450e+00,-7.011348817021654245e-01,2.657485534644601823e-03
2.330000000000001792e-01,1.040315526775544702e-01,-9.944369058822911667e-01,-6.249059051717082980e+00,-6.618727510724997654e-01,2.668940211142716012e-03
2.340000000000001801e-01,9.778048045422801926e-02,-9.950791370088439836e-01,-6.253044232465092556e+00,-6.225854336791809551e-01,2.680394887608178369e-03
2.350000000000001810e-01,9.152554656180587889e-02,-9.956820688718253098e-01,-6.256782366481829172e+00,-5.832744828902379775e-01,2.691849564040848814e-03
2.360000000000001819e-01,8.526699811566916531e-02,-9.962456786148523591e-01,-6.260273318098051654e+00,-5.439414528570144514e-01,2.703304240440586835e-03
2.370000000000001827e-01,7.900508236197631429e-02,-9.967699449360598596e-01,-6.263516961428929442e+00,-5.045878984524901911e-01,2.714758916807252787e-03
2.380000000000001836e-01,7.274004666787707574e-02,-9.972548480887906130e-01,-6.266513180377126346e+00,-4.652153752095977701e-01,2.726213593140706156e-03
2.390000000000001845e-01,6.647213851172364962e-02,-9.977003698822244360e-01,-6.269261868635484625e+00,-4.258254392595371418e-01,2.737668269440806865e-03
2.400000000000001854e-01,6.020160547327933764e-02,-9.981064936819460387e-01,-6.271762929689327137e+00,-3.864196472700903162e-01,2.749122945707414833e-03
2.410000000000001863e-01,5.392869522392506471e-02,-9.984732044104502879e-01,-6.274016276818366933e+00,-3.469995563839390340e-01,2.760577621940389983e-03
2.420000000000001872e-01,4.765365551686420037e-02,-9.988004885475865180e-01,-6.276021833098226921e+00,-3.075667241569873811e-01,2.772032298139591802e-03
2.430000000000001881e-01,4.137673417732604109e-02,-9.990883341309410026e-01,-6.277779531401572299e+00,-2.681227084966922858e-01,2.783486974304880644e-03
2.440000000000001890e-01,3.509817909276837650e-02,-9.993367307561574764e-01,-6.279289314398856625e+00,-2.286690676004039524e-01,2.794941650436116431e-03
2.450000000000001898e-01,2.881823820307948675e-02,-9.995456695771963718e-01,-6.280551134558672643e+00,-1.892073598937189793e-01,2.806396326533158649e-03
2.460000000000001907e-01,2.253715949077998021e-02,-9.997151433065319948e-01,-6.281564954147723867e+00,-1.497391439688483539e-01,2.817851002595867221e-03
2.470000000000001916e-01,1.625519097122487058e-02,-9.998451462152885272e-01,-6.282330745230401803e+00,-1.102659785230030304e-01,2.829305678624102066e-03
2.480000000000001925e-01,9.972580682806254232e-03,-9.999356741333143006e-01,-6.282848489667977709e+00,-7.078942229679935361e-02,2.840760354617723107e-03
2.490000000000001934e-01,3.689576677156997976e-03,-9.999867244491943419e-01,-6.283118179117407998e+00,-3.131103401268676284e-02,2.852215030576590264e-03
2.500000000000001665e-01,-2.593572990644186192e-03,-9.999982961102011902e-01,-6.283139815029755049e+00,8.167627686599766845e-03,2.863669706500563024e-03
2.510000000000001674e-01,-8.876620271865897846e-03,-9.999703896221848742e-01,-6.282913408648214570e+00,4.764500429956004118e-02,2.875124382389501743e-03
2.520000000000001683e-01,-1.515931713391503385e-02,-9.999030070494004940e-01,-6.282438981005766365e+00,8.711953752741952162e-02,2.886579058243265907e-03
2.530000000000001692e-01,-2.144141557012524055e-02,-9.997961520142749636e-01,-6.281716562922430747e+00,1.265896693355880454e-01,2.898033734061715872e-03
2.540000000000001701e-01,-2.772266760954241599e-02,-9.996498296971122466e-01,-6.280746195002147481e+00,1.660538420150842465e-01,2.909488409844711125e-03
2.550000000000001710e-01,-3.400282532670691193e-02,-9.994640468357367524e-01,-6.279527927629263928e+00,2.055104982439232009e-01,2.920943085592111587e-03
2.560000000000001719e-01,-4.028164085143202955e-02,-9.992388117250758928e-01,-6.278061820964642159e+00,2.449580811484647624e-01,2.932397761303777179e-03
2.570000000000001728e-01,-4.655886637857840904e-02,-9.989741342166810201e-01,-6.276347944941381485e+00,2.843950343647204115e-01,2.943852436979567389e-03
2.580000000000001736e-01,-5.283425417782399575e-02,-9.986700257181870821e-01,-6.274386379260158186e+00,3.238198020996160276e-01,2.955307112619342570e-03
2.590000000000001745e-01,-5.910755660342911083e-02,-9.983264991927111032e-01,-6.272177213384178884e+00,3.632308291922084487e-01,2.966761788222962212e-03
2.600000000000001754e-01,-6.537852610399630393e-02,-9.979435691581896029e-01,-6.269720546533758210e+00,4.026265611748531259e-01,2.978216463790286667e-03
2.610000000000001763e-01,-7.164691523222459224e-02,-9.975212516866545087e-01,-6.267016487680507453e+00,4.420054443343208184e-01,2.989671139321175425e-03
2.620000000000001772e-01,-7.791247665465766969e-02,-9.970595644034483396e-01,-6.264065155541147512e+00,4.813659257728607477e-01,3.001125814815488405e-03
2.630000000000001781e-01,-8.417496316142580870e-02,-9.965585264863782156e-01,-6.260866678570937260e+00,5.207064534692079638e-01,3.012580490273085530e-03
2.640000000000001790e-01,-9.043412767598092705e-02,-9.960181586648090279e-01,-6.257421194956723554e+00,5.600254763395325908e-01,3.024035165693826719e-03
2.650000000000001799e-01,-9.668972326482452861e-02,-9.954384832186951027e-01,-6.253728852609611089e+00,5.993214442983283430e-01,3.035489841077571461e-03
2.660000000000001807e-01,-1.029415031472281500e-01,-9.948195239775521337e-01,-6.249789809157252130e+00,6.385928083192383697e-01,3.046944516424180110e-03
2.670000000000001816e-01,-1.091892207049459385e-01,-9.941613063193669442e-01,-6.245604231935758754e+00,6.778380204958158739e-01,3.058399191733512153e-03
2.680000000000001825e-01,-1.154326294919188339e-01,-9.934638571694477394e-01,-6.241172297981239403e+00,7.170555341022173401e-01,3.069853867005427946e-03
2.690000000000001834e-01,-1.216714832439702160e-01,-9.927272049992129643e-01,-6.236494194020953508e+00,7.562438036538254860e-01,3.081308542239786976e-03
2.700000000000001843e-01,-1.279055358884924887e-01,-9.919513798249198766e-01,-6.231570116464091313e+00,7.954012849678004926e-01,3.092763217436449164e-03
2.710000000000001852e-01,-1.341345415541242425e-01,-9.911364132063323895e-01,-6.226400271392180663e+00,8.345264352235567396e-01,3.104217892595274430e-03
2.720000000000001861e-01,-1.403582545804175907e-01,-9.902823382453287415e-01,-6.220984874549114529e+00,8.736177130231623789e-01,3.115672567716122263e-03
2.730000000000001870e-01,-1.465764295274954443e-01,-9.893891895844486584e-01,-6.215324151330804625e+00,9.126735784516603056e-01,3.127127242798853016e-03
2.740000000000001878e-01,-1.527888211856981704e-01,-9.884570034053803411e-01,-6.209418336774463754e+00,9.516924931373076380e-01,3.138581917843326612e-03
2.750000000000001887e-01,-1.589951845852194401e-01,-9.874858174273868361e-01,-6.203267675547511573e+00,9.906729203117313753e-01,3.150036592849402538e-03
2.760000000000001896e-01,-1.651952750057306130e-01,-9.864756709056728967e-01,-6.196872421936110875e+00,1.029613324869998348e+00,3.161491267816940714e-03
2.770000000000001905e-01,-1.713888479859937419e-01,-9.854266046296916715e-01,-6.190232839833327283e+00,1.068512173430596679e+00,3.172945942745801062e-03
2.780000000000001914e-01,-1.775756593334622546e-01,-9.843386609213909955e-01,-6.183349202726924787e+00,1.107367934395327547e+00,3.184400617635843502e-03
2.790000000000001923e-01,-1.837554651338695333e-01,-9.832118836334003964e-01,-6.176221793686784700e+00,1.146179078009103458e+00,3.195855292486927957e-03
2.800000000000001932e-01,-1.899280217608044496e-01,-9.820463181471579261e-01,-6.168850905351959568e+00,1.184944076419651715e+00,3.207309967298914346e-03
2.810000000000001941e-01,-1.960930858852740488e-01,-9.808420113709778176e-01,-6.161236839917354935e+00,1.223661403737121400e+00,3.218764642071662158e-03
2.820000000000001950e-01,-2.022504144852524943e-01,-9.795990117380580786e-01,-6.153379909120045177e+00,1.262329536093589777e+00,3.230219316805031746e-03
2.830000000000001958e-01,-2.083997648552162463e-01,-9.783173692044289105e-01,-6.145280434225223409e+00,1.300946951702468324e+00,3.241673991498882600e-03
2.840000000000001967e-01,-2.145408946156650565e-01,-9.769971352468417303e-01,-6.136938746011781021e+00,1.339512130917803523e+00,3.253128666153074638e-03
2.850000000000001976e-01,-2.206735617226282531e-01,-9.756383628605989067e-01,-6.128355184757526608e+00,1.378023556293473284e+00,3.264583340767467784e-03
2.860000000000001985e-01,-2.267975244771561205e-01,-9.742411065573244322e-01,-6.119530100224034541e+00,1.416479712642273237e+00,3.276038015341921957e-03
2.870000000000001994e-01,-2.329125415347960137e-01,-9.728054223626754204e-01,-6.110463851641137367e+00,1.454879087094893997e+00,3.287492689876297079e-03
2.880000000000002003e-01,-2.390183719150525965e-01,-9.713313678139948726e-01,-6.101156807691048733e+00,1.493220169158785193e+00,3.298947364370452637e-03
2.890000000000002012e-01,-2.451147750108322032e-01,-9.698190019579053800e-01,-6.091609346492127486e+00,1.531501450776904694e+00,3.310402038824248987e-03
2.900000000000002021e-01,-2.512015105978706586e-01,-9.682683853478445402e-01,-6.081821855582279390e+00,1.569721426386350593e+00,3.321856713237545614e-03
2.910000000000002029e-01,-2.572783388441445274e-01,-9.666795800415411977e-01,-6.071794731902000031e+00,1.607878592976874854e+00,3.333311387610202441e-03
2.920000000000002038e-01,-2.633450203192648220e-01,-9.650526495984339537e-01,-6.061528381777057106e+00,1.645971450149274373e+00,3.344766061942079823e-03
2.930000000000002047e-01,-2.694013160038536969e-01,-9.633876590770307224e-01,-6.051023220900815680e+00,1.683998500173659485e+00,3.356220736233037245e-03
2.940000000000002056e-01,-2.754469872989029899e-01,-9.616846750322105564e-01,-6.040279674316205494e+00,1.721958248047597007e+00,3.367675410482934197e-03
2.950000000000002065e-01,-2.814817960351145287e-01,-9.599437655124667401e-01,-6.029298176397331233e+00,1.759849201554124498e+00,3.379130084691631033e-03
2.960000000000002074e-01,-2.875055044822220629e-01,-9.581650000570929304e-01,-6.018079170830728408e+00,1.797669871319635959e+00,3.390584758858987673e-03
2.970000000000002083e-01,-2.935178753582941558e-01,-9.563484496933105650e-01,-6.006623110596264858e+00,1.835418770871633853e+00,3.402039432984863606e-03
2.980000000000002092e-01,-2.995186718390178693e-01,-9.544941869333389839e-01,-5.994930457947687863e+00,1.873094416696349018e+00,3.413494107069118752e-03
2.990000000000002101e-01,-3.055076575669626315e-01,-9.526022857714080416e-01,-5.983001684392819541e+00,1.910695328296222906e+00,3.424948781111613466e-03
3.000000000000002109e-01,-3.114845966608243977e-01,-9.506728216807129872e-01,-5.970837270673400532e+00,1.948220028247251934e+00,3.436403455112207236e-03
3.010000000000002118e-01,-3.174492537246492718e-01,-9.487058716103126121e-01,-5.958437706744582840e+00,1.985667042256191728e+00,3.447858129070759982e-03
3.020000000000002127e-01,-3.234013938570365343e-01,-9.467015139819697778e-01,-5.945803491754075409e+00,2.023034899217618587e+00,3.459312802987131192e-03
3.030000000000002136e-01,-3.293407826603206301e-01,-9.446598286869350991e-01,-5.932935134020938861e+00,2.060322131270846402e+00,3.470767476861181221e-03
3.040000000000002145e-01,-3.352671862497318411e-01,-9.425808970826737854e-01,-5.919833151014034733e+00,2.097527273856697239e+00,3.482222150692769989e-03
3.050000000000002154e-01,-3.411803712625349760e-01,-9.404648019895359701e-01,-5.906498069330127443e+00,2.134648865774122939e+00,3.493676824481756985e-03
3.060000000000002163e-01,-3.470801048671464106e-01,-9.383116276873701977e-01,-5.892930424671641632e+00,2.171685449236676835e+00,3.505131498228002129e-03
3.070000000000002172e-01,-3.529661547722283688e-01,-9.361214599120807334e-01,-5.879130761824075790e+00,2.208635569928832254e+00,3.516586171931365343e-03
3.080000000000002180e-01,-3.588382892357604992e-01,-9.338943858521283614e-01,-5.865099634633074821e+00,2.245497777062145150e+00,3.528040845591706547e-03
3.090000000000002189e-01,-3.646962770740885817e-01,-9.316304941449755628e-01,-5.850837605981155320e+00,2.282270623431261747e+00,3.539495519208885662e-03
3.100000000000002198e-01,-3.705398876709494749e-01,-9.293298748734752923e-01,-5.836345247764096023e+00,2.318952665469767638e+00,3.550950192782762610e-03
3.110000000000002207e-01,-3.763688909864724708e-01,-9.269926195622043563e-01,-5.821623140866988955e+00,2.355542463305873913e+00,3.562404866313197312e-03
3.120000000000002216e-01,-3.821830575661565033e-01,-9.246188211737407237e-01,-5.806671875139945094e+00,2.392038580817942073e+00,3.573859539800049254e-03
3.130000000000002225e-01,-3.879821585498228753e-01,-9.222085741048858809e-01,-5.791492049373472284e+00,2.428439585689845082e+00,3.585314213243178359e-03
3.140000000000002234e-01,-3.937659656805432840e-01,-9.197619741828317874e-01,-5.776084271273510318e+00,2.464744049466159659e+00,3.596768886642444981e-03
3.150000000000002243e-01,-3.995342513135424767e-01,-9.172791186612724301e-01,-5.760449157436134726e+00,2.500950547607191599e+00,3.608223559997708607e-03
3.160000000000002252e-01,-4.052867884250757058e-01,-9.147601062164608665e-01,-5.744587333321926614e+00,2.537057659543829224e+00,3.619678233308829159e-03
3.170000000000002260e-01,-4.110233506212802035e-01,-9.122050369432110895e-01,-5.728499433230007654e+00,2.573063968732225426e+00,3.631132906575666123e-03
3.180000000000002269e-01,-4.167437121470007333e-01,-9.096140123508456021e-01,-5.712186100271749112e+00,2.608968062708304725e+00,3.642587579798079855e-03
3.190000000000002278e-01,-4.224476478945884406e-01,-9.069871353590884810e-01,-5.695647986344144265e+00,2.644768533142093592e+00,3.654042252975930275e-03
3.200000000000002287e-01,-4.281349334126730577e-01,-9.043245102939041491e-01,-5.678885752102856621e+00,2.680463975891873130e+00,3.665496926109076872e-03
3.210000000000002296e-01,-4.338053449149079643e-01,-9.016262428832821918e-01,-5.661900066934941300e+00,2.716052991058151012e+00,3.676951599197379565e-03
3.220000000000002305e-01,-4.394586592886877696e-01,-8.988924402529679947e-01,-5.644691608931237781e+00,2.751534183037451342e+00,3.688406272240698277e-03
3.230000000000002314e-01,-4.450946541038382498e-01,-8.961232109221402009e-01,-5.627261064858436690e+00,2.786906160575920666e+00,3.699860945238893362e-03
3.240000000000002323e-01,-4.507131076212780307e-01,-8.933186647990342122e-01,-5.609609130130827737e+00,2.822167536822748346e+00,3.711315618191823873e-03
3.250000000000002331e-01,-4.563137988016518487e-01,-8.904789131765123988e-01,-5.591736508781720794e+00,2.857316929383397763e+00,3.722770291099350166e-03
3.260000000000002340e-01,-4.618965073139353339e-01,-8.876040687275816854e-01,-5.573643913434547237e+00,2.892352960372650994e+00,3.734224963961332161e-03
3.270000000000002349e-01,-4.674610135440103731e-01,-8.846942455008572903e-01,-5.555332065273643316e+00,2.927274256467457647e+00,3.745679636777629346e-03
3.280000000000002358e-01,-4.730070986032114400e-01,-8.817495589159745073e-01,-5.536801694014712893e+00,2.962079448959594963e+00,3.757134309548102076e-03
3.290000000000002367e-01,-4.785345443368418383e-01,-8.787701257589476400e-01,-5.518053537874973102e+00,2.996767173808128959e+00,3.768588982272609838e-03
3.300000000000002376e-01,-4.840431333326604135e-01,-8.757560641774764232e-01,-5.499088343542986479e+00,3.031336071691681067e+00,3.780043654951012553e-03
3.310000000000002385e-01,-4.895326489293375105e-01,-8.727074936762004853e-01,-5.479906866148176903e+00,3.065784788060494037e+00,3.791498327583170142e-03
3.320000000000002394e-01,-4.950028752248804564e-01,-8.696245351119018530e-01,-5.460509869230031121e+00,3.100111973188300230e+00,3.802953000168942527e-03
3.330000000000002403e-01,-5.004535970850282345e-01,-8.665073106886554966e-01,-5.440898124706992078e+00,3.134316282223983841e+00,3.814407672708189628e-03
3.340000000000002411e-01,-5.058846001516146274e-01,-8.633559439529283619e-01,-5.421072412845039601e+00,3.168396375243041518e+00,3.825862345200770932e-03
3.350000000000002420e-01,-5.112956708508999970e-01,-8.601705597886274424e-01,-5.401033522225961114e+00,3.202350917298836031e+00,3.837317017646546796e-03
3.360000000000002429e-01,-5.166865964018709789e-01,-8.569512844120961148e-01,-5.380782249715318599e+00,3.236178578473642986e+00,3.848771690045376705e-03
3.370000000000002438e-01,-5.220571648245082574e-01,-8.536982453670597382e-01,-5.360319400430105574e+00,3.269878033929487504e+00,3.860226362397120581e-03
3.380000000000002447e-01,-5.274071649480216450e-01,-8.504115715195207370e-01,-5.339645787706100322e+00,3.303447963958769495e+00,3.871681034701638345e-03
3.390000000000002456e-01,-5.327363864190524101e-01,-8.470913930526028368e-01,-5.318762233064918021e+00,3.336887054034676225e+00,3.883135706958789918e-03
3.400000000000002465e-01,-5.380446197098424088e-01,-8.437378414613453392e-01,-5.297669566180757350e+00,3.370193994861380382e+00,3.894590379168435222e-03
3.410000000000002474e-01,-5.433316561263701328e-01,-8.403510495474469932e-01,-5.276368624846849542e+00,3.403367482424022317e+00,3.906045051330434177e-03
3.420000000000002482e-01,-5.485972878164526723e-01,-8.369311514139603503e-01,-5.254860254941605469e+00,3.436406218038473348e+00,3.917499723444646705e-03
3.430000000000002491e-01,-5.538413077778140403e-01,-8.334782824599358264e-01,-5.233145310394469618e+00,3.469308908400878355e+00,3.928954395510932292e-03
3.440000000000002500e-01,-5.590635098661186353e-01,-8.299925793750171366e-01,-5.211224653151472985e+00,3.502074265636979877e+00,3.940409067529150426e-03
3.450000000000002509e-01,-5.642636888029708420e-01,-8.264741801339869909e-01,-5.189099153140494636e+00,3.534701007351216617e+00,3.951863739499161463e-03
3.460000000000002518e-01,-5.694416401838793274e-01,-8.229232239912639413e-01,-5.166769688236227509e+00,3.567187856675597235e+00,3.963318411420825756e-03
3.470000000000002527e-01,-5.745971604861861426e-01,-8.193398514753503781e-01,-5.144237144224856451e+00,3.599533542318348989e+00,3.974773083294002793e-03
3.480000000000002536e-01,-5.797300470769602976e-01,-8.157242043832322320e-01,-5.121502414768442257e+00,3.631736798612338113e+00,3.986227755118552062e-03
3.490000000000002545e-01,-5.848400982208559196e-01,-8.120764257747301595e-01,-5.098566401369016177e+00,3.663796365563258384e+00,3.997682426894333917e-03
3.500000000000002554e-01,-5.899271130879341074e-01,-8.083966599668026554e-01,-5.075430013332392853e+00,3.695710988897591420e+00,4.009137098621207845e-03
3.510000000000002562e-01,-5.949908917614484816e-01,-8.046850525278015365e-01,-5.052094167731691066e+00,3.727479420110331620e+00,4.020591770299034202e-03
3.520000000000002571e-01,-6.000312352455942078e-01,-8.009417502716795756e-01,-5.028559789370574684e+00,3.759100416512477949e+00,4.032046441927672475e-03
3.530000000000002580e-01,-6.050479454732198281e-01,-7.971669012521507280e-01,-5.004827810746209416e+00,3.790572741278288582e+00,4.043501113506983019e-03
3.540000000000002589e-01,-6.100408253135022330e-01,-7.933606547568036182e-01,-4.980899172011937104e+00,3.821895163492298408e+00,4.054955785036825321e-03
3.550000000000002598e-01,-6.150096785795843291e-01,-7.895231613011676197e-01,-4.956774820939674697e+00,3.853066458196097166e+00,4.066410456517058868e-03
3.560000000000002607e-01,-6.199543100361741832e-01,-7.856545726227325277e-01,-4.932455712882028998e+00,3.884085406434866883e+00,4.077865127947544015e-03
3.570000000000002616e-01,-6.248745254071070843e-01,-7.817550416749219355e-01,-4.907942810734140515e+00,3.914950795303675957e+00,4.089319799328140249e-03
3.580000000000002625e-01,-6.297701313828686365e-01,-7.778247226210202037e-01,-4.883237084895249325e+00,3.945661417993529430e+00,4.100774470658707926e-03
3.590000000000002633e-01,-6.346409356280796610e-01,-7.738637708280535765e-01,-4.858339513229988249e+00,3.976216073837175902e+00,4.112229141939106533e-03
3.600000000000002642e-01,-6.394867467889421286e-01,-7.698723428606257801e-01,-4.833251081029405150e+00,4.006613568354663535e+00,4.123683813169196424e-03
3.610000000000002651e-01,-6.443073745006457909e-01,-7.658505964747078787e-01,-4.807972780971714322e+00,4.036852713298651807e+00,4.135138484348837087e-03
3.620000000000002660e-01,-6.491026293947359527e-01,-7.617986906113832779e-01,-4.782505613082778773e+00,4.066932326699469691e+00,4.146593155477888010e-03
3.630000000000002669e-01,-6.538723231064408337e-01,-7.577167853905474315e-01,-4.756850584696327822e+00,4.096851232909923368e+00,4.158047826556209546e-03
3.640000000000002678e-01,-6.586162682819596270e-01,-7.536050421045632497e-01,-4.731008710413906471e+00,4.126608262649852144e+00,4.169502497583661184e-03
3.650000000000002687e-01,-6.633342785857104795e-01,-7.494636232118717656e-01,-4.704981012064563650e+00,4.156202253050429007e+00,4.180957168560103278e-03
3.660000000000002696e-01,-6.680261687075370602e-01,-7.452926923305588369e-01,-4.678768518664274012e+00,4.185632047698205405e+00,4.192411839485395315e-03
3.670000000000002705e-01,-6.726917543698757163e-01,-7.410924142318777719e-01,-4.652372266375106591e+00,4.214896496678896654e+00,4.203866510359397651e-03
3.680000000000002713e-01,-6.773308523348807730e-01,-7.368629548337285451e-01,-4.625793298464127901e+00,4.243994456620910682e+00,4.215321181181969773e-03
3.690000000000002722e-01,-6.819432804115088675e-01,-7.326044811940932711e-01,-4.599032665262050124e+00,4.272924790738619194e+00,4.226775851952972035e-03
3.700000000000002731e-01,-6.865288574625618701e-01,-7.283171615044287117e-01,-4.572091424121626169e+00,4.301686368875359712e+00,4.238230522672263925e-03
3.710000000000002740e-01,-6.910874034116879505e-01,-7.240011650830161516e-01,-4.544970639375786270e+00,4.330278067546181830e+00,4.249685193339704931e-03
3.720000000000002749e-01,-6.956187392503407896e-01,-7.196566623682680852e-01,-4.517671382295525895e+00,4.358698769980323462e+00,4.261139863955155406e-03
3.730000000000002758e-01,-7.001226870446964901e-01,-7.152838249119931602e-01,-4.490194731047542298e+00,4.386947366163425954e+00,4.272594534518474839e-03
3.740000000000002767e-01,-7.045990699425278558e-01,-7.108828253726188207e-01,-4.462541770651621498e+00,4.415022752879479206e+00,4.284049205029523584e-03
3.750000000000002776e-01,-7.090477121800361493e-01,-7.064538375083716515e-01,-4.434713592937779225e+00,4.442923833752497664e+00,4.295503875488161129e-03
3.760000000000002784e-01,-7.134684390886399941e-01,-7.019970361704173101e-01,-4.406711296503154962e+00,4.470649519287928086e+00,4.306958545894246961e-03
3.770000000000002793e-01,-7.178610771017206460e-01,-6.975125972959578258e-01,-4.378535986668662616e+00,4.498198726913784640e+00,4.318413216247641434e-03
3.780000000000002802e-01,-7.222254537613238545e-01,-6.930006979012890422e-01,-4.350188775435399613e+00,4.525570381021512212e+00,4.329867886548204904e-03
3.790000000000002811e-01,-7.265613977248183142e-01,-6.884615160748167595e-01,-4.321670781440817066e+00,4.552763413006576165e+00,4.341322556795796858e-03
3.800000000000002820e-01,-7.308687387715101513e-01,-6.838952309700324639e-01,-4.292983129914646589e+00,4.579776761308775868e+00,4.352777226990276783e-03
3.810000000000002829e-01,-7.351473078092127800e-01,-6.793020227984488679e-01,-4.264126952634596179e+00,4.606609371452280222e+00,4.364231897131505035e-03
3.820000000000002838e-01,-7.393969368807727927e-01,-6.746820728224959263e-01,-4.235103387881805403e+00,4.633260196085388749e+00,4.375686567219341100e-03
3.830000000000002847e-01,-7.436174591705509984e-01,-6.700355633483765505e-01,-4.205913580396071438e+00,4.659728195020011121e+00,4.387141237253644466e-03
3.840000000000002855e-01,-7.478087090108586077e-01,-6.653626777188839103e-01,-4.176558681330839740e+00,4.686012335270866025e+00,4.398595907234275487e-03
3.850000000000002864e-01,-7.519705218883482312e-01,-6.606636003061785445e-01,-4.147039848207968227e+00,4.712111591094400254e+00,4.410050577161094519e-03
3.860000000000002873e-01,-7.561027344503595815e-01,-6.559385165045276134e-01,-4.117358244872259654e+00,4.738024944027421803e+00,4.421505247033961049e-03
3.870000000000002882e-01,-7.602051845112197670e-01,-6.511876127230054045e-01,-4.087515041445770159e+00,4.763751382925454081e+00,4.432959916852734564e-03
3.880000000000002891e-01,-7.642777110584972888e-01,-6.464110763781554247e-01,-4.057511414281893103e+00,4.789289904000797904e+00,4.444414586617275419e-03
3.890000000000002900e-01,-7.683201542592105193e-01,-6.416090958866146332e-01,-4.027348545919216427e+00,4.814639510860311056e+00,4.455869256327443101e-03
3.900000000000002909e-01,-7.723323554659897727e-01,-6.367818606577003715e-01,-3.997027625035162846e+00,4.839799214542900074e+00,4.467323925983097965e-03
3.910000000000002918e-01,-7.763141572231927467e-01,-6.319295610859594348e-01,-3.966549846399408885e+00,4.864768033556720717e+00,4.478778595584099499e-03
3.920000000000002927e-01,-7.802654032729734457e-01,-6.270523885436805056e-01,-3.935916410827086320e+00,4.889544993916090654e+00,4.490233265130307190e-03
3.930000000000002935e-01,-7.841859385613042521e-01,-6.221505353733695065e-01,-3.905128525131767780e+00,4.914129129178109956e+00,4.501687934621581393e-03
3.940000000000002944e-01,-7.880756092439505922e-01,-6.172241948801887590e-01,-3.874187402078237863e+00,4.938519480478986701e+00,4.513142604057782462e-03
3.950000000000002953e-01,-7.919342626923985273e-01,-6.122735613243599495e-01,-3.843094260335052414e+00,4.962715096570072149e+00,4.524597273438769017e-03
3.960000000000002962e-01,-7.957617474997347173e-01,-6.072988299135306800e-01,-3.811850324426887759e+00,4.986715033853600154e+00,4.536051942764402281e-03
3.970000000000002971e-01,-7.995579134864786441e-01,-6.023001967951062685e-01,-3.780456824686680317e+00,5.010518356418129038e+00,4.547506612034540874e-03
3.980000000000002980e-01,-8.033226117063668736e-01,-5.972778590485455785e-01,-3.748914997207559274e+00,5.034124136073688582e+00,4.558961281249045150e-03
3.990000000000002989e-01,-8.070556944520889120e-01,-5.922320146776222094e-01,-3.717226083794575864e+00,5.057531452386627713e+00,4.570415950407775464e-03
4.000000000000002998e-01,-8.107570152609753222e-01,-5.871628626026509368e-01,-3.685391331916226587e+00,5.080739392714160196e+00,4.581870619510591304e-03
4.010000000000003006e-01,-8.144264289206364360e-01,-5.820706026526794030e-01,-3.653411994655777928e+00,5.103747052238616355e+00,4.593325288557352157e-03
4.020000000000003015e-01,-8.180637914745529926e-01,-5.769554355576463900e-01,-3.621289330662389450e+00,5.126553534001385692e+00,4.604779957547918377e-03
4.030000000000003024e-01,-8.216689602276173732e-01,-5.718175629405055638e-01,-3.589024604102039273e+00,5.149157948936564644e+00,4.616234626482150320e-03
4.040000000000003033e-01,-8.252417937516258739e-01,-5.666571873093163569e-01,-3.556619084608255044e+00,5.171559415904292578e+00,4.627689295359906606e-03
4.050000000000003042e-01,-8.287821518907213525e-01,-5.614745120493013220e-01,-3.524074047232649498e+00,5.193757061723789370e+00,4.639143964181048456e-03
4.060000000000003051e-01,-8.322898957667866915e-01,-5.562697414148704000e-01,-3.491390772395264186e+00,5.215750021206085663e+00,4.650598632945434491e-03
4.070000000000003060e-01,-8.357648877847883018e-01,-5.510430805216132155e-01,-3.458570545834722676e+00,5.237537437186444933e+00,4.662053301652925065e-03
4.080000000000003069e-01,-8.392069916380696659e-01,-5.457947353382586186e-01,-3.425614658558195913e+00,5.259118460556479135e+00,4.673507970303380533e-03
4.090000000000003078e-01,-8.426160723135948105e-01,-5.405249126786023650e-01,-3.392524406791179281e+00,5.280492250295953482e+00,4.684962638896660383e-03
4.100000000000003086e-01,-8.459919960971413744e-01,-5.352338201934032647e-01,-3.359301091927086702e+00,5.301657973504285692e+00,4.696417307432624103e-03
4.110000000000003095e-01,-8.493346305784432726e-01,-5.299216663622478007e-01,-3.325946020476660436e+00,5.322614805431730822e+00,4.707871975911132045e-03
4.120000000000003104e-01,-8.526438446562828455e-01,-5.245886604853839952e-01,-3.292460504017201028e+00,5.343361929510255237e+00,4.719326644332043699e-03
4.130000000000003113e-01,-8.559195085435316042e-01,-5.192350126755242989e-01,-3.258845859141617396e+00,5.363898537384098830e+00,4.730781312695219419e-03
4.140000000000003122e-01,-8.591614937721405720e-01,-5.138609338496180623e-01,-3.225103407407297951e+00,5.384223828940021050e+00,4.742235981000518692e-03
4.150000000000003131e-01,-8.623696731980790009e-01,-5.084666357205942511e-01,-3.191234475284810301e+00,5.404337012337236068e+00,4.753690649247801006e-03
4.160000000000003140e-01,-8.655439210062219058e-01,-5.030523307890740758e-01,-3.157240394106422876e+00,5.424237304037030860e+00,4.765145317436926715e-03
4.170000000000003149e-01,-8.686841127151857522e-01,-4.976182323350539782e-01,-3.123122500014458680e+00,5.443923928832066217e+00,4.776599985567756175e-03
4.180000000000003157e-01,-8.717901251821129627e-01,-4.921645544095601954e-01,-3.088882133909476746e+00,5.463396119875359780e+00,4.788054653640148005e-03
4.190000000000003166e-01,-8.748618366074039088e-01,-4.866915118262736817e-01,-3.054520641398286163e+00,5.482653118708952888e+00,4.799509321653963427e-03
4.200000000000003175e-01,-8.778991265393971677e-01,-4.811993201531270525e-01,-3.020039372741795791e+00,5.501694175292256794e+00,4.810963989609061062e-03
4.210000000000003184e-01,-8.809018758789974868e-01,-4.756881957038731068e-01,-2.985439682802697892e+00,5.520518548030080908e+00,4.822418657505301263e-03
4.220000000000003193e-01,-8.838699668842513457e-01,-4.701583555296256489e-01,-2.950722930992990545e+00,5.539125503800335970e+00,4.833873325342544387e-03
4.230000000000003202e-01,-8.868032831748700051e-01,-4.646100174103725000e-01,-2.915890481221339758e+00,5.557514317981421037e+00,4.845327993120649920e-03
4.240000000000003211e-01,-8.897017097366995975e-01,-4.590433998464616416e-01,-2.880943701840283033e+00,5.575684274479283609e+00,4.856782660839477350e-03
4.250000000000003220e-01,-8.925651329261388156e-01,-4.534587220500601590e-01,-2.845883965593277054e+00,5.593634665754158242e+00,4.868237328498887032e-03
4.260000000000003229e-01,-8.953934404745029774e-01,-4.478562039365866498e-01,-2.810712649561590837e+00,5.611364792846980087e+00,4.879691996098739319e-03
4.270000000000003237e-01,-8.981865214923355767e-01,-4.422360661161176543e-01,-2.775431135111044778e+00,5.628873965405475133e+00,4.891146663638892833e-03
4.280000000000003246e-01,-9.009442664736657669e-01,-4.365985298847678275e-01,-2.740040807838601822e+00,5.646161501709921815e+00,4.902601331119208795e-03
4.290000000000003255e-01,-9.036665673002131083e-01,-4.309438172160445779e-01,-2.704543057518807192e+00,5.663226728698589341e+00,4.914055998539545826e-03
4.300000000000003264e-01,-9.063533172455380260e-01,-4.252721507521776689e-01,-2.668939278050083352e+00,5.680068981992844712e+00,4.925510665899764280e-03
4.310000000000003273e-01,-9.090044109791389770e-01,-4.195837537954235641e-01,-2.633230867400880193e+00,5.696687605921935571e+00,4.936965333199724512e-03
4.320000000000003282e-01,-9.116197445704952163e-01,-4.138788502993452911e-01,-2.597419227555679555e+00,5.713081953547441749e+00,4.948420000439286009e-03
4.330000000000003291e-01,-9.141992154930560499e-01,-4.081576648600681589e-01,-2.561505764460862533e+00,5.729251386687397307e+00,4.959874667618308260e-03
4.340000000000003300e-01,-9.167427226281754660e-01,-4.024204227075112161e-01,-2.525491887970436000e+00,5.745195275940083057e+00,4.971329334736651617e-03
4.350000000000003308e-01,-9.192501662689926967e-01,-3.966673496965953949e-01,-2.489379011791621465e+00,5.760913000707486908e+00,4.982784001794175570e-03
4.360000000000003317e-01,-9.217214481242580471e-01,-3.908986722984280626e-01,-2.453168553430310261e+00,5.776403949218432921e+00,4.994238668790740472e-03
4.370000000000003326e-01,-9.241564713221042116e-01,-3.851146175914648140e-01,-2.416861934136385059e+00,5.791667518551378180e+00,5.005693335726205812e-03
4.380000000000003335e-01,-9.265551404137629676e-01,-3.793154132526487254e-01,-2.380460578848909936e+00,5.806703114656875719e+00,5.017148002600431075e-03
4.390000000000003344e-01,-9.289173613772268023e-01,-3.735012875485269057e-01,-2.343965916141190764e+00,5.821510152379703484e+00,5.028602669413276618e-03
4.400000000000003353e-01,-9.312430416208558048e-01,-3.676724693263455079e-01,-2.307379378165710371e+00,5.836088055480660231e+00,5.040057336164602796e-03
4.410000000000003362e-01,-9.335320899869290479e-01,-3.618291880051229259e-01,-2.270702400598936688e+00,5.850436256658022138e+00,5.051512002854269094e-03
4.420000000000003371e-01,-9.357844167551411241e-01,-3.559716735667017851e-01,-2.233936422586007442e+00,5.864554197568669913e+00,5.062966669482135001e-03
4.430000000000003380e-01,-9.379999336460428383e-01,-3.501001565467797283e-01,-2.197082886685294945e+00,5.878441328848872161e+00,5.074421336048060872e-03
4.440000000000003388e-01,-9.401785538244270546e-01,-3.442148680259200511e-01,-2.160143238812850530e+00,5.892097110134738358e+00,5.085876002551906194e-03
4.450000000000003397e-01,-9.423201919026581441e-01,-3.383160396205415199e-01,-2.123118928186731313e+00,5.905521010082328104e+00,5.097330668993530454e-03
4.460000000000003406e-01,-9.444247639439464770e-01,-3.324039034738886511e-01,-2.086011407271213258e+00,5.918712506387424632e+00,5.108785335372794008e-03
4.470000000000003415e-01,-9.464921874655662926e-01,-3.264786922469821717e-01,-2.048822131720887896e+00,5.931671085804971710e+00,5.120240001689557209e-03
4.480000000000003424e-01,-9.485223814420185029e-01,-3.205406391095503293e-01,-2.011552560324651129e+00,5.944396244168165921e+00,5.131694667943679546e-03
4.490000000000003433e-01,-9.505152663081365416e-01,-3.145899777309412171e-01,-1.974204154949579681e+00,5.956887486407211441e+00,5.143149334135020505e-03
4.500000000000003442e-01,-9.524707639621364796e-01,-3.086269422710166133e-01,-1.936778380484702078e+00,5.969144326567735526e+00,5.154604000263440441e-03
4.510000000000003451e-01,-9.543887977686111856e-01,-3.026517673710272804e-01,-1.899276704784662595e+00,5.981166287828859396e+00,5.166058666328798843e-03
4.520000000000003459e-01,-9.562692925614673101e-01,-2.966646881444707784e-01,-1.861700598613283297e+00,5.992952902520930714e+00,5.177513332330956064e-03
4.530000000000003468e-01,-9.581121746468063138e-01,-2.906659401679314580e-01,-1.824051535587023265e+00,6.004503712142908789e+00,5.188967998269771592e-03
4.540000000000003477e-01,-9.599173718057489868e-01,-2.846557594719033024e-01,-1.786330992118339234e+00,6.015818267379412276e+00,5.200422664145104915e-03
4.550000000000003486e-01,-9.616848132972027896e-01,-2.786343825315958367e-01,-1.748540447358948091e+00,6.026896128117421370e+00,5.211877329956816386e-03
4.560000000000003495e-01,-9.634144298605730183e-01,-2.726020462577235515e-01,-1.710681383142994560e+00,6.037736863462634496e+00,5.223331995704766362e-03
4.570000000000003504e-01,-9.651061537184164596e-01,-2.665589879872792833e-01,-1.672755283930125181e+00,6.048340051755482172e+00,5.234786661388814329e-03
4.580000000000003513e-01,-9.667599185790385352e-01,-2.605054454742914971e-01,-1.634763636748470583e+00,6.058705280586796249e+00,5.246241327008819774e-03
4.590000000000003522e-01,-9.683756596390333815e-01,-2.544416568805661916e-01,-1.596707931137538283e+00,6.068832146813130990e+00,5.257695992564643053e-03
4.600000000000003531e-01,-9.699533135857665300e-01,-2.483678607664137339e-01,-1.558589659091018653e+00,6.078720256571744862e+00,5.269150658056143653e-03
4.610000000000003539e-01,-9.714928185998001897e-01,-2.422842960813607616e-01,-1.520410314999504964e+00,6.088369225295226173e+00,5.280605323483181061e-03
4.620000000000003548e-01,-9.729941143572619078e-01,-2.361912021548476792e-01,-1.482171395593129715e+00,6.097778677725782970e+00,5.292059988845615633e-03
4.630000000000003557e-01,-9.744571420321551658e-01,-2.300888186869120555e-01,-1.443874399884120363e+00,6.106948247929175011e+00,5.303514654143307722e-03
4.640000000000003566e-01,-9.758818442986127994e-01,-2.239773857388582534e-01,-1.405520829109274894e+00,6.115877579308306444e+00,5.314969319376116816e-03
4.650000000000003575e-01,-9.772681653330925755e-01,-2.178571437239136543e-01,-1.367112186672360785e+00,6.124566324616468549e+00,5.326423984543902403e-03
4.660000000000003584e-01,-9.786160508165157035e-01,-2.117283333978717264e-01,-1.328649978086437367e+00,6.133014145970228981e+00,5.337878649646524837e-03
4.670000000000003593e-01,-9.799254479363468384e-01,-2.055911958497224912e-01,-1.290135710916106238e+00,6.141220714861980845e+00,5.349333314683843606e-03
4.680000000000003602e-01,-9.811963053886170183e-01,-1.994459724922705846e-01,-1.251570894719689520e+00,6.149185712172134721e+00,5.360787979655718197e-03
4.690000000000003610e-01,-9.824285733798883147e-01,-1.932929050527412984e-01,-1.212957040991339497e+00,6.156908828180965187e+00,5.372242644562008965e-03
4.700000000000003619e-01,-9.836222036291607518e-01,-1.871322355633748546e-01,-1.174295663103079645e+00,6.164389762580108290e+00,5.383697309402576264e-03
4.710000000000003628e-01,-9.847771493697211609e-01,-1.809642063520095490e-01,-1.135588276246782380e+00,6.171628224483706404e+00,5.395151974177279583e-03
4.720000000000003637e-01,-9.858933653509338590e-01,-1.747890600326537369e-01,-1.096836397376081296e+00,6.178623932439202271e+00,5.406606638885978408e-03
4.730000000000003646e-01,-9.869708078399735962e-01,-1.686070394960473284e-01,-1.058041545148224571e+00,6.185376614437784859e+00,5.418061303528533094e-03
4.740000000000003655e-01,-9.880094346234997715e-01,-1.624183879002129571e-01,-1.019205239865867307e+00,6.191886007924483515e+00,5.429515968104803129e-03
4.750000000000003664e-01,-9.890092050092730291e-01,-1.562233486609972133e-01,-9.803290034188079094e-01,6.198151859807906838e+00,5.440970632614648868e-03
4.760000000000003673e-01,-9.899700798277130120e-01,-1.500221654426024120e-01,-9.414143592256686288e-01,6.204173926469634281e+00,5.452425297057929797e-03
4.770000000000003681e-01,-9.908920214333979404e-01,-1.438150821481089525e-01,-9.024628321755234772e-01,6.209951973773255141e+00,5.463879961434506272e-03
4.780000000000003690e-01,-9.917749937065062360e-01,-1.376023429099890449e-01,-8.634759485694750714e-01,6.215485777073053164e+00,5.475334625744237779e-03
4.790000000000003699e-01,-9.926189620541989722e-01,-1.313841920806117780e-01,-8.244552360621821840e-01,6.220775121222337667e+00,5.486789289986983807e-03
4.800000000000003708e-01,-9.934238934119442588e-01,-1.251608742227400817e-01,-7.854022236033406656e-01,6.225819800581426477e+00,5.498243954162604710e-03
4.810000000000003717e-01,-9.941897562447830072e-01,-1.189326341000198767e-01,-7.463184413791191796e-01,6.230619619025272726e+00,5.509698618270959976e-03
4.820000000000003726e-01,-9.949165205485361874e-01,-1.126997166674617440e-01,-7.072054207535521941e-01,6.235174389950737250e+00,5.521153282311909959e-03
4.830000000000003735e-01,-9.956041578509532419e-01,-1.064623670619155721e-01,-6.680646942098922292e-01,6.239483936283510168e+00,5.532607946285314146e-03
4.840000000000003744e-01,-9.962526412128019926e-01,-1.002208305925383902e-01,-6.288977952919228009e-01,6.243548090484677182e+00,5.544062610191032893e-03
4.850000000000003753e-01,-9.968619452288999261e-01,-9.397535273125583177e-02,-5.897062585452351735e-01,6.247366694556932387e+00,5.555517274028925687e-03
4.860000000000003761e-01,-9.974320460290865276e-01,-8.772617910321757473e-02,-5.504916194584699163e-01,6.250939600050436695e+00,5.566971937798852015e-03
4.870000000000003770e-01,-9.979629212791368831e-01,-8.147355547724711988e-02,-5.112554144045262650e-01,6.254266668068321877e+00,5.578426601500672231e-03
4.880000000000003779e-01,-9.984545501816167734e-01,-7.521772775628615681e-02,-4.719991805817401187e-01,6.257347769271841997e+00,5.589881265134245825e-03
4.890000000000003788e-01,-9.989069134766782598e-01,-6.895894196783405872e-02,-4.327244559550341152e-01,6.260182783885167801e+00,5.601335928699433149e-03
4.900000000000003797e-01,-9.993199934427972053e-01,-6.269744425438272817e-02,-3.934327791970407273e-01,6.262771601699825830e+00,5.612790592196094559e-03
4.910000000000003806e-01,-9.996937738974515097e-01,-5.643348086384711304e-02,-3.541256896292009348e-01,6.265114122078787595e+00,5.624245255624088675e-03
4.920000000000003815e-01,-1.000028240197740281e+00,-5.016729813999190601e-02,-3.148047271628405253e-01,6.267210253960198152e+00,5.635699918983275852e-03
4.930000000000003824e-01,-1.000323379240944277e+00,-4.389914251285466362e-02,-2.754714322402256332e-01,6.269059915860751175e+00,5.647154582273516445e-03
4.940000000000003832e-01,-1.000579179465027613e+00,-3.762926048916567789e-02,-2.361273457756002669e-01,6.270663035878711433e+00,5.658609245494669940e-03
4.950000000000003841e-01,-1.000795630849079743e+00,-3.135789864276508632e-02,-1.967740090962072363e-01,6.272019551696579320e+00,5.670063908646595825e-03
4.960000000000003850e-01,-1.000972724913699707e+00,-2.508530360501741441e-02,-1.574129638832948708e-01,6.273129410583400123e+00,5.681518571729154456e-03
4.970000000000003859e-01,-1.001110454721319876e+00,-1.881172205522404703e-02,-1.180457521131114407e-01,6.273992569396719787e+00,5.692973234742205318e-03
4.980000000000003868e-01,-1.001208814876471731e+00,-1.253740071103389558e-02,-7.867391599788930989e-02,6.274608994584182753e+00,5.704427897685608768e-03
4.990000000000003877e-01,-1.001267801525992818e+00,-6.262586318852636676e-03,-3.929899792682102488e-02,6.274978662184774514e+00,5.715882560559224293e-03
5.000000000000003331e-01,-1.001287412359173290e+00,1.247435574908486999e-05,7.745959297079246797e-05,6.275101557829713350e+00,5.727337223362912247e-03
5.010000000000003340e-01,-1.001267646607845174e+00,6.287534537628202379e-03,3.945391399546761824e-02,6.274977676742977906e+00,5.738791886096532117e-03
5.020000000000003348e-01,-1.001208505046411013e+00,1.256234745166209463e-02,7.882882271479121905e-02,6.274607023741487488e+00,5.750246548759943392e-03
5.030000000000003357e-01,-1.001109989991814775e+00,1.883666633234146875e-02,1.182006432442399280e-01,6.273989613234920881e+00,5.761701211353006426e-03
5.040000000000003366e-01,-1.000972105303452819e+00,2.511024443336288062e-02,1.575678331953226929e-01,6.273125469225182549e+00,5.773155873875580706e-03
5.050000000000003375e-01,-1.000794856383026454e+00,3.138283503722055778e-02,1.969288503567891424e-01,6.272014625305513569e+00,5.784610536327526586e-03
5.060000000000003384e-01,-1.000578250174334993e+00,3.765419146479711404e-02,2.362821527536534960e-01,6.270657124659244630e+00,5.796065198708703556e-03
5.070000000000003393e-01,-1.000322295163009745e+00,4.392406708495290996e-02,2.756261987062102459e-01,6.269053020058194647e+00,5.807519861018971968e-03
5.080000000000003402e-01,-1.000027001376189828e+00,5.019221532411354686e-02,3.149594468890395960e-01,6.267202373860714992e+00,5.818974523258191311e-03
5.090000000000003411e-01,-9.996923803821380350e-01,5.645838967585530693e-02,3.542803563900006614e-01,6.265105258009377565e+00,5.830429185426221940e-03
5.100000000000003419e-01,-9.993184452897979630e-01,6.272234371048805712e-02,3.935873867692102901e-01,6.262761754028305816e+00,5.841883847522923341e-03
5.110000000000003428e-01,-9.989052107482923049e-01,6.898383108463532198e-02,4.328789981180055091e-01,6.260171953020153168e+00,5.853338509548155003e-03
5.120000000000003437e-01,-9.984526929463624079e-01,7.524260555081113688e-02,4.721536511178875961e-01,6.257335955662724380e+00,5.864793171501777279e-03
5.130000000000003446e-01,-9.979609096117484368e-01,8.149842096699339011e-02,5.114098070994456124e-01,6.254253872205244313e+00,5.876247833383649657e-03
5.140000000000003455e-01,-9.974298800105109164e-01,8.775103130619321679e-02,5.506459281012575646e-01,6.250925822464266979e+00,5.887702495193632493e-03
5.150000000000003464e-01,-9.968596249462932102e-01,9.400019066602013917e-02,5.898604769287668637e-01,6.247351935819234647e+00,5.899157156931585273e-03
5.160000000000003473e-01,-9.962501667595252686e-01,1.002456532782425580e-01,6.290519172131322501e-01,6.243532351207680797e+00,5.910611818597368353e-03
5.170000000000003482e-01,-9.956015293265685351e-01,1.064871735183433449e-01,6.682187134700490194e-01,6.239467217120076015e+00,5.922066480190841219e-03
5.180000000000003491e-01,-9.949137380588021218e-01,1.127245059150700224e-01,7.073593311585396615e-01,6.235156691594323064e+00,5.933521141711863359e-03
5.190000000000003499e-01,-9.941868199016496987e-01,1.189574051599792959e-01,7.464722367397118585e-01,6.230600942209895798e+00,5.944975803160295127e-03
5.200000000000003508e-01,-9.934208033335485410e-01,1.251856261169755902e-01,7.855558977354815120e-01,6.225800146081622799e+00,5.956430464535996012e-03
5.210000000000003517e-01,-9.926157183648591786e-01,1.314089238318430497e-01,8.246087827872591314e-01,6.220754489853119296e+00,5.967885125838826368e-03
5.220000000000003526e-01,-9.917715965367163156e-01,1.376270535417710161e-01,8.636293617145971435e-01,6.215464169689866480e+00,5.979339787068645683e-03
5.230000000000003535e-01,-9.908884709198217955e-01,1.438397706848722202e-01,9.026161055737967898e-01,6.209929391271932886e+00,5.990794448225314310e-03
5.240000000000003544e-01,-9.899663761131782813e-01,1.500468309096935626e-01,9.415674867164715023e-01,6.204150369786347596e+00,6.002249109308691738e-03
5.250000000000003553e-01,-9.890053482427648701e-01,1.562479900847191516e-01,9.804819788480658715e-01,6.198127329919113748e+00,6.013703770318637454e-03
5.260000000000003562e-01,-9.880054249601539773e-01,1.624430043078651520e-01,1.019358057086327429e+00,6.191860505846879192e+00,6.025158431255011812e-03
5.270000000000003570e-01,-9.869666454410696010e-01,1.686316299159660581e-01,1.058194198019729138e+00,6.185350141228243004e+00,6.036613092117675168e-03
5.280000000000003579e-01,-9.858890503838876329e-01,1.748136234942522238e-01,1.096988879765841141e+00,6.178596489194719155e+00,6.048067752906487009e-03
5.290000000000003588e-01,-9.847726820080776600e-01,1.809887418858180386e-01,1.135740582029649559e+00,6.171599812341344027e+00,6.059522413621306822e-03
5.300000000000003597e-01,-9.836175840525861469e-01,1.871567422010806669e-01,1.174447786161819662e+00,6.164360382716930431e+00,6.070977074261994962e-03
5.310000000000003606e-01,-9.824238017741619977e-01,1.933173818272287958e-01,1.213108975216902197e+00,6.156878481813974346e+00,6.082431734828410916e-03
5.320000000000003615e-01,-9.811913819456231645e-01,1.994704184376610567e-01,1.251722634011480872e+00,6.149154400558207278e+00,6.093886395320414172e-03
5.330000000000003624e-01,-9.799203728540658576e-01,2.056156100014140120e-01,1.290287249182257678e+00,6.141188439297800450e+00,6.105341055737865084e-03
5.340000000000003633e-01,-9.786108242990154693e-01,2.117527147925789555e-01,1.328801309244075801e+00,6.132980907792214609e+00,6.116795716080624008e-03
5.350000000000003642e-01,-9.772627875905192107e-01,2.178814913997074998e-01,1.367263304647877264e+00,6.124532125200704336e+00,6.128250376348550431e-03
5.360000000000003650e-01,-9.758763155471812389e-01,2.240016987352055067e-01,1.405671727838592622e+00,6.115842420070468854e+00,6.139705036541503839e-03
5.370000000000003659e-01,-9.744514624941396086e-01,2.301130960447149154e-01,1.444025073312962260e+00,6.106912130324453791e+00,6.151159696659344589e-03
5.380000000000003668e-01,-9.729882842609857141e-01,2.362154429164833036e-01,1.482321837677285092e+00,6.097741603248807429e+00,6.162614356701932167e-03
5.390000000000003677e-01,-9.714868381796258889e-01,2.423084992907206248e-01,1.520560519705095093e+00,6.088331195479981695e+00,6.174069016669126927e-03
5.400000000000003686e-01,-9.699471830820852736e-01,2.483920254689429008e-01,1.558739620394762326e+00,6.078681272991491191e+00,6.185523676560788359e-03
5.410000000000003695e-01,-9.683693792982541737e-01,2.544657821233026196e-01,1.596857643027015605e+00,6.068792211080321408e+00,6.196978336376775948e-03
5.420000000000003704e-01,-9.667534886535771310e-01,2.605295303059051437e-01,1.634913093222386760e+00,6.058664394352987870e+00,6.208432996116950049e-03
5.430000000000003713e-01,-9.650995744666843734e-01,2.665830314581111860e-01,1.672904478998572753e+00,6.048298216711250674e+00,6.219887655781170151e-03
5.440000000000003721e-01,-9.634077015469658667e-01,2.726260474198247685e-01,1.710830310827715417e+00,6.037694081337481755e+00,6.231342315369296607e-03
5.450000000000003730e-01,-9.616779361920884117e-01,2.786583404387663609e-01,1.748689101693594372e+00,6.026852400679684862e+00,6.242796974881189773e-03
5.460000000000003739e-01,-9.599103461854555652e-01,2.846796731797309188e-01,1.786479367148733122e+00,6.015773596436171822e+00,6.254251634316708268e-03
5.470000000000003748e-01,-9.581050007936100510e-01,2.906898087338302683e-01,1.824199625371416111e+00,6.004458099539888849e+00,6.265706293675712447e-03
5.480000000000003757e-01,-9.562619707635797717e-01,2.966885106277198925e-01,1.861848397222613638e+00,5.992906350142405358e+00,6.277160952958062666e-03
5.490000000000003766e-01,-9.543813283201666442e-01,3.026755428328093966e-01,1.899424206302813278e+00,5.981118797597549275e+00,6.288615612163618411e-03
5.500000000000003775e-01,-9.524631471631787027e-01,3.086506697744562655e-01,1.936925579008756726e+00,5.969095900444707503e+00,6.300070271292239170e-03
5.510000000000003784e-01,-9.505075024646053583e-01,3.146136563411431886e-01,1.974351044590077819e+00,5.956838126391775567e+00,6.311524930343785297e-03
5.520000000000003793e-01,-9.485144708657365920e-01,3.205642678936377332e-01,2.011699135205841760e+00,5.944345952297769742e+00,6.322979589318117148e-03
5.530000000000003801e-01,-9.464841304742250827e-01,3.265022702741346428e-01,2.048968385980983520e+00,5.931619864155092792e+00,6.334434248215093342e-03
5.540000000000003810e-01,-9.444165608610919360e-01,3.324274298153802598e-01,2.086157335062641671e+00,5.918660357071461320e+00,6.345888907034575102e-03
5.550000000000003819e-01,-9.423118430576767901e-01,3.383395133497786311e-01,2.123264523676386517e+00,5.905467935251488498e+00,6.357343565776421047e-03
5.560000000000003828e-01,-9.401700595525310789e-01,3.442382882184790716e-01,2.160288496182342755e+00,5.892043111977927516e+00,6.368798224440491533e-03
5.570000000000003837e-01,-9.379912942882553395e-01,3.501235222804447988e-01,2.197227800131199782e+00,5.878386409592577522e+00,6.380252883026646914e-03
5.580000000000003846e-01,-9.357756326582811202e-01,3.559949839215022505e-01,2.234080986320113649e+00,5.864498359476843170e+00,6.391707541534746677e-03
5.590000000000003855e-01,-9.335231615035960440e-01,3.618524420633708605e-01,2.270846608848493098e+00,5.850379502031963774e+00,6.403162199964650310e-03
5.600000000000003864e-01,-9.312339691094141392e-01,3.676956661726727971e-01,2.307523225173671033e+00,5.836030386658896951e+00,6.414616858316218168e-03
5.610000000000003872e-01,-9.289081452017899920e-01,3.735244262699226048e-01,2.344109396166459192e+00,5.821451571737868314e+00,6.426071516589309737e-03
5.620000000000003881e-01,-9.265457809441774994e-01,3.793384929384959747e-01,2.380603686166582911e+00,5.806643624607581877e+00,6.437526174783785374e-03
5.630000000000003890e-01,-9.241469689339333327e-01,3.851376373335778092e-01,2.417004663037994661e+00,5.791607121544096515e+00,6.448980832899504564e-03
5.640000000000003899e-01,-9.217118031987651117e-01,3.909216311910888031e-01,2.453310898224064118e+00,5.776342647739362235e+00,6.460435490936327664e-03
5.650000000000003908e-01,-9.192403791931244017e-01,3.966902468365904877e-01,2.489520966802643454e+00,5.760850797279426949e+00,6.471890148894114160e-03
5.660000000000003917e-01,-9.167327937945448646e-01,4.024432571941682912e-01,2.525633447541003829e+00,5.745132173122303065e+00,6.483344806772723540e-03
5.670000000000003926e-01,-9.141891452999251211e-01,4.081804357952922291e-01,2.561646922950645777e+00,5.729187387075504567e+00,6.494799464572016158e-03
5.680000000000003935e-01,-9.116095334217576562e-01,4.139015567876551671e-01,2.597559979341975023e+00,5.713017059773246586e+00,6.506254122291851502e-03
5.690000000000003944e-01,-9.089940592843022138e-01,4.196063949439878260e-01,2.633371206878847293e+00,5.696621820653316348e+00,6.517708779932089927e-03
5.700000000000003952e-01,-9.063428254197052336e-01,4.252947256708508594e-01,2.669079199632976795e+00,5.680002307933611938e+00,6.529163437492590920e-03
5.710000000000003961e-01,-9.036559357640651102e-01,4.309663250174028959e-01,2.704682555638208807e+00,5.663159168588345338e+00,6.540618094973214836e-03
5.720000000000003970e-01,-9.009334956534424954e-01,4.366209696841448773e-01,2.740179876944652815e+00,5.646093058323920388e+00,6.552072752373821161e-03
5.730000000000003979e-01,-8.981756118198175320e-01,4.422584370316401392e-01,2.775569769672674880e+00,5.628804641554480348e+00,6.563527409694269385e-03
5.740000000000003988e-01,-8.953823923869922430e-01,4.478785050892096775e-01,2.810850844066745680e+00,5.611294591377122387e+00,6.574982066934419861e-03
5.750000000000003997e-01,-8.925539468664398512e-01,4.534809525636026017e-01,2.846021714549145987e+00,5.593563589546789672e+00,6.586436724094132944e-03
5.760000000000004006e-01,-8.896903861531000324e-01,4.590655588476413307e-01,2.881080999773523832e+00,5.575612326450831269e+00,6.597891381173268122e-03
5.770000000000004015e-01,-8.867918225211209871e-01,4.646321040288410864e-01,2.916027322678303779e+00,5.557441501083237867e+00,6.609346038171684881e-03
5.780000000000004023e-01,-8.838583696195476680e-01,4.701803688980035756e-01,2.950859310539945213e+00,5.539051821018551536e+00,6.620800695089243577e-03
5.790000000000004032e-01,-8.808901424679576042e-01,4.757101349577842475e-01,2.985575595026047857e+00,5.520444002385451299e+00,6.632255351925803698e-03
5.800000000000004041e-01,-8.778872574520429906e-01,4.812211844312332953e-01,3.020174812248303198e+00,5.501618769840011858e+00,6.643710008681224730e-03
5.810000000000004050e-01,-8.748498323191403747e-01,4.867133002703093458e-01,3.054655602815289583e+00,5.482576856538640797e+00,6.655164665355367028e-03
5.820000000000004059e-01,-8.717779861737072755e-01,4.921862661643662262e-01,3.089016611885107899e+00,5.463319004110692489e+00,6.666619321948090947e-03
5.830000000000004068e-01,-8.686718394727463988e-01,4.976398665486120310e-01,3.123256489217858700e+00,5.443845962630762259e+00,6.678073978459255974e-03
5.840000000000004077e-01,-8.655315140211777836e-01,5.030738866125404884e-01,3.157373889227956365e+00,5.424158490590657244e+00,6.689528634888721598e-03
5.850000000000004086e-01,-8.623571329671578800e-01,5.084881123083337950e-01,3.191367471036278491e+00,5.404257354871048413e+00,6.700983291236348172e-03
5.860000000000004095e-01,-8.591488207973475566e-01,5.138823303592374714e-01,3.225235898522150979e+00,5.384143330712802822e+00,6.712437947501995184e-03
5.870000000000004103e-01,-8.559067033321274831e-01,5.192563282679057979e-01,3.258977840375162582e+00,5.363817201687998804e+00,6.723892603685522988e-03
5.880000000000004112e-01,-8.526309077207621101e-01,5.246098943247187174e-01,3.292591970146813374e+00,5.343279759670624074e+00,6.735347259786791073e-03
5.890000000000004121e-01,-8.493215624365119121e-01,5.299428176160686510e-01,3.326076966301988236e+00,5.322531804806954092e+00,6.746801915805658925e-03
5.900000000000004130e-01,-8.459787972716944493e-01,5.352548880326180036e-01,3.359431512270258491e+00,5.301574145485619560e+00,6.758256571741986900e-03
5.910000000000004139e-01,-8.426027433326940264e-01,5.405458962775263609e-01,3.392654296497007227e+00,5.280407598307355954e+00,6.769711227595635351e-03
5.920000000000004148e-01,-8.391935330349205024e-01,5.458156338746474878e-01,3.425744012494378321e+00,5.259032988054443081e+00,6.781165883366462900e-03
5.930000000000004157e-01,-8.357513000977169204e-01,5.510638931766952409e-01,3.458699358892045606e+00,5.237451147659825779e+00,6.792620539054330768e-03
5.940000000000004166e-01,-8.322761795392168427e-01,5.562904673733788385e-01,3.491519039487800402e+00,5.215662918175929974e+00,6.804075194659097575e-03
5.950000000000004174e-01,-8.287683076711510610e-01,5.614951504995064901e-01,3.524201763297957868e+00,5.193669148743162545e+00,6.815529850180624544e-03
5.960000000000004183e-01,-8.252278220936036801e-01,5.666777374430576053e-01,3.556746244607576379e+00,5.171470696558106539e+00,6.826984505618770294e-03
5.970000000000004192e-01,-8.216548616897186852e-01,5.718380239532229181e-01,3.589151203020490843e+00,5.149068426841401092e+00,6.838439160973395180e-03
5.980000000000004201e-01,-8.180495666203561056e-01,5.769758066484123038e-01,3.621415363509159491e+00,5.126463212805320246e+00,6.849893816244359557e-03
5.990000000000004210e-01,-8.144120783186983292e-01,5.820908830242301768e-01,3.653537456464317046e+00,5.103655935621040918e+00,6.861348471431522912e-03
6.000000000000004219e-01,-8.107425394848073452e-01,5.871830514614176932e-01,3.685516217744438272e+00,5.080647484385606205e+00,6.872803126534744733e-03
6.010000000000004228e-01,-8.070410940801321376e-01,5.922521112337620908e-01,3.717350388725005672e+00,5.057438756088584952e+00,6.884257781553885375e-03
6.020000000000004237e-01,-8.033078873219674509e-01,5.972978625159726107e-01,3.749038716347582234e+00,5.034030655578425772e+00,6.895712436488804324e-03
6.030000000000004245e-01,-7.995430656778629297e-01,6.023201063915222253e-01,3.780579953168686114e+00,5.010424095528509980e+00,6.907167091339361936e-03
6.040000000000004254e-01,-7.957467768599840729e-01,6.073186448604552812e-01,3.811972857408465920e+00,4.986619996402903432e+00,6.918621746105417698e-03
6.050000000000004263e-01,-7.919191698194240070e-01,6.122932808471613919e-01,3.843216192999173941e+00,4.962619286421807274e+00,6.930076400786831098e-03
6.060000000000004272e-01,-7.880603947404675180e-01,6.172438182081138036e-01,3.874308729633436421e+00,4.938422901526707598e+00,6.941531055383462490e-03
6.070000000000004281e-01,-7.841706030348065681e-01,6.221700617395732325e-01,3.905249242812319999e+00,4.914031785345230219e+00,6.952985709895172228e-03
6.080000000000004290e-01,-7.802499473357078497e-01,6.270718171852563971e-01,3.936036513893188982e+00,4.889446889155696141e+00,6.964440364321818934e-03
6.090000000000004299e-01,-7.762985814921327110e-01,6.319488912439689132e-01,3.966669330137355232e+00,4.864669171851382146e+00,6.975895018663263829e-03
6.100000000000004308e-01,-7.723166605628094539e-01,6.368010915772018832e-01,3.997146484757517548e+00,4.839699599904484728e+00,6.987349672919365533e-03
6.110000000000004317e-01,-7.683043408102582239e-01,6.416282268166931813e-01,4.027466776964988782e+00,4.814539147329792712e+00,6.998804327089985268e-03
6.120000000000004325e-01,-7.642617796947689390e-01,6.464301065719514350e-01,4.057629012016708892e+00,4.789188795648066765e+00,7.010258981174981655e-03
6.130000000000004334e-01,-7.601891358683323663e-01,6.512065414377435912e-01,4.087632001262040404e+00,4.763649533849124929e+00,7.021713635174215047e-03
6.140000000000004343e-01,-7.560865691685243473e-01,6.559573430015456230e-01,4.117474562189349818e+00,4.737922358354640373e+00,7.033168289087545801e-03
6.150000000000004352e-01,-7.519542406123432832e-01,6.606823238509552665e-01,4.147155518472365188e+00,4.712008272980652279e+00,7.044622942914833402e-03
6.160000000000004361e-01,-7.477923123900021007e-01,6.653812975810678987e-01,4.176673700016316992e+00,4.685908288899783614e+00,7.056077596655937340e-03
6.170000000000004370e-01,-7.436009478586734778e-01,6.700540788018138905e-01,4.206027943003851632e+00,4.659623424603174691e+00,7.067532250310717967e-03
6.180000000000004379e-01,-7.393803115361898826e-01,6.747004831452582119e-01,4.235217089940723767e+00,4.633154705862134293e+00,7.078986903879034773e-03
6.190000000000004388e-01,-7.351305690946973170e-01,6.793203272728608466e-01,4.264239989701259503e+00,4.606503165689501245e+00,7.090441557360748111e-03
6.200000000000004396e-01,-7.308518873542645400e-01,6.839134288826994590e-01,4.293095497573592212e+00,4.579669844300727100e+00,7.101896210755717469e-03
6.210000000000004405e-01,-7.265444342764463270e-01,6.884796067166519817e-01,4.321782475304670967e+00,4.552655789074674608e+00,7.113350864063802334e-03
6.220000000000004414e-01,-7.222083789578024327e-01,6.930186805675405681e-01,4.350299791145031847e+00,4.525462054514139076e+00,7.124805517284863061e-03
6.230000000000004423e-01,-7.178438916233718103e-01,6.975304712862354650e-01,4.378646319893339189e+00,4.498089702206086393e+00,7.136260170418760006e-03
6.240000000000004432e-01,-7.134511436201022017e-01,7.020148007887194730e-01,4.406820942940693264e+00,4.470539800781616613e+00,7.147714823465352654e-03
6.250000000000004441e-01,-7.090303074102355385e-01,7.064714920631115502e-01,4.434822548314696355e+00,4.442813425875646871e+00,7.159169476424500494e-03
6.260000000000004450e-01,-7.045815565646498246e-01,7.109003691766507815e-01,4.462650030723284367e+00,4.414911660086325185e+00,7.170624129296063881e-03
6.270000000000004459e-01,-7.001050657561566082e-01,7.153012572826389359e-01,4.490302291598315065e+00,4.386835592934165362e+00,7.182078782079902302e-03
6.280000000000004468e-01,-6.956010107527555997e-01,7.196739826273422791e-01,4.517778239138916518e+00,4.358586320820909243e+00,7.193533434775876111e-03
6.290000000000004476e-01,-6.910695684108458803e-01,7.240183725568523077e-01,4.545076788354589503e+00,4.330164946988120711e+00,7.204988087383844796e-03
6.300000000000004485e-01,-6.865109166683938113e-01,7.283342555239045168e-01,4.572196861108067445e+00,4.301572581475507917e+00,7.216442739903667844e-03
6.310000000000004494e-01,-6.819252345380587554e-01,7.326214610946557571e-01,4.599137386157925889e+00,4.272810341078977281e+00,7.227897392335205611e-03
6.320000000000004503e-01,-6.773127021002759429e-01,7.368798199554194017e-01,4.625897299200945056e+00,4.243879349308419258e+00,7.239352044678318450e-03
6.330000000000004512e-01,-6.726735004962970388e-01,7.411091639193578828e-01,4.652475542914221940e+00,4.214780736345229428e+00,7.250806696932864982e-03
6.340000000000004521e-01,-6.680078119211890764e-01,7.453093259331331488e-01,4.678871066997028372e+00,4.185515638999564025e+00,7.262261349098706430e-03
6.350000000000004530e-01,-6.633158196167913134e-01,7.494801400835134908e-01,4.705082828212418633e+00,4.156085200667335222e+00,7.273716001175701412e-03
6.360000000000004539e-01,-6.585977078646308991e-01,7.536214416039382913e-01,4.731109790428576822e+00,4.126490571286939080e+00,7.285170653163711152e-03
6.370000000000004547e-01,-6.538536619787971294e-01,7.577330668810382530e-01,4.756950924659911095e+00,4.096732907295730364e+00,7.296625305062594269e-03
6.380000000000004556e-01,-6.490838682987747355e-01,7.618148534611126621e-01,4.782605209107889443e+00,4.066813371586233572e+00,7.308079956872211118e-03
6.390000000000004565e-01,-6.442885141822364270e-01,7.658666400565627974e-01,4.808071629201609021e+00,4.036733133462095502e+00,7.319534608592422054e-03
6.400000000000004574e-01,-6.394677879977953561e-01,7.698882665522803759e-01,4.833349177638112337e+00,4.006493368593788240e+00,7.330989260223085696e-03
6.410000000000004583e-01,-6.346218791177168361e-01,7.738795740119926991e-01,4.858436854422429896e+00,3.976095258974051916e+00,7.342443911764063268e-03
6.420000000000004592e-01,-6.297509779105906480e-01,7.778404046845621700e-01,4.883333666907367920e+00,3.945539992873085211e+00,7.353898563215214255e-03
6.430000000000004601e-01,-6.248552757339632668e-01,7.817706020102414000e-01,4.908038629833018973e+00,3.914828764793486737e+00,7.365353214576398147e-03
6.440000000000004610e-01,-6.199349649269312312e-01,7.856700106268829087e-01,4.932550765366012335e+00,3.883962775424945058e+00,7.376807865847474430e-03
6.450000000000004619e-01,-6.149902388026948774e-01,7.895384763761034153e-01,4.956869103138489052e+00,3.852943231598679574e+00,7.388262517028304326e-03
6.460000000000004627e-01,-6.100212916410735486e-01,7.933758463094026103e-01,4.980992680286807861e+00,3.821771346241634948e+00,7.399717168118746455e-03
6.470000000000004636e-01,-6.050283186809819469e-01,7.971819686942358540e-01,5.004920541489976671e+00,3.790448338330430378e+00,7.411171819118661172e-03
6.480000000000004645e-01,-6.000115161128687369e-01,8.009566930200406887e-01,5.028651739007807819e+00,3.758975432845064635e+00,7.422626470027907965e-03
6.490000000000004654e-01,-5.949710810711164033e-01,8.046998700042168329e-01,5.052185332718801547e+00,3.727353860722377732e+00,7.434081120846347188e-03
6.500000000000004663e-01,-5.899072116264039156e-01,8.084113515980598796e-01,5.075520390157745254e+00,3.695584858809274120e+00,7.445535771573839195e-03
6.510000000000004672e-01,-5.848201067780318674e-01,8.120909909926478099e-01,5.098655986553039199e+00,3.663669669815703855e+00,7.456990422210242608e-03
6.520000000000004681e-01,-5.797099664462102009e-01,8.157386426246803213e-01,5.121591204863735314e+00,3.631609542267407065e+00,7.468445072755418648e-03
6.530000000000004690e-01,-5.745769914643089615e-01,8.193541621822709731e-01,5.144325135816298911e+00,3.599405730458423491e+00,7.479899723209225935e-03
6.540000000000004698e-01,-5.694213835710729699e-01,8.229374066106917018e-01,5.166856877941081727e+00,3.567059494403365338e+00,7.491354373571524825e-03
6.550000000000004707e-01,-5.642433454027997453e-01,8.264882341180693759e-01,5.189185537608511645e+00,3.534572099789458743e+00,7.502809023842175670e-03
6.560000000000004716e-01,-5.590430804854811253e-01,8.300065041810342770e-01,5.211310229064994637e+00,3.501944817928353437e+00,7.514263674021037960e-03
6.570000000000004725e-01,-5.538207932269099132e-01,8.334920775503202872e-01,5.233230074468528947e+00,3.469178925707702366e+00,7.525718324107971181e-03
6.580000000000004734e-01,-5.485766889087502207e-01,8.369448162563168925e-01,5.254944203924026169e+00,3.436275705542513936e+00,7.537172974102835689e-03
6.590000000000004743e-01,-5.433109736785732835e-01,8.403645836145717807e-01,5.276451755518342779e+00,3.403236445326276893e+00,7.548627624005490970e-03
6.600000000000004752e-01,-5.380238545418580820e-01,8.437512442312449235e-01,5.297751875355021234e+00,3.370062438381860925e+00,7.560082273815797380e-03
6.610000000000004761e-01,-5.327155393539572126e-01,8.471046640085133639e-01,5.318843717588729980e+00,3.336754983412194786e+00,7.571536923533614405e-03
6.620000000000004770e-01,-5.273862368120288968e-01,8.504247101499263772e-01,5.339726444459411248e+00,3.303315384450721481e+00,7.582991573158801533e-03
6.630000000000004778e-01,-5.220361564469345739e-01,8.537112511657113378e-01,5.360399226326132194e+00,3.269744950811635409e+00,7.594446222691219120e-03
6.640000000000004787e-01,-5.166655086151030751e-01,8.569641568780292928e-01,5.380861241700634956e+00,3.236044997039899673e+00,7.605900872130727519e-03
6.650000000000004796e-01,-5.112745044903613811e-01,8.601832984261806869e-01,5.401111677280586498e+00,3.202216842861048463e+00,7.617355521477186218e-03
6.660000000000004805e-01,-5.058633560557320719e-01,8.633685482717609050e-01,5.421149727982527367e+00,3.168261813130774041e+00,7.628810170730454705e-03
6.670000000000004814e-01,-5.004322760951980253e-01,8.665197802037649666e-01,5.440974596974515798e+00,3.134181237784301910e+00,7.640264819890393334e-03
6.680000000000004823e-01,-4.949814781854349754e-01,8.696368693436417052e-01,5.460585495708468962e+00,3.099976451785552367e+00,7.651719468956861593e-03
6.690000000000004832e-01,-4.895111766875113180e-01,8.727196921502968774e-01,5.479981643952196002e+00,3.065648795076095112e+00,7.663174117929719836e-03
6.700000000000004841e-01,-4.840215867385565529e-01,8.757681264250454234e-01,5.499162269821124660e+00,3.031199612523895581e+00,7.674628766808827551e-03
6.710000000000004849e-01,-4.785129242433977526e-01,8.787820513165119918e-01,5.518126609809719696e+00,2.996630253871853888e+00,7.686083415594044226e-03
6.720000000000004858e-01,-4.729854058661651095e-01,8.817613473254800605e-01,5.536873908822588675e+00,2.961942073686141708e+00,7.697538064285230214e-03
6.730000000000004867e-01,-4.674392490218662322e-01,8.847058963096892104e-01,5.555403420205277776e+00,2.927136431304335318e+00,7.708992712882245871e-03
6.740000000000004876e-01,-4.618746718679300201e-01,8.876155814885807738e-01,5.573714405774755853e+00,2.892214690783348363e+00,7.720447361384950684e-03
6.750000000000004885e-01,-4.562918932957201190e-01,8.904902874479907471e-01,5.591806135849580528e+00,2.857178220847166550e+00,7.731902009793204140e-03
6.760000000000004894e-01,-4.506911329220184004e-01,8.933299001447909671e-01,5.609677889279750751e+00,2.822028394834384724e+00,7.743356658106866595e-03
6.770000000000004903e-01,-4.450726110804786306e-01,8.961343069114769966e-01,5.627328953476242290e+00,2.786766590645548547e+00,7.754811306325797536e-03
6.780000000000004912e-01,-4.394365488130509978e-01,8.989033964607041627e-01,5.644758624440223471e+00,2.751394190690304331e+00,7.766265954449856450e-03
6.790000000000004921e-01,-4.337831678613773279e-01,9.016370588897698601e-01,5.661966206791955614e+00,2.715912581834354800e+00,7.777720602478903691e-03
6.800000000000004929e-01,-4.281126906581577130e-01,9.043351856850428971e-01,5.678951013799363956e+00,2.680323155346227892e+00,7.789175250412799616e-03
6.810000000000004938e-01,-4.224253403184887179e-01,9.069976697263397725e-01,5.695712367406295051e+00,2.644627306843856385e+00,7.800629898251403710e-03
6.820000000000004947e-01,-4.167213406311733870e-01,9.096244052912474398e-01,5.712249598260445538e+00,2.608826436240971880e+00,7.812084545994575462e-03
6.830000000000004956e-01,-4.110009160500037728e-01,9.122152880593920043e-01,5.728562045740965836e+00,2.572921947693314948e+00,7.823539193642176093e-03
6.840000000000004965e-01,-4.052642916850155430e-01,9.147702151166537954e-01,5.744649057985742324e+00,2.536915249544662743e+00,7.834993841194064224e-03
6.850000000000004974e-01,-3.995116932937158860e-01,9.172890849593284823e-01,5.760509991918346451e+00,2.500807754272677652e+00,7.846448488650098474e-03
6.860000000000004983e-01,-3.937433472722845496e-01,9.197717974982335676e-01,5.776144213274656991e+00,2.464600878434575204e+00,7.857903136010141801e-03
6.870000000000004992e-01,-3.879594806467481782e-01,9.222182540627610337e-01,5.791551096629156348e+00,2.428296042612618333e+00,7.869357783274051957e-03
6.880000000000005000e-01,-3.821603210641288384e-01,9.246283574048747012e-01,5.806730025420888452e+00,2.391894671359434899e+00,7.880812430441688429e-03
6.890000000000005009e-01,-3.763460967835666193e-01,9.270020117030532969e-01,5.821680391979089819e+00,2.355398193143164676e+00,7.892267077512912440e-03
6.900000000000005018e-01,-3.705170366674166438e-01,9.293391225661787880e-01,5.836401597548487530e+00,2.318808040292434036e+00,7.903721724487583478e-03
6.910000000000005027e-01,-3.646733701723212095e-01,9.316395970373688717e-01,5.850893052314256160e+00,2.282125648941162321e+00,7.915176371365561028e-03
6.920000000000005036e-01,-3.588153273402569510e-01,9.339033435977546205e-01,5.865154175426646965e+00,2.245352458973203014e+00,7.926631018146706315e-03
6.930000000000005045e-01,-3.529431387895575201e-01,9.361302721702030594e-01,5.879184395025274235e+00,2.208489913966817930e+00,7.938085664830877089e-03
6.940000000000005054e-01,-3.470570357059123423e-01,9.383202941229833449e-01,5.892983148263065019e+00,2.171539461138990657e+00,7.949540311417934574e-03
6.950000000000005063e-01,-3.411572498333413361e-01,9.404733222733776543e-01,5.906549881329869578e+00,2.134502551289577887e+00,7.960994957907738256e-03
6.960000000000005071e-01,-3.352440134651464843e-01,9.425892708912362306e-01,5.919884049475731658e+00,2.097380638745302672e+00,7.972449604300147624e-03
6.970000000000005080e-01,-3.293175594348399793e-01,9.446680557024760283e-01,5.932985117033816813e+00,2.060175181303590897e+00,7.983904250595023899e-03
6.980000000000005089e-01,-3.233781211070498873e-01,9.467095938925234044e-01,5.945852557442997011e+00,2.022887640176252777e+00,7.995358896792224834e-03
6.990000000000005098e-01,-3.174259323684033296e-01,9.487138041097000762e-01,5.958485853270092392e+00,1.985519479933011588e+00,8.006813542891611651e-03
7.000000000000005107e-01,-3.114612276183874595e-01,9.506806064685529023e-01,5.970884496231767535e+00,1.948072168444882291e+00,8.018268188893045573e-03
7.010000000000005116e-01,-3.054842417601887905e-01,9.526099225531267090e-01,5.983047987216081331e+00,1.910547176827401383e+00,8.029722834796384351e-03
7.020000000000005125e-01,-2.994952101915112630e-01,9.545016754201804954e-01,5.994975836303691352e+00,1.872945979383709103e+00,8.041177480601489208e-03
7.030000000000005134e-01,-2.934943687953732172e-01,9.563557896023464622e-01,6.006667562788706505e+00,1.835270053547488844e+00,8.052632126308217897e-03
7.040000000000005143e-01,-2.874819539308835492e-01,9.581721911112317525e-01,6.018122695199195071e+00,1.797520879825762918e+00,8.064086771916431640e-03
7.050000000000005151e-01,-2.814582024239976610e-01,9.599508074404635716e-01,6.029340771317336589e+00,1.759699941741547979e+00,8.075541417425991658e-03
7.060000000000005160e-01,-2.754233515582534819e-01,9.616915675686759091e-01,6.040321338199228229e+00,1.721808725776373006e+00,8.086996062836755705e-03
7.070000000000005169e-01,-2.693776390654878394e-01,9.633944019624397503e-01,6.051063952194335016e+00,1.683848721312660057e+00,8.098450708148585003e-03
7.080000000000005178e-01,-2.633213031165333451e-01,9.650592425791347795e-01,6.061568178964586551e+00,1.645821420575971361e+00,8.109905353361339039e-03
7.090000000000005187e-01,-2.572545823118966291e-01,9.666860228697637947e-01,6.071833593503122906e+00,1.607728318577124726e+00,8.121359998474877301e-03
7.100000000000005196e-01,-2.511777156724179227e-01,9.682746777817088368e-01,6.081859780152680806e+00,1.569570913054178840e+00,8.132814643489059275e-03
7.110000000000005205e-01,-2.450909426299124338e-01,9.698251437614293646e-01,6.091646332623626314e+00,1.531350704414290220e+00,8.144269288403746185e-03
7.120000000000005214e-01,-2.389945030177937635e-01,9.713373587571022538e-01,6.101192854011626920e+00,1.493069195675445826e+00,8.155723933218795782e-03
7.130000000000005222e-01,-2.328886370616799761e-01,9.728112622212035099e-01,6.110498956814969240e+00,1.454727892408070877e+00,8.167178577934071024e-03
7.140000000000005231e-01,-2.267735853699824333e-01,9.742467951130313608e-01,6.119564262951517009e+00,1.416328302676516104e+00,8.178633222549429663e-03
7.150000000000005240e-01,-2.206495889244779740e-01,9.756438999011710633e-01,6.128388403775304916e+00,1.377871936980425538e+00,8.190087867064731186e-03
7.160000000000005249e-01,-2.145168890708644693e-01,9.770025205659005341e-01,6.136971020092776286e+00,1.339360308195987725e+00,8.201542511479836817e-03
7.170000000000005258e-01,-2.083757275093005568e-01,9.783226026015375831e-01,6.145311762178655712e+00,1.300794931517071484e+00,8.212997155794606041e-03
7.180000000000005267e-01,-2.022263462849295257e-01,9.796040930187283058e-01,6.153410289791459320e+00,1.262177324396249078e+00,8.224451800008898347e-03
7.190000000000005276e-01,-1.960689877783879098e-01,9.808469403466760772e-01,6.161266272188643534e+00,1.223509006485709927e+00,8.235906444122573222e-03
7.200000000000005285e-01,-1.899038946962991470e-01,9.820510946353115944e-01,6.168879388141385256e+00,1.184791499578064622e+00,8.247361088135491888e-03
7.210000000000005294e-01,-1.837313100617526396e-01,9.832165074574037433e-01,6.176249325949000557e+00,1.146026327547043699e+00,8.258815732047513833e-03
7.220000000000005302e-01,-1.775514772047685208e-01,9.843431319106107358e-01,6.183375783452993879e+00,1.107215016288092269e+00,8.270270375858498543e-03
7.230000000000005311e-01,-1.713646397527485710e-01,9.854309226194725158e-01,6.190258468050743090e+00,1.068359093658863168e+00,8.281725019568305507e-03
7.240000000000005320e-01,-1.651710416209137555e-01,9.864798357373427695e-01,6.196897096708814168e+00,1.029460089419610869e+00,8.293179663176794211e-03
7.250000000000005329e-01,-1.589709270027284405e-01,9.874898289482620939e-01,6.203291395975908173e+00,9.905195351734876752e-01,8.304634306683825878e-03
7.260000000000005338e-01,-1.527645403603119512e-01,9.884608614687705463e-01,6.209441101995439638e+00,9.515389643067454495e-01,8.316088950089259996e-03
7.270000000000005347e-01,-1.465521264148377523e-01,9.893928940496611313e-01,6.215345960517742796e+00,9.125199119288445182e-01,8.327543593392956051e-03
7.280000000000005356e-01,-1.403339301369205816e-01,9.902858889776730011e-01,6.221005726911908340e+00,8.734639148124720975e-01,8.338998236594773530e-03
7.290000000000005365e-01,-1.341101967369919268e-01,9.911398100771244835e-01,6.226420166177246251e+00,8.343725113334723442e-01,8.350452879694573657e-03
7.300000000000005373e-01,-1.278811716556641498e-01,9.919546227114863779e-01,6.231589052954379149e+00,7.952472414106908083e-01,8.361907522692214184e-03
7.310000000000005382e-01,-1.216471005540839256e-01,9.927302937848945241e-01,6.236512171535961713e+00,7.560896464457353972e-01,8.373362165587556333e-03
7.320000000000005391e-01,-1.154082293042748980e-01,9.934667917436028617e-01,6.241189315877022636e+00,7.169012692626554051e-01,8.384816808380461325e-03
7.330000000000005400e-01,-1.091648039794703429e-01,9.941640865773753166e-01,6.245620289604936204e+00,6.776836540475419390e-01,8.396271451070786915e-03
7.340000000000005409e-01,-1.029170708444359511e-01,9.948221498208176250e-01,6.249804906029018170e+00,6.384383462880512949e-01,8.407726093658394323e-03
7.350000000000005418e-01,-9.666527634578328532e-02,9.954409545546489824e-01,6.253742988149742388e+00,5.991668927128543931e-01,8.419180736143143037e-03
7.360000000000005427e-01,-9.040966710227416048e-02,9.960204754069122979e-01,6.257434368667583513e+00,5.598708412310131610e-01,8.430635378524892545e-03
7.370000000000005436e-01,-8.415048989511636490e-02,9.965606885541246074e-01,6.260878889991483121e+00,5.205517408712880822e-01,8.442090020803502334e-03
7.380000000000005445e-01,-7.788799165825113779e-02,9.970615717223660912e-01,6.264076404246933905e+00,4.812111417213773001e-01,8.453544662978831892e-03
7.390000000000005453e-01,-7.162241946863270869e-02,9.975231041883088068e-01,6.267026773283691732e+00,4.418505948670912176e-01,8.464999305050742440e-03
7.400000000000005462e-01,-6.535402053650035681e-02,9.979452667801843591e-01,6.269729868683100449e+00,4.024716523314639249e-01,8.476453947019093466e-03
7.410000000000005471e-01,-5.908304219564330939e-02,9.983280418786906196e-01,6.272185571765046319e+00,3.630758670138040656e-01,8.487908588883744457e-03
7.420000000000005480e-01,-5.280973189365888165e-02,9.986714134178374946e-01,6.274393773594523438e+00,3.236647926286877475e-01,8.499363230644556635e-03
7.430000000000005489e-01,-4.653433718220424675e-02,9.989753668857315194e-01,6.276354374987824336e+00,2.842399836448952777e-01,8.510817872301387754e-03
7.440000000000005498e-01,-4.025710570724221060e-02,9.992398893252997238e-01,6.278067286518346002e+00,2.448029952242948559e-01,8.522272513854099035e-03
7.450000000000005507e-01,-3.397828519928133839e-02,9.994649693349522135e-01,6.279532428522017540e+00,2.053553831606748370e-01,8.533727155302549966e-03
7.460000000000005516e-01,-2.769812346361089778e-02,9.996505970691831333e-01,6.280749731102339695e+00,1.658987038185274765e-01,8.545181796646601768e-03
7.470000000000005524e-01,-2.141686837053089973e-02,9.997967642391110132e-01,6.281719134135046900e+00,1.264345140717861027e-01,8.556636437886112195e-03
7.480000000000005533e-01,-1.513476784557771238e-02,9.999034641129574963e-01,6.282440587272383858e+00,8.696437124251846229e-02,8.568091079020942469e-03
7.490000000000005542e-01,-8.852069859745563540e-03,9.999706915164647825e-01,6.282914049946997537e+00,4.748983303957850233e-02,8.579545720050952076e-03
7.500000000000005551e-01,-2.569022419704358740e-03,9.999984428332517883e-01,6.283139491375447250e+00,8.012457497218808400e-03,8.591000360976000505e-03
7.510000000000005560e-01,3.714126441985834103e-03,9.999867160051088000e-01,6.283116890561326606e+00,-3.146619708633364987e-02,8.602455001795947243e-03
7.520000000000005569e-01,9.997128676663212532e-03,9.999355105322307313e-01,6.282846236298001763e+00,-7.094457221033621808e-02,8.613909642510653511e-03
7.530000000000005578e-01,1.627973622935522530e-02,9.998448274733887642e-01,6.282327527170967763e+00,-1.104211092330212168e-01,8.625364283119978798e-03
7.540000000000005587e-01,2.256170104857171260e-02,9.997146694460407046e-01,6.281560771559811407e+00,-1.498942494331162445e-01,8.636818923623782590e-03
7.550000000000005596e-01,2.884277509609982360e-02,9.995450406263799437e-01,6.280545987639795769e+00,-1.893624340713915832e-01,8.648273564021924376e-03
7.560000000000005604e-01,3.512271035680031989e-02,9.993359467493222459e-01,6.279283203383051237e+00,-2.288241044522323908e-01,8.659728204314265376e-03
7.570000000000005613e-01,4.140125884840489129e-02,9.990873951084316973e-01,6.277772456559383762e+00,-2.682777019852331524e-01,8.671182844500663345e-03
7.580000000000005622e-01,4.767817263131404748e-02,9.987993945557842590e-01,6.276013794736694962e+00,-3.077216682468121856e-01,8.682637484580979503e-03
7.590000000000005631e-01,5.395320381839528723e-02,9.984719555017705916e-01,6.274007275281012319e+00,-3.471544450418432848e-01,8.694092124555075074e-03
7.600000000000005640e-01,6.022610458478105944e-02,9.981050899148364852e-01,6.271752965356135689e+00,-3.865744744653027420e-01,8.705546764422807809e-03
7.610000000000005649e-01,6.649662717766620379e-02,9.976988113211620046e-01,6.269250941922891229e+00,-4.259801989639285802e-01,8.717001404184037197e-03
7.620000000000005658e-01,7.276452392610445463e-02,9.972531348042790178e-01,6.266501291737997192e+00,-4.653700613978902223e-01,8.728456043838624459e-03
7.630000000000005667e-01,7.902954725080359177e-02,9.967680770046265515e-01,6.263504111352544257e+00,-5.047425051024655440e-01,8.739910683386429083e-03
7.640000000000005675e-01,8.529144967391888432e-02,9.962436561190454176e-01,6.260259507110084165e+00,-5.440959739497234215e-01,8.751365322827312290e-03
7.650000000000005684e-01,9.154998382884443897e-02,9.956798919002100012e-01,6.256767595144327565e+00,-5.834289124102085555e-01,8.762819962161131834e-03
7.660000000000005693e-01,9.780490247000205029e-02,9.950768056559993191e-01,6.253028501376458159e+00,-6.227397656146271832e-01,8.774274601387748937e-03
7.670000000000005702e-01,1.040559584826271783e-01,9.944344202488059059e-01,6.249042361512048949e+00,-6.620269794155302367e-01,8.785729240507023086e-03
7.680000000000005711e-01,1.103029048925515954e-01,9.937527600947830830e-01,6.244809321037594785e+00,-7.012890004489916729e-01,8.797183879518813768e-03
7.690000000000005720e-01,1.165454948759824666e-01,9.930318511630307210e-01,6.240329535216655010e+00,-7.405242761962801401e-01,8.808638518422980471e-03
7.700000000000005729e-01,1.227834817692772806e-01,9.922717209747190514e-01,6.235603169085599973e+00,-7.797312550455205438e-01,8.820093157219384417e-03
7.710000000000005738e-01,1.290166190787143952e-01,9.914723986021510838e-01,6.230630397448974733e+00,-8.189083863533438423e-01,8.831547795907885093e-03
7.720000000000005747e-01,1.352446604902587113e-01,9.906339146677631824e-01,6.225411404874465759e+00,-8.580541205065221888e-01,8.843002434488341987e-03
7.730000000000005755e-01,1.414673598793221299e-01,9.897563013430643597e-01,6.219946385687482149e+00,-8.971669089835866417e-01,8.854457072960614586e-03
7.740000000000005764e-01,1.476844713205184290e-01,9.888395923475133964e-01,6.214235543965343389e+00,-9.362452044164260023e-01,8.865911711324562378e-03
7.750000000000005773e-01,1.538957490974121045e-01,9.878838229473350108e-01,6.208279093531076320e+00,-9.752874606518627809e-01,8.877366349580046584e-03
7.760000000000005782e-01,1.601009477122607993e-01,9.868890299542737443e-01,6.202077257946823963e+00,-1.014292132813205072e+00,8.888820987726926692e-03
7.770000000000005791e-01,1.662998218957509600e-01,9.858552517242872293e-01,6.195630270506859105e+00,-1.053257677361771671e+00,8.900275625765062190e-03
7.780000000000005800e-01,1.724921266167263045e-01,9.847825281561769506e-01,6.188938374230213313e+00,-1.092182552158386333e+00,8.911730263694314300e-03
7.790000000000005809e-01,1.786776170919087692e-01,9.836709006901582786e-01,6.182001821852908030e+00,-1.131065216524841599e+00,8.923184901514540773e-03
7.800000000000005818e-01,1.848560487956114051e-01,9.825204123063687733e-01,6.174820875819800214e+00,-1.169904131305327111e+00,8.934639539225602833e-03
7.810000000000005826e-01,1.910271774694429769e-01,9.813311075233148717e-01,6.167395808276035396e+00,-1.208697758927820276e+00,8.946094176827359967e-03
7.820000000000005835e-01,1.971907591320038455e-01,9.801030323962576229e-01,6.159726901058109938e+00,-1.247444563465438971e+00,8.957548814319671662e-03
7.830000000000005844e-01,2.033465500885726918e-01,9.788362345155370292e-01,6.151814445684541610e+00,-1.286143010697750277e+00,8.969003451702399141e-03
7.840000000000005853e-01,2.094943069407836644e-01,9.775307630048344354e-01,6.143658743346152917e+00,-1.324791568172036138e+00,8.980458088975400155e-03
7.850000000000005862e-01,2.156337865962937306e-01,9.761866685193748561e-01,6.135260104895959188e+00,-1.363388705264510170e+00,8.991912726138535927e-03
7.860000000000005871e-01,2.217647462784395618e-01,9.748040032440669078e-01,6.126618850838670305e+00,-1.401932893241486733e+00,9.003367363191665945e-03
7.870000000000005880e-01,2.278869435358838735e-01,9.733828208915825675e-01,6.117735311319800751e+00,-1.440422605320495819e+00,9.014822000134651431e-03
7.880000000000005889e-01,2.340001362522506623e-01,9.719231767003750910e-01,6.108609826114388852e+00,-1.478856316731344878e+00,9.026276636967350137e-03
7.890000000000005898e-01,2.401040826557488128e-01,9.704251274326363141e-01,6.099242744615327894e+00,-1.517232504777122237e+00,9.037731273689623285e-03
7.900000000000005906e-01,2.461985413287840763e-01,9.688887313721931127e-01,6.089634425821304653e+00,-1.555549648895140802e+00,9.049185910301330363e-03
7.910000000000005915e-01,2.522832712175585579e-01,9.673140483223425790e-01,6.079785238324350694e+00,-1.593806230717820016e+00,9.060640546802330858e-03
7.920000000000005924e-01,2.583580316416578260e-01,9.657011396036262463e-01,6.069695560297005521e+00,-1.632000734133502995e+00,9.072095183192485993e-03
7.930000000000005933e-01,2.644225823036246426e-01,9.640500680515442511e-01,6.059365779479085390e+00,-1.670131645347205485e+00,9.083549819471655254e-03
7.940000000000005942e-01,2.704766832985195935e-01,9.623608980142080993e-01,6.048796293164070192e+00,-1.708197452941295102e+00,9.095004455639698129e-03
7.950000000000005951e-01,2.765200951234678128e-01,9.606336953499328146e-01,6.037987508185095997e+00,-1.746196647936098856e+00,9.106459091696474106e-03
7.960000000000005960e-01,2.825525786871914136e-01,9.588685274247691348e-01,6.026939840900561229e+00,-1.784127723850434721e+00,9.117913727641842672e-03
7.970000000000005969e-01,2.885738953195273182e-01,9.570654631099743126e-01,6.015653717179346494e+00,-1.821989176762066398e+00,9.129368363475665049e-03
7.980000000000005977e-01,2.945838067809303240e-01,9.552245727794232977e-01,6.004129572385645375e+00,-1.859779505368077457e+00,9.140822999197798990e-03
7.990000000000005986e-01,3.005820752719606248e-01,9.533459283069591894e-01,5.992367851363406217e+00,-1.897497211045163557e+00,9.152277634808105716e-03
8.000000000000005995e-01,3.065684634427555677e-01,9.514296030636835155e-01,5.980369008420388433e+00,-1.935140797909838728e+00,9.163732270306446451e-03
8.010000000000006004e-01,3.125427344024853671e-01,9.494756719151862256e-01,5.968133507311834229e+00,-1.972708772878554395e+00,9.175186905692678946e-03
8.020000000000006013e-01,3.185046517287923318e-01,9.474842112187159548e-01,5.955661821223750430e+00,-2.010199645727728246e+00,9.186641540966664424e-03
8.030000000000006022e-01,3.244539794772130503e-01,9.454552988202898911e-01,5.942954432755804817e+00,-2.047611929153680066e+00,9.198096176128262372e-03
8.040000000000006031e-01,3.303904821905832567e-01,9.433890140517440237e-01,5.930011833903841456e+00,-2.084944138832472760e+00,9.209550811177332277e-03
8.050000000000006040e-01,3.363139249084252658e-01,9.412854377277234397e-01,5.916834526042004327e+00,-2.122194793479655672e+00,9.221005446113733628e-03
8.060000000000006048e-01,3.422240731763170896e-01,9.391446521426132232e-01,5.903423019904480817e+00,-2.159362414909906214e+00,9.232460080937327646e-03
8.070000000000006057e-01,3.481206930552431245e-01,9.369667410674094032e-01,5.889777835566861519e+00,-2.196445528096570232e+00,9.243914715647972083e-03
8.080000000000006066e-01,3.540035511309262417e-01,9.347517897465303927e-01,5.875899502427111898e+00,-2.233442661231096249e+00,9.255369350245528162e-03
8.090000000000006075e-01,3.598724145231403382e-01,9.324998848945694752e-01,5.861788559186168257e+00,-2.270352345782362224e+00,9.266823984729857105e-03
8.100000000000006084e-01,3.657270508950035137e-01,9.302111146929876728e-01,5.847445553828142017e+00,-2.307173116555890413e+00,9.278278619100816665e-03
8.110000000000006093e-01,3.715672284622512089e-01,9.278855687867475499e-01,5.832871043600150074e+00,-2.343903511752951196e+00,9.289733253358268064e-03
8.120000000000006102e-01,3.773927160024888594e-01,9.255233382808879528e-01,5.818065594991757905e+00,-2.380542073029549677e+00,9.301187887502070789e-03
8.130000000000006111e-01,3.832032828644240663e-01,9.231245157370396859e-01,5.803029783714046097e+00,-2.417087345555296363e+00,9.312642521532084328e-03
8.140000000000006120e-01,3.889986989770773396e-01,9.206891951698829013e-01,5.787764194678294061e+00,-2.453537878072154399e+00,9.324097155448168167e-03
8.150000000000006128e-01,3.947787348589715806e-01,9.182174720435448689e-01,5.772269421974283610e+00,-2.489892222953066447e+00,9.335551789250183530e-03
8.160000000000006137e-01,4.005431616272995266e-01,9.157094432679403484e-01,5.756546068848225062e+00,-2.526148936260452782e+00,9.347006422937988168e-03
8.170000000000006146e-01,4.062917510070690463e-01,9.131652071950524530e-01,5.740594747680304089e+00,-2.562306577804585928e+00,9.358461056511443305e-03
8.180000000000006155e-01,4.120242753402256208e-01,9.105848636151557818e-01,5.724416079961851089e+00,-2.598363711201829407e+00,9.369915689970410161e-03
8.190000000000006164e-01,4.177405075947520086e-01,9.079685137529814876e-01,5.708010696272133977e+00,-2.634318903932747258e+00,9.381370323314746490e-03
8.200000000000006173e-01,4.234402213737443743e-01,9.053162602638237244e-01,5.691379236254772600e+00,-2.670170727400075883e+00,9.392824956544313514e-03
8.210000000000006182e-01,4.291231909244647147e-01,9.026282072295886971e-01,5.674522348593779242e+00,-2.705917756986557787e+00,9.404279589658970720e-03
8.220000000000006191e-01,4.347891911473691362e-01,8.999044601547859790e-01,5.657440690989223420e+00,-2.741558572112635872e+00,9.415734222658577596e-03
8.230000000000006199e-01,4.404379976051115420e-01,8.971451259624618757e-01,5.640134930132524538e+00,-2.777091756294003400e+00,9.427188855542993629e-03
8.240000000000006208e-01,4.460693865315225048e-01,8.943503129900752802e-01,5.622605741681366176e+00,-2.812515897199008297e+00,9.438643488312080040e-03
8.250000000000006217e-01,4.516831348405628277e-01,8.915201309853165723e-01,5.604853810234244449e+00,-2.847829586705909133e+00,9.450098120965694584e-03
8.260000000000006226e-01,4.572790201352514572e-01,8.886546911018692319e-01,5.586879829304638001e+00,-2.883031420959982327e+00,9.461552753503698482e-03
8.270000000000006235e-01,4.628568207165674186e-01,8.857541058951142743e-01,5.568684501294810296e+00,-2.918120000430472594e+00,9.473007385925952956e-03
8.280000000000006244e-01,4.684163155923253274e-01,8.828184893177775105e-01,5.550268537469243313e+00,-2.953093929967390618e+00,9.484462018232315758e-03
8.290000000000006253e-01,4.739572844860241441e-01,8.798479567155210734e-01,5.531632657927699093e+00,-2.987951818858152198e+00,9.495916650422648111e-03
8.300000000000006262e-01,4.794795078456689508e-01,8.768426248224772124e-01,5.512777591577911807e+00,-3.022692280884055727e+00,9.507371282496809503e-03
8.310000000000006271e-01,4.849827668525650282e-01,8.738026117567266882e-01,5.493704076107915668e+00,-3.057313934376596265e+00,9.518825914454659420e-03
8.320000000000006279e-01,4.904668434300841207e-01,8.707280370157201022e-01,5.474412857958006029e+00,-3.091815402273616176e+00,9.530280546296057351e-03
8.330000000000006288e-01,4.959315202524025579e-01,8.676190214716437143e-01,5.454904692292330992e+00,-3.126195312175284791e+00,9.541735178020864516e-03
8.340000000000006297e-01,5.013765807532107877e-01,8.644756873667291952e-01,5.435180342970120648e+00,-3.160452296399910654e+00,9.553189809628938670e-03
8.350000000000006306e-01,5.068018091343939879e-01,8.612981583085076442e-01,5.415240582516553935e+00,-3.194584992039577909e+00,9.564644441120141033e-03
8.360000000000006315e-01,5.122069903746832020e-01,8.580865592650082085e-01,5.395086192093260458e+00,-3.228592041015608594e+00,9.576099072494332828e-03
8.370000000000006324e-01,5.175919102382767756e-01,8.548410165599008570e-01,5.374717961468461702e+00,-3.262472090133847757e+00,9.587553703751371809e-03
8.380000000000006333e-01,5.229563552834320950e-01,8.515616578675845316e-01,5.354136688986748993e+00,-3.296223791139766934e+00,9.599008334891119196e-03
8.390000000000006342e-01,5.283001128710266281e-01,8.482486122082201208e-01,5.333343181538505284e+00,-3.329845800773385101e+00,9.610462965913434477e-03
8.400000000000006350e-01,5.336229711730881009e-01,8.449020099427083652e-01,5.312338254528965464e+00,-3.363336780824004890e+00,9.621917596818177140e-03
8.410000000000006359e-01,5.389247191812940319e-01,8.415219827676131414e-01,5.291122731846920502e+00,-3.396695398184760961e+00,9.633372227605206672e-03
8.420000000000006368e-01,5.442051467154391808e-01,8.381086637100308989e-01,5.269697445833064542e+00,-3.429920324906977847e+00,9.644826858274384296e-03
8.430000000000006377e-01,5.494640444318718009e-01,8.346621871224048084e-01,5.248063237247985846e+00,-3.463010238254335960e+00,9.656281488825567763e-03
8.440000000000006386e-01,5.547012038318971383e-01,8.311826886772859524e-01,5.226220955239804233e+00,-3.495963820756842200e+00,9.667736119258618296e-03
8.450000000000006395e-01,5.599164172701486253e-01,8.276703053620396711e-01,5.204171457311453253e+00,-3.528779760264603826e+00,9.679190749573397118e-03
8.460000000000006404e-01,5.651094779629264320e-01,8.241251754734988388e-01,5.181915609287615077e+00,-3.561456750001402050e+00,9.690645379769761980e-03
8.470000000000006413e-01,5.702801799965021567e-01,8.205474386125634068e-01,5.159454285281298347e+00,-3.593993488618063115e+00,9.702100009847574105e-03
8.480000000000006422e-01,5.754283183353907649e-01,8.169372356787469869e-01,5.136788367660071408e+00,-3.626388680245626439e+00,9.713554639806691246e-03
8.490000000000006430e-01,5.805536888305876664e-01,8.132947088646698131e-01,5.113918747011942934e+00,-3.658641034548304027e+00,9.725009269646976359e-03
8.500000000000006439e-01,5.856560882277722646e-01,8.096200016504994101e-01,5.090846322110897937e+00,-3.690749266776232496e+00,9.736463899368287198e-03
8.510000000000006448e-01,5.907353141754765335e-01,8.059132587983383056e-01,5.067571999882088285e+00,-3.722712097818010601e+00,9.747918528970483248e-03
8.520000000000006457e-01,5.957911652332182895e-01,8.021746263465593385e-01,5.044096695366675043e+00,-3.754528254253025832e+00,9.759373158453425734e-03
8.530000000000006466e-01,6.008234408795999348e-01,7.984042516040888993e-01,5.020421331686330646e+00,-3.786196468403563387e+00,9.770827787816974141e-03
8.540000000000006475e-01,6.058319415203707869e-01,7.946022831446378776e-01,4.996546840007397350e+00,-3.817715478386696670e+00,9.782282417060987958e-03
8.550000000000006484e-01,6.108164684964538793e-01,7.907688708008813183e-01,4.972474159504704616e+00,-3.849084028165954852e+00,9.793737046185328407e-03
8.560000000000006493e-01,6.157768240919360148e-01,7.869041656585861189e-01,4.948204237325046329e+00,-3.880300867602771042e+00,9.805191675189854975e-03
8.570000000000006501e-01,6.207128115420214032e-01,7.830083200506872121e-01,4.923738028550323165e+00,-3.911364752507699993e+00,9.816646304074425414e-03
8.580000000000006510e-01,6.256242350409483288e-01,7.790814875513132343e-01,4.899076496160343019e+00,-3.942274444691411528e+00,9.828100932838900947e-03
8.590000000000006519e-01,6.305108997498681811e-01,7.751238229697611226e-01,4.874220610995290137e+00,-3.973028712015452601e+00,9.839555561483142795e-03
8.600000000000006528e-01,6.353726118046869598e-01,7.711354823444195317e-01,4.849171351717858514e+00,-4.003626328442774884e+00,9.851010190007008713e-03
8.610000000000006537e-01,6.402091783238686995e-01,7.671166229366425116e-01,4.823929704775050453e+00,-4.034066074088029197e+00,9.862464818410359921e-03
8.620000000000006546e-01,6.450204074162005918e-01,7.630674032245728933e-01,4.798496664359649166e+00,-4.064346735267624133e+00,9.873919446693055907e-03
8.630000000000006555e-01,6.498061081885192491e-01,7.589879828969153808e-01,4.772873232371355634e+00,-4.094467104549541325e+00,9.885374074854956158e-03
8.640000000000006564e-01,6.545660907533981110e-01,7.548785228466602382e-01,4.747060418377602176e+00,-4.124425980802910452e+00,9.896828702895921898e-03
8.650000000000006573e-01,6.593001662367955484e-01,7.507391851647574610e-01,4.721059239574034727e+00,-4.154222169247343110e+00,9.908283330815810877e-03
8.660000000000006581e-01,6.640081467856631114e-01,7.465701331337417646e-01,4.694870720744672710e+00,-4.183854481502016220e+00,9.919737958614484319e-03
8.670000000000006590e-01,6.686898455755136972e-01,7.423715312213085005e-01,4.668495894221744713e+00,-4.213321735634508514e+00,9.931192586291801710e-03
8.680000000000006599e-01,6.733450768179497503e-01,7.381435450738409454e-01,4.641935799845200883e+00,-4.242622756209386559e+00,9.942647213847624274e-03
8.690000000000006608e-01,6.779736557681507181e-01,7.338863415098891840e-01,4.615191484921903786e+00,-4.271756374336539430e+00,9.954101841281809762e-03
8.700000000000006617e-01,6.825753987323189831e-01,7.296000885136008085e-01,4.588264004184503975e+00,-4.300721427719252254e+00,9.965556468594219397e-03
8.710000000000006626e-01,6.871501230750852729e-01,7.252849552281034340e-01,4.561154419749992250e+00,-4.329516760702030176e+00,9.977011095784712666e-03
8.720000000000006635e-01,6.916976472268721032e-01,7.209411119488396968e-01,4.533863801077941069e+00,-4.358141224318154983e+00,9.988465722853149056e-03
8.730000000000006644e-01,6.962177906912154768e-01,7.165687301168549572e-01,4.506393224928427088e+00,-4.386593676336987713e+00,9.999920349799389790e-03
8.740000000000006652e-01,7.007103740520439494e-01,7.121679823120373731e-01,4.478743775319645515e+00,-4.414872981311001254e+00,1.001137497662329262e-02
8.750000000000006661e-01,7.051752189809155080e-01,7.077390422463116781e-01,4.450916543485209154e+00,-4.442978010622546492e+00,1.002282960332471877e-02
8.760000000000006670e-01,7.096121482442115935e-01,7.032820847567859968e-01,4.422912627831139254e+00,-4.470907642530356441e+00,1.003428422990352772e-02
8.770000000000006679e-01,7.140209857102879365e-01,6.987972857988521413e-01,4.394733133892551713e+00,-4.498660762215772380e+00,1.004573885635958071e-02
8.780000000000006688e-01,7.184015563565816498e-01,6.942848224392402789e-01,4.366379174290031528e+00,-4.526236261828703533e+00,1.005719348269273547e-02
8.790000000000006697e-01,7.227536862766748005e-01,6.897448728490270797e-01,4.337851868685707046e+00,-4.553633040533306087e+00,1.006864810890285324e-02
8.800000000000006706e-01,7.270772026873142391e-01,6.851776162965992345e-01,4.309152343739020452e+00,-4.580850004553391308e+00,1.008010273498979349e-02
8.810000000000006715e-01,7.313719339353860205e-01,6.805832331405708979e-01,4.280281733062196281e+00,-4.607886067217549453e+00,1.009155736095341573e-02
8.820000000000006724e-01,7.356377095048464154e-01,6.759619048226566118e-01,4.251241177175413277e+00,-4.634740149003996557e+00,1.010301198679358116e-02
8.830000000000006732e-01,7.398743600236069584e-01,6.713138138604991534e-01,4.222031823461675160e+00,-4.661411177585136123e+00,1.011446661251014754e-02
8.840000000000006741e-01,7.440817172703746429e-01,6.666391438404534187e-01,4.192654826121390066e+00,-4.687898087871833930e+00,1.012592123810297610e-02
8.850000000000006750e-01,7.482596141814465973e-01,6.619380794103260079e-01,4.163111346126652457e+00,-4.714199822057410394e+00,1.013737586357192633e-02
8.860000000000006759e-01,7.524078848574586864e-01,6.572108062720705135e-01,4.133402551175234585e+00,-4.740315329661338950e+00,1.014883048891685943e-02
8.870000000000006768e-01,7.565263645700880391e-01,6.524575111744400635e-01,4.103529615644288420e+00,-4.766243567572653994e+00,1.016028511413763318e-02
8.880000000000006777e-01,7.606148897687095012e-01,6.476783819055959013e-01,4.073493720543758911e+00,-4.791983500093068393e+00,1.017173973923410878e-02
8.890000000000006786e-01,7.646732980870044605e-01,6.428736072856733319e-01,4.043296053469510376e+00,-4.817534098979790791e+00,1.018319436420614572e-02
8.900000000000006795e-01,7.687014283495235967e-01,6.380433771593051473e-01,4.012937808556167774e+00,-4.842894343488048925e+00,1.019464898905360351e-02
8.910000000000006803e-01,7.726991205782017813e-01,6.331878823881020857e-01,3.982420186429678211e+00,-4.868063220413314518e+00,1.020610361377634334e-02
8.920000000000006812e-01,7.766662159988257930e-01,6.283073148430918797e-01,3.951744394159587337e+00,-4.893039724133220858e+00,1.021755823837422299e-02
8.930000000000006821e-01,7.806025570474535158e-01,6.234018673971163382e-01,3.920911645211041741e+00,-4.917822856649183727e+00,1.022901286284710366e-02
8.940000000000006830e-01,7.845079873767859535e-01,6.184717339171864614e-01,3.889923159396510677e+00,-4.942411627627713244e+00,1.024046748719484486e-02
8.950000000000006839e-01,7.883823518624897275e-01,6.135171092567973661e-01,3.858780162827234239e+00,-4.966805054441419287e+00,1.025192211141730779e-02
8.960000000000006848e-01,7.922254966094719464e-01,6.085381892482014665e-01,3.827483887864399748e+00,-4.991002162209708715e+00,1.026337673551435022e-02
8.970000000000006857e-01,7.960372689581054484e-01,6.035351706946413541e-01,3.796035573070045910e+00,-5.015001983839169064e+00,1.027483135948583336e-02
8.980000000000006866e-01,7.998175174904048612e-01,5.985082513625429312e-01,3.764436463157698309e+00,-5.038803560063641385e+00,1.028628598333161670e-02
8.990000000000006875e-01,8.035660920361534787e-01,5.934576299736680216e-01,3.732687808942737995e+00,-5.062405939483976880e+00,1.029774060705155973e-02
9.000000000000006883e-01,8.072828436789801776e-01,5.883835061972275682e-01,3.700790867292505393e+00,-5.085808178607479135e+00,1.030919523064552368e-02
9.010000000000006892e-01,8.109676247623861522e-01,5.832860806419557509e-01,3.668746901076141764e+00,-5.109009341887023936e+00,1.032064985411336629e-02
9.020000000000006901e-01,8.146202888957216892e-01,5.781655548481448026e-01,3.636557179114169092e+00,-5.132008501759861119e+00,1.033210447745494878e-02
9.030000000000006910e-01,8.182406909601122047e-01,5.730221312796416333e-01,3.604222976127811950e+00,-5.154804738686093124e+00,1.034355910067013065e-02
9.040000000000006919e-01,8.218286871143334338e-01,5.678560133158055967e-01,3.571745572688062698e+00,-5.177397141186830254e+00,1.035501372375877312e-02
9.050000000000006928e-01,8.253841348006356604e-01,5.626674052434286200e-01,3.539126255164491752e+00,-5.199784805882019967e+00,1.036646834672073393e-02
9.060000000000006937e-01,8.289068927505166551e-01,5.574565122486178081e-01,3.506366315673805634e+00,-5.221966837527945771e+00,1.037792296955587432e-02
9.070000000000006946e-01,8.323968209904429871e-01,5.522235404086400790e-01,3.473467052028155866e+00,-5.243942349054401042e+00,1.038937759226405376e-02
9.080000000000006954e-01,8.358537808475193787e-01,5.469686966837306041e-01,3.440429767683198303e+00,-5.265710461601528003e+00,1.040083221484513175e-02
9.090000000000006963e-01,8.392776349551062109e-01,5.416921889088639475e-01,3.407255771685907320e+00,-5.287270304556324518e+00,1.041228683729896951e-02
9.100000000000006972e-01,8.426682472583847394e-01,5.363942257854891205e-01,3.373946378622146192e+00,-5.308621015588817826e+00,1.042374145962542478e-02
9.110000000000006981e-01,8.460254830198695730e-01,5.310750168732287779e-01,3.340502908563995010e+00,-5.329761740687897209e+00,1.043519608182435880e-02
9.120000000000006990e-01,8.493492088248684180e-01,5.257347725815423312e-01,3.306926687016841893e+00,-5.350691634196815372e+00,1.044665070389563105e-02
9.130000000000006999e-01,8.526392925868888639e-01,5.203737041613542003e-01,3.273219044866233052e+00,-5.371409858848343433e+00,1.045810532583910275e-02
9.140000000000007008e-01,8.558956035529921014e-01,5.149920236966466502e-01,3.239381318324491943e+00,-5.391915585799587518e+00,1.046955994765463166e-02
9.150000000000007017e-01,8.591180123090924603e-01,5.095899440960183213e-01,3.205414848877102596e+00,-5.412207994666461630e+00,1.048101456934207899e-02
9.160000000000007025e-01,8.623063907852039911e-01,5.041676790842083422e-01,3.171320983228864243e+00,-5.432286273557815903e+00,1.049246919090130424e-02
9.170000000000007034e-01,8.654606122606326446e-01,4.987254431935863597e-01,3.137101073249818128e+00,-5.452149619109216694e+00,1.050392381233216689e-02
9.180000000000007043e-01,8.685805513691144952e-01,4.932634517556092058e-01,3.102756475920946944e+00,-5.471797236516380281e+00,1.051537843363452816e-02
9.190000000000007052e-01,8.716660841038994523e-01,4.877819208922441474e-01,3.068288553279650888e+00,-5.491228339568256622e+00,1.052683305480824581e-02
9.200000000000007061e-01,8.747170878227800150e-01,4.822810675073591624e-01,3.033698672365004345e+00,-5.510442150679760509e+00,1.053828767585318106e-02
9.210000000000007070e-01,8.777334412530657382e-01,4.767611092780808524e-01,2.998988205162790965e+00,-5.529437900924151883e+00,1.054974229676919339e-02
9.220000000000007079e-01,8.807150244965024077e-01,4.712222646461200481e-01,2.964158528550323801e+00,-5.548214830065058223e+00,1.056119691755614404e-02
9.230000000000007088e-01,8.836617190341359285e-01,4.656647528090655519e-01,2.929211024241051398e+00,-5.566772186588146099e+00,1.057265153821389074e-02
9.240000000000007097e-01,8.865734077311202554e-01,4.600887937116464044e-01,2.894147078728949385e+00,-5.585109227732430348e+00,1.058410615874229473e-02
9.250000000000007105e-01,8.894499748414705920e-01,4.544946080369630659e-01,2.858968083232706459e+00,-5.603225219521225320e+00,1.059556077914121548e-02
9.260000000000007114e-01,8.922913060127597440e-01,4.488824171976877331e-01,2.823675433639698973e+00,-5.621119436792739066e+00,1.060701539941051250e-02
9.270000000000007123e-01,8.950972882907589634e-01,4.432524433272344022e-01,2.788270530449764362e+00,-5.638791163230299830e+00,1.061847001955004699e-02
9.280000000000007132e-01,8.978678101240218368e-01,4.376049092708986787e-01,2.752754778718769391e+00,-5.656239691392225488e+00,1.062992463955967845e-02
9.290000000000007141e-01,9.006027613684123301e-01,4.319400385769679995e-01,2.717129588001979901e+00,-5.673464322741320842e+00,1.064137925943926637e-02
9.300000000000007150e-01,9.033020332915757677e-01,4.262580554878027117e-01,2.681396372297232489e+00,-5.690464367674015200e+00,1.065283387918867022e-02
9.310000000000007159e-01,9.059655185773527464e-01,4.205591849308878416e-01,2.645556549987910788e+00,-5.707239145549129589e+00,1.066428849880774951e-02
9.320000000000007168e-01,9.085931113301363160e-01,4.148436525098565530e-01,2.609611543785729904e+00,-5.723787984716272703e+00,1.067574311829636545e-02
9.330000000000007176e-01,9.111847070791714298e-01,4.091116844954852949e-01,2.573562780673328998e+00,-5.740110222543870933e+00,1.068719773765437579e-02
9.340000000000007185e-01,9.137402027827971063e-01,4.033635078166612487e-01,2.537411691846678252e+00,-5.756205205446821793e+00,1.069865235688164176e-02
9.350000000000007194e-01,9.162594968326309708e-01,3.975993500513219647e-01,2.501159712657297529e+00,-5.772072288913778770e+00,1.071010697597802458e-02
9.360000000000007203e-01,9.187424890576958436e-01,3.918194394173682982e-01,2.464808282554295626e+00,-5.787710837534056907e+00,1.072156159494338200e-02
9.370000000000007212e-01,9.211890807284881522e-01,3.860240047635503102e-01,2.428358845026227009e+00,-5.803120225024166245e+00,1.073301621377757524e-02
9.380000000000007221e-01,9.235991745609883896e-01,3.802132755603271352e-01,2.391812847542770015e+00,-5.818299834253968683e+00,1.074447083248046379e-02
9.390000000000007230e-01,9.259726747206128428e-01,3.743874818907005908e-01,2.355171741496232318e+00,-5.833249057272452021e+00,1.075592545105190714e-02
9.400000000000007239e-01,9.283094868261070332e-01,3.685468544410233083e-01,2.318436982142881408e+00,-5.847967295333127424e+00,1.076738006949176478e-02
9.410000000000007248e-01,9.306095179533802053e-01,3.626916244917817167e-01,2.281610028544105884e+00,-5.862453958919049413e+00,1.077883468779989792e-02
9.420000000000007256e-01,9.328726766392809733e-01,3.568220239083541578e-01,2.244692343507407983e+00,-5.876708467767445043e+00,1.079028930597616606e-02
9.430000000000007265e-01,9.350988728853139031e-01,3.509382851317445207e-01,2.207685393527233142e+00,-5.890730250893968289e+00,1.080174392402042868e-02
9.440000000000007274e-01,9.372880181612966988e-01,3.450406411692918951e-01,2.170590648725633454e+00,-5.904518746616567171e+00,1.081319854193254527e-02
9.450000000000007283e-01,9.394400254089581015e-01,3.391293255853564670e-01,2.133409582792774373e+00,-5.918073402578961861e+00,1.082465315971237706e-02
9.460000000000007292e-01,9.415548090454762820e-01,3.332045724919821539e-01,2.096143672927282875e+00,-5.931393675773741769e+00,1.083610777735978178e-02
9.470000000000007301e-01,9.436322849669573909e-01,3.272666165395363702e-01,2.058794399776439743e+00,-5.944479032565071819e+00,1.084756239487462068e-02
9.480000000000007310e-01,9.456723705518542689e-01,3.213156929073273105e-01,2.021363247376220418e+00,-5.957328948711008820e+00,1.085901701225675323e-02
9.490000000000007319e-01,9.476749846643247599e-01,3.153520372941989725e-01,1.983851703091187746e+00,-5.969942909385429708e+00,1.087047162950604065e-02
9.500000000000007327e-01,9.496400476575308502e-01,3.093758859091045865e-01,1.946261257554234625e+00,-5.982320409199567202e+00,1.088192624662234070e-02
9.510000000000007336e-01,9.515674813768760787e-01,3.033874754616586178e-01,1.908593404606184096e+00,-5.994460952223156447e+00,1.089338086360551461e-02
9.520000000000007345e-01,9.534572091631837720e-01,2.973870431526679514e-01,1.870849641235247995e+00,-6.006364052005182863e+00,1.090483548045542185e-02
9.530000000000007354e-01,9.553091558558137741e-01,2.913748266646422613e-01,1.833031467516345714e+00,-6.018029231594242745e+00,1.091629009717192365e-02
9.540000000000007363e-01,9.571232477957188900e-01,2.853510641522846170e-01,1.795140386550286404e+00,-6.029456023558500632e+00,1.092774471375487777e-02
9.550000000000007372e-01,9.588994128284403784e-01,2.793159942329618284e-01,1.757177904402817958e+00,-6.040643970005258545e+00,1.093919933020414542e-02
9.560000000000007381e-01,9.606375803070421604e-01,2.732698559771559732e-01,1.719145530043544312e+00,-6.051592622600121985e+00,1.095065394651958610e-02
9.570000000000007390e-01,9.623376810949841875e-01,2.672128888988963835e-01,1.681044775284714854e+00,-6.062301542585773362e+00,1.096210856270105928e-02
9.580000000000007399e-01,9.639996475689345257e-01,2.611453329461736472e-01,1.642877154719887711e+00,-6.072770300800338639e+00,1.097356317874842446e-02
9.590000000000007407e-01,9.656234136215197106e-01,2.550674284913349021e-01,1.604644185662469358e+00,-6.082998477695364059e+00,1.098501779466154286e-02
9.600000000000007416e-01,9.672089146640140411e-01,2.489794163214617273e-01,1.566347388084135206e+00,-6.092985663353382542e+00,1.099647241044027397e-02
9.610000000000007425e-01,9.687560876289670331e-01,2.428815376287305206e-01,1.527988284553131404e+00,-6.102731457505085721e+00,1.100792702608447728e-02
9.620000000000007434e-01,9.702648709727687004e-01,2.367740340007558619e-01,1.489568400172462059e+00,-6.112235469546089206e+00,1.101938164159401226e-02
9.630000000000007443e-01,9.717352046781539965e-01,2.306571474109174458e-01,1.451089262517963885e+00,-6.121497318553296374e+00,1.103083625696874015e-02
9.640000000000007452e-01,9.731670302566439723e-01,2.245311202086707481e-01,1.412552401576272043e+00,-6.130516633300858054e+00,1.104229087220851870e-02
9.650000000000007461e-01,9.745602907509259838e-01,2.183961951098419563e-01,1.373959349682677855e+00,-6.139293052275726303e+00,1.105374548731320912e-02
9.660000000000007470e-01,9.759149307371710602e-01,2.122526151869076061e-01,1.335311641458883924e+00,-6.147826223692803183e+00,1.106520010228267265e-02
9.670000000000007478e-01,9.772308963272891003e-01,2.061006238592592021e-01,1.296610813750657121e+00,-6.156115805509683625e+00,1.107665471711676702e-02
9.680000000000007487e-01,9.785081351711218955e-01,1.999404648834532672e-01,1.257858405565382975e+00,-6.164161465440991527e+00,1.108810933181535348e-02
9.690000000000007496e-01,9.797465964585732046e-01,1.937723823434474024e-01,1.219055958009524154e+00,-6.171962880972305499e+00,1.109956394637828976e-02
9.700000000000007505e-01,9.809462309216768761e-01,1.875966206408225256e-01,1.180205014225986337e+00,-6.179519739373680487e+00,1.111101856080543883e-02
9.710000000000007514e-01,9.821069908366016898e-01,1.814134244849917310e-01,1.141307119331393505e+00,-6.186831737712754631e+00,1.112247317509665843e-02
9.720000000000007523e-01,9.832288300255938029e-01,1.752230388833963814e-01,1.102363820353275736e+00,-6.193898582867453761e+00,1.113392778925180807e-02
9.730000000000007532e-01,9.843117038588560241e-01,1.690257091316896831e-01,1.063376666167171747e+00,-6.200719991538275799e+00,1.114538240327074894e-02
9.740000000000007541e-01,9.853555692563644719e-01,1.628216808039080199e-01,1.024347207433650153e+00,-6.207295690260174581e+00,1.115683701715334056e-02
9.750000000000007550e-01,9.863603846896221716e-01,1.566111997426308522e-01,9.852769965352515813e-01,-6.213625415414022690e+00,1.116829163089944239e-02
9.760000000000007558e-01,9.873261101833493703e-01,1.503945120491291809e-01,9.461675875133532809e-01,-6.219708913237671055e+00,1.117974624450891567e-02
9.770000000000007567e-01,9.882527073171106791e-01,1.441718640735031864e-01,9.070205360049613530e-01,-6.225545939836586662e+00,1.119120085798161815e-02
9.780000000000007576e-01,9.891401392268792669e-01,1.379435024048095149e-01,8.678373991794317011e-01,-6.231136261194085257e+00,1.120265547131741105e-02
9.790000000000007585e-01,9.899883706065374378e-01,1.317096738611784612e-01,8.286197356751224818e-01,-6.236479653181145721e+00,1.121411008451615385e-02
9.800000000000007594e-01,9.907973677093138143e-01,1.254706254799215492e-01,7.893691055359820519e-01,-6.241575901565808770e+00,1.122556469757770778e-02
9.810000000000007603e-01,9.915670983491574608e-01,1.192266045076300351e-01,7.500870701480741864e-01,-6.246424802022167100e+00,1.123701931050193059e-02
9.820000000000007612e-01,9.922975319020479468e-01,1.129778583902644046e-01,7.107751921760437908e-01,-6.251026160138935417e+00,1.124847392328868351e-02
9.830000000000007621e-01,9.929886393072424600e-01,1.067246347632357373e-01,6.714350354995253234e-01,-6.255379791427604808e+00,1.125992853593782601e-02
9.840000000000007629e-01,9.936403930684586383e-01,1.004671814414789671e-01,6.320681651494983733e-01,-6.259485521330184987e+00,1.127138314844921760e-02
9.850000000000007638e-01,9.942527672549943407e-01,9.420574640951870360e-02,5.926761472445907231e-01,-6.263343185226526444e+00,1.128283776082271948e-02
9.860000000000007647e-01,9.948257375027832472e-01,8.794057781152789244e-02,5.532605489273342281e-01,-6.266952628441226913e+00,1.129429237305818942e-02
9.870000000000007656e-01,9.953592810153870651e-01,8.167192394137978706e-02,5.138229383003746209e-01,-6.270313706250123964e+00,1.130574698515548863e-02
9.880000000000007665e-01,9.958533765649234537e-01,7.540003323269363344e-02,4.743648843626389056e-01,-6.273426283886363919e+00,1.131720159711447661e-02
9.890000000000007674e-01,9.963080044929306656e-01,6.912515424887449855e-02,4.348879569454626726e-01,-6.276290236546058665e+00,1.132865620893501457e-02
9.900000000000007683e-01,9.967231467111677956e-01,6.284753567314764477e-02,3.953937266486806656e-01,-6.278905449393523241e+00,1.134011082061696027e-02
9.910000000000007692e-01,9.970987867023513029e-01,5.656742629858792226e-02,3.558837647766831536e-01,-6.281271817566094207e+00,1.135156543216017493e-02
9.920000000000007701e-01,9.974349095208278060e-01,5.028507501814445668e-02,3.163596432744409381e-01,-6.283389246178528786e+00,1.136302004356451803e-02
9.930000000000007709e-01,9.977315017931824848e-01,4.400073081466124303e-02,2.768229346635019961e-01,-6.285257650326988355e+00,1.137447465482984907e-02
9.940000000000007718e-01,9.979885517187835342e-01,3.771464275089390916e-02,2.372752119779622526e-01,-6.286876955092600028e+00,1.138592926595602926e-02
9.950000000000007727e-01,9.982060490702630018e-01,3.142705995952313480e-02,1.977180487004139842e-01,-6.288247095544601706e+00,1.139738387694291637e-02
9.960000000000007736e-01,9.983839851939330101e-01,2.513823163316517006e-02,1.581530186978739039e-01,-6.289368016743067002e+00,1.140883848779037160e-02
9.970000000000007745e-01,9.985223530101382527e-01,1.884840701437978661e-02,1.185816961576944273e-01,-6.290239673741209181e+00,1.142029309849825446e-02
9.980000000000007754e-01,9.986211470135442081e-01,1.255783538567616792e-02,7.900565552346058840e-02,-6.290862031587269421e+00,1.143174770906642615e-02
9.990000000000007763e-01,9.986803632733612934e-01,6.266766059517120402e-03,3.942647143087554124e-02,-6.291235065325981424e+00,1.144320231949474444e-02
1.000000000000000666e+00,9.986999994335050701e-01,-2.455163167799142426e-05,-1.542813563623693374e-04,-6.291358759999620354e+00,1.145465692978307054e-02
