tau,x,y,u,v,theta1
0.000000000000000000e+00,9.714000000000000412e-01,-0.000000000000000000e+00,0.000000000000000000e+00,-6.465529220053809034e+00,0.000000000000000000e+00
1.000000000000000021e-03,9.713790839185395543e-01,-6.465482806541997945e-03,-4.183199986273133247e-02,-6.465389980082746568e+00,5.195268392238366499e-05
2.000000000000000042e-03,9.713163366524999454e-01,-1.293068713565760294e-02,-8.366204305506177996e-02,-6.464972267716719401e+00,1.039053678297693445e-04
3.000000000000000062e-03,9.712117611368363823e-01,-1.939533452501449387e-02,-1.254881730406955942e-01,-6.464276105596474586e+00,1.558580517071590462e-04
4.000000000000000083e-03,9.710653622629176196e-01,-2.585914654246707425e-02,-1.673084335515295784e-01,-6.463301531454225923e+00,2.078107355395548050e-04
5.000000000000000104e-03,9.708771468781906000e-01,-3.232184480114626973e-02,-2.091208687217044615e-01,-6.462048598110106568e+00,2.597634193119586219e-04
6.000000000000000125e-03,9.706471237857109413e-01,-3.878315097454508587e-02,-2.509235232216026623e-01,-6.460517373467203228e+00,3.117161030093724841e-04
7.000000000000000146e-03,9.703753037435400852e-01,-4.524278681159850379e-02,-2.927144423917744653e-01,-6.458707940505175493e+00,3.636687866167984877e-04
8.000000000000000167e-03,9.700616994640081092e-01,-5.170047415175624272e-02,-3.344916723767746847e-01,-6.456620397272456735e+00,4.156214701192385928e-04
9.000000000000001055e-03,9.697063256128426456e-01,-5.815593494004708125e-02,-3.762532602588918307e-01,-6.454254856877041036e+00,4.675741535016948139e-04
1.000000000000000194e-02,9.693091988081646848e-01,-6.460889124213319012e-02,-4.179972541917525430e-01,-6.451611447475859684e+00,5.195268367491691656e-04
1.100000000000000283e-02,9.688703376193501526e-01,-7.105906525935318241e-02,-4.597217035337826663e-01,-6.448690312262743696e+00,5.714795198466637166e-04
1.200000000000000372e-02,9.683897625657588160e-01,-7.750617934375242379e-02,-5.014246589815077870e-01,-6.445491609454981230e+00,6.234322027791804272e-04
1.300000000000000461e-02,9.678674961153291845e-01,-8.394995601309916677e-02,-5.431041727026756361e-01,-6.442015512278465472e+00,6.753848855317213119e-04
1.400000000000000550e-02,9.673035626830409628e-01,-9.039011796588512782e-02,-5.847582984691815922e-01,-6.438262208951443633e+00,7.273375680892884936e-04
1.500000000000000638e-02,9.666979886292448310e-01,-9.682638809630915444e-02,-6.263850917897817450e-01,-6.434231902666859071e+00,7.792902504368838783e-04
1.600000000000000727e-02,9.660508022578588871e-01,-1.032584895092425181e-01,-6.679826100425735325e-01,-6.429924811573305199e+00,8.312429325595094808e-04
1.700000000000000816e-02,9.653620338144334179e-01,-1.096861455351744452e-01,-7.095489126072280772e-01,-6.425341168754578725e+00,8.831956144421674237e-04
1.800000000000000905e-02,9.646317154840832186e-01,-1.161090797451365120e-01,-7.510820609969562911e-01,-6.420481222207844674e+00,9.351482960698596133e-04
1.900000000000000994e-02,9.638598813892882422e-01,-1.225270159656045299e-01,-7.925801189901912069e-01,-6.415345234820419407e+00,9.871009774275881724e-04
2.000000000000001082e-02,9.630465675875626852e-01,-1.289396782933765195e-01,-8.340411527619697729e-01,-6.409933484345168075e+00,1.039053658500355224e-03
2.100000000000001171e-02,9.621918120689927356e-01,-1.353467911104253574e-01,-8.754632310149955687e-01,-6.404246263374528958e+00,1.091006339273162566e-03
2.200000000000001260e-02,9.612956547536435359e-01,-1.417480790987248329e-01,-9.168444251103672338e-01,-6.398283879313160227e+00,1.142959019731012429e-03
2.300000000000001349e-02,9.603581374888356947e-01,-1.481432672550475615e-01,-9.581828091979535111e-01,-6.392046654349226920e+00,1.194911699858906612e-03
2.400000000000001438e-02,9.593793040462912369e-01,-1.545320809057336153e-01,-9.994764603463995867e-01,-6.385534925424320996e+00,1.246864379641847344e-03
2.500000000000001527e-02,9.583592001191502119e-01,-1.609142457214283450e-01,-1.040723458672746293e+00,-6.378749044202026042e+00,1.298817059064836642e-03
2.600000000000001615e-02,9.572978733188576284e-01,-1.672894877317880613e-01,-1.081921887471646970e+00,-6.371689377035134605e+00,1.350769738112876303e-03
2.700000000000001704e-02,9.561953731719212701e-01,-1.736575333401522980e-01,-1.123069833344163770e+00,-6.364356304931516384e+00,1.402722416770968558e-03
2.800000000000001793e-02,9.550517511165411699e-01,-1.800181093381812980e-01,-1.164165386326127871e+00,-6.356750223518652376e+00,1.454675095024115421e-03
2.900000000000001882e-02,9.538670604991107416e-01,-1.863709429204572776e-01,-1.205206640016046160e+00,-6.348871543006835871e+00,1.506627772857319124e-03
3.000000000000001971e-02,9.526413565705905695e-01,-1.927157616990483879e-01,-1.246191691702539295e+00,-6.340720688151047391e+00,1.558580450255581465e-03
3.100000000000002059e-02,9.513746964827546337e-01,-1.990522937180336516e-01,-1.287118642491293041e+00,-6.332298098211515125e+00,1.610533127203904458e-03
3.200000000000002148e-02,9.500671392843099694e-01,-2.053802674679880425e-01,-1.327985597431508680e+00,-6.323604226912958204e+00,1.662485803687290334e-03
3.300000000000002237e-02,9.487187459168900938e-01,-2.116994119004260710e-01,-1.368790665641834714e+00,-6.314639542402535888e+00,1.714438479690741108e-03
3.400000000000002326e-02,9.473295792109229785e-01,-2.180094564422025427e-01,-1.409531960435765452e+00,-6.305404527206493803e+00,1.766391155199258794e-03
3.500000000000002415e-02,9.458997038813735658e-01,-2.243101310098695733e-01,-1.450207599446488915e+00,-6.295899678185522319e+00,1.818343830197845408e-03
3.600000000000002504e-02,9.444291865233619410e-01,-2.306011660239880856e-01,-1.490815704751170756e+00,-6.286125506488842163e+00,1.870296504671502963e-03
3.700000000000002592e-02,9.429180956076574915e-01,-2.368822924233928706e-01,-1.531354402994656194e+00,-6.276082537507011061e+00,1.922249178605233474e-03
3.800000000000002681e-02,9.413665014760497218e-01,-2.431532416794097984e-01,-1.571821825512575987e+00,-6.265771310823471829e+00,1.974201851984038955e-03
3.900000000000002770e-02,9.397744763365958320e-01,-2.494137458100240123e-01,-1.612216108453841557e+00,-6.255192380164845467e+00,2.026154524792921855e-03
4.000000000000002859e-02,9.381420942587467282e-01,-2.556635373939976086e-01,-1.652535392902512612e+00,-6.244346313349979027e+00,2.078107197016883755e-03
4.100000000000002948e-02,9.364694311683512407e-01,-2.619023495849360783e-01,-1.692777824999023961e+00,-6.233233692237756252e+00,2.130059868640927102e-03
4.200000000000003036e-02,9.347565648425393281e-01,-2.681299161253014596e-01,-1.732941556060755284e+00,-6.221855112673685184e+00,2.182012539650053911e-03
4.300000000000003125e-02,9.330035749044849336e-01,-2.743459713603719763e-01,-1.773024742701930778e+00,-6.210211184435265430e+00,2.233965210029266197e-03
4.400000000000003214e-02,9.312105428180498246e-01,-2.805502502521461383e-01,-1.813025546952832467e+00,-6.198302531176151042e+00,2.285917879763565974e-03
4.500000000000003303e-02,9.293775518823078619e-01,-2.867424883931904422e-01,-1.852942136378314286e+00,-6.186129790369114367e+00,2.337870548837955257e-03
4.600000000000003392e-02,9.275046872259519182e-01,-2.929224220204295626e-01,-1.892772684195602073e+00,-6.173693613247822398e+00,2.389823217237436060e-03
4.700000000000003481e-02,9.255920358015824467e-01,-2.990897880288775346e-01,-1.932515369391365700e+00,-6.160994664747439842e+00,2.441775884947010831e-03
4.800000000000003569e-02,9.236396863798800316e-01,-3.052443239853090962e-01,-1.972168376838049131e+00,-6.148033623444063345e+00,2.493728551951681152e-03
4.900000000000003658e-02,9.216477295436618089e-01,-3.113857681418699119e-01,-2.011729897409445744e+00,-6.134811181493001975e+00,2.545681218236449470e-03
5.000000000000003747e-02,9.196162576818224244e-01,-3.175138594496244582e-01,-2.051198128095503392e+00,-6.121328044565910176e+00,2.597633883786317800e-03
5.100000000000003836e-02,9.175453649831611935e-01,-3.236283375720403477e-01,-2.090571272116349633e+00,-6.107584931786794513e+00,2.649586548586288157e-03
5.200000000000003925e-02,9.154351474300947977e-01,-3.297289428984083171e-01,-2.129847539035519155e+00,-6.093582575666891543e+00,2.701539212621362988e-03
5.300000000000004013e-02,9.132857027922578474e-01,-3.358154165571964334e-01,-2.169025144872374522e+00,-6.079321722038438125e+00,2.753491875876543874e-03
5.400000000000004102e-02,9.110971306199912023e-01,-3.418875004293374653e-01,-2.208102312213706231e+00,-6.064803129987343944e+00,2.805444538336833264e-03
5.500000000000004191e-02,9.088695322377190466e-01,-3.479449371614484754e-01,-2.247077270324497444e+00,-6.050027571784776903e+00,2.857397199987233172e-03
5.600000000000004280e-02,9.066030107372156088e-01,-3.539874701789813560e-01,-2.285948255257845396e+00,-6.034995832817671157e+00,2.909349860812745613e-03
5.700000000000004369e-02,9.042976709707624128e-01,-3.600148436993035328e-01,-2.324713509964023483e+00,-6.019708711518175548e+00,2.961302520798373035e-03
5.800000000000004458e-02,9.019536195441970605e-01,-3.660268027447073913e-01,-2.363371284398673389e+00,-6.004167019292047769e+00,3.013255179929117018e-03
5.900000000000004546e-02,8.995709648098542122e-01,-3.720230931553476506e-01,-2.401919835630114797e+00,-5.988371580446015585e+00,3.065207838189980011e-03
6.000000000000004635e-02,8.971498168593992073e-01,-3.780034616021055727e-01,-2.440357427945763824e+00,-5.972323232114107761e+00,3.117160495565964463e-03
6.100000000000004724e-02,8.946902875165566593e-01,-3.839676555993790097e-01,-2.478682332957645951e+00,-5.956022824182975128e+00,3.169113152042071953e-03
6.200000000000004813e-02,8.921924903297331344e-01,-3.899154235177973438e-01,-2.516892829706991908e+00,-5.939471219216210685e+00,3.221065807603304930e-03
6.300000000000004208e-02,8.896565405645362468e-01,-3.958465145968600440e-01,-2.554987204767908082e+00,-5.922669292377681138e+00,3.273018462234665409e-03
6.400000000000004297e-02,8.870825551961899480e-01,-4.017606789574983406e-01,-2.592963752350110784e+00,-5.905617931353890349e+00,3.324971115921155403e-03
6.500000000000004385e-02,8.844706529018485641e-01,-4.076576676145585165e-01,-2.630820774400708828e+00,-5.888318036275374645e+00,3.376923768647777362e-03
6.600000000000004474e-02,8.818209540528082480e-01,-4.135372324892063189e-01,-2.668556580705032211e+00,-5.870770519637157570e+00,3.428876420399532866e-03
6.700000000000004563e-02,8.791335807066192887e-01,-4.193991264212513226e-01,-2.706169488986488236e+00,-5.852976306218267588e+00,3.480829071161424797e-03
6.800000000000004652e-02,8.764086565990981681e-01,-4.252431031813901363e-01,-2.743657825005442863e+00,-5.834936333000337427e+00,3.532781720918454736e-03
6.900000000000004741e-02,8.736463071362418065e-01,-4.310689174833681747e-01,-2.781019922657111731e+00,-5.816651549085296580e+00,3.584734369655625131e-03
7.000000000000004829e-02,8.708466593860438865e-01,-4.368763249960582185e-01,-2.818254124068455546e+00,-5.798122915612172079e+00,3.636687017357937996e-03
7.100000000000004918e-02,8.680098420702154760e-01,-4.426650823554556524e-01,-2.855358779694067373e+00,-5.779351405673010866e+00,3.688639664010395780e-03
7.200000000000005007e-02,8.651359855558095058e-01,-4.484349471765891049e-01,-2.892332248411045192e+00,-5.760338004227938846e+00,3.740592309598000497e-03
7.300000000000005096e-02,8.622252218467514329e-01,-4.541856780653455994e-01,-2.929172897612839499e+00,-5.741083708019368181e+00,3.792544954105754162e-03
7.400000000000005185e-02,8.592776845752764237e-01,-4.599170346302096091e-01,-2.965879103302068387e+00,-5.721589525485370586e+00,3.844497597518659222e-03
7.500000000000005274e-02,8.562935089932741661e-01,-4.656287774939152357e-01,-3.002449250182291696e+00,-5.701856476672229945e+00,3.896450239821717693e-03
7.600000000000005362e-02,8.532728319635424219e-01,-4.713206683050101264e-01,-3.038881731748734882e+00,-5.681885593146184021e+00,3.948402880999932023e-03
7.700000000000005451e-02,8.502157919509504280e-01,-4.769924697493311272e-01,-3.075174950377955962e+00,-5.661677917904381019e+00,4.000355521038304225e-03
7.800000000000005540e-02,8.471225290135134811e-01,-4.826439455613902307e-01,-3.111327317416446636e+00,-5.641234505285052769e+00,4.052308159921836316e-03
7.900000000000005629e-02,8.439931847933785924e-01,-4.882748605356705962e-01,-3.147337253268164048e+00,-5.620556420876924975e+00,4.104260797635530741e-03
8.000000000000005718e-02,8.408279025077242119e-01,-4.938849805378312530e-01,-3.183203187480978524e+00,-5.599644741427884043e+00,4.156213434164389951e-03
8.100000000000005806e-02,8.376268269395733546e-01,-4.994740725158203221e-01,-3.218923558832038179e+00,-5.578500554752906737e+00,4.208166069493415526e-03
8.200000000000005895e-02,8.343901044285219060e-01,-5.050419045108959226e-01,-3.254496815412039723e+00,-5.557124959641272177e+00,4.260118703607609913e-03
8.300000000000005984e-02,8.311178828613837721e-01,-5.105882456685536530e-01,-3.289921414708397496e+00,-5.535519065763072177e+00,4.312071336491975562e-03
8.400000000000006073e-02,8.278103116627528735e-01,-5.161128662493602581e-01,-3.325195823687308483e+00,-5.513683993575031472e+00,4.364023968131514920e-03
8.500000000000006162e-02,8.244675417854835375e-01,-5.216155376396932608e-01,-3.360318518874704896e+00,-5.491620874225653814e+00,4.415976598511229569e-03
8.600000000000006251e-02,8.210897257010911776e-01,-5.270960323623845589e-01,-3.395287986436087646e+00,-5.469330849459714372e+00,4.467929227616121955e-03
8.700000000000006339e-02,8.176770173900730354e-01,-5.325541240872692095e-01,-3.430102722255237158e+00,-5.446815071522105534e+00,4.519881855431194528e-03
8.800000000000006428e-02,8.142295723321509859e-01,-5.379895876416366240e-01,-3.464761232011795755e+00,-5.424074703061052993e+00,4.571834481941449736e-03
8.900000000000006517e-02,8.107475474964376261e-01,-5.434021990205858410e-01,-3.499262031257714956e+00,-5.401110917030727876e+00,4.623787107131889160e-03
9.000000000000006606e-02,8.072311013315257577e-01,-5.487917353972819878e-01,-3.533603645492564560e+00,-5.377924896593251347e+00,4.675739730987516114e-03
9.100000000000006695e-02,8.036803937555040411e-01,-5.541579751331153769e-01,-3.567784610237698217e+00,-5.354517835020124572e+00,4.727692353493332181e-03
9.200000000000006783e-02,8.000955861458982632e-01,-5.595006977877611254e-01,-3.601803471109270127e+00,-5.330890935593091129e+00,4.779644974634339807e-03
9.300000000000006872e-02,7.964768413295408855e-01,-5.648196841291398540e-01,-3.635658783890100665e+00,-5.307045411504446086e+00,4.831597594395540575e-03
9.400000000000006961e-02,7.928243235723684279e-01,-5.701147161432779109e-01,-3.669349114600385597e+00,-5.282982485756811286e+00,4.883550212761937799e-03
9.500000000000007050e-02,7.891381985691497958e-01,-5.753855770440674533e-01,-3.702873039567244895e+00,-5.258703391062389265e+00,4.935502829718533060e-03
9.600000000000007139e-02,7.854186334331445529e-01,-5.806320512829254987e-01,-3.736229145493107584e+00,-5.234209369741714468e+00,4.987455445250328807e-03
9.700000000000007228e-02,7.816657966856942474e-01,-5.858539245583513910e-01,-3.769416029522932199e+00,-5.209501673621913298e+00,5.039408059342327488e-03
9.800000000000007316e-02,7.778798582457464583e-01,-5.910509838253823478e-01,-3.802432299310255281e+00,-5.184581563934490767e+00,5.091360671979531551e-03
9.900000000000007405e-02,7.740609894193141161e-01,-5.962230173049465343e-01,-3.835276573082067930e+00,-5.159450311212657958e+00,5.143313283146943443e-03
1.000000000000000749e-01,7.702093628888696530e-01,-6.013698144931131084e-01,-3.867947479702518176e+00,-5.134109195188218067e+00,5.195265892829564747e-03
1.010000000000000758e-01,7.663251527026766485e-01,-6.064911661702394596e-01,-3.900443658735433861e+00,-5.108559504688023445e+00,5.247218501012398777e-03
1.020000000000000767e-01,7.624085342640596341e-01,-6.115868644100137530e-01,-3.932763760505667339e+00,-5.082802537530021425e+00,5.299171107680447114e-03
1.030000000000000776e-01,7.584596843206123928e-01,-6.166567025883943343e-01,-3.964906446159259357e+00,-5.056839600418903125e+00,5.351123712818712207e-03
1.040000000000000785e-01,7.544787809533476386e-01,-6.217004753924441074e-01,-3.996870387722416762e+00,-5.030672008841370335e+00,5.403076316412197370e-03
1.050000000000000794e-01,7.504660035657875206e-01,-6.267179788290596631e-01,-4.028654268159308494e+00,-5.004301086961035594e+00,5.455028918445904186e-03
1.060000000000000803e-01,7.464215328729975063e-01,-6.317090102335959356e-01,-4.060256781428674522e+00,-4.977728167512974089e+00,5.506981518904834234e-03
1.070000000000000812e-01,7.423455508905638656e-01,-6.366733682783843884e-01,-4.091676632539247294e+00,-4.950954591697938056e+00,5.558934117773990831e-03
1.080000000000000820e-01,7.382382409235165310e-01,-6.416108529811461736e-01,-4.122912537603983907e+00,-4.923981709076251434e+00,5.610886715038376424e-03
1.090000000000000829e-01,7.340997875551981133e-01,-6.465212657132979324e-01,-4.153963223893114787e+00,-4.896810877461399869e+00,5.662839310682993461e-03
1.100000000000000838e-01,7.299303766360807355e-01,-6.514044092081521242e-01,-4.184827429885998207e+00,-4.869443462813332069e+00,5.714791904692843524e-03
1.110000000000000847e-01,7.257301952725315752e-01,-6.562600875690097757e-01,-4.215503905321788203e+00,-4.841880839131484926e+00,5.766744497052929928e-03
1.120000000000000856e-01,7.214994318155278918e-01,-6.610881062771463146e-01,-4.245991411248914993e+00,-4.814124388347549299e+00,5.818697087748254254e-03
1.130000000000000865e-01,7.172382758493237587e-01,-6.658882721996903786e-01,-4.276288720073371685e+00,-4.786175500217992429e+00,5.870649676763819817e-03
1.140000000000000874e-01,7.129469181800689448e-01,-6.706603935973944886e-01,-4.306394615605820597e+00,-4.758035572216350317e+00,5.922602264084628199e-03
1.150000000000000883e-01,7.086255508243808343e-01,-6.754042801322983625e-01,-4.336307893107504974e+00,-4.729706009425306057e+00,5.974554849695681846e-03
1.160000000000000892e-01,7.042743669978717147e-01,-6.801197428752838725e-01,-4.366027359334977653e+00,-4.701188224428570095e+00,6.026507433581984076e-03
1.170000000000000900e-01,6.998935611036314342e-01,-6.848065943135219769e-01,-4.395551832583644014e+00,-4.672483637202572204e+00,6.078460015728536468e-03
1.180000000000000909e-01,6.954833287206673154e-01,-6.894646483578112939e-01,-4.424880142730120092e+00,-4.643593675007987365e+00,6.130412596120342339e-03
1.190000000000000918e-01,6.910438665923022139e-01,-6.940937203498078745e-01,-4.454011131273407642e+00,-4.614519772281103549e+00,6.182365174742403269e-03
1.200000000000000927e-01,6.865753726145321645e-01,-6.986936270691466166e-01,-4.482943651374889704e+00,-4.585263370525051840e+00,6.234317751579721706e-03
1.210000000000000936e-01,6.820780458243443922e-01,-7.032641867404536562e-01,-4.511676567897145773e+00,-4.555825918200906877e+00,6.286270326617300966e-03
1.220000000000000945e-01,6.775520863879972433e-01,-7.078052190402497335e-01,-4.540208757441591914e+00,-4.526208870618680713e+00,6.338222899840142630e-03
1.230000000000000954e-01,6.729976955892628121e-01,-7.123165451037445361e-01,-4.568539108384942260e+00,-4.496413689828215432e+00,6.390175471233250012e-03
1.240000000000000963e-01,6.684150758176342633e-01,-7.167979875315221294e-01,-4.596666520914504339e+00,-4.466441844509994041e+00,6.442128040781625563e-03
1.250000000000000833e-01,6.638044305564977376e-01,-7.212493703961166958e-01,-4.624589907062298444e+00,-4.436294809865883870e+00,6.494080608470270861e-03
1.260000000000000842e-01,6.591659643712713956e-01,-7.256705192484795841e-01,-4.652308190738016158e+00,-4.405974067509825787e+00,6.546033174284189224e-03
1.270000000000000850e-01,6.544998828975114868e-01,-7.300612611243365579e-01,-4.679820307760810927e+00,-4.375481105358481670e+00,6.597985738208383098e-03
1.280000000000000859e-01,6.498063928289874447e-01,-7.344214245504356864e-01,-4.707125205889932218e+00,-4.344817417521855241e+00,6.649938300227854933e-03
1.290000000000000868e-01,6.450857019057273378e-01,-7.387508395506863224e-01,-4.734221844854198835e+00,-4.313984504193904002e+00,6.701890860327607176e-03
1.300000000000000877e-01,6.403380189020335678e-01,-7.430493376521880577e-01,-4.761109196380322039e+00,-4.282983871543149412e+00,6.753843418492642275e-03
1.310000000000000886e-01,6.355635536144715880e-01,-7.473167518911506546e-01,-4.787786244220079368e+00,-4.251817031603300379e+00,6.805795974707962680e-03
1.320000000000000895e-01,6.307625168498315338e-01,-7.515529168187047304e-01,-4.814251984176339150e+00,-4.220485502163911384e+00,6.857748528958570837e-03
1.330000000000000904e-01,6.259351204130649826e-01,-7.557576685066028643e-01,-4.840505424127949041e+00,-4.188990806661075261e+00,6.909701081229470063e-03
1.340000000000000913e-01,6.210815770951964021e-01,-7.599308445528113465e-01,-4.866545584053484141e+00,-4.157334474068179020e+00,6.961653631505662805e-03
1.350000000000000921e-01,6.162021006612126151e-01,-7.640722840869931254e-01,-4.892371496053861790e+00,-4.125518038786722741e+00,7.013606179772151512e-03
1.360000000000000930e-01,6.112969058379292830e-01,-7.681818277758811764e-01,-4.917982204373831046e+00,-4.093543040537221955e+00,7.065558726013938633e-03
1.370000000000000939e-01,6.063662083018367399e-01,-7.722593178285430682e-01,-4.943376765422339503e+00,-4.061411024250205060e+00,7.117511270216026614e-03
1.380000000000000948e-01,6.014102246669262852e-01,-7.763045980015366165e-01,-4.968554247791777456e+00,-4.029123539957319977e+00,7.169463812363417905e-03
1.390000000000000957e-01,5.964291724724976040e-01,-7.803175136039564030e-01,-4.993513732276114503e+00,-3.996682142682558503e+00,7.221416352441115821e-03
1.400000000000000966e-01,5.914232701709484230e-01,-7.842979115023719361e-01,-5.018254311887924146e+00,-3.964088392333616540e+00,7.273368890434122810e-03
1.410000000000000975e-01,5.863927371155478463e-01,-7.882456401256571210e-01,-5.042775091874308835e+00,-3.931343853593399551e+00,7.325321426327441321e-03
1.420000000000000984e-01,5.813377935481944814e-01,-7.921605494697111505e-01,-5.067075189731728102e+00,-3.898450095811685223e+00,7.377273960106073801e-03
1.430000000000000993e-01,5.762586605871599099e-01,-7.960424911020713701e-01,-5.091153735219733356e+00,-3.865408692896957099e+00,7.429226491755022699e-03
1.440000000000001001e-01,5.711555602148193911e-01,-7.998913181664180083e-01,-5.115009870373619982e+00,-3.832221223208422511e+00,7.481179021259291330e-03
1.450000000000001010e-01,5.660287152653701304e-01,-8.037068853869708818e-01,-5.138642749516000308e+00,-3.798889269448223249e+00,7.533131548603882142e-03
1.460000000000001019e-01,5.608783494125386682e-01,-8.074890490727785197e-01,-5.162051539267302758e+00,-3.765414418553854503e+00,7.585084073773797585e-03
1.470000000000001028e-01,5.557046871572781654e-01,-8.112376671219000412e-01,-5.185235418555203424e+00,-3.731798261590801413e+00,7.637036596754040972e-03
1.480000000000001037e-01,5.505079538154570296e-01,-8.149525990254793406e-01,-5.208193578623001585e+00,-3.698042393645406989e+00,7.688989117529614753e-03
1.490000000000001046e-01,5.452883755055394355e-01,-8.186337058717124693e-01,-5.230925223036937410e+00,-3.664148413717980279e+00,7.740941636085521375e-03
1.500000000000001055e-01,5.400461791362591857e-01,-8.222808503497084365e-01,-5.253429567692463387e+00,-3.630117924616158565e+00,7.792894152406763288e-03
1.510000000000001064e-01,5.347815923942877969e-01,-8.258938967532430953e-01,-5.275705840819478354e+00,-3.595952532848534222e+00,7.844846666478343805e-03
1.520000000000001072e-01,5.294948437318978129e-01,-8.294727109844072244e-01,-5.297753282986527701e+00,-3.561653848518556487e+00,7.896799178285266244e-03
1.530000000000001081e-01,5.241861623546226756e-01,-8.330171605571483617e-01,-5.319571147103974162e+00,-3.527223485218719645e+00,7.948751687812531316e-03
1.540000000000001090e-01,5.188557782089134873e-01,-8.365271146007071668e-01,-5.341158698426154317e+00,-3.492663059925049218e+00,8.000704195045144074e-03
1.550000000000001099e-01,5.135039219697946633e-01,-8.400024438629480894e-01,-5.362515214552521670e+00,-3.457974192891895449e+00,8.052656699968106097e-03
1.560000000000001108e-01,5.081308250285182515e-01,-8.434430207135854562e-01,-5.383639985427786101e+00,-3.423158507547045204e+00,8.104609202566420700e-03
1.570000000000001117e-01,5.027367194802195849e-01,-8.468487191473045295e-01,-5.404532313341056771e+00,-3.388217630387163837e+00,8.156561702825089466e-03
1.580000000000001126e-01,4.973218381115731557e-01,-8.502194147867782048e-01,-5.425191512923996484e+00,-3.353153190873575440e+00,8.208514200729117444e-03
1.590000000000001135e-01,4.918864143884518203e-01,-8.535549848855796817e-01,-5.445616911147993733e+00,-3.317966821328391713e+00,8.260466696263506214e-03
1.600000000000001144e-01,4.864306824435886689e-01,-8.568553083309916607e-01,-5.465807847320363955e+00,-3.282660156831002318e+00,8.312419189413257359e-03
1.610000000000001152e-01,4.809548770642434468e-01,-8.601202656467118457e-01,-5.485763673079583569e+00,-3.247234835114931162e+00,8.364371680163375927e-03
1.620000000000001161e-01,4.754592336798741936e-01,-8.633497389954556400e-01,-5.505483752389567442e+00,-3.211692496465074154e+00,8.416324168498863501e-03
1.630000000000001170e-01,4.699439883498150450e-01,-8.665436121814563686e-01,-5.524967461532998669e+00,-3.176034783615324653e+00,8.468276654404721659e-03
1.640000000000001179e-01,4.644093777509612497e-01,-8.697017706528632486e-01,-5.544214189103715107e+00,-3.140263341646593709e+00,8.520229137865955454e-03
1.650000000000001188e-01,4.588556391654621258e-01,-8.728241015040375528e-01,-5.563223335998165986e+00,-3.104379817885241977e+00,8.572181618867566466e-03
1.660000000000001197e-01,4.532830104684231198e-01,-8.759104934777475204e-01,-5.581994315405943929e+00,-3.068385861801922854e+00,8.624134097394558010e-03
1.670000000000001206e-01,4.476917301156178586e-01,-8.789608369672621269e-01,-5.600526552799399482e+00,-3.032283124910853278e+00,8.676086573431933402e-03
1.680000000000001215e-01,4.420820371312108588e-01,-8.819750240183447110e-01,-5.618819485922353252e+00,-2.996073260669516625e+00,8.728039046964695957e-03
1.690000000000001223e-01,4.364541710954921716e-01,-8.849529483311459055e-01,-5.636872564777903882e+00,-2.959757924378808358e+00,8.779991517977847257e-03
1.700000000000001232e-01,4.308083721326244619e-01,-8.878945052619975353e-01,-5.654685251615352293e+00,-2.923338773083631548e+00,8.831943986456390616e-03
1.710000000000001241e-01,4.251448808984038541e-01,-8.907995918251072620e-01,-5.672257020916242176e+00,-2.886817465473952016e+00,8.883896452385329351e-03
1.720000000000001250e-01,4.194639385680348775e-01,-8.936681066941539742e-01,-5.689587359379529197e+00,-2.850195661786318890e+00,8.935848915749666777e-03
1.730000000000001259e-01,4.137657868239209003e-01,-8.964999502037857004e-01,-5.706675765905888653e+00,-2.813475023705862554e+00,8.987801376534404474e-03
1.740000000000001268e-01,4.080506678434706602e-01,-8.992950243510191566e-01,-5.723521751581167827e+00,-2.776657214268773100e+00,9.039753834724547493e-03
1.750000000000001277e-01,4.023188242869216724e-01,-9.020532327965423702e-01,-5.740124839658994560e+00,-2.739743897765269498e+00,9.091706290305097415e-03
1.760000000000001286e-01,3.965704992851814548e-01,-9.047744808659202720e-01,-5.756484565542550058e+00,-2.702736739643067487e+00,9.143658743261057556e-03
1.770000000000001295e-01,3.908059364276874614e-01,-9.074586755507042524e-01,-5.772600476765516575e+00,-2.665637406411352384e+00,9.195611193577431230e-03
1.780000000000001303e-01,3.850253797502865560e-01,-9.101057255094459064e-01,-5.788472132972207085e+00,-2.628447565545263931e+00,9.247563641239220020e-03
1.790000000000001312e-01,3.792290737231344133e-01,-9.127155410686152992e-01,-5.804099105896885824e+00,-2.591168885390900289e+00,9.299516086231428974e-03
1.800000000000001321e-01,3.734172632386165147e-01,-9.152880342234246402e-01,-5.819480979342292137e+00,-2.553803035070850047e+00,9.351468528539059674e-03
1.810000000000001330e-01,3.675901935992905711e-01,-9.178231186385578111e-01,-5.834617349157378285e+00,-2.516351684390255361e+00,9.403420968147115436e-03
1.820000000000001339e-01,3.617481105058517610e-01,-9.203207096488061900e-01,-5.849507823214260327e+00,-2.478816503743415112e+00,9.455373405040599574e-03
1.830000000000001348e-01,3.558912600451215047e-01,-9.227807242596114401e-01,-5.864152021384406943e+00,-2.441199164020934731e+00,9.507325839204515405e-03
1.840000000000001357e-01,3.500198886780602203e-01,-9.252030811475152605e-01,-5.878549575514061765e+00,-2.403501336517429365e+00,9.559278270623864510e-03
1.850000000000001366e-01,3.441342432278053365e-01,-9.275877006605178776e-01,-5.892700129398920517e+00,-2.365724692839782151e+00,9.611230699283651938e-03
1.860000000000001374e-01,3.382345708677345630e-01,-9.299345048183444984e-01,-5.906603338758060318e+00,-2.327870904815969588e+00,9.663183125168879270e-03
1.870000000000001383e-01,3.323211191095560291e-01,-9.322434173126211698e-01,-5.920258871207144225e+00,-2.289941644404456245e+00,9.715135548264551557e-03
1.880000000000001392e-01,3.263941357914253438e-01,-9.345143635069599330e-01,-5.933666406230897472e+00,-2.251938583604165878e+00,9.767087968555670380e-03
1.890000000000001401e-01,3.204538690660906353e-01,-9.367472704369547154e-01,-5.946825635154874945e+00,-2.213863394365031656e+00,9.819040386027239053e-03
1.900000000000001410e-01,3.145005673890660103e-01,-9.389420668100879608e-01,-5.959736261116528766e+00,-2.175717748499136128e+00,9.870992800664260894e-03
1.910000000000001419e-01,3.085344795068345469e-01,-9.410986830055484420e-01,-5.972397999035575999e+00,-2.137503317592439611e+00,9.922945212451739216e-03
1.920000000000001428e-01,3.025558544450810405e-01,-9.432170510739611435e-01,-5.984810575583688674e+00,-2.099221772917108542e+00,9.974897621374677337e-03
1.930000000000001437e-01,2.965649414969555586e-01,-9.452971047370301028e-01,-5.996973729153509680e+00,-2.060874785344442905e+00,1.002685002741807857e-02
1.940000000000001446e-01,2.905619902113681929e-01,-9.473387793870942097e-01,-6.008887209827005194e+00,-2.022464025258411180e+00,1.007880243056694450e-02
1.950000000000001454e-01,2.845472503813158416e-01,-9.493420120865968537e-01,-6.020550779343159853e+00,-1.983991162469796565e+00,1.013075483080628017e-02
1.960000000000001463e-01,2.785209720322415761e-01,-9.513067415674699712e-01,-6.031964211065035109e+00,-1.945457866130957836e+00,1.018270722812108890e-02
1.970000000000001472e-01,2.724834054104273151e-01,-9.532329082304333845e-01,-6.043127289946187197e+00,-1.906865804651209917e+00,1.023465962249637227e-02
1.980000000000001481e-01,2.664348009714204712e-01,-9.551204541442097629e-01,-6.054039812496464279e+00,-1.868216645612828852e+00,1.028661201391713534e-02
1.990000000000001490e-01,2.603754093684949034e-01,-9.569693230446557619e-01,-6.064701586747188067e+00,-1.829512055687683381e+00,1.033856440236837967e-02
2.000000000000001499e-01,2.543054814411471742e-01,-9.587794603338101185e-01,-6.075112432215730607e+00,-1.790753700554499117e+00,1.039051678783511033e-02
2.010000000000001508e-01,2.482252682036283908e-01,-9.605508130788595889e-01,-6.085272179869497755e+00,-1.751943244816757117e+00,1.044246917030233063e-02
2.020000000000001517e-01,2.421350208335124876e-01,-9.622833300110227306e-01,-6.095180672089327345e+00,-1.713082351921231705e+00,1.049442154975504214e-02
2.030000000000001525e-01,2.360349906603013137e-01,-9.639769615243529710e-01,-6.104837762632310927e+00,-1.674172684077170903e+00,1.054637392617824992e-02
2.040000000000001534e-01,2.299254291540671902e-01,-9.656316596744605185e-01,-6.114243316594053290e+00,-1.635215902176120562e+00,1.059832629955695556e-02
2.050000000000001543e-01,2.238065879141335479e-01,-9.672473781771553369e-01,-6.123397210370373323e+00,-1.596213665712398644e+00,1.065027866987616409e-02
2.060000000000001552e-01,2.176787186577939792e-01,-9.688240724070101839e-01,-6.132299331618461302e+00,-1.557167632704220317e+00,1.070223103712087710e-02
2.070000000000001561e-01,2.115420732090706746e-01,-9.703616993958452674e-01,-6.140949579217499732e+00,-1.518079459615477189e+00,1.075418340127609965e-02
2.080000000000001570e-01,2.053969034875121891e-01,-9.718602178311352979e-01,-6.149347863228758371e+00,-1.478950801278173577e+00,1.080613576232683330e-02
2.090000000000001579e-01,1.992434614970315931e-01,-9.733195880543388245e-01,-6.157494104855175010e+00,-1.439783310815522244e+00,1.085808812025808312e-02
2.100000000000001588e-01,1.930819993147852576e-01,-9.747397720591515213e-01,-6.165388236400423771e+00,-1.400578639565702055e+00,1.091004047505485242e-02
2.110000000000001597e-01,1.869127690800926889e-01,-9.761207334896832011e-01,-6.173030201227495795e+00,-1.361338437006279545e+00,1.096199282670214450e-02
2.120000000000001605e-01,1.807360229833982479e-01,-9.774624376385596669e-01,-6.180419953716783432e+00,-1.322064350679297062e+00,1.101394517518496097e-02
2.130000000000001614e-01,1.745520132552748072e-01,-9.787648514449500681e-01,-6.187557459223693712e+00,-1.282758026117028827e+00,1.106589752048830685e-02
2.140000000000001623e-01,1.683609921554701794e-01,-9.800279434925202038e-01,-6.194442694035791952e+00,-1.243421106768407336e+00,1.111784986259718548e-02
2.150000000000001632e-01,1.621632119619965673e-01,-9.812516840073128854e-01,-6.201075645329485297e+00,-1.204055233926121016e+00,1.116980220149660190e-02
2.160000000000001641e-01,1.559589249602635341e-01,-9.824360448555551351e-01,-6.207456311126262172e+00,-1.164662046654386440e+00,1.122175453717155769e-02
2.170000000000001650e-01,1.497483834322550222e-01,-9.835809995413942186e-01,-6.213584700248488524e+00,-1.125243181717394014e+00,1.127370686960705616e-02
2.180000000000001659e-01,1.435318396457507806e-01,-9.846865232045620697e-01,-6.219460832274775974e+00,-1.085800273508430891e+00,1.132565919878810237e-02
2.190000000000001668e-01,1.373095458435925342e-01,-9.857525926179692144e-01,-6.225084737494930742e+00,-1.046334953979680904e+00,1.137761152469969790e-02
2.200000000000001676e-01,1.310817542329955343e-01,-9.867791861852286406e-01,-6.230456456864494008e+00,-1.006848852572702846e+00,1.142956384732684780e-02
2.210000000000001685e-01,1.248487169749057657e-01,-9.877662839381109450e-01,-6.235576041958874605e+00,-9.673435961495884250e-01,1.148151616665455538e-02
2.220000000000001694e-01,1.186106861734030765e-01,-9.887138675339307570e-01,-6.240443554927098901e+00,-9.278208089248005663e-01,1.153346848266782396e-02
2.230000000000001703e-01,1.123679138651509091e-01,-9.896219202528651060e-01,-6.245059068445171668e+00,-8.882821123976921696e-01,1.158542079535165685e-02
2.240000000000001712e-01,1.061206520088927852e-01,-9.904904269952050644e-01,-6.249422665669064791e+00,-8.487291252857070978e-01,1.163737310469105737e-02
2.250000000000001721e-01,9.986915247499600357e-02,-9.913193742785404439e-01,-6.253534440187348054e+00,-8.091634634582625107e-01,1.168932541067103058e-02
2.260000000000001730e-01,9.361366703504285514e-02,-9.921087502348792109e-01,-6.257394495973455761e+00,-7.695867398713142071e-01,1.174127771327657978e-02
2.270000000000001739e-01,8.735444735146979944e-02,-9.928585446077017318e-01,-6.261002947337616753e+00,-7.300005645026039769e-01,1.179323001249270655e-02
2.280000000000001747e-01,8.109174496725479742e-02,-9.935687487489500702e-01,-6.264359918878444233e+00,-6.904065442875899627e-01,1.184518230830441769e-02
2.290000000000001756e-01,7.482581129565332723e-02,-9.942393556159542234e-01,-6.267465545434197871e+00,-6.508062830560595868e-01,1.189713460069671477e-02
2.300000000000001765e-01,6.855689760998318061e-02,-9.948703597682950761e-01,-6.270319972033728817e+00,-6.112013814694252645e-01,1.194908688965460111e-02
2.310000000000001774e-01,6.228525503345858777e-02,-9.954617573646047379e-01,-6.272923353847115635e+00,-5.715934369587020170e-01,1.200103917516308176e-02
2.320000000000001783e-01,5.601113452907375417e-02,-9.960135461593055961e-01,-6.275275856136000030e+00,-5.319840436631675384e-01,1.205299145720716003e-02
2.330000000000001792e-01,4.973478688953626020e-02,-9.965257254992881952e-01,-6.277377654203631252e+00,-4.923747923697036621e-01,1.210494373577183924e-02
2.340000000000001801e-01,4.345646272725056658e-02,-9.969982963205287207e-01,-6.279228933344627173e+00,-4.527672704528186154e-01,1.215689601084212444e-02
2.350000000000001810e-01,3.717641246435186148e-02,-9.974312611446468635e-01,-6.280829888794461802e+00,-4.131630618153497858e-01,1.220884828240301895e-02
2.360000000000001819e-01,3.089488632279057193e-02,-9.978246240754049534e-01,-6.282180725678688127e+00,-3.735637468298461106e-01,1.226080055043952607e-02
2.370000000000001827e-01,2.461213431446779634e-02,-9.981783907951484736e-01,-6.283281658961904270e+00,-3.339709022806289784e-01,1.231275281493664914e-02
2.380000000000001836e-01,1.832840623142186279e-02,-9.984925685611893975e-01,-6.284132913396470954e+00,-2.943861013065308674e-01,1.236470507587939145e-02
2.390000000000001845e-01,1.204395163606631833e-02,-9.987671662021320174e-01,-6.284734723470990936e+00,-2.548109133443107743e-01,1.241665733325275807e-02
2.400000000000001854e-01,5.759019851479536822e-03,-9.990021941141430384e-01,-6.285087333358556627e+00,-2.152469040727447713e-01,1.246860958704175404e-02
2.410000000000001863e-01,-5.261400482537955184e-04,-9.991976642571660516e-01,-6.285190996864774782e+00,-1.756956353573911056e-01,1.252056183723138094e-02
2.420000000000001872e-01,-6.811279247649118171e-03,-9.993535901510806063e-01,-6.285045977375578907e+00,-1.361586651960278171e-01,1.257251408380664383e-02
2.430000000000001881e-01,-1.309614919937614891e-02,-9.994699868718078806e-01,-6.284652547804832956e+00,-9.663754766476186087e-02,1.262446632675254601e-02
2.440000000000001890e-01,-1.938050163376052459e-02,-9.995468710473619511e-01,-6.284010990541738728e+00,-5.713383286480794993e-02,1.267641856605409081e-02
2.450000000000001898e-01,-2.566408856823277143e-02,-9.995842608538487717e-01,-6.283121597398054980e+00,-1.764906686993554519e-02,1.272837080169628328e-02
2.460000000000001907e-01,-3.194666231672438350e-02,-9.995821760114128596e-01,-6.281984669555130907e+00,2.181520832541784805e-02,1.278032303366412673e-02
2.470000000000001916e-01,-3.822797549901088554e-02,-9.995406377801319131e-01,-6.280600517510770864e+00,6.125745485736864421e-02,1.283227526194262620e-02
2.480000000000001925e-01,-4.450778105000161022e-02,-9.994596689558612468e-01,-6.278969461025931231e+00,1.006761390431466924e-01,1.288422748651678502e-02
2.490000000000001934e-01,-5.078583222897616045e-02,-9.993392938660274893e-01,-6.277091829071258289e+00,1.400697314309940211e-01,1.293617970737160651e-02
2.500000000000001665e-01,-5.706188262876729644e-02,-9.991795383653730989e-01,-6.274967959773479542e+00,1.794367068494051864e-01,1.298813192449209571e-02
2.510000000000001674e-01,-6.333568618489016089e-02,-9.989804298316515840e-01,-6.272598200361647613e+00,2.187755444557110129e-01,1.304008413786325593e-02
2.520000000000001683e-01,-6.960699718461767216e-02,-9.987419971612747638e-01,-6.269982907113255344e+00,2.580847277840084275e-01,1.309203634747009223e-02
2.530000000000001692e-01,-7.587557027600194681e-02,-9.984642707649121762e-01,-6.267122445300221223e+00,2.973627447924384604e-01,1.314398855329760793e-02
2.540000000000001701e-01,-8.214116047684166810e-02,-9.981472825630437473e-01,-6.264017189134753139e+00,3.366080879098147793e-01,1.319594075533080633e-02
2.550000000000001710e-01,-8.840352318359530337e-02,-9.977910659814660521e-01,-6.260667521715103767e+00,3.758192540816054916e-01,1.324789295355469250e-02
2.560000000000001719e-01,-9.466241418023994825e-02,-9.973956559467530569e-01,-6.257073834971219384e+00,4.149947448152704887e-01,1.329984514795426974e-02
2.570000000000001728e-01,-1.009175896470757838e-01,-9.969610888816714533e-01,-6.253236529610292749e+00,4.541330662249570826e-01,1.335179733851454310e-02
2.580000000000001736e-01,-1.071688061694761190e-01,-9.964874027005522494e-01,-6.249156015062220959e+00,4.932327290755569305e-01,1.340374952522051591e-02
2.590000000000001745e-01,-1.134158207465827267e-01,-9.959746368046178411e-01,-6.244832709424989581e+00,5.322922488261265794e-01,1.345570170805719321e-02
2.600000000000001754e-01,-1.196583907999466401e-01,-9.954228320772668948e-01,-6.240267039409968852e+00,5.713101456726746852e-01,1.350765388700957831e-02
2.610000000000001763e-01,-1.258962741821141318e-01,-9.948320308793158206e-01,-6.235459440287152155e+00,6.102849445903189007e-01,1.355960606206267627e-02
2.620000000000001772e-01,-1.321292291851579315e-01,-9.942022770441990565e-01,-6.230410355830325209e+00,6.492151753748152121e-01,1.361155823320149040e-02
2.630000000000001781e-01,-1.383570145491536119e-01,-9.935336158731279399e-01,-6.225120238262180195e+00,6.880993726834633284e-01,1.366351040041102576e-02
2.640000000000001790e-01,-1.445793894706009497e-01,-9.928260941302089471e-01,-6.219589548199387252e+00,7.269360760753902362e-01,1.371546256367628565e-02
2.650000000000001799e-01,-1.507961136107905387e-01,-9.920797600375218517e-01,-6.213818754597617122e+00,7.657238300512161366e-01,1.376741472298227513e-02
2.660000000000001807e-01,-1.570069471041151965e-01,-9.912946632701588046e-01,-6.207808334696532704e+00,8.044611840921056523e-01,1.381936687831399752e-02
2.670000000000001816e-01,-1.632116505663264439e-01,-9.904708549512245552e-01,-6.201558773964749527e+00,8.431466926982068566e-01,1.387131902965645786e-02
2.680000000000001825e-01,-1.694099851027359993e-01,-9.896083876467983709e-01,-6.195070566044777571e+00,8.817789154264832341e-01,1.392327117699465946e-02
2.690000000000001834e-01,-1.756017123163620686e-01,-9.887073153608585407e-01,-6.188344212697940883e+00,9.203564169279399021e-01,1.397522332031360739e-02
2.700000000000001843e-01,-1.817865943160206221e-01,-9.877676935301702432e-01,-6.181380223749295411e+00,9.588777669842493134e-01,1.402717545959830669e-02
2.710000000000001852e-01,-1.879643937243616059e-01,-9.867895790191363314e-01,-6.174179117032537079e+00,9.973415405437786596e-01,1.407912759483376068e-02
2.720000000000001861e-01,-1.941348736858500290e-01,-9.857730301146134799e-01,-6.166741418334914293e+00,1.035746317757023860e+00,1.413107972600497440e-02
2.730000000000001870e-01,-2.002977978746919852e-01,-9.847181065206919159e-01,-6.159067661342152000e+00,1.074090684011452135e+00,1.418303185309695118e-02
2.740000000000001878e-01,-2.064529305027056061e-01,-9.836248693534418441e-01,-6.151158387583385512e+00,1.112373229965758936e+00,1.423498397609469605e-02
2.750000000000001887e-01,-2.126000363271368654e-01,-9.824933811356251212e-01,-6.143014146376120088e+00,1.150592551583540679e+00,1.428693609498321408e-02
2.760000000000001896e-01,-2.187388806584205647e-01,-9.813237057913736239e-01,-6.134635494771213615e+00,1.188747250166388714e+00,1.433888820974750858e-02
2.770000000000001905e-01,-2.248692293678860865e-01,-9.801159086408350873e-01,-6.126022997497890366e+00,1.226835932386407757e+00,1.439084032037258459e-02
2.780000000000001914e-01,-2.309908488954083572e-01,-9.788700563947866362e-01,-6.117177226908797394e+00,1.264857210318163228e+00,1.444279242684344718e-02
2.790000000000001923e-01,-2.371035062570037710e-01,-9.775862171492163410e-01,-6.108098762925100012e+00,1.302809701470060144e+00,1.449474452914509964e-02
2.800000000000001932e-01,-2.432069690523712968e-01,-9.762644603798742438e-01,-6.098788192981626999e+00,1.340692028815158254e+00,1.454669662726254704e-02
2.810000000000001941e-01,-2.493010054723786839e-01,-9.749048569367922967e-01,-6.089246111972069997e+00,1.378502820821428498e+00,1.459864872118079443e-02
2.820000000000001950e-01,-2.553853843064940454e-01,-9.735074790387746591e-01,-6.079473122194245960e+00,1.416240711481452363e+00,1.465060081088484512e-02
2.830000000000001958e-01,-2.614598749501625963e-01,-9.720724002678584608e-01,-6.069469833295417338e+00,1.453904340341571233e+00,1.470255289635970589e-02
2.840000000000001967e-01,-2.675242474121287128e-01,-9.705996955637455903e-01,-6.059236862217690422e+00,1.491492352530486842e+00,1.475450497759037832e-02
2.850000000000001976e-01,-2.735782723217036194e-01,-9.690894412182063933e-01,-6.048774833143481189e+00,1.529003398787319279e+00,1.480645705456186921e-02
2.860000000000001985e-01,-2.796217209359784239e-01,-9.675417148694552827e-01,-6.038084377441066408e+00,1.566436135489125192e+00,1.485840912725918186e-02
2.870000000000001994e-01,-2.856543651469828360e-01,-9.659565954964995926e-01,-6.027166133610220022e+00,1.603789224677881764e+00,1.491036119566732307e-02
2.880000000000002003e-01,-2.916759774887893730e-01,-9.643341634134610096e-01,-6.016020747227933896e+00,1.641061334086939549e+00,1.496231325977129441e-02
2.890000000000002012e-01,-2.976863311445636096e-01,-9.626745002638714688e-01,-6.004648870894239820e+00,1.678251137166949292e+00,1.501426531955610266e-02
2.900000000000002021e-01,-3.036851999535601365e-01,-9.609776890149429596e-01,-5.993051164178126555e+00,1.715357313111266269e+00,1.506621737500675288e-02
2.910000000000002029e-01,-3.096723584180645084e-01,-9.592438139518122409e-01,-5.981228293563562559e+00,1.752378546880836829e+00,1.511816942610824839e-02
2.920000000000002038e-01,-3.156475817102812886e-01,-9.574729606717613528e-01,-5.969180932395627082e+00,1.789313529228572230e+00,1.517012147284559423e-02
2.930000000000002047e-01,-3.216106456791683055e-01,-9.556652160784133709e-01,-5.956909760826754052e+00,1.826160956723212880e+00,1.522207351520379545e-02
2.940000000000002056e-01,-3.275613268572171166e-01,-9.538206683759049564e-01,-5.944415465763093209e+00,1.862919531772688320e+00,1.527402555316785711e-02
2.950000000000002065e-01,-3.334994024671800172e-01,-9.519394070630358140e-01,-5.931698740810992021e+00,1.899587962646976935e+00,1.532597758672278251e-02
2.960000000000002074e-01,-3.394246504287434241e-01,-9.500215229273951678e-01,-5.918760286223606393e+00,1.936164963500470071e+00,1.537792961585357845e-02
2.970000000000002083e-01,-3.453368493651481907e-01,-9.480671080394664774e-01,-5.905600808847636607e+00,1.972649254393845197e+00,1.542988164054524824e-02
2.980000000000002092e-01,-3.512357786097564660e-01,-9.460762557467106149e-01,-5.892221022070203595e+00,2.009039561315452360e+00,1.548183366078279694e-02
2.990000000000002101e-01,-3.571212182125655943e-01,-9.440490606676275043e-01,-5.878621645765854886e+00,2.045334616202218125e+00,1.553378567655122958e-02
3.000000000000002109e-01,-3.629929489466692805e-01,-9.419856186857972213e-01,-5.864803406243723316e+00,2.081533156960072350e+00,1.558573768783555122e-02
3.010000000000002118e-01,-3.688507523146655753e-01,-9.398860269439011095e-01,-5.850767036194819859e+00,2.117633927483901779e+00,1.563768969462076691e-02
3.020000000000002127e-01,-3.746944105550126247e-01,-9.377503838377230228e-01,-5.836513274639484550e+00,2.153635677677036231e+00,1.568964169689188171e-02
3.030000000000002136e-01,-3.805237066483317943e-01,-9.355787890101313620e-01,-5.822042866874989286e+00,2.189537163470268943e+00,1.574159369463390065e-02
3.040000000000002145e-01,-3.863384243236582805e-01,-9.333713433450422370e-01,-5.807356564423292511e+00,2.225337146840419500e+00,1.579354568783182880e-02
3.050000000000002154e-01,-3.921383480646399855e-01,-9.311281489613643103e-01,-5.792455124978959979e+00,2.261034395828441124e+00,1.584549767647067120e-02
3.060000000000002163e-01,-3.979232631156839894e-01,-9.288493092069258772e-01,-5.777339312357246293e+00,2.296627684557078553e+00,1.589744966053542943e-02
3.070000000000002172e-01,-4.036929554880513971e-01,-9.265349286523844041e-01,-5.762009896442345180e+00,2.332115793248080049e+00,1.594940164001111202e-02
3.080000000000002180e-01,-4.094472119659005593e-01,-9.241851130851190810e-01,-5.746467653135809428e+00,2.367497508238970649e+00,1.600135361488272401e-02
3.090000000000002189e-01,-4.151858201122785030e-01,-9.217999695031069418e-01,-5.730713364305144886e+00,2.402771621999386209e+00,1.605330558513527045e-02
3.100000000000002198e-01,-4.209085682750615121e-01,-9.193796061087825544e-01,-5.714747817732580337e+00,2.437936933146978902e+00,1.610525755075375640e-02
3.110000000000002207e-01,-4.266152455928440834e-01,-9.169241323028823887e-01,-5.698571807064018557e+00,2.472992246462895505e+00,1.615720951172318343e-02
3.120000000000002216e-01,-4.323056420007772571e-01,-9.144336586782738641e-01,-5.682186131758171221e+00,2.507936372906832467e+00,1.620916146802856006e-02
3.130000000000002225e-01,-4.379795482363561532e-01,-9.119082970137691868e-01,-5.665591597035877669e+00,2.542768129631674867e+00,1.626111341965489135e-02
3.140000000000002234e-01,-4.436367558451567161e-01,-9.093481602679250875e-01,-5.648789013829613737e+00,2.577486339997723697e+00,1.631306536658718234e-02
3.150000000000002243e-01,-4.492770571865221108e-01,-9.067533625728286806e-01,-5.631779198733191549e+00,2.612089833586513254e+00,1.636501730881043809e-02
3.160000000000002252e-01,-4.549002454391992689e-01,-9.041240192278692245e-01,-5.614562973951655600e+00,2.646577446214226637e+00,1.641696924630966364e-02
3.170000000000002260e-01,-4.605061146069248657e-01,-9.014602466934970026e-01,-5.597141167251373339e+00,2.680948019944713767e+00,1.646892117906986405e-02
3.180000000000002269e-01,-4.660944595239618904e-01,-8.987621625849693263e-01,-5.579514611910325605e+00,2.715200403102112858e+00,1.652087310707604437e-02
3.190000000000002278e-01,-4.716650758605864802e-01,-8.960298856660842137e-01,-5.561684146668601336e+00,2.749333450283086400e+00,1.657282503031320964e-02
3.200000000000002287e-01,-4.772177601285254589e-01,-8.932635358429017458e-01,-5.543650615679093896e+00,2.783346022368670347e+00,1.662477694876636491e-02
3.210000000000002296e-01,-4.827523096863443608e-01,-8.904632341574540977e-01,-5.525414868458407902e+00,2.817236986535744947e+00,1.667672886242051872e-02
3.220000000000002305e-01,-4.882685227447868814e-01,-8.876291027814438017e-01,-5.506977759837972108e+00,2.851005216268130305e+00,1.672868077126067263e-02
3.230000000000002314e-01,-4.937661983720652015e-01,-8.847612650099316856e-01,-5.488340149915365451e+00,2.884649591367311583e+00,1.678063267527183169e-02
3.240000000000002323e-01,-4.992451364991020157e-01,-8.818598452550139299e-01,-5.469502904005856259e+00,2.918168997962800493e+00,1.683258457443900444e-02
3.250000000000002331e-01,-5.047051379247240455e-01,-8.789249690394891346e-01,-5.450466892594156398e+00,2.951562328522133072e+00,1.688453646874719591e-02
3.260000000000002340e-01,-5.101460043208072559e-01,-8.759567629905151698e-01,-5.431232991286395695e+00,2.984828481860514415e+00,1.693648835818140769e-02
3.270000000000002349e-01,-5.155675382373747784e-01,-8.729553548332570356e-01,-5.411802080762313061e+00,3.017966363150109022e+00,1.698844024272664829e-02
3.280000000000002358e-01,-5.209695431076462047e-01,-8.699208733845252839e-01,-5.392175046727674115e+00,3.050974883928988302e+00,1.704039212236792278e-02
3.290000000000002367e-01,-5.263518232530403074e-01,-8.668534485464060024e-01,-5.372352779866904626e+00,3.083852962109732587e+00,1.709234399709023619e-02
3.300000000000002376e-01,-5.317141838881299654e-01,-8.637532112998818068e-01,-5.352336175795957551e+00,3.116599521987697408e+00,1.714429586687859358e-02
3.310000000000002385e-01,-5.370564311255502377e-01,-8.606202936984452823e-01,-5.332126135015403001e+00,3.149213494248947143e+00,1.719624773171800347e-02
3.320000000000002394e-01,-5.423783719808594750e-01,-8.574548288617045433e-01,-5.311723562863745585e+00,3.181693815977860940e+00,1.724819959159346744e-02
3.330000000000002403e-01,-5.476798143773541350e-01,-8.542569509689810214e-01,-5.291129369470975341e+00,3.214039430664413555e+00,1.730015144648999401e-02
3.340000000000002411e-01,-5.529605671508373010e-01,-8.510267952529003699e-01,-5.270344469712350488e+00,3.246249288211140449e+00,1.735210329639258475e-02
3.350000000000002420e-01,-5.582204400543406830e-01,-8.477644979929768176e-01,-5.249369783162408432e+00,3.278322344939785360e+00,1.740405514128624820e-02
3.360000000000002429e-01,-5.634592437628010986e-01,-8.444701965091905294e-01,-5.228206234049220136e+00,3.310257563597640562e+00,1.745600698115598939e-02
3.370000000000002438e-01,-5.686767898776912133e-01,-8.411440291555590809e-01,-5.206854751208871868e+00,3.342053913363582929e+00,1.750795881598681686e-02
3.380000000000002447e-01,-5.738728909316049842e-01,-8.377861353137029399e-01,-5.185316268040190302e+00,3.373710369853806235e+00,1.755991064576373217e-02
3.390000000000002456e-01,-5.790473603927976942e-01,-8.343966553864053948e-01,-5.163591722459702993e+00,3.405225915127262581e+00,1.761186247047174386e-02
3.400000000000002465e-01,-5.842000126696814677e-01,-8.309757307911673774e-01,-5.141682056856841321e+00,3.436599537690807615e+00,1.766381429009585349e-02
3.410000000000002474e-01,-5.893306631152754882e-01,-8.275235039537569559e-01,-5.119588218049380579e+00,3.467830232504062415e+00,1.771576610462106960e-02
3.420000000000002482e-01,-5.944391280316126958e-01,-8.240401183017541653e-01,-5.097311157239127866e+00,3.498917000983992942e+00,1.776771791403239723e-02
3.430000000000002491e-01,-5.995252246741012980e-01,-8.205257182580916187e-01,-5.074851829967845340e+00,3.529858851009210152e+00,1.781966971831484489e-02
3.440000000000002500e-01,-6.045887712558429827e-01,-8.169804492345908997e-01,-5.052211196073423949e+00,3.560654796923998777e+00,1.787162151745341418e-02
3.450000000000002509e-01,-6.096295869519073873e-01,-8.134044576254949588e-01,-5.029390219646299620e+00,3.591303859542076538e+00,1.792357331143311361e-02
3.460000000000002518e-01,-6.146474919035624929e-01,-8.097978908009966226e-01,-5.006389868986113711e+00,3.621805066150089569e+00,1.797552510023894823e-02
3.470000000000002527e-01,-6.196423072224628292e-01,-8.061608971007643287e-01,-4.983211116558621256e+00,3.652157450510848058e+00,1.802747688385592309e-02
3.480000000000002536e-01,-6.246138549947937157e-01,-8.024936258274644185e-01,-4.959854938952847903e+00,3.682360052866306521e+00,1.807942866226904671e-02
3.490000000000002545e-01,-6.295619582853735352e-01,-7.987962272402805430e-01,-4.936322316838489321e+00,3.712411919940292293e+00,1.813138043546332415e-02
3.500000000000002554e-01,-6.344864411417128203e-01,-7.950688525484305158e-01,-4.912614234923567302e+00,3.742312104940989315e+00,1.818333220342376044e-02
3.510000000000002562e-01,-6.393871285980319286e-01,-7.913116539046809450e-01,-4.888731681912326543e+00,3.772059667563179008e+00,1.823528396613536065e-02
3.520000000000002571e-01,-6.442638466792360852e-01,-7.875247843988594232e-01,-4.864675650463385459e+00,3.801653673990242677e+00,1.828723572358312982e-02
3.530000000000002580e-01,-6.491164224048489029e-01,-7.837083980513650516e-01,-4.840447137148137458e+00,3.831093196895931197e+00,1.833918747575207647e-02
3.540000000000002589e-01,-6.539446837929046019e-01,-7.798626498066775214e-01,-4.816047142409399129e+00,3.860377315445905566e+00,1.839113922262720566e-02
3.550000000000002598e-01,-6.587484598637988187e-01,-7.759876955268641963e-01,-4.791476670520312453e+00,3.889505115299051852e+00,1.844309096419352589e-02
3.560000000000002607e-01,-6.635275806440983359e-01,-7.720836919850865288e-01,-4.766736729543497475e+00,3.918475688608576313e+00,1.849504270043603876e-02
3.570000000000002616e-01,-6.682818771703105121e-01,-7.681507968591052560e-01,-4.741828331290453669e+00,3.947288134022884698e+00,1.854699443133975278e-02
3.580000000000002625e-01,-6.730111814926117431e-01,-7.641891687247848175e-01,-4.716752491281216209e+00,3.975941556686247491e+00,1.859894615688967301e-02
3.590000000000002633e-01,-6.777153266785360675e-01,-7.601989670495972184e-01,-4.691510228704260932e+00,4.004435068239259543e+00,1.865089787707080796e-02
3.600000000000002642e-01,-6.823941468166234703e-01,-7.561803521861255595e-01,-4.666102566376665095e+00,4.032767786819094091e+00,1.870284959186816268e-02
3.610000000000002651e-01,-6.870474770200289960e-01,-7.521334853655675667e-01,-4.640530530704514156e+00,4.060938837059557827e+00,1.875480130126674222e-02
3.620000000000002660e-01,-6.916751534300917825e-01,-7.480585286912387888e-01,-4.614795151643567017e+00,4.088947350090952781e+00,1.880675300525155164e-02
3.630000000000002669e-01,-6.962770132198653483e-01,-7.439556451320764596e-01,-4.588897462660167292e+00,4.116792463539741043e+00,1.885870470380759945e-02
3.640000000000002678e-01,-7.008528945976084668e-01,-7.398249985161432507e-01,-4.562838500692410371e+00,4.144473321528029608e+00,1.891065639691989070e-02
3.650000000000002687e-01,-7.054026368102380706e-01,-7.356667535241324662e-01,-4.536619306111560057e+00,4.171989074672866060e+00,1.896260808457343391e-02
3.660000000000002696e-01,-7.099260801467426329e-01,-7.314810756828731275e-01,-4.510240922683717457e+00,4.199338880085357495e+00,1.901455976675323414e-02
3.670000000000002705e-01,-7.144230659415585771e-01,-7.272681313588365004e-01,-4.483704397531741215e+00,4.226521901369616252e+00,1.906651144344429644e-02
3.680000000000002713e-01,-7.188934365779076074e-01,-7.230280877516438442e-01,-4.457010781097417329e+00,4.253537308621529789e+00,1.911846311463162931e-02
3.690000000000002722e-01,-7.233370354910970690e-01,-7.187611128875751598e-01,-4.430161127103882990e+00,4.280384278427367128e+00,1.917041478030023782e-02
3.700000000000002731e-01,-7.277537071717824491e-01,-7.144673756130796027e-01,-4.403156492518298215e+00,4.307061993862221883e+00,1.922236644043512702e-02
3.710000000000002740e-01,-7.321432971691931302e-01,-7.101470455882876731e-01,-4.375997937514767067e+00,4.333569644488291850e+00,1.927431809502130541e-02
3.720000000000002749e-01,-7.365056520943206175e-01,-7.058002932805247376e-01,-4.348686525437511996e+00,4.359906426353009401e+00,1.932626974404377806e-02
3.730000000000002758e-01,-7.408406196230704621e-01,-7.014272899578269937e-01,-4.321223322764292440e+00,4.386071541987015543e+00,1.937822138748755002e-02
3.740000000000002767e-01,-7.451480484993776576e-01,-6.970282076824592110e-01,-4.293609399070076549e+00,4.412064200401987435e+00,1.943017302533762980e-02
3.750000000000002776e-01,-7.494277885382856219e-01,-6.926032193044351359e-01,-4.265845826990959822e+00,4.437883617088322907e+00,1.948212465757902592e-02
3.760000000000002784e-01,-7.536796906289894293e-01,-6.881524984550396740e-01,-4.237933682188329776e+00,4.463529014012681984e+00,1.953407628419674344e-02
3.770000000000002793e-01,-7.579036067378435160e-01,-6.836762195403539577e-01,-4.209874043313277525e+00,4.488999619615396952e+00,1.958602790517578740e-02
3.780000000000002802e-01,-7.620993899113335246e-01,-6.791745577347830798e-01,-4.181667991971259823e+00,4.514294668807743882e+00,1.963797952050116633e-02
3.790000000000002811e-01,-7.662668942790129556e-01,-6.746476889745866012e-01,-4.153316612687000919e+00,4.539413402969088907e+00,1.968993113015788526e-02
3.800000000000002820e-01,-7.704059750564051789e-01,-6.700957899514119465e-01,-4.124820992869644876e+00,4.564355069943907495e+00,1.974188273413094927e-02
3.810000000000002829e-01,-7.745164885478705852e-01,-6.655190381058307958e-01,-4.096182222778147697e+00,4.589118924038682046e+00,1.979383433240536685e-02
3.820000000000002838e-01,-7.785982921494390974e-01,-6.609176116208785867e-01,-4.067401395486915483e+00,4.613704226018683130e+00,1.984578592496614655e-02
3.830000000000002847e-01,-7.826512443516083772e-01,-6.562916894155976788e-01,-4.038479606851684167e+00,4.638110243104632602e+00,1.989773751179829339e-02
3.840000000000002855e-01,-7.866752047421085026e-01,-6.516414511385830721e-01,-4.009417955475639950e+00,4.662336248969258357e+00,1.994968909288681244e-02
3.850000000000002864e-01,-7.906700340086324497e-01,-6.469670771615328997e-01,-3.980217542675783982e+00,4.686381523733742505e+00,2.000164066821671222e-02
3.860000000000002873e-01,-7.946355939415331582e-01,-6.422687485728011403e-01,-3.950879472449532415e+00,4.710245353964060300e+00,2.005359223777300123e-02
3.870000000000002882e-01,-7.985717474364872892e-01,-6.375466471709551053e-01,-3.921404851441558481e+00,4.733927032667226698e+00,2.010554380154068455e-02
3.880000000000002891e-01,-8.024783584971261208e-01,-6.328009554583360341e-01,-3.891794788910872160e+00,4.757425859287436332e+00,2.015749535950476720e-02
3.890000000000002900e-01,-8.063552922376334697e-01,-6.280318566346241305e-01,-3.862050396698134769e+00,4.780741139702118225e+00,2.020944691165025772e-02
3.900000000000002909e-01,-8.102024148853111951e-01,-6.232395345904071515e-01,-3.832172789193212026e+00,4.803872186217893692e+00,2.026139845796216463e-02
3.910000000000002918e-01,-8.140195937831120609e-01,-6.184241739007535488e-01,-3.802163083302959823e+00,4.826818317566452521e+00,2.031334999842549296e-02
3.920000000000002927e-01,-8.178066973921409577e-01,-6.135859598187890507e-01,-3.772022398419244027e+00,4.849578858900340350e+00,2.036530153302524779e-02
3.930000000000002935e-01,-8.215635952941238163e-01,-6.087250782692783524e-01,-3.741751856387193431e+00,4.872153141788670538e+00,2.041725306174643761e-02
3.940000000000002944e-01,-8.252901581938453246e-01,-6.038417158422104691e-01,-3.711352581473683632e+00,4.894540504212755216e+00,2.046920458457407097e-02
3.950000000000002953e-01,-8.289862579215546701e-01,-5.989360597863888636e-01,-3.680825700336050943e+00,4.916740290561662619e+00,2.052115610149315289e-02
3.960000000000002962e-01,-8.326517674353408616e-01,-5.940082980030260140e-01,-3.650172341991033687e+00,4.938751851627706912e+00,2.057310761248869191e-02
3.970000000000002971e-01,-8.362865608234764103e-01,-5.890586190393424237e-01,-3.619393637783944406e+00,4.960574544601866087e+00,2.062505911754569307e-02
3.980000000000002980e-01,-8.398905133067305906e-01,-5.840872120821699598e-01,-3.588490721358064572e+00,4.982207733069138555e+00,2.067701061664916490e-02
3.990000000000002989e-01,-8.434635012406523913e-01,-5.790942669515607433e-01,-3.557464728624266215e+00,5.003650787003838474e+00,2.072896210978411591e-02
4.000000000000002998e-01,-8.470054021178228254e-01,-5.740799740943995921e-01,-3.526316797730856933e+00,5.024903082764830664e+00,2.078091359693555115e-02
4.010000000000003006e-01,-8.505160945700774855e-01,-5.690445245780224592e-01,-3.495048069033646954e+00,5.045964003090709582e+00,2.083286507808847915e-02
4.020000000000003015e-01,-8.539954583706990121e-01,-5.639881100838387562e-01,-3.463659685066235561e+00,5.066832937094930323e+00,2.088481655322790495e-02
4.030000000000003024e-01,-8.574433744365804744e-01,-5.589109229009591173e-01,-3.432152790510520024e+00,5.087509280260887223e+00,2.093676802233883708e-02
4.040000000000003033e-01,-8.608597248303586635e-01,-5.538131559198277154e-01,-3.400528532167418572e+00,5.107992434436946283e+00,2.098871948540628404e-02
4.050000000000003042e-01,-8.642443927625186317e-01,-5.486950026258601287e-01,-3.368788058927812301e+00,5.128281807831434946e+00,2.104067094241525090e-02
4.060000000000003051e-01,-8.675972625934693649e-01,-5.435566570930856489e-01,-3.336932521743702029e+00,5.148376815007591922e+00,2.109262239335074618e-02
4.070000000000003060e-01,-8.709182198355903681e-01,-5.383983139777950289e-01,-3.304963073599575196e+00,5.168276876878478809e+00,2.114457383819777492e-02
4.080000000000003069e-01,-8.742071511552500507e-01,-5.332201685121932266e-01,-3.272880869483989930e+00,5.187981420701854418e+00,2.119652527694134911e-02
4.090000000000003078e-01,-8.774639443747956902e-01,-5.280224164980570345e-01,-3.240687066361363833e+00,5.207489880075023336e+00,2.124847670956647033e-02
4.100000000000003086e-01,-8.806884884745153075e-01,-5.228052543003985919e-01,-3.208382823143974605e+00,5.226801694929648967e+00,2.130042813605815058e-02
4.110000000000003095e-01,-8.838806735945713422e-01,-5.175688788411332286e-01,-3.175969300664167161e+00,5.245916311526543474e+00,2.135237955640139490e-02
4.120000000000003104e-01,-8.870403910369072387e-01,-5.123134875927530807e-01,-3.143447661646764590e+00,5.264833182450431970e+00,2.140433097058121181e-02
4.130000000000003113e-01,-8.901675332671261653e-01,-5.070392785720057027e-01,-3.110819070681685172e+00,5.283551766604699829e+00,2.145628237858260984e-02
4.140000000000003122e-01,-8.932619939163423117e-01,-5.017464503335783421e-01,-3.078084694196758786e+00,5.302071529206114242e+00,2.150823378039059403e-02
4.150000000000003131e-01,-8.963236677830053178e-01,-4.964352019637868207e-01,-3.045245700430744495e+00,5.320391941779536893e+00,2.156018517599017290e-02
4.160000000000003140e-01,-8.993524508346980584e-01,-4.911057330742703564e-01,-3.012303259406546641e+00,5.338512482152620642e+00,2.161213656536635150e-02
4.170000000000003149e-01,-9.023482402099072264e-01,-4.857582437956912691e-01,-2.979258542904628548e+00,5.356432634450495556e+00,2.166408794850414182e-02
4.180000000000003157e-01,-9.053109342197677156e-01,-4.803929347714402387e-01,-2.946112724436619423e+00,5.374151889090445167e+00,2.171603932538854892e-02
4.190000000000003166e-01,-9.082404323497808019e-01,-4.750100071513467803e-01,-2.912866979219115304e+00,5.391669742776580065e+00,2.176799069600458131e-02
4.200000000000003175e-01,-9.111366352615059006e-01,-4.696096625853951601e-01,-2.879522484147671424e+00,5.408985698494506167e+00,2.181994206033724751e-02
4.210000000000003184e-01,-9.139994447942266786e-01,-4.641921032174455286e-01,-2.846080417770982862e+00,5.426099265505993863e+00,2.187189341837155257e-02
4.220000000000003193e-01,-9.168287639665915201e-01,-4.587575316789603286e-01,-2.812541960265255270e+00,5.443009959343647175e+00,2.192384477009250501e-02
4.230000000000003202e-01,-9.196244969782280121e-01,-4.533061510827362528e-01,-2.778908293408758556e+00,5.459717301805577350e+00,2.197579611548511336e-02
4.240000000000003211e-01,-9.223865492113325626e-01,-4.478381650166413652e-01,-2.745180600556566208e+00,5.476220820950082668e+00,2.202774745453438612e-02
4.250000000000003220e-01,-9.251148272322345933e-01,-4.423537775373574954e-01,-2.711360066615475795e+00,5.492520051090337141e+00,2.207969878722532836e-02
4.260000000000003229e-01,-9.278092387929358642e-01,-4.368531931641280730e-01,-2.677447878019109329e+00,5.508614532789090745e+00,2.213165011354295206e-02
4.270000000000003237e-01,-9.304696928326248173e-01,-4.313366168725112360e-01,-2.643445222703192155e+00,5.524503812853382101e+00,2.218360143347226227e-02
4.280000000000003246e-01,-9.330960994791663854e-01,-4.258042540881381011e-01,-2.609353290081008137e+00,5.540187444329265354e+00,2.223555274699826750e-02
4.290000000000003255e-01,-9.356883700505674861e-01,-4.202563106804764193e-01,-2.575173271019028043e+00,5.555664986496557489e+00,2.228750405410597282e-02
4.300000000000003264e-01,-9.382464170564178696e-01,-4.146929929565994488e-01,-2.540906357812711125e+00,5.570936004863601632e+00,2.233945535478039021e-02
4.310000000000003273e-01,-9.407701541993074290e-01,-4.091145076549600468e-01,-2.506553744162475894e+00,5.586000071162055214e+00,2.239140664900652472e-02
4.320000000000003282e-01,-9.432594963762189755e-01,-4.035210619391698117e-01,-2.472116625149839209e+00,5.600856763341701239e+00,2.244335793676938834e-02
4.330000000000003291e-01,-9.457143596798972540e-01,-3.979128633917837221e-01,-2.437596197213722338e+00,5.615505665565284410e+00,2.249530921805398612e-02
4.340000000000003300e-01,-9.481346614001950890e-01,-3.922901200080896600e-01,-2.402993658126918675e+00,5.629946368203376572e+00,2.254726049284532657e-02
4.350000000000003308e-01,-9.505203200253952156e-01,-3.866530401899031522e-01,-2.368310206972727094e+00,5.644178467829270573e+00,2.259921176112841476e-02
4.360000000000003317e-01,-9.528712552435092409e-01,-3.810018327393672188e-01,-2.333547044121741632e+00,5.658201567213909655e+00,2.265116302288826267e-02
4.370000000000003326e-01,-9.551873879435534009e-01,-3.753367068527571071e-01,-2.298705371208800141e+00,5.672015275320845262e+00,2.270311427810987881e-02
4.380000000000003335e-01,-9.574686402168013366e-01,-3.696578721142904089e-01,-2.263786391110088836e+00,5.685619207301234823e+00,2.275506552677826824e-02
4.390000000000003344e-01,-9.597149353580139985e-01,-3.639655384899417867e-01,-2.228791307920401366e+00,5.699012984488876832e+00,2.280701676887843948e-02
4.400000000000003353e-01,-9.619261978666471258e-01,-3.582599163212628057e-01,-2.193721326930546667e+00,5.712196234395284122e+00,2.285896800439540452e-02
4.410000000000003362e-01,-9.641023534480359647e-01,-3.525412163192067627e-01,-2.158577654604908247e+00,5.725168590704798000e+00,2.291091923331416841e-02
4.420000000000003371e-01,-9.662433290145574505e-01,-3.468096495579581773e-01,-2.123361498559149130e+00,5.737929693269747666e+00,2.296287045561973966e-02
4.430000000000003380e-01,-9.683490526867706283e-01,-3.410654274687672238e-01,-2.088074067538062906e+00,5.750479188105652284e+00,2.301482167129712680e-02
4.440000000000003388e-01,-9.704194537945348698e-01,-3.353087618337889930e-01,-2.052716571393566891e+00,5.762816727386473659e+00,2.306677288033133835e-02
4.450000000000003397e-01,-9.724544628781058853e-01,-3.295398647799273606e-01,-2.017290221062835176e+00,5.774941969439910672e+00,2.311872408270738283e-02
4.460000000000003406e-01,-9.744540116892099757e-01,-3.237589487726835191e-01,-1.981796228546571115e+00,5.786854578742748778e+00,2.317067527841026875e-02
4.470000000000003415e-01,-9.764180331920969680e-01,-3.179662266100092838e-01,-1.946235806887414599e+00,5.798554225916261906e+00,2.322262646742500117e-02
4.480000000000003424e-01,-9.783464615645713902e-01,-3.121619114161648390e-01,-1.910610170148484777e+00,5.810040587721662320e+00,2.327457764973659207e-02
4.490000000000003433e-01,-9.802392321990023305e-01,-3.063462166355810368e-01,-1.874920533392052668e+00,5.821313347055609988e+00,2.332652882533004998e-02
4.500000000000003442e-01,-9.820962817033116465e-01,-3.005193560267263031e-01,-1.839168112658344345e+00,5.832372192945777023e+00,2.337847999419038342e-02
4.510000000000003451e-01,-9.839175479019418580e-01,-2.946815436559775403e-01,-1.803354124944470449e+00,5.843216820546468959e+00,2.343043115630260090e-02
4.520000000000003459e-01,-9.857029698368021675e-01,-2.888329938914960260e-01,-1.767479788183480949e+00,5.853846931134306431e+00,2.348238231165170747e-02
4.530000000000003468e-01,-9.874524877681941648e-01,-2.829739213971068645e-01,-1.731546321223542018e+00,5.864262232103968131e+00,2.353433346022271513e-02
4.540000000000003477e-01,-9.891660431757164362e-01,-2.771045411261833236e-01,-1.695554943807233483e+00,5.874462436963993284e+00,2.358628460200063240e-02
4.550000000000003486e-01,-9.908435787591489685e-01,-2.712250683155348341e-01,-1.659506876550963961e+00,5.884447265332653387e+00,2.363823573697046779e-02
4.560000000000003495e-01,-9.924850384393163472e-01,-2.653357184792994317e-01,-1.623403340924501670e+00,5.894216442933881694e+00,2.369018686511722982e-02
4.570000000000003504e-01,-9.940903673589311929e-01,-2.594367074028400832e-01,-1.587245559230618497e+00,5.903769701593275521e+00,2.374213798642592702e-02
4.580000000000003513e-01,-9.956595118834169478e-01,-2.535282511366448999e-01,-1.551034754584845299e+00,5.913106779234161614e+00,2.379408910088156789e-02
4.590000000000003522e-01,-9.971924196017105668e-01,-2.476105659902314848e-01,-1.514772150895335123e+00,5.922227419873734355e+00,2.384604020846916098e-02
4.600000000000003531e-01,-9.986890393270452249e-01,-2.416838685260548625e-01,-1.478458972842833452e+00,5.931131373619259683e+00,2.389799130917371478e-02
4.610000000000003539e-01,-1.000149321097712596e+00,-2.357483755534193204e-01,-1.442096445860751919e+00,5.939818396664354516e+00,2.394994240298023783e-02
4.620000000000003548e-01,-1.001573216177806147e+00,-2.298043041223938598e-01,-1.405685796115343944e+00,5.948288251285337225e+00,2.400189348987373864e-02
4.630000000000003557e-01,-1.002960677057943562e+00,-2.238518715177313101e-01,-1.369228250485978737e+00,5.956540705837651828e+00,2.405384456983922919e-02
4.640000000000003566e-01,-1.004311657455970286e+00,-2.178912952527909674e-01,-1.332725036545513442e+00,5.964575534752366792e+00,2.410579564286171456e-02
4.650000000000003575e-01,-1.005626112317643317e+00,-2.119227930634646762e-01,-1.296177382540758538e+00,5.972392518532750216e+00,2.415774670892620671e-02
4.660000000000003584e-01,-1.006903997817295338e+00,-2.059465829021062955e-01,-1.259586517373035841e+00,5.979991443750924063e+00,2.420969776801771070e-02
4.670000000000003593e-01,-1.008145271358479533e+00,-1.999628829314645251e-01,-1.222953670578825758e+00,5.987372103044591221e+00,2.426164882012123852e-02
4.680000000000003602e-01,-1.009349891574594871e+00,-1.939719115186188669e-01,-1.186280072310502476e+00,5.994534295113847833e+00,2.431359986522179870e-02
4.690000000000003610e-01,-1.010517818329493167e+00,-1.879738872289188900e-01,-1.149566953317153306e+00,6.001477824718072895e+00,2.436555090330440321e-02
4.700000000000003619e-01,-1.011649012718065066e+00,-1.819690288199263262e-01,-1.112815544925480848e+00,6.008202502672896905e+00,2.441750193435405711e-02
4.710000000000003628e-01,-1.012743437066809360e+00,-1.759575552353604688e-01,-1.076027079020784427e+00,6.014708145847259324e+00,2.446945295835576892e-02
4.720000000000003637e-01,-1.013801054934381218e+00,-1.699396855990461530e-01,-1.039202788028020574e+00,6.020994577160538874e+00,2.452140397529455063e-02
4.730000000000003646e-01,-1.014821831112122874e+00,-1.639156392088647884e-01,-1.002343904892937232e+00,6.027061625579778870e+00,2.457335498515541075e-02
4.740000000000003655e-01,-1.015805731624574770e+00,-1.578856355307080572e-01,-9.654516630632811180e-01,6.032909126116988929e+00,2.462530598792335781e-02
4.750000000000003664e-01,-1.016752723729968499e+00,-1.518498941924342482e-01,-9.285272964700754805e-01,6.038536919826533733e+00,2.467725698358340033e-02
4.760000000000003673e-01,-1.017662775920700202e+00,-1.458086349778271174e-01,-8.915720395089659078e-01,6.043944853802611483e+00,2.472920797212055030e-02
4.770000000000003681e-01,-1.018535857923786647e+00,-1.397620778205573566e-01,-8.545871270216306437e-01,6.049132781176817630e+00,2.478115895351981277e-02
4.780000000000003690e-01,-1.019371940701301105e+00,-1.337104427981463395e-01,-8.175737942772549616e-01,6.054100561115793866e+00,2.483310992776619971e-02
4.790000000000003699e-01,-1.020170996450792344e+00,-1.276539501259321974e-01,-7.805332769540648252e-01,6.058848058818968596e+00,2.488506089484471967e-02
4.800000000000003708e-01,-1.020932998605684316e+00,-1.215928201510382001e-01,-7.434668111209193908e-01,6.063375145516386233e+00,2.493701185474038462e-02
4.810000000000003717e-01,-1.021657921835657401e+00,-1.155272733463431067e-01,-7.063756332189587983e-01,6.067681698466625306e+00,2.498896280743819961e-02
4.820000000000003726e-01,-1.022345742047011452e+00,-1.094575303044536541e-01,-6.692609800433045875e-01,6.071767600954807165e+00,2.504091375292317664e-02
4.830000000000003735e-01,-1.022996436383011076e+00,-1.033838117316789873e-01,-6.321240887248115170e-01,6.075632742290696164e+00,2.509286469118032423e-02
4.840000000000003744e-01,-1.023609983224212039e+00,-9.730633844200693716e-02,-5.949661967118664574e-01,6.079277017806891337e+00,2.514481562219465435e-02
4.850000000000003753e-01,-1.024186362188769461e+00,-9.122533135108201741e-02,-5.577885417522338019e-01,6.082700328857108651e+00,2.519676654595117554e-02
4.860000000000003761e-01,-1.024725554132728478e+00,-8.514101147018517113e-02,-5.205923618749432880e-01,6.085902582814558315e+00,2.524871746243489631e-02
4.870000000000003770e-01,-1.025227541150296462e+00,-7.905359990021501582e-02,-4.833788953722191195e-01,6.088883693070413550e+00,2.530066837163082519e-02
4.880000000000003779e-01,-1.025692306574096824e+00,-7.296331782567060109e-02,-4.461493807814465584e-01,6.091643579032375300e+00,2.535261927352397415e-02
4.890000000000003788e-01,-1.026119834975405709e+00,-6.687038650863559586e-02,-4.089050568671746544e-01,6.094182166123324862e+00,2.540457016809935173e-02
4.900000000000003797e-01,-1.026510112164369826e+00,-6.077502728276371058e-02,-3.716471626031518372e-01,6.096499385780077773e+00,2.545652105534196644e-02
4.910000000000003806e-01,-1.026863125190206727e+00,-5.467746154726536162e-02,-3.343769371543924285e-01,6.098595175452228290e+00,2.550847193523683026e-02
4.920000000000003815e-01,-1.027178862341387111e+00,-4.857791076089543192e-02,-2.970956198592709652e-01,6.100469478601091566e+00,2.556042280776895173e-02
4.930000000000003824e-01,-1.027457313145799356e+00,-4.247659643594203088e-02,-2.598044502116425569e-01,6.102122244698736431e+00,2.561237367292333936e-02
4.940000000000003832e-01,-1.027698468370895846e+00,-3.637374013221618407e-02,-2.225046678429859481e-01,6.103553429227120297e+00,2.566432453068500513e-02
4.950000000000003841e-01,-1.027902320023822202e+00,-3.026956345104234170e-02,-1.851975125045677018e-01,6.104762993677314675e+00,2.571627538103895758e-02
4.960000000000003850e-01,-1.028068861351527197e+00,-2.416428802924961913e-02,-1.478842240496241189e-01,6.105750905548828378e+00,2.576822622397020868e-02
4.970000000000003859e-01,-1.028198086840857117e+00,-1.805813553316364464e-02,-1.105660424155590349e-01,6.106517138349028428e+00,2.582017705946376696e-02
4.980000000000003868e-01,-1.028289992218629711e+00,-1.195132765259895521e-02,-7.324420760615457660e-02,6.107061671592654228e+00,2.587212788750464093e-02
4.990000000000003877e-01,-1.028344574451692583e+00,-5.844086094851830455e-03,-3.591995967379258553e-02,6.107384490801432086e+00,2.592407870807784259e-02
5.000000000000003331e-01,-1.028361831746962496e+00,2.633674213065474029e-04,1.405461298315834051e-03,6.107485587503782121e+00,2.597602952116838046e-02
5.010000000000003340e-01,-1.028341763551447574e+00,6.370811171636675888e-03,3.873081521389522969e-02,6.107364959234627300e+00,2.602798032676126652e-02
5.020000000000003348e-01,-1.028284370552251081e+00,1.247802343243718283e-02,7.605486198136761355e-02,6.107022609535293078e+00,2.607993112484150930e-02
5.030000000000003357e-01,-1.028189654676558540e+00,1.858478248655121706e-02,1.133763615316137618e-01,6.106458547953507399e+00,2.613188191539411731e-02
5.040000000000003366e-01,-1.028057619091605535e+00,2.469086662937289983e-02,1.506940738357363807e-01,6.105672790043499276e+00,2.618383269840410255e-02
5.050000000000003375e-01,-1.027888268204629307e+00,3.079605417485390198e-02,1.880067589228278657e-01,6.104665357366189760e+00,2.623578347385647699e-02
5.060000000000003384e-01,-1.027681607662801477e+00,3.690012346151027439e-02,2.253131768977449378e-01,6.103436277489480588e+00,2.628773424173624917e-02
5.070000000000003393e-01,-1.027437644353143664e+00,4.300285285842962713e-02,2.626120879588927370e-01,6.101985583988643214e+00,2.633968500202842761e-02
5.080000000000003402e-01,-1.027156386402424681e+00,4.910402077127871273e-02,2.999022524160210312e-01,6.100313316446800194e+00,2.639163575471802428e-02
5.090000000000003411e-01,-1.026837843177040632e+00,5.520340564831158203e-02,3.371824307080348859e-01,6.098419520455502507e+00,2.644358649979004772e-02
5.100000000000003419e-01,-1.026482025282876576e+00,6.130078598637831583e-02,3.744513834208222924e-01,6.096304247615408123e+00,2.649553723722950990e-02
5.110000000000003428e-01,-1.026088944565151095e+00,6.739594033693452335e-02,4.117078713051013916e-01,6.093967555537050274e+00,2.654748796702142283e-02
5.120000000000003437e-01,-1.025658614108241773e+00,7.348864731205165257e-02,4.489506552942897910e-01,6.091409507841706095e+00,2.659943868915079501e-02
5.130000000000003446e-01,-1.025191048235494229e+00,7.957868559042820256e-02,4.861784965223981403e-01,6.088630174162357633e+00,2.665138940360263844e-02
5.140000000000003455e-01,-1.024686262509012069e+00,8.566583392340192116e-02,5.233901563419511849e-01,6.085629630144750557e+00,2.670334011036196165e-02
5.150000000000003464e-01,-1.024144273729429955e+00,9.174987114096316843e-02,5.605843963419380183e-01,6.082407957448545233e+00,2.675529080941377313e-02
5.160000000000003473e-01,-1.023565099935667799e+00,9.783057615776945271e-02,5.977599783657944199e-01,6.078965243748563729e+00,2.680724150074308837e-02
5.170000000000003482e-01,-1.022948760404666979e+00,1.039077279791612296e-01,6.349156645294200541e-01,6.075301582736131856e+00,2.685919218433491587e-02
5.180000000000003491e-01,-1.022295275651109669e+00,1.099811057071791165e-01,6.720502172392320839e-01,6.071417074120511792e+00,2.691114286017426416e-02
5.190000000000003499e-01,-1.021604667427118640e+00,1.160504885465826058e-01,7.091623992102590313e-01,6.067311823630430645e+00,2.696309352824614522e-02
5.200000000000003508e-01,-1.020876958721939731e+00,1.221156558108703050e-01,7.462509734842762699e-01,6.062985943015702262e+00,2.701504418853557105e-02
5.210000000000003517e-01,-1.020112173761606122e+00,1.281763869283019108e-01,7.833147034479859272e-01,6.058439550048939637e+00,2.706699484102755016e-02
5.220000000000003526e-01,-1.019310338008584171e+00,1.342324614479218914e-01,8.203523528512441931e-01,6.053672768527358805e+00,2.711894548570709454e-02
5.230000000000003535e-01,-1.018471478161401267e+00,1.402836590455849852e-01,8.573626858253375893e-01,6.048685728274675988e+00,2.717089612255921618e-02
5.240000000000003544e-01,-1.017595622154255031e+00,1.463297595299837273e-01,8.943444669013117521e-01,6.043478565143093562e+00,2.722284675156892361e-02
5.250000000000003553e-01,-1.016682799156604755e+00,1.523705428486779589e-01,9.312964610283541722e-01,6.038051421015377507e+00,2.727479737272122881e-02
5.260000000000003562e-01,-1.015733039572743523e+00,1.584057890941264757e-01,9.682174335922342223e-01,6.032404443807023675e+00,2.732674798600114377e-02
5.270000000000003570e-01,-1.014746375041352788e+00,1.644352785097208947e-01,1.005106150433802137e+00,6.026537787468513763e+00,2.737869859139367701e-02
5.280000000000003579e-01,-1.013722838435037854e+00,1.704587914958217432e-01,1.041961377867550498e+00,6.020451611987655660e+00,2.743064918888384052e-02
5.290000000000003588e-01,-1.012662463859845152e+00,1.764761086157970449e-01,1.078781882700239114e+00,6.014146083392017950e+00,2.748259977845664628e-02
5.300000000000003597e-01,-1.011565286654759976e+00,1.824870106020633209e-01,1.115566432249587514e+00,6.007621373751444338e+00,2.753455036009710283e-02
5.310000000000003606e-01,-1.010431343391186898e+00,1.884912783621291166e-01,1.152313794363035937e+00,6.000877661180656908e+00,2.758650093379022214e-02
5.320000000000003615e-01,-1.009260671872410420e+00,1.944886929846413315e-01,1.189022737436578714e+00,5.993915129841947298e+00,2.763845149952101621e-02
5.330000000000003624e-01,-1.008053311133036756e+00,2.004790357454340199e-01,1.225692030433671365e+00,5.986733969947945155e+00,2.769040205727449702e-02
5.340000000000003633e-01,-1.006809301438417181e+00,2.064620881135802444e-01,1.262320442904213635e+00,5.979334377764477182e+00,2.774235260703567310e-02
5.350000000000003642e-01,-1.005528684284051844e+00,2.124376317574467321e-01,1.298906745003612695e+00,5.971716555613503452e+00,2.779430314878955643e-02
5.360000000000003650e-01,-1.004211502394974476e+00,2.184054485507514742e-01,1.335449707511926709e+00,5.963880711876138108e+00,2.784625368252115901e-02
5.370000000000003659e-01,-1.002857799725118682e+00,2.243653205786244609e-01,1.371948101853093238e+00,5.955827060995749100e+00,2.789820420821549282e-02
5.380000000000003668e-01,-1.001467621456664236e+00,2.303170301436714695e-01,1.408400700114242454e+00,5.947555823481140536e+00,2.795015472585756638e-02
5.390000000000003677e-01,-1.000041013999364070e+00,2.362603597720411563e-01,1.444806275065100065e+00,5.939067225909808734e+00,2.800210523543239169e-02
5.400000000000003686e-01,-9.985780249898517091e-01,2.421950922194954503e-01,1.481163600177481499e+00,5.930361500931280005e+00,2.805405573692498072e-02
5.410000000000003695e-01,-9.970787032909298464e-01,2.481210104774831948e-01,1.517471449644878234e+00,5.921438887270523033e+00,2.810600623032034548e-02
5.420000000000003704e-01,-9.955430989908387041e-01,2.540378977792173698e-01,1.553728598402141170e+00,5.912299629731438522e+00,2.815795671560349794e-02
5.430000000000003713e-01,-9.939712634025046345e-01,2.599455376057558387e-01,1.589933822145261688e+00,5.902943979200419911e+00,2.820990719275945011e-02
5.440000000000003721e-01,-9.923632490627692926e-01,2.658437136920855925e-01,1.626085897351253307e+00,5.893372192649991348e+00,2.826185766177321049e-02
5.450000000000003730e-01,-9.907191097315982686e-01,2.717322100332107970e-01,1.662183601298136582e+00,5.883584533142514061e+00,2.831380812262979108e-02
5.460000000000003739e-01,-9.890389003912704036e-01,2.776108108902444194e-01,1.698225712085028594e+00,5.873581269833964669e+00,2.836575857531420733e-02
5.470000000000003748e-01,-9.873226772455464539e-01,2.834793007965037970e-01,1.734211008652340791e+00,5.863362677977784543e+00,2.841770901981146777e-02
5.480000000000003757e-01,-9.855704977188176619e-01,2.893374645636100917e-01,1.770138270802086744e+00,5.852929038928795791e+00,2.846965945610658091e-02
5.490000000000003766e-01,-9.837824204552338969e-01,2.951850872875916854e-01,1.806006279218302035e+00,5.842280640147184734e+00,2.852160988418456222e-02
5.500000000000003775e-01,-9.819585053178114809e-01,3.010219543549914611e-01,1.841813815487578720e+00,5.831417775202550224e+00,2.857356030403042368e-02
5.510000000000003784e-01,-9.800988133875202513e-01,3.068478514489783038e-01,1.877559662119716810e+00,5.820340743778017689e+00,2.862551071562917729e-02
5.520000000000003793e-01,-9.782034069623499750e-01,3.126625645554627630e-01,1.913242602568495654e+00,5.809049851674415343e+00,2.867746111896583155e-02
5.530000000000003801e-01,-9.762723495563560006e-01,3.184658799692167697e-01,1.948861421252566117e+00,5.797545410814512579e+00,2.872941151402540194e-02
5.540000000000003810e-01,-9.743057058986837049e-01,3.242575842999979030e-01,1.984414903576466660e+00,5.785827739247315193e+00,2.878136190079289697e-02
5.550000000000003819e-01,-9.723035419325724016e-01,3.300374644786775447e-01,2.019901835951766422e+00,5.773897161152423685e+00,2.883331227925333209e-02
5.560000000000003828e-01,-9.702659248143372661e-01,3.358053077633739170e-01,2.055321005818336211e+00,5.761754006844447495e+00,2.888526264939171584e-02
5.570000000000003837e-01,-9.681929229123306113e-01,3.415609017455891183e-01,2.090671201665749379e+00,5.749398612777470774e+00,2.893721301119306366e-02
5.580000000000003846e-01,-9.660846058058814023e-01,3.473040343563510435e-01,2.125951213054817490e+00,5.736831321549576757e+00,2.898916336464238408e-02
5.590000000000003855e-01,-9.639410442842131221e-01,3.530344938723595227e-01,2.161159830639259205e+00,5.724052481907424550e+00,2.904111370972468908e-02
5.600000000000003864e-01,-9.617623103453398770e-01,3.587520689221372905e-01,2.196295846187508616e+00,5.711062448750872100e+00,2.909306404642499413e-02
5.610000000000003872e-01,-9.595484771949410741e-01,3.644565484921853948e-01,2.231358052604661246e+00,5.697861583137652453e+00,2.914501437472830775e-02
5.620000000000003881e-01,-9.572996192452132291e-01,3.701477219331436586e-01,2.266345243954563493e+00,5.684450252288096195e+00,2.919696469461964539e-02
5.630000000000003890e-01,-9.550158121137006795e-01,3.758253789659554145e-01,2.301256215482045064e+00,5.670828829589899200e+00,2.924891500608401557e-02
5.640000000000003899e-01,-9.526971326221028713e-01,3.814893096880374035e-01,2.336089763635297967e+00,5.656997694602933002e+00,2.930086530910643375e-02
5.650000000000003908e-01,-9.503436587950601089e-01,3.871393045794543908e-01,2.370844686088403819e+00,5.642957233064101352e+00,2.935281560367191192e-02
5.660000000000003917e-01,-9.479554698589162109e-01,3.927751545090985008e-01,2.405519781764013043e+00,5.628707836892232308e+00,2.940476588976545860e-02
5.670000000000003926e-01,-9.455326462404586296e-01,3.983966507408738256e-01,2.440113850856174160e+00,5.614249904193012952e+00,2.945671616737208925e-02
5.680000000000003935e-01,-9.430752695656353657e-01,4.040035849398855849e-01,2.474625694853319846e+00,5.599583839263956087e+00,2.950866643647681586e-02
5.690000000000003944e-01,-9.405834226582491242e-01,4.095957491786344495e-01,2.509054116561410641e+00,5.584710052599406893e+00,2.956061669706465042e-02
5.700000000000003952e-01,-9.380571895386283776e-01,4.151729359432160260e-01,2.543397920127235423e+00,5.569628960895578018e+00,2.961256694912060491e-02
5.710000000000003961e-01,-9.354966554222745589e-01,4.207349381395251720e-01,2.577655911061873972e+00,5.554340987055618406e+00,2.966451719262969133e-02
5.720000000000003970e-01,-9.329019067184859404e-01,4.262815490994654177e-01,2.611826896264324294e+00,5.538846560194710555e+00,2.971646742757692514e-02
5.730000000000003979e-01,-9.302730310289579752e-01,4.318125625871637174e-01,2.645909684045292920e+00,5.523146115645190868e+00,2.976841765394731484e-02
5.740000000000003988e-01,-9.276101171463596584e-01,4.373277728051900293e-01,2.679903084151154857e+00,5.507240094961701082e+00,2.982036787172587591e-02
5.750000000000003997e-01,-9.249132550528855745e-01,4.428269744007822806e-01,2.713805907788080507e+00,5.491128945926356586e+00,2.987231808089762033e-02
5.760000000000004006e-01,-9.221825359187842963e-01,4.483099624720763843e-01,2.747616967646336672e+00,5.474813122553939593e+00,2.992426828144756010e-02
5.770000000000004015e-01,-9.194180521008618046e-01,4.537765325743415845e-01,2.781335077924758536e+00,5.458293085097107422e+00,2.997621847336070719e-02
5.780000000000004023e-01,-9.166198971409607044e-01,4.592264807262208537e-01,2.814959054355398838e+00,5.441569300051620317e+00,3.002816865662207707e-02
5.790000000000004032e-01,-9.137881657644146838e-01,4.646596034159766742e-01,2.848487714228353340e+00,5.424642240161579920e+00,3.008011883121668173e-02
5.800000000000004041e-01,-9.109229538784776592e-01,4.700756976077419824e-01,2.881919876416765725e+00,5.407512384424681962e+00,3.013206899712952969e-02
5.810000000000004050e-01,-9.080243585707287179e-01,4.754745607477764424e-01,2.915254361402015881e+00,5.390180218097477827e+00,3.018401915434563987e-02
5.820000000000004059e-01,-9.050924781074506376e-01,4.808559907707278258e-01,2.948489991299087176e+00,5.372646232700641455e+00,3.023596930285002080e-02
5.830000000000004068e-01,-9.021274119319838691e-01,4.862197861058988879e-01,2.981625589882123784e+00,5.354910926024245121e+00,3.028791944262768793e-02
5.840000000000004077e-01,-8.991292606630544304e-01,4.915657456835193506e-01,3.014659982610170097e+00,5.336974802133034324e+00,3.033986957366365325e-02
5.850000000000004086e-01,-8.960981260930759307e-01,4.968936689410231589e-01,3.047591996653103763e+00,5.318838371371705342e+00,3.039181969594292876e-02
5.860000000000004095e-01,-8.930341111864260606e-01,5.022033558293311772e-01,3.080420460917756120e+00,5.300502150370177468e+00,3.044376980945052644e-02
5.870000000000004103e-01,-8.899373200776959925e-01,5.074946068191390491e-01,3.113144206074225373e+00,5.281966662048863448e+00,3.049571991417146175e-02
5.880000000000004112e-01,-8.868078580699142455e-01,5.127672229072101073e-01,3.145762064582386497e+00,5.263232435623931060e+00,3.054767001009074667e-02
5.890000000000004121e-01,-8.836458316327434614e-01,5.180210056226740578e-01,3.178272870718594767e+00,5.244300006612556686e+00,3.059962009719339668e-02
5.900000000000004130e-01,-8.804513484006504243e-01,5.232557570333304930e-01,3.210675460602589126e+00,5.225169916838163786e+00,3.065157017546442028e-02
5.910000000000004139e-01,-8.772245171710492118e-01,5.284712797519576233e-01,3.242968672224592730e+00,5.205842714435648944e+00,3.070352024488883294e-02
5.920000000000004148e-01,-8.739654479024171474e-01,5.336673769426264480e-01,3.275151345472618214e+00,5.186318953856590142e+00,3.075547030545165011e-02
5.930000000000004157e-01,-8.706742517123832181e-01,5.388438523270201452e-01,3.307222322159973693e+00,5.166599195874432837e+00,3.080742035713788379e-02
5.940000000000004166e-01,-8.673510408757887369e-01,5.440005101907584573e-01,3.339180446052973483e+00,5.146684007589658272e+00,3.085937039993254596e-02
5.950000000000004174e-01,-8.639959288227208045e-01,5.491371553897271829e-01,3.371024562898857102e+00,5.126573962434918919e+00,3.091132043382065209e-02
5.960000000000004183e-01,-8.606090301365169060e-01,5.542535933564129991e-01,3.402753520453914327e+00,5.106269640180153502e+00,3.096327045878721415e-02
5.970000000000004192e-01,-8.571904605517419728e-01,5.593496301062432785e-01,3.434366168511822082e+00,5.085771626937664713e+00,3.101522047481724415e-02
5.980000000000004201e-01,-8.537403369521368024e-01,5.644250722439310142e-01,3.465861358932190939e+00,5.065080515167168507e+00,3.106717048189575753e-02
5.990000000000004210e-01,-8.502587773685374994e-01,5.694797269698246289e-01,3.497237945669324333e+00,5.044196903680800759e+00,3.111912048000776629e-02
6.000000000000004219e-01,-8.467459009767663858e-01,5.745134020862631141e-01,3.528494784801193607e+00,5.023121397648091957e+00,3.117107046913828589e-02
6.010000000000004228e-01,-8.432018280954940437e-01,5.795259060039356092e-01,3.559630734558629328e+00,5.001854608600892149e+00,3.122302044927232831e-02
6.020000000000004237e-01,-8.396266801840714944e-01,5.845170477482463101e-01,3.590644655354727988e+00,4.980397154438255924e+00,3.127497042039490555e-02
6.030000000000004245e-01,-8.360205798403330668e-01,5.894866369656842631e-01,3.621535409814478967e+00,4.958749659431276768e+00,3.132692038249103306e-02
6.040000000000004254e-01,-8.323836507983698452e-01,5.944344839301973771e-01,3.652301862804612220e+00,4.936912754227872568e+00,3.137887033554572630e-02
6.050000000000004263e-01,-8.287160179262726967e-01,5.993603995495719872e-01,3.682942881463666662e+00,4.914887075857512500e+00,3.143082027954399726e-02
6.060000000000004272e-01,-8.250178072238455451e-01,6.042641953718166370e-01,3.713457335232283274e+00,4.892673267735891507e+00,3.148277021447085794e-02
6.070000000000004281e-01,-8.212891458202877804e-01,6.091456835915505241e-01,3.743844095883721135e+00,4.870271979669541729e+00,3.153472014031132725e-02
6.080000000000004290e-01,-8.175301619718465806e-01,6.140046770563968304e-01,3.774102037554600830e+00,4.847683867860381746e+00,3.158667005705041719e-02
6.090000000000004299e-01,-8.137409850594378158e-01,6.188409892733800488e-01,3.804230036775874346e+00,4.824909594910198329e+00,3.163861996467313975e-02
6.100000000000004308e-01,-8.099217455862363080e-01,6.236544344153283070e-01,3.834226972504023667e+00,4.801949829825060689e+00,3.169056986316450691e-02
6.110000000000004317e-01,-8.060725751752345625e-01,6.284448273272799090e-01,3.864091726152489414e+00,4.778805248019658336e+00,3.174251975250953761e-02
6.120000000000004325e-01,-8.021936065667698568e-01,6.332119835328936519e-01,3.893823181623329077e+00,4.755476531321565226e+00,3.179446963269324383e-02
6.130000000000004334e-01,-7.982849736160200216e-01,6.379557192408642496e-01,3.923420225339110168e+00,4.731964367975425745e+00,3.184641950370063757e-02
6.140000000000004343e-01,-7.943468112904664702e-01,6.426758513513414206e-01,3.952881746275034303e+00,4.708269452647054543e+00,3.189836936551673774e-02
6.150000000000004352e-01,-7.903792556673256975e-01,6.473721974623527498e-01,3.982206635991297539e+00,4.684392486427454649e+00,3.195031921812654940e-02
6.160000000000004361e-01,-7.863824439309481384e-01,6.520445758762311028e-01,4.011393788665684745e+00,4.660334176836740561e+00,3.200226906151509843e-02
6.170000000000004370e-01,-7.823565143701836089e-01,6.566928056060457042e-01,4.040442101126402008e+00,4.636095237827976057e+00,3.205421889566738985e-02
6.180000000000004379e-01,-7.783016063757151048e-01,6.613167063820368785e-01,4.069350472885147063e+00,4.611676389790910768e+00,3.210616872056844262e-02
6.190000000000004388e-01,-7.742178604373580741e-01,6.659160986580544561e-01,4.098117806170415989e+00,4.587078359555617268e+00,3.215811853620326871e-02
6.200000000000004396e-01,-7.701054181413271582e-01,6.704908036180000641e-01,4.126743005961052368e+00,4.562301880396027798e+00,3.221006834255688706e-02
6.210000000000004405e-01,-7.659644221674689613e-01,6.750406431822726372e-01,4.155224980020037151e+00,4.537347692033364410e+00,3.226201813961430270e-02
6.220000000000004414e-01,-7.617950162864607355e-01,6.795654400142173701e-01,4.183562638928518318e+00,4.512216540639455431e+00,3.231396792736053458e-02
6.230000000000004423e-01,-7.575973453569754268e-01,6.840650175265777788e-01,4.211754896120083913e+00,4.486909178839944445e+00,3.236591770578060162e-02
6.240000000000004432e-01,-7.533715553228116368e-01,6.885391998879514253e-01,4.239800667915278432e+00,4.461426365717376719e+00,3.241786747485951581e-02
6.250000000000004441e-01,-7.491177932099896131e-01,6.929878120292479737e-01,4.267698873556364347e+00,4.435768866814167488e+00,3.246981723458228913e-02
6.260000000000004450e-01,-7.448362071238118221e-01,6.974106796501506889e-01,4.295448435242325225e+00,4.409937454135445911e+00,3.252176698493394053e-02
6.270000000000004459e-01,-7.405269462458886620e-01,7.018076292255804871e-01,4.323048278164120184e+00,4.383932906151770226e+00,3.257371672589948197e-02
6.280000000000004468e-01,-7.361901608311288703e-01,7.061784880121625418e-01,4.350497330540179952e+00,4.357756007801713238e+00,3.262566645746392546e-02
6.290000000000004476e-01,-7.318260022046941815e-01,7.105230840546956639e-01,4.377794523652148939e+00,4.331407550494310144e+00,3.267761617961228993e-02
6.300000000000004485e-01,-7.274346227589179037e-01,7.148412461926239025e-01,4.404938791880882221e+00,4.304888332111366012e+00,3.272956589232958735e-02
6.310000000000004494e-01,-7.230161759501880780e-01,7.191328040665104782e-01,4.431929072742682330e+00,4.278199157009626497e+00,3.278151559560082973e-02
6.320000000000004503e-01,-7.185708162957932243e-01,7.233975881245137129e-01,4.458764306925789178e+00,4.251340836022794001e+00,3.283346528941103598e-02
6.330000000000004512e-01,-7.140986993707325592e-01,7.276354296288646273e-01,4.485443438327119559e+00,4.224314186463399956e+00,3.288541497374522504e-02
6.340000000000004521e-01,-7.095999818044886887e-01,7.318461606623472004e-01,4.511965414089254445e+00,4.197120032124517230e+00,3.293736464858840196e-02
6.350000000000004530e-01,-7.050748212777631085e-01,7.360296141347792975e-01,4.538329184637677649e+00,4.169759203281319770e+00,3.298931431392558566e-02
6.360000000000004539e-01,-7.005233765191748452e-01,7.401856237894955948e-01,4.564533703718265834e+00,4.142232536692474376e+00,3.304126396974179508e-02
6.370000000000004547e-01,-6.959458073019211266e-01,7.443140242098316151e-01,4.590577928435025434e+00,4.114540875601371717e+00,3.309321361602204220e-02
6.380000000000004556e-01,-6.913422744404004172e-01,7.484146508256093178e-01,4.616460819288088047e+00,4.086685069737182374e+00,3.314516325275134595e-02
6.390000000000004565e-01,-6.867129397867968166e-01,7.524873399196227997e-01,4.642181340211949170e+00,4.058665975315743246e+00,3.319711287991471138e-02
6.400000000000004574e-01,-6.820579662276270438e-01,7.565319286341258831e-01,4.667738458613965413e+00,4.030484455040261871e+00,3.324906249749716436e-02
6.410000000000004583e-01,-6.773775176802475650e-01,7.605482549773193712e-01,4.693131145413098615e+00,4.002141378101843117e+00,3.330101210548371687e-02
6.420000000000004592e-01,-6.726717590893240839e-01,7.645361578298391914e-01,4.718358375078913980e+00,3.973637620179824470e+00,3.335296170385938092e-02
6.430000000000004601e-01,-6.679408564232609535e-01,7.684954769512450934e-01,4.743419125670833125e+00,3.944974063441926138e+00,3.340491129260917541e-02
6.440000000000004610e-01,-6.631849766705918414e-01,7.724260529865084601e-01,4.768312378877632263e+00,3.916151596544203084e+00,3.345686087171811235e-02
6.450000000000004619e-01,-6.584042878363303153e-01,7.763277274725007837e-01,4.793037120057199729e+00,3.887171114630800339e+00,3.350881044117121066e-02
6.460000000000004627e-01,-6.535989589382807941e-01,7.802003428444818089e-01,4.817592338276542208e+00,3.858033519333505357e+00,3.356076000095348233e-02
6.470000000000004636e-01,-6.487691600033095307e-01,7.840437424425864554e-01,4.841977026352041413e+00,3.828739718771092537e+00,3.361270955104993935e-02
6.480000000000004645e-01,-6.439150620635747391e-01,7.878577705183115176e-01,4.866190180889965688e+00,3.799290627548459476e+00,3.366465909144560759e-02
6.490000000000004654e-01,-6.390368371527164193e-01,7.916422722410014767e-01,4.890230802327231174e+00,3.769687166755543828e+00,3.371660862212549209e-02
6.500000000000004663e-01,-6.341346583020053274e-01,7.953970937043325362e-01,4.914097894972417002e+00,3.739930263966023904e+00,3.376855814307461873e-02
6.510000000000004672e-01,-6.292086995364505331e-01,7.991220819327959912e-01,4.937790467047026510e+00,3.710020853235795002e+00,3.382050765427799255e-02
6.520000000000004681e-01,-6.242591358708660110e-01,8.028170848881793775e-01,4.961307530727004256e+00,3.679959875101216138e+00,3.387245715572063942e-02
6.530000000000004690e-01,-6.192861433058950427e-01,8.064819514760459551e-01,4.984648102184501717e+00,3.649748276577125417e+00,3.392440664738756440e-02
6.540000000000004698e-01,-6.142898988239932079e-01,8.101165315522120824e-01,5.007811201629891684e+00,3.619387011154618694e+00,3.397635612926379334e-02
6.550000000000004707e-01,-6.092705803853689650e-01,8.137206759292225922e-01,5.030795853354032232e+00,3.588877038798586661e+00,3.402830560133433130e-02
6.560000000000004716e-01,-6.042283669238820432e-01,8.172942363828227252e-01,5.053601085770781154e+00,3.558219325945007672e+00,3.408025506358420414e-02
6.570000000000004725e-01,-5.991634383428988686e-01,8.208370656584280667e-01,5.076225931459758201e+00,3.527414845497988338e+00,3.413220451599842387e-02
6.580000000000004734e-01,-5.940759755111055807e-01,8.243490174775911505e-01,5.098669427209352456e+00,3.496464576826552761e+00,3.418415395856200245e-02
6.590000000000004743e-01,-5.889661602582775268e-01,8.278299465444644012e-01,5.120930614059981067e+00,3.465369505761170199e+00,3.423610339125995883e-02
6.600000000000004752e-01,-5.838341753710054594e-01,8.312797085522600771e-01,5.143008537347588671e+00,3.434130624590021608e+00,3.428805281407731193e-02
6.610000000000004761e-01,-5.786802045883782109e-01,8.346981601897056624e-01,5.164902246747398173e+00,3.402748932054998399e+00,3.434000222699907373e-02
6.620000000000004770e-01,-5.735044325976215163e-01,8.380851591474957063e-01,5.186610796317898675e+00,3.371225433347426748e+00,3.439195163001026317e-02
6.630000000000004778e-01,-5.683070450296924259e-01,8.414405641247389989e-01,5.208133244545084750e+00,3.339561140103518788e+00,3.444390102309589224e-02
6.640000000000004787e-01,-5.630882284548297534e-01,8.447642348354007513e-01,5.229468654386932869e+00,3.307757070399540478e+00,3.449585040624097987e-02
6.650000000000004796e-01,-5.578481703780598933e-01,8.480560320147404463e-01,5.250616093318119404e+00,3.275814248746693025e+00,3.454779977943054498e-02
6.660000000000004805e-01,-5.525870592346572296e-01,8.513158174257441368e-01,5.271574633374982000e+00,3.243733706085706547e+00,3.459974914264959955e-02
6.670000000000004814e-01,-5.473050843855603587e-01,8.545434538655507506e-01,5.292343351200718971e+00,3.211516479781137523e+00,3.465169849588316253e-02
6.680000000000004823e-01,-5.420024361127422363e-01,8.577388051718735085e-01,5.312921328090824069e+00,3.179163613615366035e+00,3.470364783911624590e-02
6.690000000000004832e-01,-5.366793056145351404e-01,8.609017362294140163e-01,5.333307650038762837e+00,3.146676157782291039e+00,3.475559717233386858e-02
6.700000000000004841e-01,-5.313358850009097800e-01,8.640321129762709162e-01,5.353501407781878996e+00,3.114055168880714763e+00,3.480754649552104951e-02
6.710000000000004849e-01,-5.259723672887084422e-01,8.671298024103413216e-01,5.373501696847538867e+00,3.081301709907416253e+00,3.485949580866280068e-02
6.720000000000004858e-01,-5.205889463968316200e-01,8.701946725957149242e-01,5.393307617599505832e+00,3.048416850249904719e+00,3.491144511174414100e-02
6.730000000000004867e-01,-5.151858171413784548e-01,8.732265926690612190e-01,5.412918275284548386e+00,3.015401665678853149e+00,3.496339440475008942e-02
6.740000000000004876e-01,-5.097631752307404396e-01,8.762254328460088448e-01,5.432332780079274670e+00,2.982257238340201955e+00,3.501534368766565791e-02
6.750000000000004885e-01,-5.043212172606478250e-01,8.791910644275162667e-01,5.451550247137195271e+00,2.948984656746933108e+00,3.506729296047586542e-02
6.760000000000004894e-01,-4.988601407091691753e-01,8.821233598062352410e-01,5.470569796636014281e+00,2.915585015770505439e+00,3.511924222316573085e-02
6.770000000000004903e-01,-4.933801439316635729e-01,8.850221924728642886e-01,5.489390553825142405e+00,2.882059416631952420e+00,3.517119147572026622e-02
6.780000000000004912e-01,-4.878814261556848608e-01,8.878874370224940638e-01,5.508011649073433880e+00,2.848408966892629568e+00,3.522314071812449043e-02
6.790000000000004921e-01,-4.823641874758383685e-01,8.907189691609427307e-01,5.526432217917141010e+00,2.814634780444615458e+00,3.527508995036342243e-02
6.800000000000004929e-01,-4.768286288485893976e-01,8.935166657110815702e-01,5.544651401108093403e+00,2.780737977500755242e+00,3.532703917242207420e-02
6.810000000000004938e-01,-4.712749520870235242e-01,8.962804046191510388e-01,5.562668344662086817e+00,2.746719684584344900e+00,3.537898838428546466e-02
6.820000000000004947e-01,-4.657033598555582188e-01,8.990100649610656136e-01,5.580482199907490504e+00,2.712581034518450007e+00,3.543093758593861275e-02
6.830000000000004956e-01,-4.601140556646060586e-01,9.017055269487080915e-01,5.598092123534065045e+00,2.678323166414856793e+00,3.548288677736653046e-02
6.840000000000004965e-01,-4.545072438651886482e-01,9.043666719362126738e-01,5.615497277641992468e+00,2.643947225662647948e+00,3.553483595855423671e-02
6.850000000000004974e-01,-4.488831296435017992e-01,9.069933824262365052e-01,5.632696829791111526e+00,2.609454363916399622e+00,3.558678512948675043e-02
6.860000000000004983e-01,-4.432419190154309740e-01,9.095855420762187782e-01,5.649689953050359037e+00,2.574845739083996055e+00,3.563873429014909056e-02
6.870000000000004992e-01,-4.375838188210174895e-01,9.121430357046281800e-01,5.666475826047415509e+00,2.540122515314054752e+00,3.569068344052626907e-02
6.880000000000005000e-01,-4.319090367188748725e-01,9.146657492971970171e-01,5.683053633018549711e+00,2.505285862982958189e+00,3.574263258060330489e-02
6.890000000000005009e-01,-4.262177811805552552e-01,9.171535700131421276e-01,5.699422563858661306e+00,2.470336958681490280e+00,3.579458171036521696e-02
6.900000000000005018e-01,-4.205102614848656439e-01,9.196063861913726933e-01,5.715581814171518893e+00,2.435276985201067834e+00,3.584653082979702421e-02
6.910000000000005027e-01,-4.147866877121337281e-01,9.220240873566838413e-01,5.731530585320189886e+00,2.400107131519566561e+00,3.589847993888373862e-02
6.920000000000005036e-01,-4.090472707384235074e-01,9.244065642259355897e-01,5.747268084477663130e+00,2.364828592786734074e+00,3.595042903761038605e-02
6.930000000000005045e-01,-4.032922222296998482e-01,9.267537087142174723e-01,5.762793524677653600e+00,2.329442570309187666e+00,3.600237812596197157e-02
6.940000000000005054e-01,-3.975217546359423038e-01,9.290654139409977308e-01,5.778106124865593607e+00,2.293950271534989316e+00,3.605432720392352103e-02
6.950000000000005063e-01,-3.917360811852077518e-01,9.313415742362567418e-01,5.793205109949804310e+00,2.258352910037795702e+00,3.610627627148005336e-02
6.960000000000005071e-01,-3.859354158776420185e-01,9.335820851466045678e-01,5.808089710852847531e+00,2.222651705500577446e+00,3.615822532861658056e-02
6.970000000000005080e-01,-3.801199734794397100e-01,9.357868434413819658e-01,5.822759164563046319e+00,2.186847883698902262e+00,3.621017437531812155e-02
6.980000000000005089e-01,-3.742899695167527518e-01,9.379557471187444095e-01,5.837212714186183149e+00,2.150942676483779792e+00,3.626212341156969526e-02
6.990000000000005098e-01,-3.684456202695469140e-01,9.400886954117289029e-01,5.851449608997363327e+00,2.114937321764059242e+00,3.631407243735632062e-02
7.000000000000005107e-01,-3.625871427654065449e-01,9.421855887943024754e-01,5.865469104493042707e+00,2.078833063488379818e+00,3.636602145266300962e-02
7.010000000000005116e-01,-3.567147547732871238e-01,9.442463289873932464e-01,5.879270462443217937e+00,2.042631151626665531e+00,3.641797045747478812e-02
7.020000000000005125e-01,-3.508286747972155228e-01,9.462708189649018387e-01,5.892852950943773926e+00,2.006332842151163476e+00,3.646991945177666811e-02
7.030000000000005134e-01,-3.449291220699379767e-01,9.482589629596943626e-01,5.906215844468984955e+00,1.969939397017015814e+00,3.652186843555366852e-02
7.040000000000005143e-01,-3.390163165465152617e-01,9.502106664695750826e-01,5.919358423924167667e+00,1.933452084142366134e+00,3.657381740879080828e-02
7.050000000000005151e-01,-3.330904788978653608e-01,9.521258362632395444e-01,5.932279976698480617e+00,1.896872177387992853e+00,3.662576637147310632e-02
7.060000000000005160e-01,-3.271518305042531161e-01,9.540043803862068295e-01,5.944979796717865028e+00,1.860200956536464778e+00,3.667771532358557462e-02
7.070000000000005169e-01,-3.212005934487269232e-01,9.558462081667303822e-01,5.957457184498125002e+00,1.823439707270815946e+00,3.672966426511323906e-02
7.080000000000005178e-01,-3.152369905105022463e-01,9.576512302216879657e-01,5.969711447198144505e+00,1.786589721152733956e+00,3.678161319604111162e-02
7.090000000000005187e-01,-3.092612451582920086e-01,9.594193584624490789e-01,5.981741898673234914e+00,1.749652295600256702e+00,3.683356211635421817e-02
7.100000000000005196e-01,-3.032735815435831928e-01,9.611505061007199480e-01,5.993547859528606914e+00,1.712628733864975716e+00,3.688551102603757070e-02
7.110000000000005205e-01,-2.972742244938603728e-01,9.628445876543655357e-01,6.005128657172969397e+00,1.675520345008738143e+00,3.693745992507618814e-02
7.120000000000005214e-01,-2.912633995057752334e-01,9.645015189532079036e-01,6.016483625872240282e+00,1.638328443879845109e+00,3.698940881345508941e-02
7.130000000000005222e-01,-2.852413327382625763e-01,9.661212171448003705e-01,6.027612106803377223e+00,1.601054351088742278e+00,3.704135769115929344e-02
7.140000000000005231e-01,-2.792082510056022593e-01,9.677036007001775797e-01,6.038513448108317583e+00,1.563699392983195935e+00,3.709330655817381223e-02
7.150000000000005240e-01,-2.731643817704271227e-01,9.692485894195800311e-01,6.049187004948017865e+00,1.526264901622952586e+00,3.714525541448367163e-02
7.160000000000005249e-01,-2.671099531366770696e-01,9.707561044381531890e-01,6.059632139556599739e+00,1.488752214753876757e+00,3.719720426007389058e-02
7.170000000000005258e-01,-2.610451938424986351e-01,9.722260682316204994e-01,6.069848221295586654e+00,1.451162675781562994e+00,3.724915309492948107e-02
7.180000000000005267e-01,-2.549703332530905420e-01,9.736584046219296518e-01,6.079834626708236378e+00,1.413497633744416282e+00,3.730110191903546896e-02
7.190000000000005276e-01,-2.488856013534947453e-01,9.750530387828717505e-01,6.089590739573954359e+00,1.375758443286199117e+00,3.735305073237686624e-02
7.200000000000005285e-01,-2.427912287413329373e-01,9.764098972456727310e-01,6.099115950962794130e+00,1.337946464628039456e+00,3.740499953493869878e-02
7.210000000000005294e-01,-2.366874466194887339e-01,9.777289079045563547e-01,6.108409659290026106e+00,1.300063063539894870e+00,3.745694832670597857e-02
7.220000000000005302e-01,-2.305744867887351002e-01,9.790100000222787813e-01,6.117471270370786307e+00,1.262109611311469815e+00,3.750889710766372453e-02
7.230000000000005311e-01,-2.244525816403071528e-01,9.802531042356333879e-01,6.126300197474782827e+00,1.224087484722582442e+00,3.756084587779695561e-02
7.240000000000005320e-01,-2.183219641484202000e-01,9.814581525609258339e-01,6.134895861381068904e+00,1.185998066012974306e+00,3.761279463709069765e-02
7.250000000000005329e-01,-2.121828678627329656e-01,9.826250783994188165e-01,6.143257690432867513e+00,1.147842742851561626e+00,3.766474338552996265e-02
7.260000000000005338e-01,-2.060355269007560219e-01,9.837538165427452963e-01,6.151385120592447464e+00,1.109622908305122779e+00,3.771669212309976954e-02
7.270000000000005347e-01,-1.998801759402052403e-01,9.848443031782908585e-01,6.159277595496044810e+00,1.071339960806418246e+00,3.776864084978513725e-02
7.280000000000005356e-01,-1.937170502113003678e-01,9.858964758945433227e-01,6.166934566508819771e+00,1.032995304121739011e+00,3.782058956557109164e-02
7.290000000000005365e-01,-1.875463854890086768e-01,9.869102736864098224e-01,6.174355492779850074e+00,9.945903473178795418e-01,3.787253827044264470e-02
7.300000000000005373e-01,-1.813684180852334071e-01,9.878856369605004684e-01,6.181539841297151838e+00,9.561265047285320007e-01,3.792448696438481537e-02
7.310000000000005382e-01,-1.751833848409474481e-01,9.888225075403783704e-01,6.188487086942718207e+00,9.176051959200968167e-01,3.797643564738262950e-02
7.320000000000005391e-01,-1.689915231182717026e-01,9.897208286717749104e-01,6.195196712547578421e+00,8.790278456569071697e-01,3.802838431942109909e-02
7.330000000000005400e-01,-1.627930707924986065e-01,9.905805450277700430e-01,6.201668208946863992e+00,8.403958838658627251e-01,3.808033298048524307e-02
7.340000000000005409e-01,-1.565882662440604978e-01,9.914016027139369580e-01,6.207901075034877536e+00,8.017107456004692878e-01,3.813228163056008729e-02
7.350000000000005418e-01,-1.503773483504428354e-01,9.921839492734504384e-01,6.213894817820164285e+00,7.629738710042804906e-01,3.818423026963064376e-02
7.360000000000005427e-01,-1.441605564780425175e-01,9.929275336921584705e-01,6.219648952480568482e+00,7.241867052737388510e-01,3.823617889768193834e-02
7.370000000000005436e-01,-1.379381304739709657e-01,9.936323064036161057e-01,6.225163002418280023e+00,6.853506986204116469e-01,3.828812751469898301e-02
7.380000000000005445e-01,-1.317103106578023375e-01,9.942982192940816866e-01,6.230436499314855325e+00,6.464673062326188324e-01,3.834007612066680365e-02
7.390000000000005453e-01,-1.254773378132666151e-01,9.949252257074738814e-01,6.235468983186216008e+00,6.075379882364492223e-01,3.839202471557041918e-02
7.400000000000005462e-01,-1.192394531798877805e-01,9.955132804502898614e-01,6.240260002437608478e+00,5.685642096561618342e-01,3.844397329939484853e-02
7.410000000000005471e-01,-1.129968984445670482e-01,9.960623397964836201e-01,6.244809113918522669e+00,5.295474403739693914e-01,3.849592187212511063e-02
7.420000000000005480e-01,-1.067499157331111281e-01,9.965723614923031048e-01,6.249115882977569925e+00,4.904891550891999907e-01,3.854787043374622441e-02
7.430000000000005489e-01,-1.004987476017057124e-01,9.970433047610870458e-01,6.253179883517296034e+00,4.513908332768349352e-01,3.859981898424320879e-02
7.440000000000005498e-01,-9.424363702833417344e-02,9.974751303080194864e-01,6.257000698048942766e+00,4.122539591454183472e-01,3.865176752360108270e-02
7.450000000000005507e-01,-8.798482740414151348e-02,9.978678003248419026e-01,6.260577917747135679e+00,3.730800215943367859e-01,3.870371605180487201e-02
7.460000000000005516e-01,-8.172256252474363603e-02,9.982212784945225792e-01,6.263911142504499985e+00,3.338705141704651491e-01,3.875566456883958871e-02
7.470000000000005524e-01,-7.545708658148209125e-02,9.985355299958821318e-01,6.266999980986192043e+00,2.946269350241761398e-01,3.880761307469025867e-02
7.480000000000005533e-01,-6.918864415262435119e-02,9.988105215081748423e-01,6.269844050684341141e+00,2.553507868647108547e-01,3.885956156934190081e-02
7.490000000000005542e-01,-6.291748019450958684e-02,9.990462212156245858e-01,6.272442977972399802e+00,2.160435769149071095e-01,3.891151005277953406e-02
7.500000000000005551e-01,-5.664384003264027329e-02,9.992425988119160163e-01,6.274796398159383060e+00,1.767068168652835558e-01,3.896345852498817736e-02
7.510000000000005560e-01,-5.036796935271951881e-02,9.993996255046385668e-01,6.276903955544003821e+00,1.373420228274765953e-01,3.901540698595284962e-02
7.520000000000005569e-01,-4.409011419163436085e-02,9.995172740196843764e-01,6.278765303468683889e+00,9.795071528702750663e-02,3.906735543565856977e-02
7.530000000000005578e-01,-3.781052092838510514e-02,9.995955186055981434e-01,6.280380104373442407e+00,5.853441905551774044e-02,3.911930387409036369e-02
7.540000000000005587e-01,-3.152943627496083284e-02,9.996343350378789072e-01,6.281748029849648418e+00,1.909466322204967509e-02,3.917125230123325030e-02
7.550000000000005596e-01,-2.524710726716123885e-02,9.996337006232330902e-01,6.282868760693635757e+00,-2.036701889592931053e-02,3.922320071707224853e-02
7.560000000000005604e-01,-1.896378125536491918e-02,9.995935942037780242e-01,6.283741986960163395e+00,-5.984908980246153587e-02,3.927514912159237731e-02
7.570000000000005613e-01,-1.267970589524427399e-02,9.995139961611954060e-01,6.284367408015723910e+00,-9.935000787357473051e-02,3.932709751477866250e-02
7.580000000000005622e-01,-6.395129138427203992e-03,9.993948884208333494e-01,6.284744732591685867e+00,-1.388682274084407364e-01,3.937904589661611610e-02
7.590000000000005631e-01,-1.102992231057199971e-04,9.992362544557578108e-01,6.284873678837260336e+00,-1.784021986811990534e-01,3.943099426708976396e-02
7.600000000000005640e-01,6.174535335408301920e-03,9.990380792907513907e-01,6.284753974372292440e+00,-2.179503679934473581e-01,3.948294262618462502e-02
7.610000000000005649e-01,1.245912575418007227e-02,9.988003495062589554e-01,6.284385356339859285e+00,-2.575111777274002312e-01,3.953489097388571821e-02
7.620000000000005658e-01,1.874322299220133881e-02,9.985230532422806338e-01,6.283767571458675150e+00,-2.970830663997182652e-01,3.958683931017806940e-02
7.630000000000005667e-01,2.502657775999213297e-02,9.982061802022099695e-01,6.282900376075285287e+00,-3.366644687160090244e-01,3.963878763504669750e-02
7.640000000000005675e-01,3.130894052925462662e-02,9.978497216566174499e-01,6.281783536216055452e+00,-3.762538156260007982e-01,3.969073594847662145e-02
7.650000000000005684e-01,3.759006154257884397e-02,9.974536704469786352e-01,6.280416827638931387e+00,-4.158495343793915389e-01,3.974268425045286018e-02
7.660000000000005693e-01,4.386969082320001795e-02,9.970180209893456658e-01,6.278800035884972708e+00,-4.554500485823733680e-01,3.979463254096043956e-02
7.670000000000005702e-01,5.014757818480738288e-02,9.965427692779625923e-01,6.276932956329646984e+00,-4.950537782548342092e-01,3.984658081998437851e-02
7.680000000000005711e-01,5.642347324140413456e-02,9.960279128888225308e-01,6.274815394233876020e+00,-5.346591398882376556e-01,3.989852908750969596e-02
7.690000000000005720e-01,6.269712541721828014e-02,9.954734509831671962e-01,6.272447164794829888e+00,-5.742645465041820163e-01,3.995047734352141083e-02
7.700000000000005729e-01,6.896828395666419753e-02,9.948793843109267065e-01,6.269828093196450958e+00,-6.138684077136392636e-01,4.000242558800454901e-02
7.710000000000005738e-01,7.523669793435452946e-02,9.942457152141007670e-01,6.266958014659708809e+00,-6.534691297768753238e-01,4.005437382094412940e-02
7.720000000000005747e-01,8.150211626516223884e-02,9.935724476300787922e-01,6.263836774492574477e+00,-6.930651156640512678e-01,4.010632204232517095e-02
7.730000000000005755e-01,8.776428771433249232e-02,9.928595870948997426e-01,6.260464228139699827e+00,-7.326547651165068453e-01,4.015827025213269952e-02
7.740000000000005764e-01,9.402296090764400427e-02,9.921071407464497893e-01,6.256840241231800270e+00,-7.722364747087265835e-01,4.021021845035173403e-02
7.750000000000005773e-01,1.002778843416197302e-01,9.913151173275980277e-01,6.252964689634729289e+00,-8.118086379109888950e-01,4.026216663696729342e-02
7.760000000000005782e-01,1.065288063937863544e-01,9.904835271892689086e-01,6.248837459498233216e+00,-8.513696451526980846e-01,4.031411481196440355e-02
7.770000000000005791e-01,1.127754753329824611e-01,9.896123822934512759e-01,6.244458447304382709e+00,-8.909178838864001415e-01,4.036606297532808335e-02
7.780000000000005800e-01,1.190176393297149027e-01,9.887016962161430111e-01,6.239827559915666733e+00,-9.304517386524809863e-01,4.041801112704335175e-02
7.790000000000005809e-01,1.252550464665631580e-01,9.877514841502305076e-01,6.234944714622741024e+00,-9.699695911445486152e-01,4.046995926709523461e-02
7.800000000000005818e-01,1.314874447486311937e-01,9.867617629083023090e-01,6.229809839191825738e+00,-1.009469820275498142e+00,4.052190739546875087e-02
7.810000000000005826e-01,1.377145821140466075e-01,9.857325509253967999e-01,6.224422871911738042e+00,-1.048950802244258851e+00,4.057385551214892638e-02
7.820000000000005835e-01,1.439362064445065537e-01,9.846638682616821736e-01,6.218783761640550800e+00,-1.088410910603224702e+00,4.062580361712077315e-02
7.830000000000005844e-01,1.501520655758702139e-01,9.835557366050692307e-01,6.212892467851872880e+00,-1.127848516326365180e+00,4.067775171036932397e-02
7.840000000000005853e-01,1.563619073087972322e-01,9.824081792737553442e-01,6.206748960680736893e+00,-1.167261987878017271e+00,4.072969979187959083e-02
7.850000000000005862e-01,1.625654794194320296e-01,9.812212212186995908e-01,6.200353220969086365e+00,-1.206649691282358772e+00,4.078164786163659961e-02
7.860000000000005871e-01,1.687625296701331656e-01,9.799948890260276047e-01,6.193705240310853455e+00,-1.246009990193558847e+00,4.083359591962537616e-02
7.870000000000005880e-01,1.749528058202478031e-01,9.787292109193663769e-01,6.186805021096615675e+00,-1.285341245966608481e+00,4.088554396583093942e-02
7.880000000000005889e-01,1.811360556369304153e-01,9.774242167621076671e-01,6.179652576557828958e+00,-1.324641817728826165e+00,4.093749200023830831e-02
7.890000000000005898e-01,1.873120269060056797e-01,9.760799380595999164e-01,6.172247930810613958e+00,-1.363910062452041050e+00,4.098944002283250870e-02
7.900000000000005906e-01,1.934804674428747540e-01,9.746964079612669973e-01,6.164591118899102717e+00,-1.403144335025448219e+00,4.104138803359855953e-02
7.910000000000005915e-01,1.996411251034648227e-01,9.732736612626543549e-01,6.156682186838323467e+00,-1.442342988329137876e+00,4.109333603252148664e-02
7.920000000000005924e-01,2.057937477952212768e-01,9.718117344074009845e-01,6.148521191656616480e+00,-1.481504373308294875e+00,4.114528401958630899e-02
7.930000000000005933e-01,2.119380834881419984e-01,9.703106654891369143e-01,6.140108201437579183e+00,-1.520626839048067502e+00,4.119723199477804548e-02
7.940000000000005942e-01,2.180738802258533615e-01,9.687704942533057473e-01,6.131443295361517443e+00,-1.559708732849102830e+00,4.124917995808172200e-02
7.950000000000005951e-01,2.242008861367275063e-01,9.671912620989108200e-01,6.122526563746407469e+00,-1.598748400303746875e+00,4.130112790948236440e-02
7.960000000000005960e-01,2.303188494450402468e-01,9.655730120801853111e-01,6.113358108088346121e+00,-1.637744185372907779e+00,4.135307584896499161e-02
7.970000000000005969e-01,2.364275184821692244e-01,9.639157889081849673e-01,6.103938041101489631e+00,-1.676694430463579577e+00,4.140502377651462257e-02
7.980000000000005977e-01,2.425266416978317241e-01,9.622196389523030025e-01,6.094266486757461188e+00,-1.715597476507022323e+00,4.145697169211628313e-02
7.990000000000005986e-01,2.486159676713615985e-01,9.604846102417063936e-01,6.084343580324231837e+00,-1.754451663037598808e+00,4.150891959575499918e-02
8.000000000000005995e-01,2.546952451230248271e-01,9.587107524666930169e-01,6.074169468404448047e+00,-1.793255328272261861e+00,4.156086748741578962e-02
8.010000000000006004e-01,2.607642229253731014e-01,9.568981169799691822e-01,6.063744308973207708e+00,-1.832006809190692698e+00,4.161281536708367340e-02
8.020000000000006013e-01,2.668226501146350738e-01,9.550467567978465633e-01,6.053068271415272150e+00,-1.870704441616084068e+00,4.166476323474367638e-02
8.030000000000006022e-01,2.728702759021441882e-01,9.531567266013579731e-01,6.042141536561702608e+00,-1.909346560296566908e+00,4.171671109038082442e-02
8.040000000000006031e-01,2.789068496858031487e-01,9.512280827372914249e-01,6.030964296725910501e+00,-1.947931498987276244e+00,4.176865893398013646e-02
8.050000000000006040e-01,2.849321210615841093e-01,9.492608832191418156e-01,6.019536755739117062e+00,-1.986457590533053263e+00,4.182060676552663836e-02
8.060000000000006048e-01,2.909458398350638353e-01,9.472551877279797861e-01,6.007859128985205466e+00,-2.024923166951779763e+00,4.187255458500534905e-02
8.070000000000006057e-01,2.969477560329936150e-01,9.452110576132365383e-01,5.995931643434960101e+00,-2.063326559518341430e+00,4.192450239240129439e-02
8.080000000000006066e-01,3.029376199149030335e-01,9.431285558934046076e-01,5.983754537679683239e+00,-2.101666098849215292e+00,4.197645018769949332e-02
8.090000000000006075e-01,3.089151819847369418e-01,9.410077472566539258e-01,5.971328061964174871e+00,-2.139940114987676889e+00,4.202839797088497170e-02
8.100000000000006084e-01,3.148801930025252882e-01,9.388486980613618416e-01,5.958652478219071291e+00,-2.178146937489625401e+00,4.208034574194275540e-02
8.110000000000006093e-01,3.208324039960848140e-01,9.366514763365576535e-01,5.945728060092531742e+00,-2.216284895510018949e+00,4.213229350085786334e-02
8.120000000000006102e-01,3.267715662727521120e-01,9.344161517822798801e-01,5.932555092981258049e+00,-2.254352317889917412e+00,4.218424124761532140e-02
8.130000000000006111e-01,3.326974314311474390e-01,9.321427957698464883e-01,5.919133874060841904e+00,-2.292347533244128321e+00,4.223618898220014850e-02
8.140000000000006120e-01,3.386097513729684483e-01,9.298314813420368585e-01,5.905464712315432685e+00,-2.330268870049449603e+00,4.228813670459737051e-02
8.150000000000006128e-01,3.445082783148133432e-01,9.274822832131857098e-01,5.891547928566709835e+00,-2.368114656733506074e+00,4.234008441479201329e-02
8.160000000000006137e-01,3.503927648000326189e-01,9.250952777691874296e-01,5.877383855502151810e+00,-2.405883221764171243e+00,4.239203211276909578e-02
8.170000000000006146e-01,3.562629637106085601e-01,9.226705430674110309e-01,5.862972837702596252e+00,-2.443572893739573093e+00,4.244397979851364383e-02
8.180000000000006155e-01,3.621186282790622712e-01,9.202081588365245146e-01,5.848315231669075409e+00,-2.481182001478676291e+00,4.249592747201068332e-02
8.190000000000006164e-01,3.679595121003868541e-01,9.177082064762284164e-01,5.833411405848922371e+00,-2.518708874112433715e+00,4.254787513324523318e-02
8.200000000000006173e-01,3.737853691440065074e-01,9.151707690568983145e-01,5.818261740661133885e+00,-2.556151841175505091e+00,4.259982278220231927e-02
8.210000000000006182e-01,3.795959537657605520e-01,9.125959313191347455e-01,5.802866628520983561e+00,-2.593509232698533395e+00,4.265177041886696052e-02
8.220000000000006191e-01,3.853910207199116589e-01,9.099837796732209716e-01,5.787226473863874787e+00,-2.630779379300975940e+00,4.270371804322418280e-02
8.230000000000006199e-01,3.911703251711776685e-01,9.073344021984874885e-01,5.771341693168423603e+00,-2.667960612284480337e+00,4.275566565525901197e-02
8.240000000000006208e-01,3.969336227067858935e-01,9.046478886425829424e-01,5.755212714978760857e+00,-2.705051263726802269e+00,4.280761325495647390e-02
8.250000000000006217e-01,4.026806693485496247e-01,9.019243304206508993e-01,5.738839979926049217e+00,-2.742049666576256151e+00,4.285956084230158752e-02
8.260000000000006226e-01,4.084112215649654543e-01,8.991638206144116907e-01,5.722223940749195492e+00,-2.778954154746695160e+00,4.291150841727937870e-02
8.270000000000006235e-01,4.141250362833310272e-01,8.963664539711493351e-01,5.705365062314761815e+00,-2.815763063213007733e+00,4.296345597987487330e-02
8.280000000000006244e-01,4.198218709018824990e-01,8.935323269026024251e-01,5.688263821636057038e+00,-2.852474728107130986e+00,4.301540353007309025e-02
8.290000000000006253e-01,4.255014833019502007e-01,8.906615374837588694e-01,5.670920707891399459e+00,-2.889087486814567729e+00,4.306735106785906236e-02
8.300000000000006262e-01,4.311636318601326789e-01,8.877541854515539343e-01,5.653336222441548209e+00,-2.925599678071403531e+00,4.311929859321780856e-02
8.310000000000006271e-01,4.368080754604873883e-01,8.848103722034709184e-01,5.635510878846286431e+00,-2.962009642061813608e+00,4.317124610613434776e-02
8.320000000000006279e-01,4.424345735067376495e-01,8.818302007960440170e-01,5.617445202880153587e+00,-2.998315720516054217e+00,4.322319360659371279e-02
8.330000000000006288e-01,4.480428859344949832e-01,8.788137759432631535e-01,5.599139732547312676e+00,-3.034516256808930557e+00,4.327514109458092256e-02
8.340000000000006297e-01,4.536327732234956556e-01,8.757612040148800014e-01,5.580595018095546145e+00,-3.070609596058729629e+00,4.332708857008100295e-02
8.350000000000006306e-01,4.592039964098511007e-01,8.726725930346147520e-01,5.561811622029373403e+00,-3.106594085226615398e+00,4.337903603307897982e-02
8.360000000000006315e-01,4.647563170983107783e-01,8.695480526782634056e-01,5.542790119122273040e+00,-3.142468073216473368e+00,4.343098348355987209e-02
8.370000000000006324e-01,4.702894974745368550e-01,8.663876942717050333e-01,5.523531096428013321e+00,-3.178229910975199246e+00,4.348293092150871259e-02
8.380000000000006333e-01,4.758033003173897657e-01,8.631916307888083395e-01,5.504035153291072291e+00,-3.213877951593421045e+00,4.353487834691052022e-02
8.390000000000006342e-01,4.812974890112237669e-01,8.599599768492373064e-01,5.484302901356141291e+00,-3.249410550406646614e+00,4.358682575975032086e-02
8.400000000000006350e-01,4.867718275581915943e-01,8.566928487161556971e-01,5.464334964576707421e+00,-3.284826065096828618e+00,4.363877316001314038e-02
8.410000000000006359e-01,4.922260805905570025e-01,8.533903642938297507e-01,5.444131979222699869e+00,-3.320122855794335859e+00,4.369072054768399771e-02
8.420000000000006368e-01,4.976600133830147987e-01,8.500526431251284043e-01,5.423694593887198323e+00,-3.355299285180324276e+00,4.374266792274792565e-02
8.430000000000006377e-01,5.030733918650168723e-01,8.466798063889211523e-01,5.403023469492191033e+00,-3.390353718589494303e+00,4.379461528518994312e-02
8.440000000000006386e-01,5.084659826331036081e-01,8.432719768973733210e-01,5.382119279293373637e+00,-3.425284524113231477e+00,4.384656263499507600e-02
8.450000000000006395e-01,5.138375529632395189e-01,8.398292790931370932e-01,5.360982708883986980e+00,-3.460090072703112973e+00,4.389850997214835016e-02
8.460000000000006404e-01,5.191878708231524309e-01,8.363518390464398378e-01,5.339614456197677050e+00,-3.494768738274776521e+00,4.395045729663479145e-02
8.470000000000006413e-01,5.245167048846748337e-01,8.328397844520679660e-01,5.318015231510375251e+00,-3.529318897812138367e+00,4.400240460843941881e-02
8.480000000000006422e-01,5.298238245360865628e-01,8.292932446262460955e-01,5.296185757441190134e+00,-3.563738931471951421e+00,4.405435190754726504e-02
8.490000000000006430e-01,5.351089998944583703e-01,8.257123505034120736e-01,5.274126768952300814e+00,-3.598027222688692461e+00,4.410629919394335602e-02
8.500000000000006439e-01,5.403720018179941631e-01,8.220972346328865310e-01,5.251839013347848528e+00,-3.632182158279768647e+00,4.415824646761271066e-02
8.510000000000006448e-01,5.456126019183722420e-01,8.184480311754372961e-01,5.229323250271813883e+00,-3.666202128551033557e+00,4.421019372854035484e-02
8.520000000000006457e-01,5.508305725730834324e-01,8.147648758997381169e-01,5.206580251704876261e+00,-3.700085527402599439e+00,4.426214097671131442e-02
8.530000000000006466e-01,5.560256869377658839e-01,8.110479061787212451e-01,5.183610801960248260e+00,-3.733830752434938560e+00,4.431408821211062221e-02
8.540000000000006475e-01,5.611977189585352077e-01,8.072972609858239945e-01,5.160415697678472746e+00,-3.767436205055258558e+00,4.436603543472329714e-02
8.550000000000006484e-01,5.663464433843086177e-01,8.035130808911286060e-01,5.136995747821183400e+00,-3.800900290584144248e+00,4.441798264453436507e-02
8.560000000000006493e-01,5.714716357791224111e-01,7.996955080573955321e-01,5.113351773663815436e+00,-3.834221418362453448e+00,4.446992984152885187e-02
8.570000000000006501e-01,5.765730725344420105e-01,7.958446862359896956e-01,5.089484608787265607e+00,-3.867398001858453060e+00,4.452187702569177646e-02
8.580000000000006510e-01,5.816505308814623465e-01,7.919607607626992785e-01,5.065395099068487283e+00,-3.900428458775187845e+00,4.457382419700817167e-02
8.590000000000006519e-01,5.867037889033991371e-01,7.880438785534471524e-01,5.041084102670021494e+00,-3.933311211158068144e+00,4.462577135546306334e-02
8.600000000000006528e-01,5.917326255477687313e-01,7.840941880998947289e-01,5.016552490028455047e+00,-3.966044685502663203e+00,4.467771850104147735e-02
8.610000000000006537e-01,5.967368206386557405e-01,7.801118394649377841e-01,4.991801143841797739e+00,-3.998627312862693017e+00,4.472966563372843957e-02
8.620000000000006546e-01,6.017161548889680134e-01,7.760969842780942596e-01,4.966830959055772432e+00,-4.031057528958199576e+00,4.478161275350896892e-02
8.630000000000006555e-01,6.066704099126766225e-01,7.720497757307837050e-01,4.941642842849017114e+00,-4.063333774283892197e+00,4.483355986036809820e-02
8.640000000000006564e-01,6.115993682370413076e-01,7.679703685714984740e-01,4.916237714617189170e+00,-4.095454494217650954e+00,4.488550695429085330e-02
8.650000000000006573e-01,6.165028133148189315e-01,7.638589191008662294e-01,4.890616505955964755e+00,-4.127418139129175323e+00,4.493745403526226007e-02
8.660000000000006581e-01,6.213805295364545067e-01,7.597155851666035353e-01,4.864780160642930618e+00,-4.159223164488766500e+00,4.498940110326733743e-02
8.670000000000006590e-01,6.262323022422536800e-01,7.555405261583610921e-01,4.838729634618365694e+00,-4.190868030976234060e+00,4.504134815829111821e-02
8.680000000000006599e-01,6.310579177345352342e-01,7.513339030024596132e-01,4.812465895964897378e+00,-4.222351204589906537e+00,4.509329520031862826e-02
8.690000000000006608e-01,6.358571632897628279e-01,7.470958781565167905e-01,4.785989924886041358e+00,-4.253671156755739702e+00,4.514524222933489345e-02
8.700000000000006617e-01,6.406298271706547531e-01,7.428266156039650125e-01,4.759302713683609021e+00,-4.284826364436505663e+00,4.519718924532493964e-02
8.710000000000006626e-01,6.453756986382704897e-01,7.385262808484599484e-01,4.732405266733980653e+00,-4.315815310241053915e+00,4.524913624827379272e-02
8.720000000000006635e-01,6.500945679640728336e-01,7.341950409081799966e-01,4.705298600463246217e+00,-4.346636482533624779e+00,4.530108323816647853e-02
8.730000000000006644e-01,6.547862264419647138e-01,7.298330643100158222e-01,4.677983743321197707e+00,-4.377288375543207266e+00,4.535303021498802295e-02
8.740000000000006652e-01,6.594504664002993621e-01,7.254405210836512019e-01,4.650461735754181980e+00,-4.407769489472925351e+00,4.540497717872345879e-02
8.750000000000006661e-01,6.640870812138630619e-01,7.210175827555342920e-01,4.622733630176797170e+00,-4.438078330609439348e+00,4.545692412935780496e-02
8.760000000000006670e-01,6.686958653158284749e-01,7.165644223427390935e-01,4.594800490942440696e+00,-4.468213411432349957e+00,4.550887106687609429e-02
8.770000000000006679e-01,6.732766142096783257e-01,7.120812143467180055e-01,4.566663394312697299e+00,-4.498173250723588978e+00,4.556081799126334569e-02
8.780000000000006688e-01,6.778291244810979999e-01,7.075681347469446880e-01,4.538323428425565353e+00,-4.527956373676785162e+00,4.561276490250459198e-02
8.790000000000006697e-01,6.823531938098351679e-01,7.030253609944479010e-01,4.509781693262522317e+00,-4.557561312006588317e+00,4.566471180058485901e-02
8.800000000000006706e-01,6.868486209815267696e-01,6.984530720052355424e-01,4.481039300614420462e+00,-4.586986604057941896e+00,4.571665868548917266e-02
8.810000000000006715e-01,6.913152058994904703e-01,6.938514481536101064e-01,4.452097374046211975e+00,-4.616230794915284541e+00,4.576860555720255880e-02
8.820000000000006724e-01,6.957527495964810349e-01,6.892206712653743406e-01,4.422957048860504337e+00,-4.645292436511671674e+00,4.582055241571004328e-02
8.830000000000006732e-01,7.001610542464087317e-01,6.845609246109282120e-01,4.393619472059937081e+00,-4.674170087737798518e+00,4.587249926099665198e-02
8.840000000000006741e-01,7.045399231760206549e-01,6.798723928982566278e-01,4.364085802308385276e+00,-4.702862314550911194e+00,4.592444609304741771e-02
8.850000000000006750e-01,7.088891608765415242e-01,6.751552622658089087e-01,4.334357209890978169e+00,-4.731367690083596145e+00,4.597639291184736632e-02
8.860000000000006759e-01,7.132085730152748493e-01,6.704097202752686835e-01,4.304434876672940113e+00,-4.759684794752423898e+00,4.602833971738152369e-02
8.870000000000006768e-01,7.174979664471619056e-01,6.656359559042158702e-01,4.274319996057247550e+00,-4.787812216366440943e+00,4.608028650963491568e-02
8.880000000000006777e-01,7.217571492262975230e-01,6.608341595386798550e-01,4.244013772941099383e+00,-4.815748550235491088e+00,4.613223328859256817e-02
8.890000000000006786e-01,7.259859306174024640e-01,6.560045229655848686e-01,4.213517423671205187e+00,-4.843492399278351179e+00,4.618418005423951395e-02
8.900000000000006795e-01,7.301841211072497284e-01,6.511472393650867829e-01,4.182832175997881485e+00,-4.871042374130672314e+00,4.623612680656077889e-02
8.910000000000006803e-01,7.343515324160450053e-01,6.462625033028025490e-01,4.151959269027963195e+00,-4.898397093252698120e+00,4.628807354554138886e-02
8.920000000000006812e-01,7.384879775087588305e-01,6.413505107219318324e-01,4.120899953176525798e+00,-4.925555183036762763e+00,4.634002027116636974e-02
8.930000000000006821e-01,7.425932706064105604e-01,6.364114589352710682e-01,4.089655490117417358e+00,-4.952515277914538494e+00,4.639196698342074737e-02
8.940000000000006830e-01,7.466672271973016084e-01,6.314455466171209341e-01,4.058227152732602150e+00,-4.979276020464028285e+00,4.644391368228955458e-02
8.950000000000006839e-01,7.507096640481978334e-01,6.264529737950863542e-01,4.026616225060314136e+00,-5.005836061516278690e+00,4.649586036775781722e-02
8.960000000000006848e-01,7.547203992154595253e-01,6.214339418417703653e-01,3.994824002242021610e+00,-5.032194060261808488e+00,4.654780703981056117e-02
8.970000000000006857e-01,7.586992520561174347e-01,6.163886534663615135e-01,3.962851790468201241e+00,-5.058348684356730018e+00,4.659975369843281923e-02
8.980000000000006866e-01,7.626460432388944000e-01,6.113173127061153345e-01,3.930700906922926396e+00,-5.084298610028548104e+00,4.665170034360961726e-02
8.990000000000006875e-01,7.665605947551703547e-01,6.062201249177301410e-01,3.898372679727265311e+00,-5.110042522181628577e+00,4.670364697532598114e-02
9.000000000000006883e-01,7.704427299298909348e-01,6.010972967686177837e-01,3.865868447881493974e+00,-5.135579114502313303e+00,4.675559359356693673e-02
9.010000000000006892e-01,7.742922734324170220e-01,5.959490362280689402e-01,3.833189561206124640e+00,-5.160907089563667505e+00,4.680754019831751683e-02
9.020000000000006901e-01,7.781090512873153342e-01,5.907755525583145984e-01,3.800337380281747723e+00,-5.186025158929847834e+00,4.685948678956274732e-02
9.030000000000006910e-01,7.818928908850873993e-01,5.855770563054824018e-01,3.767313276387695087e+00,-5.210932043260074309e+00,4.691143336728765406e-02
9.040000000000006919e-01,7.856436209928376879e-01,5.803537592904502995e-01,3.734118631439519831e+00,-5.235626472412189258e+00,4.696337993147726986e-02
9.050000000000006928e-01,7.893610717648777975e-01,5.751058745995960564e-01,3.700754837925300578e+00,-5.260107185545784603e+00,4.701532648211662058e-02
9.060000000000006937e-01,7.930450747532665767e-01,5.698336165754441796e-01,3.667223298840767587e+00,-5.284372931224894820e+00,4.706727301919073209e-02
9.070000000000006946e-01,7.966954629182850800e-01,5.645372008072102599e-01,3.633525427623259141e+00,-5.308422467520220955e+00,4.711921954268463719e-02
9.080000000000006954e-01,8.003120706388444638e-01,5.592168441212433949e-01,3.599662648084504646e+00,-5.332254562110890106e+00,4.717116605258336176e-02
9.090000000000006963e-01,8.038947337228263823e-01,5.538727645713671377e-01,3.565636394342241555e+00,-5.355867992385717535e+00,4.722311254887193860e-02
9.100000000000006972e-01,8.074432894173543263e-01,5.485051814291195260e-01,3.531448110750668334e+00,-5.379261545543970513e+00,4.727505903153539357e-02
9.110000000000006981e-01,8.109575764189949076e-01,5.431143151738920816e-01,3.497099251829738353e+00,-5.402434018695607243e+00,4.732700550055875255e-02
9.120000000000006990e-01,8.144374348838874234e-01,5.377003874829696661e-01,3.462591282193294706e+00,-5.425384218960980220e+00,4.737895195592704833e-02
9.130000000000006999e-01,8.178827064378018097e-01,5.322636212214701956e-01,3.427925676476053951e+00,-5.448110963569991583e+00,4.743089839762530679e-02
9.140000000000007008e-01,8.212932341861221008e-01,5.268042404321856553e-01,3.393103919259440993e+00,-5.470613079960680913e+00,4.748284482563855380e-02
9.150000000000007017e-01,8.246688627237560576e-01,5.213224703253253045e-01,3.358127504996280432e+00,-5.492889405877227738e+00,4.753479123995182215e-02
9.160000000000007025e-01,8.280094381449678576e-01,5.158185372681604042e-01,3.322997937934347501e+00,-5.514938789467359825e+00,4.758673764055013772e-02
9.170000000000007034e-01,8.313148080531348461e-01,5.102926687745723555e-01,3.287716732038785228e+00,-5.536760089379149541e+00,4.763868402741853331e-02
9.180000000000007043e-01,8.345848215704253503e-01,5.047450934945042489e-01,3.252285410913392294e+00,-5.558352174857181360e+00,4.769063040054203478e-02
9.190000000000007052e-01,8.378193293473976677e-01,4.991760412033164340e-01,3.216705507720786894e+00,-5.579713925838072797e+00,4.774257675990567495e-02
9.200000000000007061e-01,8.410181835725184518e-01,4.935857427910471662e-01,3.180978565101451938e+00,-5.600844233045344289e+00,4.779452310549447969e-02
9.210000000000007070e-01,8.441812379815994971e-01,4.879744302515784393e-01,3.145106135091667809e+00,-5.621741998083609637e+00,4.784646943729348179e-02
9.220000000000007079e-01,8.473083478671522561e-01,4.823423366717080607e-01,3.109089779040338453e+00,-5.642406133532078982e+00,4.789841575528770712e-02
9.230000000000007088e-01,8.503993700876584239e-01,4.766896962201286891e-01,3.072931067524718340e+00,-5.662835563037361020e+00,4.795036205946218849e-02
9.240000000000007097e-01,8.534541630767553677e-01,4.710167441363141694e-01,3.036631580265044317e+00,-5.683029221405543119e+00,4.800230834980195177e-02
9.250000000000007105e-01,8.564725868523365149e-01,4.653237167193145507e-01,3.000192906038081198e+00,-5.702986054693540474e+00,4.805425462629202282e-02
9.260000000000007114e-01,8.594545030255635876e-01,4.596108513164597342e-01,2.963616642589587347e+00,-5.722705020299694745e+00,4.810620088891744139e-02
9.270000000000007123e-01,8.623997748097917970e-01,4.538783863119730255e-01,2.926904396545707776e+00,-5.742185087053612413e+00,4.815814713766322641e-02
9.280000000000007132e-01,8.653082670294054424e-01,4.481265611154954254e-01,2.890057783323301877e+00,-5.761425235305221548e+00,4.821009337251441762e-02
9.290000000000007141e-01,8.681798461285632484e-01,4.423556161505210471e-01,2.853078427039212439e+00,-5.780424457013038975e+00,4.826203959345603395e-02
9.300000000000007150e-01,8.710143801798525542e-01,4.365657928427446599e-01,2.815967960418487070e+00,-5.799181755831630092e+00,4.831398580047311514e-02
9.310000000000007159e-01,8.738117388928512419e-01,4.307573336083223570e-01,2.778728024701555110e+00,-5.817696147198245349e+00,4.836593199355068706e-02
9.320000000000007168e-01,8.765717936225961848e-01,4.249304818420457930e-01,2.741360269550375151e+00,-5.835966658418620945e+00,4.841787817267377558e-02
9.330000000000007176e-01,8.792944173779575490e-01,4.190854819054313229e-01,2.703866352953554042e+00,-5.853992328751931318e+00,4.846982433782741351e-02
9.340000000000007185e-01,8.819794848299175039e-01,4.132225791147242089e-01,2.666247941130451604e+00,-5.871772209494876549e+00,4.852177048899663364e-02
9.350000000000007194e-01,8.846268723197525663e-01,4.073420197288196154e-01,2.628506708434279027e+00,-5.889305364064890469e+00,4.857371662616646185e-02
9.360000000000007203e-01,8.872364578671187996e-01,4.014440509371005605e-01,2.590644337254199403e+00,-5.906590868082454371e+00,4.862566274932193094e-02
9.370000000000007212e-01,8.898081211780380917e-01,3.955289208471940987e-01,2.552662517916438834e+00,-5.923627809452510107e+00,4.867760885844806679e-02
9.380000000000007221e-01,8.923417436527855129e-01,3.895968784726465128e-01,2.514562948584420532e+00,-5.940415288444945041e+00,4.872955495352990218e-02
9.390000000000007230e-01,8.948372083936763088e-01,3.836481737205185705e-01,2.476347335157929042e+00,-5.956952417774150632e+00,4.878150103455246994e-02
9.400000000000007239e-01,8.972944002127511975e-01,3.776830573789015655e-01,2.438017391171316994e+00,-5.973238322677628886e+00,4.883344710150079593e-02
9.410000000000007248e-01,8.997132056393598587e-01,3.717017811043554221e-01,2.399574837690764184e+00,-5.989272140993640470e+00,4.888539315435991295e-02
9.420000000000007256e-01,9.020935129276407283e-01,3.657045974092693053e-01,2.361021403210596059e+00,-6.005053023237876708e+00,4.893733919311485381e-02
9.430000000000007265e-01,9.044352120638973203e-01,3.596917596491465141e-01,2.322358823548679396e+00,-6.020580132679145713e+00,4.898928521775064437e-02
9.440000000000007274e-01,9.067381947738687442e-01,3.536635220098137689e-01,2.283588841740899156e+00,-6.035852645414059303e+00,4.904123122825231745e-02
9.450000000000007283e-01,9.090023545298946406e-01,3.476201394945565015e-01,2.244713207934730725e+00,-6.050869750440703854e+00,4.909317722460490585e-02
9.460000000000007292e-01,9.112275865579733125e-01,3.415618679111810940e-01,2.205733679281920878e+00,-6.065630649731287072e+00,4.914512320679343543e-02
9.470000000000007301e-01,9.134137878447119441e-01,3.354889638590047296e-01,2.166652019830284104e+00,-6.080134558303747383e+00,4.919706917480293901e-02
9.480000000000007310e-01,9.155608571441681276e-01,3.294016847157743566e-01,2.127470000414631635e+00,-6.094380704292310824e+00,4.924901512861844938e-02
9.490000000000007319e-01,9.176686949845819230e-01,3.233002886245155416e-01,2.088189398546839382e+00,-6.108368329016983900e+00,4.930096106822499935e-02
9.500000000000007327e-01,9.197372036749976720e-01,3.171850344803123778e-01,2.048811998305072990e+00,-6.122096687051973518e+00,4.935290699360761479e-02
9.510000000000007336e-01,9.217662873117746791e-01,3.110561819170196141e-01,2.009339590222177119e+00,-6.135565046293018021e+00,4.940485290475132851e-02
9.520000000000007345e-01,9.237558517849855377e-01,3.049139912939077823e-01,1.969773971173244487e+00,-6.148772688023621313e+00,4.945679880164117331e-02
9.530000000000007354e-01,9.257058047847018800e-01,2.987587236822428771e-01,1.930116944262377343e+00,-6.161718906980171440e+00,4.950874468426217506e-02
9.540000000000007363e-01,9.276160558071665507e-01,2.925906408518014201e-01,1.890370318708652464e+00,-6.174403011415941833e+00,4.956069055259936657e-02
9.550000000000007372e-01,9.294865161608509840e-01,2.864100052573218536e-01,1.850535909731304551e+00,-6.186824323163957473e+00,4.961263640663778063e-02
9.560000000000007381e-01,9.313170989723980053e-01,2.802170800248940385e-01,1.810615538434140470e+00,-6.198982177698717067e+00,4.966458224636245006e-02
9.570000000000007390e-01,9.331077191924480596e-01,2.740121289382872471e-01,1.770611031689198533e+00,-6.210875924196755271e+00,4.971652807175840766e-02
9.580000000000007399e-01,9.348582936013488665e-01,2.677954164252184799e-01,1.730524222019665492e+00,-6.222504925596046732e+00,4.976847388281067930e-02
9.590000000000007407e-01,9.365687408147479465e-01,2.615672075435616639e-01,1.690356947482066108e+00,-6.233868558654224401e+00,4.982041967950429778e-02
9.600000000000007416e-01,9.382389812890665759e-01,2.553277679674995082e-01,1.650111051547737961e+00,-6.244966214005618355e+00,4.987236546182429592e-02
9.610000000000007425e-01,9.398689373268552805e-01,2.490773639736186540e-01,1.609788382983607491e+00,-6.255797296217091130e+00,4.992431122975570651e-02
9.620000000000007434e-01,9.414585330820292031e-01,2.428162624269498693e-01,1.569390795732279908e+00,-6.266361223842670469e+00,4.997625698328356236e-02
9.630000000000007443e-01,9.430076945649836784e-01,2.365447307669540089e-01,1.528920148791458544e+00,-6.276657429476959038e+00,5.002820272239288935e-02
9.640000000000007452e-01,9.445163496475890152e-01,2.302630369934551835e-01,1.488378306092707382e+00,-6.286685359807324680e+00,5.008014844706872720e-02
9.650000000000007461e-01,9.459844280680631545e-01,2.239714496525225251e-01,1.447767136379572994e+00,-6.296444475664847218e+00,5.013209415729610180e-02
9.660000000000007470e-01,9.474118614357226464e-01,2.176702378223014100e-01,1.407088513085079207e+00,-6.305934252074026247e+00,5.018403985306004594e-02
9.670000000000007478e-01,9.487985832356102822e-01,2.113596710987958316e-01,1.366344314208610244e+00,-6.315154178301228605e+00,5.023598553434559244e-02
9.680000000000007487e-01,9.501445288330001571e-01,2.050400195816027282e-01,1.325536422192198582e+00,-6.324103757901877287e+00,5.028793120113777410e-02
9.690000000000007496e-01,9.514496354777778331e-01,1.987115538595999042e-01,1.284666723796231258e+00,-6.332782508766366725e+00,5.033987685342161678e-02
9.700000000000007505e-01,9.527138423086963792e-01,1.923745449965886534e-01,1.243737109974591748e+00,-6.341189963164699073e+00,5.039182249118216023e-02
9.710000000000007514e-01,9.539370903575075111e-01,1.860292645168923342e-01,1.202749475749250951e+00,-6.349325667789829986e+00,5.044376811440443725e-02
9.720000000000007523e-01,9.551193225529661657e-01,1.796759843909122856e-01,1.161705720084326154e+00,-6.357189183799722976e+00,5.049571372307347372e-02
9.730000000000007532e-01,9.562604837247100642e-01,1.733149770206423579e-01,1.120607745759620855e+00,-6.364780086858094599e+00,5.054765931717430244e-02
9.740000000000007541e-01,9.573605206070116003e-01,1.669465152251433104e-01,1.079457459243663431e+00,-6.372097967173854016e+00,5.059960489669196315e-02
9.750000000000007550e-01,9.584193818424029399e-01,1.605708722259784893e-01,1.038256770566260201e+00,-6.379142429539220949e+00,5.065155046161148172e-02
9.760000000000007558e-01,9.594370179851734459e-01,1.541883216326119521e-01,9.970075931905792999e-01,-6.385913093366518467e+00,5.070349601191789096e-02
9.770000000000007567e-01,9.604133815047388723e-01,1.477991374277705661e-01,9.557118438847812536e-01,-6.392409592723635292e+00,5.075544154759623061e-02
9.780000000000007576e-01,9.613484267888819934e-01,1.414035939527712449e-01,9.143714425932136791e-01,-6.398631576368149609e+00,5.080738706863152654e-02
9.790000000000007585e-01,9.622421101468641158e-01,1.350019658928147681e-01,8.729883123071860984e-01,-6.404578707780108182e+00,5.085933257500881155e-02
9.800000000000007594e-01,9.630943898124074698e-01,1.285945282622474595e-01,8.315643789353417414e-01,-6.410250665193454545e+00,5.091127806671311845e-02
9.810000000000007603e-01,9.639052259465473727e-01,1.221815563897921952e-01,7.901015711736433245e-01,-6.415647141626099170e+00,5.096322354372948005e-02
9.820000000000007612e-01,9.646745806403544954e-01,1.157633259037499224e-01,7.486018203749892352e-01,-6.420767844908630728e+00,5.101516900604293608e-02
9.830000000000007621e-01,9.654024179175262343e-01,1.093401127171732268e-01,7.070670604184777774e-01,-6.425612497711659543e+00,5.106711445363851243e-02
9.840000000000007629e-01,9.660887037368478536e-01,1.029121930130131729e-01,6.654992275783362388e-01,-6.430180837571786157e+00,5.111905988650124188e-02
9.850000000000007638e-01,9.667334059945215108e-01,9.647984322924094136e-02,6.239002603925319912e-01,-6.434472616916195875e+00,5.117100530461615726e-02
9.860000000000007647e-01,9.673364945263642767e-01,9.004334004394549951e-02,5.822720995310823877e-01,-6.438487603085869537e+00,5.122295070796829830e-02
9.870000000000007656e-01,9.678979411098744823e-01,8.360296036040877621e-02,5.406166876640821073e-01,-6.442225578357412274e+00,5.127489609654269087e-02
9.880000000000007665e-01,9.684177194661653942e-01,7.715898129215972845e-02,4.989359693294638243e-01,-6.445686339963486056e+00,5.132684147032437472e-02
9.890000000000007674e-01,9.688958052617669958e-01,7.071168014800860435e-02,4.572318908005105209e-01,-6.448869700111855785e+00,5.137878682929837570e-02
9.900000000000007683e-01,9.693321761102948741e-01,6.426133441706295690e-02,4.155063999531367624e-01,-6.451775486003032078e+00,5.143073217344973358e-02
9.910000000000007692e-01,9.697268115739864358e-01,5.780822175372660882e-02,3.737614461329565874e-01,-6.454403539846517823e+00,5.148267750276347421e-02
9.920000000000007701e-01,9.700796931651041177e-01,5.135261996268314366e-02,3.319989800221554987e-01,-6.456753718875649639e+00,5.153462281722463734e-02
9.930000000000007709e-01,9.703908043472053713e-01,4.489480698386523472e-02,2.902209535061842649e-01,-6.458825895361034242e+00,5.158656811681825577e-02
9.940000000000007718e-01,9.706601305362790866e-01,3.843506087741123400e-02,2.484293195402922927e-01,-6.460619956622573490e+00,5.163851340152936231e-02
9.950000000000007727e-01,9.708876591017485680e-01,3.197365980861048562e-02,2.066260320159184483e-01,-6.462135805040082559e+00,5.169045867134298977e-02
9.960000000000007736e-01,9.710733793673409497e-01,2.551088203283864708e-02,1.648130456269567556e-01,-6.463373358062493246e+00,5.174240392624417789e-02
9.970000000000007745e-01,9.712172826118228297e-01,1.904700588048459028e-02,1.229923157359152919e-01,-6.464332548215641516e+00,5.179434916621795254e-02
9.980000000000007754e-01,9.713193620696016772e-01,1.258230974187018666e-02,8.116579823998565368e-02,-6.465013323108641075e+00,5.184629439124935346e-02
9.990000000000007763e-01,9.713796129311937921e-01,6.117072052164422395e-03,3.933544943704118252e-02,-6.465415645438840286e+00,5.189823960132341346e-02
1.000000000000000666e+00,9.713980323435578157e-01,-3.484287237067069942e-04,-2.496774108418295390e-03,-6.465539492995358017e+00,5.195018479642516535e-02
