tau,x,y,u,v,theta1
0.000000000000000000e+00,9.999000000000000110e-01,-0.000000000000000000e+00,0.000000000000000000e+00,-6.283813657129372565e+00,0.000000000000000000e+00
1.000000000000000021e-03,9.998802569092011261e-01,-6.283772298885063369e-03,-3.948605161508685762e-02,-6.283689582804953488e+00,1.236231038538044281e-06
2.000000000000000042e-03,9.998210284166965112e-01,-1.256729645075600407e-02,-7.897054345273052389e-02,-6.283317364735825805e+00,2.472462077075886545e-06
3.000000000000000062e-03,9.997223168621293121e-01,-1.885032431840688236e-02,-1.184519157972131476e-01,-6.282697017634168546e+00,3.708693115613324985e-06
4.000000000000000083e-03,9.995841261448015214e-01,-2.513260778424774439e-02,-1.579286090562650458e-01,-6.281828566019632909e+00,4.944924154150156950e-06
5.000000000000000104e-03,9.994064617235202119e-01,-3.141389876011163595e-02,-1.973990638227826888e-01,-6.280712044218367929e+00,6.181155192686180846e-06
6.000000000000000125e-03,9.991893306163812660e-01,-3.769394919706044178e-02,-2.368617209365392051e-01,-6.279347496361658898e+00,7.417386231221194231e-06
7.000000000000000146e-03,9.989327414004913752e-01,-4.397251109518919565e-02,-2.763150215458851644e-01,-6.277734976384179433e+00,8.653617269754995512e-06
8.000000000000000167e-03,9.986367042116292003e-01,-5.024933651342841645e-02,-3.157574071694370099e-01,-6.275874548021847410e+00,9.889848308287381402e-06
9.000000000000001055e-03,9.983012307438438038e-01,-5.652417757934412312e-02,-3.551873197577506414e-01,-6.273766284809300764e+00,1.112607934681815115e-05
1.000000000000000194e-02,9.979263342489920197e-01,-6.279678649893515041e-02,-3.946032017549779836e-01,-6.271410270076978932e+00,1.236231038534710317e-05
1.100000000000000283e-02,9.975120295362140954e-01,-6.906691556642728658e-02,-4.340034961605036545e-01,-6.268806596947817056e+00,1.359854142387403417e-05
1.200000000000000372e-02,9.970583329713474940e-01,-7.533431717406401107e-02,-4.733866465905596232e-01,-6.265955368333552045e+00,1.483477246239874255e-05
1.300000000000000461e-02,9.965652624762795231e-01,-8.159874382189322151e-02,-5.127510973398153871e-01,-6.262856696930640510e+00,1.607100350092102503e-05
1.400000000000000550e-02,9.960328375282379021e-01,-8.785994812754981120e-02,-5.520952934429408376e-01,-6.259510705215789450e+00,1.730723453944068001e-05
1.500000000000000638e-02,9.954610791590200458e-01,-9.411768283603350049e-02,-5.914176807361399835e-01,-6.255917525441095250e+00,1.854346557795750591e-05
1.600000000000000727e-02,9.948500099541606190e-01,-1.003717008294816027e-01,-6.307167059186522540e-01,-6.252077299628800766e+00,1.977969661647130281e-05
1.700000000000000816e-02,9.941996540520381398e-01,-1.066217551369364469e-01,-6.699908166142198862e-01,-6.247990179565658941e+00,2.101592765498186405e-05
1.800000000000000905e-02,9.935100371429194110e-01,-1.128675989441068478e-01,-7.092384614325181191e-01,-6.243656326796912737e+00,2.225215869348898972e-05
1.900000000000000994e-02,9.927811864679431109e-01,-1.191089856031234823e-01,-7.484580900305465301e-01,-6.239075912619888697e+00,2.348838973199247993e-05
2.000000000000001082e-02,9.920131308180415441e-01,-1.253456686422875777e-01,-7.876481531739778497e-01,-6.234249118077199725e+00,2.472462077049213138e-05
2.100000000000001171e-02,9.912059005328014427e-01,-1.315774017758126191e-01,-8.268071027984635890e-01,-6.229176133949565930e+00,2.596085180898774080e-05
2.200000000000001260e-02,9.903595274992635922e-01,-1.378039389135587434e-01,-8.659333920708920385e-01,-6.223857160748243800e+00,2.719708284747910488e-05
2.300000000000001349e-02,9.894740451506606194e-01,-1.440250341707593196e-01,-9.050254754505979715e-01,-6.218292408707076113e+00,2.843331388596602373e-05
2.400000000000001438e-02,9.885494884650940506e-01,-1.502404418777393835e-01,-9.440818087505205014e-01,-6.212482097774150169e+00,2.966954492444829746e-05
2.500000000000001527e-02,9.875858939641503076e-01,-1.564499165896255373e-01,-9.831008491983070918e-01,-6.206426457603074986e+00,3.090577596292571938e-05
2.600000000000001615e-02,9.865832997114554193e-01,-1.626532130960470501e-01,-1.022081055497360724e+00,-6.200125727543871257e+00,3.214200700139808960e-05
2.700000000000001704e-02,9.855417453111685600e-01,-1.688500864308273841e-01,-1.061020887887829334e+00,-6.193580156633476719e+00,3.337823803986520821e-05
2.800000000000001793e-02,9.844612719064151918e-01,-1.750402918816663655e-01,-1.099918808207532628e+00,-6.186790003585868725e+00,3.461446907832687193e-05
2.900000000000001882e-02,9.833419221776584784e-01,-1.812235849998120318e-01,-1.138773279952826512e+00,-6.179755536781801339e+00,3.585070011678287747e-05
3.000000000000001971e-02,9.821837403410109690e-01,-1.873997216097221530e-01,-1.177582768339400454e+00,-6.172477034258160522e+00,3.708693115523302154e-05
3.100000000000002059e-02,9.809867721464842205e-01,-1.935684578187148452e-01,-1.216345740363006689e+00,-6.164954783696936502e+00,3.832316219367710086e-05
3.200000000000002148e-02,9.797510648761790231e-01,-1.997295500266080548e-01,-1.255060664860118580e+00,-6.157189082413812464e+00,3.955939323211491891e-05
3.300000000000002237e-02,9.784766673424137862e-01,-2.058827549353473563e-01,-1.293726012568515937e+00,-6.149180237346369537e+00,4.079562427054627240e-05
3.400000000000002326e-02,9.771636298857935277e-01,-2.120278295586217887e-01,-1.332340256187793281e+00,-6.140928565041915199e+00,4.203185530897095127e-05
3.500000000000002415e-02,9.758120043732174675e-01,-2.181645312314673679e-01,-1.370901870439791725e+00,-6.132434391644926208e+00,4.326808634738875902e-05
3.600000000000002504e-02,9.744218441958267807e-01,-2.242926176198577481e-01,-1.409409332128948922e+00,-6.123698052884114063e+00,4.450431738579949912e-05
3.700000000000002592e-02,9.729932042668917314e-01,-2.304118467302819495e-01,-1.447861120202566632e+00,-6.114719894059104988e+00,4.574054842420296151e-05
3.800000000000002681e-02,9.715261410196387448e-01,-2.365219769193083188e-01,-1.486255715810992362e+00,-6.105500270026748666e+00,4.697677946259894968e-05
3.900000000000002770e-02,9.700207124050173046e-01,-2.426227669031348622e-01,-1.524591602367714183e+00,-6.096039545187040609e+00,4.821301050098726035e-05
4.000000000000002859e-02,9.684769778894068981e-01,-2.487139757671251172e-01,-1.562867265609364065e+00,-6.086338093468669719e+00,4.944924153936769022e-05
4.100000000000002948e-02,9.668949984522638985e-01,-2.547953629753295091e-01,-1.601081193655629953e+00,-6.076396298314188371e+00,5.068547257774003601e-05
4.200000000000003036e-02,9.652748365837084954e-01,-2.608666883799916625e-01,-1.639231877069072141e+00,-6.066214552664802362e+00,5.192170361610409443e-05
4.300000000000003125e-02,9.636165562820518948e-01,-2.669277122310391714e-01,-1.677317808914842168e+00,-6.055793258944786928e+00,5.315793465445966897e-05
4.400000000000003214e-02,9.619202230512641227e-01,-2.729781951855588251e-01,-1.715337484820302461e+00,-6.045132829045527068e+00,5.439416569280654956e-05
4.500000000000003303e-02,9.601859038983818762e-01,-2.790178983172556526e-01,-1.753289403034543836e+00,-6.034233684309178614e+00,5.563039673114453969e-05
4.600000000000003392e-02,9.584136673308571996e-01,-2.850465831258951477e-01,-1.791172064487798199e+00,-6.023096255511960706e+00,5.686662776947343608e-05
4.700000000000003481e-02,9.566035833538465427e-01,-2.910640115467290623e-01,-1.828983972850744655e+00,-6.011720982847067241e+00,5.810285880779304221e-05
4.800000000000003569e-02,9.547557234674408644e-01,-2.970699459599035475e-01,-1.866723634593706604e+00,-6.000108315907212386e+00,5.933908984610314802e-05
4.900000000000003658e-02,9.528701606638362298e-01,-3.030641491998497528e-01,-1.904389559045736480e+00,-5.988258713666797739e+00,6.057532088440355700e-05
5.000000000000003747e-02,9.509469694244458982e-01,-3.090463845646564955e-01,-1.941980258453587904e+00,-5.976172644463708217e+00,6.181155192269406585e-05
5.100000000000003836e-02,9.489862257169527915e-01,-3.150164158254246116e-01,-1.979494248040570614e+00,-5.963850585980741137e+00,6.304778296097446452e-05
5.200000000000003925e-02,9.469880069923038990e-01,-3.209740072356022100e-01,-2.016930046065287030e+00,-5.951293025226658706e+00,6.428401399924456327e-05
5.300000000000004013e-02,9.449523921816455063e-01,-3.269189235403011651e-01,-2.054286173880248256e+00,-5.938500458516877245e+00,6.552024503750414526e-05
5.400000000000004102e-02,9.428794616932000272e-01,-3.328509299855939019e-01,-2.091561155990365517e+00,-5.925473391453780714e+00,6.675647607575302075e-05
5.500000000000004191e-02,9.407692974090844373e-01,-3.387697923277903644e-01,-2.128753520111318576e+00,-5.912212338906671860e+00,6.799270711399098646e-05
5.600000000000004280e-02,9.386219826820704215e-01,-3.446752768426947222e-01,-2.165861797227793595e+00,-5.898717824991352998e+00,6.922893815221783909e-05
5.700000000000004369e-02,9.364376023322862341e-01,-3.505671503348415929e-01,-2.202884521651591765e+00,-5.884990383049341744e+00,7.046516919043337537e-05
5.800000000000004458e-02,9.342162426438606060e-01,-3.564451801467112269e-01,-2.239820231079605595e+00,-5.871030555626719938e+00,7.170140022863739199e-05
5.900000000000004546e-02,9.319579913615086975e-01,-3.623091341679232080e-01,-2.276667466651661531e+00,-5.856838894452618405e+00,7.293763126682968568e-05
6.000000000000004635e-02,9.296629376870603201e-01,-3.681587808444086729e-01,-2.313424773008222246e+00,-5.842415960417336684e+00,7.417386230501006670e-05
6.100000000000004724e-02,9.273311722759306486e-01,-3.739938891875604354e-01,-2.350090698347952145e+00,-5.827762323550103041e+00,7.541009334317831821e-05
6.200000000000004813e-02,9.249627872335329792e-01,-3.798142287833605746e-01,-2.386663794485141210e+00,-5.812878562996467657e+00,7.664632438133423692e-05
6.300000000000004208e-02,9.225578761116347559e-01,-3.856195698014853179e-01,-2.423142616906982294e+00,-5.797765266995338784e+00,7.788255541947763309e-05
6.400000000000004297e-02,9.201165339046559755e-01,-3.914096830043868325e-01,-2.459525724830705418e+00,-5.782423032855654732e+00,7.911878645760830344e-05
6.500000000000004385e-02,9.176388570459105276e-01,-3.971843397563513123e-01,-2.495811681260561077e+00,-5.766852466932699706e+00,8.035501749572603112e-05
6.600000000000004474e-02,9.151249434037909136e-01,-4.029433120325334183e-01,-2.531999053044653891e+00,-5.751054184604059927e+00,8.159124853383062641e-05
6.700000000000004563e-02,9.125748922778958994e-01,-4.086863724279664600e-01,-2.568086410931622598e+00,-5.735028810245221820e+00,8.282747957192188601e-05
6.800000000000004652e-02,9.099888043951019911e-01,-4.144132941665478187e-01,-2.604072329627165061e+00,-5.718776977204814038e+00,8.406371060999960664e-05
6.900000000000004741e-02,9.073667819055778461e-01,-4.201238511099996131e-01,-2.639955387850405177e+00,-5.702299327779494220e+00,8.529994164806358500e-05
7.000000000000004829e-02,9.047089283787427272e-01,-4.258178177668041076e-01,-2.675734168390100809e+00,-5.685596513188481360e+00,8.653617268611361781e-05
7.100000000000004918e-02,9.020153487991692254e-01,-4.314949693011132514e-01,-2.711407258160689171e+00,-5.668669193547734686e+00,8.777240372414951534e-05
7.200000000000005007e-02,8.992861495624291379e-01,-4.371550815416325175e-01,-2.746973248258167466e+00,-5.651518037843778153e+00,8.900863476217106074e-05
7.300000000000005096e-02,8.965214384708845019e-01,-4.427979309904780392e-01,-2.782430734015807872e+00,-5.634143723907178547e+00,9.024486580017806428e-05
7.400000000000005185e-02,8.937213247294220064e-01,-4.484232948320074352e-01,-2.817778315059703331e+00,-5.616546938385666543e+00,9.148109683817030912e-05
7.500000000000005274e-02,8.908859189411330037e-01,-4.540309509416232681e-01,-2.853014595364141925e+00,-5.598728376716914923e+00,9.271732787614760552e-05
7.600000000000005362e-02,8.880153331029372321e-01,-4.596206778945492455e-01,-2.888138183306809381e+00,-5.580688743100963300e+00,9.395355891410973664e-05
7.700000000000005451e-02,8.851096806011523599e-01,-4.651922549745787783e-01,-2.923147691723815278e+00,-5.562428750472300898e+00,9.518978995205651275e-05
7.800000000000005540e-02,8.821690762070076852e-01,-4.707454621827951158e-01,-2.958041737964541618e+00,-5.543949120471597602e+00,9.642602098998773056e-05
7.900000000000005629e-02,8.791936360721037680e-01,-4.762800802462634486e-01,-2.992818943946311983e+00,-5.525250583417095740e+00,9.766225202790318677e-05
8.000000000000005718e-02,8.761834777238171057e-01,-4.817958906266938679e-01,-3.027477936208879505e+00,-5.506333878275656346e+00,9.889848306580267812e-05
8.100000000000005806e-02,8.731387200606507415e-01,-4.872926755290755141e-01,-3.062017345968729209e+00,-5.487199752633459937e+00,1.001347141036860013e-04
8.200000000000005895e-02,8.700594833475301382e-01,-4.927702179102809721e-01,-3.096435809173196496e+00,-5.467848962666370660e+00,1.013709451415529666e-04
8.300000000000005984e-02,8.669458892110456505e-01,-4.982283014876411342e-01,-3.130731966554394674e+00,-5.448282273109957607e+00,1.026071761794033571e-04
8.400000000000006073e-02,8.637980606346405965e-01,-5.036667107474895877e-01,-3.164904463682953306e+00,-5.428500457229178622e+00,1.038434072172369696e-04
8.500000000000006162e-02,8.606161219537461493e-01,-5.090852309536769704e-01,-3.198951951021564710e+00,-5.408504296787723931e+00,1.050796382550536144e-04
8.600000000000006251e-02,8.574001988508626049e-01,-5.144836481560538521e-01,-3.232873083978334616e+00,-5.388294582017027601e+00,1.063158692928530880e-04
8.700000000000006339e-02,8.541504183505872483e-01,-5.198617491989232509e-01,-3.266666522959935648e+00,-5.367872111584937933e+00,1.075521003306351738e-04
8.800000000000006428e-02,8.508669088145892623e-01,-5.252193217294610639e-01,-3.300330933424563185e+00,-5.347237692564061007e+00,1.087883313683996820e-04
8.900000000000006517e-02,8.475497999365320112e-01,-5.305561542061048019e-01,-3.333864985934688718e+00,-5.326392140399764941e+00,1.100245624061464093e-04
9.000000000000006606e-02,8.441992227369421453e-01,-5.358720359069102379e-01,-3.367267356209611595e+00,-5.305336278877856415e+00,1.112607934438751523e-04
9.100000000000006695e-02,8.408153095580269687e-01,-5.411667569378755260e-01,-3.400536725177803365e+00,-5.284070940091927682e+00,1.124970244815857079e-04
9.200000000000006783e-02,8.373981940584388495e-01,-5.464401082412327915e-01,-3.433671779029047855e+00,-5.262596964410371392e+00,1.137332555192778727e-04
9.300000000000006872e-02,8.339480112079882268e-01,-5.516918816037058582e-01,-3.466671209266368070e+00,-5.240915200443070354e+00,1.149694865569514434e-04
9.400000000000006961e-02,8.304648972823043263e-01,-5.569218696647353362e-01,-3.499533712757745274e+00,-5.219026505007762218e+00,1.162057175946062303e-04
9.500000000000007050e-02,8.269489898574442499e-01,-5.621298659246692919e-01,-3.532257991787622231e+00,-5.196931743096076417e+00,1.174419486322420166e-04
9.600000000000007139e-02,8.234004278044512182e-01,-5.673156647529201679e-01,-3.564842754108191514e+00,-5.174631787839249597e+00,1.186781796698586124e-04
9.700000000000007228e-02,8.198193512838610753e-01,-5.724790613960868413e-01,-3.597286712990466651e+00,-5.152127520473518629e+00,1.199144107074558011e-04
9.800000000000007316e-02,8.162059017401580574e-01,-5.776198519860425984e-01,-3.629588587275133449e+00,-5.129419830305193884e+00,1.211506417450333928e-04
9.900000000000007405e-02,8.125602218961797130e-01,-5.827378335479873606e-01,-3.661747101423179274e+00,-5.106509614675410091e+00,1.223868727825911708e-04
1.000000000000000749e-01,8.088824557474714183e-01,-5.878328040084647155e-01,-3.693760985566298949e+00,-5.083397778924564570e+00,1.236231038201289587e-04
1.010000000000000758e-01,8.051727485565907116e-01,-5.929045622033433105e-01,-3.725628975557075062e+00,-5.060085236356433924e+00,1.248593348576465263e-04
1.020000000000000767e-01,8.014312468473611117e-01,-5.979529078857623858e-01,-3.757349813018931339e+00,-5.036572908201979004e+00,1.260955658951436837e-04
1.030000000000000776e-01,7.976580983990766427e-01,-6.029776417340403372e-01,-3.788922245395855093e+00,-5.012861723582833662e+00,1.273317969326202414e-04
1.040000000000000785e-01,7.938534522406565097e-01,-6.079785653595473072e-01,-3.820345026001889632e+00,-4.988952619474484429e+00,1.285680279700759823e-04
1.050000000000000794e-01,7.900174586447502589e-01,-6.129554813145403624e-01,-3.851616914070390862e+00,-4.964846540669139330e+00,1.298042590075107168e-04
1.060000000000000803e-01,7.861502691217939764e-01,-6.179081930999614780e-01,-3.882736674803051180e+00,-4.940544439738284055e+00,1.310404900449242281e-04
1.070000000000000812e-01,7.822520364140175264e-01,-6.228365051731982183e-01,-3.913703079418684005e+00,-4.916047276994934379e+00,1.322767210823163264e-04
1.080000000000000820e-01,7.783229144894031615e-01,-6.277402229558058933e-01,-3.944514905201769839e+00,-4.891356020455580378e+00,1.335129521196867948e-04
1.090000000000000829e-01,7.743630585355957274e-01,-6.326191528411921894e-01,-3.975170935550760731e+00,-4.866471645801827783e+00,1.347491831570354437e-04
1.100000000000000838e-01,7.703726249537645732e-01,-6.374731022022628313e-01,-4.005669960026141396e+00,-4.841395136341735572e+00,1.359854141943620562e-04
1.110000000000000847e-01,7.663517713524176100e-01,-6.423018793990284969e-01,-4.036010774398246070e+00,-4.816127482970849805e+00,1.372216452316664425e-04
1.120000000000000856e-01,7.623006565411676316e-01,-6.471052937861729859e-01,-4.066192180694828018e+00,-4.790669684132941697e+00,1.384578762689484129e-04
1.130000000000000865e-01,7.582194405244512270e-01,-6.518831557205814198e-01,-4.096212987248377679e+00,-4.765022745780444602e+00,1.396941073062077507e-04
1.140000000000000874e-01,7.541082844952006203e-01,-6.566352765688291404e-01,-4.126072008743195241e+00,-4.739187681334594338e+00,1.409303383434442388e-04
1.150000000000000883e-01,7.499673508284683265e-01,-6.613614687146303073e-01,-4.155768066262206517e+00,-4.713165511645275529e+00,1.421665693806576877e-04
1.160000000000000892e-01,7.457968030750049548e-01,-6.660615455662465267e-01,-4.185299987333524818e+00,-4.686957264950574853e+00,1.434028004178479075e-04
1.170000000000000900e-01,7.415968059547913827e-01,-6.707353215638546251e-01,-4.214666605976758795e+00,-4.660563976836039402e+00,1.446390314550146815e-04
1.180000000000000909e-01,7.373675253505238558e-01,-6.753826121868735655e-01,-4.243866762749060939e+00,-4.633986690193647284e+00,1.458752624921578198e-04
1.190000000000000918e-01,7.331091283010534587e-01,-6.800032339612503973e-01,-4.272899304790913177e+00,-4.607226455180490454e+00,1.471114935292771057e-04
1.200000000000000927e-01,7.288217829947802873e-01,-6.845970044667043508e-01,-4.301763085871655790e+00,-4.580284329177166214e+00,1.483477245663723494e-04
1.210000000000000936e-01,7.245056587630018807e-01,-6.891637423439297416e-01,-4.330456966434750754e+00,-4.553161376745888944e+00,1.495839556034433341e-04
1.220000000000000945e-01,7.201609260732162454e-01,-6.937032673017562434e-01,-4.358979813642777756e+00,-4.525858669588314065e+00,1.508201866404898701e-04
1.230000000000000954e-01,7.157877565223808025e-01,-6.982154001242671937e-01,-4.387330501422164630e+00,-4.498377286503082217e+00,1.520564176775117675e-04
1.240000000000000963e-01,7.113863228301260389e-01,-7.026999626778753782e-01,-4.415507910507652234e+00,-4.470718313343081007e+00,1.532926487145088096e-04
1.250000000000000833e-01,7.069567988319250817e-01,-7.071567779183556279e-01,-4.443510928486480438e+00,-4.442882842972431412e+00,1.545288797514807796e-04
1.260000000000000842e-01,7.024993594722193091e-01,-7.115856698978344497e-01,-4.471338449842312102e+00,-4.414871975223195300e+00,1.557651107884274876e-04
1.270000000000000850e-01,6.980141807974999946e-01,-7.159864637717362479e-01,-4.498989375998872831e+00,-4.386686816851805837e+00,1.570013418253487440e-04
1.280000000000000859e-01,6.935014399493466541e-01,-7.203589858056858031e-01,-4.526462615363322506e+00,-4.358328481495228779e+00,1.582375728622443319e-04
1.290000000000000868e-01,6.889613151574217609e-01,-7.247030633823667856e-01,-4.553757083369346148e+00,-4.329798089626851088e+00,1.594738038991140615e-04
1.300000000000000877e-01,6.843939857324231602e-01,-7.290185250083359714e-01,-4.580871702519964117e+00,-4.301096768512095991e+00,1.607100349359577162e-04
1.310000000000000886e-01,6.797996320589932973e-01,-7.333052003207929381e-01,-4.607805402430066088e+00,-4.272225652163775145e+00,1.619462659727751060e-04
1.320000000000000895e-01,6.751784355885860345e-01,-7.375629200943051300e-01,-4.634557119868656372e+00,-4.243185881297170781e+00,1.631824970095660412e-04
1.330000000000000904e-01,6.705305788322917238e-01,-7.417915162474876256e-01,-4.661125798800819453e+00,-4.213978603284854962e+00,1.644187280463302780e-04
1.340000000000000913e-01,6.658562453536203130e-01,-7.459908218496379417e-01,-4.687510390429397766e+00,-4.184604972111247712e+00,1.656549590830676537e-04
1.350000000000000921e-01,6.611556197612427077e-01,-7.501606711273247630e-01,-4.713709853236381697e+00,-4.155066148326909570e+00,1.668911901197779515e-04
1.360000000000000930e-01,6.564288877016910551e-01,-7.543008994709312631e-01,-4.739723153024011815e+00,-4.125363299002581030e+00,1.681274211564609544e-04
1.370000000000000939e-01,6.516762358520181708e-01,-7.584113434411522414e-01,-4.765549262955588894e+00,-4.095497597682958180e+00,1.693636521931165000e-04
1.380000000000000948e-01,6.468978519124162219e-01,-7.624918407754448513e-01,-4.791187163595991727e+00,-4.065470224340221428e+00,1.705998832297443441e-04
1.390000000000000957e-01,6.420939245987947741e-01,-7.665422303944325888e-01,-4.816635842951900059e+00,-4.035282365327301335e+00,1.718361142663442972e-04
1.400000000000000966e-01,6.372646436353193167e-01,-7.705623524082628739e-01,-4.841894296511726203e+00,-4.004935213330900190e+00,1.730723453029161694e-04
1.410000000000000975e-01,6.324101997469093739e-01,-7.745520481229168919e-01,-4.866961527285242894e+00,-3.974429967324260460e+00,1.743085763394597440e-04
1.420000000000000984e-01,6.275307846516977595e-01,-7.785111600464726944e-01,-4.891836545842916273e+00,-3.943767832519686767e+00,1.755448073759748311e-04
1.430000000000000993e-01,6.226265910534501957e-01,-7.824395318953201173e-01,-4.916518370354938661e+00,-3.912950020320819178e+00,1.767810384124612411e-04
1.440000000000001001e-01,6.176978126339460751e-01,-7.863370086003285131e-01,-4.941006026629958470e+00,-3.881977748274667128e+00,1.780172694489187571e-04
1.450000000000001010e-01,6.127446440453210297e-01,-7.902034363129657457e-01,-4.965298548153508129e+00,-3.850852240023395989e+00,1.792535004853471623e-04
1.460000000000001019e-01,6.077672809023707545e-01,-7.940386624113692227e-01,-4.989394976126123815e+00,-3.819574725255877823e+00,1.804897315217462669e-04
1.470000000000001028e-01,6.027659197748170827e-01,-7.978425355063684110e-01,-5.013294359501163200e+00,-3.788146439659001885e+00,1.817259625581158812e-04
1.480000000000001037e-01,5.977407581795365354e-01,-8.016149054474581703e-01,-5.036995755022311450e+00,-3.756568624868747541e+00,1.829621935944557884e-04
1.490000000000001046e-01,5.926919945727511241e-01,-8.053556233287234578e-01,-5.060498227260779913e+00,-3.724842528421025811e+00,1.841984246307657716e-04
1.500000000000001055e-01,5.876198283421827373e-01,-8.090645414947146286e-01,-5.083800848652195725e+00,-3.692969403702285991e+00,1.854346556670456410e-04
1.510000000000001064e-01,5.825244597991700024e-01,-8.127415135462729978e-01,-5.106902699533173440e+00,-3.660950509899893568e+00,1.866708867032952071e-04
1.520000000000001072e-01,5.774060901707493976e-01,-8.163863943463068873e-01,-5.129802868177581132e+00,-3.628787111952278543e+00,1.879071177395142528e-04
1.530000000000001081e-01,5.722649215916998378e-01,-8.199990400255178224e-01,-5.152500450832482315e+00,-3.596480480498857268e+00,1.891433487757025885e-04
1.540000000000001090e-01,5.671011570965517334e-01,-8.235793079880763257e-01,-5.174994551753769656e+00,-3.564031891829730458e+00,1.903795798118600245e-04
1.550000000000001099e-01,5.619150006115605223e-01,-8.271270569172471943e-01,-5.197284283241474512e+00,-3.531442627835158721e+00,1.916158108479863167e-04
1.560000000000001108e-01,5.567066569466450066e-01,-8.306421467809644854e-01,-5.219368765674761157e+00,-3.498713975954817368e+00,1.928520418840813026e-04
1.570000000000001117e-01,5.514763317872906079e-01,-8.341244388373554308e-01,-5.241247127546597717e+00,-3.465847229126832740e+00,1.940882729201447653e-04
1.580000000000001126e-01,5.462242316864186487e-01,-8.375737956402132811e-01,-5.262918505498108246e+00,-3.432843685736602257e+00,1.953245039561764880e-04
1.590000000000001135e-01,5.409505640562209949e-01,-8.409900810444189689e-01,-5.284382044352596175e+00,-3.399704649565399972e+00,1.965607349921763081e-04
1.600000000000001144e-01,5.356555371599611703e-01,-8.443731602113110357e-01,-5.305636897149248909e+00,-3.366431429738770298e+00,1.977969660281439816e-04
1.610000000000001152e-01,5.303393601037417193e-01,-8.477228996140042661e-01,-5.326682225176512908e+00,-3.333025340674711678e+00,1.990331970640793187e-04
1.620000000000001161e-01,5.250022428282380416e-01,-8.510391670426558086e-01,-5.347517198005141026e+00,-3.299487702031650649e+00,2.002694280999821298e-04
1.630000000000001170e-01,5.196443961004002521e-01,-8.543218316096798937e-01,-5.368140993520913895e+00,-3.265819838656211171e+00,2.015056591358521979e-04
1.640000000000001179e-01,5.142660315051216235e-01,-8.575707637549094819e-01,-5.388552797957029128e+00,-3.232023080530780579e+00,2.027418901716893334e-04
1.650000000000001188e-01,5.088673614368749432e-01,-8.607858352507059552e-01,-5.408751805926160117e+00,-3.198098762720871235e+00,2.039781212074933195e-04
1.660000000000001197e-01,5.034485990913175613e-01,-8.639669192070158488e-01,-5.428737220452182655e+00,-3.164048225322284136e+00,2.052143522432639663e-04
1.670000000000001206e-01,4.980099584568642435e-01,-8.671138900763742940e-01,-5.448508253001566715e+00,-3.129872813408075327e+00,2.064505832790010842e-04
1.680000000000001215e-01,4.925516543062289365e-01,-8.702266236588562798e-01,-5.468064123514435160e+00,-3.095573876975324712e+00,2.076868143147044563e-04
1.690000000000001223e-01,4.870739021879358921e-01,-8.733049971069732909e-01,-5.487404060435284059e+00,-3.061152770891713004e+00,2.089230453503738657e-04
1.700000000000001232e-01,4.815769184177999818e-01,-8.763488889305177665e-01,-5.506527300743367270e+00,-3.026610854841907283e+00,2.101592763860091228e-04
1.710000000000001241e-01,4.760609200703769250e-01,-8.793581790013526023e-01,-5.525433089982742629e+00,-2.991949493273756033e+00,2.113955074216100378e-04
1.720000000000001250e-01,4.705261249703835413e-01,-8.823327485581479168e-01,-5.544120682291977076e+00,-2.957170055344298998e+00,2.126317384571763938e-04
1.730000000000001259e-01,4.649727516840886921e-01,-8.852724802110627511e-01,-5.562589340433512497e+00,-2.922273914865590516e+00,2.138679694927080011e-04
1.740000000000001268e-01,4.594010195106745797e-01,-8.881772579463730333e-01,-5.580838335822687846e+00,-2.887262450250340784e+00,2.151042005282046430e-04
1.750000000000001277e-01,4.538111484735698475e-01,-8.910469671310451423e-01,-5.598866948556421086e+00,-2.852137044457376813e+00,2.163404315636661295e-04
1.760000000000001286e-01,4.482033593117534798e-01,-8.938814945172544046e-01,-5.616674467441541196e+00,-2.816899084936923980e+00,2.175766625990922440e-04
1.770000000000001295e-01,4.425778734710310025e-01,-8.966807282468494122e-01,-5.634260190022781778e+00,-2.781549963575712603e+00,2.188128936344827967e-04
1.780000000000001303e-01,4.369349130952828175e-01,-8.994445578557606069e-01,-5.651623422610423830e+00,-2.746091076641909989e+00,2.200491246698375977e-04
1.790000000000001312e-01,4.312747010176847806e-01,-9.021728742783543531e-01,-5.668763480307592140e+00,-2.710523824729880182e+00,2.212853557051564304e-04
1.800000000000001321e-01,4.255974607519020236e-01,-9.048655698517313883e-01,-5.685679687037201724e+00,-2.674849612704774060e+00,2.225215867404390778e-04
1.810000000000001330e-01,4.199034164832557425e-01,-9.075225383199698737e-01,-5.702371375568557887e+00,-2.639069849646952903e+00,2.237578177756853503e-04
1.820000000000001339e-01,4.141927930598636731e-01,-9.101436748383127107e-01,-5.718837887543602783e+00,-2.603185948796245874e+00,2.249940488108950580e-04
1.830000000000001348e-01,4.084658159837545321e-01,-9.127288759772991256e-01,-5.735078573502810251e+00,-2.567199327496044958e+00,2.262302798460679842e-04
1.840000000000001357e-01,4.027227114019565901e-01,-9.152780397268400758e-01,-5.751092792910730722e+00,-2.531111407137238700e+00,2.274665108812039390e-04
1.850000000000001366e-01,3.969637060975610421e-01,-9.177910655002378126e-01,-5.766879914181178179e+00,-2.494923613101987403e+00,2.287027419163027058e-04
1.860000000000001374e-01,3.911890274807602319e-01,-9.202678541381488220e-01,-5.782439314702066291e+00,-2.458637374707342005e+00,2.299389729513640946e-04
1.870000000000001383e-01,3.853989035798613960e-01,-9.227083079124906995e-01,-5.797770380859886608e+00,-2.422254125148710191e+00,2.311752039863878888e-04
1.880000000000001392e-01,3.795935630322759269e-01,-9.251123305302917377e-01,-5.812872508063831489e+00,-2.385775301443167518e+00,2.324114350213738985e-04
1.890000000000001401e-01,3.737732350754846555e-01,-9.274798271374846692e-01,-5.827745100769559095e+00,-2.349202344372623319e+00,2.336476660563219069e-04
1.900000000000001410e-01,3.679381495379798195e-01,-9.298107043226427892e-01,-5.842387572502597770e+00,-2.312536698426834736e+00,2.348838970912317243e-04
1.910000000000001419e-01,3.620885368301836049e-01,-9.321048701206592346e-01,-5.856799345881396057e+00,-2.275779811746279080e+00,2.361201281261031610e-04
1.920000000000001428e-01,3.562246279353438183e-01,-9.343622340163691975e-01,-5.870979852640005880e+00,-2.238933136064882312e+00,2.373563591609360000e-04
1.930000000000001437e-01,3.503466544004070204e-01,-9.365827069481144074e-01,-5.884928533650412241e+00,-2.201998126652606302e+00,2.385925901957300518e-04
1.940000000000001446e-01,3.444548483268697336e-01,-9.387662013112508808e-01,-5.898644838944494317e+00,-2.164976242257898420e+00,2.398288212304850993e-04
1.950000000000001454e-01,3.385494423616075554e-01,-9.409126309615980510e-01,-5.912128227735625075e+00,-2.127868945050006122e+00,2.410650522652009258e-04
1.960000000000001463e-01,3.326306696876832336e-01,-9.430219112188310548e-01,-5.925378168439911164e+00,-2.090677700561156538e+00,2.423012832998773687e-04
1.970000000000001472e-01,3.266987640151332029e-01,-9.450939588698146210e-01,-5.938394138697064228e+00,-2.053403977628605048e+00,2.435375143345141840e-04
1.980000000000001481e-01,3.207539595717338599e-01,-9.471286921718788943e-01,-5.951175625390907165e+00,-2.016049248336555078e+00,2.447737453691112091e-04
1.990000000000001490e-01,3.147964910937472993e-01,-9.491260308560375281e-01,-5.963722124669516234e+00,-1.978614987957950877e+00,2.460099764036682000e-04
2.000000000000001499e-01,3.088265938166472324e-01,-9.510858961301473791e-01,-5.976033141964996354e+00,-1.941102674896146407e+00,2.472462074381850212e-04
2.010000000000001508e-01,3.028445034658250878e-01,-9.530082106820091381e-01,-5.988108192012885134e+00,-1.903513790626451874e+00,2.484824384726614017e-04
2.020000000000001517e-01,2.968504562472771280e-01,-9.548928986824107845e-01,-5.999946798871193643e+00,-1.865849819637559914e+00,2.497186695070971788e-04
2.030000000000001525e-01,2.908446888382725248e-01,-9.567398857881108665e-01,-6.011548495939074144e+00,-1.828112249372854992e+00,2.509549005414921357e-04
2.040000000000001534e-01,2.848274383780030616e-01,-9.585490991447644937e-01,-6.022912825975119233e+00,-1.790302570171607766e+00,2.521911315758460555e-04
2.050000000000001543e-01,2.787989424582148490e-01,-9.603204673897891563e-01,-6.034039341115292387e+00,-1.752422275210055780e+00,2.534273626101587757e-04
2.060000000000001552e-01,2.727594391138219443e-01,-9.620539206551727007e-01,-6.044927602890483698e+00,-1.714472860442374902e+00,2.546635936444300793e-04
2.070000000000001561e-01,2.667091668135028182e-01,-9.637493905702213537e-01,-6.055577182243694345e+00,-1.676455824541541517e+00,2.558998246786597496e-04
2.080000000000001570e-01,2.606483644502799457e-01,-9.654068102642490157e-01,-6.065987659546853372e+00,-1.638372668840089696e+00,2.571360557128475697e-04
2.090000000000001579e-01,2.545772713320825220e-01,-9.670261143692072681e-01,-6.076158624617254311e+00,-1.600224897270765112e+00,2.583722867469933769e-04
2.100000000000001588e-01,2.484961271722930520e-01,-9.686072390222557615e-01,-6.086089676733622333e+00,-1.562014016307076814e+00,2.596085177810969545e-04
2.110000000000001597e-01,2.424051720802780641e-01,-9.701501218682732075e-01,-6.095780424651806584e+00,-1.523741534903751527e+00,2.608447488151580855e-04
2.120000000000001605e-01,2.363046465519032246e-01,-9.716547020623088615e-01,-6.105230486620094155e+00,-1.485408964437090917e+00,2.620809798491765532e-04
2.130000000000001614e-01,2.301947914600334932e-01,-9.731209202719740547e-01,-6.114439490394153687e+00,-1.447017818645235154e+00,2.633172108831521949e-04
2.140000000000001623e-01,2.240758480450183998e-01,-9.745487186797743284e-01,-6.123407073251598831e+00,-1.408569613568334544e+00,2.645534419170847938e-04
2.150000000000001632e-01,2.179480579051629174e-01,-9.759380409853813942e-01,-6.132132882006176011e+00,-1.370065867488632794e+00,2.657896729509741330e-04
2.160000000000001641e-01,2.118116629871844847e-01,-9.772888324078453648e-01,-6.140616573021576485e+00,-1.331508100870462341e+00,2.670259039848200499e-04
2.170000000000001650e-01,2.056669055766562337e-01,-9.786010396877465878e-01,-6.148857812224866493e+00,-1.292897836300155534e+00,2.682621350186223277e-04
2.180000000000001659e-01,1.995140282884370897e-01,-9.798746110892876393e-01,-6.156856275119543476e+00,-1.254236598425874316e+00,2.694983660523807495e-04
2.190000000000001668e-01,1.933532740570889641e-01,-9.811094964023252540e-01,-6.164611646798213052e+00,-1.215525913897359533e+00,2.707345970860950985e-04
2.200000000000001676e-01,1.871848861272814857e-01,-9.823056469443413041e-01,-6.172123621954881401e+00,-1.176767311305603192e+00,2.719708281197652120e-04
2.210000000000001685e-01,1.810091080441845746e-01,-9.834630155623543812e-01,-6.179391904896875509e+00,-1.137962321122445664e+00,2.732070591533908733e-04
2.220000000000001694e-01,1.748261836438493588e-01,-9.845815566347698722e-01,-6.186416209556378831e+00,-1.099112475640100728e+00,2.744432901869718654e-04
2.230000000000001703e-01,1.686363570435776837e-01,-9.856612260731705266e-01,-6.193196259501585033e+00,-1.060219308910609781e+00,2.756795212205080258e-04
2.240000000000001712e-01,1.624398726322806852e-01,-9.867019813240458515e-01,-6.199731787947474260e+00,-1.021284356685228989e+00,2.769157522539990833e-04
2.250000000000001721e-01,1.562369750608267882e-01,-9.877037813704607760e-01,-6.206022537766207492e+00,-9.823091563537511561e-01,2.781519832874448754e-04
2.260000000000001730e-01,1.500279092323794916e-01,-9.886665867336640323e-01,-6.212068261497134536e+00,-9.432952468837635385e-01,2.793882143208452394e-04
2.270000000000001739e-01,1.438129202927252992e-01,-9.895903594746354726e-01,-6.217868721356426320e+00,-9.042441687598464783e-01,2.806244453541999044e-04
2.280000000000001747e-01,1.375922536205922420e-01,-9.904750631955727691e-01,-6.223423689246319057e+00,-8.651574639227134211e-01,2.818606763875087075e-04
2.290000000000001756e-01,1.313661548179594352e-01,-9.913206630413169407e-01,-6.228732946763980038e+00,-8.260366757082948652e-01,2.830969074207714321e-04
2.300000000000001765e-01,1.251348697003577815e-01,-9.921271257007171496e-01,-6.233796285209986188e+00,-7.868833487867695764e-01,2.843331384539879154e-04
2.310000000000001774e-01,1.188986442871624860e-01,-9.928944194079344365e-01,-6.238613505596420694e+00,-7.476990291015443990e-01,2.855693694871578865e-04
2.320000000000001783e-01,1.126577247918777308e-01,-9.936225139436843934e-01,-6.243184418654586842e+00,-7.084852638081861054e-01,2.868056005202811827e-04
2.330000000000001792e-01,1.064123576124136883e-01,-9.943113806364188845e-01,-6.247508844842336373e+00,-6.692436012133068379e-01,2.880418315533575871e-04
2.340000000000001801e-01,1.001627893213565129e-01,-9.949609923634463726e-01,-6.251586614351015037e+00,-6.299755907134059196e-01,2.892780625863869371e-04
2.350000000000001810e-01,9.390926665623150482e-02,-9.955713235519911830e-01,-6.255417567112018240e+00,-5.906827827336706971e-01,2.905142936193690160e-04
2.360000000000001819e-01,8.765203650975994520e-02,-9.961423501801917046e-01,-6.259001552802970991e+00,-5.513667286667381928e-01,2.917505246523036068e-04
2.370000000000001827e-01,8.139134592010996427e-02,-9.966740497780373076e-01,-6.262338430853514382e+00,-5.120289808114210084e-01,2.929867556851904926e-04
2.380000000000001836e-01,7.512744206114177481e-02,-9.971664014282435318e-01,-6.265428070450709264e+00,-4.726710923113985330e-01,2.942229867180294568e-04
2.390000000000001845e-01,6.886057223264771543e-02,-9.976193857670665466e-01,-6.268270350544056235e+00,-4.332946170938771213e-01,2.954592177508203366e-04
2.400000000000001854e-01,6.259098385058743663e-02,-9.980329849850558821e-01,-6.270865159850130155e+00,-3.939011098082210172e-01,2.966954487835629151e-04
2.410000000000001863e-01,5.631892443731870840e-02,-9.984071828277459870e-01,-6.273212396856824746e+00,-3.544921257645566870e-01,2.979316798162570299e-04
2.420000000000001872e-01,5.004464161182411996e-02,-9.987419645962861692e-01,-6.275311969827214398e+00,-3.150692208723526733e-01,2.991679108489024097e-04
2.430000000000001881e-01,4.376838307993412974e-02,-9.990373171480093628e-01,-6.277163796803029605e+00,-2.756339515789779093e-01,3.004041418814988921e-04
2.440000000000001890e-01,3.749039662454683314e-02,-9.992932288969390564e-01,-6.278767805607746055e+00,-2.361878748082404944e-01,3.016403729140462600e-04
2.450000000000001898e-01,3.121093009584484032e-02,-9.995096898142353803e-01,-6.280123933849286466e+00,-1.967325478989095933e-01,3.028766039465443510e-04
2.460000000000001907e-01,2.493023140150963171e-02,-9.996866914285789107e-01,-6.281232128922336955e+00,-1.572695285432226253e-01,3.041128349789929482e-04
2.470000000000001916e-01,1.864854849693379710e-02,-9.998242268264936339e-01,-6.282092348010277050e+00,-1.178003747253806022e-01,3.053490660113918347e-04
2.480000000000001925e-01,1.236612937543154350e-02,-9.999222906526080701e-01,-6.282704558086720681e+00,-7.832664466003352866e-02,3.065852970437407937e-04
2.490000000000001934e-01,6.083222058447847365e-03,-9.999808791098550032e-01,-6.283068735916674363e+00,-3.884989673075874700e-02,3.078215280760396625e-04
2.500000000000001665e-01,-1.999254142333517156e-04,-9.999999899596095920e-01,-6.283184868057308137e+00,6.283105714656039842e-04,3.090577591082881701e-04
2.510000000000001674e-01,-6.483064994281544438e-03,-9.999796225217660872e-01,-6.283052950858334817e+00,4.010641870978946810e-02,3.102939901404861540e-04
2.520000000000001683e-01,-1.276594863461221960e-02,-9.999197776747528188e-01,-6.282672990462009999e+00,7.958286916301979264e-02,3.115302211726334513e-04
2.530000000000001692e-01,-1.904832829917924714e-02,-9.998204578554859001e-01,-6.282045002802741251e+00,1.190561034871469581e-01,3.127664522047298454e-04
2.540000000000001701e-01,-2.532995597276667052e-02,-9.996816670592612031e-01,-6.281169013606310969e+00,1.585245633768662399e-01,3.140026832367750651e-04
2.550000000000001710e-01,-3.161058367077954068e-02,-9.995034108395848271e-01,-6.280045058388712853e+00,1.979866907270919629e-01,3.152389142687690021e-04
2.560000000000001719e-01,-3.788996344903336477e-02,-9.992856963079425059e-01,-6.278673182454603818e+00,2.374409276944619562e-01,3.164751453007113853e-04
2.570000000000001728e-01,-4.416784741354186361e-02,-9.990285321335065083e-01,-6.277053440895366876e+00,2.768857167588297807e-01,3.177113763326020520e-04
2.580000000000001736e-01,-5.044398773030254329e-02,-9.987319285427822546e-01,-6.275185898586790323e+00,3.163195007847423579e-01,3.189476073644407854e-04
2.590000000000001745e-01,-5.671813663507979664e-02,-9.983958973191926489e-01,-6.273070630186357910e+00,3.557407230829005007e-01,3.201838383962273687e-04
2.600000000000001754e-01,-6.299004644318506596e-02,-9.980204518026010163e-01,-6.270707720130155316e+00,3.951478274716000993e-01,3.214200694279616393e-04
2.610000000000001763e-01,-6.925946955925374460e-02,-9.976056068887731998e-01,-6.268097262629392041e+00,4.345392583381513796e-01,3.226563004596433803e-04
2.620000000000001772e-01,-7.552615848701842161e-02,-9.971513790287775958e-01,-6.265239361666532503e+00,4.739134607002737920e-01,3.238925314912723748e-04
2.630000000000001781e-01,-8.178986583907799091e-02,-9.966577862283241274e-01,-6.262134130991046987e+00,5.132688802674643114e-01,3.251287625228484060e-04
2.640000000000001790e-01,-8.805034434666243748e-02,-9.961248480470417110e-01,-6.258781694114773586e+00,5.526039635023363150e-01,3.263649935543713114e-04
2.650000000000001799e-01,-9.430734686939266920e-02,-9.955525855976945504e-01,-6.255182184306899096e+00,5.919171576819274305e-01,3.276012245858408740e-04
2.660000000000001807e-01,-1.005606264050352278e-01,-9.949410215453370343e-01,-6.251335744588548238e+00,6.312069109589726335e-01,3.288374556172568770e-04
2.670000000000001816e-01,-1.068099360992513513e-01,-9.942901801064075729e-01,-6.247242527726996286e+00,6.704716724231417624e-01,3.300736866486191036e-04
2.680000000000001825e-01,-1.130550292553400699e-01,-9.936000870477608160e-01,-6.242902696229492676e+00,7.097098921622376766e-01,3.313099176799273911e-04
2.690000000000001834e-01,-1.192956593439749163e-01,-9.928707696856391429e-01,-6.238316422336699141e+00,7.489200213233533354e-01,3.325461487111815227e-04
2.700000000000001843e-01,-1.255315800129339632e-01,-9.921022568845826450e-01,-6.233483888015747709e+00,7.881005121739852459e-01,3.337823797423812816e-04
2.710000000000001852e-01,-1.317625450968225587e-01,-9.912945790562783799e-01,-6.228405284952914123e+00,8.272498181631011693e-01,3.350186107735265051e-04
2.720000000000001861e-01,-1.379883086267887082e-01,-9.904477681583482296e-01,-6.223080814545905781e+00,8.663663939821587556e-01,3.362548418046169764e-04
2.730000000000001870e-01,-1.442086248402305038e-01,-9.895618576930759192e-01,-6.217510687895769550e+00,9.054486956260738850e-01,3.374910728356524787e-04
2.740000000000001878e-01,-1.504232481904952679e-01,-9.886368827060731945e-01,-6.211695125798415873e+00,9.444951804541356077e-01,3.387273038666327950e-04
2.750000000000001887e-01,-1.566319333565699135e-01,-9.876728797848849384e-01,-6.205634358735760081e+00,9.835043072508653506e-01,3.399635348975577629e-04
2.760000000000001896e-01,-1.628344352527625050e-01,-9.866698870575335567e-01,-6.199328626866480896e+00,1.022474536286818170e+00,3.411997659284271654e-04
2.770000000000001905e-01,-1.690305090383741327e-01,-9.856279441910026362e-01,-6.192778180016402345e+00,1.061404329379323386e+00,3.424359969592407856e-04
2.780000000000001914e-01,-1.752199101273611836e-01,-9.845470923896597615e-01,-6.185983277668489322e+00,1.100292149953163046e+00,3.436722279899984069e-04
2.790000000000001923e-01,-1.814023941979872045e-01,-9.834273743936186030e-01,-6.178944188952463001e+00,1.139136463101183994e+00,3.449084590206998664e-04
2.800000000000001932e-01,-1.875777172024644113e-01,-9.822688344770408309e-01,-6.171661192634039672e+00,1.177935735644843662e+00,3.461446900513449475e-04
2.810000000000001941e-01,-1.937456353765840689e-01,-9.810715184463771887e-01,-6.164134577103787649e+00,1.216688436194684808e+00,3.473809210819334332e-04
2.820000000000001950e-01,-1.999059052493357136e-01,-9.798354736385480601e-01,-6.156364640365603158e+00,1.255393035210738528e+00,3.486171521124651609e-04
2.830000000000001958e-01,-2.060582836525144679e-01,-9.785607489190639718e-01,-6.148351690024809635e+00,1.294048005062852447e+00,3.498533831429399138e-04
2.840000000000001967e-01,-2.122025277303163648e-01,-9.772473946800857014e-01,-6.140096043275878657e+00,1.332651820090941186e+00,3.510896141733574750e-04
2.850000000000001976e-01,-2.183383949489212661e-01,-9.758954628384237662e-01,-6.131598026889771624e+00,1.371202956665158901e+00,3.523258452037176277e-04
2.860000000000001985e-01,-2.244656431060627899e-01,-9.745050068334785154e-01,-6.122857977200905744e+00,1.409699893245987656e+00,3.535620762340202093e-04
2.870000000000001994e-01,-2.305840303405851388e-01,-9.730760816251196044e-01,-6.113876240093742531e+00,1.448141110444243873e+00,3.547983072642650029e-04
2.880000000000002003e-01,-2.366933151419862991e-01,-9.716087436915058495e-01,-6.104653170988999733e+00,1.486525091080996841e+00,3.560345382944517917e-04
2.890000000000002012e-01,-2.427932563599471683e-01,-9.701030510268447982e-01,-6.095189134829486655e+00,1.524850320247398638e+00,3.572707693245803589e-04
2.900000000000002021e-01,-2.488836132138464996e-01,-9.685590631390929017e-01,-6.085484506065567345e+00,1.563115285364423013e+00,3.585070003546505417e-04
2.910000000000002029e-01,-2.549641453022609694e-01,-9.669768410475959586e-01,-6.075539668640247193e+00,1.601318476242510336e+00,3.597432313846621234e-04
2.920000000000002038e-01,-2.610346126124502009e-01,-9.653564472806697161e-01,-6.065355015973886488e+00,1.639458385141116858e+00,3.609794624146148872e-04
2.930000000000002047e-01,-2.670947755298264115e-01,-9.636979458731211867e-01,-6.054930950948539170e+00,1.677533506828165377e+00,3.622156934445086704e-04
2.940000000000002056e-01,-2.731443948474079897e-01,-9.620014023637105671e-01,-6.044267885891920322e+00,1.715542338639395537e+00,3.634519244743432561e-04
2.950000000000002065e-01,-2.791832317752570569e-01,-9.602668837925536494e-01,-6.033366242561002402e+00,1.753483380537610881e+00,3.646881555041184275e-04
2.960000000000002074e-01,-2.852110479499003759e-01,-9.584944586984652792e-01,-6.022226452125237550e+00,1.791355135171820656e+00,3.659243865338339678e-04
2.970000000000002083e-01,-2.912276054437333284e-01,-9.566841971162435287e-01,-6.010848955149413975e+00,1.829156107936274811e+00,3.671606175634897144e-04
2.980000000000002092e-01,-2.972326667744063511e-01,-9.548361705738950267e-01,-5.999234201576135739e+00,1.866884807029387527e+00,3.683968485930854504e-04
2.990000000000002101e-01,-3.032259949141941080e-01,-9.529504520898015585e-01,-5.987382650707940179e+00,1.904539743512549732e+00,3.696330796226209589e-04
3.000000000000002109e-01,-3.092073532993460105e-01,-9.510271161698273801e-01,-5.975294771189041398e+00,1.942119431368826810e+00,3.708693106520960232e-04
3.010000000000002118e-01,-3.151765058394188634e-01,-9.490662388043684672e-01,-5.962971040986710491e+00,1.979622387561538632e+00,3.721055416815104806e-04
3.020000000000002127e-01,-3.211332169265904146e-01,-9.470678974653431448e-01,-5.950411947372284516e+00,2.017047132092721906e+00,3.733417727108641142e-04
3.030000000000002136e-01,-3.270772514449536428e-01,-9.450321711031238747e-01,-5.937617986901812195e+00,2.054392188061469504e+00,3.745780037401567073e-04
3.040000000000002145e-01,-3.330083747797918381e-01,-9.429591401434112008e-01,-5.924589665396333693e+00,2.091656081722147231e+00,3.758142347693880971e-04
3.050000000000002154e-01,-3.389263528268333658e-01,-9.408488864840495181e-01,-5.911327497921796237e+00,2.128837342542484024e+00,3.770504657985580669e-04
3.060000000000002163e-01,-3.448309520014865015e-01,-9.387014934917847775e-01,-5.897832008768602918e+00,2.165934503261534250e+00,3.782866968276663998e-04
3.070000000000002172e-01,-3.507219392480535602e-01,-9.365170459989639040e-01,-5.884103731430801787e+00,2.202946099947508340e+00,3.795229278567128790e-04
3.080000000000002180e-01,-3.565990820489238766e-01,-9.342956303001771490e-01,-5.870143208584912564e+00,2.239870672055471523e+00,3.807591588856973418e-04
3.090000000000002189e-01,-3.624621484337455790e-01,-9.320373341488421559e-01,-5.855950992068390981e+00,2.276706762484908442e+00,3.819953899146195713e-04
3.100000000000002198e-01,-3.683109069885756037e-01,-9.297422467537309609e-01,-5.841527642857730740e+00,2.313452917637147443e+00,3.832316209434793509e-04
3.110000000000002207e-01,-3.741451268650076711e-01,-9.274104587754395945e-01,-5.826873731046210203e+00,2.350107687472648088e+00,3.844678519722764636e-04
3.120000000000002216e-01,-3.799645777892777798e-01,-9.250420623228000627e-01,-5.811989835821277595e+00,2.386669625568145214e+00,3.857040830010107467e-04
3.130000000000002225e-01,-3.857690300713468301e-01,-9.226371509492359291e-01,-5.796876545441579154e+00,2.423137289173650011e+00,3.869403140296819835e-04
3.140000000000002234e-01,-3.915582546139603770e-01,-9.201958196490602759e-01,-5.781534457213630240e+00,2.459509239269304093e+00,3.881765450582899571e-04
3.150000000000002243e-01,-3.973320229216844579e-01,-9.177181648537173775e-01,-5.765964177468131169e+00,2.495784040622083921e+00,3.894127760868345048e-04
3.160000000000002252e-01,-4.030901071099179389e-01,-9.152042844279676403e-01,-5.750166321535928660e+00,2.531960261842356896e+00,3.906490071153154099e-04
3.170000000000002260e-01,-4.088322799138804919e-01,-9.126542776660157008e-01,-5.734141513723619354e+00,2.568036475440282462e+00,3.918852381437324555e-04
3.180000000000002269e-01,-4.145583146975759248e-01,-9.100682452875828998e-01,-5.717890387288806053e+00,2.604011257882059116e+00,3.931214691720854248e-04
3.190000000000002278e-01,-4.202679854627306977e-01,-9.074462894339229146e-01,-5.701413584414997793e+00,2.639883189646012429e+00,3.943577002003741550e-04
3.200000000000002287e-01,-4.259610668577071824e-01,-9.047885136637816572e-01,-5.684711756186160869e+00,2.675650855278525420e+00,3.955939312285984295e-04
3.210000000000002296e-01,-4.316373341863912194e-01,-9.020950229493014394e-01,-5.667785562560920809e+00,2.711312843449806387e+00,3.968301622567580312e-04
3.220000000000002305e-01,-4.372965634170536964e-01,-8.993659236718692940e-01,-5.650635672346410843e+00,2.746867747009491989e+00,3.980663932848527435e-04
3.230000000000002314e-01,-4.429385311911858691e-01,-8.966013236179097845e-01,-5.633262763171777543e+00,2.782314163042085120e+00,3.993026243128824037e-04
3.240000000000002323e-01,-4.485630148323079269e-01,-8.938013319746224150e-01,-5.615667521461338296e+00,2.817650692922224032e+00,4.005388553408467949e-04
3.250000000000002331e-01,-4.541697923547507454e-01,-8.909660593256641947e-01,-5.597850642407391497e+00,2.852875942369780926e+00,4.017750863687457002e-04
3.260000000000002340e-01,-4.597586424724099396e-01,-8.880956176467765806e-01,-5.579812829942682129e+00,2.887988521504787798e+00,4.030113173965789572e-04
3.270000000000002349e-01,-4.653293446074725503e-01,-8.851901203013581299e-01,-5.561554796712526283e+00,2.922987044902188192e+00,4.042475484243462946e-04
3.280000000000002358e-01,-4.708816788991154190e-01,-8.822496820359824188e-01,-5.543077264046591068e+00,2.957870131646410439e+00,4.054837794520476041e-04
3.290000000000002367e-01,-4.764154262121754191e-01,-8.792744189758610052e-01,-5.524380961930333456e+00,2.992636405385763698e+00,4.067200104796826147e-04
3.300000000000002376e-01,-4.819303681457907107e-01,-8.762644486202526561e-01,-5.505466628976098953e+00,3.027284494386651481e+00,4.079562415072511636e-04
3.310000000000002385e-01,-4.874262870420130733e-01,-8.732198898378180640e-01,-5.486335012393881883e+00,3.061813031587602651e+00,4.091924725347529800e-04
3.320000000000002394e-01,-4.929029659943907626e-01,-8.701408628619210495e-01,-5.466986867961748153e+00,3.096220654653115911e+00,4.104287035621879552e-04
3.330000000000002403e-01,-4.983601888565217242e-01,-8.670274892858755855e-01,-5.447422959995917857e+00,3.130506006027317767e+00,4.116649345895558184e-04
3.340000000000002411e-01,-5.037977402505766644e-01,-8.638798920581393093e-01,-5.427644061320519242e+00,3.164667732987430870e+00,4.129011656168564068e-04
3.350000000000002420e-01,-5.092154055757914799e-01,-8.606981954774538535e-01,-5.407650953236999847e+00,3.198704487697048737e+00,4.141373966440895036e-04
3.360000000000002429e-01,-5.146129710169294880e-01,-8.574825251879321097e-01,-5.387444425493211675e+00,3.232614927259219950e+00,4.153736276712548920e-04
3.370000000000002438e-01,-5.199902235527119609e-01,-8.542330081740919789e-01,-5.367025276252162413e+00,3.266397713769333855e+00,4.166098586983524093e-04
3.380000000000002447e-01,-5.253469509642176849e-01,-8.509497727558380520e-01,-5.346394312060432696e+00,3.300051514367807748e+00,4.178460897253817845e-04
3.390000000000002456e-01,-5.306829418432503775e-01,-8.476329485833897781e-01,-5.325552347816269183e+00,3.333575001292577333e+00,4.190823207523428550e-04
3.400000000000002465e-01,-5.359979856006744647e-01,-8.442826666321584517e-01,-5.304500206737347234e+00,3.366966851931382010e+00,4.203185517792354582e-04
3.410000000000002474e-01,-5.412918724747183274e-01,-8.408990591975709084e-01,-5.283238720328204074e+00,3.400225748873847209e+00,4.215547828060593229e-04
3.420000000000002482e-01,-5.465643935392445751e-01,-8.374822598898415960e-01,-5.261768728347352209e+00,3.433350379963359789e+00,4.227910138328142865e-04
3.430000000000002491e-01,-5.518153407119874565e-01,-8.340324036286934639e-01,-5.240091078774063327e+00,3.466339438348737811e+00,4.240272448595001323e-04
3.440000000000002500e-01,-5.570445067627569635e-01,-8.305496266380263393e-01,-5.218206627774835127e+00,3.499191622535685831e+00,4.252634758861166975e-04
3.450000000000002509e-01,-5.622516853216089627e-01,-8.270340664405344544e-01,-5.196116239669528625e+00,3.531905636438041896e+00,4.264997069126637654e-04
3.460000000000002518e-01,-5.674366708869817977e-01,-8.234858618522730156e-01,-5.173820786897192825e+00,3.564480189428808288e+00,4.277359379391411191e-04
3.470000000000002527e-01,-5.725992588337980305e-01,-8.199051529771733682e-01,-5.151321149981566094e+00,3.596913996390965984e+00,4.289721689655485418e-04
3.480000000000002536e-01,-5.777392454215317663e-01,-8.162920812015078686e-01,-5.128618217496263121e+00,3.629205777768072849e+00,4.302083999918858166e-04
3.490000000000002545e-01,-5.828564278022411171e-01,-8.126467891883039085e-01,-5.105712886029643016e+00,3.661354259614638451e+00,4.314446310181527808e-04
3.500000000000002554e-01,-5.879506040285651380e-01,-8.089694208717080892e-01,-5.082606060149363891e+00,3.693358173646279941e+00,4.326808620443492177e-04
3.510000000000002562e-01,-5.930215730616853476e-01,-8.052601214512999928e-01,-5.059298652366624793e+00,3.725216257289651889e+00,4.339170930704749646e-04
3.520000000000002571e-01,-5.980691347792511658e-01,-8.015190373863563256e-01,-5.035791583100094115e+00,3.756927253732150529e+00,4.351533240965297505e-04
3.530000000000002580e-01,-6.030930899832692704e-01,-7.977463163900654353e-01,-5.012085780639530697e+00,3.788489911971390178e+00,4.363895551225134128e-04
3.540000000000002589e-01,-6.080932404079563147e-01,-7.939421074236923115e-01,-4.988182181109093172e+00,3.819902986864449623e+00,4.376257861484257345e-04
3.550000000000002598e-01,-6.130693887275550091e-01,-7.901065606906947369e-01,-4.964081728430341123e+00,3.851165239176887134e+00,4.388620171742665531e-04
3.560000000000002607e-01,-6.180213385641127877e-01,-7.862398276307904776e-01,-4.939785374284933361e+00,3.882275435631520111e+00,4.400982482000355975e-04
3.570000000000002616e-01,-6.229488944952231710e-01,-7.823420609139755122e-01,-4.915294078077020679e+00,3.913232348956971585e+00,4.413344792257327051e-04
3.580000000000002625e-01,-6.278518620617291601e-01,-7.784134144344940776e-01,-4.890608806895332172e+00,3.944034757935976909e+00,4.425707102513577133e-04
3.590000000000002633e-01,-6.327300477753888819e-01,-7.744540433047607531e-01,-4.865730535474964036e+00,3.974681447453452421e+00,4.438069412769103509e-04
3.600000000000002642e-01,-6.375832591265028215e-01,-7.704641038492341387e-01,-4.840660246158868141e+00,4.005171208544322070e+00,4.450431723023904555e-04
3.610000000000002651e-01,-6.424113045915020859e-01,-7.664437535982429051e-01,-4.815398928859038641e+00,4.035502838441100693e+00,4.462794033277978100e-04
3.620000000000002660e-01,-6.472139936404981420e-01,-7.623931512817648803e-01,-4.789947581017405476e+00,4.065675140621234362e+00,4.475156343531321978e-04
3.630000000000002669e-01,-6.519911367447928097e-01,-7.583124568231581764e-01,-4.764307207566428559e+00,4.095686924854189392e+00,4.487518653783934561e-04
3.640000000000002678e-01,-6.567425453843490635e-01,-7.542018313328460177e-01,-4.738478820889403309e+00,4.125537007248298416e+00,4.499880964035813682e-04
3.650000000000002687e-01,-6.614680320552220882e-01,-7.500614371019544979e-01,-4.712463440780467749e+00,4.155224210297349785e+00,4.512243274286957171e-04
3.660000000000002696e-01,-6.661674102769498118e-01,-7.458914375959037057e-01,-4.686262094404323619e+00,4.184747362926930059e+00,4.524605584537362861e-04
3.670000000000002705e-01,-6.708404945999032476e-01,-7.416919974479531108e-01,-4.659875816255666159e+00,4.214105300540508914e+00,4.536967894787029124e-04
3.680000000000002713e-01,-6.754871006125960919e-01,-7.374632824527007635e-01,-4.633305648118327014e+00,4.243296865065270040e+00,4.549330205035953794e-04
3.690000000000002722e-01,-6.801070449489533543e-01,-7.332054595595364210e-01,-4.606552639024131146e+00,4.272320904997681801e+00,4.561692515284134701e-04
3.700000000000002731e-01,-6.847001452955384648e-01,-7.289186968660500421e-01,-4.579617845211467753e+00,4.301176275448812092e+00,4.574054825531570219e-04
3.710000000000002740e-01,-6.892662203987393044e-01,-7.246031636113944296e-01,-4.552502330083581406e+00,4.329861838189378531e+00,4.586417135778258179e-04
3.720000000000002749e-01,-6.938050900719118230e-01,-7.202590301696031316e-01,-4.525207164166581641e+00,4.358376461694535742e+00,4.598779446024196414e-04
3.730000000000002758e-01,-6.983165752024820261e-01,-7.158864680428638216e-01,-4.497733425067170998e+00,4.386719021188401513e+00,4.611141756269382754e-04
3.740000000000002767e-01,-7.028004977590052160e-01,-7.114856498547469377e-01,-4.470082197430096826e+00,4.414888398688312954e+00,4.623504066513815574e-04
3.750000000000002776e-01,-7.072566807981824910e-01,-7.070567493433908002e-01,-4.442254572895328657e+00,4.442883483048814419e+00,4.635866376757492705e-04
3.760000000000002784e-01,-7.116849484718346108e-01,-7.025999413546423211e-01,-4.414251650054956677e+00,4.470703170005376315e+00,4.648228687000411979e-04
3.770000000000002793e-01,-7.160851260338325641e-01,-6.981154018351543034e-01,-4.386074534409824643e+00,4.498346362217843897e+00,4.660590997242571227e-04
3.780000000000002802e-01,-7.204570398469842818e-01,-6.936033078254395523e-01,-4.357724338325883018e+00,4.525811969313610739e+00,4.672953307483968823e-04
3.790000000000002811e-01,-7.248005173898780518e-01,-6.890638374528819110e-01,-4.329202180990281867e+00,4.553098907930515971e+00,4.685315617724602599e-04
3.800000000000002820e-01,-7.291153872636811917e-01,-6.844971699247043295e-01,-4.300509188367190205e+00,4.580206101759467963e+00,4.697677927964470385e-04
3.810000000000002829e-01,-7.334014791988955340e-01,-6.799034855208945238e-01,-4.271646493153351543e+00,4.607132481586788231e+00,4.710040238203570557e-04
3.820000000000002838e-01,-7.376586240620671697e-01,-6.752829655870887793e-01,-4.242615234733376539e+00,4.633876985336272902e+00,4.722402548441900403e-04
3.830000000000002847e-01,-7.418866538624520057e-01,-6.706357925274134546e-01,-4.213416559134770978e+00,4.660438558110977958e+00,4.734764858679458297e-04
3.840000000000002855e-01,-7.460854017586360243e-01,-6.659621497972848525e-01,-4.184051618982707943e+00,4.686816152234715815e+00,4.747127168916242613e-04
3.850000000000002864e-01,-7.502547020651104681e-01,-6.612622218961680121e-01,-4.154521573454533545e+00,4.713008727293270361e+00,4.759489479152250639e-04
3.860000000000002873e-01,-7.543943902588007289e-01,-6.565361943602938677e-01,-4.124827588234024844e+00,4.739015250175324212e+00,4.771851789387480751e-04
3.870000000000002882e-01,-7.585043029855501606e-01,-6.517842537553365512e-01,-4.094970835465385761e+00,4.764834695113096430e+00,4.784214099621930780e-04
3.880000000000002891e-01,-7.625842780665572640e-01,-6.470065876690492823e-01,-4.064952493706995185e+00,4.790466043722694245e+00,4.796576409855599099e-04
3.890000000000002900e-01,-7.666341545047665740e-01,-6.422033847038606247e-01,-4.034773747884897510e+00,4.815908285044170789e+00,4.808938720088483539e-04
3.900000000000002909e-01,-7.706537724912130294e-01,-6.373748344694303292e-01,-4.004435789246049815e+00,4.841160415581290621e+00,4.821301030320581391e-04
3.910000000000002918e-01,-7.746429734113194909e-01,-6.325211275751662088e-01,-3.973939815311317236e+00,4.866221439341000377e+00,4.833663340551891570e-04
3.920000000000002927e-01,-7.786015998511469638e-01,-6.276424556227011564e-01,-3.943287029828224544e+00,4.891090367872605427e+00,4.846025650782411365e-04
3.930000000000002935e-01,-7.825294956035975247e-01,-6.227390111983313048e-01,-3.912478642723462574e+00,4.915766220306647227e+00,4.858387961012139151e-04
3.940000000000002944e-01,-7.864265056745695093e-01,-6.178109878654157727e-01,-3.881515870055153083e+00,4.940248023393481347e+00,4.870750271241072759e-04
3.950000000000002953e-01,-7.902924762890652932e-01,-6.128585801567372204e-01,-3.850399933964873789e+00,4.964534811541557069e+00,4.883112581469210020e-04
3.960000000000002962e-01,-7.941272548972503342e-01,-6.078819835668251015e-01,-3.819132062629442714e+00,4.988625626855394124e+00,4.895474891696549851e-04
3.970000000000002971e-01,-7.979306901804644747e-01,-6.028813945442405009e-01,-3.787713490212470280e+00,5.012519519173255667e+00,4.907837201923088456e-04
3.980000000000002980e-01,-8.017026320571841724e-01,-5.978570104838238919e-01,-3.756145456815672912e+00,5.036215546104517493e+00,4.920199512148825836e-04
3.990000000000002989e-01,-8.054429316889364365e-01,-5.928090297189052560e-01,-3.724429208429954841e+00,5.059712773066729063e+00,4.932561822373758738e-04
4.000000000000002998e-01,-8.091514414861631366e-01,-5.877376515134776769e-01,-3.692565996886262081e+00,5.083010273322368100e+00,4.944924132597884993e-04
4.010000000000003006e-01,-8.128280151140365728e-01,-5.826430760543341858e-01,-3.660557079806202818e+00,5.106107128015287877e+00,4.957286442821203518e-04
4.020000000000003015e-01,-8.164725074982254194e-01,-5.775255044431679696e-01,-3.628403720552445755e+00,5.129002426206848320e+00,4.969648753043711059e-04
4.030000000000003024e-01,-8.200847748306107077e-01,-5.723851386886373849e-01,-3.596107188178889302e+00,5.151695264911741567e+00,4.982011063265406534e-04
4.040000000000003033e-01,-8.236646745749521825e-01,-5.672221816983945564e-01,-3.563668757380611396e+00,5.174184749133499572e+00,4.994373373486287772e-04
4.050000000000003042e-01,-8.272120654725042543e-01,-5.620368372710788929e-01,-3.531089708443595931e+00,5.196469991899689944e+00,5.006735683706352606e-04
4.060000000000003051e-01,-8.307268075475818803e-01,-5.568293100882758528e-01,-3.498371327194241598e+00,5.218550114296793829e+00,5.019097993925598867e-04
4.070000000000003060e-01,-8.342087621130753750e-01,-5.515998057064402937e-01,-3.465514904948653108e+00,5.240424245504764933e+00,5.031460304144024388e-04
4.080000000000003069e-01,-8.376577917759148173e-01,-5.463485305487864041e-01,-3.432521738461716598e+00,5.262091522831275903e+00,5.043822614361628083e-04
4.090000000000003078e-01,-8.410737604424833869e-01,-5.410756918971423302e-01,-3.399393129875964981e+00,5.283551091745635198e+00,5.056184924578406700e-04
4.100000000000003086e-01,-8.444565333239790750e-01,-5.357814978837723840e-01,-3.366130386670227903e+00,5.304802105912390431e+00,5.068547234794359155e-04
4.110000000000003095e-01,-8.478059769417254365e-01,-5.304661574831647242e-01,-3.332734821608076548e+00,5.325843727224606639e+00,5.080909545009483280e-04
4.120000000000003104e-01,-8.511219591324304945e-01,-5.251298805037863948e-01,-3.299207752686060147e+00,5.346675125836816811e+00,5.093271855223776906e-04
4.130000000000003113e-01,-8.544043490533934637e-01,-5.197728775798057255e-01,-3.265550503081736000e+00,5.367295480197653568e+00,5.105634165437237864e-04
4.140000000000003122e-01,-8.576530171876600717e-01,-5.143953601627816452e-01,-3.231764401101499651e+00,5.387703977082147766e+00,5.117996475649863987e-04
4.150000000000003131e-01,-8.608678353491250324e-01,-5.089975405133216890e-01,-3.197850780128211667e+00,5.407899811623703812e+00,5.130358785861654190e-04
4.160000000000003140e-01,-8.640486766875821179e-01,-5.035796316927075855e-01,-3.163810978568627252e+00,5.427882187345744569e+00,5.142721096072605221e-04
4.170000000000003149e-01,-8.671954156937219382e-01,-4.981418475544895363e-01,-3.129646339800628230e+00,5.447650316193023201e+00,5.155083406282715995e-04
4.180000000000003157e-01,-8.703079282040765419e-01,-4.926844027360493539e-01,-3.095358212120260077e+00,5.467203418562609052e+00,5.167445716491984344e-04
4.190000000000003166e-01,-8.733860914059108360e-01,-4.872075126501329567e-01,-3.060947948688578446e+00,5.486540723334535130e+00,5.179808026700408099e-04
4.200000000000003175e-01,-8.764297838420611608e-01,-4.817113934763520011e-01,-3.026416907478302054e+00,5.505661467902115191e+00,5.192170336907985092e-04
4.210000000000003184e-01,-8.794388854157200175e-01,-4.761962621526557582e-01,-2.991766451220280398e+00,5.524564898201923313e+00,5.204532647114713155e-04
4.220000000000003193e-01,-8.824132773951675057e-01,-4.706623363667728488e-01,-2.956997947349773170e+00,5.543250268743440401e+00,5.216894957320590120e-04
4.230000000000003202e-01,-8.853528424184486934e-01,-4.651098345476237794e-01,-2.922112767952545376e+00,5.561716842638358749e+00,5.229257267525614901e-04
4.240000000000003211e-01,-8.882574644979972511e-01,-4.595389758567042238e-01,-2.887112289710782598e+00,5.579963891629552641e+00,5.241619577729784247e-04
4.250000000000003220e-01,-8.911270290252045756e-01,-4.539499801794393274e-01,-2.851997893848823740e+00,5.597990696119706122e+00,5.253981887933097073e-04
4.260000000000003229e-01,-8.939614227749347330e-01,-4.483430681165099796e-01,-2.816770966078717020e+00,5.615796545199601475e+00,5.266344198135551212e-04
4.270000000000003237e-01,-8.967605339099851136e-01,-4.427184609751504962e-01,-2.781432896545600997e+00,5.633380736676063094e+00,5.278706508337144493e-04
4.280000000000003246e-01,-8.995242519854917962e-01,-4.370763807604188256e-01,-2.745985079772910620e+00,5.650742577099562958e+00,5.291068818537874750e-04
4.290000000000003255e-01,-9.022524679532805125e-01,-4.314170501664392754e-01,-2.710428914607413198e+00,5.667881381791478823e+00,5.303431128737739813e-04
4.300000000000003264e-01,-9.049450741661626552e-01,-4.257406925676181508e-01,-2.674765804164075167e+00,5.684796474871007810e+00,5.315793438936738599e-04
4.310000000000003273e-01,-9.076019643821755523e-01,-4.200475320098324139e-01,-2.638997155770760106e+00,5.701487189281733592e+00,5.328155749134867855e-04
4.320000000000003282e-01,-9.102230337687677864e-01,-4.143377932015924747e-01,-2.603124380912764213e+00,5.717952866817847202e+00,5.340518059332126496e-04
4.330000000000003291e-01,-9.128081789069286689e-01,-4.086117015051783374e-01,-2.567148895177187029e+00,5.734192858150018779e+00,5.352880369528512355e-04
4.340000000000003300e-01,-9.153572977952623146e-01,-4.028694829277505440e-01,-2.531072118197143173e+00,5.750206522850922042e+00,5.365242679724023262e-04
4.350000000000003308e-01,-9.178702898540056498e-01,-3.971113641124353610e-01,-2.494895473595815094e+00,5.765993229420404376e+00,5.377604989918657050e-04
4.360000000000003317e-01,-9.203470559289905761e-01,-3.913375723293853192e-01,-2.458620388930349066e+00,5.781552355310310531e+00,5.389967300112411550e-04
4.370000000000003326e-01,-9.227874982955495131e-01,-3.855483354668148843e-01,-2.422248295635598847e+00,5.796883286948951053e+00,5.402329610305285678e-04
4.380000000000003335e-01,-9.251915206623652077e-01,-3.797438820220119249e-01,-2.385780628967715700e+00,5.811985419765218985e+00,5.414691920497276181e-04
4.390000000000003344e-01,-9.275590281752635891e-01,-3.739244410923251993e-01,-2.349218827947590515e+00,5.826858158212350425e+00,5.427054230688381975e-04
4.400000000000003353e-01,-9.298899274209502241e-01,-3.680902423661283063e-01,-2.312564335304146734e+00,5.841500915791334236e+00,5.439416540878600891e-04
4.410000000000003362e-01,-9.321841264306900410e-01,-3.622415161137603201e-01,-2.275818597417491151e+00,5.855913115073962061e+00,5.451778851067930762e-04
4.420000000000003371e-01,-9.344415346839297642e-01,-3.563784931784437227e-01,-2.238983064261918177e+00,5.870094187725522161e+00,5.464141161256369419e-04
4.430000000000003380e-01,-9.366620631118637297e-01,-3.505014049671795195e-01,-2.202059189348776869e+00,5.884043574527137999e+00,5.476503471443914693e-04
4.440000000000003388e-01,-9.388456241009424108e-01,-3.446104834416206519e-01,-2.165048429669197194e+00,5.897760725397746207e+00,5.488865781630564416e-04
4.450000000000003397e-01,-9.409921314963233252e-01,-3.387059611089230371e-01,-2.127952245636680839e+00,5.911245099415713966e+00,5.501228091816317504e-04
4.460000000000003406e-01,-9.431015006052647642e-01,-3.327880710125757924e-01,-2.090772101029559238e+00,5.924496164840100221e+00,5.513590402001170704e-04
4.470000000000003415e-01,-9.451736482004615691e-01,-3.268570467232098098e-01,-2.053509462933318375e+00,5.937513399131552738e+00,5.525952712185122932e-04
4.480000000000003424e-01,-9.472084925233237307e-01,-3.209131223293859581e-01,-2.016165801682793912e+00,5.950296288972842795e+00,5.538315022368172020e-04
4.490000000000003433e-01,-9.492059532871964800e-01,-3.149565324283629120e-01,-1.978742590804242196e+00,5.962844330289039263e+00,5.550677332550315798e-04
4.500000000000003442e-01,-9.511659516805229808e-01,-3.089875121168448313e-01,-1.941241306957282253e+00,5.975157028267320314e+00,5.563039642731552100e-04
4.510000000000003451e-01,-9.530884103699484022e-01,-3.030062969817094998e-01,-1.903663429876718771e+00,5.987233897376417424e+00,5.575401952911878756e-04
4.520000000000003459e-01,-9.549732535033660374e-01,-2.970131230907173125e-01,-1.866010442314242290e+00,5.999074461385695223e+00,5.587764263091294682e-04
4.530000000000003468e-01,-9.568204067129049140e-01,-2.910082269832010571e-01,-1.828283829980012820e+00,6.010678253383868963e+00,5.600126573269796626e-04
4.540000000000003477e-01,-9.586297971178590061e-01,-2.849918456607375417e-01,-1.790485081484127328e+00,6.022044815797351625e+00,5.612488883447383503e-04
4.550000000000003486e-01,-9.604013533275581604e-01,-2.789642165778007943e-01,-1.752615688277973538e+00,6.033173700408235973e+00,5.624851193624053145e-04
4.560000000000003495e-01,-9.621350054441796251e-01,-2.729255776323975535e-01,-1.714677144595472935e+00,6.044064468371908916e+00,5.637213503799803384e-04
4.570000000000003504e-01,-9.638306850655012914e-01,-2.668761671566852733e-01,-1.676670947394214517e+00,6.054716690234295484e+00,5.649575813974632051e-04
4.580000000000003513e-01,-9.654883252875959831e-01,-2.608162239075732525e-01,-1.638598596296482413e+00,6.065129945948736889e+00,5.661938124148536977e-04
4.590000000000003522e-01,-9.671078607074664601e-01,-2.547459870573067775e-01,-1.600461593530179361e+00,6.075303824892495541e+00,5.674300434321517079e-04
4.600000000000003531e-01,-9.686892274256215796e-01,-2.486656961840352509e-01,-1.562261443869647604e+00,6.085237925882890586e+00,5.686662744493569104e-04
4.610000000000003539e-01,-9.702323630485931716e-01,-2.425755912623640542e-01,-1.523999654576390750e+00,6.094931857193063074e+00,5.699025054664691968e-04
4.620000000000003548e-01,-9.717372066913931850e-01,-2.364759126538911460e-01,-1.485677735339698602e+00,6.104385236567369866e+00,5.711387364834883502e-04
4.630000000000003557e-01,-9.732036989799122129e-01,-2.303669010977282272e-01,-1.447297198217176062e+00,6.113597691236404508e+00,5.723749675004141538e-04
4.640000000000003566e-01,-9.746317820532576226e-01,-2.242487977010071687e-01,-1.408859557575180110e+00,6.122568857931642405e+00,5.736111985172463908e-04
4.650000000000003575e-01,-9.760213995660328434e-01,-2.181218439293719502e-01,-1.370366330029166857e+00,6.131298382899720067e+00,5.748474295339848442e-04
4.660000000000003584e-01,-9.773724966905561473e-01,-2.119862815974565551e-01,-1.331819034383949552e+00,6.139785921916330658e+00,5.760836605506292974e-04
4.670000000000003593e-01,-9.786850201190206988e-01,-2.058423528593490703e-01,-1.293219191573871774e+00,6.148031140299753616e+00,5.773198915671796418e-04
4.680000000000003602e-01,-9.799589180655935428e-01,-1.996903001990425197e-01,-1.254568324602897134e+00,6.156033712924004142e+00,5.785561225836355521e-04
4.690000000000003610e-01,-9.811941402684556390e-01,-1.935303664208727070e-01,-1.215867958484617928e+00,6.163793324231608750e+00,5.797923535999969201e-04
4.700000000000003619e-01,-9.823906379917812792e-01,-1.873627946399434585e-01,-1.177119620182185411e+00,6.171309668246003355e+00,5.810285846162635288e-04
4.710000000000003628e-01,-9.835483640276577733e-01,-1.811878282725397082e-01,-1.138324838548163687e+00,6.178582448583559206e+00,5.822648156324351613e-04
4.720000000000003637e-01,-9.846672726979442958e-01,-1.750057110265287041e-01,-1.099485144264309433e+00,6.185611378465225130e+00,5.835010466485116010e-04
4.730000000000003646e-01,-9.857473198560715577e-01,-1.688166868917496677e-01,-1.060602069781280576e+00,6.192396180727798516e+00,5.847372776644926308e-04
4.740000000000003655e-01,-9.867884628887801934e-01,-1.626210001303926289e-01,-1.021677149258275685e+00,6.198936587834813494e+00,5.859735086803781424e-04
4.750000000000003664e-01,-9.877906607177989740e-01,-1.564188952673662703e-01,-9.827119185026065296e-01,6.205232341887055192e+00,5.872097396961678106e-04
4.760000000000003673e-01,-9.887538738014628459e-01,-1.502106170806556396e-01,-9.437079149092055808e-01,6.211283194632691185e+00,5.884459707118615268e-04
4.770000000000003681e-01,-9.896780641362704634e-01,-1.439964105916698434e-01,-9.046666774000726718e-01,6.217088907477027249e+00,5.896822017274590743e-04
4.780000000000003690e-01,-9.905631952583806576e-01,-1.377765210555801922e-01,-8.655897463636607059e-01,6.222649251491882083e+00,5.909184327429602363e-04
4.790000000000003699e-01,-9.914092322450485106e-01,-1.315511939516491591e-01,-8.264786635942047432e-01,6.227964007424580117e+00,5.921546637583647958e-04
4.800000000000003708e-01,-9.922161417160012542e-01,-1.253206749735505110e-01,-7.873349722309957999e-01,6.233032965706569506e+00,5.933908947736725361e-04
4.810000000000003717e-01,-9.929838918347523302e-01,-1.190852100196811147e-01,-7.481602166976022428e-01,6.237855926461653766e+00,5.946271257888833487e-04
4.820000000000003726e-01,-9.937124523098556095e-01,-1.128450451834645124e-01,-7.089559426410410037e-01,6.242432699513845940e+00,5.958633568039969084e-04
4.830000000000003735e-01,-9.944017943960984374e-01,-1.066004267436470310e-01,-6.697236968709006089e-01,6.246763104394841726e+00,5.970995878190131067e-04
4.840000000000003744e-01,-9.950518908956335062e-01,-1.003516011545864811e-01,-6.304650272984190229e-01,6.250846970351108034e+00,5.983358188339316184e-04
4.850000000000003753e-01,-9.956627161590503317e-01,-9.409881503653400037e-02,-5.911814828755184159e-01,6.254684136350594947e+00,5.995720498487523351e-04
4.860000000000003761e-01,-9.962342460863852223e-01,-8.784231516590938760e-02,-5.518746135337991854e-01,6.258274451089059554e+00,6.008082808634750398e-04
4.870000000000003770e-01,-9.967664581280704095e-01,-8.158234846557030351e-02,-5.125459701234955645e-01,6.261617772996013187e+00,6.020445118780996243e-04
4.880000000000003779e-01,-9.972593312858223369e-01,-7.531916199507565635e-02,-4.731971043523955922e-01,6.264713970240282315e+00,6.032807428926257633e-04
4.890000000000003788e-01,-9.977128461134684434e-01,-6.905300294094372793e-02,-4.338295687247272214e-01,6.267562920735189280e+00,6.045169739070532398e-04
4.900000000000003797e-01,-9.981269847177132171e-01,-6.278411860690519264e-02,-3.944449164800134522e-01,6.270164512143348468e+00,6.057532049213819455e-04
4.910000000000003806e-01,-9.985017307588427427e-01,-5.651275640415162616e-02,-3.550447015318987098e-01,6.272518641881079660e+00,6.069894359356116636e-04
4.920000000000003815e-01,-9.988370694513685200e-01,-5.023916384157971898e-02,-3.156304784069488556e-01,6.274625217122438592e+00,6.082256669497421771e-04
4.930000000000003824e-01,-9.991329875646093317e-01,-4.396358851603171525e-02,-2.762038021834272161e-01,6.276484154802865589e+00,6.094618979637732694e-04
4.940000000000003832e-01,-9.993894734232126043e-01,-3.768627810253234733e-02,-2.367662284300491027e-01,6.278095381622447846e+00,6.106981289777047234e-04
4.950000000000003841e-01,-9.996065169076142620e-01,-3.140748034452271742e-02,-1.973193131447170123e-01,6.279458834048798899e+00,6.119343599915363224e-04
4.960000000000003850e-01,-9.997841094544371865e-01,-2.512744304409149712e-02,-1.578646126932391480e-01,6.280574458319556186e+00,6.131705910052679580e-04
4.970000000000003859e-01,-9.999222440568285020e-01,-1.884641405220381302e-02,-1.184036837480336168e-01,6.281442210444491359e+00,6.144068220188993049e-04
4.980000000000003868e-01,-1.000020915264735244e+00,-1.256464125892822054e-02,-7.893808322682045742e-02,6.282062056207241341e+00,6.156430530324302547e-04
4.990000000000003877e-01,-1.000080119185119631e+00,-6.282372583662122582e-03,-3.946936823130425126e-02,6.282433971166650366e+00,6.168792840458605905e-04
5.000000000000003331e-01,-1.000099853482111945e+00,1.440346439384246335e-07,9.040141505517462761e-07,6.282557940657730988e+00,6.181155150591900954e-04
5.010000000000003340e-01,-1.000080117377102340e+00,6.282660647262773568e-03,3.947117622384910957e-02,6.282433959792240508e+00,6.193517460724185528e-04
5.020000000000003348e-01,-1.000020911648772159e+00,1.256492930546741771e-02,7.893989111209799570e-02,6.282062033458873707e+00,6.205879770855457457e-04
5.030000000000003357e-01,-9.999222386330626211e-01,1.884670207030800931e-02,1.184054914545370485e-01,6.281442176323068338e+00,6.218242080985714572e-04
5.040000000000003366e-01,-9.997841022230832264e-01,2.512773102238826869e-02,1.578664201494688613e-01,6.280574412826431363e+00,6.230604391114955790e-04
5.050000000000003375e-01,-9.996065078689581052e-01,3.140776827164122598e-02,1.973211202791833874e-01,6.279458777185777940e+00,6.242966701243177858e-04
5.060000000000003384e-01,-9.993894625776117424e-01,3.768656596710377726e-02,2.367680351712754261e-01,6.278095313391786725e+00,6.255329011370379692e-04
5.070000000000003393e-01,-9.991329749124927551e-01,4.396387630668974200e-02,2.762056084599525119e-01,6.276484075207272362e+00,6.267691321496559123e-04
5.080000000000003402e-01,-9.988370549932367171e-01,5.023945154696094623e-02,3.156322841473307439e-01,6.274625126165071620e+00,6.280053631621713983e-04
5.090000000000003411e-01,-9.985017144952675894e-01,5.651304401289603679e-02,3.550465066647163770e-01,6.272518539565548501e+00,6.292415941745842104e-04
5.100000000000003419e-01,-9.981269666493378656e-01,6.278440610765662067e-02,3.944467209338703428e-01,6.270164398473713874e+00,6.304778251868942401e-04
5.110000000000003428e-01,-9.977128262410076553e-01,6.905329032235027475e-02,4.338313724282539807e-01,6.267562795715961421e+00,6.317140561991011621e-04
5.120000000000003437e-01,-9.972593096100620391e-01,7.531944924579016265e-02,4.731989072342528968e-01,6.264713833876421667e+00,6.329502872112048682e-04
5.130000000000003446e-01,-9.967664346498680272e-01,8.158263557425080026e-02,5.125477721123770092e-01,6.261617625292931422e+00,6.341865182232051413e-04
5.140000000000003455e-01,-9.962342208066693461e-01,8.784260212121954015e-02,5.518764145584341696e-01,6.258274292052617760e+00,6.354227492351016563e-04
5.150000000000003464e-01,-9.956626890788208284e-01,9.409910182714356641e-02,5.911832828646749194e-01,6.254683965987103633e+00,6.366589802468943047e-04
5.160000000000003473e-01,-9.950518620159614080e-01,1.003518877691717548e-01,6.304668261809065477e-01,6.250846788667327125e+00,6.378952112585829781e-04
5.170000000000003482e-01,-9.944017637181259417e-01,1.066007131708912731e-01,6.697254945755729549e-01,6.246762911397980567e+00,6.391314422701673513e-04
5.180000000000003491e-01,-9.937124198347961901e-01,1.128453314120584361e-01,7.089577390967990445e-01,6.242432495211563293e+00,6.403676732816472074e-04
5.190000000000003499e-01,-9.929838575638904041e-01,1.190854960383233019e-01,7.481620118333969227e-01,6.237855710862056036e+00,6.416039042930224380e-04
5.200000000000003508e-01,-9.922161056506922927e-01,1.253209607709478979e-01,7.873367659758309101e-01,6.233032738818211627e+00,6.428401353042928262e-04
5.210000000000003517e-01,-9.914091943867189283e-01,1.315514795165174111e-01,8.264804558771399190e-01,6.227963769256464666e+00,6.440763663154580468e-04
5.220000000000003526e-01,-9.905631556085277012e-01,1.377768063766442730e-01,8.655915371138139802e-01,6.222649002053459277e+00,6.453125973265179914e-04
5.230000000000003535e-01,-9.896780226964624338e-01,1.439966956576643475e-01,9.046684665466234732e-01,6.217088646778194949e+00,6.465488283374724431e-04
5.240000000000003544e-01,-9.887538305733386546e-01,1.502109018803252927e-01,9.437097023813975083e-01,6.211282922683792229e+00,6.477850593483212936e-04
5.250000000000003553e-01,-9.877906157030683643e-01,1.564191797894663449e-01,9.827137042297502401e-01,6.205232058698880060e+00,6.490212903590642174e-04
5.260000000000003562e-01,-9.867884160892236300e-01,1.626212843636894168e-01,1.021678933169751780e+00,6.198936293418598531e+00,6.502575213697011063e-04
5.270000000000003570e-01,-9.857472712735400044e-01,1.688169708250209233e-01,1.060603851806542375e+00,6.192395875095225044e+00,6.514937523802316350e-04
5.280000000000003579e-01,-9.846672223343591046e-01,1.750059946485640894e-01,1.099486924332885751e+00,6.185611061628419449e+00,6.527299833906556950e-04
5.290000000000003588e-01,-9.835483118850107953e-01,1.811881115721412638e-01,1.138326616589661722e+00,6.178582120555091706e+00,6.539662144009730695e-04
5.300000000000003597e-01,-9.823905840721348648e-01,1.873630776059259651e-01,1.177121396126293185e+00,6.171309329038888514e+00,6.552024454111835417e-04
5.310000000000003606e-01,-9.811940845739421935e-01,1.935306490420641845e-01,1.215869732261107616e+00,6.163792973859304247e+00,6.564386764212868947e-04
5.320000000000003615e-01,-9.799588605984157486e-01,1.996905824642847271e-01,1.254570096141627733e+00,6.156033351400410858e+00,6.576749074312829117e-04
5.330000000000003624e-01,-9.786849608814514045e-01,2.058426347574978388e-01,1.293220960804791764e+00,6.148030767639214744e+00,6.589111384411714843e-04
5.340000000000003633e-01,-9.773724356849381456e-01,2.119865631173822873e-01,1.331820801237099783e+00,6.139785538133629927e+00,6.601473694509523956e-04
5.350000000000003642e-01,-9.760213367947787599e-01,2.181221250599600370e-01,1.370368094434683437e+00,6.131297988010083522e+00,6.613836004606253203e-04
5.360000000000003650e-01,-9.746317175188501380e-01,2.242490784311584606e-01,1.408861319463297068e+00,6.122568451950735735e+00,6.626198314701901501e-04
5.370000000000003659e-01,-9.732036326849035079e-01,2.303671814163594789e-01,1.447298957518228235e+00,6.113597274180333052e+00,6.638560624796466681e-04
5.380000000000003668e-01,-9.717371386384051624e-01,2.364761925499354323e-01,1.485679491984124523e+00,6.104384808452678612e+00,6.650922934889946575e-04
5.390000000000003677e-01,-9.702322932403171230e-01,2.425758707247711865e-01,1.524001408494734866e+00,6.094931418036734883e+00,6.663285244982340098e-04
5.400000000000003686e-01,-9.686891558648182965e-01,2.486659752017722491e-01,1.562263194992563609e+00,6.085237475702346188e+00,6.675647555073643998e-04
5.410000000000003695e-01,-9.671077873969660121e-01,2.547462656193583141e-01,1.600463341788432858e+00,6.075303363705592652e+00,6.688009865163857190e-04
5.420000000000003704e-01,-9.654882502302976066e-01,2.608165020029420966e-01,1.638600341620953582e+00,6.065129473773769320e+00,6.700372175252976422e-04
5.430000000000003713e-01,-9.638306082643732786e-01,2.668764447743926516e-01,1.676672689715900777e+00,6.054716207089992253e+00,6.712734485341000611e-04
5.440000000000003721e-01,-9.621349269022592132e-01,2.729258547614836772e-01,1.714678883845492052e+00,6.044063974277434248e+00,6.725096795427927586e-04
5.450000000000003730e-01,-9.604012730479514204e-01,2.789644932073253036e-01,1.752617424387566070e+00,6.033173195383188414e+00,6.737459105513755181e-04
5.460000000000003739e-01,-9.586297151037406206e-01,2.849921217797798390e-01,1.790486814384659287e+00,6.022044299861762262e+00,6.749821415598481226e-04
5.470000000000003748e-01,-9.568203229675181776e-01,2.910085025808607506e-01,1.828285559602978783e+00,6.010677726558201428e+00,6.762183725682104638e-04
5.480000000000003757e-01,-9.549731680300228565e-01,2.970133981561147163e-01,1.866012168591268061e+00,5.999073923690844801e+00,6.774546035764622163e-04
5.490000000000003766e-01,-9.530883231720288506e-01,3.030065715039860774e-01,1.903665152739563826e+00,5.987233348833710167e+00,6.786908345846032718e-04
5.500000000000003775e-01,-9.511658627614751893e-01,3.089877860851635294e-01,1.941243026337842625e+00,5.975156468898512152e+00,6.799270655926334134e-04
5.510000000000003784e-01,-9.492058626505367469e-01,3.149568058319087149e-01,1.978744306634552919e+00,5.962843760116313341e+00,6.811632966005524243e-04
5.520000000000003793e-01,-9.472084001726361890e-01,3.209133951573662213e-01,2.016167513895032126e+00,5.950295708018812135e+00,6.823995276083600877e-04
5.530000000000003801e-01,-9.451735541393981865e-01,3.268573189648547039e-01,2.053511171459805773e+00,5.937512807419257577e+00,6.836357586160561866e-04
5.540000000000003810e-01,-9.431014048375451209e-01,3.327883426571387471e-01,2.090773805802765395e+00,5.924495562393005343e+00,6.848719896236405043e-04
5.550000000000003819e-01,-9.409920340257343918e-01,3.387062321456811298e-01,2.127953946589224543e+00,5.911244486257709596e+00,6.861082206311129323e-04
5.560000000000003828e-01,-9.388455249313384376e-01,3.446107538598751074e-01,2.165050126733850444e+00,5.897760101553147116e+00,6.873444516384731454e-04
5.570000000000003837e-01,-9.366619622471661355e-01,3.505016747562560986e-01,2.202060882458467539e+00,5.884042940020682622e+00,6.885806826457210351e-04
5.580000000000003846e-01,-9.344414321281270253e-01,3.563787623276930550e-01,2.238984753349731349e+00,5.870093542582369928e+00,6.898169136528563847e-04
5.590000000000003855e-01,-9.321840221878374688e-01,3.622417846125585150e-01,2.275820282416673113e+00,5.855912459319694285e+00,6.910531446598789772e-04
5.600000000000003864e-01,-9.298898214951697438e-01,3.680905102038771748e-01,2.312566016148107195e+00,5.841500249451952342e+00,6.922893756667885959e-04
5.610000000000003872e-01,-9.275589205707436280e-01,3.739247082584528092e-01,2.349220504569905277e+00,5.826857481314275056e+00,6.935256066735850239e-04
5.620000000000003881e-01,-9.251914113833605846e-01,3.797441485059729338e-01,2.385782301302129316e+00,5.811984732335288228e+00,6.947618376802681527e-04
5.630000000000003890e-01,-9.227873873463812160e-01,3.855486012580910393e-01,2.422249963616026402e+00,5.796882589014420439e+00,6.959980686868376572e-04
5.640000000000003899e-01,-9.203469433140455402e-01,3.913378374174857899e-01,2.458622052490880172e+00,5.781551646898850372e+00,6.972342996932934288e-04
5.650000000000003908e-01,-9.178701755777366467e-01,3.971116284868972390e-01,2.494897132670716111e+00,5.765992510560100648e+00,6.984705306996352508e-04
5.660000000000003917e-01,-9.153571818621877298e-01,4.028697465781392317e-01,2.531073772720859427e+00,5.750205793570273727e+00,6.997067617058629063e-04
5.670000000000003926e-01,-9.128080613216323913e-01,4.086119644210878810e-01,2.567150545084345481e+00,5.734192118477936972e+00,7.009429927119761785e-04
5.680000000000003935e-01,-9.102229145358990969e-01,4.143380553726460636e-01,2.603126026138176563e+00,5.717952116783654226e+00,7.021792237179748505e-04
5.690000000000003944e-01,-9.076018435064486800e-01,4.200477934256827695e-01,2.638998796249425016e+00,5.701486428915162108e+00,7.034154547238587055e-04
5.700000000000003952e-01,-9.049449516523566661e-01,4.257409532179479150e-01,2.674767439831180482e+00,5.684795704202198152e+00,7.046516857296276351e-04
5.710000000000003961e-01,-9.022523438062393097e-01,4.314173100409615103e-01,2.710430545398339053e+00,5.667880600850979889e+00,7.058879167352813139e-04
5.720000000000003970e-01,-8.995241262101237867e-01,4.370766398488772353e-01,2.745986705623231661e+00,5.650741785918328652e+00,7.071241477408196337e-04
5.730000000000003979e-01,-8.967604065112630973e-01,4.427187192673199823e-01,2.781434517391089489e+00,5.633379935285453222e+00,7.083603787462423775e-04
5.740000000000003988e-01,-8.939612937578955698e-01,4.483433256021970292e-01,2.816772581855344626e+00,5.615795733631379960e+00,7.095966097515493285e-04
5.750000000000003997e-01,-8.911268983949489630e-01,4.539502368484823469e-01,2.851999504492764625e+00,5.597989874406039235e+00,7.108328407567402699e-04
5.760000000000004006e-01,-8.882573322596898358e-01,4.595392316989739823e-01,2.887113895158415655e+00,5.579963059803006331e+00,7.120690717618150933e-04
5.770000000000004015e-01,-8.853527085773174043e-01,4.651100895530239088e-01,2.922114368140456886e+00,5.561716000731899534e+00,7.133053027667734733e-04
5.780000000000004023e-01,-8.824131419565036660e-01,4.706625905252400099e-01,2.956999542214759469e+00,5.543249416790433592e+00,7.145415337716153016e-04
5.790000000000004032e-01,-8.794387483848781217e-01,4.761965154541603074e-01,2.991768040699350095e+00,5.524564036236131237e+00,7.157777647763402529e-04
5.800000000000004041e-01,-8.764296452244585423e-01,4.817116459108982118e-01,3.026418491508678699e+00,5.505660595957695413e+00,7.170139957809482188e-04
5.810000000000004050e-01,-8.733859512070275555e-01,4.872077642077594084e-01,3.060949527207702747e+00,5.486539841446039567e+00,7.182502267854389824e-04
5.820000000000004059e-01,-8.703077864294550547e-01,4.926846534068294314e-01,3.095359785065793012e+00,5.467202526764983084e+00,7.194864577898123269e-04
5.830000000000004068e-01,-8.671952723489668724e-01,4.981420973285317078e-01,3.129647907110452376e+00,5.447649414521603006e+00,7.207226887940681439e-04
5.840000000000004077e-01,-8.640485317783601626e-01,5.035798805601559014e-01,3.163812540180850785e+00,5.427881275836256236e+00,7.219589197982061082e-04
5.850000000000004086e-01,-8.608676888811646055e-01,5.089977884643560602e-01,3.197852335981169247e+00,5.407898890312263340e+00,7.231951508022261112e-04
5.860000000000004095e-01,-8.576528691667512083e-01,5.143956071876183422e-01,3.231765951133755976e+00,5.387703046005256624e+00,7.244313818061278278e-04
5.870000000000004103e-01,-8.544041994853874833e-01,5.197731236686976564e-01,3.265552047232087585e+00,5.367294539392199582e+00,7.256676128099111495e-04
5.880000000000004112e-01,-8.511218080232397787e-01,5.251301256470236600e-01,3.299209290893538427e+00,5.346674175340072388e+00,7.269038438135758595e-04
5.890000000000004121e-01,-8.478058242973233183e-01,5.304664016710747276e-01,3.332736353811949659e+00,5.325842767074226103e+00,7.281400748171217409e-04
5.900000000000004130e-01,-8.444563791503993944e-01,5.357817411067204993e-01,3.366131912810002902e+00,5.304801136146410023e+00,7.293763058205485770e-04
5.910000000000004139e-01,-8.410736047458203801e-01,5.410759341455321225e-01,3.399394649891390952e+00,5.283550112402469523e+00,7.306125368238562592e-04
5.920000000000004148e-01,-8.376576345623228947e-01,5.463487718130600745e-01,3.432523252292786431e+00,5.262090533949718818e+00,7.318487678270444623e-04
5.930000000000004157e-01,-8.342086033887686769e-01,5.516000459770791231e-01,3.465516412535606161e+00,5.240423247123985995e+00,7.330849988301130779e-04
5.940000000000004166e-01,-8.307266473188343880e-01,5.568295493558002018e-01,3.498372828477566365e+00,5.218549106456337405e+00,7.343212298330618892e-04
5.950000000000004174e-01,-8.272119037456492352e-01,5.620370755260490903e-01,3.531091203364031816e+00,5.196468974639474325e+00,7.355574608358906794e-04
5.960000000000004183e-01,-8.236645113563820786e-01,5.672224189314108989e-01,3.563670245879150933e+00,5.174183722493813420e+00,7.367936918385992314e-04
5.970000000000004192e-01,-8.200846101267768029e-01,5.723853748903406924e-01,3.596108670196781265e+00,5.151694228933244801e+00,7.380299228411873287e-04
5.980000000000004201e-01,-8.164723413156376175e-01,5.775257396042399183e-01,3.628405196031196933e+00,5.129001380930569454e+00,7.392661538436547542e-04
5.990000000000004210e-01,-8.128278474592631753e-01,5.826433101654976410e-01,3.660558548687580238e+00,5.106106073482621355e+00,7.405023848460013996e-04
6.000000000000004219e-01,-8.091512723658305095e-01,5.877378845654971373e-01,3.692567459112295225e+00,5.083009209575073406e+00,7.417386158482269396e-04
6.010000000000004228e-01,-8.054427611097288997e-01,5.928092617025870759e-01,3.724430663942938313e+00,5.059711700146928948e+00,7.429748468503312659e-04
6.020000000000004237e-01,-8.017024600258434441e-01,5.978572413900168359e-01,3.756146905558168658e+00,5.036214464054697082e+00,7.442110778523141615e-04
6.030000000000004245e-01,-7.979305167037895608e-01,6.028816243638359662e-01,3.787714932127309808e+00,5.012518428036258911e+00,7.454473088541754095e-04
6.040000000000004254e-01,-7.941270799820974169e-01,6.078822122907574510e-01,3.819133497659728871e+00,4.988624526674423798e+00,7.466835398559147933e-04
6.050000000000004263e-01,-7.902922999423472872e-01,6.128588077759842268e-01,3.850401362053983867e+00,4.964533702360172107e+00,7.479197708575320959e-04
6.060000000000004272e-01,-7.864263279032558396e-01,6.178112143709989512e-01,3.881517291146740600e+00,4.940246905255595955e+00,7.491560018590272090e-04
6.070000000000004281e-01,-7.825293164147136826e-01,6.227392365813162467e-01,3.912480056761458602e+00,4.915765093256528218e+00,7.503922328603998071e-04
6.080000000000004290e-01,-7.786014192517745069e-01,6.276426798741978619e-01,3.943288436756841708e+00,4.891089231954870442e+00,7.516284638616497820e-04
6.090000000000004299e-01,-7.746427914085955990e-01,6.325213506863296420e-01,3.973941215075050604e+00,4.866220294600616114e+00,7.528646948627769168e-04
6.100000000000004308e-01,-7.706535890923301713e-01,6.373750564314604183e-01,4.004437181789679556e+00,4.841159262063571944e+00,7.541009258637809947e-04
6.110000000000004317e-01,-7.666339697169723966e-01,6.422036055080028172e-01,4.034775133153490678e+00,4.815907122794778061e+00,7.553371568646617988e-04
6.120000000000004325e-01,-7.625840918971541482e-01,6.470068073065948777e-01,4.064953871645908379e+00,4.790464872787631556e+00,7.565733878654191122e-04
6.130000000000004334e-01,-7.585041154418949993e-01,6.517844722176229233e-01,4.094972206020266903e+00,4.764833515538710706e+00,7.578096188660527182e-04
6.140000000000004343e-01,-7.543942013483045939e-01,6.565364116387050197e-01,4.124828951350814954e+00,4.739014062008301664e+00,7.590458498665625083e-04
6.150000000000004352e-01,-7.502545117952383880e-01,6.612624379821347986e-01,4.154522929079470295e+00,4.713007530580635596e+00,7.602820808669481572e-04
6.160000000000004361e-01,-7.460852101369066514e-01,6.659623646822854237e-01,4.184052967062325656e+00,4.686814947023829170e+00,7.615183118672095566e-04
6.170000000000004370e-01,-7.418864608964371721e-01,6.706360062029732561e-01,4.213417899615905071e+00,4.660437344449535502e+00,7.627545428673464896e-04
6.180000000000004379e-01,-7.376584297593918871e-01,6.752831780447812182e-01,4.242616567563162633e+00,4.633875763272302883e+00,7.639907738673587393e-04
6.190000000000004388e-01,-7.334012835672374386e-01,6.799036967523411912e-01,4.271647818279230790e+00,4.607131251168649300e+00,7.652270048672460889e-04
6.200000000000004396e-01,-7.291151903107703225e-01,6.844973799215754440e-01,4.300510505736909295e+00,4.580204863035847396e+00,7.664632358670084300e-04
6.210000000000004405e-01,-7.248003191234965170e-01,6.890640462068965411e-01,4.329203490551895683e+00,4.553097660950427006e+00,7.676994668666454373e-04
6.220000000000004414e-01,-7.204568402749661482e-01,6.936035153283658383e-01,4.357725640027756420e+00,4.525810714126392575e+00,7.689356978661570025e-04
6.230000000000004423e-01,-7.160849251640631907e-01,6.981156080788097906e-01,4.386075828200635129e+00,4.498345098873158143e+00,7.701719288655428002e-04
6.240000000000004432e-01,-7.116847463122505379e-01,7.026001463308946260e-01,4.414252935883695272e+00,4.470701898553205211e+00,7.714081598648027220e-04
6.250000000000004441e-01,-7.072564773567712182e-01,7.070569530441574990e-01,4.442255850711302578e+00,4.442882203539459063e+00,7.726443908639365511e-04
6.260000000000004450e-01,-7.028002930438047580e-01,7.114858522719961220e-01,4.470083467182932146e+00,4.414887111172391521e+00,7.738806218629440707e-04
6.270000000000004459e-01,-6.983163692215805796e-01,7.158866691686144312e-01,4.497734686706812646e+00,4.386717725716845706e+00,7.751168528618251723e-04
6.280000000000004468e-01,-6.938048828334474338e-01,7.202592299959251765e-01,4.525208417643297842e+00,4.358375158318590792e+00,7.763530838605795306e-04
6.290000000000004476e-01,-6.892660119108996453e-01,7.246033621304091010e-01,4.552503575347962794e+00,4.329860526960600531e+00,7.775893148592070373e-04
6.300000000000004485e-01,-6.846999355665605025e-01,7.289188940699304897e-01,4.579619082214431813e+00,4.301174956419066220e+00,7.788255458577073671e-04
6.310000000000004494e-01,-6.801068339871229051e-01,7.332056554405076421e-01,4.606553867716923989e+00,4.272319578219137881e+00,7.800617768560804115e-04
6.320000000000004503e-01,-6.754868884262476003e-01,7.374634770030402686e-01,4.633306868452523375e+00,4.243295530590403430e+00,7.812980078543259538e-04
6.330000000000004512e-01,-6.708402811974193414e-01,7.416921906599910352e-01,4.659877028183172065e+00,4.214103958422097840e+00,7.825342388524437771e-04
6.340000000000004521e-01,-6.661671956667610806e-01,7.458916294620229204e-01,4.686263297877379053e+00,4.184746013218052063e+00,7.837704698504336645e-04
6.350000000000004530e-01,-6.614678162458066391e-01,7.500616276145911643e-01,4.712464635751647535e+00,4.155222853051380838e+00,7.850067008482955076e-04
6.360000000000004539e-01,-6.567423283842324100e-01,7.542020204844899212e-01,4.738480007311620668e+00,4.125535642518910251e+00,7.862429318460289812e-04
6.370000000000004547e-01,-6.519909185625473169e-01,7.583126446063527260e-01,4.764308385392934220e+00,4.095685552695347731e+00,7.874791628436339768e-04
6.380000000000004556e-01,-6.472137742847428044e-01,7.623933376891077751e-01,4.789948750201791228e+00,4.065673761087196247e+00,7.887153938411102776e-04
6.390000000000004565e-01,-6.424110840709020831e-01,7.664439386223862449e-01,4.815400089355239999e+00,4.035501451586412713e+00,7.899516248384575584e-04
6.400000000000004574e-01,-6.375830374497691855e-01,7.704642874828846466e-01,4.840661397921164344e+00,4.005169814423817698e+00,7.911878558356757107e-04
6.410000000000004583e-01,-6.327298249512782746e-01,7.744542255406802189e-01,4.865731678457979825e+00,3.974680046122251120e+00,7.924240868327646261e-04
6.420000000000004592e-01,-6.278516380990434298e-01,7.784135952654993584e-01,4.890609941054040455e+00,3.944033349449481030e+00,7.936603178297239793e-04
6.430000000000004601e-01,-6.229486694028090188e-01,7.823422403329390873e-01,4.915295203366745191e+00,3.913230933370863696e+00,7.948965488265535536e-04
6.440000000000004610e-01,-6.180211123508613236e-01,7.862400056306407814e-01,4.939786490661348672e+00,3.882274013001761226e+00,7.961327798232532404e-04
6.450000000000004619e-01,-6.130691614024015301e-01,7.901067372644161591e-01,4.964082835849473518e+00,3.851163809559714490e+00,7.973690108198228229e-04
6.460000000000004627e-01,-6.080930119798799716e-01,7.939422825643256409e-01,4.988183279527325098e+00,3.819901550316374905e+00,7.986052418162620844e-04
6.470000000000004636e-01,-6.030928604612926236e-01,7.977464900907081935e-01,5.012086870013600759e+00,3.788488468549195964e+00,7.998414728125708079e-04
6.480000000000004645e-01,-5.980689041724399635e-01,8.015192096401629884e-01,5.035792663387098855e+00,3.756925803492889848e+00,8.010777038087487766e-04
6.490000000000004654e-01,-5.930213413791479704e-01,8.052602922514819905e-01,5.059299723524021353e+00,3.725214800290644668e+00,8.023139348047957737e-04
6.500000000000004663e-01,-5.879503712794522663e-01,8.089695902115344728e-01,5.082607122134970012e+00,3.693356709945110783e+00,8.035501658007115824e-04
6.510000000000004672e-01,-5.828561939957455085e-01,8.126469570611014603e-01,5.105713938801639706e+00,3.661352789269154862e+00,8.047863967964960941e-04
6.520000000000004681e-01,-5.777390105668877007e-01,8.162922476006613248e-01,5.128619261013196429e+00,3.629204300836382568e+00,8.060226277921490922e-04
6.530000000000004690e-01,-5.725990229402811993e-01,8.199053178961256405e-01,5.151322184202347998e+00,3.596912512931435213e+00,8.072588587876702512e-04
6.540000000000004698e-01,-5.674364339639087484e-01,8.234860252845255246e-01,5.173821811781103008e+00,3.564478699500058134e+00,8.084950897830594629e-04
6.550000000000004707e-01,-5.622514473783367661e-01,8.270342283796474625e-01,5.196117255176217142e+00,3.531904140098947931e+00,8.097313207783165103e-04
6.560000000000004716e-01,-5.570442678086828803e-01,8.305497870776189506e-01,5.218207633864322403e+00,3.499190119845373648e+00,8.109675517734412850e-04
6.570000000000004725e-01,-5.518151007565486044e-01,8.340325625624441797e-01,5.240092075406742822e+00,3.466337929366582582e+00,8.122037827684334618e-04
6.580000000000004734e-01,-5.465641525919173738e-01,8.374824173114883141e-01,5.261769715483990417e+00,3.433348864748982709e+00,8.134400137632928239e-04
6.590000000000004743e-01,-5.412916305450182763e-01,8.408992151009112570e-01,5.283239697929944079e+00,3.400224227487112838e+00,8.146762447580192627e-04
6.600000000000004752e-01,-5.359977426981556992e-01,8.442828210110502329e-01,5.304501174765709592e+00,3.366965324432397377e+00,8.159124757526125616e-04
6.610000000000004761e-01,-5.306826979775053355e-01,8.476331014317508572e-01,5.325553306233151929e+00,3.333573467741688390e+00,8.171487067470725035e-04
6.620000000000004770e-01,-5.253467061448767739e-01,8.509499240676468013e-01,5.346395260828114004e+00,3.300049974825597143e+00,8.183849377413988718e-04
6.630000000000004778e-01,-5.199899777894431141e-01,8.542331579433875000e-01,5.367026215333302375e+00,3.266396168296618718e+00,8.196211687355914495e-04
6.640000000000004787e-01,-5.146127243194377199e-01,8.574826734088143443e-01,5.387445354850853185e+00,3.232613375917050114e+00,8.208573997296500198e-04
6.650000000000004796e-01,-5.092151579538186645e-01,8.606983421440840276e-01,5.407651872834570383e+00,3.198702930546702294e+00,8.220936307235744743e-04
6.660000000000004805e-01,-5.037974917139009801e-01,8.638800371647399334e-01,5.427644971121831752e+00,3.164666170090414177e+00,8.233298617173644878e-04
6.670000000000004814e-01,-4.983599394149573758e-01,8.670276328267308985e-01,5.447423859965172532e+00,3.130504437445361887e+00,8.245660927110199517e-04
6.680000000000004823e-01,-4.929027156577875379e-01,8.701410048313770185e-01,5.466987758063533320e+00,3.096219080448173955e+00,8.258023237045406494e-04
6.690000000000004832e-01,-4.874260358202559540e-01,8.732200302302827177e-01,5.486335892593176666e+00,3.061811451821847552e+00,8.270385546979263638e-04
6.700000000000004841e-01,-4.819301160487995950e-01,8.762645874301963067e-01,5.505467499238272389e+00,3.027282909122473775e+00,8.282747856911768783e-04
6.710000000000004849e-01,-4.764151732499045666e-01,8.792745561978166924e-01,5.524381822221148930e+00,2.992634814685768418e+00,8.295110166842919758e-04
6.720000000000004858e-01,-4.708814250815531177e-01,8.822498176645456880e-01,5.543078114332204542e+00,2.957868535573415780e+00,8.307472476772715482e-04
6.730000000000004867e-01,-4.653290899446407836e-01,8.851902543311873650e-01,5.561555636959488957e+00,2.922985443519221960e+00,8.319834786701152700e-04
6.740000000000004876e-01,-4.597583869743639418e-01,8.880957500725934484e-01,5.579813660117942220e+00,2.887986914875085187e+00,8.332197096628230328e-04
6.750000000000004885e-01,-4.541695360315786134e-01,8.909661901422536445e-01,5.597851462478294238e+00,2.852874330556781857e+00,8.344559406553946198e-04
6.760000000000004894e-01,-4.485627576941301764e-01,8.938014611768330120e-01,5.615668331395628599e+00,2.817649075989571372e+00,8.356921716478297058e-04
6.770000000000004903e-01,-4.429382732481550455e-01,8.966014512006537096e-01,5.633263562937600000e+00,2.782312541053621580e+00,8.369284026401282908e-04
6.780000000000004912e-01,-4.372963046793540420e-01,8.993660496301227880e-01,5.650636461912311503e+00,2.746866120029257896e+00,8.381646336322900494e-04
6.790000000000004921e-01,-4.316370746642382294e-01,9.020951472781048031e-01,5.667786341895848956e+00,2.711311211542037025e+00,8.394008646243147648e-04
6.800000000000004929e-01,-4.259608065613471606e-01,9.047886363582395841e-01,5.684712525259469018e+00,2.675649218507648364e+00,8.406370956162023287e-04
6.810000000000004938e-01,-4.202677244024404235e-01,9.074464104892046024e-01,5.701414343196442580e+00,2.639881548076645323e+00,8.418733266079524158e-04
6.820000000000004947e-01,-4.145580528836622092e-01,9.100683646989222719e-01,5.717891135748551790e+00,2.604009611579007011e+00,8.431095575995649176e-04
6.830000000000004956e-01,-4.088320173566797888e-01,9.126543954287114069e-01,5.734142251832237136e+00,2.568034824468534705e+00,8.443457885910396173e-04
6.840000000000004965e-01,-4.030898438197959566e-01,9.152044005373836111e-01,5.750167049264398145e+00,2.531958606267084910e+00,8.455820195823762981e-04
6.850000000000004974e-01,-3.973317589090356594e-01,9.177182793052828247e-01,5.765964894787841466e+00,2.495782380508638987e+00,8.468182505735747431e-04
6.860000000000004983e-01,-3.915579898892077026e-01,9.201959324382696925e-01,5.781535164096379908e+00,2.459507574683215125e+00,8.480544815646347354e-04
6.870000000000004992e-01,-3.857687646449411423e-01,9.226372620716495332e-01,5.796877241859579755e+00,2.423135620180620009e+00,8.492907125555561668e-04
6.880000000000005000e-01,-3.799643116716975300e-01,9.250421717740437977e-01,5.811990521747153693e+00,2.386667952234048595e+00,8.505269435463387118e-04
6.890000000000005009e-01,-3.741448600667585667e-01,9.274105665512053509e-01,5.826874406452999366e+00,2.350106009863529355e+00,8.517631745369822621e-04
6.900000000000005018e-01,-3.683106395201899974e-01,9.297423528497769096e-01,5.841528307718885316e+00,2.313451235819217633e+00,8.529994055274866009e-04
6.910000000000005027e-01,-3.624618803057822469e-01,9.320374385609926371e-01,5.855951646357778984e+00,2.276705076524542459e+00,8.542356365178515112e-04
6.920000000000005036e-01,-3.565988132719674630e-01,9.342957330243230052e-01,5.870143852276819452e+00,2.239868982019205923e+00,8.554718675080767764e-04
6.930000000000005045e-01,-3.507216698327142446e-01,9.365171470310625912e-01,5.884104364499929574e+00,2.202944405902038216e+00,8.567080984981621794e-04
6.940000000000005054e-01,-3.448306819583995542e-01,9.387015928278604759e-01,5.897832631190073727e+00,2.165932805273711903e+00,8.579443294881076119e-04
6.950000000000005063e-01,-3.389260821666587042e-01,9.408489841201933546e-01,5.911328109671151410e+00,2.128835640679314523e+00,8.591805604779127487e-04
6.960000000000005071e-01,-3.330081035132136380e-01,9.429592360757813596e-01,5.924590266449535569e+00,2.091654376050786635e+00,8.604167914675774813e-04
6.970000000000005080e-01,-3.270769795826798942e-01,9.450322653279458196e-01,5.937618577235244111e+00,2.054390478649222640e+00,8.616530224571015929e-04
6.980000000000005089e-01,-3.211329444793524779e-01,9.470679899789097300e-01,5.950412526962752580e+00,2.017045419007039708e+00,8.628892534464848666e-04
6.990000000000005098e-01,-3.151762328179711914e-01,9.490663296030400486e-01,5.962971609811444473e+00,1.979620670870014587e+00,8.641254844357270856e-04
7.000000000000005107e-01,-3.092070797144654826e-01,9.510272052500319262e-01,5.975295329225694729e+00,1.942117711139194736e+00,8.653617154248280331e-04
7.010000000000005116e-01,-3.032257207766798635e-01,9.529505394480348723e-01,5.987383197934590839e+00,1.904538019812681560e+00,8.665979464137874922e-04
7.020000000000005125e-01,-2.972323920950791787e-01,9.548362562067208570e-01,5.999234737971288034e+00,1.866883079927289968e+00,8.678341774026053545e-04
7.030000000000005134e-01,-2.912273302334352776e-01,9.566842810202936809e-01,6.010849480691998536e+00,1.829154377500087358e+00,8.690704083912812947e-04
7.040000000000005143e-01,-2.852107722194944239e-01,9.584945408704398373e-01,6.022226966794613112e+00,1.791353401469812479e+00,8.703066393798152044e-04
7.050000000000005151e-01,-2.791829555356264980e-01,9.602669642292209762e-01,6.033366746336955799e+00,1.753481643638178156e+00,8.715428703682068668e-04
7.060000000000005160e-01,-2.731441181094562132e-01,9.620014810619075263e-01,6.044268378754668269e+00,1.715540598611059231e+00,8.727791013564560650e-04
7.070000000000005169e-01,-2.670944983044763466e-01,9.636980228297531426e-01,6.054931432878727371e+00,1.677531763739567916e+00,8.740153323445625823e-04
7.080000000000005178e-01,-2.610343349106439281e-01,9.653565224927107558e-01,6.065355486952590525e+00,1.639456639061019683e+00,8.752515633325262017e-04
7.090000000000005187e-01,-2.549638671349592212e-01,9.669769145120890030e-01,6.075540128648974303e+00,1.601316727239791238e+00,8.764877943203468148e-04
7.100000000000005196e-01,-2.488833345920283546e-01,9.685591348531498168e-01,6.085484955086257308e+00,1.563113533508073472e+00,8.777240253080240964e-04
7.110000000000005205e-01,-2.427929772946095244e-01,9.701031209876465056e-01,6.095189572844510906e+00,1.524848565606521156e+00,8.789602562955579380e-04
7.120000000000005214e-01,-2.366930356441434291e-01,9.716088118963024378e-01,6.104653597981164026e+00,1.486523333724802276e+00,8.801964872829481229e-04
7.130000000000005222e-01,-2.305837504212683575e-01,9.730761480712304401e-01,6.113876656046286051e+00,1.448139350442048556e+00,8.814327182701944341e-04
7.140000000000005231e-01,-2.244653627763198989e-01,9.745050715182922429e-01,6.122858382097501995e+00,1.409698130667210725e+00,8.826689492572966549e-04
7.150000000000005240e-01,-2.183381142198162206e-01,9.758955257593985300e-01,6.131598420714529318e+00,1.371201191579319856e+00,8.839051802442545683e-04
7.160000000000005249e-01,-2.122022466129287743e-01,9.772474558347492568e-01,6.140096426013342601e+00,1.332650052567656784e+00,8.851414112310680661e-04
7.170000000000005258e-01,-2.060580021579391519e-01,9.785608083050137962e-01,6.148352061659960732e+00,1.294046235171833814e+00,8.863776422177368228e-04
7.180000000000005267e-01,-1.999056233886823408e-01,9.798355312534512418e-01,6.156365000883859295e+00,1.255391263021789161e+00,8.876138732042607301e-04
7.190000000000005276e-01,-1.937453531609766300e-01,9.810715742879707602e-01,6.164134926491004585e+00,1.216686661777697243e+00,8.888501041906395712e-04
7.200000000000005285e-01,-1.875774346430408301e-01,9.822688885431317685e-01,6.171661530876511037e+00,1.177933959069797032e+00,8.900863351768731292e-04
7.210000000000005294e-01,-1.814021113058989221e-01,9.834274266820838273e-01,6.178944516036920298e+00,1.139134684438141143e+00,8.913225661629611872e-04
7.220000000000005302e-01,-1.752196269137726581e-01,9.845471428984463591e-01,6.185983593582104589e+00,1.100290369272267865e+00,8.925587971489035285e-04
7.230000000000005311e-01,-1.690302255144624510e-01,9.856279929181278598e-01,6.192778484746786383e+00,1.061402546750798148e+00,8.937950281346999362e-04
7.240000000000005320e-01,-1.628341514297168835e-01,9.866699340010848251e-01,6.199328920401683263e+00,1.022472751780960420e+00,8.950312591203503018e-04
7.250000000000005329e-01,-1.566316492455913645e-01,9.876729249430201696e-01,6.205634641064271761e+00,9.835025209380457989e-01,8.962674901058543002e-04
7.260000000000005338e-01,-1.504229638027960447e-01,9.886369260770205836e-01,6.211695396909169276e+00,9.444933924047947960e-01,8.975037210912118228e-04
7.270000000000005347e-01,-1.442083401870337400e-01,9.895618992751342713e-01,6.217510947778137620e+00,9.054469059107197459e-01,8.987399520764226529e-04
7.280000000000005356e-01,-1.379880237193278902e-01,9.904478079498867382e-01,6.223081063189702888e+00,8.663646026713637260e-01,8.999761830614865735e-04
7.290000000000005365e-01,-1.317622599463411925e-01,9.912946170557369596e-01,6.228405522348396950e+00,8.272480253274994144e-01,9.012124140464033680e-04
7.300000000000005373e-01,-1.255312946306850752e-01,9.921022930904718207e-01,6.233484114153616140e+00,7.880987178842699947e-01,9.024486450311729278e-04
7.310000000000005382e-01,-1.192953737412205811e-01,9.928708040965401604e-01,6.238316637208094484e+00,7.489182256502741053e-01,9.036848760157949276e-04
7.320000000000005391e-01,-1.130547434433509940e-01,9.936001196623257536e-01,6.242902899826000329e+00,7.097080951765976087e-01,9.049211070002692592e-04
7.330000000000005400e-01,-1.068096500893064571e-01,9.942902109233592300e-01,6.247242720040644848e+00,6.704698741957946240e-01,9.061573379845955971e-04
7.340000000000005409e-01,-1.005603402084211812e-01,9.949410505634692647e-01,6.251335925611809508e+00,6.312051115608201535e-01,9.073935689687738330e-04
7.350000000000005418e-01,-9.430706049740343599e-02,9.955526128158719290e-01,6.255182354032689851e+00,5.919153571839166350e-01,9.086297999528037501e-04
7.360000000000005427e-01,-8.805005781059885295e-02,9.961248734641999780e-01,6.258781852536454693e+00,5.526021619754567515e-01,9.098660309366851315e-04
7.370000000000005436e-01,-8.178957915024730185e-02,9.966578098434698552e-01,6.262134278102422513e+00,5.132670777827451625e-01,9.111022619204177603e-04
7.380000000000005445e-01,-7.552587165673385616e-02,9.971514008409885221e-01,6.265239497461853269e+00,4.739116573287811551e-01,9.123384929040015282e-04
7.390000000000005453e-01,-6.925918259883405426e-02,9.976056268971980057e-01,6.268097387103352069e+00,4.345374541509854915e-01,9.135747238874361098e-04
7.400000000000005462e-01,-6.298975936395408148e-02,9.980204700064595480e-01,6.270707833277894494e+00,3.951460225398925608e-01,9.148109548707213969e-04
7.410000000000005471e-01,-5.671784944836599091e-02,9.983959137177760290e-01,6.273070732003461103e+00,3.557389174778115004e-01,9.160471858538571724e-04
7.420000000000005480e-01,-5.044370044743858028e-02,9.987319431354526600e-01,6.275185989069289150e+00,3.163176945774579529e-01,9.172834168368432196e-04
7.430000000000005489e-01,-4.416756004586414736e-02,9.990285449196972811e-01,6.277053520039737045e+00,2.768839100205590098e-01,9.185196478196793217e-04
7.440000000000005498e-01,-3.788967600788160917e-02,9.992857072871582647e-01,6.278673250257766902e+00,2.374391204964341473e-01,9.197558788023652617e-04
7.450000000000005507e-01,-3.161029616749631149e-02,9.995034200114015777e-01,6.280045114848037180e+00,1.979848831405539300e-01,9.209921097849008229e-04
7.460000000000005516e-01,-2.532966841869694480e-02,9.996816744233258945e-01,6.281169058719610732e+00,1.585227554730795629e-01,9.222283407672858969e-04
7.470000000000005524e-01,-1.904804070566995869e-02,9.998204634115170908e-01,6.282045036568275620e+00,1.190542953373851243e-01,9.234645717495201583e-04
7.480000000000005533e-01,-1.276566101301182532e-02,9.999197814225401215e-01,6.282673012878484897e+00,7.958106083856544832e-02,9.247008027316034988e-04
7.490000000000005542e-01,-6.482777355939568081e-03,9.999796244611705021e-01,6.283052961924902924e+00,4.010461028193167132e-02,9.259370337135357015e-04
7.500000000000005551e-01,-1.996377704999432665e-04,9.999999900905632844e-01,6.283184867773567994e+00,6.265021114970278915e-04,9.271732646953165496e-04
7.510000000000005560e-01,6.083509696222360111e-03,9.999808774323615257e-01,6.283068724282670381e+00,-3.885170515154463822e-02,9.284094956769458262e-04
7.520000000000005569e-01,1.236641699589709729e-02,9.999222871667422519e-01,6.282704535102943133e+00,-7.832845297034521370e-02,9.296457266584233145e-04
7.530000000000005578e-01,1.864883608874104426e-02,9.998242215324015802e-01,6.282092313677662965e+00,-1.178021828539312921e-01,9.308819576397489061e-04
7.540000000000005587e-01,2.493051895331038770e-02,9.996866843264780034e-01,6.281232083242270114e+00,-1.572713364187330320e-01,9.321181886209222757e-04
7.550000000000005596e-01,3.121121759629252174e-02,9.995096809044143882e-01,6.280123876823594742e+00,-1.967343554501106984e-01,9.333544196019433149e-04
7.560000000000005604e-01,3.749068406229690703e-02,9.992932181797579139e-01,6.278767737238704960e+00,-2.361896819638764078e-01,9.345906505828118068e-04
7.570000000000005613e-01,4.376867044364456810e-02,9.990373046238991694e-01,6.277163717093359629e+00,-2.756357582678085061e-01,9.358268815635275347e-04
7.580000000000005622e-01,5.004492889015583340e-02,9.987419502657494119e-01,6.275311878780082786e+00,-3.150710270231564802e-01,9.370631125440902816e-04
7.590000000000005631e-01,5.631921161893600064e-02,9.984071666913563181e-01,6.273212294475843720e+00,-3.544939313061336583e-01,9.382993435244998308e-04
7.600000000000005640e-01,6.259127092415844862e-02,9.980329670434581191e-01,6.270865046139357801e+00,-3.939029146693951988e-01,9.395355745047560738e-04
7.610000000000005649e-01,6.886085918684485552e-02,9.976193660209766723e-01,6.268270225507994731e+00,-4.332964212034994822e-01,9.407718054848586853e-04
7.620000000000005658e-01,7.512772888464219756e-02,9.971663798784486943e-01,6.265427934094306650e+00,-4.726728955983498515e-01,9.420080364648075570e-04
7.630000000000005667e-01,8.139163260159597291e-02,9.966740264253957093e-01,6.262338283182164567e+00,-5.120307832046144814e-01,9.432442674446024720e-04
7.640000000000005675e-01,8.765232303791946344e-02,9.961423250256326023e-01,6.259001393822512860e+00,-5.513685300951223223e-01,9.444804984242432134e-04
7.650000000000005684e-01,9.390955301975853486e-02,9.955712965965147765e-01,6.255417396828732990e+00,-5.906845831262319546e-01,9.457167294037295644e-04
7.660000000000005693e-01,1.001630755089515518e-01,9.949609636081240271e-01,6.251586432771629731e+00,-6.299773899991716331e-01,9.469529603830613082e-04
7.670000000000005702e-01,1.064126436127841718e-01,9.943113500823929085e-01,6.247508651974023053e+00,-6.692453993213478558e-01,9.481891913622382279e-04
7.680000000000005711e-01,1.126580105937384918e-01,9.936224815921679276e-01,6.243184214504958973e+00,-7.084870606676195726e-01,9.494254223412602152e-04
7.690000000000005720e-01,1.188989298792361982e-01,9.928943852602114539e-01,6.238613290173536718e+00,-7.477008246415366433e-01,9.506616533201269446e-04
7.700000000000005729e-01,1.251351550713754035e-01,9.921270897581425663e-01,6.233796058522347749e+00,-7.868851429365386618e-01,9.518978842988383079e-04
7.710000000000005738e-01,1.313664399566606411e-01,9.913206253053162831e-01,6.228732708820531982e+00,-8.260384683971135900e-01,9.531341152773940882e-04
7.720000000000005747e-01,1.375925385157258651e-01,9.904750236676423958e-01,6.223423440056447653e+00,-8.651592550799118708e-01,9.543703462557940687e-04
7.730000000000005755e-01,1.438132049330497764e-01,9.895903181563422413e-01,6.217868460929959262e+00,-9.042459583148148017e-01,9.556065772340380324e-04
7.740000000000005764e-01,1.500281936066633626e-01,9.886665436266455220e-01,6.212067989844342719e+00,-9.432970347659548338e-01,9.568428082121257627e-04
7.750000000000005773e-01,1.562372591578490288e-01,9.877037364764250649e-01,6.206022254897803236e+00,-9.823109424926842470e-01,9.580790391900571509e-04
7.760000000000005782e-01,1.624401564408312071e-01,9.867019346447714057e-01,6.199731493874610422e+00,-1.021286141010490978e+00,9.593152701678318720e-04
7.770000000000005791e-01,1.686366405524577783e-01,9.856611776105062006e-01,6.193195954235854117e+00,-1.060221091351858602e+00,9.605515011454498174e-04
7.780000000000005800e-01,1.748264668418721413e-01,9.845815063906346865e-01,6.186415893109814768e+00,-1.099114256127068590e+00,9.617877321229107703e-04
7.790000000000005809e-01,1.810093909201754003e-01,9.834629635387377444e-01,6.179391577281951875e+00,-1.137964099584941380e+00,9.630239631002145140e-04
7.800000000000005818e-01,1.871851686700784223e-01,9.823055931433027910e-01,6.172123283184509646e+00,-1.176769087673514624e+00,9.642601940773608315e-04
7.810000000000005826e-01,1.933535562555432075e-01,9.811094408259944943e-01,6.164611296885744274e+00,-1.215527688100656922e+00,9.654964250543495059e-04
7.820000000000005835e-01,1.995143101314133804e-01,9.798745537398642069e-01,6.156855914078766645e+00,-1.254238370394612501e+00,9.667326560311804290e-04
7.830000000000005844e-01,2.056671870530333290e-01,9.786009805674998896e-01,6.148857440070006675e+00,-1.292899605964476839e+00,9.679688870078532754e-04
7.840000000000005853e-01,2.118119440858556024e-01,9.772887715191147517e-01,6.140616189767297506e+00,-1.331509868160599463e+00,9.692051179843679367e-04
7.850000000000005862e-01,2.179483386150361246e-01,9.759379783305759393e-01,6.132132487667577792e+00,-1.370067632334911467e+00,9.704413489607241960e-04
7.860000000000005871e-01,2.240761283550171123e-01,9.745486542613726044e-01,6.123406667844217388e+00,-1.408571375901176204e+00,9.716775799369217282e-04
7.870000000000005880e-01,2.301950713590968645e-01,9.731208540925243566e-01,6.114439073933960245e+00,-1.447019578395159600e+00,9.729138109129605331e-04
7.880000000000005889e-01,2.363049260289866171e-01,9.716546341244287621e-01,6.105230059123494257e+00,-1.485410721534719203e+00,9.741500418888402856e-04
7.890000000000005898e-01,2.424054511243534382e-01,9.701500521746496686e-01,6.095779986135640094e+00,-1.523743289279808399e+00,9.753862728645607688e-04
7.900000000000005906e-01,2.484964057723494657e-01,9.686071675756449118e-01,6.086089227215162545e+00,-1.562015767892393603e+00,9.766225038401218743e-04
7.910000000000005915e-01,2.545775494771264635e-01,9.670260411724344030e-01,6.076158164114207061e+00,-1.600226645996282393e+00,9.778587348155233852e-04
7.920000000000005924e-01,2.606486421293358613e-01,9.654067353202083757e-01,6.065987188077356151e+00,-1.638374414636860177e+00,9.790949657907648679e-04
7.930000000000005933e-01,2.667094440156134727e-01,9.637493138818761240e-01,6.055576699826317189e+00,-1.676457567340732258e+00,9.803311967658463223e-04
7.940000000000005942e-01,2.727597158280489209e-01,9.620538422255549005e-01,6.044927109544225630e+00,-1.714474600175270425e+00,9.815674277407675317e-04
7.950000000000005951e-01,2.787992186736389932e-01,9.603203872219994164e-01,6.034038836859584087e+00,-1.752424011808060733e+00,9.828036587155282791e-04
7.960000000000005960e-01,2.848277140837248145e-01,9.585490172419719457e-01,6.022912310829819482e+00,-1.790304303566249366e+00,9.840398896901285646e-04
7.970000000000005969e-01,2.908449640234123668e-01,9.567398021535530317e-01,6.011547969924470713e+00,-1.828113979495785912e+00,9.852761206645679545e-04
7.980000000000005977e-01,2.968507309009760786e-01,9.548928133193934631e-01,5.999946262008002407e+00,-1.865851546420560725e+00,9.865123516388462320e-04
7.990000000000005986e-01,3.028447775772450945e-01,9.530081235939064088e-01,5.988107644322247403e+00,-1.903515514001433928e+00,9.877485826129631802e-04
8.000000000000005995e-01,3.088268673749715587e-01,9.510858073204011554e-01,5.976032583468480652e+00,-1.941104394795154509e+00,9.889848135869187991e-04
8.010000000000006004e-01,3.147967640881810247e-01,9.491259403281577800e-01,5.963721555389115636e+00,-1.978616704313165719e+00,9.902210445607126550e-04
8.020000000000006013e-01,3.207542319915042683e-01,9.471285999294432045e-01,5.951175045349039294e+00,-2.016050961080296133e+00,9.914572755343447480e-04
8.030000000000006022e-01,3.266990358494902269e-01,9.450938649164682959e-01,5.938393547916570370e+00,-2.053405686693333454e+00,9.926935065078146443e-04
8.040000000000006031e-01,3.326309409258998429e-01,9.430218155582867912e-01,5.925377566944055374e+00,-2.090679405879476871e+00,9.939297374811223440e-04
8.050000000000006040e-01,3.385497129929802007e-01,9.409125335976358251e-01,5.912127615548092407e+00,-2.127870646554669509e+00,9.951659684542676302e-04
8.060000000000006048e-01,3.444551183407187356e-01,9.387661022477179484e-01,5.898644216089390824e+00,-2.164977939881805646e+00,9.964021994272502861e-04
8.070000000000006057e-01,3.503469237860770691e-01,9.365826061889250820e-01,5.884927900152264968e+00,-2.201999820328810031e+00,9.976384304000700948e-04
8.080000000000006066e-01,3.562248966822042506e-01,9.343621315655045168e-01,5.870979208523759318e+00,-2.238934825726589750e+00,9.988746613727268395e-04
8.090000000000006075e-01,3.620888049276290155e-01,9.321047659821670717e-01,5.856798691172413029e+00,-2.275781497326854197e+00,1.000110892345220303e-03
8.100000000000006084e-01,3.679384169754302825e-01,9.298105985006375196e-01,5.842386907226659432e+00,-2.312538379859801374e+00,1.001347123317550269e-03
8.110000000000006093e-01,3.737735018423862798e-01,9.274797196361470597e-01,5.827744424952861380e+00,-2.349204021591667857e+00,1.002583354289716521e-03
8.120000000000006102e-01,3.795938291181012447e-01,9.251122213538688355e-01,5.812871821732986000e+00,-2.385776974382141091e+00,1.003819585261718841e-03
8.130000000000006111e-01,3.853991689741097515e-01,9.227081970652954990e-01,5.797769684041918836e+00,-2.422255793741631358e+00,1.005055816233557013e-03
8.140000000000006120e-01,3.911892921729581141e-01,9.202677416245603759e-01,5.782438607424413846e+00,-2.458639038888399408e+00,1.006292047205231037e-03
8.150000000000006128e-01,3.969639700772626401e-01,9.177909513247007878e-01,5.766879196471691671e+00,-2.494925272805542438e+00,1.007528278176740479e-03
8.160000000000006137e-01,4.027229746587441817e-01,9.152779238938647532e-01,5.751092064797671100e+00,-2.531113062297828176e+00,1.008764509148085339e-03
8.170000000000006146e-01,4.084660785072388722e-01,9.127287584914610674e-01,5.735077835014848802e+00,-2.567200978048383320e+00,1.010000740119265184e-03
8.180000000000006155e-01,4.141930548396843270e-01,9.101435557042527602e-01,5.718837138709818468e+00,-2.603187594675227867e+00,1.011236971090280013e-03
8.190000000000006164e-01,4.199036775090815854e-01,9.075224175423939332e-01,5.702370616418438232e+00,-2.639071490787656682e+00,1.012473202061129609e-03
8.200000000000006173e-01,4.255977210134316291e-01,9.048654474354100863e-01,5.685678917600640148e+00,-2.674851249042462964e+00,1.013709433031813540e-03
8.210000000000006182e-01,4.312749605046468648e-01,9.021727502281230437e-01,5.668762700614887962e+00,-2.710525456200005845e+00,1.014945664002331804e-03
8.220000000000006191e-01,4.369351717974365168e-01,8.994444321765190375e-01,5.651622632692280490e+00,-2.746092703180114558e+00,1.016181894972684185e-03
8.230000000000006199e-01,4.425781313781664283e-01,8.966806009435616120e-01,5.634259389910304172e+00,-2.781551585117830960e+00,1.017418125942870467e-03
8.240000000000006208e-01,4.482036164136919409e-01,8.938813655949484627e-01,5.616673657166237454e+00,-2.816900701418986852e+00,1.018654356912890432e-03
8.250000000000006217e-01,4.538114047601645162e-01,8.910468365948129854e-01,5.598866128150199017e+00,-2.852138655815612989e+00,1.019890587882743864e-03
8.260000000000006226e-01,4.594012749718106026e-01,8.881771258013703152e-01,5.580837505317854941e+00,-2.887264056421180225e+00,1.021126818852430762e-03
8.270000000000006235e-01,4.649730063096837451e-01,8.852723464625085192e-01,5.562588499862774150e+00,-2.922275515785665689e+00,1.022363049821950693e-03
8.280000000000006244e-01,4.705263787503883299e-01,8.823326132113246123e-01,5.544119831688435696e+00,-2.957171650950447983e+00,1.023599280791303440e-03
8.290000000000006253e-01,4.760611729947752946e-01,8.793580420616056159e-01,5.525432229379895865e+00,-2.991951083503025188e+00,1.024835511760489003e-03
8.300000000000006262e-01,4.815771704766095840e-01,8.763487504032553277e-01,5.506526430175107123e+00,-3.026612439631553908e+00,1.026071742729506948e-03
8.310000000000006271e-01,4.870741533712084070e-01,8.733048569976663567e-01,5.487403179935895103e+00,-3.061154350179207118e+00,1.027307973698357059e-03
8.320000000000006279e-01,4.925519046040505167e-01,8.702264819730380907e-01,5.468063233118594546e+00,-3.095575450698352160e+00,1.028544204667039335e-03
8.330000000000006288e-01,4.980102078593559578e-01,8.671137468196404852e-01,5.448507352744340615e+00,-3.129874381504539560e+00,1.029780435635553560e-03
8.340000000000006297e-01,5.034488475886357284e-01,8.639667743850238946e-01,5.428736310369026263e+00,-3.164049787730309315e+00,1.031016666603899300e-03
8.350000000000006306e-01,5.088676090192114643e-01,8.607856888691751696e-01,5.408750886052916762e+00,-3.198100319378804013e+00,1.032252897572076555e-03
8.360000000000006315e-01,5.142662781627045376e-01,8.575706158196206852e-01,5.388551868329928496e+00,-3.232024631377193646e+00,1.033489128540085109e-03
8.370000000000006324e-01,5.196446418234940134e-01,8.543216821264751903e-01,5.368140054176570253e+00,-3.265821383629904151e+00,1.034725359507924743e-03
8.380000000000006333e-01,5.250024876071437419e-01,8.510390160174384766e-01,5.347516248980552334e+00,-3.299489241071653645e+00,1.035961590475595242e-03
8.390000000000006342e-01,5.303396039287977537e-01,8.477227470527383124e-01,5.326681266509058155e+00,-3.333026873720287497e+00,1.037197821443096388e-03
8.400000000000006350e-01,5.356557800215435705e-01,8.443730061200211967e-01,5.305635928876688112e+00,-3.366432956729416226e+00,1.038434052410427966e-03
8.410000000000006359e-01,5.409508059447436512e-01,8.409899254291902659e-01,5.284381066513067715e+00,-3.399706170440850883e+00,1.039670283377589757e-03
8.420000000000006368e-01,5.462244725923338651e-01,8.375736385071910206e-01,5.262917518130128869e+00,-3.432845200436832833e+00,1.040906514344581762e-03
8.430000000000006377e-01,5.514765717010893242e-01,8.341242801927447603e-01,5.241246130689059868e+00,-3.465848737592059692e+00,1.042142745311403548e-03
8.440000000000006386e-01,5.567068958588573535e-01,8.306419866310301714e-01,5.219367759366932091e+00,-3.498715478125501654e+00,1.043378976278055113e-03
8.450000000000006395e-01,5.619152385127559324e-01,8.271268952683135112e-01,5.197283267522994521e+00,-3.531444123652008216e+00,1.044615207244536026e-03
8.460000000000006404e-01,5.671013939773394963e-01,8.235791448465266118e-01,5.174993526664650290e+00,-3.564033381233701725e+00,1.045851438210846284e-03
8.470000000000006413e-01,5.722651574427294330e-01,8.199988753977943690e-01,5.152499416413105493e+00,-3.596481963431159112e+00,1.047087669176985456e-03
8.480000000000006422e-01,5.774063249827109390e-01,8.163862282389106051e-01,5.129801824468696481e+00,-3.628788588354373346e+00,1.048323900142953541e-03
8.490000000000006430e-01,5.825246935627945710e-01,8.127413459657633066e-01,5.106901646575898290e+00,-3.660951979713499504e+00,1.049560131108750322e-03
8.500000000000006439e-01,5.876200610482426034e-01,8.090643724477091236e-01,5.083799786488011563e+00,-3.692970866869379698e+00,1.050796362074375365e-03
8.510000000000006448e-01,5.926922262120603024e-01,8.053554528218975772e-01,5.060497155931533264e+00,-3.724843984883844605e+00,1.052032593039828670e-03
8.520000000000006457e-01,5.977409887429510071e-01,8.016147334875448616e-01,5.036994674570209440e+00,-3.756570074569792084e+00,1.053268824005110021e-03
8.530000000000006466e-01,6.027661492532352394e-01,7.978423621001581312e-01,5.013293269968774446e+00,-3.788147882541037959e+00,1.054505054970219201e-03
8.540000000000006475e-01,6.077675092867337314e-01,7.940384875657094943e-01,4.989393877556374868e+00,-3.819576161261938552e+00,1.055741285935155992e-03
8.550000000000006484e-01,6.127448713266131497e-01,7.902032600347609348e-01,4.965297440589683475e+00,-3.850853669096784060e+00,1.056977516899920396e-03
8.560000000000006493e-01,6.176980388031949598e-01,7.863368308965394959e-01,4.941004910115696980e+00,-3.881979170358957898e+00,1.058213747864511977e-03
8.570000000000006501e-01,6.226268161017273206e-01,7.824393527729641695e-01,4.916517244934233588e+00,-3.912951435359862007e+00,1.059449978828930520e-03
8.580000000000006510e-01,6.275310085701188978e-01,7.785109795126229359e-01,4.891835411560112590e+00,-3.943769240457607239e+00,1.060686209793175808e-03
8.590000000000006519e-01,6.324104225266347079e-01,7.745518661847022868e-01,4.866960384185036403e+00,-3.974431368105463047e+00,1.061922440757247840e-03
8.600000000000006528e-01,6.372648652675538816e-01,7.705621690728677864e-01,4.841893144639160873e+00,-4.004936606900070473e+00,1.063158671721146182e-03
8.610000000000006537e-01,6.420941450747890133e-01,7.665420456690966722e-01,4.816634682352366248e+00,-4.035283751629408222e+00,1.064394902684870836e-03
8.620000000000006546e-01,6.468980712234658759e-01,7.624916546674624929e-01,4.791185994315225294e+00,-4.065471603320518490e+00,1.065631133648421583e-03
8.630000000000006555e-01,6.516764539894650543e-01,7.584111559578725625e-01,4.765548085039669424e+00,-4.095498969286986757e+00,1.066867364611797991e-03
8.640000000000006564e-01,6.564291046569231680e-01,7.543007106197576750e-01,4.739721966519359952e+00,-4.125364663176171121e+00,1.068103595575000059e-03
8.650000000000006573e-01,6.611558355256946795e-01,7.501604809157146336e-01,4.713708658189757372e+00,-4.155067505016185159e+00,1.069339826538027571e-03
8.660000000000006581e-01,6.658564599187737354e-01,7.459906302851024851e-01,4.687509186887898416e+00,-4.184606321262624995e+00,1.070576057500880309e-03
8.670000000000006590e-01,6.705307921896753731e-01,7.417913233375913462e-01,4.661124586811880022e+00,-4.213979944845046788e+00,1.071812288463558057e-03
8.680000000000006599e-01,6.751786477297763156e-01,7.375627258466657121e-01,4.634555899480044872e+00,-4.243187215213187535e+00,1.073048519426060598e-03
8.690000000000006608e-01,6.797998429756145766e-01,7.333050047430809126e-01,4.607804173689882710e+00,-4.272226978382928309e+00,1.074284750388387714e-03
8.700000000000006617e-01,6.843941954161480989e-01,7.290183281082744937e-01,4.580870465476640341e+00,-4.301098086981999913e+00,1.075520981350539191e-03
8.710000000000006626e-01,6.889615235999715370e-01,7.247028651677311917e-01,4.553755838071641193e+00,-4.329799400295422984e+00,1.076757212312514809e-03
8.720000000000006635e-01,6.935016471424914064e-01,7.203587862843032763e-01,4.526461361860323329e+00,-4.358329784310694066e+00,1.077993443274314570e-03
8.730000000000006644e-01,6.980143867330591556e-01,7.159862629514857080e-01,4.498988114339989686e+00,-4.386688111762697240e+00,1.079229674235938040e-03
8.740000000000006652e-01,7.024995641420617165e-01,7.115854677866461087e-01,4.471337180077279427e+00,-4.414873262178356406e+00,1.080465905197385218e-03
8.750000000000006661e-01,7.069570022279695332e-01,7.071565745242106571e-01,4.443509650665353305e+00,-4.442884121921019336e+00,1.081702136158655672e-03
8.760000000000006670e-01,7.113865249443416250e-01,7.026997580088055750e-01,4.415506624680803682e+00,-4.470719584234566391e+00,1.082938367119749400e-03
8.770000000000006679e-01,7.157879573467871293e-01,6.982151941883547597e-01,4.387329207640285667e+00,-4.498378549287252781e+00,1.084174598080665970e-03
8.780000000000006688e-01,7.201611255998837668e-01,6.937030601071334512e-01,4.358978511956873803e+00,-4.525859924215277275e+00,1.085410829041405381e-03
8.790000000000006697e-01,7.245058569840522322e-01,6.891635338987787129e-01,4.330455656896140759e+00,-4.553162623166072009e+00,1.086647060001967417e-03
8.800000000000006706e-01,7.288219799023866186e-01,6.845967947792565012e-01,4.301761768531969565e+00,-4.580285567341319641e+00,1.087883290962351861e-03
8.810000000000006715e-01,7.331093238874405449e-01,6.800030230397862141e-01,4.272897979702089621e+00,-4.607227685039688936e+00,1.089119521922558495e-03
8.820000000000006724e-01,7.373677196079686524e-01,6.753824000397223859e-01,4.243865429963345370e+00,-4.633987911699292361e+00,1.090355752882587103e-03
8.830000000000006732e-01,7.415969988756233588e-01,6.707351081993940811e-01,4.214665265546702067e+00,-4.660565189939860353e+00,1.091591983842437469e-03
8.840000000000006741e-01,7.457969946516060933e-01,6.660613309929025450e-01,4.185298639311980651e+00,-4.686958469604633137e+00,1.092828214802109375e-03
8.850000000000006750e-01,7.499675410532736786e-01,6.613612529408764429e-01,4.155766710702328837e+00,-4.713166707801963895e+00,1.094064445761602604e-03
8.860000000000006759e-01,7.541084733606986390e-01,6.566350596031864661e-01,4.126070645698438177e+00,-4.739188868946639488e+00,1.095300676720916940e-03
8.870000000000006768e-01,7.582196280231837671e-01,6.518829375716180818e-01,4.096211616772490238e+00,-4.765023924800910748e+00,1.096536907680052382e-03
8.880000000000006777e-01,7.623008426657305048e-01,6.471050744625038709e-01,4.066190802841854968e+00,-4.790670854515230559e+00,1.097773138639008498e-03
8.890000000000006786e-01,7.663519560954609178e-01,6.423016589093148987e-01,4.036009389222524391e+00,-4.816128644668702385e+00,1.099009369597785286e-03
8.900000000000006795e-01,7.703728083079929290e-01,6.374728805552121180e-01,4.005668567582297612e+00,-4.841396289309234824e+00,1.100245600556382314e-03
8.910000000000006803e-01,7.743632404937684788e-01,6.326189300455576925e-01,3.975169535893710027e+00,-4.866472789993401271e+00,1.101481831514799581e-03
8.920000000000006812e-01,7.783230950443346119e-01,6.277399990203861302e-01,3.944513498386713835e+00,-4.891357155826000280e+00,1.102718062473036654e-03
8.930000000000006821e-01,7.822522155585773795e-01,6.228362801068367816e-01,3.913701665501108096e+00,-4.916048403499320152e+00,1.103954293431093532e-03
8.940000000000006830e-01,7.861504468489075581e-01,6.179079669115467022e-01,3.882735253838722311e+00,-4.940545557332105098e+00,1.105190524388969999e-03
8.950000000000006839e-01,7.900176349473988502e-01,6.129552540130048799e-01,3.851615486115355314e+00,-4.964847649308214983e+00,1.106426755346665838e-03
8.960000000000006848e-01,7.938536271118774579e-01,6.079783369538679372e-01,3.820343591112471238e+00,-4.988953719114986640e+00,1.107662986304180832e-03
8.970000000000006857e-01,7.976582718319638055e-01,6.029774122332373087e-01,3.788920803628652578e+00,-5.012862814181288762e+00,1.108899217261514764e-03
8.980000000000006866e-01,8.014314188350650792e-01,5.979526772988993377e-01,3.757348364430816101e+00,-5.036573989715270372e+00,1.110135448218667418e-03
8.990000000000006875e-01,8.051729190923192503e-01,5.929043305395268471e-01,3.725627520205189835e+00,-5.060086308741802874e+00,1.111371679175638576e-03
9.000000000000006883e-01,8.088826248244894712e-01,5.878325712768439626e-01,3.693759523508054254e+00,-5.083398842139610352e+00,1.112607910132428022e-03
9.010000000000006892e-01,8.125603895078096217e-01,5.827375997577537436e-01,3.661745632716252530e+00,-5.106510668678094333e+00,1.113844141089035756e-03
9.020000000000006901e-01,8.162060678797801172e-01,5.776196171464293982e-01,3.629587111977464975e+00,-5.129420875053841478e+00,1.115080372045461343e-03
9.030000000000006910e-01,8.198195159449136460e-01,5.724788255163687500e-01,3.597285231160258778e+00,-5.152128555926818620e+00,1.116316603001704568e-03
9.040000000000006919e-01,8.234005909804309464e-01,5.673154278424129560e-01,3.564841265803905923e+00,-5.174632813956257849e+00,1.117552833957765430e-03
9.050000000000006928e-01,8.269491515419064021e-01,5.621296279927296968e-01,3.532256497067978174e+00,-5.196932759836216498e+00,1.118789064913643496e-03
9.060000000000006937e-01,8.304650574688630105e-01,5.569216307207602856e-01,3.499532211681716021e+00,-5.219027512330827179e+00,1.120025295869338765e-03
9.070000000000006946e-01,8.339481698903167262e-01,5.516916416571323589e-01,3.466669701893179578e+00,-5.240916198309223617e+00,1.121261526824851021e-03
9.080000000000006954e-01,8.373983512302696219e-01,5.464398673015374852e-01,3.433670265418176104e+00,-5.262597952780150301e+00,1.122497757780180046e-03
9.090000000000006963e-01,8.408154652131520912e-01,5.411665150145744674e-01,3.400535205388972582e+00,-5.284071918926243505e+00,1.123733988735325408e-03
9.100000000000006972e-01,8.441993768692137579e-01,5.358717930095582282e-01,3.367265830302790697e+00,-5.305337248137997008e+00,1.124970219690287106e-03
9.110000000000006981e-01,8.475499525398622058e-01,5.305559103442952784e-01,3.333863453970089985e+00,-5.326393100047394746e+00,1.126206450645064923e-03
9.120000000000006990e-01,8.508670598829504161e-01,5.252190769128255443e-01,3.300329395462639148e+00,-5.347238642561224609e+00,1.127442681599658643e-03
9.130000000000006999e-01,8.541505678780123567e-01,5.198615034371310006e-01,3.266664979061377760e+00,-5.367873051894059167e+00,1.128678912554068048e-03
9.140000000000007008e-01,8.574003468314455034e-01,5.144834014588115512e-01,3.232871534204069697e+00,-5.388295512600913106e+00,1.129915143508293139e-03
9.150000000000007017e-01,8.606162683816416248e-01,5.090849833307282690e-01,3.198950395432753169e+00,-5.408505217609564930e+00,1.131151374462333482e-03
9.160000000000007025e-01,8.637982055040647200e-01,5.036664622086148846e-01,3.164902902340986923e+00,-5.428501368252550030e+00,1.132387605416188860e-03
9.170000000000007034e-01,8.669460325162761105e-01,4.982280520426568549e-01,3.130730399520893492e+00,-5.448283174298821585e+00,1.133623836369859273e-03
9.180000000000007043e-01,8.700596250829063516e-01,4.927699675690395131e-01,3.096434236510007487e+00,-5.467849853985076614e+00,1.134860067323344287e-03
9.190000000000007052e-01,8.731388602205740757e-01,4.872924243014646883e-01,3.062015767737922278e+00,-5.487200634046748071e+00,1.136096298276643686e-03
9.200000000000007061e-01,8.761836163027509894e-01,4.817956385226365712e-01,3.027476352472746157e+00,-5.506334749748656776e+00,1.137332529229757470e-03
9.210000000000007070e-01,8.791937730645741356e-01,4.762798272757172713e-01,2.992817354767363103e+00,-5.525251444915331156e+00,1.138568760182685422e-03
9.220000000000007079e-01,8.821692116076030876e-01,4.707452083557518985e-01,2.958040143405503919e+00,-5.543949971960984158e+00,1.139804991135427107e-03
9.230000000000007088e-01,8.851098144045241867e-01,4.651920003010642235e-01,2.923146091847629968e+00,-5.562429591919149985e+00,1.141041222087982527e-03
9.240000000000007097e-01,8.880154653037998225e-01,4.596204223846226400e-01,2.888136578176628610e+00,-5.580689574471983327e+00,1.142277453040351463e-03
9.250000000000007105e-01,8.908860495342639796e-01,4.540306946053768722e-01,2.853012985043327010e+00,-5.598729197979211314e+00,1.143513683992533701e-03
9.260000000000007114e-01,8.937214537096626055e-01,4.484230376795663164e-01,2.817776699611822089e+00,-5.616547749506744402e+00,1.144749914944529021e-03
9.270000000000007123e-01,8.965215658331394666e-01,4.427976730319994614e-01,2.782429113504631957e+00,-5.634144524854942659e+00,1.145986145896337209e-03
9.280000000000007132e-01,8.992862753016671595e-01,4.371548227873056636e-01,2.746971622747670150e+00,-5.651518828586535648e+00,1.147222376847958046e-03
9.290000000000007141e-01,9.020154729104230551e-01,4.314947097611588345e-01,2.711405627715042677e+00,-5.668669974054195038e+00,1.148458607799391316e-03
9.300000000000007150e-01,9.047090508571093981e-01,4.258175574514738715e-01,2.675732533073673647e+00,-5.685597283427759052e+00,1.149694838750637020e-03
9.310000000000007159e-01,9.073669027462187842e-01,4.201235900295760550e-01,2.639953747727759481e+00,-5.702300087721108746e+00,1.150931069701694722e-03
9.320000000000007168e-01,9.099889235932434595e-01,4.144130323313436337e-01,2.604070684763054366e+00,-5.718777726818691676e+00,1.152167300652564208e-03
9.330000000000007176e-01,9.125750098288287759e-01,4.086861098483243193e-01,2.568084761390989179e+00,-5.735029549501696522e+00,1.153403531603245475e-03
9.340000000000007185e-01,9.151250593028711355e-01,4.029430487188253585e-01,2.531997398892625650e+00,-5.751054913473875096e+00,1.154639762553738092e-03
9.350000000000007194e-01,9.176389712885594241e-01,3.971840757189784576e-01,2.495810022562449770e+00,-5.766853185387009084e+00,1.155875993504042057e-03
9.360000000000007203e-01,9.201166464863602679e-01,3.914094182537789512e-01,2.459524061652003990e+00,-5.782423740866024175e+00,1.157112224454157155e-03
9.370000000000007212e-01,9.225579870279466688e-01,3.856193043481003779e-01,2.423140949313361769e+00,-5.797765964533746263e+00,1.158348455404082950e-03
9.380000000000007221e-01,9.249628964800704622e-01,3.798139626376844102e-01,2.386662122542448472e+00,-5.812879250035305034e+00,1.159584686353819444e-03
9.390000000000007230e-01,9.273312798483775987e-01,3.739936223601062482e-01,2.350089022122207716e+00,-5.827763000062176957e+00,1.160820917303366420e-03
9.400000000000007239e-01,9.296630435811668036e-01,3.681585133457166426e-01,2.313423092565616290e+00,-5.842416626375870337e+00,1.162057148252723660e-03
9.410000000000007248e-01,9.319580955730909499e-01,3.623088660085601043e-01,2.276665782058552967e+00,-5.856839549831251546e+00,1.163293379201890947e-03
9.420000000000007256e-01,9.342163451688013653e-01,3.564449113372699651e-01,2.239818542402518098e+00,-5.871031200399510652e+00,1.164529610150868066e-03
9.430000000000007265e-01,9.364377031665349627e-01,3.505668808859408458e-01,2.202882828957211991e+00,-5.884991017190767337e+00,1.165765841099654799e-03
9.440000000000007274e-01,9.386220818216431949e-01,3.446750067649784199e-01,2.165860100582968517e+00,-5.898718448476310883e+00,1.167002072048251146e-03
9.450000000000007283e-01,9.407693948500642778e-01,3.387695216319273617e-01,2.128751819583051930e+00,-5.912212951710481335e+00,1.168238302996656673e-03
9.460000000000007292e-01,9.428795574317370143e-01,3.328506586822775337e-01,2.091559451645815582e+00,-5.925473993552182961e+00,1.169474533944871164e-03
9.470000000000007301e-01,9.449524862139571102e-01,3.269186516402487475e-01,2.054284465786725633e+00,-5.938501049886037109e+00,1.170710764892894619e-03
9.480000000000007310e-01,9.469880993146748693e-01,3.209737347495547621e-01,2.016928334290251534e+00,-5.951293605843164691e+00,1.171946995840726603e-03
9.490000000000007319e-01,9.489863163257353795e-01,3.150161427641463008e-01,1.979492532651628833e+00,-5.963851155821606298e+00,1.173183226788367117e-03
9.500000000000007327e-01,9.509470583160599677e-01,3.090461109389343042e-01,1.941978539518490532e+00,-5.976173203506373710e+00,1.174419457735815728e-03
9.510000000000007336e-01,9.528702478347695903e-01,3.030638750204929233e-01,1.904387836632375430e+00,-5.988259261889130158e+00,1.175655688683072434e-03
9.520000000000007345e-01,9.547558089142492710e-01,2.970696712377433601e-01,1.866721908770112348e+00,-6.000108853287507316e+00,1.176891919630137021e-03
9.530000000000007354e-01,9.566036670731538072e-01,2.910637362926182803e-01,1.828982243685083775e+00,-6.011721509364047478e+00,1.178128150577009269e-03
9.540000000000007363e-01,9.584137493193554125e-01,2.850463073507075173e-01,1.791170332048370062e+00,-6.023096771144779815e+00,1.179364381523688964e-03
9.550000000000007372e-01,9.601859841528314066e-01,2.790176220318855149e-01,1.753287667389778592e+00,-6.034234189037421814e+00,1.180600612470175887e-03
9.560000000000007381e-01,9.619203015684939517e-01,2.729779184009208381e-01,1.715335746038757936e+00,-6.045133322849209456e+00,1.181836843416469822e-03
9.570000000000007390e-01,9.636166330589596152e-01,2.669274349580676997e-01,1.677316067065201199e+00,-6.055793741804356145e+00,1.183073074362570552e-03
9.580000000000007399e-01,9.652749116172603117e-01,2.608664106296404439e-01,1.639230132220140135e+00,-6.066215024561138591e+00,1.184309305308477861e-03
9.590000000000007407e-01,9.668950717394950711e-01,2.547950847585711553e-01,1.601079445876331553e+00,-6.076396759228607003e+00,1.185545536254191531e-03
9.600000000000007416e-01,9.684770494274215213e-01,2.487136970949506976e-01,1.562865514968740710e+00,-6.086338543382919575e+00,1.186781767199711346e-03
9.610000000000007425e-01,9.700207821909885286e-01,2.426224877865534868e-01,1.524589848934921665e+00,-6.096039984083305718e+00,1.188017998145037305e-03
9.620000000000007434e-01,9.715262090508091086e-01,2.365216973693467228e-01,1.486253959655297718e+00,-6.105500697887649153e+00,1.189254229090168976e-03
9.630000000000007443e-01,9.729932705405730520e-01,2.304115667579839932e-01,1.447859361393345257e+00,-6.114720310867697961e+00,1.190490460035106357e-03
9.640000000000007452e-01,9.744219087094002640e-01,2.242923372362840562e-01,1.409407570735682125e+00,-6.123698458623893615e+00,1.191726690979849016e-03
9.650000000000007461e-01,9.758120671241338195e-01,2.181642504476948019e-01,1.370900106532063845e+00,-6.132434786299825191e+00,1.192962921924396952e-03
9.660000000000007470e-01,9.771636908715730652e-01,2.120275483857431142e-01,1.332338489835289019e+00,-6.140928948596304338e+00,1.194199152868749949e-03
9.670000000000007478e-01,9.784767265606466591e-01,2.058824733844707155e-01,1.293724243841017474e+00,-6.149180609785059204e+00,1.195435383812907789e-03
9.680000000000007487e-01,9.797511223245251033e-01,1.997292681088565502e-01,1.255058893827502908e+00,-6.157189443722053568e+00,1.196671614756870039e-03
9.690000000000007496e-01,9.809868278226734351e-01,1.935681755452261232e-01,1.216343967095242284e+00,-6.164955133860419600e+00,1.197907845700636699e-03
9.700000000000007505e-01,9.821837942428431889e-01,1.873994389916479597e-01,1.177580992906545498e+00,-6.172477373263017597e+00,1.199144076644207552e-03
9.710000000000007514e-01,9.833419743030037408e-01,1.812233020483177692e-01,1.138771502425025339e+00,-6.179755864614605798e+00,1.200380307587582381e-03
9.720000000000007523e-01,9.844613222532135888e-01,1.750400086079305917e-01,1.099917028655012841e+00,-6.186790320233638063e+00,1.201616538530760970e-03
9.730000000000007532e-01,9.855417938774305719e-01,1.688498028460414524e-01,1.061019106380899579e+00,-6.193580462083669858e+00,1.202852769473743318e-03
9.740000000000007541e-01,9.865833464952616927e-01,1.626529292114146097e-01,1.022079272106407588e+00,-6.200126021784390318e+00,1.204089000416528991e-03
9.750000000000007550e-01,9.875859389636520991e-01,1.564496324163621721e-01,9.830990639937923214e-01,-6.206426740622265292e+00,1.205325231359117774e-03
9.760000000000007558e-01,9.885495316785130049e-01,1.502401574270720297e-01,9.440800218029783419e-01,-6.212482369560802020e+00,1.206561462301509666e-03
9.770000000000007567e-01,9.894740865762891024e-01,1.440247494539259598e-01,9.050236868306319460e-01,-6.218292669250424787e+00,1.207797693243704232e-03
9.780000000000007576e-01,9.903595671354644692e-01,1.378036539418078799e-01,8.659316018491725053e-01,-6.223857410037970439e+00,1.209033924185701474e-03
9.790000000000007585e-01,9.912059383780082999e-01,1.315771165604028570e-01,8.268053110457248556e-01,-6.229176371975795767e+00,1.210270155127500958e-03
9.800000000000007594e-01,9.920131668707588002e-01,1.253453831944871810e-01,7.876463599610152855e-01,-6.234249344830504747e+00,1.211506386069102683e-03
9.810000000000007603e-01,9.927812207267460165e-01,1.191086999342099023e-01,7.484562954282136804e-01,-6.239076128091286755e+00,1.212742617010506433e-03
9.820000000000007612e-01,9.935100696064540493e-01,1.128673130653662926e-01,7.092366655117240404e-01,-6.243656530977869323e+00,1.213978847951711990e-03
9.830000000000007621e-01,9.941996847190214259e-01,1.066214690596634512e-01,6.699890194459262593e-01,-6.247990372448085417e+00,1.215215078892718922e-03
9.840000000000007629e-01,9.948500388233805225e-01,1.003714145649785561e-01,6.307149075738704980e-01,-6.252077481205057907e+00,1.216451309833527228e-03
9.850000000000007638e-01,9.954611062293355905e-01,9.411739639561021720e-02,5.914158812859284797e-01,-6.255917695703989700e+00,1.217687540774136691e-03
9.860000000000007647e-01,9.960328627985792771e-01,8.785966152252307204e-02,5.520934929584020434e-01,-6.259510864158576382e+00,1.218923771714547095e-03
9.870000000000007656e-01,9.965652859456479717e-01,8.159845706358631601e-02,5.127492958920930599e-01,-6.262856844547023627e+00,1.220160002654758439e-03
9.880000000000007665e-01,9.970583546388154250e-01,7.533403027380630723e-02,4.733848442508359899e-01,-6.265955504617683580e+00,1.221396233594770290e-03
9.890000000000007674e-01,9.975120494009250827e-01,6.906662853555378678e-02,4.340016929999965800e-01,-6.268806721894297773e+00,1.222632464534582431e-03
9.900000000000007683e-01,9.979263523101610245e-01,6.279649934878601958e-02,3.946013978449380288e-01,-6.271410383680859013e+00,1.223868695474194645e-03
9.910000000000007692e-01,9.983012470007568417e-01,5.652389032126425850e-02,3.551855151694582879e-01,-6.273766387066078920e+00,1.225104926413606932e-03
9.920000000000007701e-01,9.986367186636436744e-01,5.024904915876698269e-02,3.157556019741998288e-01,-6.275874638927472660e+00,1.226341157352818859e-03
9.930000000000007709e-01,9.989327540470359645e-01,4.397222365529919463e-02,2.763132158150349293e-01,-6.277735055935050212e+00,1.227577388291830425e-03
9.940000000000007718e-01,9.991893414569560372e-01,3.769366168329824768e-02,2.368599147414290340e-01,-6.279347564554623062e+00,1.228813619230641413e-03
9.950000000000007727e-01,9.994064707576967299e-01,3.141361118383655116e-02,1.973972572347842958e-01,-6.280712101050722751e+00,1.230049850169251391e-03
9.960000000000007736e-01,9.995841333722224054e-01,2.513232015682154499e-02,1.579268021467658267e-01,-6.281828611489126857e+00,1.231286081107660357e-03
9.970000000000007745e-01,9.997223222825087907e-01,1.885003665119336716e-02,1.184501086376132939e-01,-6.282697051738999505e+00,1.232522312045868096e-03
9.980000000000007754e-01,9.998210320298203113e-01,1.256700875512055740e-02,7.896873611444024665e-02,-6.283317387474641080e+00,1.233758542983874390e-03
9.990000000000007763e-01,9.998802587149261401e-01,6.283484586194197120e-03,3.948424416952348720e-02,-6.283689594176851578e+00,1.234994773921679022e-03
1.000000000000000666e+00,9.998999999982547404e-01,-2.877183791025889059e-07,-1.807481414824174681e-06,-6.283813657133902275e+00,1.236231004859281776e-03
