tau,x,y,u,v,theta1
0.000000000000000000e+00,9.451000000000000512e-01,-0.000000000000000000e+00,0.000000000000000000e+00,-6.638143445111763796e+00,0.000000000000000000e+00
1.000000000000000021e-03,9.450781183020575682e-01,-6.638091398837714201e-03,-4.376319395576613869e-02,-6.637987307078370591e+00,4.834700192853343473e-04
2.000000000000000042e-03,9.450124744197911930e-01,-1.327587052547257729e-02,-8.752396481522203842e-02,-6.637518904569896350e+00,9.669400348582047645e-04
3.000000000000000062e-03,9.449030719877404838e-01,-1.991302513088439793e-02,-1.312798897614590177e-01,-6.636738272359217206e+00,1.450410043006147972e-03
4.000000000000000083e-03,9.447499170630059284e-01,-2.654924301241389645e-02,-1.750285465362872439e-01,-6.635645468393805757e+00,1.933880040016703293e-03
5.000000000000000104e-03,9.445530181245506141e-01,-3.318421203693216331e-02,-2.187675137193841879e-01,-6.634240573784746964e+00,2.417350022177412218e-03
6.000000000000000125e-03,9.443123860722226759e-01,-3.981762016399696680e-02,-2.624943710071900860e-01,-6.632523692791369996e+00,2.900819985775821442e-03
7.000000000000000146e-03,9.440280342254995238e-01,-4.644915546899147651e-02,-3.062066994914663387e-01,-6.630494952801501363e+00,3.384289927099482214e-03
8.000000000000000167e-03,9.436999783219529592e-01,-5.307850616624106704e-02,-3.499020819374328850e-01,-6.628154504307346429e+00,3.867759842435951854e-03
9.000000000000001055e-03,9.433282365154374016e-01,-5.970536063210382660e-02,-3.935781030614009524e-01,-6.625502520877008195e+00,4.351229728072794622e-03
1.000000000000000194e-02,9.429128293739996725e-01,-6.632940742803039580e-02,-4.372323498078174997e-01,-6.622539199121662890e+00,4.834699580297583885e-03
1.100000000000000283e-02,9.424537798775132202e-01,-7.295033532358882744e-02,-4.808624116256390302e-01,-6.619264758658396808e+00,5.318169395397901247e-03
1.200000000000000372e-02,9.419511134150351239e-01,-7.956783331945010973e-02,-5.244658807439511738e-01,-6.615679442068727489e+00,5.801639169661339593e-03
1.300000000000000461e-02,9.414048577818888708e-01,-8.618159067033007159e-02,-5.680403524467525500e-01,-6.611783514852823451e+00,6.285108899375502212e-03
1.400000000000000550e-02,9.408150431764724653e-01,-9.279129690788334717e-02,-6.115834253468210857e-01,-6.607577265379445564e+00,6.768578580828004537e-03
1.500000000000000638e-02,9.401817021967928678e-01,-9.939664186354517372e-02,-6.550927016585809115e-01,-6.603061004831626057e+00,7.252048210306476748e-03
1.600000000000000727e-02,9.395048698367285400e-01,-1.059973156913167486e-01,-6.985657874698900649e-01,-6.598235067148116251e+00,7.735517784098561167e-03
1.700000000000000816e-02,9.387845834820205404e-01,-1.125930088904898707e-01,-7.420002930126685659e-01,-6.593099808960619868e+00,8.218987298491917462e-03
1.800000000000000905e-02,9.380208829059936138e-01,-1.191834123283068425e-01,-7.853938329322873724e-01,-6.587655609526845701e+00,8.702456749774220915e-03
1.900000000000000994e-02,9.372138102650088287e-01,-1.257682172625511907e-01,-8.287440265556397234e-01,-6.581902870659402716e+00,9.185926134233163287e-03
2.000000000000001082e-02,9.363634100936483184e-01,-1.323471153640653208e-01,-8.720484981578170425e-01,-6.575842016650573107e+00,9.669395448156457157e-03
2.100000000000001171e-02,9.354697292996344560e-01,-1.389197987391909139e-01,-9.153048772273121303e-01,-6.569473494192990870e+00,1.015286468783183245e-02
2.200000000000001260e-02,9.345328171584844634e-01,-1.454859599521278468e-01,-9.585107987296732635e-01,-6.562797772296264043e+00,1.063633384954703991e-02
2.300000000000001349e-02,9.335527253079023424e-01,-1.520452920472078473e-01,-1.001663903369534259e+00,-6.555815342199569962e+00,1.111980292958985109e-02
2.400000000000001438e-02,9.325295077419093470e-01,-1.585974885710787208e-01,-1.044761837850944897e+00,-6.548526717280267917e+00,1.160327192424806357e-02
2.500000000000001527e-02,9.314632208047151085e-01,-1.651422435947951517e-01,-1.087802255135929874e+00,-6.540932432958562970e+00,1.208674082980949402e-02
2.600000000000001615e-02,9.303539231843311885e-01,-1.716792517358122216e-01,-1.130782814701202676e+00,-6.533033046598259119e+00,1.257020964256198685e-02
2.700000000000001704e-02,9.292016759059289477e-01,-1.782082081798778694e-01,-1.173701182792961983e+00,-6.524829137403654222e+00,1.305367835879341076e-02
2.800000000000001793e-02,9.280065423249432843e-01,-1.847288087028201575e-01,-1.216555032679702553e+00,-6.516321306312604200e+00,1.353714697479166049e-02
2.900000000000001882e-02,9.267685881199249076e-01,-1.912407496922258199e-01,-1.259342044902968416e+00,-6.507510175885816928e+00,1.402061548684466023e-02
3.000000000000001971e-02,9.254878812851428105e-01,-1.977437281690061777e-01,-1.302059907525983329e+00,-6.498396390192410443e+00,1.450408389124036197e-02
3.100000000000002059e-02,9.241644921229390519e-01,-2.042374418088468147e-01,-1.344706316380088085e+00,-6.488980614691787885e+00,1.498755218426674717e-02
3.200000000000002148e-02,9.227984932358386239e-01,-2.107215889635372930e-01,-1.387278975308921414e+00,-6.479263536111882438e+00,1.547102036221182850e-02
3.300000000000002237e-02,9.213899595184156244e-01,-2.171958686821772733e-01,-1.429775596410279404e+00,-6.469245862323812268e+00,1.595448842136364814e-02
3.400000000000002326e-02,9.199389681489196224e-01,-2.236599807322555977e-01,-1.472193900275588829e+00,-6.458928322213007611e+00,1.643795635801028471e-02
3.500000000000002415e-02,9.184455985806629918e-01,-2.301136256205986719e-01,-1.514531616226934219e+00,-6.448311665546857085e+00,1.692142416843984976e-02
3.600000000000002504e-02,9.169099325331728778e-01,-2.365565046141848149e-01,-1.556786482551576034e+00,-6.437396662838930084e+00,1.740489184894048608e-02
3.700000000000002592e-02,9.153320539831097946e-01,-2.429883197608212198e-01,-1.598956246733903797e+00,-6.426184105209827635e+00,1.788835939580037809e-02
3.800000000000002681e-02,9.137120491549556300e-01,-2.494087739096799705e-01,-1.641038665684761977e+00,-6.414674804244725692e+00,1.837182680530774145e-02
3.900000000000002770e-02,9.120500065114736099e-01,-2.558175707316899805e-01,-1.683031505968095809e+00,-6.402869591847657027e+00,1.885529407375083344e-02
4.000000000000002859e-02,9.103460167439432205e-01,-2.622144147397817426e-01,-1.724932544024860182e+00,-6.390769320092604566e+00,1.933876119741794949e-02
4.100000000000002948e-02,9.086001727621720869e-01,-2.685990113089815057e-01,-1.766739566394138317e+00,-6.378374861071453239e+00,1.982222817259742323e-02
4.200000000000003036e-02,9.068125696842886940e-01,-2.749710666963517958e-01,-1.808450369931418944e+00,-6.365687106738872281e+00,2.030569499557763335e-02
4.300000000000003125e-02,9.049833048263178359e-01,-2.813302880607754797e-01,-1.850062762023978902e+00,-6.352706968754178618e+00,2.078916166264699328e-02
4.400000000000003214e-02,9.031124776915426811e-01,-2.876763834825800670e-01,-1.891574560803326088e+00,-6.339435378320259495e+00,2.127262817009396845e-02
4.500000000000003303e-02,9.012001899596553400e-01,-2.940090619829994756e-01,-1.932983595354651474e+00,-6.325873286019600528e+00,2.175609451420706247e-02
4.600000000000003392e-02,8.992465454756995991e-01,-3.003280335434706516e-01,-1.974287705923245539e+00,-6.312021661647500004e+00,2.223956069127482407e-02
4.700000000000003481e-02,8.972516502388092619e-01,-3.066330091247616019e-01,-2.015484744117836069e+00,-6.297881494042520956e+00,2.272302669758585400e-02
4.800000000000003569e-02,8.952156123907439866e-01,-3.129237006859288961e-01,-2.056572573110801994e+00,-6.283453790914260928e+00,2.320649252942879118e-02
4.900000000000003658e-02,8.931385422042270594e-01,-3.191998212031015303e-01,-2.097549067835224879e+00,-6.268739578668497181e+00,2.368995818309232657e-02
5.000000000000003747e-02,8.910205520710874350e-01,-3.254610846880884312e-01,-2.138412115178734751e+00,-6.253739902229773939e+00,2.417342365486520317e-02
5.100000000000003836e-02,8.888617564902094870e-01,-3.317072062068077698e-01,-2.179159614174117632e+00,-6.238455824861509846e+00,2.465688894103621256e-02
5.200000000000003925e-02,8.866622720552942427e-01,-3.379379018975345872e-01,-2.219789476186641686e+00,-6.222888427983684245e+00,2.514035403789419490e-02
5.300000000000004013e-02,8.844222174424342109e-01,-3.441528889889653442e-01,-2.260299625098073584e+00,-6.207038810988177779e+00,2.562381894172804583e-02
5.400000000000004102e-02,8.821417133975065772e-01,-3.503518858180965645e-01,-2.300687997487349534e+00,-6.190908091051837481e+00,2.610728364882671307e-02
5.500000000000004191e-02,8.798208827233868767e-01,-3.565346118479153503e-01,-2.340952542807866799e+00,-6.174497402947330293e+00,2.659074815547919982e-02
5.600000000000004280e-02,8.774598502669875844e-01,-3.627007876848998280e-01,-2.381091223561372594e+00,-6.157807898851865858e+00,2.707421245797456133e-02
5.700000000000004369e-02,8.750587429061240652e-01,-3.688501350963270808e-01,-2.421102015468414859e+00,-6.140840748153850726e+00,2.755767655260191185e-02
5.800000000000004458e-02,8.726176895362118824e-01,-3.749823770273869039e-01,-2.460982907635334005e+00,-6.123597137257553946e+00,2.804114043565042111e-02
5.900000000000004546e-02,8.701368210567991257e-01,-3.810972376180992160e-01,-2.500731902717769906e+00,-6.106078269385849744e+00,2.852460410340931785e-02
6.000000000000004635e-02,8.676162703579368696e-01,-3.871944422200331304e-01,-2.540347017080657022e+00,-6.088285364381110121e+00,2.900806755216789323e-02
6.100000000000004724e-02,8.650561723063912023e-01,-3.932737174128263513e-01,-2.579826280954694351e+00,-6.070219658504324656e+00,2.949153077821549396e-02
6.200000000000004813e-02,8.624566637317008233e-01,-3.993347910205024553e-01,-2.619167738589260441e+00,-6.051882404232515889e+00,2.997499377784153263e-02
6.300000000000004208e-02,8.598178834120832059e-01,-4.053773921275851122e-01,-2.658369448401765922e+00,-6.033274870054522232e+00,3.045845654733548083e-02
6.400000000000004297e-02,8.571399720601936556e-01,-4.114012510950070256e-01,-2.697429483123417793e+00,-6.014398340265225684e+00,3.094191908298687607e-02
6.500000000000004385e-02,8.544230723087398172e-01,-4.174060995758124837e-01,-2.736345929941388366e+00,-5.995254114758292729e+00,3.142538138108531831e-02
6.600000000000004474e-02,8.516673286959565159e-01,-4.233916705306520201e-01,-2.775116890637369771e+00,-5.975843508817504812e+00,3.190884343792047689e-02
6.700000000000004563e-02,8.488728876509431531e-01,-4.293576982430674649e-01,-2.813740481722506903e+00,-5.956167852906750326e+00,3.239230524978208708e-02
6.800000000000004652e-02,8.460398974788683191e-01,-4.353039183345666086e-01,-2.852214834568698176e+00,-5.936228492458747397e+00,3.287576681295994313e-02
6.900000000000004741e-02,8.431685083460450647e-01,-4.412300677794859793e-01,-2.890538095536253405e+00,-5.916026787662575614e+00,3.335922812374391561e-02
7.000000000000004829e-02,8.402588722648801633e-01,-4.471358849196404028e-01,-2.928708426097904827e+00,-5.895564113250085114e+00,3.384268917842395141e-02
7.100000000000004918e-02,8.373111430787010256e-01,-4.530211094787584547e-01,-2.966724002959165940e+00,-5.874841858281260265e+00,3.432614997329005296e-02
7.200000000000005007e-02,8.343254764464643758e-01,-4.588854825767030299e-01,-3.004583018175035480e+00,-5.853861425928602813e+00,3.480961050463229900e-02
7.300000000000005096e-02,8.313020298273500197e-01,-4.647287467434756403e-01,-3.042283679263040774e+00,-5.832624233260611746e+00,3.529307076874085153e-02
7.400000000000005185e-02,8.282409624652432578e-01,-4.705506459330036639e-01,-3.079824209312625793e+00,-5.811131711024430935e+00,3.577653076190593501e-02
7.500000000000005274e-02,8.251424353731097172e-01,-4.763509255367102124e-01,-3.117202847090882578e+00,-5.789385303427733831e+00,3.625999048041785022e-02
7.600000000000005362e-02,8.220066113172663780e-01,-4.821293323968650624e-01,-3.154417847144627363e+00,-5.767386467919917159e+00,3.674344992056698123e-02
7.700000000000005451e-02,8.188336548015525684e-01,-4.878856148197169285e-01,-3.191467479898829396e+00,-5.745136674972674662e+00,3.722690907864377452e-02
7.800000000000005540e-02,8.156237320514037048e-01,-4.936195225884057458e-01,-3.228350031751393345e+00,-5.722637407860018399e+00,3.771036795093877375e-02
7.900000000000005629e-02,8.123770109978327714e-01,-4.993308069756547396e-01,-3.265063805164308608e+00,-5.699890162437820429e+00,3.819382653374258502e-02
8.000000000000005718e-02,8.090936612613222056e-01,-5.050192207562419489e-01,-3.301607118751169523e+00,-5.676896446922942374e+00,3.867728482334589768e-02
8.100000000000005806e-02,8.057738541356298523e-01,-5.106845182192505384e-01,-3.337978307361078922e+00,-5.653657781672018601e+00,3.916074281603949131e-02
8.200000000000005895e-02,8.024177625715130935e-01,-5.163264551800980096e-01,-3.374175722158944346e+00,-5.630175698959966724e+00,3.964420050811421486e-02
8.300000000000005984e-02,7.990255611603743757e-01,-5.219447889923435335e-01,-3.410197730702184682e+00,-5.606451742758287615e+00,4.012765789586100751e-02
8.400000000000006073e-02,7.955974261178319074e-01,-5.275392785592735168e-01,-3.446042717013855228e+00,-5.582487468513224194e+00,4.061111497557089167e-02
8.500000000000006162e-02,7.921335352672188579e-01,-5.331096843452657330e-01,-3.481709081652212046e+00,-5.558284442923842050e+00,4.109457174353497305e-02
8.600000000000006251e-02,7.886340680230148337e-01,-5.386557683869308555e-01,-3.517195241776729375e+00,-5.533844243720102973e+00,4.157802819604444755e-02
8.700000000000006339e-02,7.850992053742132937e-01,-5.441772943040323884e-01,-3.552499631210591424e+00,-5.509168459440986432e+00,4.206148432939059434e-02
8.800000000000006428e-02,7.815291298676279030e-01,-5.496740273101852203e-01,-3.587620700499674520e+00,-5.484258689212736293e+00,4.254494013986477585e-02
8.900000000000006517e-02,7.779240255911417101e-01,-5.551457342233314662e-01,-3.622556916968042273e+00,-5.459116542527279847e+00,4.302839562375845167e-02
9.000000000000006606e-02,7.742840781569029218e-01,-5.605921834759959310e-01,-3.657306764769977292e+00,-5.433743639020896410e+00,4.351185077736317158e-02
9.100000000000006695e-02,7.706094746844699417e-01,-5.660131451253198609e-01,-3.691868744938568536e+00,-5.408141608253186128e+00,4.399530559697056864e-02
9.200000000000006783e-02,7.669004037839096677e-01,-5.714083908628735387e-01,-3.726241375430884073e+00,-5.382312089486403828e+00,4.447876007887237998e-02
9.300000000000006872e-02,7.631570555388523802e-01,-5.767776940242492767e-01,-3.760423191169749213e+00,-5.356256731465220078e+00,4.496221421936042600e-02
9.400000000000006961e-02,7.593796214895066621e-01,-5.821208295984335868e-01,-3.794412744082160227e+00,-5.329977192196960978e+00,4.544566801472661732e-02
9.500000000000007050e-02,7.555682946156370150e-01,-5.874375742369603026e-01,-3.828208603134360732e+00,-5.303475138732394178e+00,4.592912146126297557e-02
9.600000000000007139e-02,7.517232693195089466e-01,-5.927277062628445448e-01,-3.861809354363607838e+00,-5.276752246947109981e+00,4.641257455526160564e-02
9.700000000000007228e-02,7.478447414088029710e-01,-5.979910056792986373e-01,-3.895213600906660023e+00,-5.249810201323556136e+00,4.689602729301471651e-02
9.800000000000007316e-02,7.439329080795026305e-01,-6.032272541782303099e-01,-3.928419963025015615e+00,-5.222650694733783183e+00,4.737947967081461431e-02
9.900000000000007405e-02,7.399879678987582032e-01,-6.084362351485237408e-01,-3.961427078126933843e+00,-5.195275428222955405e+00,4.786293168495369538e-02
1.000000000000000749e-01,7.360101207877304264e-01,-6.136177336841051044e-01,-3.994233600786273097e+00,-5.167686110793674459e+00,4.834638333172447400e-02
1.010000000000000758e-01,7.319995680044165676e-01,-6.187715365917921817e-01,-4.026838202758177054e+00,-5.139884459191173427e+00,4.882983460741954773e-02
1.020000000000000767e-01,7.279565121264628402e-01,-6.238974323989303628e-01,-4.059239572991644174e+00,-5.111872197689430131e+00,4.931328550833162516e-02
1.030000000000000776e-01,7.238811570339653834e-01,-6.289952113608143769e-01,-4.091436417639016554e+00,-5.083651057878250334e+00,4.979673603075352589e-02
1.040000000000000785e-01,7.197737078922635812e-01,-6.340646654678985250e-01,-4.123427460062423222e+00,-5.055222778451370580e+00,5.028018617097815973e-02
1.050000000000000794e-01,7.156343711347282754e-01,-6.391055884527948594e-01,-4.155211440837215164e+00,-5.026589104995627721e+00,5.076363592529854751e-02
1.060000000000000803e-01,7.114633544455478686e-01,-6.441177757970614204e-01,-4.186787117752429843e+00,-4.997751789781239573e+00,5.124708529000781415e-02
1.070000000000000812e-01,7.072608667425159812e-01,-6.491010247377810849e-01,-4.218153265808320285e+00,-4.968712591553246405e+00,5.173053426139920252e-02
1.080000000000000820e-01,7.030271181598223285e-01,-6.540551342739329144e-01,-4.249308677210995810e+00,-4.939473275324159474e+00,5.221398283576605265e-02
1.090000000000000829e-01,6.987623200308510363e-01,-6.589799051725561130e-01,-4.280252161364203722e+00,-4.910035612167850338e+00,5.269743100940181557e-02
1.100000000000000838e-01,6.944666848709879492e-01,-6.638751399747091497e-01,-4.310982544858299903e+00,-4.880401379014737806e+00,5.318087877860006030e-02
1.110000000000000847e-01,6.901404263604411504e-01,-6.687406430012243774e-01,-4.341498671456443859e+00,-4.850572358448300925e+00,5.366432613965445991e-02
1.120000000000000856e-01,6.857837593270756926e-01,-6.735762203582597030e-01,-4.371799402078067942e+00,-4.820550338502965992e+00,5.414777308885879853e-02
1.130000000000000865e-01,6.813968997292672025e-01,-6.783816799426494182e-01,-4.401883614779649179e+00,-4.790337112463404878e+00,5.463121962250698516e-02
1.140000000000000874e-01,6.769800646387750254e-01,-6.831568314470545245e-01,-4.431750204732840537e+00,-4.759934478665280189e+00,5.511466573689303289e-02
1.150000000000000883e-01,6.725334722236395724e-01,-6.879014863649146605e-01,-4.461398084199994507e+00,-4.729344240297479018e+00,5.559811142831107278e-02
1.160000000000000892e-01,6.680573417311046480e-01,-6.926154579952030765e-01,-4.490826182507126951e+00,-4.698568205205866377e+00,5.608155669305535385e-02
1.170000000000000900e-01,6.635518934705684213e-01,-6.972985614469863203e-01,-4.520033446014365630e+00,-4.667608185698594703e+00,5.656500152742024307e-02
1.180000000000000909e-01,6.590173487965650390e-01,-7.019506136437895227e-01,-4.549018838083922489e+00,-4.636465998353004991e+00,5.704844592770022538e-02
1.190000000000000918e-01,6.544539300917798785e-01,-7.065714333277701709e-01,-4.577781339045641218e+00,-4.605143463824147965e+00,5.753188989018990368e-02
1.200000000000000927e-01,6.498618607500996625e-01,-7.111608410637002553e-01,-4.606319946160160050e+00,-4.573642406654959913e+00,5.801533341118400577e-02
1.210000000000000936e-01,6.452413651597013189e-01,-7.157186592427602356e-01,-4.634633673579735991e+00,-4.541964655088120750e+00,5.849877648697737742e-02
1.220000000000000945e-01,6.405926686861810326e-01,-7.202447120861454888e-01,-4.662721552306778428e+00,-4.510112040879624473e+00,5.898221911386498928e-02
1.230000000000000954e-01,6.359159976557255955e-01,-7.247388256484867952e-01,-4.690582630150132992e+00,-4.478086399114094007e+00,5.946566128814193691e-02
1.240000000000000963e-01,6.312115793383287210e-01,-7.292008278210878602e-01,-4.718215971679169840e+00,-4.445889568021854643e+00,5.994910300610344078e-02
1.250000000000000833e-01,6.264796419310545428e-01,-7.336305483349797596e-01,-4.745620658175710105e+00,-4.413523388797809588e+00,6.043254426404484625e-02
1.260000000000000842e-01,6.217204145413497418e-01,-7.380278187637961951e-01,-4.772795787583850924e+00,-4.380989705422125624e+00,6.091598505826162357e-02
1.270000000000000850e-01,6.169341271704076313e-01,-7.423924725264694491e-01,-4.799740474457725448e+00,-4.348290364482761738e+00,6.139942538504936792e-02
1.280000000000000859e-01,6.121210106965848663e-01,-7.467243448897505909e-01,-4.826453849907245797e+00,-4.315427214999862038e+00,6.188286524070381323e-02
1.290000000000000868e-01,6.072812968588736648e-01,-7.510232729705542676e-01,-4.852935061541881367e+00,-4.282402108252029826e+00,6.236630462152081833e-02
1.300000000000000877e-01,6.024152182404310940e-01,-7.552890957381315218e-01,-4.879183273412514232e+00,-4.249216897604506826e+00,6.284974352379636697e-02
1.310000000000000886e-01,5.975230082521675312e-01,-7.595216540160708574e-01,-4.905197665951417818e+00,-4.215873438339277968e+00,6.333318194382658861e-02
1.320000000000000895e-01,5.926049011163961877e-01,-7.637207904841311068e-01,-4.930977435910409490e+00,-4.182373587487112410e+00,6.381661987790773760e-02
1.330000000000000904e-01,5.876611318505450265e-01,-7.678863496799072097e-01,-4.956521796297218785e+00,-4.148719203661567434e+00,6.430005732233619320e-02
1.340000000000000913e-01,5.826919362509335176e-01,-7.720181780003303462e-01,-4.981829976310126362e+00,-4.114912146894962319e+00,6.478349427340848732e-02
1.350000000000000921e-01,5.776975508766154510e-01,-7.761161237030060889e-01,-5.006901221270910973e+00,-4.080954278476343511e+00,6.526693072742127677e-02
1.360000000000000930e-01,5.726782130332896958e-01,-7.801800369073904617e-01,-5.031734792556155078e+00,-4.046847460791449969e+00,6.575036668067135714e-02
1.370000000000000939e-01,5.676341607572802372e-01,-7.842097695958076820e-01,-5.056329967526957958e+00,-4.012593557164695568e+00,6.623380212945566281e-02
1.380000000000000948e-01,5.625656327995877115e-01,-7.882051756143106935e-01,-5.080686039457100733e+00,-3.978194431703177436e+00,6.671723707007128079e-02
1.390000000000000957e-01,5.574728686100129948e-01,-7.921661106733866031e-01,-5.104802317459707695e+00,-3.943651949142720436e+00,6.720067149881540913e-02
1.400000000000000966e-01,5.523561083213553990e-01,-7.960924323485093490e-01,-5.128678126412452798e+00,-3.908967974695971126e+00,6.768410541198541241e-02
1.410000000000000975e-01,5.472155927336859182e-01,-7.999840000805413798e-01,-5.152312806881356622e+00,-3.874144373902546956e+00,6.816753880587879399e-02
1.420000000000000984e-01,5.420515632986976362e-01,-8.038406751759865632e-01,-5.175705715043219080e+00,-3.839183012481247381e+00,6.865097167679318213e-02
1.430000000000000993e-01,5.368642621041341823e-01,-8.076623208070963233e-01,-5.198856222606734967e+00,-3.804085756184337974e+00,6.913440402102637161e-02
1.440000000000001001e-01,5.316539318582980123e-01,-8.114488020118313383e-01,-5.221763716732332306e+00,-3.768854470653910660e+00,6.961783583487628213e-02
1.450000000000001010e-01,5.264208158746390698e-01,-8.151999856936800182e-01,-5.244427599950789443e+00,-3.733491021280323174e+00,7.010126711464099991e-02
1.460000000000001019e-01,5.211651580564257147e-01,-8.189157406213370960e-01,-5.266847290080660215e+00,-3.697997273062726631e+00,7.058469785661874996e-02
1.470000000000001028e-01,5.158872028814988075e-01,-8.225959374282436620e-01,-5.289022220144568465e+00,-3.662375090471680306e+00,7.106812805710789605e-02
1.480000000000001037e-01,5.105871953871096158e-01,-8.262404486119904190e-01,-5.310951838284402982e+00,-3.626626337313856752e+00,7.155155771240696849e-02
1.490000000000001046e-01,5.052653811548437623e-01,-8.298491485335873774e-01,-5.332635607675462630e+00,-3.590752876598840349e+00,7.203498681881463639e-02
1.500000000000001055e-01,4.999220062956309940e-01,-8.334219134166007681e-01,-5.354073006439595162e+00,-3.554756570408017513e+00,7.251841537262972148e-02
1.510000000000001064e-01,4.945573174348424916e-01,-8.369586213461601698e-01,-5.375263527557371468e+00,-3.518639279765560346e+00,7.300184337015121205e-02
1.520000000000001072e-01,4.891715616974764425e-01,-8.404591522678379611e-01,-5.396206678779338795e+00,-3.482402864511501495e+00,7.348527080767822128e-02
1.530000000000001081e-01,4.837649866934328191e-01,-8.439233879864023180e-01,-5.416901982536391102e+00,-3.446049183176896680e+00,7.396869768151004276e-02
1.540000000000001090e-01,4.783378405028781977e-01,-8.473512121644467543e-01,-5.437348975849311650e+00,-3.409580092861075773e+00,7.445212398794610886e-02
1.550000000000001099e-01,4.728903716617013364e-01,-8.507425103208977601e-01,-5.457547210237509105e+00,-3.372997449110976653e+00,7.493554972328601849e-02
1.560000000000001108e-01,4.674228291470606811e-01,-8.540971698294033132e-01,-5.477496251627009372e+00,-3.336303105802556512e+00,7.541897488382952319e-02
1.570000000000001117e-01,4.619354623630239076e-01,-8.574150799166029291e-01,-5.497195680257727979e+00,-3.299498915024279277e+00,7.590239946587654107e-02
1.580000000000001126e-01,4.564285211263007236e-01,-8.606961316602833589e-01,-5.516645090590071021e+00,-3.262586726962668493e+00,7.638582346572714288e-02
1.590000000000001135e-01,4.509022556520693170e-01,-8.639402179874197119e-01,-5.535844091210902818e+00,-3.225568389789922996e+00,7.686924687968156589e-02
1.600000000000001144e-01,4.453569165398972296e-01,-8.671472336721063323e-01,-5.554792304738922049e+00,-3.188445749553587838e+00,7.735266970404018616e-02
1.610000000000001152e-01,4.397927547597570430e-01,-8.703170753333774323e-01,-5.573489367729480115e+00,-3.151220650068269347e+00,7.783609193510357405e-02
1.620000000000001161e-01,4.342100216381373778e-01,-8.734496414329210312e-01,-5.591934930578882579e+00,-3.113894932809390781e+00,7.831951356917245255e-02
1.630000000000001170e-01,4.286089688442503154e-01,-8.765448322726874242e-01,-5.610128657428214538e+00,-3.076470436808974807e+00,7.880293460254769733e-02
1.640000000000001179e-01,4.229898483763345762e-01,-8.796025499923947333e-01,-5.628070226066724580e+00,-3.038948998553445247e+00,7.928635503153036446e-02
1.650000000000001188e-01,4.173529125480559543e-01,-8.826226985669326508e-01,-5.645759327834803720e+00,-3.001332451883439223e+00,7.976977485242166266e-02
1.660000000000001197e-01,4.116984139750048954e-01,-8.856051838036678170e-01,-5.663195667526593979e+00,-2.963622627895613704e+00,8.025319406152298107e-02
1.670000000000001206e-01,4.060266055612915537e-01,-8.885499133396512761e-01,-5.680378963292270100e+00,-2.925821354846441125e+00,8.073661265513587537e-02
1.680000000000001215e-01,4.003377404862386579e-01,-8.914567966387311193e-01,-5.697308946540021068e+00,-2.887930458057975436e+00,8.122003062956206776e-02
1.690000000000001223e-01,3.946320721911727447e-01,-8.943257449885716470e-01,-5.713985361837770505e+00,-2.849951759825582354e+00,8.170344798110344697e-02
1.700000000000001232e-01,3.889098543663135343e-01,-8.971566714975817147e-01,-5.730407966814670573e+00,-2.811887079327615613e+00,8.218686470606208216e-02
1.710000000000001241e-01,3.831713409377621726e-01,-8.999494910917529289e-01,-5.746576532062400489e+00,-2.773738232537026338e+00,8.267028080074020902e-02
1.720000000000001250e-01,3.774167860545879494e-01,-9.027041205114110234e-01,-5.762490841036302491e+00,-2.735507032134893546e+00,8.315369626144024362e-02
1.730000000000001259e-01,3.716464440760142707e-01,-9.054204783078816376e-01,-5.778150689956395247e+00,-2.697195287425859789e+00,8.363711108446478248e-02
1.740000000000001268e-01,3.658605695587034967e-01,-9.080984848400722731e-01,-5.793555887708284224e+00,-2.658804804255454179e+00,8.412052526611657477e-02
1.750000000000001277e-01,3.600594172441409224e-01,-9.107380622709727591e-01,-5.808706255744013447e+00,-2.620337384929290803e+00,8.460393880269856393e-02
1.760000000000001286e-01,3.542432420461177900e-01,-9.133391345640754500e-01,-5.823601627982876394e+00,-2.581794828134125197e+00,8.508735169051385994e-02
1.770000000000001295e-01,3.484122990383138885e-01,-9.159016274797179280e-01,-5.838241850712230452e+00,-2.543178928860750254e+00,8.557076392586576707e-02
1.780000000000001303e-01,3.425668434419787967e-01,-9.184254685713491018e-01,-5.852626782488330903e+00,-2.504491478328718657e+00,8.605417550505777002e-02
1.790000000000001312e-01,3.367071306137128239e-01,-9.209105871817211408e-01,-5.866756294037224428e+00,-2.465734263912869206e+00,8.653758642439352000e-02
1.800000000000001321e-01,3.308334160333465390e-01,-9.233569144390086914e-01,-5.880630268155723428e+00,-2.426909069071645053e+00,8.702099668017684864e-02
1.810000000000001330e-01,3.249459552919194971e-01,-9.257643832528575922e-01,-5.894248599612493145e+00,-2.388017673277179842e+00,8.750440626871178185e-02
1.820000000000001339e-01,3.190450040797578879e-01,-9.281329283103640915e-01,-5.907611195049278230e+00,-2.349061851947138901e+00,8.798781518630253984e-02
1.830000000000001348e-01,3.131308181746507158e-01,-9.304624860719871160e-01,-5.920717972882290958e+00,-2.310043376378292823e+00,8.847122342925349547e-02
1.840000000000001357e-01,3.072036534301244570e-01,-9.327529947673948163e-01,-5.933568863203795729e+00,-2.270964013681804783e+00,8.895463099386922978e-02
1.850000000000001366e-01,3.012637657638163602e-01,-9.350043943912476063e-01,-5.946163807683911173e+00,-2.231825526720214725e+00,8.943803787645451808e-02
1.860000000000001374e-01,2.953114111459453905e-01,-9.372166266989182537e-01,-5.958502759472649402e+00,-2.192629674046096877e+00,8.992144407331430223e-02
1.870000000000001383e-01,2.893468455878812073e-01,-9.393896352021522400e-01,-5.970585683102225261e+00,-2.153378209842375046e+00,9.040484958075373223e-02
1.880000000000001392e-01,2.833703251308108406e-01,-9.415233651646689461e-01,-5.982412554389657799e+00,-2.114072883864270835e+00,9.088825439507812465e-02
1.890000000000001401e-01,2.773821058345023460e-01,-9.436177635977055500e-01,-5.993983360339680821e+00,-2.074715441382866565e+00,9.137165851259301808e-02
1.900000000000001410e-01,2.713824437661655486e-01,-9.456727792555051915e-01,-6.005298099047992721e+00,-2.035307623130265142e+00,9.185506192960411764e-02
1.910000000000001419e-01,2.653715949894091541e-01,-9.476883626307515129e-01,-6.016356779604866034e+00,-1.995851165246318892e+00,9.233846464241733665e-02
1.920000000000001428e-01,2.593498155532944494e-01,-9.496644659499502428e-01,-6.027159421999132682e+00,-1.956347799226912931e+00,9.282186664733878267e-02
1.930000000000001437e-01,2.533173614814844266e-01,-9.516010431687600413e-01,-6.037706057022571571e+00,-1.916799251873777532e+00,9.330526794067474372e-02
1.940000000000001446e-01,2.472744887614884701e-01,-9.534980499672738308e-01,-6.047996726174718063e+00,-1.877207245245811063e+00,9.378866851873171595e-02
1.950000000000001454e-01,2.412214533340020783e-01,-9.553554437452522752e-01,-6.058031481568112220e+00,-1.837573496611889068e+00,9.427206837781638982e-02
1.960000000000001463e-01,2.351585110823410374e-01,-9.571731836173108521e-01,-6.067810385834010667e+00,-1.797899718405139069e+00,9.475546751423565006e-02
1.970000000000001472e-01,2.290859178219696035e-01,-9.589512304080617389e-01,-6.077333512028569196e+00,-1.758187618178659095e+00,9.523886592429658959e-02
1.980000000000001481e-01,2.230039292901223602e-01,-9.606895466472124001e-01,-6.086600943539529851e+00,-1.718438898562657746e+00,9.572226360430649561e-02
1.990000000000001490e-01,2.169128011355189734e-01,-9.623880965646215424e-01,-6.095612773993416056e+00,-1.678655257222993580e+00,9.620566055057286348e-02
2.000000000000001499e-01,2.108127889081717610e-01,-9.640468460853148791e-01,-6.104369107163261532e+00,-1.638838386821090731e+00,9.668905675940338285e-02
2.010000000000001508e-01,2.047041480492849119e-01,-9.656657628244611491e-01,-6.112870056876881897e+00,-1.598989974975209893e+00,9.717245222710595154e-02
2.020000000000001517e-01,1.985871338812454368e-01,-9.672448160823100549e-01,-6.121115746925714696e+00,-1.559111704223050898e+00,9.765584694998866166e-02
2.030000000000001525e-01,1.924620015977049070e-01,-9.687839768390937856e-01,-6.129106310974230531e+00,-1.519205251985664917e+00,9.813924092435982738e-02
2.040000000000001534e-01,1.863290062537514002e-01,-9.702832177498925681e-01,-6.136841892469941939e+00,-1.479272290532653411e+00,9.862263414652795712e-02
2.050000000000001543e-01,1.801884027561712343e-01,-9.717425131394665794e-01,-6.144322644554015334e+00,-1.439314486948631178e+00,9.910602661280175363e-02
2.060000000000001552e-01,1.740404458537997134e-01,-9.731618389970545513e-01,-6.151548729972504681e+00,-1.399333503100930853e+00,9.958941831949016943e-02
2.070000000000001561e-01,1.678853901279604433e-01,-9.745411729711409565e-01,-6.158520320988216668e+00,-1.359330995608526882e+00,1.000728092629023236e-01
2.080000000000001570e-01,1.617234899829923245e-01,-9.758804943641924412e-01,-6.165237599293222459e+00,-1.319308615812154750e+00,1.005561994393475711e-01
2.090000000000001579e-01,1.555549996368637278e-01,-9.771797841273653917e-01,-6.171700755922026715e+00,-1.279268009745603063e+00,1.010395888451354612e-01
2.100000000000001588e-01,1.493801731118732379e-01,-9.784390248551848579e-01,-6.177909991165404513e+00,-1.239210818108157364e+00,1.015229774765757792e-01
2.110000000000001597e-01,1.431992642254362180e-01,-9.796582007801970526e-01,-6.183865514484917725e+00,-1.199138676238171275e+00,1.020063653299785045e-01
2.120000000000001605e-01,1.370125265809563897e-01,-9.808372977675952065e-01,-6.189567544428125068e+00,-1.159053214087741868e+00,1.024897524016538247e-01
2.130000000000001614e-01,1.308202135587819837e-01,-9.819763033098216631e-01,-6.195016308544486705e+00,-1.118956056198468385e+00,1.029731386879121635e-01
2.140000000000001623e-01,1.246225783072456295e-01,-9.830752065211452173e-01,-6.200212043301982057e+00,-1.078848821678270342e+00,1.034565241850641526e-01
2.150000000000001632e-01,1.184198737337871649e-01,-9.841339981322165809e-01,-6.205154994004447033e+00,-1.038733124179243017e+00,1.039399088894206458e-01
2.160000000000001641e-01,1.122123524961588376e-01,-9.851526704846017557e-01,-6.209845414709633360e+00,-9.986105718765267980e-01,1.044232927972926911e-01
2.170000000000001650e-01,1.060002669937120529e-01,-9.861312175252949785e-01,-6.214283568148007753e+00,-9.584827674481698478e-01,1.049066759049915865e-01
2.180000000000001659e-01,9.978386935876494557e-02,-9.870696348012119037e-01,-6.218469725642289170e+00,-9.183513080559594366e-01,1.053900582088288379e-01
2.190000000000001668e-01,9.356341144805006838e-02,-9.879679194536643561e-01,-6.222404167027738353e+00,-8.782177853272010726e-01,1.058734397051161874e-01
2.200000000000001676e-01,8.733914483424135011e-02,-9.888260702128167656e-01,-6.226087180573202318e+00,-8.380837853374231150e-01,1.063568203901655712e-01
2.210000000000001685e-01,8.111132079755969948e-02,-9.896440873921266146e-01,-6.229519062902920901e+00,-7.979508885939837759e-01,1.068402002602891615e-01
2.220000000000001694e-01,7.488019031745637988e-02,-9.904219728827678981e-01,-6.232700118919098919e+00,-7.578206700205598612e-01,1.073235793117993664e-01
2.230000000000001703e-01,6.864600406437343372e-02,-9.911597301480404854e-01,-6.235630661725254598e+00,-7.176946989424943801e-01,1.078069575410088021e-01
2.240000000000001712e-01,6.240901239158039987e-02,-9.918573642177644922e-01,-6.238311012550340706e+00,-6.775745390729810413e-01,1.082903349442303209e-01
2.250000000000001721e-01,5.616946532708644302e-02,-9.925148816826618869e-01,-6.240741500673653519e+00,-6.374617485000650952e-01,1.087737115177770109e-01
2.260000000000001730e-01,4.992761256562727040e-02,-9.931322906887247726e-01,-6.242922463350523365e+00,-5.973578796744377639e-01,1.092570872579621821e-01
2.270000000000001739e-01,4.368370346072589921e-02,-9.937096009315725675e-01,-6.244854245738793885e+00,-5.572644793980036093e-01,1.097404621610993530e-01
2.280000000000001747e-01,3.743798701682658076e-02,-9.942468236507977508e-01,-6.246537200826096203e+00,-5.171830888131992987e-01,1.102238362235023056e-01
2.290000000000001756e-01,3.119071188150105561e-02,-9.947439716243013930e-01,-6.247971689357917136e+00,-4.771152433930423986e-01,1.107072094414850438e-01
2.300000000000001765e-01,2.494212633772631416e-02,-9.952010591626188063e-01,-6.249158079766464091e+00,-4.370624729318901558e-01,1.111905818113617939e-01
2.310000000000001774e-01,1.869247829623312332e-02,-9.956181021032368683e-01,-6.250096748100328448e+00,-3.970263015368861170e-01,1.116739533294470316e-01
2.320000000000001783e-01,1.244201528792447317e-02,-9.959951178049026854e-01,-6.250788077954952726e+00,-3.570082476200752142e-01,1.121573239920554410e-01
2.330000000000001792e-01,6.190984456363154802e-03,-9.963321251419247071e-01,-6.251232460403893576e+00,-3.170098238911661093e-01,1.126406937955019699e-01
2.340000000000001801e-01,-6.036744967231194581e-05,-9.966291444984672898e-01,-6.251430293930894777e+00,-2.770325373509205380e-01,1.131240627361017881e-01
2.350000000000001810e-01,-6.311794083564245712e-03,-9.968861977628384885e-01,-6.251381984362755162e+00,-2.370778892851501674e-01,1.136074308101703151e-01
2.360000000000001819e-01,-1.256304950816561870e-02,-9.971033083217724080e-01,-6.251087944803006557e+00,-1.971473752593001783e-01,1.140907980140231925e-01
2.370000000000001827e-01,-1.881388820304397136e-02,-9.972805010547063365e-01,-6.250548595566389309e+00,-1.572424851136005053e-01,1.145741643439763119e-01
2.380000000000001836e-01,-2.506406507166018122e-02,-9.974178023280533267e-01,-6.249764364114130721e+00,-1.173647029587649993e-01,1.150575297963458143e-01
2.390000000000001845e-01,-3.131333544848293599e-02,-9.975152399894710031e-01,-6.248735684990024630e+00,-7.751550717221891706e-02,1.155408943674480632e-01
2.400000000000001854e-01,-3.756145510603966370e-02,-9.975728433621261493e-01,-6.247462999757313007e+00,-3.769637039483605262e-02,1.160242580535996715e-01
2.410000000000001863e-01,-4.380818026190475695e-02,-9.975906432389571865e-01,-6.245946756936360700e+00,2.091240471833726022e-03,1.165076208511175021e-01
2.420000000000001872e-01,-5.005326758562586575e-02,-9.975686718769333217e-01,-6.244187411943127763e+00,4.184586426786513630e-02,1.169909827563186677e-01
2.430000000000001881e-01,-5.629647420558905879e-02,-9.975069629913120295e-01,-6.242185427028436706e+00,8.156604557680496859e-02,1.174743437655205031e-01
2.440000000000001890e-01,-6.253755771582365786e-02,-9.974055517498950918e-01,-6.239941271218029328e+00,1.212503347270844356e-01,1.179577038750406204e-01
2.450000000000001898e-01,-6.877627618274749499e-02,-9.972644747672827492e-01,-6.237455420253411376e+00,1.608972877930147372e-01,1.184410630811968540e-01
2.460000000000001907e-01,-7.501238815185343189e-02,-9.970837700991278529e-01,-6.234728356533482341e+00,2.005054665953835136e-01,1.189244213803073019e-01
2.470000000000001916e-01,-8.124565265433790484e-02,-9.968634772363892393e-01,-6.231760569056946863e+00,2.400734387016698612e-01,1.194077787686903119e-01
2.480000000000001925e-01,-8.747582921367226538e-02,-9.966036370995846605e-01,-6.228552553365501510e+00,2.795997774258952018e-01,1.198911352426644816e-01
2.490000000000001934e-01,-9.370267785211766620e-02,-9.963042920330450469e-01,-6.225104811487797818e+00,3.190830618281274567e-01,1.203744907985486445e-01
2.500000000000001665e-01,-9.992595909718431091e-02,-9.959654857991685484e-01,-6.221417851884173622e+00,3.585218767136549856e-01,1.208578454326619117e-01
2.510000000000001674e-01,-1.061454339880358727e-01,-9.955872635726756847e-01,-6.217492189392148205e+00,3.979148126318474143e-01,1.213411991413236302e-01
2.520000000000001683e-01,-1.123608640818396925e-01,-9.951696719348662734e-01,-6.213328345172675959e+00,4.372604658747195616e-01,1.218245519208534106e-01
2.530000000000001692e-01,-1.185720114600636726e-01,-9.947127588678775778e-01,-6.208926846657158549e+00,4.765574384752147008e-01,1.223079037675711273e-01
2.540000000000001701e-01,-1.247786387347205594e-01,-9.942165737489441213e-01,-6.204288227495203145e+00,5.158043382052232007e-01,1.227912546777968905e-01
2.550000000000001710e-01,-1.309805090545602957e-01,-9.936811673446600546e-01,-6.199413027503125839e+00,5.549997785733522537e-01,1.232746046478510882e-01
2.560000000000001719e-01,-1.371773861112113302e-01,-9.931065918052435215e-01,-6.194301792613192248e+00,5.941423788224620139e-01,1.237579536740543579e-01
2.570000000000001728e-01,-1.433690341452714678e-01,-9.924929006588039115e-01,-6.188955074823591751e+00,6.332307639269835198e-01,1.242413017527275870e-01
2.580000000000001736e-01,-1.495552179523491065e-01,-9.918401488056114434e-01,-6.183373432149134707e+00,6.722635645900335577e-01,1.247246488801919545e-01
2.590000000000001745e-01,-1.557357028890554718e-01,-9.911483925123703020e-01,-6.177557428572673537e+00,7.112394172403404546e-01,1.252079950527688612e-01
2.600000000000001754e-01,-1.619102548789487228e-01,-9.904176894064943282e-01,-6.171507633997232567e+00,7.501569640289963425e-01,1.256913402667799995e-01
2.610000000000001763e-01,-1.680786404184304028e-01,-9.896480984703867056e-01,-6.165224624198845760e+00,7.890148528260493288e-01,1.261746845185473254e-01
2.620000000000001772e-01,-1.742406265825952594e-01,-9.888396800357223126e-01,-6.158708980780093434e+00,8.278117372169496724e-01,1.266580278043930585e-01
2.630000000000001781e-01,-1.803959810310347411e-01,-9.879924957777346251e-01,-6.151961291124329101e+00,8.665462764988638433e-01,1.271413701206396685e-01
2.640000000000001790e-01,-1.865444720135952528e-01,-9.871066087095055064e-01,-6.144982148350593754e+00,9.052171356768698995e-01,1.276247114636099023e-01
2.650000000000001799e-01,-1.926858683760915292e-01,-9.861820831762595496e-01,-6.137772151269205168e+00,9.438229854600472812e-01,1.281080518296267845e-01
2.660000000000001807e-01,-1.988199395659760171e-01,-9.852189848496618607e-01,-6.130331904338016002e+00,9.823625022574740129e-01,1.285913912150135896e-01
2.670000000000001816e-01,-2.049464556379648472e-01,-9.842173807221201720e-01,-6.122662017619335373e+00,1.020834368174143858e+00,1.290747296160938695e-01
2.680000000000001825e-01,-2.110651872596209233e-01,-9.831773391010910634e-01,-6.114763106737500564e+00,1.059237271006815861e+00,1.295580670291914815e-01
2.690000000000001834e-01,-2.171759057168950735e-01,-9.820989296033900695e-01,-6.106635792837096233e+00,1.097569904239809047e+00,1.300414034506304772e-01
2.700000000000001843e-01,-2.232783829196257064e-01,-9.809822231495065603e-01,-6.098280702541810427e+00,1.135830967040752926e+00,1.305247388767352690e-01
2.710000000000001852e-01,-2.293723914069975001e-01,-9.798272919579222862e-01,-6.089698467913916780e+00,1.174019164256306480e+00,1.310080733038304912e-01
2.720000000000001861e-01,-2.354577043529601232e-01,-9.786342095394345852e-01,-6.080889726414380192e+00,1.212133206407856933e+00,1.314914067282410559e-01
2.730000000000001870e-01,-2.415340955716070992e-01,-9.774030506914840322e-01,-6.071855120863568267e+00,1.250171809687208979e+00,1.319747391462921526e-01
2.740000000000001878e-01,-2.476013395225159230e-01,-9.761338914924858612e-01,-6.062595299402570248e+00,1.288133695952274893e+00,1.324580705543092762e-01
2.750000000000001887e-01,-2.536592113160495710e-01,-9.748268092961660525e-01,-6.053110915455106600e+00,1.326017592722778193e+00,1.329414009486181714e-01
2.760000000000001896e-01,-2.597074867186205394e-01,-9.734818827259018592e-01,-6.043402627690022122e+00,1.363822233175978393e+00,1.334247303255448602e-01
2.770000000000001905e-01,-2.657459421579171921e-01,-9.720991916690662205e-01,-6.033471099984354602e+00,1.401546356142428396e+00,1.339080586814156426e-01
2.780000000000001914e-01,-2.717743547280938587e-01,-9.706788172713766150e-01,-6.023317001386971903e+00,1.439188706101775184e+00,1.343913860125571513e-01
2.790000000000001923e-01,-2.777925021949247952e-01,-9.692208419312481338e-01,-6.012941006082759721e+00,1.476748033178611363e+00,1.348747123152962413e-01
2.800000000000001932e-01,-2.838001630009223675e-01,-9.677253492941505497e-01,-6.002343793357360902e+00,1.514223093138388432e+00,1.353580375859600726e-01
2.810000000000001941e-01,-2.897971162704204851e-01,-9.661924242469692725e-01,-5.991526047562450330e+00,1.551612647383399768e+00,1.358413618208760831e-01
2.820000000000001950e-01,-2.957831418146235070e-01,-9.646221529123706340e-01,-5.980488458081538283e+00,1.588915462948842894e+00,1.363246850163719881e-01
2.830000000000001958e-01,-3.017580201366211190e-01,-9.630146226431710588e-01,-5.969231719296288929e+00,1.626130312498969666e+00,1.368080071687758359e-01
2.840000000000001967e-01,-3.077215324363699045e-01,-9.613699220167097881e-01,-5.957756530553351304e+00,1.663255974323331499e+00,1.372913282744158969e-01
2.850000000000001976e-01,-3.136734606156420524e-01,-9.596881408292252669e-01,-5.946063596131685891e+00,1.700291232333128510e+00,1.377746483296207747e-01
2.860000000000001985e-01,-3.196135872829413138e-01,-9.579693700902354170e-01,-5.934153625210378813e+00,1.737234876057670352e+00,1.382579673307193502e-01
2.870000000000001994e-01,-3.255416957583873727e-01,-9.562137020169212409e-01,-5.922027331836937414e+00,1.774085700640956276e+00,1.387412852740407820e-01
2.880000000000002003e-01,-3.314575700785686863e-01,-9.544212300285137562e-01,-5.909685434896051248e+00,1.810842506838381105e+00,1.392246021559145341e-01
2.890000000000002012e-01,-3.373609950013640724e-01,-9.525920487406842607e-01,-5.897128658078814922e+00,1.847504101013574873e+00,1.397079179726703757e-01
2.900000000000002021e-01,-3.432517560107340437e-01,-9.507262539599374840e-01,-5.884357729852393248e+00,1.884069295135381905e+00,1.401912327206383535e-01
2.910000000000002029e-01,-3.491296393214817773e-01,-9.488239426780080699e-01,-5.871373383430132264e+00,1.920536906774986674e+00,1.406745463961487919e-01
2.920000000000002038e-01,-3.549944318839846624e-01,-9.468852130662592792e-01,-5.858176356742091251e+00,1.956905759103192866e+00,1.411578589955323204e-01
2.930000000000002047e-01,-3.608459213888963180e-01,-9.449101644700849123e-01,-5.844767392405997519e+00,1.993174680887860317e+00,1.416411705151198741e-01
2.940000000000002056e-01,-3.666838962718199646e-01,-9.428988974033133408e-01,-5.831147237698604435e+00,2.029342506491507603e+00,1.421244809512426932e-01
2.950000000000002065e-01,-3.725081457179533762e-01,-9.408515135426140930e-01,-5.817316644527451786e+00,2.065408075869083149e+00,1.426077903002323233e-01
2.960000000000002074e-01,-3.783184596667056310e-01,-9.387681157219063266e-01,-5.803276369403007173e+00,2.101370234565913542e+00,1.430910985584205597e-01
2.970000000000002083e-01,-3.841146288162861633e-01,-9.366488079267695221e-01,-5.789027173411189331e+00,2.137227833715829917e+00,1.435744057221395586e-01
2.980000000000002092e-01,-3.898964446282668916e-01,-9.344936952888557302e-01,-5.774569822186252921e+00,2.172979730039481083e+00,1.440577117877217261e-01
2.990000000000002101e-01,-3.956636993321169249e-01,-9.323028840803037065e-01,-5.759905085884035714e+00,2.208624785842836502e+00,1.445410167514998012e-01
3.000000000000002109e-01,-4.014161859297109558e-01,-9.300764817081540459e-01,-5.745033739155545938e+00,2.244161869015881106e+00,1.450243206098068283e-01
3.010000000000002118e-01,-4.071536981998113980e-01,-9.278145967087657597e-01,-5.729956561120886249e+00,2.279589853031511293e+00,1.455076233589761292e-01
3.020000000000002127e-01,-4.128760307025245990e-01,-9.255173387422338527e-01,-5.714674335343506328e+00,2.314907616944629432e+00,1.459909249953413590e-01
3.030000000000002136e-01,-4.185829787837314631e-01,-9.231848185868080092e-01,-5.699187849804766337e+00,2.350114045391446194e+00,1.464742255152364503e-01
3.040000000000002145e-01,-4.242743385794926492e-01,-9.208171481333109476e-01,-5.683497896878807687e+00,2.385208028588990725e+00,1.469575249149956964e-01
3.050000000000002154e-01,-4.299499070204290119e-01,-9.184144403795582168e-01,-5.667605273307717795e+00,2.420188462334833535e+00,1.474408231909536404e-01
3.060000000000002163e-01,-4.356094818360772281e-01,-9.159768094247775494e-01,-5.651510780176978166e+00,2.455054248007023432e+00,1.479241203394451587e-01
3.070000000000002172e-01,-4.412528615592209991e-01,-9.135043704640282147e-01,-5.635215222891186926e+00,2.489804292564242516e+00,1.484074163568054605e-01
3.080000000000002180e-01,-4.468798455301982164e-01,-9.109972397826205937e-01,-5.618719411150048693e+00,2.524437508546180986e+00,1.488907112393700050e-01
3.090000000000002189e-01,-4.524902339011840913e-01,-9.084555347505344214e-01,-5.602024158924611363e+00,2.558952814074135329e+00,1.493740049834746397e-01
3.100000000000002198e-01,-4.580838276404508025e-01,-9.058793738168370302e-01,-5.585130284433754255e+00,2.593349132851828998e+00,1.498572975854554623e-01
3.110000000000002207e-01,-4.636604285366034972e-01,-9.032688765041004819e-01,-5.568038610120905396e+00,2.627625394166461792e+00,1.503405890416489310e-01
3.120000000000002216e-01,-4.692198392027935316e-01,-9.006241634028172571e-01,-5.550749962630982637e+00,2.661780532889983508e+00,1.508238793483917817e-01
3.130000000000002225e-01,-4.747618630809082862e-01,-8.979453561658149452e-01,-5.533265172787551478e+00,2.695813489480601177e+00,1.513071685020211110e-01
3.140000000000002234e-01,-4.802863044457386654e-01,-8.952325775026691579e-01,-5.515585075570186291e+00,2.729723209984513232e+00,1.517904564988742655e-01
3.150000000000002243e-01,-4.857929684091237821e-01,-8.924859511741144447e-01,-5.497710510092021607e+00,2.763508646037875938e+00,1.522737433352889802e-01
3.160000000000002252e-01,-4.912816609240733823e-01,-8.897056019864532095e-01,-5.479642319577492593e+00,2.797168754869002960e+00,1.527570290076032955e-01
3.170000000000002260e-01,-4.967521887888680654e-01,-8.868916557859626293e-01,-5.461381351340250490e+00,2.830702499300796759e+00,1.532403135121555293e-01
3.180000000000002269e-01,-5.022043596511375219e-01,-8.840442394532985748e-01,-5.442928456761237932e+00,2.864108847753412679e+00,1.537235968452843604e-01
3.190000000000002278e-01,-5.076379820119170105e-01,-8.811634808978967559e-01,-5.424284491266925023e+00,2.897386774247157071e+00,1.542068790033287728e-01
3.200000000000002287e-01,-5.130528652296820757e-01,-8.782495090523714243e-01,-5.405450314307689297e+00,2.930535258405618571e+00,1.546901599826280838e-01
3.210000000000002296e-01,-5.184488195243613928e-01,-8.753024538669099686e-01,-5.386426789336333343e+00,2.963553285459031628e+00,1.551734397795219156e-01
3.220000000000002305e-01,-5.238256559813290192e-01,-8.723224463036650667e-01,-5.367214783786725896e+00,2.996439846247872740e+00,1.556567183903502516e-01
3.230000000000002314e-01,-5.291831865553744407e-01,-8.693096183311418423e-01,-5.347815169052566375e+00,3.029193937226689393e+00,1.561399958114533804e-01
3.240000000000002323e-01,-5.345212240746519683e-01,-8.662641029185824681e-01,-5.328228820466256010e+00,3.061814560468159474e+00,1.566232720391718958e-01
3.250000000000002331e-01,-5.398395822446088177e-01,-8.631860340303453283e-01,-5.308456617277865774e+00,3.094300723667381181e+00,1.571065470698467803e-01
3.260000000000002340e-01,-5.451380756518925397e-01,-8.600755466202808508e-01,-5.288499442634200243e+00,3.126651440146391625e+00,1.575898208998192940e-01
3.270000000000002349e-01,-5.504165197682370225e-01,-8.569327766261018997e-01,-5.268358183557938723e+00,3.158865728858912814e+00,1.580730935254310299e-01
3.280000000000002358e-01,-5.556747309543281776e-01,-8.537578609637497262e-01,-5.248033730926851881e+00,3.190942614395325005e+00,1.585563649430239419e-01
3.290000000000002367e-01,-5.609125264636486419e-01,-8.505509375217545909e-01,-5.227526979453081424e+00,3.222881126987862999e+00,1.590396351489402893e-01
3.300000000000002376e-01,-5.661297244463016076e-01,-8.473121451555915007e-01,-5.206838827662477520e+00,3.254680302516036683e+00,1.595229041395226643e-01
3.310000000000002385e-01,-5.713261439528145580e-01,-8.440416236820299511e-01,-5.185970177873980624e+00,3.286339182512270529e+00,1.600061719111140202e-01
3.320000000000002394e-01,-5.765016049379217966e-01,-8.407395138734781170e-01,-5.164921936179041495e+00,3.317856814167762902e+00,1.604894384600576152e-01
3.330000000000002403e-01,-5.816559282643267714e-01,-8.374059574523210481e-01,-5.143695012421075852e+00,3.349232250338559869e+00,1.609727037826970686e-01
3.340000000000002411e-01,-5.867889357064437483e-01,-8.340410970852526473e-01,-5.122290320174937683e+00,3.380464549551844389e+00,1.614559678753763328e-01
3.350000000000002420e-01,-5.919004499541191677e-01,-8.306450763776014323e-01,-5.100708776726405880e+00,3.411552776012435118e+00,1.619392307344396931e-01
3.360000000000002429e-01,-5.969902946163319069e-01,-8.272180398676495239e-01,-5.078951303051681521e+00,3.442495999609492596e+00,1.624224923562317680e-01
3.370000000000002438e-01,-6.020582942248740022e-01,-8.237601330209447514e-01,-5.057018823796877172e+00,3.473293295923432833e+00,1.629057527370975367e-01
3.380000000000002447e-01,-6.071042742380097224e-01,-8.202715022246060972e-01,-5.034912267257503515e+00,3.503943746233040724e+00,1.633890118733822838e-01
3.390000000000002456e-01,-6.121280610441152126e-01,-8.167522947816213685e-01,-5.012632565357932890e+00,3.534446437522781537e+00,1.638722697614316548e-01
3.400000000000002465e-01,-6.171294819652968222e-01,-8.132026589051380983e-01,-4.990180653630841512e+00,3.564800462490311350e+00,1.643555263975916558e-01
3.410000000000002474e-01,-6.221083652609891157e-01,-8.096227437127462290e-01,-4.967557471196620611e+00,3.595004919554174005e+00,1.648387817782086262e-01
3.420000000000002482e-01,-6.270645401315322331e-01,-8.060126992207534702e-01,-4.944763960742744935e+00,3.625058912861690352e+00,1.653220358996292383e-01
3.430000000000002491e-01,-6.319978367217288229e-01,-8.023726763384525507e-01,-4.921801068503097731e+00,3.654961552297030014e+00,1.658052887582005530e-01
3.440000000000002500e-01,-6.369080861243798797e-01,-7.987028268623801441e-01,-4.898669744237240664e+00,3.684711953489461234e+00,1.662885403502699089e-01
3.450000000000002509e-01,-6.417951203838003771e-01,-7.950033034705674684e-01,-4.875370941209625997e+00,3.714309237821781462e+00,1.667717906721850329e-01
3.460000000000002518e-01,-6.466587724993132502e-01,-7.912742597167827796e-01,-4.851905616168739499e+00,3.743752532438915814e+00,1.672550397202940131e-01
3.470000000000002527e-01,-6.514988764287232836e-01,-7.875158500247646520e-01,-4.828274729326171411e+00,3.773040970256684279e+00,1.677382874909452704e-01
3.480000000000002536e-01,-6.563152670917696829e-01,-7.837282296824465977e-01,-4.804479244335606580e+00,3.802173689970732351e+00,1.682215339804875864e-01
3.490000000000002545e-01,-6.611077803735575520e-01,-7.799115548361729156e-01,-4.780520128271730229e+00,3.831149836065621095e+00,1.687047791852700762e-01
3.500000000000002554e-01,-6.658762531279684982e-01,-7.760659824849048816e-01,-4.756398351609036901e+00,3.859968558824068197e+00,1.691880231016422431e-01
3.510000000000002562e-01,-6.706205231810494771e-01,-7.721916704744182791e-01,-4.732114888200548819e+00,3.888629014336340894e+00,1.696712657259539236e-01
3.520000000000002571e-01,-6.753404293343809872e-01,-7.682887774914907153e-01,-4.707670715256420557e+00,3.917130364509792351e+00,1.701545070545552873e-01
3.530000000000002580e-01,-6.800358113684231709e-01,-7.643574630580798335e-01,-4.683066813322443345e+00,3.945471777078535691e+00,1.706377470837968924e-01
3.540000000000002589e-01,-6.847065100458408216e-01,-7.603978875254918668e-01,-4.658304166258425028e+00,3.973652425613253936e+00,1.711209858100296577e-01
3.550000000000002598e-01,-6.893523671148065191e-01,-7.564102120685398667e-01,-4.633383761216456342e+00,4.001671489531138270e+00,1.716042232296048353e-01
3.560000000000002607e-01,-6.939732253122818939e-01,-7.523945986796922725e-01,-4.608306588619046629e+00,4.029528154105949334e+00,1.720874593388740381e-01
3.570000000000002616e-01,-6.985689283672772421e-01,-7.483512101632112667e-01,-4.583073642137128090e+00,4.057221610478196183e+00,1.725706941341892675e-01
3.580000000000002625e-01,-7.031393210040887132e-01,-7.442802101292806949e-01,-4.557685918667926828e+00,4.084751055665429398e+00,1.730539276119028580e-01
3.590000000000002633e-01,-7.076842489455135166e-01,-7.401817629881242144e-01,-4.532144418312689993e+00,4.112115692572642089e+00,1.735371597683675327e-01
3.600000000000002642e-01,-7.122035589160429225e-01,-7.360560339441123423e-01,-4.506450144354267273e+00,4.139314730002768172e+00,1.740203905999363476e-01
3.610000000000002651e-01,-7.166970986450323933e-01,-7.319031889898591769e-01,-4.480604103234543167e+00,4.166347382667280996e+00,1.745036201029627476e-01
3.620000000000002660e-01,-7.211647168698492871e-01,-7.277233949003086844e-01,-4.454607304531713829e+00,4.193212871196880798e+00,1.749868482738005104e-01
3.630000000000002669e-01,-7.256062633389978034e-01,-7.235168192268101039e-01,-4.428460760937404039e+00,4.219910422152262974e+00,1.754700751088038302e-01
3.640000000000002678e-01,-7.300215888152209454e-01,-7.192836302911823632e-01,-4.402165488233623414e+00,4.246439268034969849e+00,1.759533006043272341e-01
3.650000000000002687e-01,-7.344105450785791689e-01,-7.150239971797679450e-01,-4.375722505269552975e+00,4.272798647298310826e+00,1.764365247567256378e-01
3.660000000000002696e-01,-7.387729849295060491e-01,-7.107380897374755424e-01,-4.349132833938162968e+00,4.298987804358350928e+00,1.769197475623543181e-01
3.670000000000002705e-01,-7.431087621918401886e-01,-7.064260785618117211e-01,-4.322397499152654810e+00,4.325005989604957080e+00,1.774029690175688845e-01
3.680000000000002713e-01,-7.474177317158334777e-01,-7.020881349969018137e-01,-4.295517528822728082e+00,4.350852459412900330e+00,1.778861891187253907e-01
3.690000000000002722e-01,-7.516997493811360398e-01,-6.977244311274992672e-01,-4.268493953830662768e+00,4.376526476153005163e+00,1.783694078621801959e-01
3.700000000000002731e-01,-7.559546720997564195e-01,-6.933351397729838883e-01,-4.241327808007221201e+00,4.402027308203338762e+00,1.788526252442900755e-01
3.710000000000002740e-01,-7.601823578189980113e-01,-6.889204344813490977e-01,-4.214020128107359042e+00,4.427354229960438481e+00,1.793358412614121655e-01
3.720000000000002749e-01,-7.643826655243710633e-01,-6.844804895231780817e-01,-4.186571953785751532e+00,4.452506521850564170e+00,1.798190559099039632e-01
3.730000000000002758e-01,-7.685554552424802566e-01,-6.800154798856079541e-01,-4.158984327572121664e+00,4.477483470340976268e+00,1.803022691861233540e-01
3.740000000000002767e-01,-7.727005880438869712e-01,-6.755255812662835924e-01,-4.131258294846378298e+00,4.502284367951228994e+00,1.807854810864286121e-01
3.750000000000002776e-01,-7.768179260459472379e-01,-6.710109700672992616e-01,-4.103394903813554428e+00,4.526908513264468858e+00,1.812686916071783727e-01
3.760000000000002784e-01,-7.809073324156241558e-01,-6.664718233891296917e-01,-4.075395205478546501e+00,4.551355210938743845e+00,1.817519007447316592e-01
3.770000000000002793e-01,-7.849686713722751064e-01,-6.619083190245493853e-01,-4.047260253620653891e+00,4.575623771718302812e+00,1.822351084954478839e-01
3.780000000000002802e-01,-7.890018081904132119e-01,-6.573206354525407136e-01,-4.018991104767913214e+00,4.599713512444886021e+00,1.827183148556868197e-01
3.790000000000002811e-01,-7.930066092024432578e-01,-6.527089518321910200e-01,-3.990588818171229679e+00,4.623623756069001445e+00,1.832015198218086560e-01
3.800000000000002820e-01,-7.969829418013715250e-01,-6.480734479965779560e-01,-3.962054455778301953e+00,4.647353831661175327e+00,1.836847233901739151e-01
3.810000000000002829e-01,-8.009306744434894210e-01,-6.434143044466439365e-01,-3.933389082207338738e+00,4.670903074423174317e+00,1.841679255571435359e-01
3.820000000000002838e-01,-8.048496766510307987e-01,-6.387317023450593823e-01,-3.904593764720567073e+00,4.694270825699191185e+00,1.846511263190788454e-01
3.830000000000002847e-01,-8.087398190148026300e-01,-6.340258235100747486e-01,-3.875669573197530582e+00,4.717456432986985249e+00,1.851343256723415320e-01
3.840000000000002855e-01,-8.126009731967889227e-01,-6.292968504093611193e-01,-3.846617580108179002e+00,4.740459249948977494e+00,1.856175236132937001e-01
3.850000000000002864e-01,-8.164330119327274371e-01,-6.245449661538403641e-01,-3.817438860485744101e+00,4.763278636423287082e+00,1.861007201382978427e-01
3.860000000000002873e-01,-8.202358090346595354e-01,-6.197703544915037499e-01,-3.788134491899404654e+00,4.785913958434703019e+00,1.865839152437168136e-01
3.870000000000002882e-01,-8.240092393934521642e-01,-6.149731998012200052e-01,-3.758705554426740481e+00,4.808364588205590984e+00,1.870671089259138831e-01
3.880000000000002891e-01,-8.277531789812926366e-01,-6.101536870865319484e-01,-3.729153130625973311e+00,4.830629904166721111e+00,1.875503011812526821e-01
3.890000000000002900e-01,-8.314675048541551039e-01,-6.053120019694432363e-01,-3.699478305507994502e+00,4.852709290968014955e+00,1.880334920060972581e-01
3.900000000000002909e-01,-8.351520951542390492e-01,-6.004483306841933432e-01,-3.669682166508182242e+00,4.874602139489200958e+00,1.885166813968120747e-01
3.910000000000002918e-01,-8.388068291123800257e-01,-5.955628600710227705e-01,-3.639765803458005600e+00,4.896307846850379342e+00,1.889998693497619286e-01
3.920000000000002927e-01,-8.424315870504309745e-01,-5.906557775699273760e-01,-3.609730308556418077e+00,4.917825816422479512e+00,1.894830558613120608e-01
3.930000000000002935e-01,-8.460262503836156744e-01,-5.857272712144024895e-01,-3.579576776341038880e+00,4.939155457837610008e+00,1.899662409278281006e-01
3.940000000000002944e-01,-8.495907016228526620e-01,-5.807775296251762587e-01,-3.549306303659124584e+00,4.960296186999298307e+00,1.904494245456760659e-01
3.950000000000002953e-01,-8.531248243770503947e-01,-5.758067420039334472e-01,-3.518919989638332968e+00,4.981247426092603625e+00,1.909326067112223912e-01
3.960000000000002962e-01,-8.566285033553729944e-01,-5.708150981270289082e-01,-3.488418935657275455e+00,5.002008603594103597e+00,1.914157874208338717e-01
3.970000000000002971e-01,-8.601016243694763475e-01,-5.658027883391910651e-01,-3.457804245315866165e+00,5.022579154281749503e+00,1.918989666708777186e-01
3.980000000000002980e-01,-8.635440743357143401e-01,-5.607700035472155120e-01,-3.427077024405461358e+00,5.042958519244576721e+00,1.923821444577215600e-01
3.990000000000002989e-01,-8.669557412773154503e-01,-5.557169352136492879e-01,-3.396238380878798591e+00,5.063146145892273964e+00,1.928653207777334122e-01
4.000000000000002998e-01,-8.703365143265290316e-01,-5.506437753504656030e-01,-3.365289424819729369e+00,5.083141487964593530e+00,1.933484956272817079e-01
4.010000000000003006e-01,-8.736862837267412862e-01,-5.455507165127289060e-01,-3.334231268412754634e+00,5.102944005540608785e+00,1.938316690027352684e-01
4.020000000000003015e-01,-8.770049408345601538e-01,-5.404379517922511811e-01,-3.303065025912358621e+00,5.122553165047800228e+00,1.943148409004633315e-01
4.030000000000003024e-01,-8.802923781218704447e-01,-5.353056748112390295e-01,-3.271791813612146438e+00,5.141968439270977242e+00,1.947980113168355509e-01
4.040000000000003033e-01,-8.835484891778572214e-01,-5.301540797159317586e-01,-3.240412749813788906e+00,5.161189307361017775e+00,1.952811802482219417e-01
4.050000000000003042e-01,-8.867731687109980943e-01,-5.249833611702314773e-01,-3.208928954795772004e+00,5.180215254843425932e+00,1.957643476909929903e-01
4.060000000000003051e-01,-8.899663125510245409e-01,-5.197937143493237544e-01,-3.177341550781959345e+00,5.199045773626702172e+00,1.962475136415195442e-01
4.070000000000003060e-01,-8.931278176508513633e-01,-5.145853349332908389e-01,-3.145651661909965924e+00,5.217680362010519879e+00,1.967306780961728674e-01
4.080000000000003069e-01,-8.962575820884747246e-01,-5.093584191007163309e-01,-3.113860414199348003e+00,5.236118524693695875e+00,1.972138410513246676e-01
4.090000000000003078e-01,-8.993555050688378794e-01,-5.041131635222823038e-01,-3.081968935519610486e+00,5.254359772781961979e+00,1.976970025033470135e-01
4.100000000000003086e-01,-9.024214869256652616e-01,-4.988497653543583210e-01,-3.049978355558038423e+00,5.272403623795521632e+00,1.981801624486124458e-01
4.110000000000003095e-01,-9.054554291232640439e-01,-4.935684222325835702e-01,-3.017889805787349999e+00,5.290249601676388025e+00,1.986633208834938658e-01
4.120000000000003104e-01,-9.084572342582930560e-01,-4.882693322654413359e-01,-2.985704419433178991e+00,5.307897236795501961e+00,1.991464778043646189e-01
4.130000000000003113e-01,-9.114268060614998390e-01,-4.829526940278265346e-01,-2.953423331441389799e+00,5.325346065959622344e+00,1.996296332075984670e-01
4.140000000000003122e-01,-9.143640493994241725e-01,-4.776187065546067534e-01,-2.921047678445225060e+00,5.342595632417980411e+00,2.001127870895695604e-01
4.150000000000003131e-01,-9.172688702760689594e-01,-4.722675693341762959e-01,-2.888578598732292946e+00,5.359645485868699488e+00,2.005959394466525214e-01
4.160000000000003140e-01,-9.201411758345381386e-01,-4.668994823020043983e-01,-2.856017232211397250e+00,5.376495182464969602e+00,2.010790902752223330e-01
4.170000000000003149e-01,-9.229808743586410680e-01,-4.615146458341770619e-01,-2.823364720379213377e+00,5.393144284820973411e+00,2.015622395716544502e-01
4.180000000000003157e-01,-9.257878752744640449e-01,-4.561132607409332795e-01,-2.790622206286813789e+00,5.409592362017559886e+00,2.020453873323246885e-01
4.190000000000003166e-01,-9.285620891519072995e-01,-4.506955282601955437e-01,-2.757790834506049116e+00,5.425838989607659535e+00,2.025285335536093356e-01
4.200000000000003175e-01,-9.313034277061894572e-01,-4.452616500510951925e-01,-2.724871751095787165e+00,5.441883749621435840e+00,2.030116782318850954e-01
4.210000000000003184e-01,-9.340118037993173639e-01,-4.398118281874928148e-01,-2.691866103568014701e+00,5.457726230571172898e+00,2.034948213635290881e-01
4.220000000000003193e-01,-9.366871314415221583e-01,-4.343462651514936601e-01,-2.658775040853806892e+00,5.473366027455887739e+00,2.039779629449188503e-01
4.230000000000003202e-01,-9.393293257926613737e-01,-4.288651638269588284e-01,-2.625599713269169744e+00,5.488802741765669069e+00,2.044611029724323348e-01
4.240000000000003211e-01,-9.419383031635868431e-01,-4.233687274930120759e-01,-2.592341272480756853e+00,5.504035981485733586e+00,2.049442414424479664e-01
4.250000000000003220e-01,-9.445139810174780770e-01,-4.178571598175427892e-01,-2.559000871471469818e+00,5.519065361100198075e+00,2.054273783513445584e-01
4.260000000000003229e-01,-9.470562779711410029e-01,-4.123306648507052419e-01,-2.525579664505944066e+00,5.533890501595565503e+00,2.059105136955013682e-01
4.270000000000003237e-01,-9.495651137962728416e-01,-4.067894470184147959e-01,-2.492078807095924997e+00,5.548511030463914473e+00,2.063936474712980695e-01
4.280000000000003246e-01,-9.520404094206915691e-01,-4.012337111158407188e-01,-2.458499455965541536e+00,5.562926581705797346e+00,2.068767796751147803e-01
4.290000000000003255e-01,-9.544820869295310706e-01,-3.956636623008962794e-01,-2.424842769016481103e+00,5.577136795832832838e+00,2.073599103033320346e-01
4.300000000000003264e-01,-9.568900695664009914e-01,-3.900795060877267351e-01,-2.391109905293070881e+00,5.591141319869998405e+00,2.078430393523308106e-01
4.310000000000003273e-01,-9.592642817345121697e-01,-3.844814483401948202e-01,-2.357302024947269814e+00,5.604939807357616210e+00,2.083261668184925308e-01
4.320000000000003282e-01,-9.616046489977665424e-01,-3.788696952653645700e-01,-2.323420289203580236e+00,5.618531918353025567e+00,2.088092926981990616e-01
4.330000000000003291e-01,-9.639110980818120789e-01,-3.732444534069835340e-01,-2.289465860323880442e+00,5.631917319431943625e+00,2.092924169878326579e-01
4.340000000000003300e-01,-9.661835568750628545e-01,-3.676059296389639908e-01,-2.255439901572186212e+00,5.645095683689509869e+00,2.097755396837760467e-01
4.350000000000003308e-01,-9.684219544296831517e-01,-3.619543311588629964e-01,-2.221343577179346163e+00,5.658066690741009985e+00,2.102586607824123710e-01
4.360000000000003317e-01,-9.706262209625368120e-01,-3.562898654813620447e-01,-2.187178052307676701e+00,5.670830026722276429e+00,2.107417802801252460e-01
4.370000000000003326e-01,-9.727962878561010607e-01,-3.506127404317465612e-01,-2.152944493015542804e+00,5.683385384289764808e+00,2.112248981732987030e-01
4.380000000000003335e-01,-9.749320876593445817e-01,-3.449231641393852854e-01,-2.118644066221889499e+00,5.695732462620301639e+00,2.117080144583172174e-01
4.390000000000003344e-01,-9.770335540885707326e-01,-3.392213450312100975e-01,-2.084277939670730273e+00,5.707870967410503482e+00,2.121911291315657089e-01
4.400000000000003353e-01,-9.791006220282243433e-01,-3.335074918251967890e-01,-2.049847281895599060e+00,5.719800610875862112e+00,2.126742421894295132e-01
4.410000000000003362e-01,-9.811332275316638762e-01,-3.277818135238467212e-01,-2.015353262183970262e+00,5.731521111749493080e+00,2.131573536282944659e-01
4.420000000000003371e-01,-9.831313078218972823e-01,-3.220445194076699269e-01,-1.980797050541656334e+00,5.743032195280550312e+00,2.136404634445467909e-01
4.430000000000003380e-01,-9.850948012922828845e-01,-3.162958190286701554e-01,-1.946179817657183397e+00,5.754333593232301425e+00,2.141235716345732121e-01
4.440000000000003388e-01,-9.870236475071937354e-01,-3.105359222038316380e-01,-1.911502734866155961e+00,5.765425043879861100e+00,2.146066781947608415e-01
4.450000000000003397e-01,-9.889177872026474470e-01,-3.047650390086087957e-01,-1.876766974115615660e+00,5.776306292007581611e+00,2.150897831214972911e-01
4.460000000000003406e-01,-9.907771622868993822e-01,-2.989833797704181118e-01,-1.841973707928398207e+00,5.786977088906103184e+00,2.155728864111705612e-01
4.470000000000003415e-01,-9.926017158410008756e-01,-2.931911550621337792e-01,-1.807124109367497899e+00,5.797437192369055303e+00,2.160559880601691796e-01
4.480000000000003424e-01,-9.943913921193213712e-01,-2.873885756955863457e-01,-1.772219352000444115e+00,5.807686366689414292e+00,2.165390880648820626e-01
4.490000000000003433e-01,-9.961461365500353660e-01,-2.815758527150653001e-01,-1.737260609863696681e+00,5.817724382655510951e+00,2.170221864216985985e-01
4.500000000000003442e-01,-9.978658957355734938e-01,-2.757531973908259881e-01,-1.702249057427065893e+00,5.827551017546691803e+00,2.175052831270086195e-01
4.510000000000003451e-01,-9.995506174530379706e-01,-2.699208212126008033e-01,-1.667185869558164946e+00,5.837166055128631292e+00,2.179883781772024298e-01
4.520000000000003459e-01,-1.001200250654582735e+00,-2.640789358831154288e-01,-1.632072221486899677e+00,5.846569285648292258e+00,2.184714715686707776e-01
4.530000000000003468e-01,-1.002814745467758062e+00,-2.582277533116100754e-01,-1.596909288770003821e+00,5.855760505828539131e+00,2.189545632978048550e-01
4.540000000000003477e-01,-1.004394053195819536e+00,-2.523674856073666040e-01,-1.561698247255624228e+00,5.864739518862395862e+00,2.194376533609963265e-01
4.550000000000003486e-01,-1.005938126318002057e+00,-2.464983450732412262e-01,-1.526440273047964036e+00,5.873506134406957457e+00,2.199207417546373278e-01
4.560000000000003495e-01,-1.007446918489757870e+00,-2.406205441992037564e-01,-1.491136542471990234e+00,5.882060168576945358e+00,2.204038284751204113e-01
4.570000000000003504e-01,-1.008920384542959736e+00,-2.347342956558832738e-01,-1.455788232038211172e+00,5.890401443937917314e+00,2.208869135188386290e-01
4.580000000000003513e-01,-1.010358480486069466e+00,-2.288398122881208085e-01,-1.420396518407531783e+00,5.898529789499122877e+00,2.213699968821854491e-01
4.590000000000003522e-01,-1.011761163504270034e+00,-2.229373071085294644e-01,-1.384962578356191631e+00,5.906445040706009841e+00,2.218530785615548395e-01
4.600000000000003531e-01,-1.013128391959563723e+00,-2.170269932910619815e-01,-1.349487588740793997e+00,5.914147039432377184e+00,2.223361585533412399e-01
4.610000000000003539e-01,-1.014460125390835410e+00,-2.111090841645865690e-01,-1.313972726463431329e+00,5.921635633972183399e+00,2.228192368539395063e-01
4.620000000000003548e-01,-1.015756324513879871e+00,-2.051837932064709547e-01,-1.278419168436913722e+00,5.928910679031004882e+00,2.233023134597449944e-01
4.630000000000003557e-01,-1.017016951221395793e+00,-1.992513340361751484e-01,-1.242828091550107539e+00,5.935972035717142603e+00,2.237853883671535316e-01
4.640000000000003566e-01,-1.018241968582944690e+00,-1.933119204088533105e-01,-1.207200672633390148e+00,5.942819571532386824e+00,2.242684615725613617e-01
4.650000000000003575e-01,-1.019431340844874301e+00,-1.873657662089650844e-01,-1.171538088424227464e+00,5.949453160362433657e+00,2.247515330723652560e-01
4.660000000000003584e-01,-1.020585033430209343e+00,-1.814130854438965601e-01,-1.135841515532880930e+00,5.955872682466958778e+00,2.252346028629624020e-01
4.670000000000003593e-01,-1.021703012938506960e+00,-1.754540922375914525e-01,-1.100112130408250177e+00,5.962078024469346538e+00,2.257176709407505144e-01
4.680000000000003602e-01,-1.022785247145678422e+00,-1.694890008241926038e-01,-1.064351109303857790e+00,5.968069079346079775e+00,2.262007373021277246e-01
4.690000000000003610e-01,-1.023831705003776626e+00,-1.635180255416944228e-01,-1.028559628243983060e+00,5.973845746415788582e+00,2.266838019434926355e-01
4.700000000000003619e-01,-1.024842356640750074e+00,-1.575413808256062587e-01,-9.927388629899502881e-01,5.979407931327961556e+00,2.271668648612443775e-01
4.710000000000003628e-01,-1.025817173360162871e+00,-1.515592812026274050e-01,-9.568899890065791780e-01,5.984755546051323982e+00,2.276499260517824974e-01
4.720000000000003637e-01,-1.026756127640882310e+00,-1.455719412843337612e-01,-9.210141814288022033e-01,5.989888508861878513e+00,2.281329855115070415e-01
4.730000000000003646e-01,-1.027659193136731375e+00,-1.395795757608766785e-01,-8.851126150284566174e-01,5.994806744330618997e+00,2.286160432368185280e-01
4.740000000000003655e-01,-1.028526344676109705e+00,-1.335823993946943233e-01,-8.491864641812565395e-01,5.999510183310913014e+00,2.290990992241179469e-01
4.750000000000003664e-01,-1.029357558261581040e+00,-1.275806270142356147e-01,-8.132369028339517802e-01,6.003998762925557564e+00,2.295821534698067601e-01
4.760000000000003673e-01,-1.030152811069427798e+00,-1.215744735076975114e-01,-7.772651044716788471e-01,6.008272426553514123e+00,2.300652059702869290e-01
4.770000000000003681e-01,-1.030912081449172790e+00,-1.155641538167755805e-01,-7.412722420855116789e-01,6.012331123816321288e+00,2.305482567219608869e-01
4.780000000000003690e-01,-1.031635348923069850e+00,-1.095498829304283189e-01,-7.052594881402164395e-01,6.016174810564190345e+00,2.310313057212315113e-01
4.790000000000003699e-01,-1.032322594185560938e+00,-1.035318758786556020e-01,-6.692280145422179194e-01,6.019803448861787309e+00,2.315143529645022069e-01
4.800000000000003708e-01,-1.032973799102701928e+00,-9.751034772629145475e-02,-6.331789926077823205e-01,6.023217006973699661e+00,2.319973984481768503e-01
4.810000000000003717e-01,-1.033588946711556877e+00,-9.148551356681151880e-02,-5.971135930314234175e-01,6.026415459349601988e+00,2.324804421686597622e-01
4.820000000000003726e-01,-1.034168021219560085e+00,-8.545758851615552210e-02,-5.610329858545373138e-01,6.029398786609108996e+00,2.329634841223557906e-01
4.830000000000003735e-01,-1.034711008003847965e+00,-7.942678770656501352e-02,-5.249383404342713444e-01,6.032166975526337183e+00,2.334465243056702555e-01
4.840000000000003744e-01,-1.035217893610559159e+00,-7.339332628043673812e-02,-4.888308254126338404e-01,6.034720019014160108e+00,2.339295627150089762e-01
4.850000000000003753e-01,-1.035688665754103566e+00,-6.735741938419184671e-02,-4.527116086858493649e-01,6.037057916108175881e+00,2.344125993467782443e-01
4.860000000000003761e-01,-1.036123313316402283e+00,-6.131928216216132876e-02,-4.165818573739656916e-01,6.039180671950385992e+00,2.348956341973848228e-01
4.870000000000003770e-01,-1.036521826346095354e+00,-5.527912975048786259e-02,-3.804427377907176888e-01,6.041088297772584603e+00,2.353786672632359744e-01
4.880000000000003779e-01,-1.036884196057721086e+00,-4.923717727104448549e-02,-3.442954154136540490e-01,6.042780810879471609e+00,2.358616985407394895e-01
4.890000000000003788e-01,-1.037210414830865179e+00,-4.319363982537020169e-02,-3.081410548545314709e-01,6.044258234631485038e+00,2.363447280263035744e-01
4.900000000000003797e-01,-1.037500476209279432e+00,-3.714873248862297223e-02,-2.719808198299824009e-01,6.045520598427366110e+00,2.368277557163369906e-01
4.910000000000003806e-01,-1.037754374899972909e+00,-3.110267030355022902e-02,-2.358158731324610791e-01,6.046567937686450733e+00,2.373107816072489717e-01
4.920000000000003815e-01,-1.037972106772272918e+00,-2.505566827447724618e-02,-1.996473766014730533e-01,6.047400293830705209e+00,2.377938056954492507e-01
4.930000000000003824e-01,-1.038153668856858225e+00,-1.900794136131360446e-02,-1.634764910950933792e-01,6.048017714266496370e+00,2.382768279773480324e-01
4.940000000000003832e-01,-1.038299059344762743e+00,-1.295970447357799871e-02,-1.273043764617784734e-01,6.048420252366114802e+00,2.387598484493560214e-01
4.950000000000003841e-01,-1.038408277586352790e+00,-6.911172464441673637e-03,-9.113219151247634042e-02,6.048607967449046718e+00,2.392428671078844493e-01
4.960000000000003850e-01,-1.038481324090275049e+00,-8.625601247906778540e-04,-5.496109399304006243e-02,6.048580924763002464e+00,2.397258839493450200e-01
4.970000000000003859e-01,-1.038518200522378532e+00,5.185917822692767166e-03,-1.879224055694920376e-02,6.048339195464710549e+00,2.402088989701499366e-01
4.980000000000003868e-01,-1.038518909704607918e+00,1.123404672942958545e-02,1.737321326165613966e-02,6.047882856600475421e+00,2.406919121667119021e-01
4.990000000000003877e-01,-1.038483455613871342e+00,1.728161202682360759e-02,5.353411307462437735e-02,6.047211991086509641e+00,2.411749235354441467e-01
5.000000000000003331e-01,-1.038411843380881106e+00,2.332839923212155775e-02,8.968930566611992006e-02,6.046326687689044910e+00,2.416579330727603447e-01
5.010000000000003340e-01,-1.038304079288968396e+00,2.937419395425302712e-02,1.258376390186249916e-01,6.045227041004227253e+00,2.421409407750747256e-01
5.020000000000003348e-01,-1.038160170772872037e+00,3.541878189965025348e-02,1.619779623386113643e-01,6.043913151437800835e+00,2.426239466388019905e-01
5.030000000000003357e-01,-1.037980126417501703e+00,4.146194887804748735e-02,1.981091260818781952e-01,6.042385125184587480e+00,2.431069506603573682e-01
5.040000000000003366e-01,-1.037763955956676476e+00,4.750348080825970293e-02,2.342299819785517434e-01,6.040643074207771690e+00,2.435899528361565869e-01
5.050000000000003375e-01,-1.037511670271837438e+00,5.354316372394053725e-02,2.703393830577430768e-01,6.038687116217985817e+00,2.440729531626158744e-01
5.060000000000003384e-01,-1.037223281390737384e+00,5.958078377931920466e-02,3.064361836718603183e-01,6.036517374652215828e+00,2.445559516361519581e-01
5.070000000000003393e-01,-1.036898802486104554e+00,6.561612725491622333e-02,3.425192395205712281e-01,6.034133978652522323e+00,2.450389482531820651e-01
5.080000000000003402e-01,-1.036538247874284613e+00,7.164898056323776299e-02,3.785874076744129568e-01,6.031537063044589253e+00,2.455219430101239775e-01
5.090000000000003411e-01,-1.036141633013856866e+00,7.767913025444851682e-02,4.146395465980455275e-01,6.028726768316105655e+00,2.460049359033959493e-01
5.100000000000003419e-01,-1.035708974504230051e+00,8.370636302202279222e-02,4.506745161731456339e-01,6.025703240594983079e+00,2.464879269294167341e-01
5.110000000000003428e-01,-1.035240290084212811e+00,8.973046570837377167e-02,4.866911777209372847e-01,6.022466631627422906e+00,2.469709160846056406e-01
5.120000000000003437e-01,-1.034735598630563747e+00,9.575122531046079133e-02,5.226883940243568505e-01,6.019017098755830908e+00,2.474539033653824771e-01
5.130000000000003446e-01,-1.034194920156518371e+00,1.017684289853744428e-01,5.586650293498487407e-01,6.015354804896592356e+00,2.479368887681675238e-01
5.140000000000003455e-01,-1.033618275810295417e+00,1.077818640558994012e-01,5.946199494687894882e-01,6.011479918517710352e+00,2.484198722893816158e-01
5.150000000000003464e-01,-1.033005687873580714e+00,1.137913180160547572e-01,6.305520216785374110e-01,6.007392613616320709e+00,2.489028539254461159e-01
5.160000000000003473e-01,-1.032357179759991306e+00,1.197965785366119085e-01,6.664601148231047434e-01,6.003093069696078032e+00,2.493858336727828584e-01
5.170000000000003482e-01,-1.031672776013518256e+00,1.257974334705896924e-01,7.023430993134502920e-01,5.998581471744433458e+00,2.498688115278142330e-01
5.180000000000003491e-01,-1.030952502306949903e+00,1.317936708587267858e-01,7.381998471473903978e-01,5.993858010209801357e+00,2.503517874869631288e-01
5.190000000000003499e-01,-1.030196385440275142e+00,1.377850789349312211e-01,7.740292319291252054e-01,5.988922880978628349e+00,2.508347615466529623e-01
5.200000000000003508e-01,-1.029404453339067604e+00,1.437714461317068926e-01,8.098301288883785753e-01,5.983776285352364610e+00,2.513177337033076775e-01
5.210000000000003517e-01,-1.028576735052850522e+00,1.497525610855570399e-01,8.456014148991501944e-01,5.978418430024351693e+00,2.518007039533517455e-01
5.220000000000003526e-01,-1.027713260753443603e+00,1.557282126423644997e-01,8.813419684980768887e-01,5.972849527056633079e+00,2.522836722932101372e-01
5.230000000000003535e-01,-1.026814061733290595e+00,1.616981898627488090e-01,9.170506699024023600e-01,5.967069793856684790e+00,2.527666387193083231e-01
5.240000000000003544e-01,-1.025879170403770635e+00,1.676622820274000225e-01,9.527264010275533490e-01,5.961079453154091823e+00,2.532496032280723841e-01
5.250000000000003553e-01,-1.024908620293491390e+00,1.736202786423890476e-01,9.883680455043207802e-01,5.954878732977158862e+00,2.537325658159288455e-01
5.260000000000003562e-01,-1.023902446046564663e+00,1.795719694444547487e-01,1.023974488695644780e+00,5.948467866629472134e+00,2.542155264793047320e-01
5.270000000000003570e-01,-1.022860683420866446e+00,1.855171444062673480e-01,1.059544617713001902e+00,5.941847092666423080e+00,2.546984852146277345e-01
5.280000000000003579e-01,-1.021783369286280552e+00,1.914555937416686504e-01,1.095077321432393891e+00,5.935016654871690278e+00,2.551814420183259324e-01
5.290000000000003588e-01,-1.020670541622925809e+00,1.973871079108884263e-01,1.130571490509937327e+00,5.927976802233698272e+00,2.556643968868280159e-01
5.300000000000003597e-01,-1.019522239519368378e+00,2.033114776257374245e-01,1.166026017397052694e+00,5.920727788922053314e+00,2.561473498165631746e-01
5.310000000000003606e-01,-1.018338503170819642e+00,2.092284938547767925e-01,1.201439796355251666e+00,5.913269874263965775e+00,2.566303008039611533e-01
5.320000000000003615e-01,-1.017119373877318100e+00,2.151379478284638769e-01,1.236811723470524704e+00,5.905603322720671677e+00,2.571132498454521964e-01
5.330000000000003624e-01,-1.015864894041898170e+00,2.210396310442744039e-01,1.272140696667325210e+00,5.897728403863847113e+00,2.575961969374671034e-01
5.340000000000003633e-01,-1.014575107168744994e+00,2.269333352718011787e-01,1.307425615722151990e+00,5.889645392352043096e+00,2.580791420764371735e-01
5.350000000000003642e-01,-1.013250057861335707e+00,2.328188525578292201e-01,1.342665382276729602e+00,5.881354567907130182e+00,2.585620852587943164e-01
5.360000000000003650e-01,-1.011889791820567819e+00,2.386959752313872474e-01,1.377858899850786578e+00,5.872856215290768844e+00,2.590450264809708858e-01
5.370000000000003659e-01,-1.010494355842874503e+00,2.445644959087757420e-01,1.413005073854431304e+00,5.864150624280917157e+00,2.595279657393998463e-01
5.380000000000003668e-01,-1.009063797818329222e+00,2.504242074985715272e-01,1.448102811600125772e+00,5.855238089648373112e+00,2.600109030305146063e-01
5.390000000000003677e-01,-1.007598166728736588e+00,2.562749032066088395e-01,1.483151022314258549e+00,5.846118911133367568e+00,2.604938383507492405e-01
5.400000000000003686e-01,-1.006097512645713454e+00,2.621163765409372237e-01,1.518148617148316282e+00,5.836793393422210485e+00,2.609767716965382678e-01
5.410000000000003695e-01,-1.004561886728757791e+00,2.679484213167557805e-01,1.553094509189655970e+00,5.827261846124005551e+00,2.614597030643168174e-01
5.420000000000003704e-01,-1.002991341223308241e+00,2.737708316613244874e-01,1.587987613471876447e+00,5.817524583747428757e+00,2.619426324505204629e-01
5.430000000000003713e-01,-1.001385929458792345e+00,2.795834020188521229e-01,1.622826846984793514e+00,5.807581925677589574e+00,2.624255598515854437e-01
5.440000000000003721e-01,-9.997457058466657775e-01,2.853859271553612076e-01,1.657611128684015833e+00,5.797434196152978281e+00,2.629084852639484438e-01
5.450000000000003730e-01,-9.980707258784420333e-01,2.911782021635297979e-01,1.692339379500126029e+00,5.787081724242505665e+00,2.633914086840467017e-01
5.460000000000003739e-01,-9.963610461237125682e-01,2.969600224675106315e-01,1.727010522347466770e+00,5.776524843822644861e+00,2.638743301083180670e-01
5.470000000000003748e-01,-9.946167242281593879e-01,3.027311838277271794e-01,1.761623482132534502e+00,5.765763893554681552e+00,2.643572495332008887e-01
5.480000000000003757e-01,-9.928378189115584229e-01,3.084914823456471056e-01,1.796177185761980155e+00,5.754799216862084954e+00,2.648401669551340709e-01
5.490000000000003766e-01,-9.910243899657755762e-01,3.142407144685333553e-01,1.830670562150221725e+00,5.743631161907997829e+00,2.653230823705570729e-01
5.500000000000003775e-01,-9.891764982527556649e-01,3.199786769941724840e-01,1.865102542226668936e+00,5.732260081572861488e+00,2.658059957759098535e-01
5.510000000000003784e-01,-9.872942057025035911e-01,3.257051670755808370e-01,1.899472058942561103e+00,5.720686333432179360e+00,2.662889071676330377e-01
5.520000000000003793e-01,-9.853775753110595170e-01,3.314199822256886363e-01,1.933778047277422640e+00,5.708910279734431548e+00,2.667718165421676391e-01
5.530000000000003801e-01,-9.834266711384671567e-01,3.371229203220019177e-01,1.968019444245137750e+00,5.696932287379138593e+00,2.672547238959553928e-01
5.540000000000003810e-01,-9.814415583067370719e-01,3.428137796112426527e-01,2.002195188899645206e+00,5.684752727895090452e+00,2.677376292254384782e-01
5.550000000000003819e-01,-9.794223029978033068e-01,3.484923587139672208e-01,2.036304222340257652e+00,5.672371977418747768e+00,2.682205325270596297e-01
5.560000000000003828e-01,-9.773689724514761368e-01,3.541584566291633429e-01,2.070345487716608535e+00,5.659790416672816349e+00,2.687034337972621922e-01
5.570000000000003837e-01,-9.752816349633889326e-01,3.598118727388258109e-01,2.104317930233227329e+00,5.647008430945009927e+00,2.691863330324900661e-01
5.580000000000003846e-01,-9.731603598829413615e-01,3.654524068125107883e-01,2.138220497153747957e+00,5.634026410067001223e+00,2.696692302291876508e-01
5.590000000000003855e-01,-9.710052176112382583e-01,3.710798590118694062e-01,2.172052137804751926e+00,5.620844748393579060e+00,2.701521253837999570e-01
5.600000000000003864e-01,-9.688162795990250542e-01,3.766940298951605426e-01,2.205811803579252661e+00,5.607463844782007101e+00,2.706350184927725500e-01
5.610000000000003872e-01,-9.665936183446194319e-01,3.822947204217430062e-01,2.239498447939820114e+00,5.593884102571600181e+00,2.711179095525514948e-01
5.620000000000003881e-01,-9.643373073918407590e-01,3.878817319565475707e-01,2.273111026421352321e+00,5.580105929563519140e+00,2.716007985595834673e-01
5.630000000000003890e-01,-9.620474213279361919e-01,3.934548662745288028e-01,2.306648496633496137e+00,5.566129738000798355e+00,2.720836855103156982e-01
5.640000000000003899e-01,-9.597240357815050027e-01,3.990139255650969052e-01,2.340109818262722019e+00,5.551955944548608635e+00,2.725665704011960289e-01
5.650000000000003908e-01,-9.573672274204210186e-01,4.045587124365302434e-01,2.373493953074055085e+00,5.537584970274762597e+00,2.730494532286727449e-01
5.660000000000003917e-01,-9.549770739497528416e-01,4.100890299203682754e-01,2.406799864912467779e+00,5.523017240630468727e+00,2.735323339891948535e-01
5.670000000000003926e-01,-9.525536541096839560e-01,4.156046814757854424e-01,2.440026519703939911e+00,5.508253185431347454e+00,2.740152126792118059e-01
5.680000000000003935e-01,-9.500970476734309500e-01,4.211054709939462404e-01,2.473172885456185632e+00,5.493293238838709236e+00,2.744980892951736084e-01
5.690000000000003944e-01,-9.476073354451616249e-01,4.265912028023415292e-01,2.506237932259056667e+00,5.478137839341104431e+00,2.749809638335309336e-01
5.700000000000003952e-01,-9.450845992579127719e-01,4.320616816691068562e-01,2.539220632284624024e+00,5.462787429736150280e+00,2.754638362907350091e-01
5.710000000000003961e-01,-9.425289219715081712e-01,4.375167128073224054e-01,2.572119959786943078e+00,5.447242457112646541e+00,2.759467066632375620e-01
5.720000000000003970e-01,-9.399403874704768125e-01,4.429561018792954052e-01,2.604934891101506889e+00,5.431503372832981569e+00,2.764295749474908748e-01
5.730000000000003979e-01,-9.373190806619716708e-01,4.483796550008251058e-01,2.637664404644393557e+00,5.415570632515834149e+00,2.769124411399479513e-01
5.740000000000003988e-01,-9.346650874736900372e-01,4.537871787454503814e-01,2.670307480911110254e+00,5.399444696019187973e+00,2.773953052370621841e-01
5.750000000000003997e-01,-9.319784948517942924e-01,4.591784801486808454e-01,2.702863102475143275e+00,5.383126027423650761e+00,2.778781672352876320e-01
5.760000000000004006e-01,-9.292593907588352353e-01,4.645533667122112020e-01,2.735330253986214544e+00,5.366615095016096681e+00,2.783610271310789641e-01
5.770000000000004015e-01,-9.265078641716766317e-01,4.699116464081194988e-01,2.767707922168254342e+00,5.349912371273633838e+00,2.788438849208913495e-01
5.780000000000004023e-01,-9.237240050794220947e-01,4.752531276830493923e-01,2.799995095817092494e+00,5.333018332847900389e+00,2.793267406011805676e-01
5.790000000000004032e-01,-9.209079044813446302e-01,4.805776194623770370e-01,2.832190765797875542e+00,5.315933460549701728e+00,2.798095941684030086e-01
5.800000000000004041e-01,-9.180596543848186242e-01,4.858849311543627092e-01,2.864293925042214806e+00,5.298658239333988718e+00,2.802924456190155622e-01
5.810000000000004050e-01,-9.151793478032547169e-01,4.911748726542876087e-01,2.896303568545072871e+00,5.281193158285190314e+00,2.807752949494757289e-01
5.820000000000004059e-01,-9.122670787540385628e-01,4.964472543485761169e-01,2.928218693361390734e+00,5.263538710602898796e+00,2.812581421562416195e-01
5.830000000000004068e-01,-9.093229422564721443e-01,5.017018871189039553e-01,2.960038298602467144e+00,5.245695393587920030e+00,2.817409872357719003e-01
5.840000000000004077e-01,-9.063470343297197473e-01,5.069385823462925211e-01,2.991761385432091913e+00,5.227663708628691452e+00,2.822238301845258479e-01
5.850000000000004086e-01,-9.033394519907572695e-01,5.121571519151900675e-01,3.023386957062440317e+00,5.209444161188073075e+00,2.827066709989632387e-01
5.860000000000004095e-01,-9.003002932523259672e-01,5.173574082175393940e-01,3.054914018749737892e+00,5.191037260790522190e+00,2.831895096755445707e-01
5.870000000000004103e-01,-8.972296571208908667e-01,5.225391641568335466e-01,3.086341577789698754e+00,5.172443521009649103e+00,2.836723462107307858e-01
5.880000000000004112e-01,-8.941276435946033940e-01,5.277022331521585841e-01,3.117668643512745419e+00,5.153663459456169882e+00,2.841551806009834924e-01
5.890000000000004121e-01,-8.909943536612693338e-01,5.328464291422250199e-01,3.148894227279018576e+00,5.134697597766250787e+00,2.846380128427649092e-01
5.900000000000004130e-01,-8.878298892963216726e-01,5.379715665893874954e-01,3.180017342473179909e+00,5.115546461590258609e+00,2.851208429325377547e-01
5.910000000000004139e-01,-8.846343534607985504e-01,5.430774604836536845e-01,3.211037004499018632e+00,5.096210580581917782e+00,2.856036708667654134e-01
5.920000000000004148e-01,-8.814078500993272058e-01,5.481639263466822065e-01,3.241952230773868404e+00,5.076690488387880507e+00,2.860864966419117694e-01
5.930000000000004157e-01,-8.781504841381132520e-01,5.532307802357707693e-01,3.272762040722838162e+00,5.056986722637716980e+00,2.865693202544414286e-01
5.940000000000004166e-01,-8.748623614829355022e-01,5.582778387478338766e-01,3.303465455772869319e+00,5.037099824934324843e+00,2.870521417008194409e-01
5.950000000000004174e-01,-8.715435890171476796e-01,5.633049190233717640e-01,3.334061499346624213e+00,5.017030340844772951e+00,2.875349609775115778e-01
5.960000000000004183e-01,-8.681942745996855670e-01,5.683118387504304536e-01,3.364549196856211566e+00,4.996778819891571466e+00,2.880177780809841659e-01
5.970000000000004192e-01,-8.648145270630807069e-01,5.732984161685523716e-01,3.394927575696761402e+00,4.976345815544386042e+00,2.885005930077040870e-01
5.980000000000004201e-01,-8.614044562114808734e-01,5.782644700727201936e-01,3.425195665239851639e+00,4.955731885212193433e+00,2.889834057541388335e-01
5.990000000000004210e-01,-8.579641728186765404e-01,5.832098198172919190e-01,3.455352496826798347e+00,4.934937590235881189e+00,2.894662163167565083e-01
6.000000000000004219e-01,-8.544937886261352311e-01,5.881342853199295062e-01,3.485397103761815885e+00,4.913963495881301213e+00,2.899490246920257697e-01
6.010000000000004228e-01,-8.509934163410413088e-01,5.930376870655206245e-01,3.515328521305055354e+00,4.892810171332782510e+00,2.904318308764159418e-01
6.020000000000004237e-01,-8.474631696343443155e-01,5.979198461100939666e-01,3.545145786665528043e+00,4.871478189687099558e+00,2.909146348663969595e-01
6.030000000000004245e-01,-8.439031631388130839e-01,6.027805840847287877e-01,3.574847938993924945e+00,4.849968127947907881e+00,2.913974366584392572e-01
6.040000000000004254e-01,-8.403135124470980655e-01,6.076197231994593384e-01,3.604434019375338139e+00,4.828280567020648562e+00,2.918802362490139357e-01
6.050000000000004263e-01,-8.366943341098004305e-01,6.124370862471743004e-01,3.633903070821893344e+00,4.806416091707925276e+00,2.923630336345927061e-01
6.060000000000004272e-01,-8.330457456335488287e-01,6.172324966075117825e-01,3.663254138265302995e+00,4.784375290705356498e+00,2.928458288116478347e-01
6.070000000000004281e-01,-8.293678654790835880e-01,6.220057782507504296e-01,3.692486268549345585e+00,4.762158756597909104e+00,2.933286217766522541e-01
6.080000000000004290e-01,-8.256608130593482420e-01,6.267567557416972024e-01,3.721598510422285067e+00,4.739767085856716022e+00,2.938114125260794518e-01
6.090000000000004299e-01,-8.219247087375891603e-01,6.314852542435721583e-01,3.750589914529232072e+00,4.717200878836380618e+00,2.942942010564035815e-01
6.100000000000004308e-01,-8.181596738254622858e-01,6.361910995218906795e-01,3.779459533404463389e+00,4.694460739772774005e+00,2.947769873640992966e-01
6.110000000000004317e-01,-8.143658305811479758e-01,6.408741179483440353e-01,3.808206421463702362e+00,4.671547276781321756e+00,2.952597714456419720e-01
6.120000000000004325e-01,-8.105433022074732818e-01,6.455341365046780577e-01,3.836829634996372640e+00,4.648461101855791533e+00,2.957425532975074822e-01
6.130000000000004334e-01,-8.066922128500423339e-01,6.501709827865712610e-01,3.865328232157834165e+00,4.625202830867582549e+00,2.962253329161724236e-01
6.140000000000004343e-01,-8.028126875953740527e-01,6.547844850075121848e-01,3.893701272961607618e+00,4.601773083565511513e+00,2.967081102981139473e-01
6.150000000000004352e-01,-7.989048524690480768e-01,6.593744720026771811e-01,3.921947819271601965e+00,4.578172483576110174e+00,2.971908854398097599e-01
6.160000000000004361e-01,-7.949688344338580182e-01,6.639407732328080902e-01,3.950066934794349560e+00,4.554401658404430897e+00,2.976736583377382894e-01
6.170000000000004370e-01,-7.910047613879731543e-01,6.684832187880918042e-01,3.978057685071260341e+00,4.530461239435361165e+00,2.981564289883785190e-01
6.180000000000004379e-01,-7.870127621631068937e-01,6.730016393920406070e-01,4.005919137470904445e+00,4.506351861935452341e+00,2.986391973882100426e-01
6.190000000000004388e-01,-7.829929665226937896e-01,6.774958664053750690e-01,4.033650361181330801e+00,4.482074165055263570e+00,2.991219635337131200e-01
6.200000000000004396e-01,-7.789455051600738811e-01,6.819657318299097160e-01,4.061250427202439006e+00,4.457628791832226156e+00,2.996047274213685663e-01
6.210000000000004405e-01,-7.748705096966843620e-01,6.864110683124411416e-01,4.088718408338400501e+00,4.433016389194023965e+00,3.000874890476578072e-01
6.220000000000004414e-01,-7.707681126802592431e-01,6.908317091486403383e-01,4.116053379190152128e+00,4.408237607962499638e+00,3.005702484090629345e-01
6.230000000000004423e-01,-7.666384475830365641e-01,6.952274882869492467e-01,4.143254416147965635e+00,4.383293102858081269e+00,3.010530055020666507e-01
6.240000000000004432e-01,-7.624816487999722669e-01,6.995982403324814136e-01,4.170320597384104211e+00,4.358183532504735780e+00,3.015357603231522132e-01
6.250000000000004441e-01,-7.582978516469620622e-01,7.039438005509283114e-01,4.197251002845573176e+00,4.332909559435446312e+00,3.020185128688036014e-01
6.260000000000004450e-01,-7.540871923590704018e-01,7.082640048724716531e-01,4.224044714246980803e+00,4.307471850098221644e+00,3.025012631355053494e-01
6.270000000000004459e-01,-7.498498080887661121e-01,7.125586898957010362e-01,4.250700815063515492e+00,4.281871074862633186e+00,3.029840111197426578e-01
6.280000000000004468e-01,-7.455858369041654665e-01,7.168276928915395807e-01,4.277218390524049951e+00,4.256107908026879549e+00,3.034667568180012820e-01
6.290000000000004476e-01,-7.412954177872819184e-01,7.210708518071760054e-01,4.303596527604381272e+00,4.230183027825385800e+00,3.039495002267676438e-01
6.300000000000004485e-01,-7.369786906322823850e-01,7.252880052700049207e-01,4.329834315020621105e+00,4.204097116436932957e+00,3.044322413425288310e-01
6.310000000000004494e-01,-7.326357962437501925e-01,7.294789925915754480e-01,4.355930843222744819e+00,4.177850859993319510e+00,3.049149801617724864e-01
6.320000000000004503e-01,-7.282668763349543495e-01,7.336436537715488315e-01,4.381885204388306754e+00,4.151444948588557615e+00,3.053977166809869193e-01
6.330000000000004512e-01,-7.238720735261251482e-01,7.377818295016654870e-01,4.407696492416334877e+00,4.124880076288600428e+00,3.058804508966611047e-01
6.340000000000004521e-01,-7.194515313427354286e-01,7.418933611697220432e-01,4.433363802921419072e+00,4.098156941141604115e+00,3.063631828052845174e-01
6.350000000000004530e-01,-7.150053942137882812e-01,7.459780908635588181e-01,4.458886233227993934e+00,4.071276245188724552e+00,3.068459124033474095e-01
6.360000000000004539e-01,-7.105338074701096351e-01,7.500358613750585102e-01,4.484262882364839164e+00,4.044238694475445151e+00,3.073286396873405879e-01
6.370000000000004547e-01,-7.060369173426467304e-01,7.540665162041563230e-01,4.509492851059795804e+00,4.017044999063439370e+00,3.078113646537554704e-01
6.380000000000004556e-01,-7.015148709607713640e-01,7.580698995628624148e-01,4.534575241734718709e+00,3.989695873042965246e+00,3.082940872990841963e-01
6.390000000000004565e-01,-6.969678163505886870e-01,7.620458563792968931e-01,4.559509158500674175e+00,3.962192034545791941e+00,3.087768076198194600e-01
6.400000000000004574e-01,-6.923959024332499990e-01,7.659942323017379096e-01,4.584293707153385355e+00,3.934534205758658310e+00,3.092595256124546221e-01
6.410000000000004583e-01,-6.877992790232703157e-01,7.699148737026836331e-01,4.608927995168950353e+00,3.906723112937262599e+00,3.097422412734836539e-01
6.420000000000004592e-01,-6.831780968268500454e-01,7.738076276829285449e-01,4.633411131699832097e+00,3.878759486420779279e+00,3.102249545994011926e-01
6.430000000000004601e-01,-6.785325074402006607e-01,7.776723420756541660e-01,4.657742227571136873e+00,3.850644060646907008e+00,3.107076655867024861e-01
6.440000000000004610e-01,-6.738626633478734806e-01,7.815088654505355503e-01,4.681920395277191282e+00,3.822377574167440617e+00,3.111903742318834487e-01
6.450000000000004619e-01,-6.691687179210923375e-01,7.853170471178633205e-01,4.705944748978429182e+00,3.793960769664371568e+00,3.116730805314406605e-01
6.460000000000004627e-01,-6.644508254160885752e-01,7.890967371326818025e-01,4.729814404498597469e+00,3.765394393966507991e+00,3.121557844818712568e-01
6.470000000000004636e-01,-6.597091409724393785e-01,7.928477862989450342e-01,4.753528479322297606e+00,3.736679198066621410e+00,3.126384860796730947e-01
6.480000000000004645e-01,-6.549438206114076566e-01,7.965700461736888727e-01,4.777086092592864652e+00,3.707815937139108176e+00,3.131211853213445861e-01
6.490000000000004654e-01,-6.501550212342843693e-01,8.002633690712220860e-01,4.800486365110606002e+00,3.678805370558172694e+00,3.136038822033849205e-01
6.500000000000004663e-01,-6.453429006207322960e-01,8.039276080673353198e-01,4.823728419331401618e+00,3.649648261916522252e+00,3.140865767222937865e-01
6.510000000000004672e-01,-6.405076174271310263e-01,8.075626170035290485e-01,4.846811379365685291e+00,3.620345379044576539e+00,3.145692688745715948e-01
6.520000000000004681e-01,-6.356493311849227279e-01,8.111682504912612890e-01,4.869734370977809590e+00,3.590897494030186987e+00,3.150519586567194219e-01
6.530000000000004690e-01,-6.307682022989583581e-01,8.147443639162149642e-01,4.892496521585814051e+00,3.561305383238861477e+00,3.155346460652389551e-01
6.540000000000004698e-01,-6.258643920458439869e-01,8.182908134425861402e-01,4.915096960261602810e+00,3.531569827334493983e+00,3.160173310966324922e-01
6.550000000000004707e-01,-6.209380625722864533e-01,8.218074560173925791e-01,4.937534817731547676e+00,3.501691611300595142e+00,3.165000137474030528e-01
6.560000000000004716e-01,-6.159893768934386893e-01,8.252941493748044977e-01,4.959809226377519309e+00,3.471671524462019320e+00,3.169826940140542670e-01
6.570000000000004725e-01,-6.110184988912434889e-01,8.287507520404968631e-01,4.981919320238370474e+00,3.441510360507184174e+00,3.174653718930904311e-01
6.580000000000004734e-01,-6.060255933127752792e-01,8.321771233360242270e-01,5.003864235011873163e+00,3.411208917510782257e+00,3.179480473810165075e-01
6.590000000000004743e-01,-6.010108257685805588e-01,8.355731233832187632e-01,5.025643108057121999e+00,3.380767997956976245e+00,3.184307204743380693e-01
6.600000000000004752e-01,-5.959743627310146730e-01,8.389386131086112863e-01,5.047255078397423489e+00,3.350188408763075998e+00,3.189133911695613555e-01
6.610000000000004761e-01,-5.909163715325762567e-01,8.422734542478764741e-01,5.068699286723671094e+00,3.319470961303694789e+00,3.193960594631932715e-01
6.620000000000004770e-01,-5.858370203642375706e-01,8.455775093503026252e-01,5.089974875398228349e+00,3.288616471435374056e+00,3.198787253517413887e-01
6.630000000000004778e-01,-5.807364782737711728e-01,8.488506417832859530e-01,5.111080988459323571e+00,3.257625759521680653e+00,3.203613888317138891e-01
6.640000000000004787e-01,-5.756149151640711503e-01,8.520927157368504146e-01,5.132016771625971252e+00,3.226499650458762858e+00,3.208440498996196766e-01
6.650000000000004796e-01,-5.704725017914702434e-01,8.553035962281930749e-01,5.152781372303432583e+00,3.195238973701366447e+00,3.213267085519682653e-01
6.660000000000004805e-01,-5.653094097640500859e-01,8.584831491062562270e-01,5.173373939589224868e+00,3.163844563289303746e+00,3.218093647852698358e-01
6.670000000000004814e-01,-5.601258115399460058e-01,8.616312410563256030e-01,5.193793624279692267e+00,3.132317257874365879e+00,3.222920185960352901e-01
6.680000000000004823e-01,-5.549218804256447202e-01,8.647477396046561182e-01,5.214039578877148529e+00,3.100657900747681328e+00,3.227746699807760855e-01
6.690000000000004832e-01,-5.496977905742742587e-01,8.678325131231251488e-01,5.234110957597605029e+00,3.068867339867504818e+00,3.232573189360044008e-01
6.700000000000004841e-01,-5.444537169838865598e-01,8.708854308339134542e-01,5.254006916379094783e+00,3.036946427887438738e+00,3.237399654582330810e-01
6.710000000000004849e-01,-5.391898354957307404e-01,8.739063628142150764e-01,5.273726612890601295e+00,3.004896022185075122e+00,3.242226095439755817e-01
6.720000000000004858e-01,-5.339063227925174848e-01,8.768951800009757713e-01,5.293269206541610927e+00,2.972716984891054626e+00,3.247052511897461358e-01
6.730000000000004867e-01,-5.286033563966735516e-01,8.798517541956606403e-01,5.312633858492292305e+00,2.940410182918535398e+00,3.251878903920595310e-01
6.740000000000004876e-01,-5.232811146685856230e-01,8.827759580690516250e-01,5.331819731664316109e+00,2.907976487993062964e+00,3.256705271474312213e-01
6.750000000000004885e-01,-5.179397768048333850e-01,8.856676651660750910e-01,5.350825990752335670e+00,2.875416776682836240e+00,3.261531614523774381e-01
6.760000000000004894e-01,-5.125795228364101730e-01,8.885267499106597189e-01,5.369651802236124816e+00,2.842731930429362119e+00,3.266357933034149674e-01
6.770000000000004903e-01,-5.072005336269317377e-01,8.913530876106251499e-01,5.388296334393395171e+00,2.809922835578488876e+00,3.271184226970613174e-01
6.780000000000004912e-01,-5.018029908708315778e-01,8.941465544626020501e-01,5.406758757313304464e+00,2.776990383411812147e+00,3.276010496298346619e-01
6.790000000000004921e-01,-4.963870770915423947e-01,8.969070275569840378e-01,5.425038242910657615e+00,2.743935470178446856e+00,3.280836740982538968e-01
6.800000000000004929e-01,-4.909529756396630584e-01,8.996343848829106982e-01,5.443133964940824576e+00,2.710758997127153958e+00,3.285662960988384729e-01
6.810000000000004938e-01,-4.855008706911103089e-01,9.023285053332839034e-01,5.461045099015376714e+00,2.677461870538814015e+00,3.290489156281085625e-01
6.820000000000004947e-01,-4.800309472452544690e-01,9.049892687098159971e-01,5.478770822618457714e+00,2.644045001759242286e+00,3.295315326825850599e-01
6.830000000000004956e-01,-4.745433911230382829e-01,9.076165557281115071e-01,5.496310315123900558e+00,2.610509307232331544e+00,3.300141472587895253e-01
6.840000000000004965e-01,-4.690383889650784344e-01,9.102102480227818315e-01,5.513662757813095006e+00,2.576855708533516864e+00,3.304967593532441295e-01
6.850000000000004974e-01,-4.635161282297486918e-01,9.127702281525935657e-01,5.530827333893630460e+00,2.543085132403551274e+00,3.309793689624717650e-01
6.860000000000004983e-01,-4.579767971912441227e-01,9.152963796056509116e-01,5.547803228518707996e+00,2.509198510782584268e+00,3.314619760829959905e-01
6.870000000000004992e-01,-4.524205849376252697e-01,9.177885868046121720e-01,5.564589628807346422e+00,2.475196780844532540e+00,3.319445807113410307e-01
6.880000000000005000e-01,-4.468476813688421756e-01,9.202467351119409944e-01,5.581185723865389470e+00,2.441080885031730485e+00,3.324271828440318877e-01
6.890000000000005009e-01,-4.412582771947364813e-01,9.226707108351921427e-01,5.597590704807320350e+00,2.406851771089856040e+00,3.329097824775941183e-01
6.900000000000005018e-01,-4.356525639330217081e-01,9.250604012323322412e-01,5.613803764778900529e+00,2.372510392103113652e+00,3.333923796085540014e-01
6.910000000000005027e-01,-4.300307339072401147e-01,9.274156945170961563e-01,5.629824098980638958e+00,2.338057706529671709e+00,3.338749742334384818e-01
6.920000000000005036e-01,-4.243929802446960720e-01,9.297364798643787953e-01,5.645650904692107730e+00,2.303494678237337112e+00,3.343575663487752259e-01
6.930000000000005045e-01,-4.187394968743644030e-01,9.320226474156626528e-01,5.661283381297111283e+00,2.268822276539458116e+00,3.348401559510925662e-01
6.940000000000005054e-01,-4.130704785247731325e-01,9.342740882844814410e-01,5.676720730309715357e+00,2.234041476231044321e+00,3.353227430369195572e-01
6.950000000000005063e-01,-4.073861207218599234e-01,9.364906945619196899e-01,5.691962155401157020e+00,2.199153257625092284e+00,3.358053276027858636e-01
6.960000000000005071e-01,-4.016866197868011468e-01,9.386723593221492079e-01,5.707006862427639327e+00,2.164158606589103417e+00,3.362879096452219274e-01
6.970000000000005080e-01,-3.959721728338125302e-01,9.408189766280019573e-01,5.721854059459015929e+00,2.129058514581783079e+00,3.367704891607588014e-01
6.980000000000005089e-01,-3.902429777679207734e-01,9.429304415365793446e-01,5.736502956808388731e+00,2.093853978689908413e+00,3.372530661459282597e-01
6.990000000000005098e-01,-3.844992332827052439e-01,9.450066501048991485e-01,5.750952767062618598e+00,2.058546001665350289e+00,3.377356405972627429e-01
7.000000000000005107e-01,-3.787411388580085303e-01,9.470474993955789733e-01,5.765202705113758874e+00,2.023135591962241353e+00,3.382182125112954130e-01
7.010000000000005116e-01,-3.729688947576150770e-01,9.490528874825573391e-01,5.779251988191431266e+00,1.987623763774270191e+00,3.387007818845600982e-01
7.020000000000005125e-01,-3.671827020268970676e-01,9.510227134568516316e-01,5.793099835896142302e+00,1.952011537072094072e+00,3.391833487135913483e-01
7.030000000000005134e-01,-3.613827624904265012e-01,9.529568774323542435e-01,5.806745470233554585e+00,1.916299937640853601e+00,3.396659129949243794e-01
7.040000000000005143e-01,-3.555692787495525198e-01,9.548552805516653530e-01,5.820188115649727933e+00,1.880489997117775314e+00,3.401484747250951290e-01
7.050000000000005151e-01,-3.497424541799429298e-01,9.567178249919643385e-01,5.833426999067329533e+00,1.844582753029849531e+00,3.406310339006402010e-01
7.060000000000005160e-01,-3.439024929290891430e-01,9.585444139709180522e-01,5.846461349922827289e+00,1.808579248831568176e+00,3.411135905180969208e-01
7.070000000000005169e-01,-3.380495999137733132e-01,9.603349517526272860e-01,5.859290400204681504e+00,1.772480533942707437e+00,3.415961445740032798e-01
7.080000000000005178e-01,-3.321839808174968933e-01,9.620893436536110954e-01,5.871913384492530419e+00,1.736287663786141522e+00,3.420786960648979913e-01
7.090000000000005187e-01,-3.263058420878693355e-01,9.638074960488286491e-01,5.884329539997390945e+00,1.700001699825671064e+00,3.425612449873204901e-01
7.100000000000005196e-01,-3.204153909339562678e-01,9.654893163777392706e-01,5.896538106602877249e+00,1.663623709603851752e+00,3.430437913378108217e-01
7.110000000000005205e-01,-3.145128353235858709e-01,9.671347131503997829e-01,5.908538326907445182e+00,1.627154766779806749e+00,3.435263351129098086e-01
7.120000000000005214e-01,-3.085983839806124562e-01,9.687435959536003782e-01,5.920329446267673212e+00,1.590595951167007360e+00,3.440088763091589952e-01
7.130000000000005222e-01,-3.026722463821362452e-01,9.703158754570374578e-01,5.931910712842589639e+00,1.553948348771005961e+00,3.444914149231005918e-01
7.140000000000005231e-01,-2.967346327556783514e-01,9.718514634195246638e-01,5.943281377639046958e+00,1.517213051827104309e+00,3.449739509512774749e-01
7.150000000000005240e-01,-2.907857540763098547e-01,9.733502726952416584e-01,5.954440694558160274e+00,1.480391158837940369e+00,3.454564843902332982e-01
7.160000000000005249e-01,-2.848258220637338023e-01,9.748122172400199847e-01,5.965387920442808856e+00,1.443483774610977211e+00,3.459390152365123261e-01
7.170000000000005258e-01,-2.788550491793193031e-01,9.762372121176665640e-01,5.976122315126217721e+00,1.406492010295876893e+00,3.464215434866596555e-01
7.180000000000005267e-01,-2.728736486230863845e-01,9.776251735063247184e-01,5.986643141481614805e+00,1.369416983421740897e+00,3.469040691372209939e-01
7.190000000000005276e-01,-2.668818343306408325e-01,9.789760187048718310e-01,5.996949665472983249e+00,1.332259817934200452e+00,3.473865921847427707e-01
7.200000000000005285e-01,-2.608798209700574078e-01,9.802896661393548650e-01,6.007041156206905264e+00,1.295021644232338565e+00,3.478691126257721922e-01
7.210000000000005294e-01,-2.548678239387110467e-01,9.815660353694616314e-01,6.016916885985509111e+00,1.257703599205424405e+00,3.483516304568570754e-01
7.220000000000005302e-01,-2.488460593600542725e-01,9.828050470950298045e-01,6.026576130360526307e+00,1.220306826269443423e+00,3.488341456745460145e-01
7.230000000000005311e-01,-2.428147440803401225e-01,9.840066231625912430e-01,6.036018168188461708e+00,1.182832475403403194e+00,3.493166582753882698e-01
7.240000000000005320e-01,-2.367740956652893969e-01,9.851706865719536133e-01,6.045242281686886265e+00,1.145281703185395905e+00,3.497991682559338789e-01
7.250000000000005329e-01,-2.307243323967008708e-01,9.862971614828170974e-01,6.054247756491854204e+00,1.107655672828399496e+00,3.502816756127335451e-01
7.260000000000005338e-01,-2.246656732690036629e-01,9.873859732214269602e-01,6.063033881716454410e+00,1.069955554215796800e+00,3.507641803423386939e-01
7.270000000000005347e-01,-2.185983379857504849e-01,9.884370482872618657e-01,6.071599950010496904e+00,1.032182523936592489e+00,3.512466824413014166e-01
7.280000000000005356e-01,-2.125225469560505787e-01,9.894503143597568329e-01,6.079945257621342414e+00,9.943377653203104849e-01,3.517291819061746372e-01
7.290000000000005365e-01,-2.064385212909412570e-01,9.904257003050610519e-01,6.088069104455876790e+00,9.564224684715482150e-01,3.522116787335118904e-01
7.300000000000005373e-01,-2.003464827996969677e-01,9.913631361828301181e-01,6.095970794143638294e+00,9.184378303041695890e-01,3.526941729198674880e-01
7.310000000000005382e-01,-1.942466539860745189e-01,9.922625532530522374e-01,6.103649634101099508e+00,8.803850545751151779e-01,3.531766644617964634e-01
7.320000000000005391e-01,-1.881392580444935791e-01,9.931238839829080733e-01,6.111104935597107435e+00,8.422653519178087134e-01,3.536591533558545164e-01
7.330000000000005400e-01,-1.820245188561510630e-01,9.939470620536635659e-01,6.118336013819486219e+00,8.040799398751389271e-01,3.541416395985980681e-01
7.340000000000005409e-01,-1.759026609850684042e-01,9.947320223675960582e-01,6.125342187942803385e+00,7.658300429319948588e-01,3.546241231865843724e-01
7.350000000000005418e-01,-1.697739096740704390e-01,9.954787010549520643e-01,6.132122781197309358e+00,7.275168925473337600e-01,3.551066041163712939e-01
7.360000000000005427e-01,-1.636384908406947059e-01,9.961870354809371220e-01,6.138677120939042275e+00,6.891417271857588345e-01,3.555890823845174187e-01
7.370000000000005436e-01,-1.574966310730301911e-01,9.968569642527373986e-01,6.145004538721109633e+00,6.507057923485856099e-01,3.560715579875821102e-01
7.380000000000005445e-01,-1.513485576254840759e-01,9.974884272265714946e-01,6.151104370366144103e+00,6.122103406043737372e-01,3.565540309221254534e-01
7.390000000000005453e-01,-1.451944984144755424e-01,9.980813655147724450e-01,6.156975956039935305e+00,5.736566316189023462e-01,3.570365011847082548e-01
7.400000000000005462e-01,-1.390346820140552497e-01,9.986357214929001413e-01,6.162618640326241071e+00,5.350459321845659755e-01,3.575189687718919873e-01
7.410000000000005471e-01,-1.328693376514495372e-01,9.991514388068821750e-01,6.168031772302774662e+00,4.963795162491681512e-01,3.580014336802389563e-01
7.420000000000005480e-01,-1.266986952025279112e-01,9.996284623801833247e-01,6.173214705618374154e+00,4.576586649440892440e-01,3.584838959063121333e-01
7.430000000000005489e-01,-1.205229851871929270e-01,1.000066738421003132e+00,6.178166798571351315e+00,4.188846666118053452e-01,3.589663554466752116e-01
7.440000000000005498e-01,-1.143424387646909540e-01,1.000466214429500456e+00,6.182887414189018216e+00,3.800588168327347915e-01,3.594488122978926614e-01
7.450000000000005507e-01,-1.081572877288430184e-01,1.000826839205044116e+00,6.187375920308391564e+00,3.411824184513879143e-01,3.599312664565296194e-01
7.460000000000005516e-01,-1.019677645031941693e-01,1.001148562853490631e+00,6.191631689658078308e+00,3.022567816017969755e-01,3.604137179191519991e-01
7.470000000000005524e-01,-9.577410213608052170e-02,1.001431336794485150e+00,6.195654099941333648e+00,2.632832237322011437e-01,3.608961666823264358e-01
7.480000000000005533e-01,-8.957653429561254765e-02,1.001675113768788483e+00,6.199442533920298537e+00,2.242630696289628078e-01,3.613786127426203421e-01
7.490000000000005542e-01,-8.337529526457360118e-02,1.001879847845626337e+00,6.202996379501403368e+00,1.851976514396903029e-01,3.618610560966017964e-01
7.500000000000005551e-01,-7.717061993523242902e-02,1.002045494430062078e+00,6.206315029821946716e+00,1.460883086955426791e-01,3.623434967408396545e-01
7.510000000000005560e-01,-7.096274380406855653e-02,1.002172010270390823e+00,6.209397883337836710e+00,1.069363883326912706e-01,3.628259346719034939e-01
7.520000000000005569e-01,-6.475190296640927212e-02,1.002259353465555280e+00,6.212244343912499467e+00,6.774324471291326422e-02,3.633083698863636135e-01
7.530000000000005578e-01,-5.853833411097721789e-02,1.002307483472580918e+00,6.214853820906944826e+00,2.851023964329189864e-02,3.637908023807910896e-01
7.540000000000005587e-01,-5.232227451434726812e-02,1.002316361114030663e+00,6.217225729270986712e+00,-1.076125760500189904e-02,3.642732321517577199e-01
7.550000000000005596e-01,-4.610396203531164083e-02,1.002285948585478037e+00,6.219359489635614580e+00,-5.006987027887219166e-02,3.647556591958360794e-01
7.560000000000005604e-01,-3.988363510915206300e-02,1.002216209462997831e+00,6.221254528406509721e+00,-8.941421412643044131e-02,3.652380835095994094e-01
7.570000000000005613e-01,-3.366153274181783728e-02,1.002107108710672989e+00,6.222910277858700212e+00,-1.287928973811235944e-01,3.657205050896217280e-01
7.580000000000005622e-01,-2.743789450400870022e-02,1.001958612688116146e+00,6.224326176232350960e+00,-1.682045207468836068e-01,3.662029239324778307e-01
7.590000000000005631e-01,-2.121296052516132360e-02,1.001770689158006933e+00,6.225501667829675512e+00,-2.076476773843246026e-01,3.666853400347432346e-01
7.600000000000005640e-01,-1.498697148733833806e-02,1.001543307293641272e+00,6.226436203112973189e+00,-2.471209528980137238e-01,3.671677533929941784e-01
7.610000000000005649e-01,-8.760168619018769004e-03,1.001276437686493104e+00,6.227129238803771116e+00,-2.866229253248419040e-01,3.676501640038076779e-01
7.620000000000005658e-01,-2.532793688788775345e-03,1.000970052353788331e+00,6.227580237983075584e+00,-3.261521651235209096e-01,3.681325718637614708e-01
7.630000000000005667e-01,3.694911001068410493e-03,1.000624124746086752e+00,6.227788670192713205e+00,-3.657072351652332354e-01,3.686149769694340717e-01
7.640000000000005675e-01,9.922702621084427202e-03,1.000238629754874209e+00,6.227754011537760093e+00,-4.052866907254610851e-01,3.690973793174046613e-01
7.650000000000005684e-01,1.615033782122069633e-02,9.998135437201619569e-01,6.227475744790044843e+00,-4.448890794770211654e-01,3.695797789042533088e-01
7.660000000000005693e-01,2.237757273758737148e-02,9.993488444380923541e-01,6.226953359492719997e+00,-4.845129414843321047e-01,3.700621757265607492e-01
7.670000000000005702e-01,2.860416299926738307e-02,9.988445111685492206e-01,6.226186352065883334e+00,-5.241568091989410316e-01,3.705445697809084948e-01
7.680000000000005711e-01,3.482986373524663698e-02,9.983005246427728574e-01,6.225174225913246318e+00,-5.638192074563359579e-01,3.710269610638787796e-01
7.690000000000005720e-01,4.105442958145139043e-02,9.977168670709767317e-01,6.223916491529831951e+00,-6.034986534740707231e-01,3.715093495720545591e-01
7.700000000000005729e-01,4.727761468789382776e-02,9.970935221499661605e-01,6.222412666610690479e+00,-6.431936568512299779e-01,3.719917353020196771e-01
7.710000000000005738e-01,5.349917272592688566e-02,9.964304750707562164e-01,6.220662276160624948e+00,-6.829027195692598529e-01,3.724741182503585879e-01
7.720000000000005747e-01,5.971885689560926108e-02,9.957277125261885242e-01,6.218664852604903537e+00,-7.226243359941925126e-01,3.729564984136565786e-01
7.730000000000005755e-01,6.593641993318165306e-02,9.949852227185449483e-01,6.216419935900951543e+00,-7.623569928802897966e-01,3.734388757884997134e-01
7.740000000000005764e-01,7.215161411865517183e-02,9.942029953671569498e-01,6.213927073651010602e+00,-8.020991693751347018e-01,3.739212503714747227e-01
7.750000000000005773e-01,7.836419128351286567e-02,9.933810217160089495e-01,6.211185821215738478e+00,-8.418493370261953546e-01,3.744036221591691693e-01
7.760000000000005782e-01,8.457390281852532332e-02,9.925192945413348067e-01,6.208195741828747671e+00,-8.816059597888903365e-01,3.748859911481713936e-01
7.770000000000005791e-01,9.078049968168130923e-02,9.916178081592048610e-01,6.204956406712056172e+00,-9.213674940361800125e-01,3.753683573350704017e-01
7.780000000000005800e-01,9.698373240623424374e-02,9.906765584331033159e-01,6.201467395192434395e+00,-9.611323885697125036e-01,3.758507207164560326e-01
7.790000000000005809e-01,1.031833511088654926e-01,9.896955427814931872e-01,6.197728294818636741e+00,-1.000899084632548952e+00,3.763330812889189025e-01
7.800000000000005818e-01,1.093791054979653538e-01,9.886747601853675960e-01,6.193738701479493791e+00,-1.040666015923495946e+00,3.768154390490503491e-01
7.810000000000005826e-01,1.155707448820325195e-01,9.876142111957866287e-01,6.189498219522845623e+00,-1.080431608613071193e+00,3.772977939934424874e-01
7.820000000000005835e-01,1.217580181781928728e-01,9.865138979413965448e-01,6.185006461875302897e+00,-1.120194281361127642e+00,3.777801461186882093e-01
7.830000000000005844e-01,1.279406739208384935e-01,9.853738241359312200e-01,6.180263050162806415e+00,-1.159952445336163596e+00,3.782624954213811286e-01
7.840000000000005853e-01,1.341184602703876239e-01,9.841939950856929409e-01,6.175267614831971841e+00,-1.199704504236344782e+00,3.787448418981156917e-01
7.850000000000005862e-01,1.402911250221662576e-01,9.829744176970116598e-01,6.170019795272197349e+00,-1.239448854312262371e+00,3.792271855454870666e-01
7.860000000000005871e-01,1.464584156154123962e-01,9.817151004836803807e-01,6.164519239938504036e+00,-1.279183884391455139e+00,3.797095263600911985e-01
7.870000000000005880e-01,1.526200791424032754e-01,9.804160535743652316e-01,6.158765606475100185e+00,-1.318907975904719310e+00,3.801918643385248653e-01
7.880000000000005889e-01,1.587758623577066874e-01,9.790772887199881147e-01,6.152758561839632101e+00,-1.358619502914232724e+00,3.806741994773854554e-01
7.890000000000005898e-01,1.649255116875568417e-01,9.776988193010808237e-01,6.146497782428107293e+00,-1.398316832143517541e+00,3.811565317732713010e-01
7.900000000000005906e-01,1.710687732393554039e-01,9.762806603351077417e-01,6.139982954200458920e+00,-1.437998323009266555e+00,3.816388612227814003e-01
7.910000000000005915e-01,1.772053928112984900e-01,9.748228284837558988e-01,6.133213772806731967e+00,-1.477662327655058450e+00,3.821211878225155845e-01
7.920000000000005924e-01,1.833351159021301136e-01,9.733253420601907235e-01,6.126189943713859165e+00,-1.517307190986985077e+00,3.826035115690744060e-01
7.930000000000005933e-01,1.894576877210226995e-01,9.717882210362746020e-01,6.118911182333006238e+00,-1.556931250711216297e+00,3.830858324590592501e-01
7.940000000000005942e-01,1.955728531975852447e-01,9.702114870497472454e-01,6.111377214147452719e+00,-1.596532837373525249e+00,3.835681504890722238e-01
7.950000000000005951e-01,2.016803569919995154e-01,9.685951634113657560e-01,6.103587774840985247e+00,-1.636110274400797815e+00,3.840504656557162666e-01
7.960000000000005960e-01,2.077799435052850308e-01,9.669392751120017282e-01,6.095542610426774033e+00,-1.675661878144550032e+00,3.845327779555950398e-01
7.970000000000005969e-01,2.138713568896930262e-01,9.652438488296938290e-01,6.087241477376699628e+00,-1.715185957926475213e+00,3.850150873853129818e-01
7.980000000000005977e-01,2.199543410592300352e-01,9.635089129366544158e-01,6.078684142751106911e+00,-1.754680816086044981e+00,3.854973939414753636e-01
7.990000000000005986e-01,2.260286397003113679e-01,9.617344975062268597e-01,6.069870384328947210e+00,-1.794144748030184866e+00,3.859796976206882335e-01
8.000000000000005995e-01,2.320939962825449565e-01,9.599206343197922431e-01,6.060799990738286347e+00,-1.833576042285046448e+00,3.864619984195583613e-01
8.010000000000006004e-01,2.381501540696458474e-01,9.580673568736236545e-01,6.051472761587138649e+00,-1.872972980549899358e+00,3.869442963346933495e-01
8.020000000000006013e-01,2.441968561304816987e-01,9.561747003856850835e-01,6.041888507594599389e+00,-1.912333837753161125e+00,3.874265913627015223e-01
8.030000000000006022e-01,2.502338453502495619e-01,9.542427018023732499e-01,6.032047050722243675e+00,-1.951656882110587743e+00,3.879088835001920921e-01
8.040000000000006031e-01,2.562608644417841419e-01,9.522713998052004802e-01,6.021948224305750053e+00,-1.990940375185644484e+00,3.883911727437749928e-01
8.050000000000006040e-01,2.622776559569977572e-01,9.502608348174158559e-01,6.011591873186725721e+00,-2.030182571952076298e+00,3.888734590900608801e-01
8.060000000000006048e-01,2.682839622984523609e-01,9.482110490105626344e-01,6.000977853844691623e+00,-2.069381720858697093e+00,3.893557425356613533e-01
8.070000000000006057e-01,2.742795257310633450e-01,9.461220863109698342e-01,5.990106034529187440e+00,-2.108536063896417012e+00,3.898380230771886223e-01
8.080000000000006066e-01,2.802640883939357397e-01,9.439939924061757637e-01,5.978976295391974283e+00,-2.147643836667525008e+00,3.903203007112558409e-01
8.090000000000006075e-01,2.862373923123325836e-01,9.418268147512810495e-01,5.967588528619280908e+00,-2.186703268457245386e+00,3.908025754344768843e-01
8.100000000000006084e-01,2.921991794097754669e-01,9.396206025752289470e-01,5.955942638564070357e+00,-2.225712582307585397e+00,3.912848472434663494e-01
8.110000000000006093e-01,2.981491915202774678e-01,9.373754068870107092e-01,5.944038541878280846e+00,-2.264669995093487653e+00,3.917671161348397213e-01
8.120000000000006102e-01,3.040871704007080956e-01,9.350912804817934632e-01,5.931876167645003584e+00,-2.303573717601309578e+00,3.922493821052132623e-01
8.130000000000006111e-01,3.100128577432905708e-01,9.327682779469689267e-01,5.919455457510560237e+00,-2.342421954609636980e+00,3.927316451512040119e-01
8.140000000000006120e-01,3.159259951882310569e-01,9.304064556681193032e-01,5.906776365816440055e+00,-2.381212904972453970e+00,3.932139052694297865e-01
8.150000000000006128e-01,3.218263243364797299e-01,9.280058718348996871e-01,5.893838859731050484e+00,-2.419944761704677649e+00,3.936961624565092355e-01
8.160000000000006137e-01,3.277135867626233545e-01,9.255665864468333170e-01,5.880642919381251055e+00,-2.458615712070076231e+00,3.941784167090617852e-01
8.170000000000006146e-01,3.335875240279095877e-01,9.230886613190176782e-01,5.867188537983617280e+00,-2.497223937671576799e+00,3.946606680237076392e-01
8.180000000000006155e-01,3.394478776934020114e-01,9.205721600877391220e-01,5.853475721975400781e+00,-2.535767614543981807e+00,3.951429163970678338e-01
8.190000000000006164e-01,3.452943893332663383e-01,9.180171482159937835e-01,5.839504491145137699e+00,-2.574244913249100541e+00,3.956251618257641267e-01
8.200000000000006173e-01,3.511268005481866239e-01,9.154236929989119087e-01,5.825274878762867203e+00,-2.612653998973308411e+00,3.961074043064191641e-01
8.210000000000006182e-01,3.569448529789118196e-01,9.127918635690835947e-01,5.810786931709910341e+00,-2.650993031627543850e+00,3.965896438356563691e-01
8.220000000000006191e-01,3.627482883199318331e-01,9.101217309017830548e-01,5.796040710608172830e+00,-2.689260165949750814e+00,3.970718804100999422e-01
8.230000000000006199e-01,3.685368483332823741e-01,9.074133678200896336e-01,5.781036289948915829e+00,-2.727453551609775761e+00,3.975541140263749162e-01
8.240000000000006208e-01,3.743102748624785869e-01,9.046668489999020180e-01,5.765773758220961831e+00,-2.765571333316728886e+00,3.980363446811071015e-01
8.250000000000006217e-01,3.800683098465763021e-01,9.018822509748445349e-01,5.750253218038279712e+00,-2.803611650928812260e+00,3.985185723709230854e-01
8.260000000000006226e-01,3.858106953343609091e-01,8.990596521410620934e-01,5.734474786266909874e+00,-2.841572639565622005e+00,3.990007970924503433e-01
8.270000000000006235e-01,3.915371734986624608e-01,8.961991327619017733e-01,5.718438594151181498e+00,-2.879452429722934692e+00,3.994830188423170725e-01
8.280000000000006244e-01,3.972474866507967883e-01,8.933007749724777291e-01,5.702144787439167750e+00,-2.917249147389971764e+00,3.999652376171523027e-01
8.290000000000006253e-01,4.029413772551316275e-01,8.903646627841185213e-01,5.685593526507344286e+00,-2.954960914169156627e+00,4.004474534135858965e-01
8.300000000000006262e-01,4.086185879437770341e-01,8.873908820886928783e-01,5.668784986484390664e+00,-2.992585847398358645e+00,4.009296662282484935e-01
8.310000000000006271e-01,4.142788615313990896e-01,8.843795206628121131e-01,5.651719357374093811e+00,-3.030122060275629359e+00,4.014118760577715106e-01
8.320000000000006279e-01,4.199219410301560651e-01,8.813306681719063063e-01,5.634396844177304686e+00,-3.067567661986430050e+00,4.018940828987872527e-01
8.330000000000006288e-01,4.255475696647560424e-01,8.782444161741725930e-01,5.616817667012895754e+00,-3.104920757833351086e+00,4.023762867479288019e-01
8.340000000000006297e-01,4.311554908876350511e-01,8.751208581243918871e-01,5.598982061237671282e+00,-3.142179449368322164e+00,4.028584876018300731e-01
8.350000000000006306e-01,4.367454483942543875e-01,8.719600893776124906e-01,5.580890277565183411e+00,-3.179341834527309008e+00,4.033406854571257028e-01
8.360000000000006315e-01,4.423171861385163939e-01,8.687622071926976997e-01,5.562542582183401585e+00,-3.216406007767496078e+00,4.038228803104512710e-01
8.370000000000006324e-01,4.478704483482971455e-01,8.655273107357349671e-01,5.543939256871182053e+00,-3.253370060206947745e+00,4.043050721584430796e-01
8.380000000000006333e-01,4.534049795410950434e-01,8.622555010833040656e-01,5.525080599113497470e+00,-3.290232079766746587e+00,4.047872609977382630e-01
8.390000000000006342e-01,4.589205245397941502e-01,8.589468812256019215e-01,5.505966922215363546e+00,-3.326990151315598609e+00,4.052694468249747328e-01
8.400000000000006350e-01,4.644168284885404341e-01,8.556015560694218980e-01,5.486598555414419209e+00,-3.363642356816900936e+00,4.057516296367913444e-01
8.410000000000006359e-01,4.698936368687302023e-01,8.522196324409844204e-01,5.466975843992109674e+00,-3.400186775478262202e+00,4.062338094298276192e-01
8.420000000000006368e-01,4.753506955151089453e-01,8.488012190886169428e-01,5.447099149383415551e+00,-3.436621483903464558e+00,4.067159862007240223e-01
8.430000000000006377e-01,4.807877506319790939e-01,8.453464266852808162e-01,5.426968849285083607e+00,-3.472944556246861492e+00,4.071981599461217960e-01
8.440000000000006386e-01,4.862045488095151358e-01,8.418553678309426136e-01,5.406585337762302323e+00,-3.509154064370195059e+00,4.076803306626629042e-01
8.450000000000006395e-01,4.916008370401848127e-01,8.383281570547870265e-01,5.385949025353772512e+00,-3.545248078001820513e+00,4.081624983469903101e-01
8.460000000000006404e-01,4.969763627352745683e-01,8.347649108172700005e-01,5.365060339175124149e+00,-3.581224664898327692e+00,4.086446629957476429e-01
8.470000000000006413e-01,5.023308737415173031e-01,8.311657475120084460e-01,5.343919723020620793e+00,-3.617081891008540939e+00,4.091268246055794200e-01
8.480000000000006422e-01,5.076641183578213257e-01,8.275307874675051911e-01,5.322527637463109862e+00,-3.652817820639882918e+00,4.096089831731309916e-01
8.490000000000006430e-01,5.129758453520979478e-01,8.238601529487060704e-01,5.300884559952157460e+00,-3.688430516627082767e+00,4.100911386950485404e-01
8.500000000000006439e-01,5.182658039781866677e-01,8.201539681583874808e-01,5.278990984910319817e+00,-3.723918040503215732e+00,4.105732911679790265e-01
8.510000000000006448e-01,5.235337439928753334e-01,8.164123592383712991e-01,5.256847423827503363e+00,-3.759278452673046722e+00,4.110554405885702978e-01
8.520000000000006457e-01,5.287794156730140083e-01,8.126354542705658268e-01,5.234454405353354822e+00,-3.794509812588664932e+00,4.115375869534709796e-01
8.530000000000006466e-01,5.340025698327200976e-01,8.088233832778295440e-01,5.211812475387638699e+00,-3.829610178927383757e+00,4.120197302593305300e-01
8.540000000000006475e-01,5.392029578406726253e-01,8.049762782246560056e-01,5.188922197168538197e+00,-3.864577609771881139e+00,4.125018705027992394e-01
8.550000000000006484e-01,5.443803316374939971e-01,8.010942730176775495e-01,5.165784151358844056e+00,-3.899410162792560364e+00,4.129840076805282312e-01
8.560000000000006493e-01,5.495344437532169168e-01,7.971775035059853742e-01,5.142398936129966458e+00,-3.934105895432104205e+00,4.134661417891694613e-01
8.570000000000006501e-01,5.546650473248337931e-01,7.932261074812642088e-01,5.118767167243728267e+00,-3.968662865092194902e+00,4.139482728253757182e-01
8.580000000000006510e-01,5.597718961139275251e-01,7.892402246777390218e-01,5.094889478131886307e+00,-4.003079129322371976e+00,4.144304007858006234e-01
8.590000000000006519e-01,5.648547445243797815e-01,7.852199967719317719e-01,5.070766519973326503e+00,-4.037352746011002580e+00,4.149125256670986306e-01
8.600000000000006528e-01,5.699133476201561077e-01,7.811655673822263113e-01,5.046398961768892022e+00,-4.071481773578328855e+00,4.153946474659250265e-01
8.610000000000006537e-01,5.749474611431639737e-01,7.770770820682390001e-01,5.021787490413785804e+00,-4.105464271171565649e+00,4.158767661789359305e-01
8.620000000000006546e-01,5.799568415311827652e-01,7.729546883299936999e-01,4.996932810767503064e+00,-4.139298298862012615e+00,4.163588818027882943e-01
8.630000000000006555e-01,5.849412459358613869e-01,7.687985356068978149e-01,4.971835645721244035e+00,-4.172981917844150068e+00,4.168409943341399027e-01
8.640000000000006564e-01,5.899004322407831458e-01,7.646087752765191592e-01,4.946496736262757210e+00,-4.206513190636680832e+00,4.173231037696494283e-01
8.650000000000006573e-01,5.948341590795933609e-01,7.603855606531600975e-01,4.920916841538571340e+00,-4.239890181285484339e+00,4.178052101059763213e-01
8.660000000000006581e-01,5.997421858541880368e-01,7.561290469862284036e-01,4.895096738913556678e+00,-4.273110955568445668e+00,4.182873133397808640e-01
8.670000000000006590e-01,6.046242727529612671e-01,7.518393914584018400e-01,4.869037224027780830e+00,-4.306173581202116019e+00,4.187694134677242275e-01
8.680000000000006599e-01,6.094801807691073714e-01,7.475167531835854584e-01,4.842739110850605933e+00,-4.339076128050176173e+00,4.192515104864683595e-01
8.690000000000006608e-01,6.143096717189761025e-01,7.431612932046596232e-01,4.816203231731983614e+00,-4.371816668333646128e+00,4.197336043926761517e-01
8.700000000000006617e-01,6.191125082604778118e-01,7.387731744910168707e-01,4.789430437450903355e+00,-4.404393276842818672e+00,4.202156951830112175e-01
8.710000000000006626e-01,6.238884539115354677e-01,7.343525619358856060e-01,4.762421597260944495e+00,-4.436804031150854755e+00,4.206977828541381137e-01
8.720000000000006635e-01,6.286372730685808596e-01,7.298996223534403027e-01,4.735177598932897247e+00,-4.469047011829006877e+00,4.211798674027222300e-01
8.730000000000006644e-01,6.333587310250916591e-01,7.254145244756947664e-01,4.707699348794401217e+00,-4.501120302663427886e+00,4.216619488254297332e-01
8.740000000000006652e-01,6.380525939901671162e-01,7.208974389491781265e-01,4.679987771766563220e+00,-4.533021990873507434e+00,4.221440271189276783e-01
8.750000000000006661e-01,6.427186291071383950e-01,7.163485383313922261e-01,4.652043811397510886e+00,-4.564750167331699693e+00,4.226261022798839528e-01
8.760000000000006670e-01,6.473566044722111057e-01,7.117679970870477435e-01,4.623868429892842080e+00,-4.596302926784786358e+00,4.231081743049673327e-01
8.770000000000006679e-01,6.519662891531368132e-01,7.071559915840784916e-01,4.595462608142931060e+00,-4.627678368076530546e+00,4.235902431908473709e-01
8.780000000000006688e-01,6.565474532079097481e-01,7.025127000894330065e-01,4.566827345747048739e+00,-4.658874594371664735e+00,4.240723089341945085e-01
8.790000000000006697e-01,6.610998677034870541e-01,6.978383027646406500e-01,4.537963661034264184e+00,-4.689889713381166558e+00,4.245543715316800748e-01
8.800000000000006706e-01,6.656233047345270215e-01,6.931329816611523365e-01,4.508872591081083847e+00,-4.720721837588768288e+00,4.250364309799762319e-01
8.810000000000006715e-01,6.701175374421444175e-01,6.883969207154541081e-01,4.479555191725797414e+00,-4.751369084478641369e+00,4.255184872757559744e-01
8.820000000000006724e-01,6.745823400326780295e-01,6.836303057439523378e-01,4.450012537579491223e+00,-4.781829576764205392e+00,4.260005404156931297e-01
8.830000000000006732e-01,6.790174877964673117e-01,6.788333244376295594e-01,4.420245722033696367e+00,-4.812101442618008207e+00,4.264825903964624132e-01
8.840000000000006741e-01,6.834227571266353607e-01,6.740061663564701488e-01,4.390255857264635075e+00,-4.842182815902611459e+00,4.269646372147393731e-01
8.850000000000006750e-01,6.877979255378743328e-01,6.691490229236541909e-01,4.360044074234041389e+00,-4.872071836402433576e+00,4.274466808672003904e-01
8.860000000000006759e-01,6.921427716852300849e-01,6.642620874195196423e-01,4.329611522686512615e+00,-4.901766650056481822e+00,4.279287213505227894e-01
8.870000000000006768e-01,6.964570753828819294e-01,6.593455549752906819e-01,4.298959371143373787e+00,-4.931265409191922799e+00,4.284107586613846719e-01
8.880000000000006777e-01,7.007406176229150629e-01,6.543996225665728028e-01,4.268088806893014286e+00,-4.960566272758423878e+00,4.288927927964650832e-01
8.890000000000006786e-01,7.049931805940812257e-01,6.494244890066126485e-01,4.237001035977679742e+00,-4.989667406563206953e+00,4.293748237524437905e-01
8.900000000000006795e-01,7.092145477005443732e-01,6.444203549393225927e-01,4.205697283176681900e+00,-5.018566983506754120e+00,4.298568515260015599e-01
8.910000000000006803e-01,7.134045035806081403e-01,6.393874228320695075e-01,4.174178791986011383e+00,-5.047263183819095111e+00,4.303388761138199348e-01
8.920000000000006812e-01,7.175628341254205456e-01,6.343258969682268322e-01,4.142446824594324006e+00,-5.075754195296620530e+00,4.308208975125813467e-01
8.930000000000006821e-01,7.216893264976532718e-01,6.292359834394894991e-01,4.110502661855273132e+00,-5.104038213539354274e+00,4.313029157189690599e-01
8.940000000000006830e-01,7.257837691501511923e-01,6.241178901379517141e-01,4.078347603256177401e+00,-5.132113442188613206e+00,4.317849307296672268e-01
8.950000000000006839e-01,7.298459518445490346e-01,6.189718267479464853e-01,4.045982966882991860e+00,-5.159978093164998114e+00,4.322669425413608879e-01
8.960000000000006848e-01,7.338756656698505187e-01,6.137980047376474513e-01,4.013410089381574508e+00,-5.187630386906639579e+00,4.327489511507359721e-01
8.970000000000006857e-01,7.378727030609679716e-01,6.085966373504317906e-01,3.980630325915219814e+00,-5.215068552607640129e+00,4.332309565544791297e-01
8.980000000000006866e-01,7.418368578172164218e-01,6.033679395960053204e-01,3.947645050118453014e+00,-5.242290828456635410e+00,4.337129587492780658e-01
8.990000000000006875e-01,7.457679251207603999e-01,5.981121282412885654e-01,3.914455654047062527e+00,-5.269295461875414865e+00,4.341949577318212072e-01
9.000000000000006883e-01,7.496657015550086678e-01,5.928294218010641270e-01,3.881063548124363383e+00,-5.296080709757521987e+00,4.346769534987979244e-01
9.010000000000006892e-01,7.535299851229532164e-01,5.875200405283860228e-01,3.847470161083672568e+00,-5.322644838706779069e+00,4.351589460468984205e-01
9.020000000000006901e-01,7.573605752654490875e-01,5.821842064047497711e-01,3.813676939906994523e+00,-5.348986125275649428e+00,4.356409353728138423e-01
9.030000000000006910e-01,7.611572728794305798e-01,5.768221431300248891e-01,3.779685349759900781e+00,-5.375102856203380242e+00,4.361229214732361137e-01
9.040000000000006919e-01,7.649198803360608423e-01,5.714340761121493584e-01,3.745496873922598002e+00,-5.400993328653843406e+00,4.366049043448580469e-01
9.050000000000006928e-01,7.686482014988103018e-01,5.660202324565857257e-01,3.711113013717181275e+00,-5.426655850453015795e+00,4.370868839843733422e-01
9.060000000000006937e-01,7.723420417414607053e-01,5.605808409555408378e-01,3.676535288431066029e+00,-5.452088740326014538e+00,4.375688603884766437e-01
9.070000000000006946e-01,7.760012079660306705e-01,5.551161320769483210e-01,3.641765235236593234e+00,-5.477290328133621600e+00,4.380508335538633169e-01
9.080000000000006954e-01,7.796255086206185236e-01,5.496263379532148052e-01,3.606804409106812326e+00,-5.502258955108225713e+00,4.385328034772297823e-01
9.090000000000006963e-01,7.832147537171595397e-01,5.441116923697306706e-01,3.571654382727436960e+00,-5.526992974089105282e+00,4.390147701552731818e-01
9.100000000000006972e-01,7.867687548490929217e-01,5.385724307531458699e-01,3.536316746404978062e+00,-5.551490749756982979e+00,4.394967335846916012e-01
9.110000000000006981e-01,7.902873252089350764e-01,5.330087901594113831e-01,3.500793107971057694e+00,-5.575750658867775655e+00,4.399786937621840144e-01
9.120000000000006990e-01,7.937702796057553023e-01,5.274210092615876366e-01,3.465085092682905099e+00,-5.599771090485469394e+00,4.404606506844502833e-01
9.130000000000006999e-01,7.972174344825500025e-01,5.218093283374203306e-01,3.429194343120047783e+00,-5.623550446214045095e+00,4.409426043481911028e-01
9.140000000000007008e-01,8.006286079335117600e-01,5.161739892566850063e-01,3.393122519077200305e+00,-5.647087140428380891e+00,4.414245547501080558e-01
9.150000000000007017e-01,8.040036197211894997e-01,5.105152354683011318e-01,3.356871297453363212e+00,-5.670379600504057649e+00,4.419065018869036687e-01
9.160000000000007025e-01,8.073422912935356299e-01,5.048333119872167041e-01,3.320442372137144549e+00,-5.693426267045995637e+00,4.423884457552812455e-01
9.170000000000007034e-01,8.106444458008367215e-01,4.991284653810655336e-01,3.283837453888313274e+00,-5.716225594115850406e+00,4.428703863519450890e-01
9.180000000000007043e-01,8.139099081125240609e-01,4.934009437565970990e-01,3.247058270215602782e+00,-5.738776049458088835e+00,4.433523236736002793e-01
9.190000000000007052e-01,8.171385048338597468e-01,4.876509967458813044e-01,3.210106565250780530e+00,-5.761076114724680508e+00,4.438342577169528402e-01
9.200000000000007061e-01,8.203300643224952227e-01,4.818788754922891937e-01,3.172984099619000631e+00,-5.783124285698325373e+00,4.443161884787096838e-01
9.210000000000007070e-01,8.234844167048984698e-01,4.760848326362514538e-01,3.135692650305458073e+00,-5.804919072514148404e+00,4.447981159555786101e-01
9.220000000000007079e-01,8.266013938926457527e-01,4.702691223007955390e-01,3.098234010518369885e+00,-5.826458999879787548e+00,4.452800401442682521e-01
9.230000000000007088e-01,8.296808295985745874e-01,4.644320000768640266e-01,3.060609989548300547e+00,-5.847742607293802131e+00,4.457619610414881861e-01
9.240000000000007097e-01,8.327225593527942671e-01,4.585737230084150351e-01,3.022822412623862309e+00,-5.868768449262335096e+00,4.462438786439488769e-01
9.250000000000007105e-01,8.357264205185501726e-01,4.526945495773072037e-01,2.984873120763809506e+00,-5.889535095513950935e+00,4.467257929483616774e-01
9.260000000000007114e-01,8.386922523079385350e-01,4.467947396879705657e-01,2.946763970625562390e+00,-5.910041131212585341e+00,4.472077039514387731e-01
9.270000000000007123e-01,8.416198957974680983e-01,4.408745546518655356e-01,2.908496834350182247e+00,-5.930285157168530219e+00,4.476896116498932932e-01
9.280000000000007132e-01,8.445091939434643535e-01,4.349342571717319528e-01,2.870073599403835551e+00,-5.950265790047386538e+00,4.481715160404392551e-01
9.290000000000007141e-01,8.473599915973141217e-01,4.289741113256301253e-01,2.831496168415774672e+00,-5.969981662576921977e+00,4.486534171197915644e-01
9.300000000000007150e-01,8.501721355205464903e-01,4.229943825507760380e-01,2.792766459012870239e+00,-5.989431423751753414e+00,4.491353148846660148e-01
9.310000000000007159e-01,8.529454743997456623e-01,4.169953376271732792e-01,2.753886403650733783e+00,-6.008613739035795653e+00,4.496172093317793439e-01
9.320000000000007168e-01,8.556798588612944956e-01,4.109772446610433505e-01,2.714857949441465301e+00,-6.027527290562405327e+00,4.500991004578490662e-01
9.330000000000007176e-01,8.583751414859429607e-01,4.049403730680571356e-01,2.675683057978063051e+00,-6.046170777332153357e+00,4.505809882595937510e-01
9.340000000000007185e-01,8.610311768232000729e-01,3.988849935563699156e-01,2.636363705155539527e+00,-6.064542915408164703e+00,4.510628727337326893e-01
9.350000000000007194e-01,8.636478214055453018e-01,3.928113781094620394e-01,2.596901880988782718e+00,-6.082642438108951666e+00,4.515447538769862268e-01
9.360000000000007203e-01,8.662249337624556844e-01,3.867197999687883581e-01,2.557299589427206588e+00,-6.100468096198684798e+00,4.520266316860755418e-01
9.370000000000007212e-01,8.687623744342465315e-01,3.806105336162383113e-01,2.517558848166235652e+00,-6.118018658074835692e+00,4.525085061577227008e-01
9.380000000000007221e-01,8.712600059857218415e-01,3.744838547564101061e-01,2.477681688455670717e+00,-6.135292909953130369e+00,4.529903772886506585e-01
9.390000000000007230e-01,8.737176930196317581e-01,3.683400402987010991e-01,2.437670154904980180e+00,-6.152289656049746647e+00,4.534722450755833689e-01
9.400000000000007239e-01,8.761353021899332960e-01,3.621793683392173224e-01,2.397526305285569759e+00,-6.169007718760703973e+00,4.539541095152455630e-01
9.410000000000007248e-01,8.785127022148524478e-01,3.560021181425052084e-01,2.357252210330078146e+00,-6.185445938838380009e+00,4.544359706043629155e-01
9.420000000000007256e-01,8.808497638897436754e-01,3.498085701231081757e-01,2.316849953528751893e+00,-6.201603175565097104e+00,4.549178283396620448e-01
9.430000000000007265e-01,8.831463600997445651e-01,3.435990058269511316e-01,2.276321630922951922e+00,-6.217478306923722720e+00,4.553996827178704576e-01
9.440000000000007274e-01,8.854023658322225376e-01,3.373737079125559424e-01,2.235669350895844509e+00,-6.233070229765229620e+00,4.558815337357165487e-01
9.450000000000007283e-01,8.876176581890108386e-01,3.311329601320907590e-01,2.194895233960336700e+00,-6.248377859973153647e+00,4.563633813899296010e-01
9.460000000000007292e-01,8.897921163984310322e-01,3.248770473122565838e-01,2.154001412544306771e+00,-6.263400132624906469e+00,4.568452256772398412e-01
9.470000000000007301e-01,8.919256218270997794e-01,3.186062553350140214e-01,2.112990030773192807e+00,-6.278136002149881989e+00,4.573270665943784397e-01
9.480000000000007310e-01,8.940180579915162351e-01,3.123208711181537089e-01,2.071863244249997571e+00,-6.292584442484307594e+00,4.578089041380773994e-01
9.490000000000007319e-01,8.960693105694287341e-01,3.060211825957132592e-01,2.030623219832766058e+00,-6.306744447222795813e+00,4.582907383050696670e-01
9.500000000000007327e-01,8.980792674109776552e-01,2.997074786982446559e-01,1.989272135409603459e+00,-6.320615029766538662e+00,4.587725690920890775e-01
9.510000000000007336e-01,9.000478185496116890e-01,2.933800493329349335e-01,1.947812179671292165e+00,-6.334195223468106484e+00,4.592543964958704095e-01
9.520000000000007345e-01,9.019748562127760660e-01,2.870391853635837487e-01,1.906245551881570854e+00,-6.347484081772797104e+00,4.597362205131493296e-01
9.530000000000007354e-01,9.038602748323698588e-01,2.806851785904416197e-01,1.864574461645143399e+00,-6.360480678356501549e+00,4.602180411406624483e-01
9.540000000000007363e-01,9.057039710549695810e-01,2.743183217299116627e-01,1.822801128673479987e+00,-6.373184107260033038e+00,4.606998583751472642e-01
9.550000000000007372e-01,9.075058437518183085e-01,2.679389083941191019e-01,1.780927782548479499e+00,-6.385593483019881944e+00,4.611816722133422197e-01
9.560000000000007381e-01,9.092657940285771012e-01,2.615472330703517145e-01,1.738956662484058668e+00,-6.397707940795362092e+00,4.616634826519866452e-01
9.570000000000007390e-01,9.109837252348366166e-01,2.551435911003749890e-01,1.696890017085737501e+00,-6.409526636492097751e+00,4.621452896878207595e-01
9.580000000000007399e-01,9.126595429733881382e-01,2.487282786596255180e-01,1.654730104108289801e+00,-6.421048746881827363e+00,4.626270933175857247e-01
9.590000000000007407e-01,9.142931551092504661e-01,2.423015927362865973e-01,1.612479190211528302e+00,-6.432273469718483128e+00,4.631088935380237026e-01
9.600000000000007416e-01,9.158844717784525580e-01,2.358638311102495000e-01,1.570139550714295673e+00,-6.443200023850506497e+00,4.635906903458776318e-01
9.610000000000007425e-01,9.174334053965683689e-01,2.294152923319644766e-01,1.527713469346732689e+00,-6.453827649329380911e+00,4.640724837378914502e-01
9.620000000000007434e-01,9.189398706670038885e-01,2.229562757011849528e-01,1.485203238000895487e+00,-6.464155607514339152e+00,4.645542737108100395e-01
9.630000000000007443e-01,9.204037845890336023e-01,2.164870812456090310e-01,1.442611156479793877e+00,-6.474183181173222223e+00,4.650360602613791694e-01
9.640000000000007452e-01,9.218250664655853743e-01,2.100080096994221546e-01,1.399939532244925955e+00,-6.483909674579460436e+00,4.655178433863454979e-01
9.650000000000007461e-01,9.232036379107719792e-01,2.035193624817445701e-01,1.357190680162380758e+00,-6.493334413605153621e+00,4.659996230824566821e-01
9.660000000000007470e-01,9.245394228571683914e-01,1.970214416749878072e-01,1.314366922247584446e+00,-6.502456745810222039e+00,4.664813993464612119e-01
9.670000000000007478e-01,9.258323475628328358e-01,1.905145500031238393e-01,1.271470587408764619e+00,-6.511276040527608444e+00,4.669631721751085762e-01
9.680000000000007487e-01,9.270823406180707105e-01,1.839989908098711990e-01,1.228504011189207601e+00,-6.519791688944512664e+00,4.674449415651491524e-01
9.690000000000007496e-01,9.282893329519406045e-01,1.774750680368017697e-01,1.185469535508385519e+00,-6.528003104179634697e+00,4.679267075133343168e-01
9.700000000000007505e-01,9.294532578385001909e-01,1.709430862013722741e-01,1.142369508402026668e+00,-6.535909721356411239e+00,4.684084700164162784e-01
9.710000000000007514e-01,9.305740509027924379e-01,1.644033503748846270e-01,1.099206283761208880e+00,-6.543510997672233209e+00,4.688902290711481902e-01
9.720000000000007523e-01,9.316516501265700301e-01,1.578561661603790356e-01,1.055982221070548732e+00,-6.550806412463624717e+00,4.693719846742841484e-01
9.730000000000007532e-01,9.326859958537575546e-01,1.513018396704639834e-01,1.012699685145566297e+00,-6.557795467267376388e+00,4.698537368225791933e-01
9.740000000000007541e-01,9.336770307956508974e-01,1.447406775050870953e-01,9.693610458693002752e-01,-6.564477685877617041e+00,4.703354855127893086e-01
9.750000000000007550e-01,9.346247000358528512e-01,1.381729867292509351e-01,9.259686779282513269e-01,-6.570852614398823732e+00,4.708172307416713664e-01
9.760000000000007558e-01,9.355289510349440452e-01,1.315990748506778441e-01,8.825249605477308856e-01,-6.576919821294750612e+00,4.712989725059832380e-01
9.770000000000007567e-01,9.363897336348893097e-01,1.250192497974279005e-01,8.390322772266919360e-01,-6.582678897433283716e+00,4.717807108024836271e-01
9.780000000000007576e-01,9.372070000631788078e-01,1.184338198954741211e-01,7.954930154721189250e-01,-6.588129456127211903e+00,4.722624456279322369e-01
9.790000000000007585e-01,9.379807049367028249e-01,1.118430938462387919e-01,7.519095665330546296e-01,-6.593271133170909515e+00,4.727441769790897141e-01
9.800000000000007594e-01,9.387108052653606594e-01,1.052473807040952836e-01,7.082843251343393653e-01,-6.598103586872937854e+00,4.732259048527175938e-01
9.810000000000007603e-01,9.393972604554033934e-01,9.864698985383926755e-02,6.646196892101411402e-01,-6.602626498084559259e+00,4.737076292455784099e-01
9.820000000000007612e-01,9.400400323125099877e-01,9.204223098813343884e-02,6.209180596373515826e-01,-6.606839570224174452e+00,4.741893501544355849e-01
9.830000000000007621e-01,9.406390850445962570e-01,8.543341408492986788e-02,5.771818399689255807e-01,-6.610742529297682246e+00,4.746710675760535403e-01
9.840000000000007629e-01,9.411943852643582797e-01,7.882084938487404768e-02,5.334134361672395741e-01,-6.614335123914767856e+00,4.751527815071975303e-01
9.850000000000007638e-01,9.417059019915478002e-01,7.220484736869459130e-02,4.896152563375448796e-01,-6.617617125301135772e+00,4.756344919446338082e-01
9.860000000000007647e-01,9.421736066549823985e-01,6.558571873458284018e-02,4.457897104615914929e-01,-6.620588327306686338e+00,4.761161988851296267e-01
9.870000000000007656e-01,9.425974730942888735e-01,5.896377437556625523e-02,4.019392101314972487e-01,-6.623248546409656434e+00,4.765979023254530711e-01
9.880000000000007665e-01,9.429774775613803950e-01,5.233932535687965681e-02,3.580661682839370585e-01,-6.625597621716731389e+00,4.770796022623732258e-01
9.890000000000007674e-01,9.433135987216684226e-01,4.571268289333842855e-02,3.141729989347262775e-01,-6.627635414959147653e+00,4.775612986926601189e-01
9.900000000000007683e-01,9.436058176550096155e-01,3.908415832671755658e-02,2.702621169138721413e-01,-6.629361810484797779e+00,4.780429916130847778e-01
9.910000000000007692e-01,9.438541178563873979e-01,3.245406310314059156e-02,2.263359376011661317e-01,-6.630776715246359032e+00,4.785246810204190071e-01
9.920000000000007701e-01,9.440584852363298474e-01,2.582270875048244679e-02,1.823968766623899618e-01,-6.631880058785465160e+00,4.790063669114357214e-01
9.930000000000007709e-01,9.442189081210643486e-01,1.919040685578999109e-02,1.384473497862069025e-01,-6.632671793212938205e+00,4.794880492829087237e-01
9.940000000000007718e-01,9.443353772524089029e-01,1.255746904272438472e-02,9.448977242180983671e-02,-6.633151893185110559e+00,4.799697281316127606e-01
9.950000000000007727e-01,9.444078857874020905e-01,5.924206949029024206e-03,5.052655951739660339e-02,-6.633320355876252350e+00,4.804514034543235224e-01
9.960000000000007736e-01,9.444364292976714648e-01,-7.090677959729896340e-04,6.560125259542477771e-03,-6.633177200947137031e+00,4.809330752478176985e-01
9.970000000000007745e-01,9.444210057685420434e-01,-7.342043593848047479e-03,-3.740711718646135692e-02,-6.632722470509766488e+00,4.814147435088728666e-01
9.980000000000007754e-01,9.443616155978858950e-01,-1.397440889948402785e-02,-8.137275593523485284e-02,-6.631956229088289412e+00,4.818964082342675481e-01
9.990000000000007763e-01,9.442582615947129332e-01,-2.060585224348132974e-02,-1.253343806388343140e-01,-6.630878563576139584e+00,4.823780694207812636e-01
1.000000000000000666e+00,9.441109489775055819e-01,-2.723606225449915971e-02,-1.692895827431092071e-01,-6.629489583189422497e+00,4.828597270651944218e-01
