tau,x,y,u,v,theta1
0.000000000000000000e+00,9.959000000000000075e-01,-0.000000000000000000e+00,0.000000000000000000e+00,-6.308999394301780583e+00,0.000000000000000000e+00
1.000000000000000021e-03,9.958800980035122929e-01,-6.308957367936420500e-03,-3.980385877039438469e-02,-6.308873315633383605e+00,2.837154133002572943e-06
2.000000000000000042e-03,9.958203928192747023e-01,-1.261766258027773729e-02,-7.960610709725834955e-02,-6.308495084853251278e+00,5.674308266003016446e-06
3.000000000000000062e-03,9.957208868629263687e-01,-1.892586349187887554e-02,-1.194051346069507913e-01,-6.307864717636292973e+00,8.511462398999200643e-06
4.000000000000000083e-03,9.955815841604158667e-01,-2.523330797849430984e-02,-1.591993310656054650e-01,-6.306982240106536075e+00,1.134861653198899737e-05
5.000000000000000104e-03,9.954024903478267960e-01,-3.153974394722661168e-02,-1.989870864490089764e-01,-6.305847688835890530e+00,1.418577066497027632e-05
6.000000000000000125e-03,9.951836126711328667e-01,-3.784491934697349624e-02,-2.387667910124671444e-01,-6.304461110842424887e+00,1.702292479794090808e-05
7.000000000000000146e-03,9.949249599858838167e-01,-4.414858217887292907e-02,-2.785368353606563208e-01,-6.302822563588142302e+00,1.986007893089876319e-05
8.000000000000000167e-03,9.946265427568207196e-01,-5.045048050674572765e-02,-3.182956105174556960e-01,-6.300932114976268927e+00,2.269723306384171391e-05
9.000000000000001055e-03,9.942883730574222367e-01,-5.675036246753524527e-02,-3.580415079957565694e-01,-6.298789843348047590e+00,2.553438719676762910e-05
1.000000000000000194e-02,9.939104645693804807e-01,-6.304797628174355073e-02,-3.977729198672451116e-01,-6.296395837479036750e+00,2.837154132967438101e-05
1.100000000000000283e-02,9.934928325820074901e-01,-6.934307026386372919e-02,-4.374882388321547633e-01,-6.293750196574922740e+00,3.120869546255983852e-05
1.200000000000000372e-02,9.930354939915716495e-01,-7.563539283280765191e-02,-4.771858582889842437e-01,-6.290853030266831958e+00,3.404584959542187049e-05
1.300000000000000461e-02,9.925384673005646086e-01,-8.192469252232890964e-02,-5.168641724041775909e-01,-6.287704458606157232e+00,3.688300372825834917e-05
1.400000000000000550e-02,9.920017726168988137e-01,-8.821071799144028502e-02,-5.565215761817623452e-01,-6.284304612058890349e+00,3.972015786106714681e-05
1.500000000000000638e-02,9.914254316530347610e-01,-9.449321803482531312e-02,-5.961564655329423257e-01,-6.280653631499463430e+00,4.255731199384613566e-05
1.600000000000000727e-02,9.908094677250391946e-01,-1.007719415932434304e-01,-6.357672373456407788e-01,-6.276751668204101797e+00,4.539446612659318121e-05
1.700000000000000816e-02,9.901539057515735820e-01,-1.070466377639282124e-01,-6.753522895539904036e-01,-6.272598883843681250e+00,4.823162025930615571e-05
1.800000000000000905e-02,9.894587722528132012e-01,-1.133170558109783121e-01,-7.149100212077664773e-01,-6.268195450476101271e+00,5.106877439198293140e-05
1.900000000000000994e-02,9.887240953492968387e-01,-1.195829451757404183e-01,-7.544388325417593633e-01,-6.263541550538167080e+00,5.390592852462138055e-05
2.000000000000001082e-02,9.879499047607072093e-01,-1.258440554871839145e-01,-7.939371250450824036e-01,-6.258637376836981403e+00,5.674308265721936863e-05
2.100000000000001171e-02,9.871362318045818762e-01,-1.321001365722666576e-01,-8.334033015304117553e-01,-6.253483132540849532e+00,5.958023678977476790e-05
2.200000000000001260e-02,9.862831093949550043e-01,-1.383509384662914565e-01,-8.728357662031539510e-01,-6.248079031169696762e+00,6.241739092228545060e-05
2.300000000000001349e-02,9.853905720409302793e-01,-1.445962114232526574e-01,-9.122329247305382971e-01,-6.242425296584997341e+00,6.525454505474929576e-05
2.400000000000001438e-02,9.844586558451844382e-01,-1.508357059261724864e-01,-9.515931843106288923e-01,-6.236522162979221129e+00,6.809169918716416210e-05
2.500000000000001527e-02,9.834873985024020770e-01,-1.570691726974265401e-01,-9.909149537412544895e-01,-6.230369874864790880e+00,7.092885331952792185e-05
2.600000000000001615e-02,9.824768392976412912e-01,-1.632963627090580905e-01,-1.030196643488850761e+00,-6.223968687062555460e+00,7.376600745183844727e-05
2.700000000000001704e-02,9.814270191046309266e-01,-1.695170271930803996e-01,-1.069436665757212079e+00,-6.217318864689779900e+00,7.660316158409361063e-05
2.800000000000001793e-02,9.803379803839986639e-01,-1.757309176517670990e-01,-1.108633434556149266e+00,-6.210420683147652277e+00,7.944031571629127061e-05
2.900000000000001882e-02,9.792097671814307125e-01,-1.819377858679295523e-01,-1.147785365770048527e+00,-6.203274428108309202e+00,8.227746984842931302e-05
3.000000000000001971e-02,9.780424251257633372e-01,-1.881373839151811167e-01,-1.186890877226329799e+00,-6.195880395501376370e+00,8.511462398050561012e-05
3.100000000000002059e-02,9.768360014270051073e-01,-1.943294641681877766e-01,-1.225948388763798746e+00,-6.188238891500033034e+00,8.795177811251802061e-05
3.200000000000002148e-02,9.755905448742917541e-01,-2.005137793129044832e-01,-1.264956322300889502e+00,-6.180350232506591546e+00,9.078893224446441673e-05
3.300000000000002237e-02,9.743061058337724178e-01,-2.066900823567968393e-01,-1.303913101903796168e+00,-6.172214745137604375e+00,9.362608637634267075e-05
3.400000000000002326e-02,9.729827362464277263e-01,-2.128581266390477678e-01,-1.342817153854485968e+00,-6.163832766208488856e+00,9.646324050815065492e-05
3.500000000000002415e-02,9.716204896258202606e-01,-2.190176658407484434e-01,-1.381666906718593602e+00,-6.155204642717676755e+00,9.930039463988624149e-05
3.600000000000002504e-02,9.702194210557767429e-01,-2.251684539950732089e-01,-1.420460791413191703e+00,-6.146330731830288663e+00,1.021375487715473027e-04
3.700000000000002592e-02,9.687795871880030552e-01,-2.313102454974378663e-01,-1.459197241274433399e+00,-6.137211400861332322e+00,1.049747029031317108e-04
3.800000000000002681e-02,9.673010462396313125e-01,-2.374427951156410366e-01,-1.497874692125064744e+00,-6.127847027258430224e+00,1.078118570346373246e-04
3.900000000000002770e-02,9.657838579906993237e-01,-2.435658579999878393e-01,-1.536491582341802387e+00,-6.118237998584072024e+00,1.106490111660620297e-04
4.000000000000002859e-02,9.642280837815632166e-01,-2.496791896933958088e-01,-1.575046352922572668e+00,-6.108384712497398894e+00,1.134861652974036850e-04
4.100000000000002948e-02,9.626337865102426727e-01,-2.557825461414821033e-01,-1.613537447553609505e+00,-6.098287576735514470e+00,1.163233194286601626e-04
4.200000000000003036e-02,9.610010306296991045e-01,-2.618756837026320894e-01,-1.651963312676407281e+00,-6.087947009094331285e+00,1.191604735598293348e-04
4.300000000000003125e-02,9.593298821450468861e-01,-2.679583591580482205e-01,-1.690322397554524070e+00,-6.077363437408946467e+00,1.219976276909090740e-04
4.400000000000003214e-02,9.576204086106980817e-01,-2.740303297217793754e-01,-1.728613154340233216e+00,-6.066537299533552030e+00,1.248347818218972522e-04
4.500000000000003303e-02,9.558726791274403389e-01,-2.800913530507295190e-01,-1.766834038141018803e+00,-6.055469043320884204e+00,1.276719359527917418e-04
4.600000000000003392e-02,9.540867643394487230e-01,-2.861411872546459345e-01,-1.804983507085912153e+00,-6.044159126601202914e+00,1.305090900835904151e-04
4.700000000000003481e-02,9.522627364312307163e-01,-2.921795909060860286e-01,-1.843060022391664665e+00,-6.032608017160815628e+00,1.333462442142911307e-04
4.800000000000003569e-02,9.504006691245058258e-01,-2.982063230503623763e-01,-1.881062048428754574e+00,-6.020816192720135795e+00,1.361833983448917473e-04
4.900000000000003658e-02,9.485006376750186874e-01,-3.042211432154657280e-01,-1.918988052787224952e+00,-6.008784140911287430e+00,1.390205524753901779e-04
5.000000000000003747e-02,9.465627188692868899e-01,-3.102238114219652565e-01,-1.956836506342346294e+00,-5.996512359255245173e+00,1.418577066057842540e-04
5.100000000000003836e-02,9.445869910212826293e-01,-3.162140881928859337e-01,-1.994605883320104356e+00,-5.984001355138526712e+00,1.446948607360718615e-04
5.200000000000003925e-02,9.425735339690496373e-01,-3.221917345635620933e-01,-2.032294661362506805e+00,-5.971251645789422469e+00,1.475320148662508861e-04
5.300000000000004013e-02,9.405224290712546065e-01,-3.281565120914671230e-01,-2.069901321592706900e+00,-5.958263758253778519e+00,1.503691689963191594e-04
5.400000000000004102e-02,9.384337592036732234e-01,-3.341081828660188435e-01,-2.107424348679939552e+00,-5.945038229370325666e+00,1.532063231262745945e-04
5.500000000000004191e-02,9.363076087556120308e-01,-3.400465095183597963e-01,-2.144862230904267530e+00,-5.931575605745558200e+00,1.560434772561150227e-04
5.600000000000004280e-02,9.341440636262652308e-01,-3.459712552311122180e-01,-2.182213460221133605e+00,-5.917876443728165903e+00,1.588806313858383572e-04
5.700000000000004369e-02,9.319432112210069841e-01,-3.518821837481073689e-01,-2.219476532325715734e+00,-5.903941309383019309e+00,1.617177855154424294e-04
5.800000000000004458e-02,9.297051404476197600e-01,-3.577790593840883826e-01,-2.256649946717083299e+00,-5.889770778464710865e+00,1.645549396449251251e-04
5.900000000000004546e-02,9.274299417124581835e-01,-3.636616470343866925e-01,-2.293732206762146841e+00,-5.875365436390651119e+00,1.673920937742843303e-04
6.000000000000004635e-02,9.251177069165495981e-01,-3.695297121845712573e-01,-2.330721819759403513e+00,-5.860725878213726148e+00,1.702292479035179035e-04
6.100000000000004724e-02,9.227685294516306813e-01,-3.753830209200699763e-01,-2.367617297002470256e+00,-5.845852708594516223e+00,1.730664020326237035e-04
6.200000000000004813e-02,9.203825041961203324e-01,-3.812213399357635146e-01,-2.404417153843404709e+00,-5.830746541773072167e+00,1.759035561615996160e-04
6.300000000000004208e-02,9.179597275110300547e-01,-3.870444365455503744e-01,-2.441119909755809392e+00,-5.815408001540261829e+00,1.787407102904434999e-04
6.400000000000004297e-02,9.155002972358106117e-01,-3.928520786918832108e-01,-2.477724088397715185e+00,-5.799837721208679575e+00,1.815778644191532408e-04
6.500000000000004385e-02,9.130043126841363987e-01,-3.986440349552759499e-01,-2.514228217674242316e+00,-5.784036343583125017e+00,1.844150185477266975e-04
6.600000000000004474e-02,9.104718746396273099e-01,-4.044200745637808181e-01,-2.550630829800034416e+00,-5.768004520930650969e+00,1.872521726761617559e-04
6.700000000000004563e-02,9.079030853515077659e-01,-4.101799674024356746e-01,-2.586930461361462985e+00,-5.751742914950183305e+00,1.900893268044562745e-04
6.800000000000004652e-02,9.052980485302041247e-01,-4.159234840226803676e-01,-2.623125653378600486e+00,-5.735252196741717157e+00,1.929264809326081121e-04
6.900000000000004741e-02,9.026568693428801415e-01,-4.216503956517423379e-01,-2.659214951366956292e+00,-5.718533046775084117e+00,1.957636350606151545e-04
7.000000000000004829e-02,8.999796544089105899e-01,-4.273604742019905811e-01,-2.695196905398973719e+00,-5.701586154858302891e+00,1.986007891884752604e-04
7.100000000000004918e-02,8.972665117952939307e-01,-4.330534922802578568e-01,-2.731070070165286356e+00,-5.684412220105507174e+00,2.014379433161863156e-04
7.200000000000005007e-02,8.945175510120034756e-01,-4.387292231971306466e-01,-2.766833005035727489e+00,-5.667011950904456086e+00,2.042750974437461788e-04
7.300000000000005096e-02,8.917328830072775991e-01,-4.443874409762061939e-01,-2.802484274120093044e+00,-5.649386064883628045e+00,2.071122515711527358e-04
7.400000000000005185e-02,8.889126201628498869e-01,-4.500279203633167913e-01,-2.838022446328652748e+00,-5.631535288878902534e+00,2.099494056984038454e-04
7.500000000000005274e-02,8.860568762891182226e-01,-4.556504368357202628e-01,-2.873446095432407255e+00,-5.613460358899831526e+00,2.127865598254973932e-04
7.600000000000005362e-02,8.831657666202540335e-01,-4.612547666112565836e-01,-2.908753800123088595e+00,-5.595162020095496125e+00,2.156237139524312381e-04
7.700000000000005451e-02,8.802394078092519170e-01,-4.668406866574703051e-01,-2.943944144072899061e+00,-5.576641026719962646e+00,2.184608680792032387e-04
7.800000000000005540e-02,8.772779179229189817e-01,-4.724079747006978414e-01,-2.979015715993988955e+00,-5.557898142097330130e+00,2.212980222058112808e-04
7.900000000000005629e-02,8.742814164368057916e-01,-4.779564092351201166e-01,-3.013967109697667457e+00,-5.538934138586375511e+00,2.241351763322532232e-04
8.000000000000005718e-02,8.712500242300772468e-01,-4.834857695317792414e-01,-3.048796924153344357e+00,-5.519749797544799996e+00,2.269723304585269516e-04
8.100000000000005806e-02,8.681838635803255100e-01,-4.889958356475594403e-01,-3.083503763547201793e+00,-5.500345909293077540e+00,2.298094845846303247e-04
8.200000000000005895e-02,8.650830581583237588e-01,-4.944863884341316185e-01,-3.118086237340588873e+00,-5.480723273077902746e+00,2.326466387105612283e-04
8.300000000000005984e-02,8.619477330227219847e-01,-4.999572095468610700e-01,-3.152542960328140964e+00,-5.460882697035253308e+00,2.354837928363175212e-04
8.400000000000006073e-02,8.587780146146847260e-01,-5.054080814536782151e-01,-3.186872552695618310e+00,-5.440824998153054537e+00,2.383209469618970621e-04
8.500000000000006162e-02,8.555740307524714039e-01,-5.108387874439116461e-01,-3.221073640077461331e+00,-5.420551002233458426e+00,2.411581010872977367e-04
8.600000000000006251e-02,8.523359106259585927e-01,-5.162491116370833133e-01,-3.255144853614059475e+00,-5.400061543854738133e+00,2.439952552125174308e-04
8.700000000000006339e-02,8.490637847911057801e-01,-5.216388389916655210e-01,-3.289084830008734528e+00,-5.379357466332793436e+00,2.468324093375539761e-04
8.800000000000006428e-02,8.457577851643641731e-01,-5.270077553137991755e-01,-3.322892211584429489e+00,-5.358439621682278720e+00,2.496695634624052583e-04
8.900000000000006517e-02,8.424180450170285495e-01,-5.323556472659728422e-01,-3.356565646340104792e+00,-5.337308870577353481e+00,2.525067175870691905e-04
9.000000000000006606e-02,8.390446989695333757e-01,-5.376823023756623909e-01,-3.390103788006838315e+00,-5.315966082312051810e+00,2.553438717115436040e-04
9.100000000000006695e-02,8.356378829856927482e-01,-5.429875090439311158e-01,-3.423505296103627416e+00,-5.294412134760280608e+00,2.581810258358263306e-04
9.200000000000006783e-02,8.321977343668847116e-01,-5.482710565539892222e-01,-3.456768835992885425e+00,-5.272647914335446551e+00,2.610181799599153103e-04
9.300000000000006872e-02,8.287243917461800669e-01,-5.535327350797133450e-01,-3.489893078935638826e+00,-5.250674315949714455e+00,2.638553340838083747e-04
9.400000000000006961e-02,8.252179950824164445e-01,-5.587723356941243225e-01,-3.522876702146412242e+00,-5.228492242972897053e+00,2.666924882075034095e-04
9.500000000000007050e-02,8.216786856542175332e-01,-5.639896503778245584e-01,-3.555718388847809219e+00,-5.206102607190985943e+00,2.695296423309983007e-04
9.600000000000007139e-02,8.181066060539576856e-01,-5.691844720273929736e-01,-3.588416828324776819e+00,-5.183506328764314830e+00,2.723667964542908796e-04
9.700000000000007228e-02,8.145019001816725668e-01,-5.743565944637384346e-01,-3.620970715978557575e+00,-5.160704336185369279e+00,2.752039505773790323e-04
9.800000000000007316e-02,8.108647132389161793e-01,-5.795058124404107724e-01,-3.653378753380325250e+00,-5.137697566236239410e+00,2.780411047002606445e-04
9.900000000000007405e-02,8.071951917225641537e-01,-5.846319216518687245e-01,-3.685639648324498641e+00,-5.114486963945719999e+00,2.808782588229336019e-04
1.000000000000000749e-01,8.034934834185639696e-01,-5.897347187417051328e-01,-3.717752114881736958e+00,-5.091073482546057960e+00,2.837154129453957362e-04
1.010000000000000758e-01,7.997597373956323308e-01,-5.948140013108288437e-01,-3.749714873451608366e+00,-5.067458083429353444e+00,2.865525670676449333e-04
1.020000000000000767e-01,7.959941039989002487e-01,-5.998695679256023094e-01,-3.781526650814932999e+00,-5.043641736103618101e+00,2.893897211896790788e-04
1.030000000000000776e-01,7.921967348435053902e-01,-6.049012181259355581e-01,-3.813186180185797358e+00,-5.019625418148485174e+00,2.922268753114960044e-04
1.040000000000000785e-01,7.883677828081332439e-01,-6.099087524333355326e-01,-3.844692201263236520e+00,-4.995410115170587417e+00,2.950640294330935959e-04
1.050000000000000794e-01,7.845074020285064398e-01,-6.148919723589103548e-01,-3.876043460282584174e+00,-4.970996820758593060e+00,2.979011835544697392e-04
1.060000000000000803e-01,7.806157478908227754e-01,-6.198506804113292912e-01,-3.907238710066486487e+00,-4.946386536437906933e+00,3.007383376756223199e-04
1.070000000000000812e-01,7.766929770251427279e-01,-6.247846801047360898e-01,-3.938276710075576670e+00,-4.921580271625047409e+00,3.035754917965491698e-04
1.080000000000000820e-01,7.727392472987260064e-01,-6.296937759666176859e-01,-3.969156226458811609e+00,-4.896579043581684054e+00,3.064126459172481745e-04
1.090000000000000829e-01,7.687547178093183664e-01,-6.345777735456258339e-01,-3.999876032103464318e+00,-4.871383877368361759e+00,3.092498000377172200e-04
1.100000000000000838e-01,7.647395488783885753e-01,-6.394364794193528878e-01,-4.030434906684773111e+00,-4.845995805797890910e+00,3.120869541579541378e-04
1.110000000000000847e-01,7.606939020443155286e-01,-6.442697012020607295e-01,-4.060831636715242610e+00,-4.820415869388426700e+00,3.149241082779568137e-04
1.120000000000000856e-01,7.566179400555265167e-01,-6.490772475523621798e-01,-4.091065015593598808e+00,-4.794645116316225142e+00,3.177612623977231336e-04
1.130000000000000865e-01,7.525118268635868635e-01,-6.538589281808557807e-01,-4.121133843653390194e+00,-4.768684602368088221e+00,3.205984165172509831e-04
1.140000000000000874e-01,7.483757276162407157e-01,-6.586145538577120595e-01,-4.151036928211237154e+00,-4.742535390893495517e+00,3.234355706365381940e-04
1.150000000000000883e-01,7.442098086504042032e-01,-6.633439364202123878e-01,-4.180773083614727881e+00,-4.716198552756430296e+00,3.262727247555826521e-04
1.160000000000000892e-01,7.400142374851104154e-01,-6.680468887802391009e-01,-4.210341131289954575e+00,-4.689675166286899177e+00,3.291098788743822431e-04
1.170000000000000900e-01,7.357891828144074164e-01,-6.727232249317173229e-01,-4.239739899788695254e+00,-4.662966317232146274e+00,3.319470329929348528e-04
1.180000000000000909e-01,7.315348145002092961e-01,-6.773727599580076086e-01,-4.268968224835228753e+00,-4.636073098707573337e+00,3.347841871112383128e-04
1.190000000000000918e-01,7.272513035651001490e-01,-6.819953100392494028e-01,-4.298024949372793557e+00,-4.608996611147357036e+00,3.376213412292905090e-04
1.200000000000000927e-01,7.229388221850920893e-01,-6.865906924596549832e-01,-4.326908923609676272e+00,-4.581737962254779362e+00,3.404584953470892730e-04
1.210000000000000936e-01,7.185975436823374141e-01,-6.911587256147536662e-01,-4.355619005064938598e+00,-4.554298266952261365e+00,3.432956494646325447e-04
1.220000000000000945e-01,7.142276425177950250e-01,-6.956992290185859407e-01,-4.384154058613771276e+00,-4.526678647331112693e+00,3.461328035819181558e-04
1.230000000000000954e-01,7.098292942838517749e-01,-7.002120233108468650e-01,-4.412512956532483877e+00,-4.498880232600996010e+00,3.489699576989439920e-04
1.240000000000000963e-01,7.054026756968991840e-01,-7.046969302639792820e-01,-4.440694578543116222e+00,-4.470904159039108983e+00,3.518071118157078850e-04
1.250000000000000833e-01,7.009479645898653022e-01,-7.091537727902156307e-01,-4.468697811857681224e+00,-4.442751569939088263e+00,3.546442659322077747e-04
1.260000000000000842e-01,6.964653399047028293e-01,-7.135823749485689094e-01,-4.496521551222032009e+00,-4.414423615559639025e+00,3.574814200484414386e-04
1.270000000000000850e-01,6.919549816848337143e-01,-7.179825619517717916e-01,-4.524164698959348030e+00,-4.385921453072888276e+00,3.603185741644068167e-04
1.280000000000000859e-01,6.874170710675499008e-01,-7.223541601731641171e-01,-4.551626165013248126e+00,-4.357246246512474386e+00,3.631557282801017947e-04
1.290000000000000868e-01,6.828517902763718839e-01,-7.266969971535285344e-01,-4.578904866990519018e+00,-4.328399166721364821e+00,3.659928823955242044e-04
1.300000000000000877e-01,6.782593226133639686e-01,-7.310109016078732980e-01,-4.605999730203465425e+00,-4.299381391299413657e+00,3.688300365106719314e-04
1.310000000000000886e-01,6.736398524514080055e-01,-7.352957034321632168e-01,-4.632909687711873836e+00,-4.270194104550659731e+00,3.716671906255428074e-04
1.320000000000000895e-01,6.689935652264348276e-01,-7.395512337099969802e-01,-4.659633680364592578e+00,-4.240838497430363674e+00,3.745043447401347181e-04
1.330000000000000904e-01,6.643206474296148301e-01,-7.437773247192320802e-01,-4.686170656840726423e+00,-4.211315767491795370e+00,3.773414988544455495e-04
1.340000000000000913e-01,6.596212865995071395e-01,-7.479738099385560002e-01,-4.712519573690442165e+00,-4.181627118832768275e+00,3.801786529684731872e-04
1.350000000000000921e-01,6.548956713141682595e-01,-7.521405240540040005e-01,-4.738679395375384296e+00,-4.151773762041925053e+00,3.830158070822155172e-04
1.360000000000000930e-01,6.501439911832207486e-01,-7.562773029654228374e-01,-4.764649094308701649e+00,-4.121756914144782513e+00,3.858529611956703709e-04
1.370000000000000939e-01,6.453664368398815965e-01,-7.603839837928806356e-01,-4.790427650894679701e+00,-4.091577798549529632e+00,3.886901153088356342e-04
1.380000000000000948e-01,6.405631999329516324e-01,-7.644604048830224707e-01,-4.816014053567980291e+00,-4.061237644992591100e+00,3.915272694217091388e-04
1.390000000000000957e-01,6.357344731187656306e-01,-7.685064058153712185e-01,-4.841407298832488770e+00,-4.030737689483955499e+00,3.943644235342888245e-04
1.400000000000000966e-01,6.308804500531038917e-01,-7.725218274085734471e-01,-4.866606391299759693e+00,-4.000079174252268110e+00,3.972015776465725231e-04
1.410000000000000975e-01,6.260013253830654101e-01,-7.765065117265909089e-01,-4.891610343727069043e+00,-3.969263347689699462e+00,4.000387317585581202e-04
1.420000000000000984e-01,6.210972947389032939e-01,-7.804603020848362993e-01,-4.916418177055067673e+00,-3.938291464296584721e+00,4.028758858702434476e-04
1.430000000000000993e-01,6.161685547258227702e-01,-7.843830430562532818e-01,-4.941028920445030614e+00,-3.907164784625841047e+00,4.057130399816263910e-04
1.440000000000001001e-01,6.112153029157421091e-01,-7.882745804773417797e-01,-4.965441611315711157e+00,-3.875884575227166895e+00,4.085501940927048362e-04
1.450000000000001010e-01,6.062377378390170213e-01,-7.921347614541264237e-01,-4.989655295379788136e+00,-3.844452108591023709e+00,4.113873482034766690e-04
1.460000000000001019e-01,6.012360589761284180e-01,-7.959634343680691559e-01,-5.013669026679909990e+00,-3.812868663092405797e+00,4.142245023139397211e-04
1.470000000000001028e-01,5.962104667493346444e-01,-7.997604488819257673e-01,-5.037481867624337362e+00,-3.781135522934399251e+00,4.170616564240918782e-04
1.480000000000001037e-01,5.911611625142884074e-01,-8.035256559455454806e-01,-5.061092889022175356e+00,-3.749253978091533934e+00,4.198988105339310261e-04
1.490000000000001046e-01,5.860883485516183988e-01,-8.072589078016141340e-01,-5.084501170118203461e+00,-3.717225324252933394e+00,4.227359646434550506e-04
1.500000000000001055e-01,5.809922280584761678e-01,-8.109600579913404106e-01,-5.107705798627293348e+00,-3.685050862765264057e+00,4.255731187526617834e-04
1.510000000000001064e-01,5.758730051400492433e-01,-8.146289613600842250e-01,-5.130705870768421661e+00,-3.652731900575486357e+00,4.284102728615491102e-04
1.520000000000001072e-01,5.707308848010401725e-01,-8.182654740629290435e-01,-5.153500491298269814e+00,-3.620269750173412682e+00,4.312474269701149169e-04
1.530000000000001081e-01,5.655660729371120299e-01,-8.218694535701952519e-01,-5.176088773544416100e+00,-3.587665729534074810e+00,4.340845810783570350e-04
1.540000000000001090e-01,5.603787763263011756e-01,-8.254407586728970125e-01,-5.198469839438113027e+00,-3.554921162059904383e+00,4.369217351862733504e-04
1.550000000000001099e-01,5.551692026203974839e-01,-8.289792494881403906e-01,-5.220642819546653435e+00,-3.522037376522726859e+00,4.397588892938617488e-04
1.560000000000001108e-01,5.499375603362920417e-01,-8.324847874644636381e-01,-5.242606853105323594e+00,-3.489015707005577394e+00,4.425960434011201160e-04
1.570000000000001117e-01,5.446840588472935396e-01,-8.359572353871195238e-01,-5.264361088048942428e+00,-3.455857492844337298e+00,4.454331975080462838e-04
1.580000000000001126e-01,5.394089083744132429e-01,-8.393964573832985998e-01,-5.285904681042982389e+00,-3.422564078569195090e+00,4.482703516146381378e-04
1.590000000000001135e-01,5.341123199776186548e-01,-8.428023189272942917e-01,-5.307236797514279125e+00,-3.389136813845938345e+00,4.511075057208935638e-04
1.600000000000001144e-01,5.287945055470572031e-01,-8.461746868456092585e-01,-5.328356611681321020e+00,-3.355577053417075462e+00,4.539446598268103935e-04
1.610000000000001152e-01,5.234556777942493966e-01,-8.495134293220022448e-01,-5.349263306584122191e+00,-3.321886157042793108e+00,4.567818139323865127e-04
1.620000000000001161e-01,5.180960502432527814e-01,-8.528184159024764233e-01,-5.369956074113678035e+00,-3.288065489441752032e+00,4.596189680376198071e-04
1.630000000000001170e-01,5.127158372217963667e-01,-8.560895175002081192e-01,-5.390434115041002450e+00,-3.254116420231724316e+00,4.624561221425081627e-04
1.640000000000001179e-01,5.073152538523860722e-01,-8.593266064004162486e-01,-5.410696639045744050e+00,-3.220040323870074772e+00,4.652932762470494109e-04
1.650000000000001188e-01,5.018945160433821995e-01,-8.625295562651720260e-01,-5.430742864744383169e+00,-3.185838579594091780e+00,4.681304303512414376e-04
1.660000000000001197e-01,4.964538404800484250e-01,-8.656982421381489434e-01,-5.450572019718009642e+00,-3.151512571361166248e+00,4.709675844550821285e-04
1.670000000000001206e-01,4.909934446155737042e-01,-8.688325404493129067e-01,-5.470183340539676919e+00,-3.117063687788828030e+00,4.738047385585693154e-04
1.680000000000001215e-01,4.855135466620667528e-01,-8.719323290195525322e-01,-5.489576072801336082e+00,-3.082493322094638000e+00,4.766418926617009381e-04
1.690000000000001223e-01,4.800143655815237165e-01,-8.749974870652488246e-01,-5.508749471140347964e+00,-3.047802872035941579e+00,4.794790467644748284e-04
1.700000000000001232e-01,4.744961210767698612e-01,-8.780278952027849027e-01,-5.527702799265570732e+00,-3.012993739849485486e+00,4.823162008668888177e-04
1.710000000000001241e-01,4.689590335823751177e-01,-8.810234354529951073e-01,-5.546435329983025575e+00,-2.978067332190902583e+00,4.851533549689408462e-04
1.720000000000001250e-01,4.634033242555443133e-01,-8.839839912455536020e-01,-5.564946345221141399e+00,-2.943025060074066612e+00,4.879905090706287453e-04
1.730000000000001259e-01,4.578292149669822009e-01,-8.869094474233022440e-01,-5.583235136055570536e+00,-2.907868338810319475e+00,4.908276631719504009e-04
1.740000000000001268e-01,4.522369282917341748e-01,-8.897996902465175051e-01,-5.601301002733583445e+00,-2.872598587947576831e+00,4.936648172729036447e-04
1.750000000000001277e-01,4.466266875000025061e-01,-8.926546073971167727e-01,-5.619143254698037104e+00,-2.837217231209313351e+00,4.965019713734864166e-04
1.760000000000001286e-01,4.409987165479389293e-01,-8.954740879828031463e-01,-5.636761210610922390e+00,-2.801725696433428947e+00,4.993391254736965481e-04
1.770000000000001295e-01,4.353532400684140824e-01,-8.982580225411492814e-01,-5.654154198376478924e+00,-2.766125415511004437e+00,5.021762795735318710e-04
1.780000000000001303e-01,4.296904833617636865e-01,-9.010063030436200604e-01,-5.671321555163891581e+00,-2.730417824324944398e+00,5.050134336729903252e-04
1.790000000000001312e-01,4.240106723865125771e-01,-9.037188228995334249e-01,-5.688262627429556240e+00,-2.694604362688513444e+00,5.078505877720697424e-04
1.800000000000001321e-01,4.183140337500763639e-01,-9.063954769599602557e-01,-5.704976770938923636e+00,-2.658686474283768586e+00,5.106877418707679540e-04
1.810000000000001330e-01,4.126007946994418307e-01,-9.090361615215621915e-01,-5.721463350787913349e+00,-2.622665606599889454e+00,5.135248959690829002e-04
1.820000000000001339e-01,4.068711831118258515e-01,-9.116407743303678313e-01,-5.737721741423904120e+00,-2.586543210871412146e+00,5.163620500670124125e-04
1.830000000000001348e-01,4.011254274853134905e-01,-9.142092145854870955e-01,-5.753751326666294297e+00,-2.550320742016367159e+00,5.191992041645544309e-04
1.840000000000001357e-01,3.953637569294761178e-01,-9.167413829427640826e-01,-5.769551499726642163e+00,-2.513999658574325391e+00,5.220363582617066787e-04
1.850000000000001366e-01,3.895864011559692086e-01,-9.192371815183673078e-01,-5.785121663228370181e+00,-2.477581422644357989e+00,5.248735123584672042e-04
1.860000000000001374e-01,3.837935904691108235e-01,-9.216965138923182144e-01,-5.800461229226053561e+00,-2.441067499822907827e+00,5.277106664548337307e-04
1.870000000000001383e-01,3.779855557564409385e-01,-9.241192851119574003e-01,-5.815569619224270959e+00,-2.404459359141581043e+00,5.305478205508041981e-04
1.880000000000001392e-01,3.721625284792623445e-01,-9.265054016953487848e-01,-5.830446264196036843e+00,-2.367758473004859088e+00,5.333849746463765465e-04
1.890000000000001401e-01,3.663247406631630065e-01,-9.288547716346211569e-01,-5.845090604600803985e+00,-2.330966317127733500e+00,5.362221287415484990e-04
1.900000000000001410e-01,3.604724248885209370e-01,-9.311673043992476639e-01,-5.859502090402037844e+00,-2.294084370473270518e+00,5.390592828363179956e-04
1.910000000000001419e-01,3.546058142809914715e-01,-9.334429109392623491e-01,-5.873680181084365515e+00,-2.257114115190101966e+00,5.418964369306829764e-04
1.920000000000001428e-01,3.487251425019777806e-01,-9.356815036884147396e-01,-5.887624345670301018e+00,-2.220057036549854868e+00,5.447335910246411646e-04
1.930000000000001437e-01,3.428306437390847283e-01,-9.378829965672612623e-01,-5.901334062736538044e+00,-2.182914622884511324e+00,5.475707451181905001e-04
1.940000000000001446e-01,3.369225526965567985e-01,-9.400473049861944874e-01,-5.914808820429822589e+00,-2.145688365523714225e+00,5.504078992113289230e-04
1.950000000000001454e-01,3.310011045857002565e-01,-9.421743458484093114e-01,-5.928048116482393937e+00,-2.108379758732010334e+00,5.532450533040542649e-04
1.960000000000001463e-01,3.250665351152901006e-01,-9.442640375528064123e-01,-5.941051458227004645e+00,-2.070990299646042310e+00,5.560822073963643574e-04
1.970000000000001472e-01,3.191190804819621918e-01,-9.463162999968329769e-01,-5.953818362611510651e+00,-2.033521488211687434e+00,5.589193614882570320e-04
1.980000000000001481e-01,3.131589773605911176e-01,-9.483310545792604795e-01,-5.966348356213040383e+00,-1.995974827121150375e+00,5.617565155797302288e-04
1.990000000000001490e-01,3.071864628946539000e-01,-9.503082242028995097e-01,-5.978640975251733103e+00,-1.958351821750008437e+00,5.645936696707818878e-04
2.000000000000001499e-01,3.012017746865803813e-01,-9.522477332772517622e-01,-5.990695765604056255e+00,-1.920653980094215951e+00,5.674308237614097321e-04
2.010000000000001508e-01,2.952051507880903980e-01,-9.541495077210986331e-01,-6.002512282815696487e+00,-1.882882812707069364e+00,5.702679778516117019e-04
2.020000000000001517e-01,2.891968296905182423e-01,-9.560134749650274211e-01,-6.014090092114028785e+00,-1.845039832636136135e+00,5.731051319413857370e-04
2.030000000000001525e-01,2.831770503151249674e-01,-9.578395639538936912e-01,-6.025428768420156622e+00,-1.807126555360150544e+00,5.759422860307295607e-04
2.040000000000001534e-01,2.771460520033988129e-01,-9.596277051492211330e-01,-6.036527896360534662e+00,-1.769144498725878867e+00,5.787794401196411130e-04
2.050000000000001543e-01,2.711040745073441949e-01,-9.613778305315378025e-01,-6.047387070278162469e+00,-1.731095182884958117e+00,5.816165942081183340e-04
2.060000000000001552e-01,2.650513579797597052e-01,-9.630898736026495266e-01,-6.058005894243359002e+00,-1.692980130230710811e+00,5.844537482961590551e-04
2.070000000000001561e-01,2.589881429645056743e-01,-9.647637693878500231e-01,-6.068383982064114335e+00,-1.654800865334937310e+00,5.872909023837611080e-04
2.080000000000001570e-01,2.529146703867615198e-01,-9.663994544380676288e-01,-6.078520957296017713e+00,-1.616558914884691278e+00,5.901280564709223244e-04
2.090000000000001579e-01,2.468311815432731593e-01,-9.679968668319490765e-01,-6.088416453251766391e+00,-1.578255807619038720e+00,5.929652105576406441e-04
2.100000000000001588e-01,2.407379180925915130e-01,-9.695559461778796573e-01,-6.098070113010252591e+00,-1.539893074265805017e+00,5.958023646439138989e-04
2.110000000000001597e-01,2.346351220453019026e-01,-9.710766336159407652e-01,-6.107481589425228563e+00,-1.501472247478313315e+00,5.986395187297400286e-04
2.120000000000001605e-01,2.285230357542449853e-01,-9.725588718198032723e-01,-6.116650545133555106e+00,-1.462994861772114907e+00,6.014766728151168650e-04
2.130000000000001614e-01,2.224019019047297485e-01,-9.740026049985585077e-01,-6.125576652563026414e+00,-1.424462453461716738e+00,6.043138269000422396e-04
2.140000000000001623e-01,2.162719635047388178e-01,-9.754077788984854003e-01,-6.134259593939781929e+00,-1.385876560597308238e+00,6.071509809845140925e-04
2.150000000000001632e-01,2.101334638751265194e-01,-9.767743408047544484e-01,-6.142699061295294527e+00,-1.347238722901489938e+00,6.099881350685302552e-04
2.160000000000001641e-01,2.039866466398103650e-01,-9.781022395430686300e-01,-6.150894756472944813e+00,-1.308550481706006963e+00,6.128252891520885592e-04
2.170000000000001650e-01,1.978317557159558759e-01,-9.793914254812409181e-01,-6.158846391134175313e+00,-1.269813379888490523e+00,6.156624432351869448e-04
2.180000000000001659e-01,1.916690353041557437e-01,-9.806418505307085143e-01,-6.166553686764234321e+00,-1.231028961809210065e+00,6.184995973178232433e-04
2.190000000000001668e-01,1.854987298786032468e-01,-9.818534681479839099e-01,-6.174016374677497865e+00,-1.192198773247838961e+00,6.213367513999953949e-04
2.200000000000001676e-01,1.793210841772606701e-01,-9.830262333360424432e-01,-6.181234196022381333e+00,-1.153324361340235971e+00,6.241739054817011228e-04
2.210000000000001685e-01,1.731363431920229790e-01,-9.841601026456472390e-01,-6.188206901785833658e+00,-1.114407274515246016e+00,6.270110595629384753e-04
2.220000000000001694e-01,1.669447521588771632e-01,-9.852550341766104225e-01,-6.194934252797422047e+00,-1.075449062431523606e+00,6.298482136437051756e-04
2.230000000000001703e-01,1.607465565480578618e-01,-9.863109875789912717e-01,-6.201416019733001939e+00,-1.036451275914379355e+00,6.326853677239991638e-04
2.240000000000001712e-01,1.545420020541992678e-01,-9.873279240542315316e-01,-6.207651983117974837e+00,-9.974154668926550338e-01,6.355225218038182715e-04
2.250000000000001721e-01,1.483313345864842314e-01,-9.883058063562271123e-01,-6.213641933330138478e+00,-9.583431883356284819e-01,6.383596758831604386e-04
2.260000000000001730e-01,1.421148002587905856e-01,-9.892445987923372819e-01,-6.219385670602121330e+00,-9.192359941899513887e-01,6.411968299620234967e-04
2.270000000000001739e-01,1.358926453798352529e-01,-9.901442672243302434e-01,-6.224883005023412963e+00,-8.800954393166223744e-01,6.440339840404052775e-04
2.280000000000001747e-01,1.296651164433164916e-01,-9.910047790692662062e-01,-6.230133756541985868e+00,-8.409230794279990429e-01,6.468711381183037210e-04
2.290000000000001756e-01,1.234324601180548930e-01,-9.918261033003171745e-01,-6.235137754965506041e+00,-8.017204710248500010e-01,6.497082921957166588e-04
2.300000000000001765e-01,1.171949232381331585e-01,-9.926082104475240087e-01,-6.239894839962140338e+00,-7.624891713334517318e-01,6.525454462726419224e-04
2.310000000000001774e-01,1.109527527930353752e-01,-9.933510725984902034e-01,-6.244404861060957046e+00,-7.232307382427309861e-01,6.553826003490774519e-04
2.320000000000001783e-01,1.047061959177860990e-01,-9.940546633990136050e-01,-6.248667677651922325e+00,-6.839467302414563576e-01,6.582197544250210789e-04
2.330000000000001792e-01,9.845549988308964495e-02,-9.947189580536542897e-01,-6.252683158985491652e+00,-6.446387063554814834e-01,6.610569085004707433e-04
2.340000000000001801e-01,9.220091208546991879e-02,-9.953439333262408262e-01,-6.256451184171801572e+00,-6.053082260850428664e-01,6.638940625754242769e-04
2.350000000000001810e-01,8.594268003741135920e-02,-9.959295675403130321e-01,-6.259971642179455564e+00,-5.659568493421139879e-01,6.667312166498795111e-04
2.360000000000001819e-01,7.968105135750121193e-02,-9.964758405795024476e-01,-6.263244431833911108e+00,-5.265861363878192591e-01,6.695683707238342776e-04
2.370000000000001827e-01,7.341627376057367760e-02,-9.969827338878504142e-01,-6.266269461815468844e+00,-4.871976477699098140e-01,6.724055247972865164e-04
2.380000000000001836e-01,6.714859504785619659e-02,-9.974502304700630928e-01,-6.269046650656860287e+00,-4.477929442603041377e-01,6.752426788702341675e-04
2.390000000000001845e-01,6.087826309711843326e-02,-9.978783148917047541e-01,-6.271575926740437623e+00,-4.083735867926955310e-01,6.780798329426749541e-04
2.400000000000001854e-01,5.460552585282420907e-02,-9.982669732793283401e-01,-6.273857228294971833e+00,-3.689411364002296301e-01,6.809169870146068162e-04
2.410000000000001863e-01,4.833063131628684284e-02,-9.986161933205435215e-01,-6.275890503392047570e+00,-3.294971541532538684e-01,6.837541410860276938e-04
2.420000000000001872e-01,4.205382753582830729e-02,-9.989259642640232473e-01,-6.277675709942069915e+00,-2.900432010971418229e-01,6.865912951569353101e-04
2.430000000000001881e-01,3.577536259694258369e-02,-9.991962769194474570e-01,-6.279212815689876770e+00,-2.505808381901945547e-01,6.894284492273277136e-04
2.440000000000001890e-01,2.949548461246356140e-02,-9.994271236573847306e-01,-6.280501798209956910e+00,-2.111116262416220246e-01,6.922656032972026273e-04
2.450000000000001898e-01,2.321444171273796472e-02,-9.996184984091128767e-01,-6.281542644901279004e+00,-1.716371258496063035e-01,6.951027573665579913e-04
2.460000000000001907e-01,1.693248203580360531e-02,-9.997703966663763486e-01,-6.282335352981728960e+00,-1.321588973394494937e-01,6.979399114353916373e-04
2.470000000000001916e-01,1.064985371757341467e-02,-9.998828154810827096e-01,-6.282879929482161785e+00,-9.267850070180878863e-02,7.007770655037015052e-04
2.480000000000001925e-01,4.366804882025608105e-03,-9.999557534649373691e-01,-6.283176391240062664e+00,-5.319749553102078726e-02,7.036142195714854266e-04
2.490000000000001934e-01,-1.916416368599612417e-03,-9.999892107890160364e-01,-6.283224764892824332e+00,-1.371744096351781850e-02,7.064513736387412332e-04
2.500000000000001665e-01,-8.199561963596448469e-03,-9.999831891832764441e-01,-6.283025086870638098e+00,2.576010438366162919e-02,7.092885277054667564e-04
2.510000000000001674e-01,-1.448238387358258272e-02,-9.999376919360078997e-01,-6.282577403389002058e+00,6.523358247426579160e-02,7.121256817716599364e-04
2.520000000000001683e-01,-2.076463412028058467e-02,-9.998527238932201078e-01,-6.281881770440844726e+00,1.047014359141236750e-01,7.149628358373187132e-04
2.530000000000001692e-01,-2.704606478629124552e-02,-9.997282914579704860e-01,-6.280938253788270309e+00,1.441621080123376974e-01,7.177999899024408098e-04
2.540000000000001701e-01,-3.332642802485846767e-02,-9.995644025896301965e-01,-6.279746928953922058e+00,1.836140428423728432e-01,7.206371439670241665e-04
2.550000000000001710e-01,-3.960547606962531303e-02,-9.993610668030893374e-01,-6.278307881211968144e+00,2.230556853030397912e-01,7.234742980310667230e-04
2.560000000000001719e-01,-4.588296124438089735e-02,-9.991182951679010715e-01,-6.276621205578709173e+00,2.624854811793699283e-01,7.263114520945663111e-04
2.570000000000001728e-01,-5.215863597279762898e-02,-9.988361003073652489e-01,-6.274687006802809108e+00,3.019018772033800757e-01,7.291486061575207624e-04
2.580000000000001736e-01,-5.843225278815857016e-02,-9.985144963975507437e-01,-6.272505399355154054e+00,3.413033211147239454e-01,7.319857602199279084e-04
2.590000000000001745e-01,-6.470356434307439342e-02,-9.981534991662579515e-01,-6.270076507418335332e+00,3.806882617212293263e-01,7.348229142817856892e-04
2.600000000000001754e-01,-7.097232341918971454e-02,-9.977531258919200008e-01,-6.267400464875760413e+00,4.200551489593176147e-01,7.376600683430919363e-04
2.610000000000001763e-01,-7.723828293687827473e-02,-9.973133954024442360e-01,-6.264477415300396146e+00,4.594024339543040791e-01,7.404972224038445898e-04
2.620000000000001772e-01,-8.350119596492673602e-02,-9.968343280739931922e-01,-6.261307511943138060e+00,4.987285690805766114e-01,7.433343764640414813e-04
2.630000000000001781e-01,-8.976081573020662507e-02,-9.963159458297053961e-01,-6.257890917720815516e+00,5.380320080216506318e-01,7.461715305236804423e-04
2.640000000000001790e-01,-9.601689562733416172e-02,-9.957582721383563262e-01,-6.254227805203830037e+00,5.773112058300980953e-01,7.490086845827594129e-04
2.650000000000001799e-01,-1.022691892283174309e-01,-9.951613320129595319e-01,-6.250318356603425940e+00,6.165646189873484895e-01,7.518458386412762246e-04
2.660000000000001807e-01,-1.085174502921907591e-01,-9.945251520093076891e-01,-6.246162763758599468e+00,6.557907054633597133e-01,7.546829926992287092e-04
2.670000000000001816e-01,-1.147614327746357687e-01,-9.938497602244544815e-01,-6.241761228122646443e+00,6.949879247761564516e-01,7.575201467566148065e-04
2.680000000000001825e-01,-1.210008908375887482e-01,-9.931351862951368625e-01,-6.237113960749345765e+00,7.341547380512342125e-01,7.603573008134323482e-04
2.690000000000001834e-01,-1.272355788588341585e-01,-9.923814613961378095e-01,-6.232221182278788518e+00,7.732896080808272510e-01,7.631944548696792743e-04
2.700000000000001843e-01,-1.334652514415836377e-01,-9.915886182385900138e-01,-6.227083122922843827e+00,8.123909993830373821e-01,7.660316089253533080e-04
2.710000000000001852e-01,-1.396896634240404056e-01,-9.907566910682205075e-01,-6.221700022450272094e+00,8.514573782608229058e-01,7.688687629804524977e-04
2.720000000000001861e-01,-1.459085698889485416e-01,-9.898857156635365584e-01,-6.216072130171482968e+00,8.904872128608443127e-01,7.717059170349745666e-04
2.730000000000001870e-01,-1.521217261731268866e-01,-9.889757293339523914e-01,-6.210199704922938047e+00,9.294789732321658837e-01,7.745430710889174546e-04
2.740000000000001878e-01,-1.583288878769871511e-01,-9.880267709178573998e-01,-6.204083015051203631e+00,9.684311313848104064e-01,7.773802251422789935e-04
2.750000000000001887e-01,-1.645298108740358700e-01,-9.870388807806264042e-01,-6.197722338396650876e+00,1.007342161348165455e+00,7.802173791950571232e-04
2.760000000000001896e-01,-1.707242513203599266e-01,-9.860121008125707354e-01,-6.191117962276809550e+00,1.046210539229238901e+00,7.830545332472496753e-04
2.770000000000001905e-01,-1.769119656640952554e-01,-9.849464744268316974e-01,-6.184270183469373627e+00,1.085034743270762769e+00,7.858916872988544813e-04
2.780000000000001914e-01,-1.830927106548783379e-01,-9.838420465572158546e-01,-6.177179308194858720e+00,1.123813253909141663e+00,7.887288413498694814e-04
2.790000000000001923e-01,-1.892662433532802391e-01,-9.826988636559723655e-01,-6.169845652098920219e+00,1.162544553832244976e+00,7.915659954002925072e-04
2.800000000000001932e-01,-1.954323211402227700e-01,-9.815169736915129173e-01,-6.162269540234323273e+00,1.201227128037042347e+00,7.944031494501213901e-04
2.810000000000001941e-01,-2.015907017263764145e-01,-9.802964261460735962e-01,-6.154451307042575259e+00,1.239859463887076796e+00,7.972403034993540702e-04
2.820000000000001950e-01,-2.077411431615397430e-01,-9.790372720133199147e-01,-6.146391296335218080e+00,1.278440051169777991e+00,8.000774575479883792e-04
2.830000000000001958e-01,-2.138834038439999807e-01,-9.777395637958939956e-01,-6.138089861274782066e+00,1.316967382153610533e+00,8.029146115960222570e-04
2.840000000000001967e-01,-2.200172425298742851e-01,-9.764033555029054678e-01,-6.129547364355400596e+00,1.355439951645056817e+00,8.057517656434535352e-04
2.850000000000001976e-01,-2.261424183424315670e-01,-9.750287026473645202e-01,-6.120764177383097859e+00,1.393856257045433145e+00,8.085889196902800455e-04
2.860000000000001985e-01,-2.322586907813943558e-01,-9.736156622435592212e-01,-6.111740681455732904e+00,1.432214798407535516e+00,8.114260737364996194e-04
2.870000000000001994e-01,-2.383658197322204852e-01,-9.721642928043754406e-01,-6.102477266942621270e+00,1.470514078492115573e+00,8.142632277821101969e-04
2.880000000000002003e-01,-2.444635654753642418e-01,-9.706746543385609272e-01,-6.092974333463820891e+00,1.508752602824183109e+00,8.171003818271097181e-04
2.890000000000002012e-01,-2.505516886955165279e-01,-9.691468083479328754e-01,-6.083232289869092924e+00,1.546928879749134289e+00,8.199375358714959061e-04
2.900000000000002021e-01,-2.566299504908240436e-01,-9.675808178245294267e-01,-6.073251554216533954e+00,1.585041420488704222e+00,8.227746899152667010e-04
2.910000000000002029e-01,-2.626981123820866793e-01,-9.659767472477058803e-01,-6.063032553750883125e+00,1.623088739196740127e+00,8.256118439584200427e-04
2.920000000000002038e-01,-2.687559363219332309e-01,-9.643346625811741735e-01,-6.052575724881506858e+00,1.661069353014796635e+00,8.284489980009536545e-04
2.930000000000002047e-01,-2.748031847039748565e-01,-9.626546312699878483e-01,-6.041881513160062056e+00,1.698981782127549023e+00,8.312861520428655848e-04
2.940000000000002056e-01,-2.808396203719361606e-01,-9.609367222374711748e-01,-6.030950373257837782e+00,1.736824549818023034e+00,8.341233060841535566e-04
2.950000000000002065e-01,-2.868650066287632416e-01,-9.591810058820933182e-01,-6.019782768942778084e+00,1.774596182522641064e+00,8.369604601248155102e-04
2.960000000000002074e-01,-2.928791072457087585e-01,-9.573875540742874390e-01,-6.008379173056191291e+00,1.812295209886081393e+00,8.397976141648492770e-04
2.970000000000002083e-01,-2.988816864713935706e-01,-9.555564401532150587e-01,-5.996740067489138681e+00,1.849920164815950230e+00,8.426347682042527971e-04
2.980000000000002092e-01,-3.048725090408445637e-01,-9.536877389234760249e-01,-5.984865943158515833e+00,1.887469583537263906e+00,8.454719222430237937e-04
2.990000000000002101e-01,-3.108513401845082180e-01,-9.517815266517636319e-01,-5.972757299982817791e+00,1.924942005646739895e+00,8.483090762811603151e-04
3.000000000000002109e-01,-3.168179456372402503e-01,-9.498378810634663383e-01,-5.960414646857596033e+00,1.962335974166895758e+00,8.511462303186600846e-04
3.010000000000002118e-01,-3.227720916472699986e-01,-9.478568813392145298e-01,-5.947838501630605457e+00,1.999650035599954023e+00,8.539833843555210422e-04
3.020000000000002127e-01,-3.287135449851402713e-01,-9.458386081113741017e-01,-5.935029391076646732e+00,2.036882739981551005e+00,8.568205383917411279e-04
3.030000000000002136e-01,-3.346420729526215498e-01,-9.437831434604864178e-01,-5.921987850872101333e+00,2.074032640934248217e+00,8.596576924273180648e-04
3.040000000000002145e-01,-3.405574433916007671e-01,-9.416905709116545342e-01,-5.908714425569166373e+00,2.111098295720846618e+00,8.624948464622497930e-04
3.050000000000002154e-01,-3.464594246929441623e-01,-9.395609754308764661e-01,-5.895209668569783901e+00,2.148078265297498568e+00,8.653320004965342526e-04
3.060000000000002163e-01,-3.523477858053337131e-01,-9.373944434213253851e-01,-5.881474142099271774e+00,2.184971114366620615e+00,8.681691545301692750e-04
3.070000000000002172e-01,-3.582222962440774205e-01,-9.351910627195767489e-01,-5.867508417179659652e+00,2.221775411429601110e+00,8.710063085631526919e-04
3.080000000000002180e-01,-3.640827260998923953e-01,-9.329509225917835824e-01,-5.853313073602723016e+00,2.258489728839304433e+00,8.738434625954823350e-04
3.090000000000002189e-01,-3.699288460476610196e-01,-9.306741137297982469e-01,-5.838888699902726742e+00,2.295112642852369156e+00,8.766806166271561441e-04
3.100000000000002198e-01,-3.757604273551597429e-01,-9.283607282472429167e-01,-5.824235893328870262e+00,2.331642733681298818e+00,8.795177706581719509e-04
3.110000000000002207e-01,-3.815772418917601216e-01,-9.260108596755277643e-01,-5.809355259817450268e+00,2.368078585546344428e+00,8.823549246885276955e-04
3.120000000000002216e-01,-3.873790621371018261e-01,-9.236246029598172980e-01,-5.794247413963725002e+00,2.404418786727176460e+00,8.851920787182212093e-04
3.130000000000002225e-01,-3.931656611897374476e-01,-9.212020544549451850e-01,-5.778912978993494320e+00,2.440661929614345027e+00,8.880292327472503241e-04
3.140000000000002234e-01,-3.989368127757486615e-01,-9.187433119212776722e-01,-5.763352586734394656e+00,2.476806610760529548e+00,8.908663867756129798e-04
3.150000000000002243e-01,-4.046922912573336362e-01,-9.162484745205260461e-01,-5.747566877586908873e+00,2.512851430931570373e+00,8.937035408033070080e-04
3.160000000000002252e-01,-4.104318716413652979e-01,-9.137176428115079130e-01,-5.731556500495090134e+00,2.548794995157289467e+00,8.965406948303302403e-04
3.170000000000002260e-01,-4.161553295879200642e-01,-9.111509187458581849e-01,-5.715322112917010422e+00,2.584635912782091260e+00,8.993778488566806168e-04
3.180000000000002269e-01,-4.218624414187771010e-01,-9.085484056636888850e-01,-5.698864380794926632e+00,2.620372797515346353e+00,9.022150028823559690e-04
3.190000000000002278e-01,-4.275529841258872699e-01,-9.059102082891992147e-01,-5.682183978525169543e+00,2.656004267481557601e+00,9.050521569073541285e-04
3.200000000000002287e-01,-4.332267353798122111e-01,-9.032364327262356607e-01,-5.665281588927756573e+00,2.691528945270303286e+00,9.078893109316730353e-04
3.210000000000002296e-01,-4.388834735381327290e-01,-9.005271864538018090e-01,-5.648157903215731857e+00,2.726945457985960442e+00,9.107264649553105211e-04
3.220000000000002305e-01,-4.445229776538261457e-01,-8.977825783215188649e-01,-5.630813620964232769e+00,2.762252437297203933e+00,9.135636189782645258e-04
3.230000000000002314e-01,-4.501450274836131249e-01,-8.950027185450366574e-01,-5.613249450079289105e+00,2.797448519486283480e+00,9.164007730005328811e-04
3.240000000000002323e-01,-4.557494034962726315e-01,-8.921877187013953492e-01,-5.595466106766347814e+00,2.832532345498072424e+00,9.192379270221134185e-04
3.250000000000002331e-01,-4.613358868809256386e-01,-8.893376917243388524e-01,-5.577464315498537495e+00,2.867502560988892668e+00,9.220750810430040781e-04
3.260000000000002340e-01,-4.669042595552866382e-01,-8.864527518995786171e-01,-5.559244808984661113e+00,2.902357816375110922e+00,9.249122350632026915e-04
3.270000000000002349e-01,-4.724543041738834548e-01,-8.835330148600094580e-01,-5.540808328136932026e+00,2.937096766881506227e+00,9.277493890827070901e-04
3.280000000000002358e-01,-4.779858041362442522e-01,-8.805785975808773092e-01,-5.522155622038440903e+00,2.971718072589407900e+00,9.305865431015152142e-04
3.290000000000002367e-01,-4.834985435950520105e-01,-8.775896183748985724e-01,-5.503287447910370389e+00,3.006220398484602097e+00,9.334236971196248952e-04
3.300000000000002376e-01,-4.889923074642662515e-01,-8.745661968873315040e-01,-5.484204571078945101e+00,3.040602414505005680e+00,9.362608511370339648e-04
3.310000000000002385e-01,-4.944668814272113466e-01,-8.715084540910007505e-01,-5.464907764942128487e+00,3.074862795588108710e+00,9.390980051537403629e-04
3.320000000000002394e-01,-4.999220519446315736e-01,-8.684165122812741444e-01,-5.445397810936065675e+00,3.109000221718181578e+00,9.419351591697419212e-04
3.330000000000002403e-01,-5.053576062627123111e-01,-8.652904950709919829e-01,-5.425675498501270511e+00,3.143013377973246314e+00,9.447723131850365797e-04
3.340000000000002411e-01,-5.107733324210674830e-01,-8.621305273853504536e-01,-5.405741625048563037e+00,3.176900954571812541e+00,9.476094671996220615e-04
3.350000000000002420e-01,-5.161690192606925853e-01,-8.589367354567374324e-01,-5.385596995924759156e+00,3.210661646919375389e+00,9.504466212134964152e-04
3.360000000000002429e-01,-5.215444564318837406e-01,-8.557092468195225399e-01,-5.365242424378109831e+00,3.244294155654675826e+00,9.532837752266573638e-04
3.370000000000002438e-01,-5.268994344021215026e-01,-8.524481903048009013e-01,-5.344678731523495152e+00,3.277797186695720288e+00,9.561209292391028474e-04
3.380000000000002447e-01,-5.322337444639199111e-01,-8.491536960350909435e-01,-5.323906746307375037e+00,3.311169451285560950e+00,9.589580832508306975e-04
3.390000000000002456e-01,-5.375471787426405745e-01,-8.458258954189864509e-01,-5.302927305472497466e+00,3.344409666037834405e+00,9.617952372618388543e-04
3.400000000000002465e-01,-5.428395302042713366e-01,-8.424649211457634346e-01,-5.281741253522366009e+00,3.377516552982058773e+00,9.646323912721251493e-04
3.410000000000002474e-01,-5.481105926631688607e-01,-8.390709071799415941e-01,-5.260349442685466670e+00,3.410488839608685208e+00,9.674695452816874141e-04
3.420000000000002482e-01,-5.533601607897659092e-01,-8.356439887558012591e-01,-5.238752732879260243e+00,3.443325258913908282e+00,9.703066992905235886e-04
3.430000000000002491e-01,-5.585880301182420959e-01,-8.321843023718548116e-01,-5.216951991673936639e+00,3.476024549444229450e+00,9.731438532986315046e-04
3.440000000000002500e-01,-5.637939970541583357e-01,-8.286919857852746985e-01,-5.194948094255940063e+00,3.508585455340773596e+00,9.759810073060091020e-04
3.450000000000002509e-01,-5.689778588820548766e-01,-8.251671780062765915e-01,-5.172741923391255270e+00,3.541006726383361780e+00,9.788181613126542124e-04
3.460000000000002518e-01,-5.741394137730122527e-01,-8.216100192924585821e-01,-5.150334369388470890e+00,3.573287118034333076e+00,9.816553153185645589e-04
3.470000000000002527e-01,-5.792784607921754869e-01,-8.180206511430969663e-01,-5.127726330061607385e+00,3.605425391482119046e+00,9.844924693237382986e-04
3.480000000000002536e-01,-5.843947999062408805e-01,-8.143992162933986201e-01,-5.104918710692724737e+00,3.637420313684569528e+00,9.873296233281730460e-04
3.490000000000002545e-01,-5.894882319909049428e-01,-8.107458587087099655e-01,-5.081912423994301875e+00,3.669270657412026182e+00,9.901667773318668497e-04
3.500000000000002554e-01,-5.945585588382761300e-01,-8.070607235786828593e-01,-5.058708390071391392e+00,3.700975201290146011e+00,9.930039313348175412e-04
3.510000000000002562e-01,-5.996055831642485012e-01,-8.033439573113980714e-01,-5.035307536383556659e+00,3.732532729842473529e+00,9.958410853370229521e-04
3.520000000000002571e-01,-6.046291086158369632e-01,-7.995957075274462422e-01,-5.011710797706586007e+00,3.763942033532758469e+00,9.986782393384809140e-04
3.530000000000002580e-01,-6.096289397784743214e-01,-7.958161230539667619e-01,-4.987919116093991079e+00,3.795201908807020796e+00,1.001515393339189259e-03
3.540000000000002589e-01,-6.146048821832695852e-01,-7.920053539186443503e-01,-4.963933440838287581e+00,3.826311158135362156e+00,1.004352547339146034e-03
3.550000000000002598e-01,-6.195567423142274155e-01,-7.881635513436642260e-01,-4.939754728432059316e+00,3.857268590053520185e+00,1.007189701338348856e-03
3.560000000000002607e-01,-6.244843276154290468e-01,-7.842908677396258632e-01,-4.915383942528816164e+00,3.888073019204168812e+00,1.010026855336795771e-03
3.570000000000002616e-01,-6.293874464981732419e-01,-7.803874566994154494e-01,-4.890822053903631783e+00,3.918723266377960979e+00,1.012864009334484613e-03
3.580000000000002625e-01,-6.342659083480779447e-01,-7.764534729920374856e-01,-4.866070040413580600e+00,3.949218158554313796e+00,1.015701163331413212e-03
3.590000000000002633e-01,-6.391195235321428525e-01,-7.724890725564059757e-01,-4.841128886957959843e+00,3.979556528941936122e+00,1.018538317327579617e-03
3.600000000000002642e-01,-6.439481034057712439e-01,-7.684944124950946476e-01,-4.815999585438311748e+00,4.009737217019097244e+00,1.021375471322981442e-03
3.610000000000002651e-01,-6.487514603197525043e-01,-7.644696510680474288e-01,-4.790683134718236147e+00,4.039759068573636647e+00,1.024212625317616737e-03
3.620000000000002660e-01,-6.535294076272036845e-01,-7.604149476862490653e-01,-4.765180540583003221e+00,4.069620935742712220e+00,1.027049779311483332e-03
3.630000000000002669e-01,-6.582817596904710911e-01,-7.563304629053562156e-01,-4.739492815698967298e+00,4.099321677052287782e+00,1.029886933304579059e-03
3.640000000000002678e-01,-6.630083318879907983e-01,-7.522163584192885777e-01,-4.713620979572777259e+00,4.128860157456359481e+00,1.032724087296901967e-03
3.650000000000002687e-01,-6.677089406211088596e-01,-7.480727970537817129e-01,-4.687566058510390654e+00,4.158235248375922843e+00,1.035561241288449671e-03
3.660000000000002696e-01,-6.723834033208596628e-01,-7.438999427599005676e-01,-4.661329085575895093e+00,4.187445827737670712e+00,1.038398395279220218e-03
3.670000000000002705e-01,-6.770315384547035409e-01,-7.396979606075144709e-01,-4.634911100550131557e+00,4.216490780012432715e+00,1.041235549269211441e-03
3.680000000000002713e-01,-6.816531655332226380e-01,-7.354670167787339397e-01,-4.608313149889126770e+00,4.245368996253350069e+00,1.044072703258421171e-03
3.690000000000002722e-01,-6.862481051167754753e-01,-7.312072785613092929e-01,-4.581536286682337256e+00,4.274079374133783027e+00,1.046909857246847240e-03
3.700000000000002731e-01,-6.908161788221091060e-01,-7.269189143419919619e-01,-4.554581570610700680e+00,4.302620817984957213e+00,1.049747011234487479e-03
3.710000000000002740e-01,-6.953572093289299705e-01,-7.226020935998572758e-01,-4.527450067904500663e+00,4.330992238833339059e+00,1.052584165221339936e-03
3.720000000000002749e-01,-6.998710203864315638e-01,-7.182569868995912765e-01,-4.500142851301047742e+00,4.359192554437749223e+00,1.055421319207402444e-03
3.730000000000002758e-01,-7.043574368197805802e-01,-7.138837658847395629e-01,-4.472661000002174703e+00,4.387220689326207790e+00,1.058258473192672834e-03
3.740000000000002767e-01,-7.088162845365600928e-01,-7.094826032709198316e-01,-4.445005599631549842e+00,4.415075574832509453e+00,1.061095627177148937e-03
3.750000000000002776e-01,-7.132473905331699893e-01,-7.050536728389980023e-01,-4.417177742191810808e+00,4.442756149132533139e+00,1.063932781160828586e-03
3.760000000000002784e-01,-7.176505829011841087e-01,-7.005971494282280387e-01,-4.389178526021517257e+00,4.470261357280282510e+00,1.066769935143709828e-03
3.770000000000002793e-01,-7.220256908336649682e-01,-6.961132089293557978e-01,-4.361009055751926766e+00,4.497590151243657353e+00,1.069607089125790278e-03
3.780000000000002802e-01,-7.263725446314346357e-01,-6.916020282776876860e-01,-4.332670442263596655e+00,4.524741489939953176e+00,1.072444243107067985e-03
3.790000000000002811e-01,-7.306909757093021929e-01,-6.870637854461233429e-01,-4.304163802642809955e+00,4.551714339271095255e+00,1.075281397087540780e-03
3.800000000000002820e-01,-7.349808166022475664e-01,-6.824986594381534655e-01,-4.275490260137829956e+00,4.578507672158597330e+00,1.078118551067206495e-03
3.810000000000002829e-01,-7.392419009715618383e-01,-6.779068302808232138e-01,-4.246650944114982451e+00,4.605120468578248527e+00,1.080955705046063179e-03
3.820000000000002838e-01,-7.434740636109429257e-01,-6.732884790176603129e-01,-4.217646990014570996e+00,4.631551715594535601e+00,1.083792859024108445e-03
3.830000000000002847e-01,-7.476771404525476283e-01,-6.686437877015694031e-01,-4.188479539306623423e+00,4.657800407394784514e+00,1.086630013001340343e-03
3.840000000000002855e-01,-7.518509685729991565e-01,-6.639729393876923069e-01,-4.159149739446472260e+00,4.683865545323034674e+00,1.089467166977756704e-03
3.850000000000002864e-01,-7.559953861993501389e-01,-6.592761181262344339e-01,-4.129658743830171730e+00,4.709746137913637831e+00,1.092304320953355360e-03
3.860000000000002873e-01,-7.601102327150009996e-01,-6.545535089552578789e-01,-4.100007711749750428e+00,4.735441200924583427e+00,1.095141474928134143e-03
3.870000000000002882e-01,-7.641953486655734817e-01,-6.498052978934408808e-01,-4.070197808348305912e+00,4.760949757370553925e+00,1.097978628902091100e-03
3.880000000000002891e-01,-7.682505757647390965e-01,-6.450316719328053061e-01,-4.040230204574937645e+00,4.786270837555697710e+00,1.100815782875224063e-03
3.890000000000002900e-01,-7.722757569000027189e-01,-6.402328190314103828e-01,-4.010106077139520941e+00,4.811403479106135528e+00,1.103652936847530647e-03
3.900000000000002909e-01,-7.762707361384405536e-01,-6.354089281060147920e-01,-3.979826608467327276e+00,4.836346727002187151e+00,1.106490090819008901e-03
3.910000000000002918e-01,-7.802353587323928030e-01,-6.305601890247065633e-01,-3.949392986653490478e+00,4.861099633610321824e+00,1.109327244789656873e-03
3.920000000000002927e-01,-7.841694711251107064e-01,-6.256867925995008850e-01,-3.918806405417316618e+00,4.885661258714836919e+00,1.112164398759472178e-03
3.930000000000002935e-01,-7.880729209563577253e-01,-6.207889305789067169e-01,-3.888068064056445117e+00,4.910030669549255045e+00,1.115001552728452647e-03
3.940000000000002944e-01,-7.919455570679651002e-01,-6.158667956404618726e-01,-3.857179167400858422e+00,4.934206940827447596e+00,1.117838706696596329e-03
3.950000000000002953e-01,-7.957872295093409987e-01,-6.109205813832372378e-01,-3.826140925766745582e+00,4.958189154774481189e+00,1.120675860663901055e-03
3.960000000000002962e-01,-7.995977895429334792e-01,-6.059504823203103463e-01,-3.794954554910216604e+00,4.981976401157184320e+00,1.123513014630364657e-03
3.970000000000002971e-01,-8.033770896496474911e-01,-6.009566938712083140e-01,-3.763621275980872927e+00,5.005567777314436917e+00,1.126350168595984967e-03
3.980000000000002980e-01,-8.071249835342148016e-01,-5.959394123543207966e-01,-3.732142315475234895e+00,5.028962388187185439e+00,1.129187322560760032e-03
3.990000000000002989e-01,-8.108413261305177366e-01,-5.908988349792831940e-01,-3.700518905190026242e+00,5.052159346348171987e+00,1.132024476524687686e-03
4.000000000000002998e-01,-8.145259736068659606e-01,-5.858351598393299886e-01,-3.668752282175317792e+00,5.075157772031392511e+00,1.134861630487765541e-03
4.010000000000003006e-01,-8.181787833712262925e-01,-5.807485859036187748e-01,-3.636843688687534382e+00,5.097956793161268152e+00,1.137698784449991648e-03
4.020000000000003015e-01,-8.217996140764055601e-01,-5.756393130095254218e-01,-3.604794372142321901e+00,5.120555545381544782e+00,1.140535938411363836e-03
4.030000000000003024e-01,-8.253883256251860479e-01,-5.705075418549105937e-01,-3.572605585067280654e+00,5.142953172083904789e+00,1.143373092371880156e-03
4.040000000000003033e-01,-8.289447791754139816e-01,-5.653534739903574025e-01,-3.540278585054562832e+00,5.165148824436306185e+00,1.146210246331538221e-03
4.050000000000003042e-01,-8.324688371450401636e-01,-5.601773118113811956e-01,-3.507814634713337654e+00,5.187141661411033944e+00,1.149047400290336080e-03
4.060000000000003051e-01,-8.359603632171132004e-01,-5.549792585506112541e-01,-3.475215001622127708e+00,5.208930849812478669e+00,1.151884554248271565e-03
4.070000000000003060e-01,-8.394192223447249912e-01,-5.497595182699450689e-01,-3.442480958281010750e+00,5.230515564304624831e+00,1.154721708205342506e-03
4.080000000000003069e-01,-8.428452807559083659e-01,-5.445182958526747496e-01,-3.409613782063698917e+00,5.251894987438267215e+00,1.157558862161546737e-03
4.090000000000003078e-01,-8.462384059584866502e-01,-5.392557969955872332e-01,-3.376614755169486948e+00,5.273068309677937826e+00,1.160396016116882305e-03
4.100000000000003086e-01,-8.495984667448751582e-01,-5.339722282010367360e-01,-3.343485164575077828e+00,5.294034729428555686e+00,1.163233170071346825e-03
4.110000000000003095e-01,-8.529253331968346119e-01,-5.286677967689915603e-01,-3.310226301986284092e+00,5.314793453061793294e+00,1.166070324024938345e-03
4.120000000000003104e-01,-8.562188766901758230e-01,-5.233427107890539220e-01,-3.276839463789606111e+00,5.335343694942160653e+00,1.168907477977654697e-03
4.130000000000003113e-01,-8.594789698994161897e-01,-5.179971791324544661e-01,-3.243325951003692698e+00,5.355684677452804188e+00,1.171744631929493713e-03
4.140000000000003122e-01,-8.627054868023876777e-01,-5.126314114440205794e-01,-3.209687069230678258e+00,5.375815631021027663e+00,1.174581785880453224e-03
4.150000000000003131e-01,-8.658983026847957287e-01,-5.072456181341198356e-01,-3.175924128607406693e+00,5.395735794143526221e+00,1.177418939830531279e-03
4.160000000000003140e-01,-8.690572941447296529e-01,-5.018400103705780158e-01,-3.142038443756536292e+00,5.415444413411338864e+00,1.180256093779725709e-03
4.170000000000003149e-01,-8.721823390971238377e-01,-4.964148000705724262e-01,-3.108031333737530932e+00,5.434940743534514951e+00,1.183093247728034345e-03
4.180000000000003157e-01,-8.752733167781702184e-01,-4.909701998925005140e-01,-3.073904121997539374e+00,5.454224047366501793e+00,1.185930401675455020e-03
4.190000000000003166e-01,-8.783301077496810105e-01,-4.855064232278246683e-01,-3.039658136322159976e+00,5.473293595928240940e+00,1.188767555621985566e-03
4.200000000000003175e-01,-8.813525939034029255e-01,-4.800236841928925968e-01,-3.005294708786098390e+00,5.492148668431989122e+00,1.191604709567623812e-03
4.210000000000003184e-01,-8.843406584652812041e-01,-4.745221976207342762e-01,-2.970815175703714228e+00,5.510788552304845211e+00,1.194441863512367809e-03
4.220000000000003193e-01,-8.872941859996745784e-01,-4.690021790528354773e-01,-2.936220877579461597e+00,5.529212543212001840e+00,1.197279017456215388e-03
4.230000000000003202e-01,-8.902130624135207171e-01,-4.634638447308881415e-01,-2.901513159058223934e+00,5.547419945079703929e+00,1.200116171399164379e-03
4.240000000000003211e-01,-8.930971749604516008e-01,-4.579074115885179985e-01,-2.866693368875542713e+00,5.565410070117928321e+00,1.202953325341212616e-03
4.250000000000003220e-01,-8.959464122448592693e-01,-4.523330972429895347e-01,-2.831762859807745780e+00,5.583182238842775647e+00,1.205790479282357929e-03
4.260000000000003229e-01,-8.987606642259117207e-01,-4.467411199868889238e-01,-2.796722988621973105e+00,5.600735780098577088e+00,1.208627633222598150e-03
4.270000000000003237e-01,-9.015398222215185164e-01,-4.411316987797847533e-01,-2.761575116026101284e+00,5.618070031079713367e+00,1.211464787161931327e-03
4.280000000000003246e-01,-9.042837789122467607e-01,-4.355050532398672125e-01,-2.726320606618572118e+00,5.635184337352153960e+00,1.214301941100355293e-03
4.290000000000003255e-01,-9.069924283451862301e-01,-4.298614036355659085e-01,-2.690960828838120822e+00,5.652078052874703218e+00,1.217139095037867878e-03
4.300000000000003264e-01,-9.096656659377646559e-01,-4.242009708771464216e-01,-2.655497154913410984e+00,5.668750540019966699e+00,1.219976248974466914e-03
4.310000000000003273e-01,-9.123033884815122674e-01,-4.185239765082862107e-01,-2.619930960812574483e+00,5.685201169595027082e+00,1.222813402910150450e-03
4.320000000000003282e-01,-9.149054941457761547e-01,-4.128306426976299237e-01,-2.584263626192657259e+00,5.701429320861835848e+00,1.225650556844916101e-03
4.330000000000003291e-01,-9.174718824813837825e-01,-4.071211922303243913e-01,-2.548496534348976272e+00,5.717434381557316314e+00,1.228487710778761914e-03
4.340000000000003300e-01,-9.200024544242559887e-01,-4.013958484995338027e-01,-2.512631072164383195e+00,5.733215747913183336e+00,1.231324864711685722e-03
4.350000000000003308e-01,-9.224971122989691352e-01,-3.956548354979351201e-01,-2.476668630058441956e+00,5.748772824675472570e+00,1.234162018643685356e-03
4.360000000000003317e-01,-9.249557598222660770e-01,-3.898983778091940633e-01,-2.440610601936517465e+00,5.764105025123787307e+00,1.236999172574758648e-03
4.370000000000003326e-01,-9.273783021065168386e-01,-3.841267005994219996e-01,-2.404458385138779963e+00,5.779211771090252192e+00,1.239836326504903646e-03
4.380000000000003335e-01,-9.297646456631277756e-01,-3.783400296086141257e-01,-2.368213380389121880e+00,5.794092492978185405e+00,1.242673480434117964e-03
4.390000000000003344e-01,-9.321146984058995555e-01,-3.725385911420691087e-01,-2.331876991743996097e+00,5.808746629780480397e+00,1.245510634362399652e-03
4.400000000000003353e-01,-9.344283696543342899e-01,-3.667226120617903540e-01,-2.295450626541168493e+00,5.823173629097701642e+00,1.248347788289746541e-03
4.410000000000003362e-01,-9.367055701368911524e-01,-3.608923197778694525e-01,-2.258935695348391892e+00,5.837372947155891723e+00,1.251184942216156462e-03
4.420000000000003371e-01,-9.389462119941905938e-01,-3.550479422398518659e-01,-2.222333611912000961e+00,5.851344048824090649e+00,1.254022096141627464e-03
4.430000000000003380e-01,-9.411502087821673745e-01,-3.491897079280853466e-01,-2.185645793105429835e+00,5.865086407631569188e+00,1.256859250066157162e-03
4.440000000000003388e-01,-9.433174754751715296e-01,-3.433178458450511505e-01,-2.148873658877652471e+00,5.878599505784773527e+00,1.259696403989743604e-03
4.450000000000003397e-01,-9.454479284690184837e-01,-3.374325855066786506e-01,-2.112018632201549284e+00,5.891882834183979512e+00,1.262533557912384622e-03
4.460000000000003406e-01,-9.475414855839869865e-01,-3.315341569336430760e-01,-2.075082139022199179e+00,5.904935892439662659e+00,1.265370711834078047e-03
4.470000000000003415e-01,-9.495980660677653118e-01,-3.256227906426474306e-01,-2.038065608205100521e+00,5.917758188888576854e+00,1.268207865754821711e-03
4.480000000000003424e-01,-9.516175905983458305e-01,-3.196987176376882567e-01,-2.000970471484320612e+00,5.930349240609547934e+00,1.271045019674613662e-03
4.490000000000003433e-01,-9.535999812868676262e-01,-3.137621694013056906e-01,-1.963798163410576558e+00,5.942708573438974184e+00,1.273882173593451515e-03
4.500000000000003442e-01,-9.555451616804072623e-01,-3.078133778858184177e-01,-1.926550121299247076e+00,5.954835721986044383e+00,1.276719327511333319e-03
4.510000000000003451e-01,-9.574530567647172585e-01,-3.018525755045431969e-01,-1.889227785178317909e+00,5.966730229647661865e+00,1.279556481428256905e-03
4.520000000000003459e-01,-9.593235929669127193e-01,-2.958799951230000613e-01,-1.851832597736262187e+00,5.978391648623082588e+00,1.282393635344220104e-03
4.530000000000003468e-01,-9.611566981581057822e-01,-2.898958700501024777e-01,-1.814366004269856614e+00,5.989819539928265435e+00,1.285230789259220966e-03
4.540000000000003477e-01,-9.629523016559875526e-01,-2.839004340293337925e-01,-1.776829452631934814e+00,6.001013473409931187e+00,1.288067943173257105e-03
4.550000000000003486e-01,-9.647103342273584126e-01,-2.778939212299095796e-01,-1.739224393179079176e+00,6.011973027759333732e+00,1.290905097086326569e-03
4.560000000000003495e-01,-9.664307280906053732e-01,-2.718765662379261094e-01,-1.701552278719253186e+00,6.022697790525742612e+00,1.293742250998427190e-03
4.570000000000003504e-01,-9.681134169181271343e-01,-2.658486040474959955e-01,-1.663814564459374257e+00,6.033187358129636912e+00,1.296579404909556799e-03
4.580000000000003513e-01,-9.697583358387069641e-01,-2.598102700518702957e-01,-1.626012707952829928e+00,6.043441335875608722e+00,1.299416558819713229e-03
4.590000000000003522e-01,-9.713654214398329545e-01,-2.537618000345481795e-01,-1.588148169046937674e+00,6.053459337964978815e+00,1.302253712728894310e-03
4.600000000000003531e-01,-9.729346117699654295e-01,-2.477034301603739941e-01,-1.550222409830349646e+00,6.063240987508122792e+00,1.305090866637098092e-03
4.610000000000003539e-01,-9.744658463407521731e-01,-2.416353969666221180e-01,-1.512236894580404556e+00,6.072785916536507678e+00,1.307928020544322405e-03
4.620000000000003548e-01,-9.759590661291908109e-01,-2.355579373540700738e-01,-1.474193089710426730e+00,6.082093766014438074e+00,1.310765174450565082e-03
4.630000000000003557e-01,-9.774142135797380115e-01,-2.294712885780598455e-01,-1.436092463716975187e+00,6.091164185850514556e+00,1.313602328355823953e-03
4.640000000000003566e-01,-9.788312326063669522e-01,-2.233756882395479815e-01,-1.397936487127042771e+00,6.099996834908803400e+00,1.316439482260096851e-03
4.650000000000003575e-01,-9.802100685945707159e-01,-2.172713742761447075e-01,-1.359726632445206418e+00,6.108591381019713218e+00,1.319276636163381825e-03
4.660000000000003584e-01,-9.815506684033139528e-01,-2.111585849531422421e-01,-1.321464374100731698e+00,6.116947500990587372e+00,1.322113790065676487e-03
4.670000000000003593e-01,-9.828529803669306952e-01,-2.050375588545326755e-01,-1.283151188394631159e+00,6.125064880616000629e+00,1.324950943966978888e-03
4.680000000000003602e-01,-9.841169542969698814e-01,-1.989085348740157466e-01,-1.244788553446678048e+00,6.132943214687772482e+00,1.327788097867286859e-03
4.690000000000003610e-01,-9.853425414839873664e-01,-1.927717522059966826e-01,-1.206377949142377837e+00,6.140582207004683823e+00,1.330625251766598231e-03
4.700000000000003619e-01,-9.865296946992855309e-01,-1.866274503365745185e-01,-1.167920857079896901e+00,6.147981570381911176e+00,1.333462405664911053e-03
4.710000000000003628e-01,-9.876783681965989325e-01,-1.804758690345210359e-01,-1.129418760516951892e+00,6.155141026660166048e+00,1.336299559562222940e-03
4.720000000000003637e-01,-9.887885177137274439e-01,-1.743172483422509300e-01,-1.090873144317658916e+00,6.162060306714545632e+00,1.339136713458531939e-03
4.730000000000003646e-01,-9.898601004741162113e-01,-1.681518285667829571e-01,-1.052285494899345863e+00,6.168739150463095733e+00,1.341973867353835883e-03
4.740000000000003655e-01,-9.908930751883820998e-01,-1.619798502706929211e-01,-1.013657300179327425e+00,6.175177306875081484e+00,1.344811021248132604e-03
4.750000000000003664e-01,-9.918874020557870708e-01,-1.558015542630583894e-01,-9.749900495216448082e-01,6.181374533978966745e+00,1.347648175141420148e-03
4.760000000000003673e-01,-9.928430427656583790e-01,-1.496171815903956925e-01,-9.362852336837717004e-01,6.187330598870108389e+00,1.350485329033696133e-03
4.770000000000003681e-01,-9.937599604987550350e-01,-1.434269735275892355e-01,-8.975443447632874827e-01,6.193045277718155717e+00,1.353322482924958605e-03
4.780000000000003690e-01,-9.946381199285816432e-01,-1.372311715688136480e-01,-8.587688761445190222e-01,6.198518355774164768e+00,1.356159636815205396e-03
4.790000000000003699e-01,-9.954774872226482829e-01,-1.310300174184489408e-01,-8.199603224451516015e-01,6.203749627377416864e+00,1.358996790704434339e-03
4.800000000000003708e-01,-9.962780300436769876e-01,-1.248237529819890418e-01,-7.811201794628118700e-01,6.208738895961951165e+00,1.361833944592643264e-03
4.810000000000003717e-01,-9.970397175507551557e-01,-1.186126203569437959e-01,-7.422499441216224847e-01,6.213485974062805894e+00,1.364671098479830003e-03
4.820000000000003726e-01,-9.977625204004354487e-01,-1.123968618237350392e-01,-7.033511144187306607e-01,6.217990683321968248e+00,1.367508252365992605e-03
4.830000000000003735e-01,-9.984464107477817318e-01,-1.061767198365867748e-01,-6.644251893708111867e-01,6.222252854494038310e+00,1.370345406251128901e-03
4.840000000000003744e-01,-9.990913622473619471e-01,-9.995243701440985340e-02,-6.254736689605460143e-01,6.226272327451595423e+00,1.373182560135236506e-03
4.850000000000003753e-01,-9.996973500541875834e-01,-9.372425613168142156e-02,-5.864980540830813105e-01,6.230048951190283901e+00,1.376019714018313685e-03
4.860000000000003761e-01,-1.000264350824599191e+00,-8.749242010931942981e-02,-5.474998464924625274e-01,6.233582583833599422e+00,1.378856867900358054e-03
4.870000000000003770e-01,-1.000792342717098382e+00,-8.125717200555254704e-02,-5.084805487480501540e-01,6.236873092637390315e+00,1.381694021781367443e-03
4.880000000000003779e-01,-1.001281305393126431e+00,-7.501875500678563402e-02,-4.694416641609160390e-01,6.239920353994066637e+00,1.384531175661339901e-03
4.890000000000003788e-01,-1.001731220017789248e+00,-6.877741241846122011e-02,-4.303846967402226720e-01,6.242724253436523263e+00,1.387368329540273259e-03
4.900000000000003797e-01,-1.002142069260528734e+00,-6.253338765591717752e-02,-3.913111511395858111e-01,6.245284685641763645e+00,1.390205483418165350e-03
4.910000000000003806e-01,-1.002513837295740062e+00,-5.628692423524089827e-02,-3.522225326034220672e-01,6.247601554434243809e+00,1.393042637295014005e-03
4.920000000000003815e-01,-1.002846509803335895e+00,-5.003826576412033489e-02,-3.131203469132829986e-01,6.249674772788918808e+00,1.395879791170817055e-03
4.930000000000003824e-01,-1.003140073969256862e+00,-4.378765593269205725e-02,-2.740061003341763834e-01,6.251504262833999626e+00,1.398716945045572549e-03
4.940000000000003832e-01,-1.003394518485927644e+00,-3.753533850438675601e-02,-2.348812995608762777e-01,6.253089955853424975e+00,1.401554098919278318e-03
4.950000000000003841e-01,-1.003609833552660424e+00,-3.128155730677241453e-02,-1.957474516642232487e-01,6.254431792289034675e+00,1.404391252791931978e-03
4.960000000000003850e-01,-1.003786010876003942e+00,-2.502655622239540606e-02,-1.566060640374155322e-01,6.255529721742460580e+00,1.407228406663531793e-03
4.970000000000003859e-01,-1.003923043670038595e+00,-1.877057917961991521e-02,-1.174586443422929172e-01,6.256383702976722638e+00,1.410065560534075378e-03
4.980000000000003868e-01,-1.004020926656618906e+00,-1.251387014346585017e-02,-7.830670045561430315e-02,6.256993703917533622e+00,1.412902714403560566e-03
4.990000000000003877e-01,-1.004079656065561155e+00,-6.256673106445624806e-03,-3.915174041533014265e-02,6.257359701654317874e+00,1.415739868271985403e-03
5.000000000000003331e-01,-1.004099229634777712e+00,7.679205999422400453e-07,4.727633148689236453e-06,6.257481682440935167e+00,1.418577022139347723e-03
5.010000000000003340e-01,-1.004079646610357646e+00,6.258208917666302669e-03,3.916119549068464156e-02,6.257359641696117691e+00,1.421414176005645355e-03
5.020000000000003348e-01,-1.004020907746593805e+00,1.251540586475015024e-02,7.831615495814850392e-02,6.256993584003613940e+00,1.424251329870876133e-03
5.030000000000003357e-01,-1.003923015305955513e+00,1.877211475101438556e-02,1.174680978901543049e-01,6.256383523112045708e+00,1.427088483735037888e-03
5.040000000000003366e-01,-1.003785973059008407e+00,2.502809158395280162e-02,1.566155162487931352e-01,6.255529481934469338e+00,1.429925637598128667e-03
5.050000000000003375e-01,-1.003609786284280103e+00,3.128309239855416729e-02,1.957569021573642987e-01,6.254431492547651850e+00,1.432762791460146087e-03
5.060000000000003384e-01,-1.003394461768071455e+00,3.753687326646547306e-02,2.348907479541027798e-01,6.253089596191054866e+00,1.435599945321088195e-03
5.070000000000003393e-01,-1.003140007804215639e+00,4.378919030515397021e-02,2.740155462459016866e-01,6.251503843265525440e+00,1.438437099180952822e-03
5.080000000000003402e-01,-1.002846434193781944e+00,5.003979968706781523e-02,3.131297899620285041e-01,6.249674293331700881e+00,1.441274253039738018e-03
5.090000000000003411e-01,-1.002513752244726941e+00,5.628845764879490676e-02,3.522319724078337155e-01,6.247601015108122269e+00,1.444111406897441397e-03
5.100000000000003419e-01,-1.002141974771491473e+00,6.253492050021974835e-02,3.913205873184507633e-01,6.245284086469053975e+00,1.446948560754061008e-03
5.110000000000003428e-01,-1.001731116094543905e+00,6.877894463367796585e-02,4.303941289124859071e-01,6.242723594442017188e+00,1.449785714609594465e-03
5.120000000000003437e-01,-1.001281192039870094e+00,7.502028653310817419e-02,4.694510919456967857e-01,6.239919635205031234e+00,1.452622868464039816e-03
5.130000000000003446e-01,-1.000792219938408945e+00,8.125870278320100615e-02,5.084899717646585993e-01,6.236872314083564461e+00,1.455460022317394894e-03
5.140000000000003455e-01,-1.000264218625434909e+00,8.749395007854490758e-02,5.475092643604163589e-01,6.233581745547195574e+00,1.458297176169657747e-03
5.150000000000003464e-01,-9.996972084398872971e-01,9.372578523276847706e-02,5.865074664221220369e-01,6.230048053205983649e+00,1.461134330020825989e-03
5.160000000000003473e-01,-9.990912112236445264e-01,9.995396518767896143e-02,6.254830753906558405e-01,6.226271369806548606e+00,1.463971483870897669e-03
5.170000000000003482e-01,-9.984462503207460760e-01,1.061782470223967823e-01,6.644345895122292234e-01,6.222251837227862126e+00,1.466808637719870618e-03
5.180000000000003491e-01,-9.977623505765600420e-01,1.123983879624856491e-01,7.033605078919696885e-01,6.217989606476745479e+00,1.469645791567742669e-03
5.190000000000003499e-01,-9.970395383368978459e-01,1.186141453890780240e-01,7.422593305474852743e-01,6.213484837683081352e+00,1.472482945414511652e-03
5.200000000000003508e-01,-9.962778414470745414e-01,1.248252768479956865e-01,7.811295584624075028e-01,6.208737700094731693e+00,1.475320099260175617e-03
5.210000000000003517e-01,-9.954772892509162752e-01,1.310315400588650259e-01,8.199696936399123448e-01,6.203748372072166006e+00,1.478157253104732177e-03
5.220000000000003526e-01,-9.946379125897141238e-01,1.372326929242268789e-01,8.587782391562163165e-01,6.198517041082802770e+00,1.480994406948179382e-03
5.230000000000003535e-01,-9.937597438011239737e-01,1.434284935386404836e-01,8.975536992140487058e-01,6.193043903695056862e+00,1.483831560790515062e-03
5.240000000000003544e-01,-9.928428167180134434e-01,1.496187001977814235e-01,9.362945791960962660e-01,6.187329165572098333e+00,1.486668714631737050e-03
5.250000000000003553e-01,-9.918871666672554044e-01,1.558030714075331336e-01,9.749993857184207080e-01,6.181373041465319851e+00,1.489505868471843178e-03
5.260000000000003562e-01,-9.908928304684675448e-01,1.619813658930716882e-01,1.013666626683847660e+00,6.175175755207516382e+00,1.492343022310831492e-03
5.270000000000003570e-01,-9.898598464326991975e-01,1.681533426079437066e-01,1.052294811335324320e+00,6.168737539705774431e+00,1.495180176148699610e-03
5.280000000000003579e-01,-9.887882543610645447e-01,1.743187607431369857e-01,1.090882450309247131e+00,6.162058636934068190e+00,1.498017329985445577e-03
5.290000000000003588e-01,-9.876780955433221987e-01,1.804773797361435561e-01,1.129428055688755261e+00,6.155139297925569686e+00,1.500854483821067228e-03
5.300000000000003597e-01,-9.865294127564023796e-01,1.866289592800148833e-01,1.167930141056990667e+00,6.147979782764666723e+00,1.503691637655562392e-03
5.310000000000003606e-01,-9.853422502628796931e-01,1.927732593324090193e-01,1.206387221550323519e+00,6.140580360578690389e+00,1.506528791488929118e-03
5.320000000000003615e-01,-9.841166538093938376e-01,1.989100401246292615e-01,1.244797813911539652e+00,6.132941309529355678e+00,1.509365945321165022e-03
5.330000000000003624e-01,-9.828526706250161338e-01,2.050390621706540961e-01,1.283160436542991167e+00,6.125062916803909019e+00,1.512203099152268151e-03
5.340000000000003633e-01,-9.815503494195638723e-01,2.111600862761582875e-01,1.321473609559707496e+00,6.116945478605986253e+00,1.515040252982236338e-03
5.350000000000003642e-01,-9.802097403818607058e-01,2.172728735475244477e-01,1.359735854842466063e+00,6.108589300146184620e+00,1.517877406811067413e-03
5.360000000000003650e-01,-9.788308951779446376e-01,2.233771854008452795e-01,1.397945696090821421e+00,6.099994695632338093e+00,1.520714560638759209e-03
5.370000000000003659e-01,-9.774138669492226095e-01,2.294727835709157449e-01,1.436101658876090870e+00,6.091161988259512050e+00,1.523551714465309773e-03
5.380000000000003668e-01,-9.759587103105722417e-01,2.355594301202152407e-01,1.474202270694296102e+00,6.082091510199698625e+00,1.526388868290716938e-03
5.390000000000003677e-01,-9.744654813483907274e-01,2.416368874478792006e-01,1.512246061019059562e+00,6.072783602591229624e+00,1.529226022114978318e-03
5.400000000000003686e-01,-9.729342376185909913e-01,2.477049182986600373e-01,1.550231561354452836e+00,6.063238615527898112e+00,1.532063175938091961e-03
5.410000000000003695e-01,-9.713650381445445570e-01,2.537632857718770674e-01,1.588157305287798415e+00,6.053456908047787799e+00,1.534900329760055917e-03
5.420000000000003704e-01,-9.697579434149719013e-01,2.598117533303550553e-01,1.626021828542420167e+00,6.043438848121816420e+00,1.537737483580867799e-03
5.430000000000003713e-01,-9.681130153817804063e-01,2.658500848093511837e-01,1.663823669030344288e+00,6.033184812641988692e+00,1.540574637400525439e-03
5.440000000000003721e-01,-9.664303174578490196e-01,2.718780444254702000e-01,1.701561366904947636e+00,6.022695187409357942e+00,1.543411791219026887e-03
5.450000000000003730e-01,-9.647099145147607357e-01,2.778953967855673501e-01,1.739233464613552771e+00,6.011970367121700853e+00,1.546248945036369973e-03
5.460000000000003739e-01,-9.629518728804823402e-01,2.839019068956387670e-01,1.776838506949967700e+00,6.001010755360903559e+00,1.549086098852552528e-03
5.470000000000003748e-01,-9.611562603369918634e-01,2.898973401696991470e-01,1.814375041106970343e+00,5.989816764580054631e+00,1.551923252667572386e-03
5.480000000000003757e-01,-9.593231461178529651e-01,2.958814624386463255e-01,1.851841616728735262e+00,5.978388816090254743e+00,1.554760406481427593e-03
5.490000000000003766e-01,-9.574526009057378051e-01,3.018540399591126966e-01,1.889236785963201326e+00,5.966727340047131456e+00,1.557597560294115766e-03
5.500000000000003775e-01,-9.555446968298968446e-01,3.078148394223028661e-01,1.926559103514380089e+00,5.954832775437068904e+00,1.560434714105634951e-03
5.510000000000003784e-01,-9.535995074635766899e-01,3.137636279628172598e-01,1.963807126694601557e+00,5.942705570063148812e+00,1.563271867915982981e-03
5.520000000000003793e-01,-9.516171078213858658e-01,3.197001731674618541e-01,2.000979415476699330e+00,5.930346180530798428e+00,1.566109021725157688e-03
5.530000000000003801e-01,-9.495975743566079652e-01,3.256242430840430857e-01,2.038074532546128914e+00,5.917755072233154223e+00,1.568946175533157119e-03
5.540000000000003810e-01,-9.475409849584630617e-01,3.315356062301481610e-01,2.075091043353022968e+00,5.904932719336137836e+00,1.571783329339978890e-03
5.550000000000003819e-01,-9.454474189493172753e-01,3.374340316019103225e-01,2.112027516164179275e+00,5.891879604763237133e+00,1.574620483145621050e-03
5.560000000000003828e-01,-9.433169570818398242e-01,3.433192886827586277e-01,2.148882522114980098e+00,5.878596220180004828e+00,1.577457636950081428e-03
5.570000000000003837e-01,-9.411496815361086732e-01,3.491911474521520731e-01,2.185654635261241374e+00,5.865083065978265786e+00,1.580294790753357858e-03
5.580000000000003846e-01,-9.389456759166642241e-01,3.550493783942980652e-01,2.222342432630993514e+00,5.851340651260039216e+00,1.583131944555448171e-03
5.590000000000003855e-01,-9.367050252495110474e-01,3.608937525068542373e-01,2.258944494276188486e+00,5.837369493821166877e+00,1.585969098356350415e-03
5.600000000000003864e-01,-9.344278159790685434e-01,3.667240413096140017e-01,2.295459403324333181e+00,5.823170120134659733e+00,1.588806252156062205e-03
5.610000000000003872e-01,-9.321141359650690905e-01,3.725400168531753931e-01,2.331885746030048612e+00,5.808743065333751510e+00,1.591643405954581590e-03
5.620000000000003881e-01,-9.297640744794055667e-01,3.783414517275926481e-01,2.368222111826552734e+00,5.794088873194667144e+00,1.594480559751906400e-03
5.630000000000003890e-01,-9.273777222029268019e-01,3.841281190710103544e-01,2.404467093377065101e+00,5.779208096119103466e+00,1.597317713548034469e-03
5.640000000000003899e-01,-9.249551712221821820e-01,3.898997925782801688e-01,2.440619286626133810e+00,5.764101295116421220e+00,1.600154867342963626e-03
5.650000000000003908e-01,-9.224965150261144053e-01,3.956562465095593839e-01,2.476677290850880730e+00,5.748769039785547541e+00,1.602992021136691921e-03
5.660000000000003917e-01,-9.200018485027015025e-01,4.013972556988913976e-01,2.512639708712166353e+00,5.733211908296597770e+00,1.605829174929217186e-03
5.670000000000003926e-01,-9.174712679355474521e-01,4.071225955627675308e-01,2.548505146305670266e+00,5.717430487372200609e+00,1.608666328720537034e-03
5.680000000000003935e-01,-9.149048710004218377e-01,4.128320421086700831e-01,2.584272213212887692e+00,5.701425372268544400e+00,1.611503482510649515e-03
5.690000000000003944e-01,-9.123027567617487676e-01,4.185253719435962916e-01,2.619939522552040767e+00,5.685197166756131182e+00,1.614340636299552677e-03
5.700000000000003952e-01,-9.096650256690443914e-01,4.242023622825630280e-01,2.655505691028900994e+00,5.668746483100247424e+00,1.617177790087244134e-03
5.710000000000003961e-01,-9.069917795533043448e-01,4.298627909570915118e-01,2.690969338987525106e+00,5.652073942041142551e+00,1.620014943873721936e-03
5.720000000000003970e-01,-9.042831216233399028e-01,4.355064364236723717e-01,2.726329090460898108e+00,5.635180172773928575e+00,1.622852097658983696e-03
5.730000000000003979e-01,-9.015391564620637288e-01,4.411330777722102803e-01,2.761583573221487953e+00,5.618065812928184855e+00,1.625689251443027464e-03
5.740000000000003988e-01,-8.987599900227254412e-01,4.467424947344481034e-01,2.796731418831704730e+00,5.600731508547284854e+00,1.628526405225851070e-03
5.750000000000003997e-01,-8.959457296250961100e-01,4.523344676923702901e-01,2.831771262694266600e+00,5.583177914067428915e+00,1.631363559007452564e-03
5.760000000000004006e-01,-8.930964839516030152e-01,4.579087776865850001e-01,2.866701744102471139e+00,5.565405692296397255e+00,1.634200712787829560e-03
5.770000000000004015e-01,-8.902123630434140011e-01,4.634652064246850278e-01,2.901521506290365870e+00,5.547415514392011637e+00,1.637037866566980106e-03
5.780000000000004023e-01,-8.872934782964716494e-01,4.690035362895870197e-01,2.936229196482825099e+00,5.529208059840316380e+00,1.639875020344902035e-03
5.790000000000004032e-01,-8.843399424574772683e-01,4.745235503478484329e-01,2.970823465945522823e+00,5.510784016433470711e+00,1.642712174121593177e-03
5.800000000000004041e-01,-8.813518696198254787e-01,4.800250323579626777e-01,3.005302970034805732e+00,5.492144080247356008e+00,1.645549327897051365e-03
5.810000000000004050e-01,-8.783293752194883952e-01,4.855077667786315554e-01,3.039666368247463168e+00,5.473288955618899720e+00,1.648386481671274429e-03
5.820000000000004059e-01,-8.752725760308504022e-01,4.909715387770146600e-01,3.073912324270392737e+00,5.454219355123112400e+00,1.651223635444260419e-03
5.830000000000004068e-01,-8.721815901624933032e-01,4.964161342369559637e-01,3.108039506030159771e+00,5.434935999549838748e+00,1.654060789216007165e-03
5.840000000000004077e-01,-8.690565370529319544e-01,5.018413397671869225e-01,3.142046585742449771e+00,5.415439617880227985e+00,1.656897942986512500e-03
5.850000000000004086e-01,-8.658975374663003821e-01,5.072469427095059880e-01,3.175932239961412495e+00,5.395730947262917354e+00,1.659735096755774256e-03
5.860000000000004095e-01,-8.627047134879886059e-01,5.126327311469337511e-01,3.209695149628895461e+00,5.375810732989929619e+00,1.662572250523790263e-03
5.870000000000004103e-01,-8.594781885202305016e-01,5.179984939118446041e-01,3.243334000123564653e+00,5.355679728472291679e+00,1.665409404290558353e-03
5.880000000000004112e-01,-8.562180872776425922e-01,5.233440205940730339e-01,3.276847481309914212e+00,5.335338695215362748e+00,1.668246558056076575e-03
5.890000000000004121e-01,-8.529245357827135443e-01,5.286691015489957124e-01,3.310234287587160651e+00,5.314788402793884536e+00,1.671083711820342760e-03
5.900000000000004130e-01,-8.495976613612449269e-01,5.339735279055882744e-01,3.343493117938020287e+00,5.294029628826747214e+00,1.673920865583354740e-03
5.910000000000004139e-01,-8.462375926377438962e-01,5.392570915744566706e-01,3.376622675977369425e+00,5.273063158951467599e+00,1.676758019345110347e-03
5.920000000000004148e-01,-8.428444595307661436e-01,5.445195852558428751e-01,3.409621670000786420e+00,5.251889786798390247e+00,1.679595173105607412e-03
5.930000000000004157e-01,-8.394183932482114363e-01,5.497608024476049460e-01,3.442488813032971606e+00,5.230510313964602531e+00,1.682432326864843983e-03
5.940000000000004166e-01,-8.359595262825699757e-01,5.549805374531702196e-01,3.475222822876046447e+00,5.208925549987569958e+00,1.685269480622817893e-03
5.950000000000004174e-01,-8.324679924061212377e-01,5.601785853894627465e-01,3.507822422157727882e+00,5.187136312318486375e+00,1.688106634379526972e-03
5.960000000000004183e-01,-8.289439266660840744e-01,5.653547421948034168e-01,3.540286338379379671e+00,5.165143426295342621e+00,1.690943788134969053e-03
5.970000000000004192e-01,-8.253874653797190764e-01,5.705088046367829957e-01,3.572613303963933618e+00,5.142947725115717184e+00,1.693780941889141967e-03
5.980000000000004201e-01,-8.217987461293833062e-01,5.756405703201084023e-01,3.604802056303687330e+00,5.120550049809280857e+00,1.696618095642043545e-03
5.990000000000004210e-01,-8.181779077575370707e-01,5.807498376944206786e-01,3.636851337807967433e+00,5.097951249210023406e+00,1.699455249393671836e-03
6.000000000000004219e-01,-8.145250903617028415e-01,5.858364060620852021e-01,3.668759895950665761e+00,5.075152179928196894e+00,1.702292403144024672e-03
6.010000000000004228e-01,-8.108404352893772149e-01,5.909000755859540321e-01,3.700526483317640558e+00,5.052153706321983684e+00,1.705129556893099883e-03
6.020000000000004237e-01,-8.071240851328953525e-01,5.959406472970995017e-01,3.732149857653983105e+00,5.028956700468876662e+00,1.707966710640895303e-03
6.030000000000004245e-01,-8.033761837242479054e-01,6.009579231025190538e-01,3.763628781911150245e+00,5.005562042136785017e+00,1.710803864387408762e-03
6.040000000000004254e-01,-7.995968761298514194e-01,6.059517057928109907e-01,3.794962024293959235e+00,4.981970618754860247e+00,1.713641018132638309e-03
6.050000000000004263e-01,-7.957863086452713342e-01,6.109217990498212458e-01,3.826148358307442265e+00,4.958183325384040607e+00,1.716478171876581558e-03
6.060000000000004272e-01,-7.919446287898985748e-01,6.158680074542601801e-01,3.857186562803561980e+00,4.934201064687318450e+00,1.719315325619236558e-03
6.070000000000004281e-01,-7.880719853015790699e-01,6.207901364932896238e-01,3.888075422027784445e+00,4.910024746899726011e+00,1.722152479360601141e-03
6.080000000000004290e-01,-7.841685281311973066e-01,6.256879925680798316e-01,3.918813725665508674e+00,4.885655289798048528e+00,1.724989633100673355e-03
6.090000000000004299e-01,-7.802344084372131450e-01,6.305613830013361287e-01,3.949400268888350940e+00,4.861093618670254024e+00,1.727826786839450814e-03
6.100000000000004308e-01,-7.762697785801524475e-01,6.354101160447944707e-01,3.979833852400283423e+00,4.836340666284647760e+00,1.730663940576931568e-03
6.110000000000004317e-01,-7.722747921170516339e-01,6.402340008866863608e-01,4.010113282483622754e+00,4.811397372858750465e+00,1.733501094313113231e-03
6.120000000000004325e-01,-7.682496037958567170e-01,6.450328476591723481e-01,4.040237371044868908e+00,4.786264686027898563e+00,1.736338248047993851e-03
6.130000000000004334e-01,-7.641943695497759315e-01,6.498064674457439960e-01,4.070204935660394874e+00,4.760943560813567288e+00,1.739175401781571477e-03
6.140000000000004343e-01,-7.601092464915872871e-01,6.545546722885942081e-01,4.100014799621981787e+00,4.735434959591419357e+00,1.742012555513843724e-03
6.150000000000004352e-01,-7.559943929079003810e-01,6.592772751959551369e-01,4.129665791982199075e+00,4.709739852059077414e+00,1.744849709244808422e-03
6.160000000000004361e-01,-7.518499682533730244e-01,6.639740901494040060e-01,4.159156747599626947e+00,4.683859215203621140e+00,1.747686862974463622e-03
6.170000000000004370e-01,-7.476761331448826819e-01,6.686449321111362920e-01,4.188486507183927010e+00,4.657794033268808143e+00,1.750524016702807153e-03
6.180000000000004379e-01,-7.434730493556527264e-01,6.732896170312057116e-01,4.217653917340745018e+00,4.631545297722024834e+00,1.753361170429836849e-03
6.190000000000004388e-01,-7.392408798093345057e-01,6.779079618547313446e-01,4.246657830616459961e+00,4.605114007220956651e+00,1.756198324155550539e-03
6.200000000000004396e-01,-7.349797885740438907e-01,6.824997845290711185e-01,4.275497105542765297e+00,4.578501167579990039e+00,1.759035477879946274e-03
6.210000000000004405e-01,-7.306899408563538589e-01,6.870649040109615413e-01,4.304170606681091193e+00,4.551707791736341768e+00,1.761872631603021667e-03
6.220000000000004414e-01,-7.263715029952426683e-01,6.916031402736236844e-01,4.332677204666853576e+00,4.524734899715911141e+00,1.764709785324774767e-03
6.230000000000004423e-01,-7.220246424559978449e-01,6.961143143138343037e-01,4.361015776253544196e+00,4.497583518598862184e+00,1.767546939045203406e-03
6.240000000000004432e-01,-7.176495278240759834e-01,7.005982481589633215e-01,4.389185204356643055e+00,4.470254682484936737e+00,1.770384092764305415e-03
6.250000000000004441e-01,-7.132463287989190270e-01,7.050547648739753370e-01,4.417184378097367414e+00,4.442749432458491299e+00,1.773221246482078626e-03
6.260000000000004450e-01,-7.088152161877268043e-01,7.094836885683970529e-01,4.445012192846243160e+00,4.415068816553267439e+00,1.776058400198521087e-03
6.270000000000004459e-01,-7.043563618991856012e-01,7.138848444032489526e-01,4.472667550266505643e+00,4.387213889716890414e+00,1.778895553913630414e-03
6.280000000000004468e-01,-6.998699389371543234e-01,7.182580585979408960e-01,4.500149358357321994e+00,4.359185713775097781e+00,1.781732707627404653e-03
6.290000000000004476e-01,-6.953561213943065811e-01,7.226031584371328531e-01,4.527456531496838466e+00,4.330985357395699786e+00,1.784569861339841638e-03
6.300000000000004485e-01,-6.908150844457306983e-01,7.269199722775583350e-01,4.554587990485045701e+00,4.302613896052268849e+00,1.787407015050939199e-03
6.310000000000004494e-01,-6.862470043424863109e-01,7.312083295548121864e-01,4.581542662586467252e+00,4.274072411987563491e+00,1.790244168760695385e-03
6.320000000000004503e-01,-6.816520584051183329e-01,7.354680607901010747e-01,4.608319481572662468e+00,4.245361994176683140e+00,1.793081322469107812e-03
6.330000000000004512e-01,-6.770304250171290672e-01,7.396989975969576747e-01,4.634917387764547314e+00,4.216483738289957373e+00,1.795918476176174526e-03
6.340000000000004521e-01,-6.723822836184076834e-01,7.439009726879169948e-01,4.661335328074527773e+00,4.187438746655566923e+00,1.798755629881893360e-03
6.350000000000004530e-01,-6.677078146986176188e-01,7.480738198811553996e-01,4.687572256048448516e+00,4.158228128221900022e+00,1.801592783586262146e-03
6.360000000000004539e-01,-6.630071997905424563e-01,7.522173741070921071e-01,4.713627131907349721e+00,4.128852998519642270e+00,1.804429937289278715e-03
6.370000000000004547e-01,-6.582806214633898367e-01,7.563314714149521611e-01,4.739498922589033825e+00,4.099314479623604512e+00,1.807267090990941115e-03
6.380000000000004556e-01,-6.535282633160538479e-01,7.604159489792914339e-01,4.765186601789442200e+00,4.069613700114282473e+00,1.810104244691247179e-03
6.390000000000004565e-01,-6.487503099703364473e-01,7.644706451064831043e-01,4.790689150003834662e+00,4.039751795039157045e+00,1.812941398390194520e-03
6.400000000000004574e-01,-6.439469470641275839e-01,7.684953992411651669e-01,4.816005554567774460e+00,4.009729905873729017e+00,1.815778552087781187e-03
6.410000000000004583e-01,-6.391183612445445750e-01,7.724900519726486392e-01,4.841134809697916985e+00,3.979549180482291781e+00,1.818615705784005230e-03
6.420000000000004592e-01,-6.342647401610304048e-01,7.764544450412868004e-01,4.866075916532595969e+00,3.949210773078444703e+00,1.821452859478864261e-03
6.430000000000004601e-01,-6.293862724584122770e-01,7.803884213448047946e-01,4.890827883172213397e+00,3.918715844185344022e+00,1.824290013172356114e-03
6.440000000000004610e-01,-6.244831477699190891e-01,7.842918249445889334e-01,4.915389724719423370e+00,3.888065560595692638e+00,1.827127166864478836e-03
6.450000000000004619e-01,-6.195555567101593830e-01,7.881645010719361411e-01,4.939760463319111672e+00,3.857261095331472323e+00,1.829964320555230260e-03
6.460000000000004627e-01,-6.146036908680589939e-01,7.920062961342633212e-01,4.963939128198171957e+00,3.826303627603416135e+00,1.832801474244608216e-03
6.470000000000004636e-01,-6.096277427997593978e-01,7.958170577212752006e-01,4.987924755705073210e+00,3.795194342770222828e+00,1.835638627932610536e-03
6.480000000000004645e-01,-6.046279060214764245e-01,7.995966346110924272e-01,5.011716389349214040e+00,3.763934432297513677e+00,1.838475781619235269e-03
6.490000000000004654e-01,-5.996043750023197783e-01,8.033448767763372578e-01,5.035313079840072703e+00,3.732525093716532627e+00,1.841312935304480029e-03
6.500000000000004663e-01,-5.945573451570733692e-01,8.070616353901788331e-01,5.058713885126138621e+00,3.700967530582591980e+00,1.844150088988342866e-03
6.510000000000004672e-01,-5.894870128389368968e-01,8.107467628323362652e-01,5.081917870433630746e+00,3.669262952433260949e+00,1.846987242670821610e-03
6.520000000000004681e-01,-5.843935753322290205e-01,8.144001126950397573e-01,5.104924108305002761e+00,3.637412574746300198e+00,1.849824396351914093e-03
6.530000000000004690e-01,-5.792772308450518937e-01,8.180215397889497586e-01,5.127731678637225343e+00,3.605417618897344134e+00,1.852661550031618363e-03
6.540000000000004698e-01,-5.741381785019173956e-01,8.216109001490334851e-01,5.150339668719851716e+00,3.573279312117329187e+00,1.855498703709932036e-03
6.550000000000004707e-01,-5.689766183363359486e-01,8.251680510403991420e-01,5.172747173272861154e+00,3.540998887449670729e+00,1.858335857386853160e-03
6.560000000000004716e-01,-5.637927512833671440e-01,8.286928509640865137e-01,5.194953294484277784e+00,3.508577583707187308e+00,1.861173011062379565e-03
6.570000000000004725e-01,-5.585867791721327302e-01,8.321851596628148107e-01,5.216957142047568219e+00,3.476016645428777085e+00,1.864010164736509085e-03
6.580000000000004734e-01,-5.533589047182929654e-01,8.356448381266871062e-01,5.238757833198806502e+00,3.443317322835842464e+00,1.866847318409239551e-03
6.590000000000004743e-01,-5.481093315164852209e-01,8.390717485988509194e-01,5.260354492753617883e+00,3.410480871788467372e+00,1.869684472080569010e-03
6.600000000000004752e-01,-5.428382640327261699e-01,8.424657545811147230e-01,5.281746253143886349e+00,3.377508553741346731e+00,1.872521625750495078e-03
6.610000000000004761e-01,-5.375459075967773392e-01,8.458267208395205961e-01,5.302932254454232996e+00,3.344401635699468134e+00,1.875358779419015803e-03
6.620000000000004770e-01,-5.322324683944740231e-01,8.491545134098721359e-01,5.323911644458259040e+00,3.311161390173547936e+00,1.878195933086129017e-03
6.630000000000004778e-01,-5.268981534600185590e-01,8.524489996032180716e-01,5.344683578654557010e+00,3.277789095135222208e+00,1.881033086751832551e-03
6.640000000000004787e-01,-5.215431706682371882e-01,8.557100480112901364e-01,5.365247220302480358e+00,3.244286033971994332e+00,1.883870240416124237e-03
6.650000000000004796e-01,-5.161677287268016112e-01,8.589375285118969749e-01,5.385601740457676812e+00,3.210653495441937899e+00,1.886707394079002124e-03
6.660000000000004805e-01,-5.107720371684150162e-01,8.621313122742713109e-01,5.405746318007380147e+00,3.176892773628158917e+00,1.889544547740463825e-03
6.670000000000004814e-01,-5.053563063429630242e-01,8.652912717643727047e-01,5.425680139705461258e+00,3.143005167893014651e+00,1.892381701400507391e-03
6.680000000000004823e-01,-4.999207474096294401e-01,8.684172807501433500e-01,5.445402400207231430e+00,3.108991982832093548e+00,1.895218855059130651e-03
6.690000000000004832e-01,-4.944655723289776983e-01,8.715092143067184605e-01,5.464912302104002251e+00,3.074854528227955797e+00,1.898056008716331655e-03
6.700000000000004841e-01,-4.889909938549975577e-01,8.745669488215899179e-01,5.484209055957398604e+00,3.040594119003635409e+00,1.900893162372108017e-03
6.710000000000004849e-01,-4.834972255271178798e-01,8.775903619997234006e-01,5.503291880333422093e+00,3.006212075175903387e+00,1.903730316026457786e-03
6.720000000000004858e-01,-4.779844816621852122e-01,8.805793328686285504e-01,5.522160001836258658e+00,2.971709721808297289e+00,1.906567469679378577e-03
6.730000000000004867e-01,-4.724529773464087867e-01,8.835337417833825091e-01,5.540812655141839294e+00,2.937088388963912777e+00,1.909404623330868437e-03
6.740000000000004876e-01,-4.669029284272721569e-01,8.864534704316053837e-01,5.559249083031144956e+00,2.902349411657962897e+00,1.912241776980925199e-03
6.750000000000004885e-01,-4.613345515054116386e-01,8.893384018383887479e-01,5.577468536423251244e+00,2.867494129810103320e+00,1.915078930629546912e-03
6.760000000000004894e-01,-4.557480639264616662e-01,8.921884203711760719e-01,5.595470274408118172e+00,2.832523888196524897e+00,1.917916084276731188e-03
6.770000000000004903e-01,-4.501436837728677864e-01,8.950034117445951898e-01,5.613253564279120589e+00,2.797440036401817043e+00,1.920753237922476079e-03
6.780000000000004912e-01,-4.445216298556669554e-01,8.977832630252426949e-01,5.630817681565313926e+00,2.762243928770599766e+00,1.923590391566779413e-03
6.790000000000004921e-01,-4.388821217062359725e-01,9.005278626364194849e-01,5.648161910063438818e+00,2.726936924358926539e+00,1.926427545209639025e-03
6.800000000000004929e-01,-4.332253795680076625e-01,9.032371003628180128e-01,5.665285541869660157e+00,2.691520386885461136e+00,1.929264698851052744e-03
6.810000000000004938e-01,-4.275516243881560263e-01,9.059108673551601321e-01,5.682187877411037924e+00,2.655995684682426639e+00,1.932101852491018403e-03
6.820000000000004947e-01,-4.218610778092494185e-01,9.085490561347862037e-01,5.698868225476731553e+00,2.620364190646330638e+00,1.934939006129534050e-03
6.830000000000004956e-01,-4.161539621608731365e-01,9.111515605981946875e-01,5.715325903248931638e+00,2.584627282188464381e+00,1.937776159766597516e-03
6.840000000000004965e-01,-4.104305004512209254e-01,9.137182760215318833e-01,5.731560236333519853e+00,2.548786341185180770e+00,1.940613313402206417e-03
6.850000000000004974e-01,-4.046909163586562275e-01,9.162490990650323797e-01,5.747570558790457085e+00,2.512842753927949424e+00,1.943450467036359017e-03
6.860000000000004983e-01,-3.989354342232429018e-01,9.187439277774087643e-01,5.763356213163892683e+00,2.476797911073192360e+00,1.946287620669052932e-03
6.870000000000004992e-01,-3.931642790382460229e-01,9.212026616001915968e-01,5.778916550511998373e+00,2.440653207591899854e+00,1.949124774300285993e-03
6.880000000000005000e-01,-3.873776764416033136e-01,9.236252013720185339e-01,5.794250930436522395e+00,2.404410042719028251e+00,1.951961927930056248e-03
6.890000000000005009e-01,-3.815758527073666029e-01,9.260114493328730489e-01,5.809358721112062973e+00,2.368069819902681505e+00,1.954799081558361313e-03
6.900000000000005018e-01,-3.757590347371147499e-01,9.283613091282721941e-01,5.824239299315057572e+00,2.331633946753076891e+00,1.957636235185199452e-03
6.910000000000005027e-01,-3.699274500513371478e-01,9.306746858134027356e-01,5.838892050452490601e+00,2.295103834991297997e+00,1.960473388810568280e-03
6.920000000000005036e-01,-3.640813267807891385e-01,9.329514858572066638e-01,5.853316368590312457e+00,2.258480900397832780e+00,1.963310542434465629e-03
6.930000000000005045e-01,-3.582208936578188951e-01,9.351916171464145222e-01,5.867511656481571691e+00,2.221766562760902453e+00,1.966147696056889330e-03
6.940000000000005054e-01,-3.523463800076664376e-01,9.373949889895274445e-01,5.881477325594258510e+00,2.184962245824577654e+00,1.968984849677837649e-03
6.950000000000005063e-01,-3.464580157397347260e-01,9.395615121207467890e-01,5.895212796138853406e+00,2.148069377236689892e+00,1.971822003297307984e-03
6.960000000000005071e-01,-3.405560313388336646e-01,9.416910987038518144e-01,5.908717497095588911e+00,2.111089388496531161e+00,1.974659156915298600e-03
6.970000000000005080e-01,-3.346406578563968504e-01,9.437836623360250643e-01,5.921990866241410245e+00,2.074023714902351490e+00,1.977496310531806894e-03
6.980000000000005089e-01,-3.287121269016713421e-01,9.458391180516247942e-01,5.935032350176641991e+00,2.036873795498649109e+00,1.980333464146831132e-03
6.990000000000005098e-01,-3.227706706328813402e-01,9.478573823259047737e-01,5.947841404351358108e+00,1.999641073023260329e+00,1.983170617760369146e-03
7.000000000000005107e-01,-3.168165217483651097e-01,9.498383730786813528e-01,5.960417493091450858e+00,1.962326993854245583e+00,1.986007771372418768e-03
7.010000000000005116e-01,-3.108499134776864237e-01,9.517820096779465722e-01,5.972760089624395974e+00,1.924933007956575848e+00,1.988844924982977828e-03
7.020000000000005125e-01,-3.048710795727200829e-01,9.536882129434287592e-01,5.984868676104716734e+00,1.887460568828621676e+00,1.991682078592044158e-03
7.030000000000005134e-01,-2.988802542987124555e-01,9.555569051500989453e-01,5.996742743639145168e+00,1.849911133448443490e+00,1.994519232199615591e-03
7.040000000000005143e-01,-2.928776724253165931e-01,9.573880100316236597e-01,6.008381792311471514e+00,1.812286162219887142e+00,1.997356385805689957e-03
7.050000000000005151e-01,-2.868635692176030871e-01,9.591814527837634330e-01,6.019785331207087253e+00,1.774587118918484974e+00,2.000193539410265522e-03
7.060000000000005160e-01,-2.808381804270462245e-01,9.609371600677178993e-01,6.030952878437219944e+00,1.736815470637165237e+00,2.003030693013339684e-03
7.070000000000005169e-01,-2.748017422824860501e-01,9.626550600134152758e-01,6.041883961162854533e+00,1.698972687731768572e+00,2.005867846614910709e-03
7.080000000000005178e-01,-2.687544914810670038e-01,9.643350822227485519e-01,6.052578115618341137e+00,1.661060243766377509e+00,2.008705000214975993e-03
7.090000000000005187e-01,-2.626966651791527441e-01,9.659771577727558345e-01,6.063034887134688411e+00,1.623079615458456137e+00,2.011542153813533802e-03
7.100000000000005196e-01,-2.566285009832180442e-01,9.675812192187467353e-01,6.073253830162538947e+00,1.585032282623804578e+00,2.014379307410581969e-03
7.110000000000005205e-01,-2.505502369407176522e-01,9.691472005973726933e-01,6.083234508294826703e+00,1.546919728121328941e+00,2.017216461006118323e-03
7.120000000000005214e-01,-2.444621115309330295e-01,9.706750374296424511e-01,6.092976494289115585e+00,1.508743437797627429e+00,2.020053614600140698e-03
7.130000000000005222e-01,-2.383643636557965240e-01,9.721646667238821315e-01,6.102479370089614719e+00,1.470504900431396811e+00,2.022890768192646925e-03
7.140000000000005231e-01,-2.322572326306939217e-01,9.736160269786393595e-01,6.111742726848869545e+00,1.432205607677657033e+00,2.025727921783634835e-03
7.150000000000005240e-01,-2.261409581752453490e-01,9.750290581855316496e-01,6.120766164949130506e+00,1.393847054011800202e+00,2.028565075373102260e-03
7.160000000000005249e-01,-2.200157804040650533e-01,9.764037018320386174e-01,6.129549294023391326e+00,1.355430736673461922e+00,2.031402228961047031e-03
7.170000000000005258e-01,-2.138819398175002828e-01,9.777399009042383460e-01,6.138091732976103998e+00,1.316958155610218562e+00,2.034239382547467414e-03
7.180000000000005267e-01,-2.077396772923496004e-01,9.790375998894867982e-01,6.146393110003558924e+00,1.278430813421111534e+00,2.037076536132360807e-03
7.190000000000005276e-01,-2.015892340725609910e-01,9.802967447790411626e-01,6.154453062613935543e+00,1.239850215300001723e+00,2.039913689715725474e-03
7.200000000000005285e-01,-1.954308517599100958e-01,9.815172830706263563e-01,6.162271237647019007e+00,1.201217868978752712e+00,2.042750843297559248e-03
7.210000000000005294e-01,-1.892647723046588515e-01,9.826991637709441285e-01,6.169847291293584668e+00,1.162535284670248803e+00,2.045587996877859527e-03
7.220000000000005302e-01,-1.830912379961949776e-01,9.838423373981260989e-01,6.177180889114442408e+00,1.123803975011246070e+00,2.048425150456624575e-03
7.230000000000005311e-01,-1.769104914536525908e-01,9.849467559841286191e-01,6.184271706059144336e+00,1.085025455005059314e+00,2.051262304033852225e-03
7.240000000000005320e-01,-1.707227756165141941e-01,9.860123730770706807e-01,6.191119426484355870e+00,1.046201241964088702e+00,2.054099457609540307e-03
7.250000000000005329e-01,-1.645283337351945152e-01,9.870391437435142024e-01,6.197723744171880433e+00,1.007332855452184761e+00,2.056936611183687088e-03
7.260000000000005338e-01,-1.583274093616065803e-01,9.880270245706865850e-01,6.204084362346344861e+00,9.684218172268563851e-01,2.059773764756289965e-03
7.270000000000005347e-01,-1.521202463397101079e-01,9.889759736686455360e-01,6.210200993692541083e+00,9.294696511813211881e-01,2.062610918327346769e-03
7.280000000000005356e-01,-1.459070887960428609e-01,9.898859506723854951e-01,6.216073360372418755e+00,8.904778832864029825e-01,2.065448071896855767e-03
7.290000000000005365e-01,-1.396881811302350951e-01,9.907569167438863289e-01,6.221701194041735050e+00,8.514480415322756013e-01,2.068285225464814355e-03
7.300000000000005373e-01,-1.334637680055076048e-01,9.915888345741034060e-01,6.227084235866350070e+00,8.123816558700569512e-01,2.071122379031220800e-03
7.310000000000005382e-01,-1.272340943391536416e-01,9.923816683848992737e-01,6.232222236538176752e+00,7.732802581532538522e-01,2.073959532596072498e-03
7.320000000000005391e-01,-1.209994052930049857e-01,9.931353839309168263e-01,6.237114956290777279e+00,7.341453820790609930e-01,2.076796686159367716e-03
7.330000000000005400e-01,-1.147599462638826673e-01,9.938499485013932988e-01,6.241762164914605115e+00,6.949785631295147814e-01,2.079633839721104285e-03
7.340000000000005409e-01,-1.085159628740325899e-01,9.945253309219159732e-01,6.246163641771891761e+00,6.557813385125047523e-01,2.082470993281280037e-03
7.350000000000005418e-01,-1.022677009615464844e-01,9.951615015561182664e-01,6.250319175811180905e+00,6.165552471026445325e-01,2.085308146839892803e-03
7.360000000000005427e-01,-9.601540657076845786e-02,9.957584323073169763e-01,6.254228565581499311e+00,5.773018293820041391e-01,2.088145300396940414e-03
7.370000000000005436e-01,-8.975932594268756781e-02,9.963160966200897972e-01,6.257891619246172432e+00,5.380226273807059423e-01,2.090982453952420703e-03
7.380000000000005445e-01,-8.349970550531678193e-02,9.968344694817937723e-01,6.261308154596277653e+00,4.987191846173860688e-01,2.093819607506331934e-03
7.390000000000005453e-01,-7.723679186405864316e-02,9.973135274240241266e-01,6.264477999063734259e+00,4.593930460395236892e-01,2.096656761058671506e-03
7.400000000000005462e-01,-7.097083179205802839e-02,9.977532485240129256e-01,6.267400989734033701e+00,4.200457579636401317e-01,2.099493914609437684e-03
7.410000000000005471e-01,-6.470207222054238927e-02,9.981536124059683379e-01,6.270076973358600370e+00,3.806788680153697646e-01,2.102331068158627865e-03
7.420000000000005480e-01,-5.843076022914976686e-02,9.985146002423538336e-01,6.272505806366786452e+00,3.412939250694050908e-01,2.105168221706240315e-03
7.430000000000005489e-01,-5.215714303624501003e-02,9.988361947551068765e-01,6.274687354877501733e+00,3.018924791893180526e-01,2.108005375252272866e-03
7.440000000000005498e-01,-4.588146798922459330e-02,9.991183802167978856e-01,6.276621494710472149e+00,2.624760815672599334e-01,2.110842528796722916e-03
7.450000000000005507e-01,-3.960398255481029084e-02,9.993611424517285791e-01,6.278308111397128854e+00,2.230462844635414665e-01,2.113679682339588729e-03
7.460000000000005516e-01,-3.332493430933220618e-02,9.995644688369698105e-01,6.279747100191121589e+00,1.836046411460961481e-01,2.116516835880868138e-03
7.470000000000005524e-01,-2.704457092900143175e-02,9.997283483033390095e-01,6.280938366078464341e+00,1.441527058298283648e-01,2.119353989420559407e-03
7.480000000000005533e-01,-2.076314018017278232e-02,9.998527713363164482e-01,6.281881823787301755e+00,1.046920336158489451e-01,2.122191142958659935e-03
7.490000000000005542e-01,-1.448088990959793890e-02,9.999377299769015570e-01,6.282577397797301622e+00,6.522418043060010384e-02,2.125028296495167553e-03
7.500000000000005551e-01,-8.198068034669374338e-03,9.999832178224071777e-01,6.283025022348669886e+00,2.575070296487230043e-02,2.127865450030080527e-03
7.510000000000005560e-01,-1.914922533655473436e-03,9.999892300271938650e-01,6.283224641450785519e+00,-1.372684138728485354e-02,2.130702603563396254e-03
7.520000000000005569e-01,4.368298564072797645e-03,9.999557633033422377e-01,6.283176208890457026e+00,-5.320689458975524921e-02,2.133539757095112999e-03
7.530000000000005578e-01,1.065134718782329362e-02,9.998828159212646005e-01,6.282879688239798810e+00,-9.268789802565027824e-02,2.136376910625228161e-03
7.540000000000005587e-01,1.693397523537177804e-02,9.997703877102549486e-01,6.282335052863721181e+00,-1.321682925587017443e-01,2.139214064153740005e-03
7.550000000000005596e-01,2.321593458275829358e-02,9.996184800589776875e-01,6.281542285927039337e+00,-1.716465185947513294e-01,2.142051217680646363e-03
7.560000000000005604e-01,2.949697709409047214e-02,9.994270959158945145e-01,6.280501380401197764e+00,-2.111210161433343391e-01,2.144888371205945065e-03
7.570000000000005613e-01,3.577685463135336225e-02,9.991962397896301251e-01,6.279212339070608273e+00,-2.505902248793552833e-01,2.147725524729633944e-03
7.580000000000005622e-01,4.205531906422541044e-02,9.989259177492759711e-01,6.277675174538596359e+00,-2.900525842048528591e-01,2.150562678251710831e-03
7.590000000000005631e-01,4.833212227990016374e-02,9.986161374246319555e-01,6.275889909232966524e+00,-3.295065333108520012e-01,2.153399831772173558e-03
7.600000000000005640e-01,5.460701619291338793e-02,9.982669080063868439e-01,6.273856575411172365e+00,-3.689505112393005049e-01,2.156236985291019956e-03
7.610000000000005649e-01,6.087975275497514716e-02,9.978782402462360590e-01,6.271575215165096751e+00,-4.083829569450878050e-01,2.159074138808248292e-03
7.620000000000005658e-01,6.715008396480642849e-02,9.974501464569377474e-01,6.269045880425439421e+00,-4.478023093581435243e-01,2.161911292323855961e-03
7.630000000000005667e-01,7.341776187798003395e-02,9.969826405123068946e-01,6.266268632965713792e+00,-4.872070074456130717e-01,2.164748445837841231e-03
7.640000000000005675e-01,7.968253861676517780e-02,9.964757378471464921e-01,6.263243544405847629e+00,-5.265954902741081245e-01,2.167585599350201932e-03
7.650000000000005684e-01,8.594416637997556729e-02,9.959294554571175295e-01,6.259970696215388486e+00,-5.659661970720292201e-01,2.170422752860935462e-03
7.660000000000005693e-01,9.220239745282046706e-02,9.953438118985454830e-01,6.256450179716310345e+00,-6.053175672919580697e-01,2.173259906370040087e-03
7.670000000000005702e-01,9.845698421675834477e-02,9.947188272881652971e-01,6.252682096085427688e+00,-6.446480406731170953e-01,2.176097059877513638e-03
7.680000000000005711e-01,1.047076791593527512e-01,9.940545233028031946e-01,6.248666556356406332e+00,-6.839560573038934166e-01,2.178934213383353947e-03
7.690000000000005720e-01,1.109542348841300180e-01,9.933509231789964256e-01,6.244403681421376362e+00,-7.232400576844252305e-01,2.181771366887558846e-03
7.700000000000005729e-01,1.171964041204383578e-01,9.926080517125501768e-01,6.239893602032145381e+00,-7.624984827892470340e-01,2.184608520390126166e-03
7.710000000000005738e-01,1.234339397333080041e-01,9.918259352580316435e-01,6.235136458801006754e+00,-8.017297741299924674e-01,2.187445673891054172e-03
7.720000000000005747e-01,1.296665947333118796e-01,9.910046017282018171e-01,6.230132402201149944e+00,-8.409323738181506691e-01,2.190282827390340262e-03
7.730000000000005755e-01,1.358941222864266107e-01,9.901440805933839906e-01,6.224881592566660515e+00,-8.801047246278749236e-01,2.193119980887982701e-03
7.740000000000005764e-01,1.421162757238931540e-01,9.892444028807698686e-01,6.219384200092123116e+00,-9.192452700588398251e-01,2.195957134383978888e-03
7.750000000000005773e-01,1.483328085520770057e-01,9.883056011736625068e-01,6.213640404831811459e+00,-9.583524543991448486e-01,2.198794287878327088e-03
7.760000000000005782e-01,1.545434744623273016e-01,9.873277096106563011e-01,6.207650396698479511e+00,-9.974247227882619971e-01,2.201631441371024699e-03
7.770000000000005791e-01,1.607480273408345151e-01,9.863107638847544711e-01,6.201414375461737016e+00,-1.036460521280023972e+00,2.204468594862069985e-03
7.780000000000005800e-01,1.669462212784862953e-01,9.852548012424227064e-01,6.194932550746022670e+00,-1.075458296905650535e+00,2.207305748351460779e-03
7.790000000000005809e-01,1.731378105807211965e-01,9.841598604825807506e-01,6.188205142028166961e+00,-1.114416497736811618e+00,2.210142901839194911e-03
7.800000000000005818e-01,1.793225497773795751e-01,9.830259819555300371e-01,6.181232378634542002e+00,-1.153333572948721297e+00,2.212980055325270215e-03
7.810000000000005826e-01,1.855001936325516299e-01,9.818532075618187083e-01,6.174014499737804584e+00,-1.192207972883263745e+00,2.215817208809684954e-03
7.820000000000005835e-01,1.916704971544218039e-01,9.806415807510433513e-01,6.166551754353225334e+00,-1.231038149112145819e+00,2.218654362292436528e-03
7.830000000000005844e-01,1.978332156051094970e-01,9.793911465205877853e-01,6.158844401334604868e+00,-1.269822554500074085e+00,2.221491515773522767e-03
7.840000000000005853e-01,2.039881045105052804e-01,9.781019514142980098e-01,6.150892709369778721e+00,-1.308559643267953820e+00,2.224328669252941936e-03
7.850000000000005862e-01,2.101349196701025324e-01,9.767740435210948702e-01,6.142696956975706613e+00,-1.347247871056107771e+00,2.227165822730691434e-03
7.860000000000005871e-01,2.162734171668239946e-01,9.754074724735228852e-01,6.134257432493147810e+00,-1.385885694987510020e+00,2.230002976206769526e-03
7.870000000000005880e-01,2.224033533768426663e-01,9.740022894462357916e-01,6.125574434080920838e+00,-1.424471573731034280e+00,2.232840129681174044e-03
7.880000000000005889e-01,2.285244849793968414e-01,9.725585471544191396e-01,6.116648269709746621e+00,-1.463003967564711738e+00,2.235677283153902385e-03
7.890000000000005898e-01,2.346365689665987908e-01,9.710762998521496048e-01,6.107479257155675967e+00,-1.501481338438998225e+00,2.238514436624952815e-03
7.900000000000005906e-01,2.407393626532365882e-01,9.695556033306906851e-01,6.098067723993098710e+00,-1.539902150040045159e+00,2.241351590094323165e-03
7.910000000000005915e-01,2.468326236865687751e-01,9.679965149167256699e-01,6.088414007587334531e+00,-1.578264867852972708e+00,2.244188743562011267e-03
7.920000000000005924e-01,2.529161100561114761e-01,9.663990934705268820e-01,6.078518455086807215e+00,-1.616567959225142737e+00,2.247025897028015386e-03
7.930000000000005933e-01,2.589895801034173828e-01,9.647633993840616373e-01,6.068381423414794362e+00,-1.654809893429427081e+00,2.249863050492332921e-03
7.940000000000005942e-01,2.650527925318462152e-01,9.630894945790353656e-01,6.058003279260764984e+00,-1.692989141727470503e+00,2.252700203954961702e-03
7.950000000000005951e-01,2.711055064163265804e-01,9.613774425048712269e-01,6.047384399071289884e+00,-1.731104177432943425e+00,2.255537357415899995e-03
7.960000000000005960e-01,2.771474812131082266e-01,9.596273081366261115e-01,6.036525169040534600e+00,-1.769153475974782008e+00,2.258374510875145198e-03
7.970000000000005969e-01,2.831784767695046945e-01,9.578391579728441352e-01,6.025425985100330450e+00,-1.807135514960413802e+00,2.261211664332695576e-03
7.980000000000005977e-01,2.891982533336260319e-01,9.560130600333464068e-01,6.014087252909822823e+00,-1.845048774238963851e+00,2.264048817788548960e-03
7.990000000000005986e-01,2.952065715641004617e-01,9.541490838569577360e-01,6.002509387844697564e+00,-1.882891735964441482e+00,2.266885971242702750e-03
8.000000000000005995e-01,3.012031925397856136e-01,9.522473004991700574e-01,5.990692814985984604e+00,-1.920662884658900671e+00,2.269723124695155209e-03
8.010000000000006004e-01,3.071878777694679319e-01,9.503077825297431280e-01,5.978637969108439698e+00,-1.958360707275575097e+00,2.272560278145904170e-03
8.020000000000006013e-01,3.131603892015505375e-01,9.483306040302412754e-01,5.966345294668498944e+00,-1.995983693261982106e+00,2.275397431594947464e-03
8.030000000000006022e-01,3.191204892337286547e-01,9.463158405915081950e-01,5.953815245791812316e+00,-2.033530334622993596e+00,2.278234585042282923e-03
8.040000000000006031e-01,3.250679407226523265e-01,9.442635693110776884e-01,5.941048286260352640e+00,-2.070999125983871814e+00,2.281071738487908812e-03
8.050000000000006040e-01,3.310025069935763065e-01,9.421738687905216736e-01,5.928044889499100023e+00,-2.108388564653263852e+00,2.283908891931822529e-03
8.060000000000006048e-01,3.369239518499960173e-01,9.400468191327356893e-01,5.914805538562297293e+00,-2.145697150686156185e+00,2.286746045374022339e-03
8.070000000000006057e-01,3.428320395832699652e-01,9.378825019391608953e-01,5.901330726119287995e+00,-2.182923386946783673e+00,2.289583198814505640e-03
8.080000000000006066e-01,3.487265349822274429e-01,9.356810003069432335e-01,5.887620954439921839e+00,-2.220065779171488618e+00,2.292420352253270698e-03
8.090000000000006075e-01,3.546072033427615788e-01,9.334423988260301952e-01,5.873676735379535607e+00,-2.257122836031530522e+00,2.295257505690314909e-03
8.100000000000006084e-01,3.604738104774072305e-01,9.311667835762045264e-01,5.859498590363512172e+00,-2.294093069195840773e+00,2.298094659125636541e-03
8.110000000000006093e-01,3.663261227249030583e-01,9.288542421240548741e-01,5.845087050371409632e+00,-2.330974993393720052e+00,2.300931812559233423e-03
8.120000000000006102e-01,3.721639069597375560e-01,9.265048635198843696e-01,5.830442655920665018e+00,-2.367767126477474449e+00,2.303768965991103389e-03
8.130000000000006111e-01,3.779869306016785946e-01,9.241187382945562634e-01,5.815565957049870782e+00,-2.404467989484990298e+00,2.306606119421244269e-03
8.140000000000006120e-01,3.837949616252862017e-01,9.216959584562770535e-01,5.800457513301626733e+00,-2.441076106702238846e+00,2.309443272849653894e-03
8.150000000000006128e-01,3.895877685694076886e-01,9.192366174873172202e-01,5.785117893704963876e+00,-2.477590005725714750e+00,2.312280426276330531e-03
8.160000000000006137e-01,3.953651205466550689e-01,9.167408103406695652e-01,5.769547676757341925e+00,-2.514008217524799527e+00,2.315117579701271577e-03
8.170000000000006146e-01,4.011267872528643808e-01,9.142086334366450462e-01,5.753747450406220487e+00,-2.550329276504050391e+00,2.317954733124474864e-03
8.180000000000006155e-01,4.068725389765363021e-01,9.116401846594065495e-01,5.737717812030200371e+00,-2.586551720565408718e+00,2.320791886545938657e-03
8.190000000000006164e-01,4.126021466082576694e-01,9.090355633534404900e-01,5.721459368419744784e+00,-2.622674091170327682e+00,2.323629039965660354e-03
8.200000000000006173e-01,4.183153816501035127e-01,9.063948703199661283e-01,5.704972735757467106e+00,-2.658694933401812843e+00,2.326466193383638220e-03
8.210000000000006182e-01,4.240120162250191616e-01,9.037182078132832697e-01,5.688258539597994989e+00,-2.694612796026376600e+00,2.329303346799870087e-03
8.220000000000006191e-01,4.296918230861820343e-01,9.010056795370574578e-01,5.671317414847407257e+00,-2.730426231555899363e+00,2.332140500214353786e-03
8.230000000000006199e-01,4.353545756263426658e-01,8.982573906405442177e-01,5.654150005742246243e+00,-2.766133796309395709e+00,2.334977653627087150e-03
8.240000000000006208e-01,4.410000478871444196e-01,8.954734477147504590e-01,5.636756965828099375e+00,-2.801734050474685045e+00,2.337814807038068009e-03
8.250000000000006217e-01,4.466280145684217162e-01,8.926539587885354843e-01,5.619138957937761525e+00,-2.837225558169958362e+00,2.340651960447294195e-03
8.260000000000006226e-01,4.522382510374760578e-01,8.897990333246494910e-01,5.601296654168962164e+00,-2.872606887505241957e+00,2.343489113854763540e-03
8.270000000000006235e-01,4.578305333383297926e-01,8.869087822157112333e-01,5.583230735861675953e+00,-2.907876610643754578e+00,2.346326267260474309e-03
8.280000000000006244e-01,4.634046382009566201e-01,8.839833177801239561e-01,5.564941893575000798e+00,-2.943033303863152650e+00,2.349163420664423900e-03
8.290000000000006253e-01,4.689603430504892811e-01,8.810227537579307100e-01,5.546430827063615787e+00,-2.978075547616662710e+00,2.352000574066610145e-03
8.300000000000006262e-01,4.744974260164028790e-01,8.780272053066080495e-01,5.527698245253810150e+00,-3.013001926594096158e+00,2.354837727467031308e-03
8.310000000000006271e-01,4.800156659416744964e-01,8.749967889967991130e-01,5.508744866219090319e+00,-3.047811029782744541e+00,2.357674880865685222e-03
8.320000000000006279e-01,4.855148423919180001e-01,8.719316228079856401e-01,5.489571417155361566e+00,-3.082501450528151832e+00,2.360512034262569718e-03
8.330000000000006288e-01,4.909947356644939198e-01,8.688318261240993712e-01,5.470178634355683300e+00,-3.117071786594759253e+00,2.363349187657682194e-03
8.340000000000006297e-01,4.964551267975936821e-01,8.656975197290729396e-01,5.450567263184607825e+00,-3.151520640226420866e+00,2.366186341051020915e-03
8.350000000000006306e-01,5.018957975792982529e-01,8.625288258023303678e-01,5.430738058052087425e+00,-3.185846618206786385e+00,2.369023494442583713e-03
8.360000000000006315e-01,5.073165305566100791e-01,8.593258679142169454e-01,5.410691782386964910e+00,-3.220048331919547646e+00,2.371860647832368853e-03
8.370000000000006324e-01,5.127171090444587742e-01,8.560887710213691548e-01,5.390429208610039602e+00,-3.254124397408546976e+00,2.374697801220373734e-03
8.380000000000006333e-01,5.180973171346793249e-01,8.528176614620246454e-01,5.369951118106710553e+00,-3.288073435437740333e+00,2.377534954606596185e-03
8.390000000000006342e-01,5.234569397049629869e-01,8.495126669512721440e-01,5.349258301199201426e+00,-3.321894071551018346e+00,2.380372107991034041e-03
8.400000000000006350e-01,5.287957624277797031e-01,8.461739165762415249e-01,5.328351557118363502e+00,-3.355584936131875473e+00,2.383209261373685564e-03
8.410000000000006359e-01,5.341135717792727666e-01,8.428015407912345935e-01,5.307231693975057674e+00,-3.389144664462928169e+00,2.386046414754548588e-03
8.420000000000006368e-01,5.394101550481242846e-01,8.393956714127963625e-01,5.285899528731117236e+00,-3.422571896785278511e+00,2.388883568133620509e-03
8.430000000000006377e-01,5.446853003443914432e-01,8.359564416147267085e-01,5.264355887169894999e+00,-3.455865278357717063e+00,2.391720721510899594e-03
8.440000000000006386e-01,5.499387966083131296e-01,8.324839859230332983e-01,5.242601603866386739e+00,-3.489023459515766756e+00,2.394557874886383674e-03
8.450000000000006395e-01,5.551704336190862454e-01,8.289784402108254513e-01,5.220637522156943433e+00,-3.522045095730559794e+00,2.397395028260070581e-03
8.460000000000006404e-01,5.603800020036122653e-01,8.254399416931488265e-01,5.198464494108562484e+00,-3.554928847667546687e+00,2.400232181631958145e-03
8.470000000000006413e-01,5.655672932452117108e-01,8.218686289217623786e-01,5.176083380487763286e+00,-3.587673381245034765e+00,2.403069335002044199e-03
8.480000000000006422e-01,5.707320996923085366e-01,8.182646417798558058e-01,5.153495050729051563e+00,-3.620277367692551262e+00,2.405906488370326574e-03
8.490000000000006430e-01,5.758742145670816548e-01,8.146281214767095991e-01,5.130700382902965373e+00,-3.652739483609028781e+00,2.408743641736803536e-03
8.500000000000006439e-01,5.809934319740852615e-01,8.109592105422961383e-01,5.107700263683707220e+00,-3.685058411020809999e+00,2.411580795101472482e-03
8.510000000000006448e-01,5.860895469088358567e-01,8.072580528218239460e-01,5.084495588316367609e+00,-3.717232837439466309e+00,2.414417948464331245e-03
8.520000000000006457e-01,5.911623552663667347e-01,8.035247934702232087e-01,5.061087260583734704e+00,-3.749261455919433050e+00,2.417255101825378089e-03
8.530000000000006466e-01,5.962116538497487239e-01,7.997595789465743454e-01,5.037476192772690986e+00,-3.781142965115449339e+00,2.420092255184610845e-03
8.540000000000006475e-01,6.012372403785775088e-01,7.959625570084789548e-01,5.013663305640204015e+00,-3.812876069339807383e+00,2.422929408542026913e-03
8.550000000000006484e-01,6.062389134974264238e-01,7.921338767063739184e-01,4.989649528378905963e+00,-3.844459478619403292e+00,2.425766561897624556e-03
8.560000000000006493e-01,6.112164727842647194e-01,7.882736883777881065e-01,4.965435798582264582e+00,-3.875891908752587156e+00,2.428603715251401608e-03
8.570000000000006501e-01,6.161697187588409674e-01,7.843821436415426840e-01,4.941023062209350947e+00,-3.907172081365811955e+00,2.431440868603355898e-03
8.580000000000006510e-01,6.210984528910308278e-01,7.804593953918949056e-01,4.916412273549195966e+00,-3.938298723970072412e+00,2.434278021953485260e-03
8.590000000000006519e-01,6.260024776091488441e-01,7.765055977926251796e-01,4.891604395184748988e+00,-3.969270570017136901e+00,2.437115175301787957e-03
8.600000000000006528e-01,6.308815963082242684e-01,7.725209062710685082e-01,4.866600397956426072e+00,-4.000086358955565302e+00,2.439952328648261389e-03
8.610000000000006537e-01,6.357356133582403590e-01,7.685054775120896409e-01,4.841401260925260353e+00,-4.030744836286508814e+00,2.442789481992903387e-03
8.620000000000006546e-01,6.405643341123360424e-01,7.644594694520027156e-01,4.816007971335649174e+00,-4.061244753619293490e+00,2.445626635335712215e-03
8.630000000000006555e-01,6.453675649149707150e-01,7.603830412724355003e-01,4.790421524577701540e+00,-4.091584868726780400e+00,2.448463788676685272e-03
8.640000000000006564e-01,6.501451131100508540e-01,7.562763533941379013e-01,4.764642924149188552e+00,-4.121763945600497081e+00,2.451300942015820824e-03
8.650000000000006573e-01,6.548967870490185472e-01,7.521395674707362922e-01,4.738673181617093277e+00,-4.151780754505545623e+00,2.454138095353116701e-03
8.660000000000006581e-01,6.596223960989013868e-01,7.479728463824322215e-01,4.712513316578766265e+00,-4.181634072035271821e+00,2.456975248688570736e-03
8.670000000000006590e-01,6.643217506503230618e-01,7.437763542296471631e-01,4.686164356622685823e+00,-4.211322681165704296e+00,2.459812402022180326e-03
8.680000000000006599e-01,6.689946621254747594e-01,7.395502563266126428e-01,4.659627337288823945e+00,-4.240845371309754697e+00,2.462649555353943736e-03
8.690000000000006608e-01,6.736409429860469311e-01,7.352947191949062988e-01,4.632903302028621439e+00,-4.270200938371174537e+00,2.465486708683859232e-03
8.700000000000006617e-01,6.782604067411202031e-01,7.310099105569343170e-01,4.605993302164571368e+00,-4.299388184798267787e+00,2.468323862011924212e-03
8.710000000000006626e-01,6.828528679550163183e-01,7.266959993293597986e-01,4.578898396849412578e+00,-4.328405919637356547e+00,2.471161015338136507e-03
8.720000000000006635e-01,6.874181422551077780e-01,7.223531556164785039e-01,4.551619653024937762e+00,-4.357252958585994485e+00,2.473998168662493950e-03
8.730000000000006644e-01,6.919560463395858507e-01,7.179815507035408606e-01,4.524158145380409835e+00,-4.385928124045928911e+00,2.476835321984994804e-03
8.740000000000006652e-01,6.964663979851876130e-01,7.135813570500214587e-01,4.496514956310600830e+00,-4.414430245175803513e+00,2.479672475305636468e-03
8.750000000000006661e-01,7.009490160548799143e-01,7.091527482828360318e-01,4.468691175873440891e+00,-4.442758157943600850e+00,2.482509628624417208e-03
8.760000000000006670e-01,7.054037205055013748e-01,7.046958991895059254e-01,4.440687901747288002e+00,-4.470910705178821942e+00,2.485346781941334855e-03
8.770000000000006679e-01,7.098303323953611965e-01,7.002109857112703839e-01,4.412506239187818480e+00,-4.498886736624400307e+00,2.488183935256387241e-03
8.780000000000006688e-01,7.142286738917947853e-01,6.956981849361477677e-01,4.384147300984537310e+00,-4.526685108988346862e+00,2.491021088569572196e-03
8.790000000000006697e-01,7.185985682786757422e-01,6.911576750919442569e-01,4.355612207416911907e+00,-4.554304685995119506e+00,2.493858241880887554e-03
8.800000000000006706e-01,7.229398399638836681e-01,6.865896355392120398e-01,4.326902086210131948e+00,-4.581744338436720909e+00,2.496695395190331145e-03
8.810000000000006715e-01,7.272523144867277800e-01,6.819942467641564310e-01,4.298018072490494390e+00,-4.609002944223514753e+00,2.499532548497900800e-03
8.820000000000006724e-01,7.315358185253252321e-01,6.773716903714921411e-01,4.268961308740414573e+00,-4.636079388434762194e+00,2.502369701803594353e-03
8.830000000000006732e-01,7.357901799039348045e-01,6.727221490772492540e-01,4.239732944753072275e+00,-4.662972563368873224e+00,2.505206855107410067e-03
8.840000000000006741e-01,7.400152276002448515e-01,6.680458067015289103e-01,4.210334137586687397e+00,-4.689681368593370259e+00,2.508044008409345341e-03
8.850000000000006750e-01,7.442107917526152860e-01,6.633428481612095862e-01,4.180766051518426174e+00,-4.716204710994560401e+00,2.510881161709398440e-03
8.860000000000006759e-01,7.483767036672733797e-01,6.586134594626033012e-01,4.151029857997947659e+00,-4.742541504826915499e+00,2.513718315007566761e-03
8.870000000000006768e-01,7.525127958254625993e-01,6.538578276940631984e-01,4.121126735600583402e+00,-4.768690671762155553e+00,2.516555468303848572e-03
8.880000000000006777e-01,7.566189018905451480e-01,6.490761410185417191e-01,4.091057869980160966e+00,-4.794651140938030132e+00,2.519392621598241701e-03
8.890000000000006786e-01,7.606948567150564333e-01,6.442685886661003725e-01,4.060824453821463287e+00,-4.820421849006801374e+00,2.522229774890743983e-03
8.900000000000006795e-01,7.647404963477122397e-01,6.394353609263709881e-01,4.030427686792335429e+00,-4.846001740183417894e+00,2.525066928181353247e-03
8.910000000000006803e-01,7.687556580403674955e-01,6.345766491409691179e-01,3.999868775495435180e+00,-4.871389766293381385e+00,2.527904081470067326e-03
8.920000000000006812e-01,7.727401802549270782e-01,6.296926456958598095e-01,3.969148933419628822e+00,-4.896584886820304128e+00,2.530741234756884051e-03
8.930000000000006821e-01,7.766939026702074367e-01,6.247835440136756402e-01,3.938269380891039173e+00,-4.921586068953149429e+00,2.533578388041801254e-03
8.940000000000006830e-01,7.806166661887492531e-01,6.198495385459881213e-01,3.907231345023743696e+00,-4.946392287633154972e+00,2.536415541324817200e-03
8.950000000000006839e-01,7.845083129435804770e-01,6.148908247655318071e-01,3.876036059670124878e+00,-4.971002525600440869e+00,2.539252694605929287e-03
8.960000000000006848e-01,7.883686863049299554e-01,6.099075991583824408e-01,3.844684765370877333e+00,-4.995415773440289087e+00,2.542089847885135780e-03
8.970000000000006857e-01,7.921976308868903249e-01,6.049000592160888035e-01,3.813178709304673397e+00,-5.019631029629098684e+00,2.544927001162434078e-03
8.980000000000006866e-01,7.959949925540308335e-01,5.998684034277586008e-01,3.781519145237485002e+00,-5.043647300580015980e+00,2.547764154437822445e-03
8.990000000000006875e-01,7.997606184279589803e-01,5.948128312720992739e-01,3.749707333471572923e+00,-5.067463600688230763e+00,2.550601307711298713e-03
9.000000000000006883e-01,8.034943568938314185e-01,5.897335432094130692e-01,3.717744540794134522e+00,-5.091078952375937661e+00,2.553438460982860713e-03
9.010000000000006892e-01,8.071960576068129001e-01,5.846307406735481438e-01,3.685632040425622868e+00,-5.114492386136961777e+00,2.556275614252506278e-03
9.020000000000006901e-01,8.108655714984837060e-01,5.795046260638044844e-01,3.653371111967731455e+00,-5.137702940581046818e+00,2.559112767520233239e-03
9.030000000000006910e-01,8.145027507831944513e-01,5.743554027367959725e-01,3.620963041351052070e+00,-5.160709662477797721e+00,2.561949920786039427e-03
9.040000000000006919e-01,8.181074489643689329e-01,5.691832749982689288e-01,3.588409120782404926e+00,-5.183511606800278670e+00,2.564787074049922674e-03
9.050000000000006928e-01,8.216795208407537965e-01,5.639884480948766932e-01,3.555710648691844611e+00,-5.206107836768265607e+00,2.567624227311880811e-03
9.060000000000006937e-01,8.252188225126152465e-01,5.587711282059115714e-01,3.522868929679344951e+00,-5.228497423891146134e+00,2.570461380571912105e-03
9.070000000000006946e-01,8.287252113878820214e-01,5.535315224349941499e-01,3.489885274461164144e+00,-5.250679448010466821e+00,2.573298533830013952e-03
9.080000000000006954e-01,8.321985461882347446e-01,5.482698388017195334e-01,3.456760999815893243e+00,-5.272652997342124337e+00,2.576135687086184619e-03
9.090000000000006963e-01,8.356386869551413188e-01,5.429862862332625051e-01,3.423497428530188902e+00,-5.294417168518199546e+00,2.578972840340421936e-03
9.100000000000006972e-01,8.390454950558374758e-01,5.376810745559401639e-01,3.390095889344195701e+00,-5.315971066628429220e+00,2.581809993592723736e-03
9.110000000000006981e-01,8.424188331892531467e-01,5.323544144867341510e-01,3.356557716896659382e+00,-5.337313805261315380e+00,2.584647146843087415e-03
9.120000000000006990e-01,8.457585653918830992e-01,5.270065176247711314e-01,3.322884251669731004e+00,-5.358444506544865149e+00,2.587484300091511241e-03
9.130000000000006999e-01,8.490645570436030631e-01,5.216375964427630851e-01,3.289076839933467777e+00,-5.379362301186967343e+00,2.590321453337993043e-03
9.140000000000007008e-01,8.523366748734294562e-01,5.162478642784076310e-01,3.255136833690033704e+00,-5.400066328515391589e+00,2.593158606582531087e-03
9.150000000000007017e-01,8.555747869652234883e-01,5.108375353257480489e-01,3.221065590617598673e+00,-5.420555736517417955e+00,2.595995759825122772e-03
9.160000000000007025e-01,8.587787627633390874e-01,5.054068246264942221e-01,3.186864474013941795e+00,-5.440829681879087332e+00,2.598832913065765929e-03
9.170000000000007034e-01,8.619484730782142057e-01,4.999559480613043339e-01,3.152534852739762083e+00,-5.460887330024076114e+00,2.601670066304458823e-03
9.180000000000007043e-01,8.650837900919051693e-01,4.944851223410282048e-01,3.118078101161696480e+00,-5.480727855152186301e+00,2.604507219541198852e-03
9.190000000000007052e-01,8.681845873635641864e-01,4.889945649979117182e-01,3.083495599095050554e+00,-5.500350440277452790e+00,2.607344372775984281e-03
9.200000000000007061e-01,8.712507398348589005e-01,4.834844943767639958e-01,3.048788731746242320e+00,-5.519754277265866094e+00,2.610181526008812508e-03
9.210000000000007070e-01,8.742821238353351010e-01,4.779551296260865501e-01,3.013958889654963613e+00,-5.538938566872704250e+00,2.613018679239681799e-03
9.220000000000007079e-01,8.772786170877204803e-01,4.724066906891655759e-01,2.979007468636062583e+00,-5.557902518779473056e+00,2.615855832468589985e-03
9.230000000000007088e-01,8.802400987131709931e-01,4.668393982951274390e-01,2.943935869721146403e+00,-5.576645351630457270e+00,2.618692985695534898e-03
9.240000000000007097e-01,8.831664492364580399e-01,4.612534739499576930e-01,2.908745499099911314e+00,-5.595166293068870367e+00,2.621530138920514369e-03
9.250000000000007105e-01,8.860575505910972538e-01,4.556491399274843479e-01,2.873437768061200437e+00,-5.613464579772610819e+00,2.624367292143526230e-03
9.260000000000007114e-01,8.889132861244180006e-01,4.500266192603253890e-01,2.838014092933792920e+00,-5.631539457489615152e+00,2.627204445364568746e-03
9.270000000000007123e-01,8.917335406025737043e-01,4.443861357308012683e-01,2.802475895026926178e+00,-5.649390181072810435e+00,2.630041598583639315e-03
9.280000000000007132e-01,8.945182002154923318e-01,4.387279138618125907e-01,2.766824600570556125e+00,-5.667016014514661748e+00,2.632878751800735769e-03
9.290000000000007141e-01,8.972671525817671467e-01,4.330521789076835493e-01,2.731061640655358058e+00,-5.684416230981308438e+00,2.635715905015856373e-03
9.300000000000007150e-01,8.999802867534874018e-01,4.273591568449712774e-01,2.695188451172468191e+00,-5.701590112846297131e+00,2.638553058228998525e-03
9.310000000000007159e-01,9.026574932210084112e-01,4.216490743632416716e-01,2.659206472752973394e+00,-5.718536951723900863e+00,2.641390211440160490e-03
9.320000000000007168e-01,9.052986639176614503e-01,4.159221588558124072e-01,2.623117150707148237e+00,-5.735256048502022530e+00,2.644227364649340099e-03
9.330000000000007176e-01,9.079036922244019259e-01,4.101786384104627037e-01,2.586921934963445135e+00,-5.751746713374685349e+00,2.647064517856535185e-03
9.340000000000007185e-01,9.104724729743975953e-01,4.044187418001115031e-01,2.550622280007238007e+00,-5.768008265874104090e+00,2.649901671061743579e-03
9.350000000000007194e-01,9.130049024575542793e-01,3.986426984734631196e-01,2.514219644819325250e+00,-5.784040034902336203e+00,2.652738824264963113e-03
9.360000000000007203e-01,9.155008784249806242e-01,3.928507385456218581e-01,2.477715492814193343e+00,-5.799841358762513721e+00,2.655575977466191617e-03
9.370000000000007212e-01,9.179603000933908019e-01,3.870430927886755468e-01,2.441111291778045089e+00,-5.815411585189647070e+00,2.658413130665426925e-03
9.380000000000007221e-01,9.203830681494450383e-01,3.812199926222483715e-01,2.404408513806593817e+00,-5.830750071381003430e+00,2.661250283862666866e-03
9.390000000000007230e-01,9.227690847540281904e-01,3.753816701040236237e-01,2.367608635242629322e+00,-5.845856184026061442e+00,2.664087437057909707e-03
9.400000000000007239e-01,9.251182535464652634e-01,3.695283579202366386e-01,2.330713136613357772e+00,-5.860729299336029818e+00,2.666924590251152846e-03
9.410000000000007248e-01,9.274304796486745328e-01,3.636602893761386457e-01,2.293723502567517336e+00,-5.875368803072938739e+00,2.669761743442394548e-03
9.420000000000007256e-01,9.297056696692573841e-01,3.577776983864314198e-01,2.256641221812274001e+00,-5.889774090578296928e+00,2.672598896631632644e-03
9.430000000000007265e-01,9.319437317075252025e-01,3.518808194656736776e-01,2.219467787049901553e+00,-5.903944566801308191e+00,2.675436049818864532e-03
9.440000000000007274e-01,9.341445753574628696e-01,3.459698877186595523e-01,2.182204694914247067e+00,-5.917879646326657195e+00,2.678273203004088478e-03
9.450000000000007283e-01,9.363081117116283103e-01,3.400451388307693112e-01,2.144853445906987233e+00,-5.931578753401852921e+00,2.681110356187302313e-03
9.460000000000007292e-01,9.384342533649884244e-01,3.341068090582930972e-01,2.107415544333676394e+00,-5.945041321964128933e+00,2.683947509368503868e-03
9.470000000000007301e-01,9.405229144186907364e-01,3.281551352187278559e-01,2.069892498239591649e+00,-5.958266795666903981e+00,2.686784662547690977e-03
9.480000000000007310e-01,9.425740104837712074e-01,3.221903546810481744e-01,2.032285819345377220e+00,-5.971254627905796752e+00,2.689621815724861902e-03
9.490000000000007319e-01,9.445874586847973209e-01,3.162127053559513068e-01,1.994597022982492529e+00,-5.984004281844194750e+00,2.692458968900014044e-03
9.500000000000007327e-01,9.465631776634463312e-01,3.102224256860767193e-01,1.956827628028466215e+00,-5.996515230438372868e+00,2.695296122073145232e-03
9.510000000000007336e-01,9.485010875820190090e-01,3.042197546362008231e-01,1.918979156841959410e+00,-6.008786956462165207e+00,2.698133275244253733e-03
9.520000000000007345e-01,9.504011101268882156e-01,2.982049316834073927e-01,1.881053135197642057e+00,-6.020818952531183932e+00,2.700970428413336944e-03
9.530000000000007354e-01,9.522631685118824185e-01,2.921781968072336699e-01,1.843051092220886478e+00,-6.032610721126586917e+00,2.703807581580393131e-03
9.540000000000007363e-01,9.540871874816034826e-01,2.861397904797933212e-01,1.804974560322280208e+00,-6.044161774618387994e+00,2.706644734745420125e-03
9.550000000000007372e-01,9.558730933146789566e-01,2.800899536558760228e-01,1.766825075131961853e+00,-6.055471635288313337e+00,2.709481887908415758e-03
9.560000000000007381e-01,9.576208138269490799e-01,2.740289277630244547e-01,1.728604175433784640e+00,-6.066539835352200427e+00,2.712319041069377861e-03
9.570000000000007390e-01,9.593302783745871753e-01,2.679569546915893108e-01,1.690313403099308553e+00,-6.077365916981936067e+00,2.715156194228304266e-03
9.580000000000007399e-01,9.610014178571544274e-01,2.618742767847623276e-01,1.651954303021627712e+00,-6.087949432326936083e+00,2.717993347385192805e-03
9.590000000000007407e-01,9.626341647205882701e-01,2.557811368285883846e-01,1.613528423049034100e+00,-6.098289943535163182e+00,2.720830500540041309e-03
9.600000000000007416e-01,9.642284529601243825e-01,2.496777780419564552e-01,1.575037313918522086e+00,-6.108387022773677622e+00,2.723667653692847610e-03
9.610000000000007425e-01,9.657842181231520717e-01,2.435644440665705457e-01,1.536482529189136637e+00,-6.118240252248727806e+00,2.726504806843609973e-03
9.620000000000007434e-01,9.673013973120027087e-01,2.374413789569006505e-01,1.497865625175170079e+00,-6.127849224225374591e+00,2.729341959992325796e-03
9.630000000000007443e-01,9.687799291866717732e-01,2.313088271701142506e-01,1.459188160879209217e+00,-6.137213541046644849e+00,2.732179113138993344e-03
9.640000000000007452e-01,9.702197539674735083e-01,2.251670335559890490e-01,1.420451697925037671e+00,-6.146332815152218743e+00,2.735016266283610015e-03
9.650000000000007461e-01,9.716208134376285166e-01,2.190162433468071101e-01,1.381657800490396326e+00,-6.155206669096647154e+00,2.737853419426174075e-03
9.660000000000007470e-01,9.729830509457841892e-01,2.128567021472310972e-01,1.342808035239605902e+00,-6.163834735567097489e+00,2.740690572566683355e-03
9.670000000000007478e-01,9.743064114084671878e-01,2.066886559241629950e-01,1.303903971256054506e+00,-6.172216657400628748e+00,2.743527725705135686e-03
9.680000000000007487e-01,9.755908413124690925e-01,2.005123509965857642e-01,1.264947179974555080e+00,-6.180352087600991418e+00,2.746364878841528901e-03
9.690000000000007496e-01,9.768362887171637698e-01,1.943280340253884242e-01,1.225939235113574721e+00,-6.188240689354952195e+00,2.749202031975860831e-03
9.700000000000007505e-01,9.780427032567570178e-01,1.881359520031751220e-01,1.186881712607340766e+00,-6.195882136048145306e+00,2.752039185108129307e-03
9.710000000000007514e-01,9.792100361424683763e-01,1.819363522440584913e-01,1.147776190537826757e+00,-6.203276111280446870e+00,2.754876338238332160e-03
9.720000000000007523e-01,9.803382401646448807e-01,1.757294823734379396e-01,1.108624249066621825e+00,-6.210422308880869657e+00,2.757713491366467658e-03
9.730000000000007532e-01,9.814272696948065366e-01,1.695155903177632817e-01,1.069427470366687949e+00,-6.217320432921981777e+00,2.760550644492533196e-03
9.740000000000007541e-01,9.824770806876236273e-01,1.632949242942841606e-01,1.030187438554006851e+00,-6.223970197733843968e+00,2.763387797616527041e-03
9.750000000000007550e-01,9.834876306828252979e-01,1.570677328007857865e-01,9.909057396191229827e-01,-6.230371327917465507e+00,2.766224950738447024e-03
9.760000000000007558e-01,9.844588788070399721e-01,1.508342646053114355e-01,9.515839613585836965e-01,-6.236523558357781383e+00,2.769062103858290543e-03
9.770000000000007567e-01,9.853907857755670463e-01,1.445947687358722922e-01,9.122236933062819464e-01,-6.242426634236144523e+00,2.771899256976055863e-03
9.780000000000007576e-01,9.862833138940797495e-01,1.383494944701449125e-01,8.728265266647041720e-01,-6.248080311042337520e+00,2.774736410091740817e-03
9.790000000000007585e-01,9.871364270602595026e-01,1.320986913251570860e-01,8.333940542360880332e-01,-6.253484354586096750e+00,2.777573563205343234e-03
9.800000000000007594e-01,9.879500907653611108e-01,1.258426090469622338e-01,7.939278703534929926e-01,-6.258638541008155087e+00,2.780410716316860948e-03
9.810000000000007603e-01,9.887242720957091224e-01,1.195814976003031216e-01,7.544295708117876309e-01,-6.263542656790797025e+00,2.783247869426291789e-03
9.820000000000007612e-01,9.894589397341250203e-01,1.133156071582652469e-01,7.149007527985579147e-01,-6.268196498767928837e+00,2.786085022533634024e-03
9.830000000000007621e-01,9.901540639612854688e-01,1.070451880919204013e-01,6.753430148249389697e-01,-6.272599874134659359e+00,2.788922175638885049e-03
9.840000000000007629e-01,9.908096166570111718e-01,1.007704909599608234e-01,6.357579566563756890e-01,-6.276752600456398490e+00,2.791759328742042696e-03
9.850000000000007638e-01,9.914255713014864524e-01,9.449176649832460861e-02,5.961471792433146177e-01,-6.280654505677461863e+00,2.794596481843105232e-03
9.860000000000007647e-01,9.920019029764098883e-01,8.820926560981265374e-02,5.565122846518315569e-01,-6.284305428129189686e+00,2.797433634942070486e-03
9.870000000000007656e-01,9.925385883660747810e-01,8.192323935369782983e-02,5.168548759941984372e-01,-6.287705216537576192e+00,2.800270788038935858e-03
9.880000000000007665e-01,9.930356057583811236e-01,7.563393893532668888e-02,4.771765573593932386e-01,-6.290853730030407043e+00,2.803107941133699613e-03
9.890000000000007674e-01,9.934929350457769592e-01,6.934161569571428707e-02,4.374789337435567860e-01,-6.293750838143910897e+00,2.805945094226359581e-03
9.900000000000007683e-01,9.939105577261313496e-01,6.304652110113266594e-02,3.977636109803999176e-01,-6.296396420828915375e+00,2.808782247316913595e-03
9.910000000000007692e-01,9.942884569035366216e-01,5.674890673269335911e-02,3.580321956715655229e-01,-6.298790368456516298e+00,2.811619400405359487e-03
9.920000000000007701e-01,9.946266172890417812e-01,5.044902427592448668e-02,3.182862951169482812e-01,-6.300932581823250445e+00,2.814456553491695087e-03
9.930000000000007709e-01,9.949250252013157603e-01,4.414712551034293692e-02,2.785275172449768188e-01,-6.302822972155782466e+00,2.817293706575918662e-03
9.940000000000007718e-01,9.951836685672412752e-01,3.784346229902210701e-02,2.387574705428610888e-01,-6.304461461115093535e+00,2.820130859658027608e-03
9.950000000000007727e-01,9.954025369224382969e-01,3.153828657815568870e-02,1.989777639868098580e-01,-6.305847980800182384e+00,2.822968012738019759e-03
9.960000000000007736e-01,9.955816214117185758e-01,2.523185034661801218e-02,1.591900069722212152e-01,-6.306982473751270746e+00,2.825805165815893378e-03
9.970000000000007745e-01,9.957209147894698908e-01,1.892440565552142712e-02,1.193958092438504037e-01,-6.307864892952515845e+00,2.828642318891646298e-03
9.980000000000007754e-01,9.958204114199701307e-01,1.261620459777120645e-02,7.959678082595847415e-02,-6.308495201834233512e+00,2.831479471965275916e-03
9.990000000000007763e-01,9.958801072776320984e-01,6.307499297618489147e-03,3.979453195244590791e-02,-6.308873374274623025e+00,2.834316625036780498e-03
1.000000000000000666e+00,9.958999999471783715e-01,-1.458099788258573892e-06,-9.327003025479119191e-06,-6.308999394600999899e+00,2.837153778106157875e-03
