tau,x,y,u,v,theta1
0.000000000000000000e+00,9.803999999999999382e-01,-0.000000000000000000e+00,0.000000000000000000e+00,-6.407566622822638003e+00,0.000000000000000000e+00
1.000000000000000021e-03,9.803794637320090155e-01,-6.407521883275978623e-03,-4.107238415975409535e-02,-6.407432404692579020e+00,6.171849763612699510e-07
2.000000000000000042e-03,9.803178558389622488e-01,-1.281477533249676150e-02,-8.214294647835029828e-02,-6.407029756917142826e+00,1.234369952722514703e-06
3.000000000000000062e-03,9.802151790535812426e-01,-1.922149192683645855e-02,-1.232098652218688861e-01,-6.406358699340024110e+00,1.851554929083709162e-06
4.000000000000000083e-03,9.800714379302231105e-01,-2.562740327192676235e-02,-1.642713188708551930e-01,-6.405419265032363363e+00,2.468739905444828235e-06
5.000000000000000104e-03,9.798866388446124676e-01,-3.203224101308322497e-02,-2.053254862275240289e-01,-6.404211500290221792e+00,3.085924881805846723e-06
6.000000000000000125e-03,9.796607899934663966e-01,-3.843573684852848171e-02,-2.463705465229302782e-01,-6.402735464631045481e+00,3.703109858166739427e-06
7.000000000000000146e-03,9.793939013940117233e-01,-4.483762254261145636e-02,-2.874046795240944308e-01,-6.400991230789118802e+00,4.320294834527480935e-06
8.000000000000000167e-03,9.790859848833957102e-01,-5.123762993902150620e-02,-3.284260656410719070e-01,-6.398978884710012416e+00,4.937479810888046260e-06
9.000000000000001055e-03,9.787370541179895023e-01,-5.763549097399651294e-02,-3.694328860339548548e-01,-6.396698525544022296e+00,5.554664787248410839e-06
1.000000000000000194e-02,9.783471245725844367e-01,-6.403093768952390630e-02,-4.104233227197950362e-01,-6.394150265638600672e+00,6.171849763608549260e-06
1.100000000000000283e-02,9.779162135394819932e-01,-7.042370224653360378e-02,-4.513955586794370922e-01,-6.391334230529782445e+00,6.789034739968436112e-06
1.200000000000000372e-02,9.774443401274762744e-01,-7.681351693808191605e-02,-4.923477779642504437e-01,-6.388250558932606182e+00,7.406219716328046831e-06
1.300000000000000461e-02,9.769315252607304600e-01,-8.320011420252530765e-02,-5.332781658027490046e-01,-6.384899402730532358e+00,8.023404692687355160e-06
1.400000000000000550e-02,9.763777916775461252e-01,-8.958322663668315256e-02,-5.741849087070876045e-01,-6.381280926963860622e+00,8.640589669046337381e-06
1.500000000000000638e-02,9.757831639290266423e-01,-9.596258700898832594e-02,-6.150661945794233532e-01,-6.377395309817147862e+00,9.257774645404967236e-06
1.600000000000000727e-02,9.751476683776338916e-01,-1.023379282726247785e-01,-6.559202128181320646e-01,-6.373242742605622624e+00,9.874959621763219314e-06
1.700000000000000816e-02,9.744713331956391666e-01,-1.087089835786509973e-01,-6.967451544238674188e-01,-6.368823429760612775e+00,1.049214459812106990e-05
1.800000000000000905e-02,9.737541883634677209e-01,-1.150754862891083807e-01,-7.375392121054524797e-01,-6.364137588813969515e+00,1.110932957447849189e-05
1.900000000000000994e-02,9.729962656679379540e-01,-1.214371699901135998e-01,-7.783005803855927995e-01,-6.359185450381507287e+00,1.172651455083546156e-05
2.000000000000001082e-02,9.721975987003946829e-01,-1.277937685049338468e-01,-8.190274557063992322e-01,-6.353967258145449826e+00,1.234369952719195350e-05
2.100000000000001171e-02,9.713582228547368302e-01,-1.341450159070440296e-01,-8.597180365347104614e-01,-6.348483268835890314e+00,1.296088450354794231e-05
2.200000000000001260e-02,9.704781753253404197e-01,-1.404906465331650367e-01,-9.003705234672039204e-01,-6.342733752211268339e+00,1.357806947990340426e-05
2.300000000000001349e-02,9.695574951048760992e-01,-1.468303949962818378e-01,-9.409831193352843348e-01,-6.336718991037863624e+00,1.419525445625831225e-05
2.400000000000001438e-02,9.685962229820223035e-01,-1.531639961986407117e-01,-9.815540293097388957e-01,-6.330439281068313662e+00,1.481243943261264257e-05
2.500000000000001527e-02,9.675944015390732789e-01,-1.594911853447243955e-01,-1.022081461005148517e+00,-6.323894931019155230e+00,1.542962440896636979e-05
2.600000000000001615e-02,9.665520751494435236e-01,-1.658116979542044456e-01,-1.062563624584043964e+00,-6.317086262547391584e+00,1.604680938531946683e-05
2.700000000000001704e-02,9.654692899750676460e-01,-1.721252698748694798e-01,-1.102998732860797970e+00,-6.310013610226094194e+00,1.666399436167190996e-05
2.800000000000001793e-02,9.643460939636967488e-01,-1.784316372955287167e-01,-1.143385001405239354e+00,-6.302677321519037257e+00,1.728117933802367546e-05
2.900000000000001882e-02,9.631825368460914527e-01,-1.847305367588895630e-01,-1.183720648645982143e+00,-6.295077756754372977e+00,1.789836431437473623e-05
3.000000000000001971e-02,9.619786701331113354e-01,-1.910217051744084460e-01,-1.224003895973456713e+00,-6.287215289097344950e+00,1.851554929072506855e-05
3.100000000000002059e-02,9.607345471127017866e-01,-1.973048798311138607e-01,-1.264232967842634059e+00,-6.279090304522052080e+00,1.913273426707464531e-05
3.200000000000002148e-02,9.594502228467782778e-01,-2.035797984104006919e-01,-1.304406091875431661e+00,-6.270703201782259484e+00,1.974991924342344281e-05
3.300000000000002237e-02,9.581257541680084922e-01,-2.098461989987949194e-01,-1.344521498962790940e+00,-6.262054392381264378e+00,2.036710421977143732e-05
3.400000000000002326e-02,9.567611996764920912e-01,-2.161038201006876824e-01,-1.384577423366416760e+00,-6.253144300540824041e+00,2.098428919611860174e-05
3.500000000000002415e-02,9.553566197363394519e-01,-2.223524006510377571e-01,-1.424572102820167441e+00,-6.243973363169140534e+00,2.160147417246490896e-05
3.600000000000002504e-02,9.539120764721488177e-01,-2.285916800280417271e-01,-1.464503778631086162e+00,-6.234542029827919052e+00,2.221865914881033865e-05
3.700000000000002592e-02,9.524276337653829749e-01,-2.348213980657705147e-01,-1.504370695780063771e+00,-6.224850762698494577e+00,2.283584412515486032e-05
3.800000000000002681e-02,9.509033572506450094e-01,-2.410412950667717435e-01,-1.544171103022122127e+00,-6.214900036547037487e+00,2.345302910149845365e-05
3.900000000000002770e-02,9.493393143118543653e-01,-2.472511118146367981e-01,-1.583903252986308186e+00,-6.204690338688841678e+00,2.407021407784109152e-05
4.000000000000002859e-02,9.477355740783227622e-01,-2.534505895865316605e-01,-1.623565402275190195e+00,-6.194222168951698748e+00,2.468739905418274684e-05
4.100000000000002948e-02,9.460922074207315235e-01,-2.596394701656907777e-01,-1.663155811563944431e+00,-6.183496039638366248e+00,2.530458403052339927e-05
4.200000000000003036e-02,9.444092869470092078e-01,-2.658174958538728760e-01,-1.702672745699024270e+00,-6.172512475488129091e+00,2.592176900686301831e-05
4.300000000000003125e-02,9.426868869981114285e-01,-2.719844094837778337e-01,-1.742114473796401164e+00,-6.161272013637471900e+00,2.653895398320158365e-05
4.400000000000003214e-02,9.409250836437021981e-01,-2.781399544314239192e-01,-1.781479269339367510e+00,-6.149775203579850746e+00,2.715613895953906479e-05
4.500000000000003303e-02,9.391239546777381264e-01,-2.842838746284842566e-01,-1.820765410275893448e+00,-6.138022607124588248e+00,2.777332393587544140e-05
4.600000000000003392e-02,9.372835796139549203e-01,-2.904159145745817683e-01,-1.859971179115527340e+00,-6.126014798354881385e+00,2.839050891221068636e-05
4.700000000000003481e-02,9.354040396812578484e-01,-2.965358193495417072e-01,-1.899094863025829305e+00,-6.113752363584940674e+00,2.900769388854477598e-05
4.800000000000003569e-02,9.334854178190157281e-01,-3.026433346256007795e-01,-1.938134753928331566e+00,-6.101235901316258037e+00,2.962487886487768314e-05
4.900000000000003658e-02,9.315277986722588777e-01,-3.087382066795723023e-01,-1.977089148594013635e+00,-6.088466022193014027e+00,3.024206384120938074e-05
5.000000000000003747e-02,9.295312685867824776e-01,-3.148201824049662867e-01,-2.015956348738285442e+00,-6.075443348956629741e+00,3.085924881753984505e-05
5.100000000000003836e-02,9.274959156041545638e-01,-3.208890093240635011e-01,-2.054734661115467542e+00,-6.062168516399469631e+00,3.147643379386905237e-05
5.200000000000003925e-02,9.254218294566302072e-01,-3.269444355999428509e-01,-2.093422397612760832e+00,-6.048642171317701433e+00,3.209361877019697897e-05
5.300000000000004013e-02,9.233091015619719899e-01,-3.329862100484615173e-01,-2.132017875343697355e+00,-6.034864972463317656e+00,3.271080374652359776e-05
5.400000000000004102e-02,9.211578250181770011e-01,-3.390140821501861357e-01,-2.170519416741061303e+00,-6.020837590495331959e+00,3.332798872284888162e-05
5.500000000000004191e-02,9.189680945981114624e-01,-3.450278020622752906e-01,-2.208925349649276004e+00,-6.006560707930148624e+00,3.394517369917281023e-05
5.600000000000004280e-02,9.167400067440528710e-01,-3.510271206303117175e-01,-2.247234007416242463e+00,-5.992035019091118464e+00,3.456235867549535648e-05
5.700000000000004369e-02,9.144736595621413278e-01,-3.570117894000836012e-01,-2.285443728984625444e+00,-5.977261230057285601e+00,3.517954365181649327e-05
5.800000000000004458e-02,9.121691528167387153e-01,-3.629815606293143593e-01,-2.323552858982579572e+00,-5.962240058611332216e+00,3.579672862813620027e-05
5.900000000000004546e-02,9.098265879246987264e-01,-3.689361872993399127e-01,-2.361559747813902099e+00,-5.946972234186726602e+00,3.641391360445444359e-05
6.000000000000004635e-02,9.074460679495459647e-01,-3.748754231267327763e-01,-2.399462751747610589e+00,-5.931458497814086961e+00,3.703109858077120969e-05
6.100000000000004724e-02,9.050276975955662273e-01,-3.807990225748719704e-01,-2.437260233006931287e+00,-5.915699602066763596e+00,3.764828355708646468e-05
6.200000000000004813e-02,9.025715832018083029e-01,-3.867067408654583094e-01,-2.474950559857697741e+00,-5.899696311005649285e+00,3.826546853340018824e-05
6.300000000000004208e-02,9.000778327359970632e-01,-3.925983339899739577e-01,-2.512532106696143686e+00,-5.883449400123223150e+00,3.888265350971234648e-05
6.400000000000004297e-02,8.975465557883596235e-01,-3.984735587210857521e-01,-2.550003254136089303e+00,-5.866959656286837799e+00,3.949983848602292585e-05
6.500000000000004385e-02,8.949778635653644621e-01,-4.043321726239914038e-01,-2.587362389095509307e+00,-5.850227877681258626e+00,4.011702346233189247e-05
6.600000000000004474e-02,8.923718688833741641e-01,-4.101739340677079126e-01,-2.624607904882478415e+00,-5.833254873750457037e+00,4.073420843863922601e-05
6.700000000000004563e-02,8.897286861622126786e-01,-4.159986022363012514e-01,-2.661738201280482663e+00,-5.816041465138674482e+00,4.135139341494489936e-05
6.800000000000004652e-02,8.870484314186471986e-01,-4.218059371400570412e-01,-2.698751684633095227e+00,-5.798588483630756407e+00,4.196857839124888543e-05
6.900000000000004741e-02,8.843312222597865535e-01,-4.275956996265908305e-01,-2.735646767928003875e+00,-5.780896772091771219e+00,4.258576336755116388e-05
7.000000000000004829e-02,8.815771778763948907e-01,-4.333676513918979789e-01,-2.772421870880386940e+00,-5.762967184405916043e+00,4.320294834385170760e-05
7.100000000000004918e-02,8.787864190361229788e-01,-4.391215549913418670e-01,-2.809075420015629820e+00,-5.744800585414724381e+00,4.382013332015048950e-05
7.200000000000005007e-02,8.759590680766569104e-01,-4.448571738505801010e-01,-2.845605848751374012e+00,-5.726397850854578309e+00,4.443731829644748923e-05
7.300000000000005096e-02,8.730952488987850924e-01,-4.505742722764277119e-01,-2.882011597478895126e+00,-5.707759867293536793e+00,4.505450327274267971e-05
7.400000000000005185e-02,8.701950869593840787e-01,-4.562726154676571277e-01,-2.918291113643800561e+00,-5.688887532067485431e+00,4.567168824903603382e-05
7.500000000000005274e-02,8.672587092643243567e-01,-4.619519695257337522e-01,-2.954442851826040606e+00,-5.669781753215619169e+00,4.628887322532752445e-05
7.600000000000005362e-02,8.642862443612961965e-01,-4.676121014654865959e-01,-2.990465273819228997e+00,-5.650443449415265995e+00,4.690605820161713129e-05
7.700000000000005451e-02,8.612778223325566751e-01,-4.732527792257137378e-01,-3.026356848709264469e+00,-5.630873549916058707e+00,4.752324317790482722e-05
7.800000000000005540e-02,8.582335747875983190e-01,-4.788737716797213939e-01,-3.062116052952248424e+00,-5.611072994473465414e+00,4.814042815419058513e-05
7.900000000000005629e-02,8.551536348557401412e-01,-4.844748486457962078e-01,-3.097741370451693843e+00,-5.591042733281684995e+00,4.875761313047438471e-05
8.000000000000005718e-02,8.520381371786422964e-01,-4.900557808976101493e-01,-3.133231292635015208e+00,-5.570783726905918165e+00,4.937479810675619884e-05
8.100000000000005806e-02,8.488872179027436848e-01,-4.956163401745574681e-01,-3.168584318529300781e+00,-5.550296946214023919e+00,4.999198308303600042e-05
8.200000000000005895e-02,8.457010146716251731e-01,-5.011562991920228693e-01,-3.203798954836355239e+00,-5.529583372307567579e+00,5.060916805931376235e-05
8.300000000000005984e-02,8.424796666182973182e-01,-5.066754316515806877e-01,-3.238873716007011794e+00,-5.508643996452271985e+00,5.122635303558946429e-05
8.400000000000006073e-02,8.392233143574148180e-01,-5.121735122511236193e-01,-3.273807124314705330e+00,-5.487479820007877152e+00,5.184353801186307914e-05
8.500000000000006162e-02,8.359320999774170202e-01,-5.176503166949217860e-01,-3.308597709928303932e+00,-5.466091854357422619e+00,5.246072298813457980e-05
8.600000000000006251e-02,8.326061670325969333e-01,-5.231056217036103018e-01,-3.343244010984192105e+00,-5.444481120835959587e+00,5.307790796440394593e-05
8.700000000000006339e-02,8.292456605350974064e-01,-5.285392050241054518e-01,-3.377744573657602167e+00,-5.422648650658698166e+00,5.369509294067115044e-05
8.800000000000006428e-02,8.258507269468373657e-01,-5.339508454394485959e-01,-3.412097952233186682e+00,-5.400595484848603967e+00,5.431227791693616621e-05
8.900000000000006517e-02,8.224215141713671073e-01,-5.393403227785776854e-01,-3.446302709174830614e+00,-5.378322674163451111e+00,5.492946289319896615e-05
9.000000000000006606e-02,8.189581715456547562e-01,-5.447074179260251725e-01,-3.480357415194696102e+00,-5.355831279022343239e+00,5.554664786945952992e-05
9.100000000000006695e-02,8.154608498318035581e-01,-5.500519128315424222e-01,-3.514260649321497176e+00,-5.333122369431706034e+00,5.616383284571783042e-05
9.200000000000006783e-02,8.119297012087016707e-01,-5.553735905196499623e-01,-3.548010998967997764e+00,-5.310197024910767283e+00,5.678101782197384053e-05
9.300000000000006872e-02,8.083648792636046743e-01,-5.606722350991125703e-01,-3.581607059997732101e+00,-5.287056334416530667e+00,5.739820279822753995e-05
9.400000000000006961e-02,8.047665389836515804e-01,-5.659476317723396432e-01,-3.615047436790941315e+00,-5.263701396268253951e+00,5.801538777447890155e-05
9.500000000000007050e-02,8.011348367473157817e-01,-5.711995668447091834e-01,-3.648330742309723096e+00,-5.240133318071436896e+00,5.863257275072789824e-05
9.600000000000007139e-02,7.974699303157906094e-01,-5.764278277338159562e-01,-3.681455598162389986e+00,-5.216353216641334889e+00,5.924975772697450290e-05
9.700000000000007228e-02,7.937719788243117192e-01,-5.816322029786429315e-01,-3.714420634667033649e+00,-5.192362217926004497e+00,5.986694270321869522e-05
9.800000000000007316e-02,7.900411427734153058e-01,-5.868124822486552317e-01,-3.747224490914291550e+00,-5.168161456928887176e+00,6.048412767946044808e-05
9.900000000000007405e-02,7.862775840201350341e-01,-5.919684563528166965e-01,-3.779865814829311610e+00,-5.143752077630948882e+00,6.110131265569973438e-05
1.000000000000000749e-01,7.824814657691365749e-01,-5.970999172485281781e-01,-3.812343263232913948e+00,-5.119135232912377376e+00,6.171849763193653379e-05
1.010000000000000758e-01,7.786529525637917448e-01,-6.022066580504876754e-01,-3.844655501901942607e+00,-5.094312084473849644e+00,6.233568260817082599e-05
1.020000000000000767e-01,7.747922102771925834e-01,-6.072884730394710884e-01,-3.876801205628809477e+00,-5.069283802757380997e+00,6.295286758440257031e-05
1.030000000000000776e-01,7.708994061031065881e-01,-6.123451576710339239e-01,-3.908779058280221985e+00,-5.044051566866762037e+00,6.357005256063175320e-05
1.040000000000000785e-01,7.669747085468732184e-01,-6.173765085841330658e-01,-3.940587752855098547e+00,-5.018616564487595966e+00,6.418723753685834756e-05
1.050000000000000794e-01,7.630182874162428908e-01,-6.223823236096683864e-01,-3.972225991541661116e+00,-4.992979991806943296e+00,6.480442251308232628e-05
1.060000000000000803e-01,7.590303138121599069e-01,-6.273624017789438678e-01,-4.003692485773710175e+00,-4.967143053432586441e+00,6.542160748930366226e-05
1.070000000000000812e-01,7.550109601194886499e-01,-6.323165433320480089e-01,-4.034985956286073261e+00,-4.941106962311923034e+00,6.603879246552232839e-05
1.080000000000000820e-01,7.509603999976856015e-01,-6.372445497261524094e-01,-4.066105133169232388e+00,-4.914872939650494210e+00,6.665597744173831112e-05
1.090000000000000829e-01,7.468788083714161807e-01,-6.421462236437294191e-01,-4.097048755923118790e+00,-4.888442214830163834e+00,6.727316241795156979e-05
1.100000000000000838e-01,7.427663614211192922e-01,-6.470213690006869633e-01,-4.127815573510081215e+00,-4.861816025326951340e+00,6.789034739416209086e-05
1.110000000000000847e-01,7.386232365735183603e-01,-6.518697909544218794e-01,-4.158404344407021114e+00,-4.834995616628534165e+00,6.850753237036984720e-05
1.120000000000000856e-01,7.344496124920814051e-01,-6.566912959117898740e-01,-4.188813836656696488e+00,-4.807982242151426888e+00,6.912471734657481173e-05
1.130000000000000865e-01,7.302456690674294926e-01,-6.614856915369931034e-01,-4.219042827918190852e+00,-4.780777163157845067e+00,6.974190232277695733e-05
1.140000000000000874e-01,7.260115874076957798e-01,-6.662527867593839304e-01,-4.249090105516545535e+00,-4.753381648672263537e+00,7.035908729897627045e-05
1.150000000000000883e-01,7.217475498288351554e-01,-6.709923917811854155e-01,-4.278954466491553532e+00,-4.725796975397685173e+00,7.097627227517271044e-05
1.160000000000000892e-01,7.174537398448852521e-01,-6.757043180851280972e-01,-4.308634717645716705e+00,-4.698024427631620981e+00,7.159345725136626374e-05
1.170000000000000900e-01,7.131303421581801638e-01,-6.803883784420019509e-01,-4.338129675591363643e+00,-4.670065297181793973e+00,7.221064222755690324e-05
1.180000000000000909e-01,7.087775426495174225e-01,-6.850443869181245260e-01,-4.367438166796925536e+00,-4.641920883281581922e+00,7.282782720374460185e-05
1.190000000000000918e-01,7.043955283682792334e-01,-6.896721588827244842e-01,-4.396559027632371830e+00,-4.613592492505199871e+00,7.344501217992933245e-05
1.200000000000000927e-01,6.999844875225081919e-01,-6.942715110152395397e-01,-4.425491104413802113e+00,-4.585081438682640176e+00,7.406219715611106794e-05
1.210000000000000936e-01,6.955446094689397007e-01,-6.988422613125296889e-01,-4.454233253447197782e+00,-4.556389042814370960e+00,7.467938213228978122e-05
1.220000000000000945e-01,6.910760847029902010e-01,-7.033842290960051757e-01,-4.482784341071331724e+00,-4.527516632985814304e+00,7.529656710846545874e-05
1.230000000000000954e-01,6.865791048487034365e-01,-7.078972350186683027e-01,-4.511143243699828886e+00,-4.498465544281598838e+00,7.591375208463805983e-05
1.240000000000000963e-01,6.820538626486548628e-01,-7.123811010720698667e-01,-4.539308847862391083e+00,-4.469237118699609823e+00,7.653093706080757095e-05
1.250000000000000833e-01,6.775005519538154219e-01,-7.168356505931792189e-01,-4.567280050245171807e+00,-4.439832705064839402e+00,7.714812203697396498e-05
1.260000000000000842e-01,6.729193677133750162e-01,-7.212607082711683937e-01,-4.595055757730311718e+00,-4.410253658943046773e+00,7.776530701313721483e-05
1.270000000000000850e-01,6.683105059645274570e-01,-7.256561001541094180e-01,-4.622634887434627693e+00,-4.380501342554237176e+00,7.838249198929729338e-05
1.280000000000000859e-01,6.636741638222164452e-01,-7.300216536555854674e-01,-4.650016366747461660e+00,-4.350577124685976571e+00,7.899967696545418709e-05
1.290000000000000868e-01,6.590105394688446916e-01,-7.343571975612146474e-01,-4.677199133367685668e+00,-4.320482380606537554e+00,7.961686194160785531e-05
1.300000000000000877e-01,6.543198321439460674e-01,-7.386625620350876220e-01,-4.704182135339863180e+00,-4.290218491977899617e+00,8.023404691775828446e-05
1.310000000000000886e-01,6.496022421338224495e-01,-7.429375786261176451e-01,-4.730964331089570152e+00,-4.259786846768602864e+00,8.085123189390544746e-05
1.320000000000000895e-01,6.448579707611451495e-01,-7.471820802743033285e-01,-4.757544689457876785e+00,-4.229188839166473812e+00,8.146841687004931719e-05
1.330000000000000904e-01,6.400872203745225919e-01,-7.513959013169042578e-01,-4.783922189734986397e+00,-4.198425869491222429e+00,8.208560184618986656e-05
1.340000000000000913e-01,6.352901943380346861e-01,-7.555788774945293440e-01,-4.810095821693037621e+00,-4.167499344106926351e+00,8.270278682232706845e-05
1.350000000000000921e-01,6.304670970207350011e-01,-7.597308459571372463e-01,-4.836064585618067291e+00,-4.136410675334411202e+00,8.331997179846089576e-05
1.360000000000000930e-01,6.256181337861209668e-01,-7.638516452699491976e-01,-4.861827492341136647e+00,-4.105161281363532311e+00,8.393715677459133494e-05
1.370000000000000939e-01,6.207435109815739871e-01,-7.679411154192743449e-01,-4.887383563268624442e+00,-4.073752586165372946e+00,8.455434175071835888e-05
1.380000000000000948e-01,6.158434359277689119e-01,-7.719990978182467156e-01,-4.912731830411681599e+00,-4.042186019404359065e+00,8.517152672684192693e-05
1.390000000000000957e-01,6.109181169080551976e-01,-7.760254353124750315e-01,-4.937871336414858092e+00,-4.010463016350308330e+00,8.578871170296202553e-05
1.400000000000000966e-01,6.059677631578094248e-01,-7.800199721856037050e-01,-4.962801134583895823e+00,-3.978585017790420064e+00,8.640589667907862758e-05
1.410000000000000975e-01,6.009925848537606141e-01,-7.839825541647863494e-01,-4.987520288912694610e+00,-3.946553469941209258e+00,8.702308165519171952e-05
1.420000000000000984e-01,5.959927931032887871e-01,-7.879130284260711381e-01,-5.012027874109446834e+00,-3.914369824360403260e+00,8.764026663130126070e-05
1.430000000000000993e-01,5.909685999336979911e-01,-7.918112435996977894e-01,-5.036322975621951414e+00,-3.882035537858802066e+00,8.825745160740723757e-05
1.440000000000001001e-01,5.859202182814646775e-01,-7.956770497753066218e-01,-5.060404689662102662e+00,-3.849552072412112835e+00,8.887463658350960947e-05
1.450000000000001010e-01,5.808478619814612109e-01,-7.995102985070593471e-01,-5.084272123229557572e+00,-3.816920895072771103e+00,8.949182155960836284e-05
1.460000000000001019e-01,5.757517457561570628e-01,-8.033108428186718220e-01,-5.107924394134582435e+00,-3.784143477881750872e+00,9.010900653570347058e-05
1.470000000000001028e-01,5.706320852047966907e-01,-8.070785372083583153e-01,-5.131360631020087659e+00,-3.751221297780379160e+00,9.072619151179490559e-05
1.480000000000001037e-01,5.654890967925566558e-01,-8.108132376536878461e-01,-5.154579973382843683e+00,-3.718155836522157198e+00,9.134337648788264075e-05
1.490000000000001046e-01,5.603229978396812028e-01,-8.145148016163523685e-01,-5.177581571593886878e+00,-3.684948580584600286e+00,9.196056146396666253e-05
1.500000000000001055e-01,5.551340065105981880e-01,-8.181830880468465850e-01,-5.200364586918116316e+00,-3.651601021081106069e+00,9.257774644004693025e-05
1.510000000000001064e-01,5.499223418030159127e-01,-8.218179573890598277e-01,-5.222928191533086739e+00,-3.618114653672853898e+00,9.319493141612343037e-05
1.520000000000001072e-01,5.446882235370009706e-01,-8.254192715847797901e-01,-5.245271568546993279e+00,-3.584490978480749490e+00,9.381211639219613578e-05
1.530000000000001081e-01,5.394318723440395535e-01,-8.289868940781083273e-01,-5.267393912015858604e+00,-3.550731499997420659e+00,9.442930136826501938e-05
1.540000000000001090e-01,5.341535096560808826e-01,-8.325206898197891059e-01,-5.289294426959923356e+00,-3.516837726999272551e+00,9.504648634433005407e-05
1.550000000000001099e-01,5.288533576945653181e-01,-8.360205252714475455e-01,-5.310972329379238133e+00,-3.482811172458607718e+00,9.566367132039121273e-05
1.560000000000001108e-01,5.235316394594370371e-01,-8.394862684097424976e-01,-5.332426846268470300e+00,-3.448653353455825687e+00,9.628085629644848181e-05
1.570000000000001117e-01,5.181885787181425007e-01,-8.429177887304308836e-01,-5.353657215630915900e+00,-3.414365791091702462e+00,9.689804127250182066e-05
1.580000000000001126e-01,5.128243999946149323e-01,-8.463149572523440689e-01,-5.374662686491732622e+00,-3.379950010399763283e+00,9.751522624855121573e-05
1.590000000000001135e-01,5.074393285582462498e-01,-8.496776465212768636e-01,-5.395442518910388507e+00,-3.345407540258754420e+00,9.813241122459663991e-05
1.600000000000001144e-01,5.020335904128467863e-01,-8.530057306137889261e-01,-5.415995983992333507e+00,-3.310739913305219773e+00,9.874959620063806609e-05
1.610000000000001152e-01,4.966074122855939632e-01,-8.562990851409190141e-01,-5.436322363899897425e+00,-3.275948665846194263e+00,9.936678117667546717e-05
1.620000000000001161e-01,4.911610216159701392e-01,-8.595575872518118610e-01,-5.456420951862416935e+00,-3.241035337772019798e+00,9.998396615270881604e-05
1.630000000000001170e-01,4.856946465446909111e-01,-8.627811156372577894e-01,-5.476291052185594310e+00,-3.206001472469286906e+00,1.006011511287380992e-04
1.640000000000001179e-01,4.802085159026243666e-01,-8.659695505331458376e-01,-5.495931980260099436e+00,-3.170848616733919378e+00,1.012183361047632759e-04
1.650000000000001188e-01,4.747028591997021763e-01,-8.691227737238291784e-01,-5.515343062569405319e+00,-3.135578320684397902e+00,1.018355210807843326e-04
1.660000000000001197e-01,4.691779066138230814e-01,-8.722406685454049402e-01,-5.534523636696872195e+00,-3.100192137675138682e+00,1.024527060568012423e-04
1.670000000000001206e-01,4.636338889797498863e-01,-8.753231198889064313e-01,-5.553473051332081134e+00,-3.064691624210031051e+00,1.030698910328139777e-04
1.680000000000001215e-01,4.580710377780003451e-01,-8.783700142034096547e-01,-5.572190666276423343e+00,-3.029078339856139834e+00,1.036870760088225119e-04
1.690000000000001223e-01,4.524895851237328848e-01,-8.813812394990534482e-01,-5.590675852447938965e+00,-2.993353847157582237e+00,1.043042609848268177e-04
1.700000000000001232e-01,4.468897637556278335e-01,-8.843566853499733593e-01,-5.608927991885427566e+00,-2.957519711549583707e+00,1.049214459608268816e-04
1.710000000000001241e-01,4.412718070247648172e-01,-8.872962428971500337e-01,-5.626946477751817000e+00,-2.921577501272723421e+00,1.055386309368226629e-04
1.720000000000001250e-01,4.356359488834974369e-01,-8.901998048511716721e-01,-5.644730714336809285e+00,-2.885528787287371166e+00,1.061558159128141480e-04
1.730000000000001259e-01,4.299824238743253368e-01,-8.930672654949112221e-01,-5.662280117058795526e+00,-2.849375143188326742e+00,1.067730008888013099e-04
1.740000000000001268e-01,4.243114671187649400e-01,-8.958985206861181938e-01,-5.679594112466055833e+00,-2.813118145119666735e+00,1.073901858647841214e-04
1.750000000000001277e-01,4.186233143062191298e-01,-8.986934678599252102e-01,-5.696672138237238947e+00,-2.776759371689804912e+00,1.080073708407625554e-04
1.760000000000001286e-01,4.129182016828470969e-01,-9.014520060312704031e-01,-5.713513643181134860e+00,-2.740300403886773761e+00,1.086245558167365849e-04
1.770000000000001295e-01,4.071963660404344654e-01,-9.041740357972344322e-01,-5.730118087235737789e+00,-2.703742824993732974e+00,1.092417407927061962e-04
1.780000000000001303e-01,4.014580447052650269e-01,-9.068594593392935721e-01,-5.746484941466610152e+00,-2.667088220504710616e+00,1.098589257686713488e-04
1.790000000000001312e-01,3.957034755269940307e-01,-9.095081804254885327e-01,-5.762613688064549322e+00,-2.630338178040586783e+00,1.104761107446320290e-04
1.800000000000001321e-01,3.899328968675246365e-01,-9.121201044125094581e-01,-5.778503820342560715e+00,-2.593494287265319720e+00,1.110932957205882098e-04
1.810000000000001330e-01,3.841465475898873660e-01,-9.146951382476971038e-01,-5.794154842732147870e+00,-2.556558139802425966e+00,1.117104806965398640e-04
1.820000000000001339e-01,3.783446670471238282e-01,-9.172331904709608574e-01,-5.809566270778917740e+00,-2.519531329151719401e+00,1.123276656724869646e-04
1.830000000000001348e-01,3.725274950711750521e-01,-9.197341712166133831e-01,-5.824737631137509197e+00,-2.482415450606311857e+00,1.129448506484294980e-04
1.840000000000001357e-01,3.666952719617752043e-01,-9.221979922151228859e-01,-5.839668461565851842e+00,-2.445212101169885965e+00,1.135620356243674235e-04
1.850000000000001366e-01,3.608482384753516348e-01,-9.246245667947818880e-01,-5.854358310918760466e+00,-2.407922879474243327e+00,1.141792206003007276e-04
1.860000000000001374e-01,3.549866358139313061e-01,-9.270138098832946261e-01,-5.868806739140861595e+00,-2.370549385697132472e+00,1.147964055762293697e-04
1.870000000000001383e-01,3.491107056140548281e-01,-9.293656380092819580e-01,-5.883013317258870778e+00,-2.333093221480365465e+00,1.154135905521533361e-04
1.880000000000001392e-01,3.432206899356984864e-01,-9.316799693037045582e-01,-5.896977627373217956e+00,-2.295555989848226730e+00,1.160307755280725998e-04
1.890000000000001401e-01,3.373168312512050404e-01,-9.339567235012047330e-01,-5.910699262649024455e+00,-2.257939295126179413e+00,1.166479605039871337e-04
1.900000000000001410e-01,3.313993724342237934e-01,-9.361958219413670790e-01,-5.924177827306444932e+00,-2.220244742859875497e+00,1.172651454798969242e-04
1.910000000000001419e-01,3.254685567486606534e-01,-9.383971875698983167e-01,-5.937412936610370728e+00,-2.182473939734474566e+00,1.178823304558019306e-04
1.920000000000001428e-01,3.195246278376387972e-01,-9.405607449397266340e-01,-5.950404216859509710e+00,-2.144628493494274757e+00,1.184995154317021395e-04
1.930000000000001437e-01,3.135678297124704916e-01,-9.426864202120206482e-01,-5.963151305374835509e+00,-2.106710012862664794e+00,1.191167004075975236e-04
1.940000000000001446e-01,3.075984067416410173e-01,-9.447741411571286552e-01,-5.975653850487427476e+00,-2.068720107462399316e+00,1.197338853834880559e-04
1.950000000000001454e-01,3.016166036398047479e-01,-9.468238371554382748e-01,-5.987911511525692454e+00,-2.030660387736200612e+00,1.203510703593737094e-04
1.960000000000001463e-01,2.956226654567946643e-01,-9.488354391981570490e-01,-5.999923958801982593e+00,-1.992532464867697417e+00,1.209682553352544568e-04
1.970000000000001472e-01,2.896168375666450800e-01,-9.508088798880135473e-01,-6.011690873598610985e+00,-1.954337950702699667e+00,1.215854403111302711e-04
1.980000000000001481e-01,2.835993656566291321e-01,-9.527440934398807570e-01,-6.023211948153276651e+00,-1.916078457670816970e+00,1.222026252870011252e-04
1.990000000000001490e-01,2.775704957163109277e-01,-9.546410156813205372e-01,-6.034486885643893572e+00,-1.877755598707424145e+00,1.228198102628670055e-04
2.000000000000001499e-01,2.715304740266129557e-01,-9.564995840530506888e-01,-6.045515400172841503e+00,-1.839370987175979133e+00,1.234369952387278984e-04
2.010000000000001508e-01,2.654795471488999858e-01,-9.583197376093343101e-01,-6.056297216750635926e+00,-1.800926236790697299e+00,1.240541802145837499e-04
2.020000000000001517e-01,2.594179619140791204e-01,-9.601014170182918805e-01,-6.066832071279029570e+00,-1.762422961539586108e+00,1.246713651904345597e-04
2.030000000000001525e-01,2.533459654117174442e-01,-9.618445645621369611e-01,-6.077119710533544605e+00,-1.723862775607844844e+00,1.252885501662802739e-04
2.040000000000001534e-01,2.472638049791770765e-01,-9.635491241373350668e-01,-6.087159892145446172e+00,-1.685247293301633142e+00,1.259057351421208923e-04
2.050000000000001543e-01,2.411717281907687083e-01,-9.652150412546867120e-01,-6.096952384583159912e+00,-1.646578128972212784e+00,1.265229201179563878e-04
2.060000000000001552e-01,2.350699828469239860e-01,-9.668422630393348483e-01,-6.106496967133145937e+00,-1.607856896940466074e+00,1.271401050937867063e-04
2.070000000000001561e-01,2.289588169633872405e-01,-9.684307382306966971e-01,-6.115793429880223897e+00,-1.569085211421795245e+00,1.277572900696118477e-04
2.080000000000001570e-01,2.228384787604272554e-01,-9.699804171823210863e-01,-6.124841573687367813e+00,-1.530264686451407119e+00,1.283744750454317849e-04
2.090000000000001579e-01,2.167092166520692975e-01,-9.714912518616709569e-01,-6.133641210174965330e+00,-1.491396935809984337e+00,1.289916600212464909e-04
2.100000000000001588e-01,2.105712792353484353e-01,-9.729631958498318189e-01,-6.142192161699555619e+00,-1.452483572949750723e+00,1.296088449970559384e-04
2.110000000000001597e-01,2.044249152795841740e-01,-9.743962043411464879e-01,-6.150494261332049462e+00,-1.413526210920929893e+00,1.302260299728601276e-04
2.120000000000001605e-01,1.982703737156771562e-01,-9.757902341427766579e-01,-6.158547352835433308e+00,-1.374526462298603979e+00,1.308432149486590042e-04
2.130000000000001614e-01,1.921079036254285111e-01,-9.771452436741909775e-01,-6.166351290641970628e+00,-1.335485939109974485e+00,1.314603999244525411e-04
2.140000000000001623e-01,1.859377542308821296e-01,-9.784611929665814056e-01,-6.173905939829901435e+00,-1.296406252762027700e+00,1.320775849002407383e-04
2.150000000000001632e-01,1.797601748836905877e-01,-9.797380436622066258e-01,-6.181211176099647986e+00,-1.257289013969609348e+00,1.326947698760235416e-04
2.160000000000001641e-01,1.735754150545050500e-01,-9.809757590136644056e-01,-6.188266885749531099e+00,-1.218135832683910902e+00,1.333119548518009510e-04
2.170000000000001650e-01,1.673837243223896820e-01,-9.821743038830922368e-01,-6.195072965651006847e+00,-1.178948318021370456e+00,1.339291398275729123e-04
2.180000000000001659e-01,1.611853523642611530e-01,-9.833336447412971415e-01,-6.201629323223424528e+00,-1.139728078192990823e+00,1.345463248033394255e-04
2.190000000000001668e-01,1.549805489443535078e-01,-9.844537496668152032e-01,-6.207935876408317455e+00,-1.100476720434078182e+00,1.351635097791004634e-04
2.200000000000001676e-01,1.487695639037090733e-01,-9.855345883449007083e-01,-6.213992553643228334e+00,-1.061195850934404383e+00,1.357806947548559991e-04
2.210000000000001685e-01,1.425526471496957048e-01,-9.865761320664461209e-01,-6.219799293835075460e+00,-1.021887074768793813e+00,1.363978797306059781e-04
2.220000000000001694e-01,1.363300486455508720e-01,-9.875783537268325585e-01,-6.225356046333071269e+00,-9.825519958281403454e-01,1.370150647063504007e-04
2.230000000000001703e-01,1.301020183999531954e-01,-9.885412278247113216e-01,-6.230662770901194136e+00,-9.431922167508534072e-01,1.376322496820892396e-04
2.240000000000001712e-01,1.238688064566215441e-01,-9.894647304607175897e-01,-6.235719437690216971e+00,-9.038093388547382423e-01,1.382494346578224949e-04
2.250000000000001721e-01,1.176306628839424301e-01,-9.903488393361158382e-01,-6.240526027209307713e+00,-8.644049620693116109e-01,1.388666196335501123e-04
2.260000000000001730e-01,1.113878377646260048e-01,-9.911935337513777533e-01,-6.245082530297201728e+00,-8.249806848685551364e-01,1.394838046092720647e-04
2.270000000000001739e-01,1.051405811853910605e-01,-9.919987946046934235e-01,-6.249388948092950535e+00,-7.855381042041086337e-01,1.401009895849883251e-04
2.280000000000001747e-01,9.888914322667953505e-02,-9.927646043904158057e-01,-6.253445292006256651e+00,-7.460788154389057514e-01,1.407181745606988935e-04
2.290000000000001756e-01,9.263377395240084133e-02,-9.934909471974390227e-01,-6.257251583687404306e+00,-7.066044122812532580e-01,1.413353595364037155e-04
2.300000000000001765e-01,8.637472339970650448e-02,-9.941778087075107129e-01,-6.260807854996778055e+00,-6.671164867193565273e-01,1.419525445121027913e-04
2.310000000000001774e-01,8.011224156879545588e-02,-9.948251761934795434e-01,-6.264114147973994129e+00,-6.276166289562926659e-01,1.425697294877960666e-04
2.320000000000001783e-01,7.384657841275041323e-02,-9.954330385174779972e-01,-6.267170514806637449e+00,-5.881064273454336133e-01,1.431869144634835415e-04
2.330000000000001792e-01,6.757798382740569376e-02,-9.960013861290401005e-01,-6.269977017798610497e+00,-5.485874683263196605e-01,1.438040994391651887e-04
2.340000000000001801e-01,6.130670764124687006e-02,-9.965302110631560906e-01,-6.272533729338112707e+00,-5.090613363609867159e-01,1.444212844148409813e-04
2.350000000000001810e-01,5.503299960534266400e-02,-9.970195069382630226e-01,-6.274840731865237942e+00,-4.695296138707470979e-01,1.450384693905108920e-04
2.360000000000001819e-01,4.875710938330939104e-02,-9.974692689541728718e-01,-6.276898117839211366e+00,-4.299938811734268507e-01,1.456556543661748939e-04
2.370000000000001827e-01,4.247928654130836423e-02,-9.978794938899375744e-01,-6.278705989705265722e+00,-3.904557164210594733e-01,1.462728393418329597e-04
2.380000000000001836e-01,3.619978053807659107e-02,-9.982501801016524512e-01,-6.280264459861161441e+00,-3.509166955380387809e-01,1.468900243174850624e-04
2.390000000000001845e-01,2.991884071499113437e-02,-9.985813275201979033e-01,-6.281573650623359484e+00,-3.113783921597308990e-01,1.475072092931311750e-04
2.400000000000001854e-01,2.363671628616747025e-02,-9.988729376489197120e-01,-6.282633694192851337e+00,-2.718423775715473334e-01,1.481243942687712702e-04
2.410000000000001863e-01,1.735365632859218327e-02,-9.991250135612488315e-01,-6.283444732620655060e+00,-2.323102206484798649e-01,1.487415792444053480e-04
2.420000000000001872e-01,1.106990977229032821e-02,-9.993375598982611185e-01,-6.284006917772976486e+00,-1.927834877950981296e-01,1.493587642200333544e-04
2.430000000000001881e-01,4.785725390527794353e-03,-9.995105828661767777e-01,-6.284320411296051567e+00,-1.532637428860111617e-01,1.499759491956552892e-04
2.440000000000001890e-01,-1.498648209951007094e-03,-9.996440902338010748e-01,-6.284385384580664535e+00,-1.137525472067933696e-01,1.505931341712710982e-04
2.450000000000001898e-01,-7.782962598649825932e-03,-9.997380913299058758e-01,-6.284202018726357863e+00,-7.425145939537597384e-02,1.512103191468807816e-04
2.460000000000001907e-01,-1.406696953101130299e-02,-9.997925970405530105e-01,-6.283770504505334920e+00,-3.476203538390456454e-02,1.518275041224843120e-04
2.470000000000001916e-01,-2.035042095807145998e-02,-9.998076198063594600e-01,-6.283091042326058862e+00,4.714171658936817944e-03,1.524446890980816355e-04
2.480000000000001925e-01,-2.663306903607763620e-02,-9.997831736197052566e-01,-6.282163842196558434e+00,4.417561138513419194e-02,1.530618740736727518e-04
2.490000000000001934e-01,-3.291466613606958136e-02,-9.997192740218844298e-01,-6.280989123687445108e+00,8.362073632408451029e-02,1.536790590492576340e-04
2.500000000000001665e-01,-3.919496485342343489e-02,-9.996159381001995525e-01,-6.279567115894647777e+00,1.230480019388683344e-01,1.542962440248362549e-04
2.510000000000001674e-01,-4.547371801735828473e-02,-9.994731844849999991e-01,-6.277898057401865017e+00,1.624558666820540009e-01,1.549134290004085875e-04
2.520000000000001683e-01,-5.175067870040506168e-02,-9.992910333466645811e-01,-6.275982196242750000e+00,2.018427920510330043e-01,1.555306139759746046e-04
2.530000000000001692e-01,-5.802560022783747468e-02,-9.990695063925296715e-01,-6.273819789862828955e+00,2.412072426428865657e-01,1.561477989515343062e-04
2.540000000000001701e-01,-6.429823618706471955e-02,-9.988086268637618170e-01,-6.271411105081156734e+00,2.805476862087826762e-01,1.567649839270876381e-04
2.550000000000001710e-01,-7.056834043698576031e-02,-9.985084195321769496e-01,-6.268756418051718349e+00,3.198625937079043746e-01,1.573821689026345732e-04
2.560000000000001719e-01,-7.683566711730480114e-02,-9.981689106970055292e-01,-6.265856014224580939e+00,3.591504393609084578e-01,1.579993538781751116e-04
2.570000000000001728e-01,-8.309997065780790060e-02,-9.977901281816045076e-01,-6.262710188306804149e+00,3.984097007029151483e-01,1.586165388537091989e-04
2.580000000000001736e-01,-8.936100578760029778e-02,-9.973721013301166671e-01,-6.259319244223110701e+00,4.376388586360287491e-01,1.592337238292368352e-04
2.590000000000001745e-01,-9.561852754430429091e-02,-9.969148610040773351e-01,-6.255683495076323375e+00,4.768363974813892847e-01,1.598509088047579663e-04
2.600000000000001754e-01,-1.018722912832174948e-01,-9.964184395789696946e-01,-6.251803263107577280e+00,5.160008050307555161e-01,1.604680937802725922e-04
2.610000000000001763e-01,-1.081220526864311582e-01,-9.958828709407286928e-01,-6.247678879656309192e+00,5.551305725976197758e-01,1.610852787557806858e-04
2.620000000000001772e-01,-1.143675677719083600e-01,-9.953081904821935444e-01,-6.243310685120030179e+00,5.942241950678543994e-01,1.617024637312822199e-04
2.630000000000001781e-01,-1.206085929025218911e-01,-9.946944350995107209e-01,-6.238699028913889499e+00,6.332801709498913079e-01,1.623196487067771676e-04
2.640000000000001790e-01,-1.268448847950515712e-01,-9.940416431884862014e-01,-6.233844269430031559e+00,6.722970024244335763e-01,1.629368336822655016e-04
2.650000000000001799e-01,-1.330762005291408756e-01,-9.933498546408884300e-01,-6.228746773996753916e+00,7.112731953937014850e-01,1.635540186577471948e-04
2.660000000000001807e-01,-1.393022975562125398e-01,-9.926191108407026453e-01,-6.223406918837468993e+00,7.502072595302117231e-01,1.641712036332222202e-04
2.670000000000001816e-01,-1.455229337083430996e-01,-9.918494546603363604e-01,-6.217825089029478391e+00,7.890977083250919621e-01,1.647883886086905507e-04
2.680000000000001825e-01,-1.517378672070961165e-01,-9.910409304567764366e-01,-6.212001678462561571e+00,8.279430591359303593e-01,1.654055735841521862e-04
2.690000000000001834e-01,-1.579468566723138123e-01,-9.901935840676994172e-01,-6.205937089797386896e+00,8.667418332341616516e-01,1.660227585596070726e-04
2.700000000000001843e-01,-1.641496611308671527e-01,-9.893074628075337884e-01,-6.199631734423747709e+00,9.054925558519902884e-01,1.666399435350551827e-04
2.710000000000001852e-01,-1.703460400253639928e-01,-9.883826154634761663e-01,-6.193086032418629649e+00,9.441937562288511554e-01,1.672571285104965165e-04
2.720000000000001861e-01,-1.765357532228152282e-01,-9.874190922914607427e-01,-6.186300412504115442e+00,9.828439676574092232e-01,1.678743134859310470e-04
2.730000000000001870e-01,-1.827185610232588131e-01,-9.864169450120836569e-01,-6.179275312005131582e+00,1.021441727529099452e+00,1.684914984613587199e-04
2.740000000000001878e-01,-1.888942241683413403e-01,-9.853762268064811813e-01,-6.172011176807040478e+00,1.059985577379206845e+00,1.691086834367795352e-04
2.750000000000001887e-01,-1.950625038498572661e-01,-9.842969923121640541e-01,-6.164508461313084275e+00,1.098474062931488859e+00,1.697258684121934658e-04
2.760000000000001896e-01,-2.012231617182454746e-01,-9.831792976188064026e-01,-6.156767628401684789e+00,1.136905734142341418e+00,1.703430533876004846e-04
2.770000000000001905e-01,-2.073759598910430157e-01,-9.820232002639913693e-01,-6.148789149383604880e+00,1.175279145244508161e+00,1.709602383630005645e-04
2.780000000000001914e-01,-2.135206609612959328e-01,-9.808287592289133272e-01,-6.140573503958978385e+00,1.213592854790336073e+00,1.715774233383936785e-04
2.790000000000001923e-01,-2.196570280059271518e-01,-9.795960349340364637e-01,-6.132121180174208597e+00,1.251845425694577463e+00,1.721946083137797993e-04
2.800000000000001932e-01,-2.257848245940611565e-01,-9.783250892347115091e-01,-6.123432674378742391e+00,1.290035425276740089e+00,1.728117932891588999e-04
2.810000000000001941e-01,-2.319038147953053353e-01,-9.770159854167497215e-01,-6.114508491181725347e+00,1.328161425302987642e+00,1.734289782645309533e-04
2.820000000000001950e-01,-2.380137631879879478e-01,-9.756687881919555716e-01,-6.105349143408544954e+00,1.366222002027589699e+00,1.740461632398959322e-04
2.830000000000001958e-01,-2.441144348673526254e-01,-9.742835636936181265e-01,-6.095955152057258353e+00,1.404215736233925815e+00,1.746633482152538366e-04
2.840000000000001967e-01,-2.502055954537091842e-01,-9.728603794719615783e-01,-6.086327046254920603e+00,1.442141213275042411e+00,1.752805331906046125e-04
2.850000000000001976e-01,-2.562870111005408069e-01,-9.713993044895556928e-01,-6.076465363213806370e+00,1.479997023113765131e+00,1.758977181659482597e-04
2.860000000000001985e-01,-2.623584485025672319e-01,-9.699004091166856245e-01,-6.066370648187540127e+00,1.517781760362369559e+00,1.765149031412847241e-04
2.870000000000001994e-01,-2.684196749037641716e-01,-9.683637651266835400e-01,-6.056043454427131323e+00,1.555494024321809610e+00,1.771320881166140056e-04
2.880000000000002003e-01,-2.744704581053387660e-01,-9.667894456912198287e-01,-6.045484343136923400e+00,1.593132419020506063e+00,1.777492730919360772e-04
2.890000000000002012e-01,-2.805105664736606830e-01,-9.651775253755568995e-01,-6.034693883430459316e+00,1.630695553252699215e+00,1.783664580672509117e-04
2.900000000000002021e-01,-2.865397689481494203e-01,-9.635280801337641199e-01,-6.023672652286270690e+00,1.668182040616362993e+00,1.789836430425584821e-04
2.910000000000002029e-01,-2.925578350491169766e-01,-9.618411873038954507e-01,-6.012421234503587897e+00,1.705590499550687200e+00,1.796008280178587613e-04
2.920000000000002038e-01,-2.985645348855664460e-01,-9.601169256031295562e-01,-6.000940222657983547e+00,1.742919553373125652e+00,1.802180129931517220e-04
2.930000000000002047e-01,-3.045596391629461497e-01,-9.583553751228731654e-01,-5.989230217056951133e+00,1.780167830316014888e+00,1.808351979684373373e-04
2.940000000000002056e-01,-3.105429191908594122e-01,-9.565566173238282399e-01,-5.977291825695418837e+00,1.817333963562764110e+00,1.814523829437155800e-04
2.950000000000002065e-01,-3.165141468907295974e-01,-9.547207350310229490e-01,-5.965125664211207379e+00,1.854416591283618354e+00,1.820695679189864231e-04
2.960000000000002074e-01,-3.224730948034207345e-01,-9.528478124288067841e-01,-5.952732355840434586e+00,1.891414356670996888e+00,1.826867528942498664e-04
2.970000000000002083e-01,-3.284195360968135691e-01,-9.509379350558114785e-01,-5.940112531372870208e+00,1.928325907974409947e+00,1.833039378695058559e-04
2.980000000000002092e-01,-3.343532445733367608e-01,-9.489911897998760670e-01,-5.927266829107244561e+00,1.965149898534954476e+00,1.839211228447543644e-04
2.990000000000002101e-01,-3.402739946774535618e-01,-9.470076648929386387e-01,-5.914195894806518083e+00,2.001884986819390644e+00,1.845383078199953918e-04
3.000000000000002109e-01,-3.461815615031036963e-01,-9.449874499058935617e-01,-5.900900381653110927e+00,2.038529836453804034e+00,1.851554927952289112e-04
3.010000000000002118e-01,-3.520757208011003336e-01,-9.429306357434156238e-01,-5.887380950204099683e+00,2.075083116256852378e+00,1.857726777704548683e-04
3.020000000000002127e-01,-3.579562489864823727e-01,-9.408373146387509767e-01,-5.873638268346383917e+00,2.111543500272600404e+00,1.863898627456732631e-04
3.030000000000002136e-01,-3.638229231458218194e-01,-9.387075801484754400e-01,-5.859673011251828711e+00,2.147909667802945677e+00,1.870070477208840684e-04
3.040000000000002145e-01,-3.696755210444863660e-01,-9.365415271472207204e-01,-5.845485861332380573e+00,2.184180303439636539e+00,1.876242326960872572e-04
3.050000000000002154e-01,-3.755138211338569509e-01,-9.343392518223686549e-01,-5.831077508195170012e+00,2.220354097095885493e+00,1.882414176712828024e-04
3.060000000000002163e-01,-3.813376025585005213e-01,-9.321008516687140366e-01,-5.816448648597591919e+00,2.256429744037579788e+00,1.888586026464706769e-04
3.070000000000002172e-01,-3.871466451632978312e-01,-9.298264254830965747e-01,-5.801599986402384168e+00,2.292405944914090554e+00,1.894757876216508535e-04
3.080000000000002180e-01,-3.929407295005263312e-01,-9.275160733590023243e-01,-5.786532232532687559e+00,2.328281405788685365e+00,1.900929725968233052e-04
3.090000000000002189e-01,-3.987196368368980948e-01,-9.251698966811344738e-01,-5.771246104927109322e+00,2.364054838168543782e+00,1.907101575719880049e-04
3.100000000000002198e-01,-4.044831491605527796e-01,-9.227879981199547110e-01,-5.755742328494782178e+00,2.399724959034381211e+00,1.913273425471449525e-04
3.110000000000002207e-01,-4.102310491880057919e-01,-9.203704816261951693e-01,-5.740021635070425177e+00,2.435290490869679747e+00,1.919445275222940938e-04
3.120000000000002216e-01,-4.159631203710512093e-01,-9.179174524253409517e-01,-5.724084763369413409e+00,2.470750161689533098e+00,1.925617124974354289e-04
3.130000000000002225e-01,-4.216791469036202389e-01,-9.154290170120844561e-01,-5.707932458942853060e+00,2.506102705069103820e+00,1.931788974725689035e-04
3.140000000000002234e-01,-4.273789137285942119e-01,-9.129052831447511673e-01,-5.691565474132668889e+00,2.541346860171699085e+00,1.937960824476945177e-04
3.150000000000002243e-01,-4.330622065445731694e-01,-9.103463598396975831e-01,-5.674984568026712139e+00,2.576481371776463192e+00,1.944132674228122443e-04
3.160000000000002252e-01,-4.387288118125992065e-01,-9.077523573656817168e-01,-5.658190506413879106e+00,2.611504990305694829e+00,1.950304523979220291e-04
3.170000000000002260e-01,-4.443785167628351851e-01,-9.051233872382066226e-01,-5.641184061739259903e+00,2.646416471851785968e+00,1.956476373730238721e-04
3.180000000000002269e-01,-4.500111094011984836e-01,-9.024595622138367190e-01,-5.623966013059304103e+00,2.681214578203789500e+00,1.962648223481177462e-04
3.190000000000002278e-01,-4.556263785159498925e-01,-8.997609962844880238e-01,-5.606537145997019245e+00,2.715898076873616063e+00,1.968820073232036244e-04
3.200000000000002287e-01,-4.612241136842378797e-01,-8.970278046716926301e-01,-5.588898252697200419e+00,2.750465741121863150e+00,1.974991922982814794e-04
3.210000000000002296e-01,-4.668041052785980027e-01,-8.942601038208369824e-01,-5.571050131781687398e+00,2.784916349983278749e+00,1.981163772733512843e-04
3.220000000000002305e-01,-4.723661444734074122e-01,-8.914580113953751717e-01,-5.552993588304667050e+00,2.819248688291862148e+00,1.987335622484130389e-04
3.230000000000002314e-01,-4.779100232512951130e-01,-8.886216462710173625e-01,-5.534729433708008628e+00,2.853461546705607699e+00,1.993507472234666892e-04
3.240000000000002323e-01,-4.834355344095072060e-01,-8.857511285298935721e-01,-5.516258485776644349e+00,2.887553721730887091e+00,1.999679321985122079e-04
3.250000000000002331e-01,-4.889424715662277210e-01,-8.828465794546933587e-01,-5.497581568593990831e+00,2.921524015746482572e+00,2.005851171735495951e-04
3.260000000000002340e-01,-4.944306291668547071e-01,-8.799081215227811947e-01,-5.478699512497425594e+00,2.955371237027263565e+00,2.012023021485787966e-04
3.270000000000002349e-01,-4.998998024902320814e-01,-8.769358784002889706e-01,-5.459613154033805316e+00,2.989094199767517779e+00,2.018194871235998123e-04
3.280000000000002358e-01,-5.053497876548368462e-01,-8.739299749361850722e-01,-5.440323335915043579e+00,3.022691724103936384e+00,2.024366720986125882e-04
3.290000000000002367e-01,-5.107803816249218976e-01,-8.708905371563204767e-01,-5.420830906973738372e+00,3.056162636138253674e+00,2.030538570736171240e-04
3.300000000000002376e-01,-5.161913822166147581e-01,-8.678176922574525332e-01,-5.401136722118863531e+00,3.089505767959547899e+00,2.036710420486133929e-04
3.310000000000002385e-01,-5.215825881039715117e-01,-8.647115686012468716e-01,-5.381241642291515248e+00,3.122719957666205026e+00,2.042882270236013676e-04
3.320000000000002394e-01,-5.269537988249870519e-01,-8.615722957082568856e-01,-5.361146534420722531e+00,3.155804049387545884e+00,2.049054119985810210e-04
3.330000000000002403e-01,-5.323048147875609759e-01,-8.584000042518823426e-01,-5.340852271379324279e+00,3.188756893305122908e+00,2.055225969735523261e-04
3.340000000000002411e-01,-5.376354372754190702e-01,-8.551948260523065670e-01,-5.320359731939912962e+00,3.221577345673686921e+00,2.061397819485152557e-04
3.350000000000002420e-01,-5.429454684539912757e-01,-8.519568940704129734e-01,-5.299669800730848479e+00,3.254264268841828844e+00,2.067569669234697828e-04
3.360000000000002429e-01,-5.482347113762456869e-01,-8.486863424016809487e-01,-5.278783368192341285e+00,3.286816531272295450e+00,2.073741518984158802e-04
3.370000000000002438e-01,-5.535029699884780330e-01,-8.453833062700617518e-01,-5.257701330532613682e+00,3.319233007561987581e+00,2.079913368733535208e-04
3.380000000000002447e-01,-5.587500491360581911e-01,-8.420479220218343164e-01,-5.236424589684133046e+00,3.351512578461638636e+00,2.086085218482827046e-04
3.390000000000002456e-01,-5.639757545691324037e-01,-8.386803271194420706e-01,-5.214954053259925892e+00,3.383654130895179524e+00,2.092257068232033774e-04
3.400000000000002465e-01,-5.691798929482819736e-01,-8.352806601353097715e-01,-5.193290634509973636e+00,3.415656557978790531e+00,2.098428917981155393e-04
3.410000000000002474e-01,-5.743622718501384394e-01,-8.318490607456421326e-01,-5.171435252277685635e+00,3.447518759039644998e+00,2.104600767730191360e-04
3.420000000000002482e-01,-5.795226997729555629e-01,-8.283856697242034661e-01,-5.149388830956461938e+00,3.479239639634346570e+00,2.110772617479141674e-04
3.430000000000002491e-01,-5.846609861421373511e-01,-8.248906289360792288e-01,-5.127152300446338629e+00,3.510818111567063138e+00,2.116944467228006066e-04
3.440000000000002500e-01,-5.897769413157231133e-01,-8.213640813314195821e-01,-5.104726596110721992e+00,3.542253092907361900e+00,2.123116316976783992e-04
3.450000000000002509e-01,-5.948703765898293305e-01,-8.178061709391648559e-01,-5.082112658733213273e+00,3.573543508007744229e+00,2.129288166725475454e-04
3.460000000000002518e-01,-5.999411042040481146e-01,-8.142170428607543586e-01,-5.059311434474525804e+00,3.604688287520888768e+00,2.135460016474080179e-04
3.470000000000002527e-01,-6.049889373468030351e-01,-8.105968432638176457e-01,-5.036323874829491842e+00,3.635686368416600978e+00,2.141631866222597897e-04
3.480000000000002536e-01,-6.100136901606615369e-01,-8.069457193758486913e-01,-5.013150936584169770e+00,3.666536693998476704e+00,2.147803715971028336e-04
3.490000000000002545e-01,-6.150151777476050574e-01,-8.032638194778644047e-01,-4.989793581773040998e+00,3.697238213920276628e+00,2.153975565719371498e-04
3.500000000000002554e-01,-6.199932161742558456e-01,-7.995512928980460510e-01,-4.966252777636313454e+00,3.727789884202020509e+00,2.160147415467626839e-04
3.510000000000002562e-01,-6.249476224770614818e-01,-7.958082900053651265e-01,-4.942529496577318326e+00,3.758190667245800753e+00,2.166319265215794088e-04
3.520000000000002571e-01,-6.298782146674366533e-01,-7.920349622031934711e-01,-4.918624716120008955e+00,3.788439531851318876e+00,2.172491114963872975e-04
3.530000000000002580e-01,-6.347848117368628529e-01,-7.882314619228981689e-01,-4.894539418866567182e+00,3.818535453231148846e+00,2.178662964711863500e-04
3.540000000000002589e-01,-6.396672336619450006e-01,-7.843979426174209069e-01,-4.870274592455108298e+00,3.848477413025727767e+00,2.184834814459765120e-04
3.550000000000002598e-01,-6.445253014094266542e-01,-7.805345587548428998e-01,-4.845831229517495231e+00,3.878264399318080979e+00,2.191006664207577836e-04
3.560000000000002607e-01,-6.493588369411625871e-01,-7.766414658119350500e-01,-4.821210327637256654e+00,3.907895406648278502e+00,2.197178513955301375e-04
3.570000000000002616e-01,-6.541676632190492890e-01,-7.727188202676936735e-01,-4.796412889307616112e+00,3.937369436027632563e+00,2.203350363702935198e-04
3.580000000000002625e-01,-6.589516042099140547e-01,-7.687667795968623485e-01,-4.771439921889630398e+00,3.966685494952634006e+00,2.209522213450479302e-04
3.590000000000002633e-01,-6.637104848903616627e-01,-7.647855022634399980e-01,-4.746292437570435396e+00,3.995842597418632902e+00,2.215694063197933418e-04
3.600000000000002642e-01,-6.684441312515796429e-01,-7.607751477141749819e-01,-4.720971453321610056e+00,4.024839763933264258e+00,2.221865912945297273e-04
3.610000000000002651e-01,-6.731523703041022433e-01,-7.567358763720464232e-01,-4.695477990857645167e+00,4.053676021529625473e+00,2.228037762692570598e-04
3.620000000000002660e-01,-6.778350300825320973e-01,-7.526678496297322107e-01,-4.669813076594533818e+00,4.082350403779204662e+00,2.234209612439753121e-04
3.630000000000002669e-01,-6.824919396502215907e-01,-7.485712298430643452e-01,-4.643977741608471987e+00,4.110861950804563847e+00,2.240381462186844571e-04
3.640000000000002678e-01,-6.871229291039122611e-01,-7.444461803244715181e-01,-4.617973021594679039e+00,4.139209709291781891e+00,2.246553311933844948e-04
3.650000000000002687e-01,-6.917278295783331199e-01,-7.402928653364093670e-01,-4.591799956826332796e+00,4.167392732502655406e+00,2.252725161680753710e-04
3.660000000000002696e-01,-6.963064732507582288e-01,-7.361114500847790731e-01,-4.565459592113620957e+00,4.195410080286666066e+00,2.258897011427570586e-04
3.670000000000002705e-01,-7.008586933455235313e-01,-7.319021007123333034e-01,-4.538952976762918645e+00,4.223260819092717000e+00,2.265068861174295576e-04
3.680000000000002713e-01,-7.053843241385023832e-01,-7.276649842920716038e-01,-4.512281164536077860e+00,4.250944021980631149e+00,2.271240710920928137e-04
3.690000000000002722e-01,-7.098832009615407834e-01,-7.234002688206234710e-01,-4.485445213609840387e+00,4.278458768632430242e+00,2.277412560667468270e-04
3.700000000000002731e-01,-7.143551602068519690e-01,-7.191081232116204314e-01,-4.458446186535376832e+00,4.305804145363385516e+00,2.283584410413915704e-04
3.710000000000002740e-01,-7.188000393313709324e-01,-7.147887172890579066e-01,-4.431285150197938449e+00,4.332979245132845492e+00,2.289756260160269897e-04
3.720000000000002749e-01,-7.232176768610680817e-01,-7.104422217806453110e-01,-4.403963175776640426e+00,4.359983167554847050e+00,2.295928109906530848e-04
3.730000000000002758e-01,-7.276079123952232663e-01,-7.060688083111464897e-01,-4.376481338704364177e+00,4.386815018908508890e+00,2.302099959652698286e-04
3.740000000000002767e-01,-7.319705866106592795e-01,-7.016686493957091653e-01,-4.348840718627785762e+00,4.413473912148213607e+00,2.308271809398771942e-04
3.750000000000002776e-01,-7.363055412659359478e-01,-6.972419184331850595e-01,-4.321042399367527764e+00,4.439958966913577498e+00,2.314443659144751542e-04
3.760000000000002784e-01,-7.406126192055042523e-01,-6.927887896994394668e-01,-4.293087468878436397e+00,4.466269309539213417e+00,2.320615508890636817e-04
3.770000000000002793e-01,-7.448916643638203716e-01,-6.883094383406516137e-01,-4.264977019209986508e+00,4.492404073064288461e+00,2.326787358636427496e-04
3.780000000000002802e-01,-7.491425217694210881e-01,-6.838040403666054701e-01,-4.236712146466810047e+00,4.518362397241880046e+00,2.332959208382123578e-04
3.790000000000002811e-01,-7.533650375489588935e-01,-6.792727726439711233e-01,-4.208293950769353309e+00,4.544143428548130359e+00,2.339131058127724521e-04
3.800000000000002820e-01,-7.575590589311982370e-01,-6.747158128895770490e-01,-4.179723536214662083e+00,4.569746320191210742e+00,2.345302907873230054e-04
3.810000000000002829e-01,-7.617244342509725819e-01,-6.701333396636741657e-01,-4.151002010837290257e+00,4.595170232120083575e+00,2.351474757618640177e-04
3.820000000000002838e-01,-7.658610129531027155e-01,-6.655255323631902309e-01,-4.122130486570341645e+00,4.620414331033079414e+00,2.357646607363954349e-04
3.830000000000002847e-01,-7.699686455962753140e-01,-6.608925712149765763e-01,-4.093110079206636165e+00,4.645477790386283168e+00,2.363818457109172569e-04
3.840000000000002855e-01,-7.740471838568837581e-01,-6.562346372690461838e-01,-4.063941908360004795e+00,4.670359790401736433e+00,2.369990306854294565e-04
3.850000000000002864e-01,-7.780964805328296485e-01,-6.515519123918035449e-01,-4.034627097426716880e+00,4.695059518075453298e+00,2.376162156599320068e-04
3.860000000000002873e-01,-7.821163895472861283e-01,-6.468445792592670829e-01,-4.005166773547030878e+00,4.719576167185261184e+00,2.382334006344248535e-04
3.870000000000002882e-01,-7.861067659524224593e-01,-6.421128213502830251e-01,-3.975562067566878355e+00,4.743908938298460498e+00,2.388505856089079965e-04
3.880000000000002891e-01,-7.900674659330908511e-01,-6.373568229397326146e-01,-3.945814113999674966e+00,4.768057038779308421e+00,2.394677705833814089e-04
3.890000000000002900e-01,-7.939983468104748754e-01,-6.325767690917312169e-01,-3.915924050988261573e+00,4.792019682796335722e+00,2.400849555578450634e-04
3.900000000000002909e-01,-7.978992670456998004e-01,-6.277728456528206546e-01,-3.885893020266975029e+00,4.815796091329487716e+00,2.407021405322989330e-04
3.910000000000002918e-01,-8.017700862434050668e-01,-6.229452392451541032e-01,-3.855722167123846855e+00,4.839385492177102677e+00,2.413193255067430177e-04
3.920000000000002927e-01,-8.056106651552795705e-01,-6.180941372596744365e-01,-3.825412640362933381e+00,4.862787119962723281e+00,2.419365104811772632e-04
3.930000000000002935e-01,-8.094208656835584215e-01,-6.132197278492854675e-01,-3.794965592266773324e+00,4.886000216141749952e+00,2.425536954556016425e-04
3.940000000000002944e-01,-8.132005508844829533e-01,-6.083221999220169707e-01,-3.764382178558975944e+00,4.909024029007929002e+00,2.431708804300161556e-04
3.950000000000002953e-01,-8.169495849717230973e-01,-6.034017431341833770e-01,-3.733663558366937973e+00,4.931857813699690674e+00,2.437880654044207482e-04
3.960000000000002962e-01,-8.206678333197626740e-01,-5.984585478835354744e-01,-3.702810894184689339e+00,4.954500832206327310e+00,2.444052503788153932e-04
3.970000000000002971e-01,-8.243551624672473821e-01,-5.934928053024070005e-01,-3.671825351835868556e+00,4.976952353374024085e+00,2.450224353532001178e-04
3.980000000000002980e-01,-8.280114401202959273e-01,-5.885047072508545751e-01,-3.640708100436825134e+00,4.999211652911740522e+00,2.456396203275748678e-04
3.990000000000002989e-01,-8.316365351557745145e-01,-5.834944463097920808e-01,-3.609460312359853429e+00,5.021278013396941020e+00,2.462568053019395888e-04
4.000000000000002998e-01,-8.352303176245341465e-01,-5.784622157741192705e-01,-3.578083163196552174e+00,5.043150724281187713e+00,2.468739902762942810e-04
4.010000000000003006e-01,-8.387926587546120638e-01,-5.734082096458450462e-01,-3.546577831721313245e+00,5.064829081895586782e+00,2.474911752506388902e-04
4.020000000000003015e-01,-8.423234309543959908e-01,-5.683326226272052972e-01,-3.514945499854936983e+00,5.086312389456096206e+00,2.481083602249734162e-04
4.030000000000003024e-01,-8.458225078157526333e-01,-5.632356501137752991e-01,-3.483187352628376754e+00,5.107599957068701180e+00,2.487255451992978592e-04
4.040000000000003033e-01,-8.492897641171196499e-01,-5.581174881875771154e-01,-3.451304578146608737e+00,5.128691101734449198e+00,2.493427301736121648e-04
4.050000000000003042e-01,-8.527250758265616515e-01,-5.529783336101824487e-01,-3.419298367552629614e+00,5.149585147354356351e+00,2.499599151479163332e-04
4.060000000000003051e-01,-8.561283201047902303e-01,-5.478183838158097174e-01,-3.387169914991579933e+00,5.170281424734183062e+00,2.505771001222103101e-04
4.070000000000003060e-01,-8.594993753081484611e-01,-5.426378369044174699e-01,-3.354920417574992708e+00,5.190779271589085475e+00,2.511942850964940413e-04
4.080000000000003069e-01,-8.628381209915590988e-01,-5.374368916347923575e-01,-3.322551075345168137e+00,5.211078032548136285e+00,2.518114700707675810e-04
4.090000000000003078e-01,-8.661444379114380254e-01,-5.322157474176333336e-01,-3.290063091239672666e+00,5.231177059158729215e+00,2.524286550450308207e-04
4.100000000000003086e-01,-8.694182080285713932e-01,-5.269746043086308562e-01,-3.257457671055962845e+00,5.251075709890858256e+00,2.530458400192838147e-04
4.110000000000003095e-01,-8.726593145109581284e-01,-5.217136630015424270e-01,-3.224736023416131303e+00,5.270773350141280567e+00,2.536630249935264547e-04
4.120000000000003104e-01,-8.758676417366169087e-01,-5.164331248212636893e-01,-3.191899359731778851e+00,5.290269352237566558e+00,2.542802099677587946e-04
4.130000000000003113e-01,-8.790430752963580563e-01,-5.111331917168956407e-01,-3.158948894169005595e+00,5.309563095442030090e+00,2.548973949419807805e-04
4.140000000000003122e-01,-8.821855019965210154e-01,-5.058140662548080702e-01,-3.125885843613526394e+00,5.328653965955555627e+00,2.555145799161923580e-04
4.150000000000003131e-01,-8.852948098616759687e-01,-5.004759516116989992e-01,-3.092711427635907118e+00,5.347541356921307276e+00,2.561317648903935272e-04
4.160000000000003140e-01,-8.883708881372917032e-01,-4.951190515676506809e-01,-3.059426868456921245e+00,5.366224668428338340e+00,2.567489498645842880e-04
4.170000000000003149e-01,-8.914136272923686155e-01,-4.897435704991818795e-01,-3.026033390913025034e+00,5.384703307515092519e+00,2.573661348387645863e-04
4.180000000000003157e-01,-8.944229190220370773e-01,-4.843497133722967640e-01,-2.992532222421954380e+00,5.402976688172802966e+00,2.579833198129343678e-04
4.190000000000003166e-01,-8.973986562501212738e-01,-4.789376857355304717e-01,-2.958924592948438459e+00,5.421044231348790987e+00,2.586005047870936326e-04
4.200000000000003175e-01,-9.003407331316696238e-01,-4.735076937129915620e-01,-2.925211734970031063e+00,5.438905364949665255e+00,2.592176897612423806e-04
4.210000000000003184e-01,-9.032490450554503392e-01,-4.680599439974009179e-01,-2.891394883443059172e+00,5.456559523844427773e+00,2.598348747353805576e-04
4.220000000000003193e-01,-9.061234886464130112e-01,-4.625946438431280394e-01,-2.857475275768686540e+00,5.474006149867483018e+00,2.604520597095081637e-04
4.230000000000003202e-01,-9.089639617681168904e-01,-4.571120010592241156e-01,-2.823454151759094533e+00,5.491244691821553836e+00,2.610692446836251446e-04
4.240000000000003211e-01,-9.117703635251247496e-01,-4.516122240024522116e-01,-2.789332753603774862e+00,5.508274605480509400e+00,2.616864296577315003e-04
4.250000000000003220e-01,-9.145425942653635509e-01,-4.460955215703148458e-01,-2.755112325835936904e+00,5.525095353592105241e+00,2.623036146318271766e-04
4.260000000000003229e-01,-9.172805555824513624e-01,-4.405621031940786803e-01,-2.720794115299028260e+00,5.541706405880633568e+00,2.629207996059121735e-04
4.270000000000003237e-01,-9.199841503179909674e-01,-4.350121788317968252e-01,-2.686379371113364556e+00,5.558107239049492776e+00,2.635379845799864368e-04
4.280000000000003246e-01,-9.226532825638299462e-01,-4.294459589613283113e-01,-2.651869344642872495e+00,5.574297336783672563e+00,2.641551695540499665e-04
4.290000000000003255e-01,-9.252878576642878938e-01,-4.238636545733554528e-01,-2.617265289461940370e+00,5.590276189752160008e+00,2.647723545281027626e-04
4.300000000000003264e-01,-9.278877822183501101e-01,-4.182654771643985470e-01,-2.582568461322378717e+00,5.606043295610263932e+00,2.653895395021447709e-04
4.310000000000003273e-01,-9.304529640818288705e-01,-4.126516387298285182e-01,-2.547780118120487991e+00,5.621598159001867323e+00,2.660067244761759372e-04
4.320000000000003282e-01,-9.329833123694911690e-01,-4.070223517568771765e-01,-2.512901519864232380e+00,5.636940291561598926e+00,2.666239094501963156e-04
4.330000000000003291e-01,-9.354787374571541525e-01,-4.013778292176455320e-01,-2.477933928640520644e+00,5.652069211916937341e+00,2.672410944242057979e-04
4.340000000000003300e-01,-9.379391509837479157e-01,-3.957182845621097234e-01,-2.442878608582589095e+00,5.666984445690238736e+00,2.678582793982043839e-04
4.350000000000003308e-01,-9.403644658533453216e-01,-3.900439317111253912e-01,-2.407736825837489825e+00,5.681685525500697942e+00,2.684754643721920736e-04
4.360000000000003317e-01,-9.427545962371595145e-01,-3.843549850494296649e-01,-2.372509848533680632e+00,5.696171990966242049e+00,2.690926493461688130e-04
4.370000000000003326e-01,-9.451094575755095706e-01,-3.786516594186417062e-01,-2.337198946748715755e+00,5.710443388705354728e+00,2.697098343201346018e-04
4.380000000000003335e-01,-9.474289665797531734e-01,-3.729341701102611428e-01,-2.301805392477037415e+00,5.724499272338840150e+00,2.703270192940893861e-04
4.390000000000003344e-01,-9.497130412341875383e-01,-3.672027328586648931e-01,-2.266330459597865055e+00,5.738339202491518520e+00,2.709442042680331657e-04
4.400000000000003353e-01,-9.519616007979180283e-01,-3.614575638341024355e-01,-2.230775423843183169e+00,5.751962746793866543e+00,2.715613892419658864e-04
4.410000000000003362e-01,-9.541745658066951297e-01,-3.556988796356892468e-01,-2.195141562765824172e+00,5.765369479883594828e+00,2.721785742158875482e-04
4.420000000000003371e-01,-9.563518580747193409e-01,-3.499268972843987968e-01,-2.159430155707648957e+00,5.778558983407166671e+00,2.727957591897981512e-04
4.430000000000003380e-01,-9.584934006964143105e-01,-3.441418342160531552e-01,-2.123642483767818945e+00,5.791530846021263557e+00,2.734129441636976411e-04
4.440000000000003388e-01,-9.605991180481683323e-01,-3.383439082743120441e-01,-2.087779829771161388e+00,5.804284663394192023e+00,2.740301291375859638e-04
4.450000000000003397e-01,-9.626689357900440891e-01,-3.325333377036603921e-01,-2.051843478236627938e+00,5.816820038207240806e+00,2.746473141114631191e-04
4.460000000000003406e-01,-9.647027808674574212e-01,-3.267103411423948889e-01,-2.015834715345840689e+00,5.829136580155982905e+00,2.752644990853291072e-04
4.470000000000003415e-01,-9.667005815128237867e-01,-3.208751376156089852e-01,-1.979754828911729270e+00,5.841233905951529692e+00,2.758816840591838738e-04
4.480000000000003424e-01,-9.686622672471744133e-01,-3.150279465281767277e-01,-1.943605108347254085e+00,5.853111639321733506e+00,2.764988690330274189e-04
4.490000000000003433e-01,-9.705877688817402538e-01,-3.091689876577354279e-01,-1.907386844634216594e+00,5.864769411012346723e+00,2.771160540068596883e-04
4.500000000000003442e-01,-9.724770185195057426e-01,-3.032984811476672204e-01,-1.871101330292154197e+00,5.876206858788129317e+00,2.777332389806806820e-04
4.510000000000003451e-01,-9.743299495567308011e-01,-2.974166475000796228e-01,-1.834749859347319045e+00,5.887423627433918227e+00,2.783504239544903457e-04
4.520000000000003459e-01,-9.761464966844418667e-01,-2.915237075687847623e-01,-1.798333727301737683e+00,5.898419368755646985e+00,2.789676089282886796e-04
4.530000000000003468e-01,-9.779265958898925026e-01,-2.856198825522779372e-01,-1.761854231102353507e+00,5.909193741581327153e+00,2.795847939020756293e-04
4.540000000000003477e-01,-9.796701844579929208e-01,-2.797053939867149563e-01,-1.725312669110246944e+00,5.919746411761987126e+00,2.802019788758511949e-04
4.550000000000003486e-01,-9.813772009727087520e-01,-2.737804637388887019e-01,-1.688710341069934229e+00,5.930077052172571861e+00,2.808191638496153222e-04
4.560000000000003495e-01,-9.830475853184288404e-01,-2.678453139992048593e-01,-1.652048548078742796e+00,5.940185342712807071e+00,2.814363488233680112e-04
4.570000000000003504e-01,-9.846812786813032847e-01,-2.619001672746565923e-01,-1.615328592556261267e+00,5.950070970308022567e+00,2.820535337971092618e-04
4.580000000000003513e-01,-9.862782235505500594e-01,-2.559452463817986079e-01,-1.578551778213864054e+00,5.959733628909939185e+00,2.826707187708390199e-04
4.590000000000003522e-01,-9.878383637197317713e-01,-2.499807744397204157e-01,-1.541719410024307013e+00,5.969173019497425514e+00,2.832879037445572312e-04
4.600000000000003531e-01,-9.893616442880018846e-01,-2.440069748630187552e-01,-1.504832794191394596e+00,5.978388850077219097e+00,2.839050887182639499e-04
4.610000000000003539e-01,-9.908480116613205269e-01,-2.380240713547694120e-01,-1.467893238119716059e+00,5.987380835684612990e+00,2.845222736919590678e-04
4.620000000000003548e-01,-9.922974135536402063e-01,-2.320322878994983129e-01,-1.430902050384448954e+00,5.996148698384113906e+00,2.851394586656425846e-04
4.630000000000003557e-01,-9.937097989880613325e-01,-2.260318487561520373e-01,-1.393860540701229667e+00,6.004692167270067493e+00,2.857566436393145005e-04
4.640000000000003566e-01,-9.950851182979577603e-01,-2.200229784510676079e-01,-1.356770019896087920e+00,6.013010978467259626e+00,2.863738286129747612e-04
4.650000000000003575e-01,-9.964233231280719139e-01,-2.140059017709418643e-01,-1.319631799875444766e+00,6.021104875131482181e+00,2.869910135866233667e-04
4.660000000000003584e-01,-9.977243664355804897e-01,-2.079808437558000600e-01,-1.282447193596172319e+00,6.028973607450076599e+00,2.876081985602602629e-04
4.670000000000003593e-01,-9.989882024911297398e-01,-2.019480296919641538e-01,-1.245217515035712985e+00,6.036616932642450806e+00,2.882253835338854497e-04
4.680000000000003602e-01,-1.000214786879841222e+00,-1.959076851050204349e-01,-1.207944079162258211e+00,6.044034614960570373e+00,2.888425685074989271e-04
4.690000000000003610e-01,-1.001404076502287799e+00,-1.898600357527867599e-01,-1.170628201904983179e+00,6.051226425689423039e+00,2.894597534811005866e-04
4.700000000000003619e-01,-1.002556029575439434e+00,-1.838053076182793177e-01,-1.133271200124337907e+00,6.058192143147464570e+00,2.900769384546904826e-04
4.710000000000003628e-01,-1.003670605633580015e+00,-1.777437269026789224e-01,-1.095874391582390972e+00,6.064931552687037097e+00,2.906941234282685608e-04
4.720000000000003637e-01,-1.004747765529193648e+00,-1.716755200182969454e-01,-1.058439094913226297e+00,6.071444446694767905e+00,2.913113084018347670e-04
4.730000000000003646e-01,-1.005787471433822633e+00,-1.656009135815408040e-01,-1.020966629593390351e+00,6.077730624591949571e+00,2.919284933753891554e-04
4.740000000000003655e-01,-1.006789686838894360e+00,-1.595201344058791437e-01,-9.834583159123880813e-01,6.083789892834895241e+00,2.925456783489316175e-04
4.750000000000003664e-01,-1.007754376556520004e+00,-1.534334094948066884e-01,-9.459154749432264753e-01,6.089622064915277910e+00,2.931628633224621534e-04
4.760000000000003673e-01,-1.008681506720263465e+00,-1.473409660348086181e-01,-9.083394285130036439e-01,6.095226961360450169e+00,2.937800482959807631e-04
4.770000000000003681e-01,-1.009571044785880556e+00,-1.412430313883248079e-01,-8.707314991735423115e-01,6.100604409733745292e+00,2.943972332694873924e-04
4.780000000000003690e-01,-1.010422959532028875e+00,-1.351398330867137065e-01,-8.330930101720654957e-01,6.105754244634761463e+00,2.950144182429820412e-04
4.790000000000003699e-01,-1.011237221060948599e+00,-1.290315988232159372e-01,-7.954252854219132640e-01,6.110676307699630883e+00,2.956316032164646554e-04
4.800000000000003708e-01,-1.012013800799114405e+00,-1.229185564459175650e-01,-7.577296494732981280e-01,6.115370447601270243e+00,2.962487881899352350e-04
4.810000000000003717e-01,-1.012752671497857415e+00,-1.168009339507132954e-01,-7.200074274840986277e-01,6.119836520049617867e+00,2.968659731633937256e-04
4.820000000000003726e-01,-1.013453807233958059e+00,-1.106789594742692701e-01,-6.822599451906885548e-01,6.124074387791853091e+00,2.974831581368401275e-04
4.830000000000003735e-01,-1.014117183410210732e+00,-1.045528612869857377e-01,-6.444885288787997046e-01,6.128083920612606761e+00,2.981003431102744405e-04
4.840000000000003744e-01,-1.014742776755957587e+00,-9.842286778595953078e-02,-6.066945053544182676e-01,6.131864995334153079e+00,2.987175280836966104e-04
4.850000000000003753e-01,-1.015330565327595025e+00,-9.228920748794629259e-02,-5.688792019147110857e-01,6.135417495816589017e+00,2.993347130571065830e-04
4.860000000000003761e-01,-1.015880528509049974e+00,-8.615210902232259271e-02,-5.310439463189813303e-01,6.138741312958003959e+00,2.999518980305043584e-04
4.870000000000003770e-01,-1.016392647012227979e+00,-8.001180112404784883e-02,-4.931900667596518240e-01,6.141836344694631578e+00,3.005690830038899365e-04
4.880000000000003779e-01,-1.016866902877431089e+00,-7.386851262662612327e-02,-4.553188918332738977e-01,6.144702496000994607e+00,3.011862679772632631e-04
4.890000000000003788e-01,-1.017303279473747990e+00,-6.772247245506773927e-02,-4.174317505115603399e-01,6.147339678890038961e+00,3.018034529506242840e-04
4.900000000000003797e-01,-1.017701761499414825e+00,-6.157390961885081393e-02,-3.795299721124406611e-01,6.149747812413249193e+00,3.024206379239730534e-04
4.910000000000003806e-01,-1.018062334982146488e+00,-5.542305320488268017e-02,-3.416148862711370082e-01,6.151926822660761296e+00,3.030378228973094629e-04
4.920000000000003815e-01,-1.018384987279439713e+00,-4.927013237046114907e-02,-3.036878229112590644e-01,6.153876642761460403e+00,3.036550078706335668e-04
4.930000000000003824e-01,-1.018669707078847075e+00,-4.311537633623575144e-02,-2.657501122159161011e-01,6.155597212883070490e+00,3.042721928439452565e-04
4.940000000000003832e-01,-1.018916484398221911e+00,-3.695901437916882665e-02,-2.278030845988445741e-01,6.157088480232231653e+00,3.048893778172445863e-04
4.950000000000003841e-01,-1.019125310585934807e+00,-3.080127582549659765e-02,-1.898480706755494296e-01,6.158350399054570268e+00,3.055065627905315020e-04
4.960000000000003850e-01,-1.019296178321060342e+00,-2.464239004369013497e-02,-1.518864012344576242e-01,6.159382930634757614e+00,3.061237477638059493e-04
4.970000000000003859e-01,-1.019429081613536292e+00,-1.848258643741629986e-02,-1.139194072080818021e-01,6.160186043296559610e+00,3.067409327370679284e-04
4.980000000000003868e-01,-1.019524015804292860e+00,-1.232209443849862154e-02,-7.594841964419278557e-02,6.160759712402877675e+00,3.073581177103173849e-04
4.990000000000003877e-01,-1.019580977565353708e+00,-6.161143499878143220e-03,-3.797476967699887213e-02,6.161103920355779806e+00,3.079753026835543189e-04
5.000000000000003331e-01,-1.019599964899907674e+00,3.691142574924199948e-08,2.115016697126770318e-07,6.161218656596523680e+00,3.085924876567787303e-04
5.010000000000003340e-01,-1.019580977142352518e+00,6.161217321354529007e-03,3.797519267117288599e-02,6.161103917605569968e+00,3.092096726299905650e-04
5.020000000000003348e-01,-1.019524014958308911e+00,1.232216825584973342e-02,7.594884261087103683e-02,6.160759706902585009e+00,3.098268576031898230e-04
5.030000000000003357e-01,-1.019429080344606220e+00,1.848266024789217005e-02,1.139198301289353621e-01,6.160186035046439912e+00,3.104440425763764499e-04
5.040000000000003366e-01,-1.019296176629238992e+00,2.464246384454111052e-02,1.518868240911599166e-01,6.159382919635193687e+00,3.110612275495503918e-04
5.050000000000003375e-01,-1.019125308471295677e+00,3.080134961397347493e-02,1.898484934497771670e-01,6.158350385306071928e+00,3.116784125227117026e-04
5.060000000000003384e-01,-1.018916481860856704e+00,3.695908815252297447e-02,2.278035072722786325e-01,6.157088463735436612e+00,3.122955974958602741e-04
5.070000000000003393e-01,-1.018669704118865704e+00,4.311545009171924292e-02,2.657505347702425191e-01,6.155597193638744358e+00,3.129127824689961605e-04
5.080000000000003402e-01,-1.018384983896970519e+00,4.927020610532688305e-02,3.036882453281699590e-01,6.153876620770496686e+00,3.135299674421193074e-04
5.090000000000003411e-01,-1.018062331177336022e+00,5.542312691638451305e-02,3.416153085323315186e-01,6.151926797924179624e+00,3.141471524152296608e-04
5.100000000000003419e-01,-1.017701757272428065e+00,6.157398330424369154e-02,3.795303941996259200e-01,6.149747784932197980e+00,3.147643373883272206e-04
5.110000000000003428e-01,-1.017303274824767900e+00,6.772254611160781479e-02,4.174321724064523620e-01,6.147339648665792744e+00,3.153815223614119326e-04
5.120000000000003437e-01,-1.016866897806659065e+00,7.386858625157088909e-02,4.553193135175985229e-01,6.144702463034955819e+00,3.159987073344837968e-04
5.130000000000003446e-01,-1.016392641519883844e+00,8.001187471465626144e-02,4.931904882151456060e-01,6.141836308988328774e+00,3.166158923075428132e-04
5.140000000000003455e-01,-1.015880522595371760e+00,8.615218257585519068e-02,5.310443675273925912e-01,6.138741274513094481e+00,3.172330772805889276e-04
5.150000000000003464e-01,-1.015330558992838750e+00,9.228928100166534920e-02,5.688796228578008041e-01,6.135417454634856327e+00,3.178502622536220857e-04
5.160000000000003473e-01,-1.014742770000397698e+00,9.842294125712916508e-02,6.066949260139609112e-01,6.131864951417506759e+00,3.184674472266422877e-04
5.170000000000003482e-01,-1.014117176234139883e+00,1.045529347128720393e-01,6.444889492365841743e-01,6.128083873963083406e+00,3.190846321996495334e-04
5.180000000000003491e-01,-1.013453799637687114e+00,1.106790328521404243e-01,6.822603652285192943e-01,6.124074338411616303e+00,3.197018171726437688e-04
5.190000000000003499e-01,-1.012752663481715443e+00,1.168010072778397218e-01,7.200078471837964011e-01,6.119836467940958258e+00,3.203190021456249936e-04
5.200000000000003508e-01,-1.012013792363448683e+00,1.229186297195720423e-01,7.577300688167009080e-01,6.115370392766604546e+00,3.209361871185931539e-04
5.210000000000003517e-01,-1.011237212206124392e+00,1.290316720406737006e-01,7.954257043908772307e-01,6.110676250141501065e+00,3.215533720915482495e-04
5.220000000000003526e-01,-1.010422950258429653e+00,1.351399062452526278e-01,8.330934287484660361e-01,6.105754184355836500e+00,3.221705570644902263e-04
5.230000000000003535e-01,-1.009571035093907998e+00,1.412431044852254514e-01,8.707319173392747969e-01,6.100604346736820283e+00,3.227877420374190842e-04
5.240000000000003544e-01,-1.008681496610337236e+00,1.473410390673544346e-01,9.083398462499844284e-01,6.095226895648445442e+00,3.234049270103348233e-04
5.250000000000003553e-01,-1.007754366029077753e+00,1.534334824602841263e-01,9.459158922333938957e-01,6.089621996491239919e+00,3.240221119832373893e-04
5.260000000000003562e-01,-1.006789675894391944e+00,1.595202073015777322e-01,9.834587327377032340e-01,6.083789821701994782e+00,3.246392969561267281e-04
5.270000000000003570e-01,-1.005787460072734119e+00,1.656009864047532920e-01,1.020967045935837980e+00,6.077730550753483563e+00,3.252564819290028396e-04
5.280000000000003579e-01,-1.004747753752010864e+00,1.716755927663194958e-01,1.058439510754815904e+00,6.071444370154158499e+00,3.258736669018657238e-04
5.290000000000003588e-01,-1.003670593440812775e+00,1.777437995728111397e-01,1.095874806905157595e+00,6.064931473447830790e+00,3.264908518747153265e-04
5.300000000000003597e-01,-1.002556016967615538e+00,1.838053802078244148e-01,1.133271614910343228e+00,6.058192061213333979e+00,3.271080368475515936e-04
5.310000000000003606e-01,-1.001404063479952811e+00,1.898601082590516964e-01,1.170628616136315969e+00,6.051226341064163350e+00,3.277252218203745792e-04
5.320000000000003615e-01,-1.000214773443558913e+00,1.959077575253160286e-01,1.207944492821035665e+00,6.044034527648102006e+00,3.283424067931841749e-04
5.330000000000003624e-01,-9.989881886414815337e-01,2.019481020236052193e-01,1.245217928104081828e+00,6.036616842646818526e+00,3.289595917659804349e-04
5.340000000000003633e-01,-9.977243521731656850e-01,2.079809159961055198e-01,1.282447606056309253e+00,6.028973514775447740e+00,3.295767767387632508e-04
5.350000000000003642e-01,-9.964233084535076834e-01,2.140059739172348319e-01,1.319632211709557357e+00,6.021104779782149308e+00,3.301939617115326768e-04
5.360000000000003650e-01,-9.950851032118790407e-01,2.200230505006755821e-01,1.356770431086415707e+00,6.013010880447637874e+00,3.308111466842886044e-04
5.370000000000003659e-01,-9.937097834911208238e-01,2.260319207064069580e-01,1.393860951230045053e+00,6.004692066584694565e+00,3.314283316570310880e-04
5.380000000000003668e-01,-9.922973976465082613e-01,2.320323597477367550e-01,1.430902460234058093e+00,5.996148595037650075e+00,3.320455166297600733e-04
5.390000000000003677e-01,-9.908479953446851507e-01,2.380241430983326689e-01,1.467893647272459745e+00,5.987380729681841984e+00,3.326627016024755060e-04
5.400000000000003686e-01,-9.893616275625688461e-01,2.440070464992529498e-01,1.504833202629649147e+00,5.978388741423046326e+00,3.332798865751773862e-04
5.410000000000003695e-01,-9.878383465862242696e-01,2.499808459659766391e-01,1.541719817730485165e+00,5.969172908196878957e+00,3.338970715478657139e-04
5.420000000000003704e-01,-9.862782060097089465e-01,2.559453177954330583e-01,1.578552185170416067e+00,5.959733514968167611e+00,3.345142565205404348e-04
5.430000000000003713e-01,-9.846812607338869539e-01,2.619002385730306304e-01,1.615328998745675371e+00,5.950070853730297316e+00,3.351314414932014948e-04
5.440000000000003721e-01,-9.830475669652132265e-01,2.678453851796852581e-01,1.652048953483546301e+00,5.940185223504520273e+00,3.357486264658488938e-04
5.450000000000003730e-01,-9.813771822144871093e-01,2.737805347988476190e-01,1.688710745672694635e+00,5.930076930339235552e+00,3.363658114384826319e-04
5.460000000000003739e-01,-9.796701652955760453e-01,2.797054649235301560e-01,1.725313072893572386e+00,5.919746287309235022e+00,3.369829964111026549e-04
5.470000000000003748e-01,-9.779265763241083986e-01,2.856199533633328458e-01,1.761854634048894086e+00,5.909193614514912873e+00,3.376001813837089627e-04
5.480000000000003757e-01,-9.761464767161360800e-01,2.915237782514686349e-01,1.798334129394185910e+00,5.898419239081444054e+00,3.382173663563015011e-04
5.490000000000003766e-01,-9.743299291867660861e-01,2.974167180517876541e-01,1.834750260568410951e+00,5.887423495157919184e+00,3.388345513288802701e-04
5.500000000000003775e-01,-9.724769977487620620e-01,3.032985515658006559e-01,1.871101730624670445e+00,5.876206723916445718e+00,3.394517363014452698e-04
5.510000000000003784e-01,-9.705877477111147789e-01,3.091690579397016747e-01,1.907387244060982923e+00,5.864769273551209139e+00,3.400689212739963917e-04
5.520000000000003793e-01,-9.686622456775814127e-01,3.150280166713895214e-01,1.943605506851142417e+00,5.853111499277492413e+00,3.406861062465336900e-04
5.530000000000003801e-01,-9.667005595451947375e-01,3.208752076174884449e-01,1.979755226475658381e+00,5.841233763330651918e+00,3.413032912190571105e-04
5.540000000000003810e-01,-9.647027585027407870e-01,3.267104110003676842e-01,2.015835111952777314e+00,5.829136434965053404e+00,3.419204761915665990e-04
5.550000000000003819e-01,-9.626689130292054308e-01,3.325334074151597430e-01,2.051843873869587220e+00,5.816819890452961772e+00,3.425376611640621556e-04
5.560000000000003828e-01,-9.605990948921899752e-01,3.383439778367780537e-01,2.087780224413207986e+00,5.804284513083382890e+00,3.431548461365437801e-04
5.570000000000003837e-01,-9.584933771462956775e-01,3.441419036269327547e-01,2.123642877402068141e+00,5.791530693160860110e+00,3.437720311090114184e-04
5.580000000000003846e-01,-9.563518341314766191e-01,3.499269665411458563e-01,2.159430548317267551e+00,5.778558828004221937e+00,3.443892160814650705e-04
5.590000000000003855e-01,-9.541745414713613815e-01,3.556989487357647972e-01,2.195141954334030476e+00,5.765369321945276404e+00,3.450064010539046822e-04
5.600000000000003864e-01,-9.519615760715430808e-01,3.614576327749747797e-01,2.230775814353248787e+00,5.751962586327458382e+00,3.456235860263302535e-04
5.610000000000003872e-01,-9.497130161178378716e-01,3.672028016378096060e-01,2.266330849033115324e+00,5.738339039504419148e+00,3.462407709987417302e-04
5.620000000000003881e-01,-9.474289410745119211e-01,3.729342387251612378e-01,2.301805780820851854e+00,5.724499106838562668e+00,3.468579559711391122e-04
5.630000000000003890e-01,-9.451094316824764086e-01,3.786517278667878572e-01,2.337199333984529837e+00,5.710443220699525924e+00,3.474751409435223454e-04
5.640000000000003899e-01,-9.427545699574506610e-01,3.843550533283201509e-01,2.372510234644985783e+00,5.696171820462602398e+00,3.480923259158914297e-04
5.650000000000003908e-01,-9.403644391880935371e-01,3.900439998182663182e-01,2.407737210807835204e+00,5.681685352507101605e+00,3.487095108882463110e-04
5.660000000000003917e-01,-9.379391239341023923e-01,3.957183524950151354e-01,2.442878992395581150e+00,5.666984270214652675e+00,3.493266958605869893e-04
5.670000000000003926e-01,-9.354787100242804021e-01,4.013778969738374114e-01,2.477934311279824442e+00,5.652069033967441314e+00,3.499438808329134102e-04
5.680000000000003935e-01,-9.329832845545710240e-01,4.070224193338857210e-01,2.512901901313572939e+00,5.636940111146384602e+00,3.505610658052255740e-04
5.690000000000003944e-01,-9.304529358860604837e-01,4.126517061251921414e-01,2.547780498363650281e+00,5.621597976129236507e+00,3.511782507775234805e-04
5.700000000000003952e-01,-9.278877536429477324e-01,4.182655443756640445e-01,2.582568840343208993e+00,5.606043110288630338e+00,3.517954357498070755e-04
5.710000000000003961e-01,-9.252878287104818744e-01,4.238637215980780582e-01,2.617265667244347060e+00,5.590276001990047483e+00,3.524126207220763590e-04
5.720000000000003970e-01,-9.226532532328667324e-01,4.294460257970718620e-01,2.651869721170826644e+00,5.574297146589715979e+00,3.530298056943312768e-04
5.730000000000003979e-01,-9.199841206111329939e-01,4.350122454761338187e-01,2.686379746370901156e+00,5.558107046432435361e+00,3.536469906665718290e-04
5.740000000000003988e-01,-9.172805255009769398e-01,4.405621696445904401e-01,2.720794489270245808e+00,5.541706210849328684e+00,3.542641756387979613e-04
5.750000000000003997e-01,-9.145425638105669774e-01,4.460955878245915773e-01,2.755112698504999624e+00,5.525095156155513720e+00,3.548813606110096195e-04
5.760000000000004006e-01,-9.117703326983160883e-01,4.516122900580931687e-01,2.789333124954912702e+00,5.508274405647700434e+00,3.554985455832068578e-04
5.770000000000004015e-01,-9.089639305706218586e-01,4.571120669138376558e-01,2.823454521776604498e+00,5.491244489601704082e+00,3.561157305553896220e-04
5.780000000000004023e-01,-9.061234570795730914e-01,4.625947094943317350e-01,2.857475644436932694e+00,5.474005945269875717e+00,3.567329155275578579e-04
5.790000000000004032e-01,-9.032490131206225570e-01,4.680600094428216673e-01,2.891395250746473966e+00,5.456559316878453636e+00,3.573501004997115655e-04
5.800000000000004041e-01,-9.003407008302266590e-01,4.735077589502657558e-01,2.925212100893116229e+00,5.438905155624818910e+00,3.579672854718506905e-04
5.810000000000004050e-01,-8.973986235834510161e-01,4.789377507623040486e-01,2.958924957475765005e+00,5.421044019674674530e+00,3.585844704439752331e-04
5.820000000000004059e-01,-8.944228859915430707e-01,4.843497781862252660e-01,2.992532585538163925e+00,5.402976474159122411e+00,3.592016554160851931e-04
5.830000000000004068e-01,-8.914135938994697250e-01,4.897436350979306741e-01,3.026033752602830695e+00,5.384703091171657796e+00,3.598188403881805164e-04
5.840000000000004077e-01,-8.883708543834217819e-01,4.951191159488949611e-01,3.059427228705108526e+00,5.366224449765063298e+00,3.604360253602611488e-04
5.850000000000004086e-01,-8.852947757482841906e-01,5.004760157731238390e-01,3.092711786427333909e+00,5.347541135948209678e+00,3.610532103323270902e-04
5.860000000000004095e-01,-8.821854675250717648e-01,5.058141301941087020e-01,3.125886200933123860e+00,5.328653742682755379e+00,3.616703953043783407e-04
5.870000000000004103e-01,-8.790430404683307053e-01,5.111332554317774557e-01,3.158949250001779507e+00,5.309562869879749236e+00,3.622875802764148460e-04
5.880000000000004112e-01,-8.758676065535057065e-01,5.164331883094424036e-01,3.191899714062810034e+00,5.290269124396127509e+00,3.629047652484366062e-04
5.890000000000004121e-01,-8.726592789742723122e-01,5.217137262607440817e-01,3.224736376230576518e+00,5.270773120031107872e+00,3.635219502204435670e-04
5.900000000000004130e-01,-8.694181721398349660e-01,5.269746673365920397e-01,3.257458022339054349e+00,5.251075477522475943e+00,3.641391351924357284e-04
5.910000000000004139e-01,-8.661444016721896455e-01,5.322158102121010703e-01,3.290063440976720877e+00,5.231176824542761672e+00,3.647563201644130363e-04
5.920000000000004148e-01,-8.628380844033520791e-01,5.374369541935244410e-01,3.322551423521560299e+00,5.211077795695306492e+00,3.653735051363754907e-04
5.930000000000004157e-01,-8.594993383725506586e-01,5.426378992251823519e-01,3.354920764176195558e+00,5.190779032510214108e+00,3.659906901083230914e-04
5.940000000000004166e-01,-8.561282828233841569e-01,5.478184458963868408e-01,3.387170260003138811e+00,5.170281183440190276e+00,3.666078750802557844e-04
5.950000000000004174e-01,-8.527250382009441410e-01,5.529783954483622477e-01,3.419298710960170240e+00,5.149584903856258222e+00,3.672250600521735154e-04
5.960000000000004183e-01,-8.492897261489019689e-01,5.581175497811610153e-01,3.451304919935837656e+00,5.128690856043358615e+00,3.678422450240762843e-04
5.970000000000004192e-01,-8.458224695065601484e-01,5.632357114605758275e-01,3.483187692785081779e+00,5.107599709195826954e+00,3.684594299959640913e-04
5.980000000000004201e-01,-8.423233923058682793e-01,5.683326837250464170e-01,3.514945838364987640e+00,5.086312139412743072e+00,3.690766149678368821e-04
5.990000000000004210e-01,-8.387926197684028029e-01,5.734082704925619334e-01,3.546578168570662104e+00,5.064828829693152734e+00,3.696937999396946025e-04
6.000000000000004219e-01,-8.352302783023110022e-01,5.784622763675585366e-01,3.578083498371234850e+00,5.043150469931166668e+00,3.703109849115373067e-04
6.010000000000004228e-01,-8.316364954992191416e-01,5.834945066478118836e-01,3.609460645845989468e+00,5.021277756910918377e+00,3.709281698833648863e-04
6.020000000000004237e-01,-8.280114001311038585e-01,5.885047673313248406e-01,3.640708432220618906e+00,4.999211394301395828e+00,3.715453548551773412e-04
6.030000000000004245e-01,-8.243551221471276946e-01,5.934928651232092012e-01,3.671825681903610139e+00,4.976952092651128368e+00,3.721625398269746716e-04
6.040000000000004254e-01,-8.206677926704383230e-01,5.984586074425629620e-01,3.702811222522754520e+00,4.954500569382742192e+00,3.727797247987568773e-04
6.050000000000004263e-01,-8.169495439949304716e-01,6.034018024293414939e-01,3.733663884961789137e+00,4.931857548787370149e+00,3.733969097705238500e-04
6.060000000000004272e-01,-8.132005095819719864e-01,6.083222589512230494e-01,3.764382503397162960e+00,4.909023762018915882e+00,3.740140947422756438e-04
6.070000000000004281e-01,-8.094208240570925916e-01,6.132197866104687201e-01,3.794965915334933548e+00,4.885999947088176754e+00,3.746312797140122046e-04
6.080000000000004290e-01,-8.056106232066355677e-01,6.180941957507765094e-01,3.825412961647793431e+00,4.862786848856811339e+00,3.752484646857334781e-04
6.090000000000004299e-01,-8.017700439743727925e-01,6.229452974641288554e-01,3.855722486612222166e+00,4.839385219031161256e+00,3.758656496574394644e-04
6.100000000000004308e-01,-7.978992244580821458e-01,6.277729035976341576e-01,3.885893337945770742e+00,4.815795816155914011e+00,3.764828346291301635e-04
6.110000000000004317e-01,-7.939983039060880543e-01,6.325768267603619766e-01,3.915924366844473425e+00,4.792019405607612192e+00,3.771000196008055211e-04
6.120000000000004325e-01,-7.900674227137638450e-01,6.373568803301717933e-01,3.945814428020389286e+00,4.768056759588003679e+00,3.777172045724654830e-04
6.130000000000004334e-01,-7.861067224199971282e-01,6.421128784605344419e-01,3.975562379739273400e+00,4.743908657117228422e+00,3.783343895441100492e-04
6.140000000000004343e-01,-7.821163457036172106e-01,6.468446360873471024e-01,4.005167083858377275e+00,4.719575884026840917e+00,3.789515745157392198e-04
6.150000000000004352e-01,-7.780964363797845396e-01,6.515519689357414101e-01,4.034627405864377181e+00,4.695059232952665695e+00,3.795687594873529405e-04
6.160000000000004361e-01,-7.740471393963423985e-01,6.562346935268839054e-01,4.063942214911436146e+00,4.670359503327486728e+00,3.801859444589512113e-04
6.170000000000004370e-01,-7.699686008301301898e-01,6.608926271847692657e-01,4.093110383859388079e+00,4.645477501373559193e+00,3.808031294305339780e-04
6.180000000000004379e-01,-7.658609678832587475e-01,6.655255880430058779e-01,4.122130789312059562e+00,4.620414040094949826e+00,3.814203144021012406e-04
6.190000000000004388e-01,-7.617243888793470141e-01,6.701333950515939719e-01,4.151002311655713761e+00,4.595169939269698745e+00,3.820374993736529450e-04
6.200000000000004396e-01,-7.575590132597203041e-01,6.747158679836953166e-01,4.179723835097626683e+00,4.569746025441800086e+00,3.826546843451890910e-04
6.210000000000004405e-01,-7.533649915795701535e-01,6.792728274423954771e-01,4.208294247704791324e+00,4.544143131913003231e+00,3.832718693167096787e-04
6.220000000000004414e-01,-7.491424755040750894e-01,6.838040948674569686e-01,4.236712441442749721e+00,4.518362098734423959e+00,3.838890542882146539e-04
6.230000000000004423e-01,-7.448916178044825420e-01,6.883094925420645271e-01,4.264977312214553784e+00,4.492403772697969089e+00,3.845062392597039624e-04
6.240000000000004432e-01,-7.406125723541517880e-01,6.927888435995617211e-01,4.293087759899854916e+00,4.466269007327572815e+00,3.851234242311776042e-04
6.250000000000004441e-01,-7.363054941245579244e-01,6.972419720301781254e-01,4.321042688394118869e+00,4.439958662870234107e+00,3.857406092026355792e-04
6.260000000000004450e-01,-7.319705391812563189e-01,7.016687026877482802e-01,4.348841005647970270e+00,4.413473606286862250e+00,3.863577941740778334e-04
6.270000000000004459e-01,-7.276078646798075367e-01,7.060688612964204358e-01,4.376481623706661495e+00,4.386814711242918996e+00,3.869749791455043123e-04
6.280000000000004468e-01,-7.232176288616631865e-01,7.104422744573568593e-01,4.403963458749670323e+00,4.359982858098861769e+00,3.875921641169150704e-04
6.290000000000004476e-01,-7.187999910500116885e-01,7.147887696554234838e-01,4.431285431130421948e+00,4.332978933900380802e+00,3.882093490883099991e-04
6.300000000000004485e-01,-7.143551116455845174e-01,7.191081752658705639e-01,4.458446465416135318e+00,4.305803832368429340e+00,3.888265340596891526e-04
6.310000000000004494e-01,-7.098831521224224783e-01,7.234003205610026743e-01,4.485445490427795612e+00,4.278458453889042445e+00,3.894437190310524226e-04
6.320000000000004503e-01,-7.053842750236015702e-01,7.276650357168386041e-01,4.512281439280253714e+00,4.250943705502942649e+00,3.900609040023998633e-04
6.330000000000004512e-01,-7.008586439569194360e-01,7.319021518197608156e-01,4.538953249422442049e+00,4.223260500894928882e+00,3.906780889737313661e-04
6.340000000000004521e-01,-6.963064235905408461e-01,7.361115008731541343e-01,4.565459862677720970e+00,4.195409760383049580e+00,3.912952739450469854e-04
6.350000000000004530e-01,-6.917277796486032138e-01,7.402929158040333357e-01,4.591800225284341508e+00,4.167392410907548417e+00,3.919124589163466670e-04
6.360000000000004539e-01,-6.871228789067812537e-01,7.444462304696600752e-01,4.617973287936033344e+00,4.139209386019591541e+00,3.925296438876303565e-04
6.370000000000004547e-01,-6.824918891878113403e-01,7.485712796641476041e-01,4.643978005822710919e+00,4.110861625869763003e+00,3.931468288588980541e-04
6.380000000000004556e-01,-6.778349793569748982e-01,7.526678991250548290e-01,4.669813338671302105e+00,4.082350077196331917e+00,3.937640138301497597e-04
6.390000000000004565e-01,-6.731523193175407149e-01,7.567359255399676021e-01,4.695478250786693231e+00,4.053675693313285144e+00,3.943811988013854191e-04
6.400000000000004574e-01,-6.684440800061666188e-01,7.607751965530686888e-01,4.720971711092793122e+00,4.024839434098124613e+00,3.949983837726049780e-04
6.410000000000004583e-01,-6.637104333882599683e-01,7.647855507716947443e-01,4.746292693173714383e+00,3.995842265979426156e+00,3.956155687438084908e-04
6.420000000000004592e-01,-6.589515524532966184e-01,7.687668277728814115e-01,4.771440175315071919e+00,3.966685161924155434e+00,3.962327537149958490e-04
6.430000000000004601e-01,-6.541676112100989204e-01,7.727188681098952072e-01,4.796413140545394249e+00,3.937369101424738727e+00,3.968499386861670526e-04
6.440000000000004610e-01,-6.493587846820717546e-01,7.766415133187520858e-01,4.821210576677652071e+00,3.907895070485887246e+00,3.974671236573221016e-04
6.450000000000004619e-01,-6.445252489023975961e-01,7.805346059247234569e-01,4.845831476350896949e+00,3.878264061611170543e+00,3.980843086284609417e-04
6.460000000000004627e-01,-6.396671809091895033e-01,7.843979894488279925e-01,4.870274837072011920e+00,3.848477073789335900e+00,3.987014935995835730e-04
6.470000000000004636e-01,-6.347847587406020287e-01,7.882315084143097783e-01,4.894539661257576668e+00,3.818535112480371030e+00,3.993186785706899955e-04
6.480000000000004645e-01,-6.298781614299011622e-01,7.920350083531028096e-01,4.918624956275836624e+00,3.788439189601309209e+00,3.999358635417801550e-04
6.490000000000004654e-01,-6.249475690004909767e-01,7.958083358122804984e-01,4.942529734488786630e+00,3.758190323511769737e+00,4.005530485128539972e-04
6.500000000000004663e-01,-6.199931624608993053e-01,7.995513383604910818e-01,4.966253013294354091e+00,3.727789538999235042e+00,4.011702334839115222e-04
6.510000000000004672e-01,-6.150151237997204534e-01,8.032638645943780409e-01,4.989793815168694024e+00,3.697237867264058231e+00,4.017874184549526757e-04
6.520000000000004681e-01,-6.100136359805156117e-01,8.069457641449850893e-01,5.013151167708585376e+00,3.666536345904201522e+00,4.024046034259774578e-04
6.530000000000004690e-01,-6.049888829366714127e-01,8.105968876841465054e-01,5.036324103673932129e+00,3.635686018899698446e+00,4.030217883969858684e-04
6.540000000000004698e-01,-5.999410495662151899e-01,8.142170869308608117e-01,5.059311661030361229e+00,3.604687936596841169e+00,4.036389733679778533e-04
6.550000000000004707e-01,-5.948703217265879362e-01,8.178062146576494662e-01,5.082112882991927094e+00,3.573543155692085804e+00,4.042561583389534126e-04
6.560000000000004716e-01,-5.897768862293745196e-01,8.213641246968985676e-01,5.104726818063907601e+00,3.542252739215677515e+00,4.048733433099124921e-04
6.570000000000004725e-01,-5.846609308349912659e-01,8.248906719471844617e-01,5.127152520085702214e+00,3.510817756514987398e+00,4.054905282808550916e-04
6.580000000000004734e-01,-5.795226442473299100e-01,8.283857123795822508e-01,5.149389048273820713e+00,3.479239283237563374e+00,4.061077132517811571e-04
6.590000000000004743e-01,-5.743622161083592470e-01,8.318491030439576495e-01,5.171435467264968722e+00,3.447518401313887093e+00,4.067248982226906884e-04
6.600000000000004752e-01,-5.691798369926833745e-01,8.352807020752409661e-01,5.193290847159222956e+00,3.415656198939837740e+00,4.073420831935836315e-04
6.610000000000004761e-01,-5.639756984020564134e-01,8.386803686996836538e-01,5.214954263563296166e+00,3.383653770558857854e+00,4.079592681644599863e-04
6.620000000000004770e-01,-5.587499927598545968e-01,8.420479632410968751e-01,5.236424797633891792e+00,3.351512216843820280e+00,4.085764531353196986e-04
6.630000000000004778e-01,-5.535029134055041711e-01,8.453833471270716382e-01,5.257701536121142105e+00,3.319232644678589139e+00,4.091936381061627684e-04
6.640000000000004787e-01,-5.482346545888665545e-01,8.486863828951807243e-01,5.278783571412133391e+00,3.286816167139277933e+00,4.098108230769891957e-04
6.650000000000004796e-01,-5.429454114645793084e-01,8.519569341991609646e-01,5.299670001574512845e+00,3.254263903475195896e+00,4.104280080477989263e-04
6.660000000000004805e-01,-5.376353800863540311e-01,8.551948658150771987e-01,5.320359930400171855e+00,3.221576979089484372e+00,4.110451930185919059e-04
6.670000000000004814e-01,-5.323047574012299554e-01,8.584000436474660267e-01,5.340852467449013652e+00,3.188756525519437890e+00,4.116623779893681346e-04
6.680000000000004823e-01,-5.269537412437841351e-01,8.615723347354602435e-01,5.361146728092793801e+00,3.155803680416506385e+00,4.122795629601276124e-04
6.690000000000004832e-01,-5.215825303302977778e-01,8.647116072588926228e-01,5.381241833559034404e+00,3.122719587525978113e+00,4.128967479308702851e-04
6.700000000000004841e-01,-5.161913242528781698e-01,8.678177305443796063e-01,5.401136910975010252e+00,3.089505396666339276e+00,4.135139329015961526e-04
6.710000000000004849e-01,-5.107803234735371900e-01,8.708905750713838989e-01,5.420831093411807799e+00,3.056162263708306348e+00,4.141311178723051608e-04
6.720000000000004858e-01,-5.053497293182254158e-01,8.739300124782563017e-01,5.440323519928446316e+00,3.022691350553531109e+00,4.147483028429973097e-04
6.730000000000004867e-01,-4.998997439708218193e-01,8.769359155682556750e-01,5.459613335616068319e+00,2.989093825112970837e+00,4.153654878136725449e-04
6.740000000000004876e-01,-4.944305704670799440e-01,8.799081583155473618e-01,5.478699691642190395e+00,2.955370861284926320e+00,4.159826727843308667e-04
6.750000000000004885e-01,-4.889424126885291155e-01,8.828466158711794076e-01,5.497581745295015310e+00,2.921523638932741029e+00,4.165998577549722207e-04
6.760000000000004894e-01,-4.834354753563315787e-01,8.857511645690363533e-01,5.516258660027801852e+00,2.887553343862160116e+00,4.172170427255966069e-04
6.770000000000004903e-01,-4.779099640250953351e-01,8.886216819317700466e-01,5.534729605503289740e+00,2.853461167798346132e+00,4.178342276962040253e-04
6.780000000000004912e-01,-4.723660850766422947e-01,8.914580466767074718e-01,5.552993757638176930e+00,2.819248308362549249e+00,4.184514126667944218e-04
6.790000000000004921e-01,-4.668040457137322408e-01,8.942601387217351538e-01,5.571050298647648447e+00,2.784915969048427531e+00,4.190685976373677421e-04
6.800000000000004929e-01,-4.612240539537418860e-01,8.970278391911593596e-01,5.588898417089952275e+00,2.750465359198017268e+00,4.196857826079239862e-04
6.810000000000004938e-01,-4.556263186222996309e-01,8.997610304215426513e-01,5.606537307911017898e+00,2.715897693977347149e+00,4.203029675784631541e-04
6.820000000000004947e-01,-4.500110493468754691e-01,9.024595959675150159e-01,5.623966172489121007e+00,2.681214194351697166e+00,4.209201525489851916e-04
6.830000000000004956e-01,-4.443784565503262618e-01,9.051234206075611244e-01,5.641184218679585527e+00,2.646416087060497357e+00,4.215373375194900445e-04
6.840000000000004965e-01,-4.387287514443964920e-01,9.077523903497816127e-01,5.658190660859519383e+00,2.611504604591863288e+00,4.221545224899777671e-04
6.850000000000004974e-01,-4.330621460231738884e-01,9.103463924376286043e-01,5.674984719972590241e+00,2.576480985156766934e+00,4.227717074604482508e-04
6.860000000000004983e-01,-4.273788530565006405e-01,9.129053153556158096e-01,5.691565623573826116e+00,2.541346472662840750e+00,4.233888924309015499e-04
6.870000000000004992e-01,-4.216790860833395382e-01,9.154290488350019794e-01,5.707932605874447063e+00,2.506102316687809584e+00,4.240060774013375560e-04
6.880000000000005000e-01,-4.159630594050953145e-01,9.179174838594471586e-01,5.724084907786719967e+00,2.470749772452551785e+00,4.246232623717563232e-04
6.890000000000005009e-01,-4.102309880788912455e-01,9.203705126706427375e-01,5.740021776968836420e+00,2.435290100793781942e+00,4.252404473421577975e-04
6.900000000000005018e-01,-4.044830879108007871e-01,9.227880287739131937e-01,5.755742467869808365e+00,2.399724568136357927e+00,4.258576323125419245e-04
6.910000000000005027e-01,-3.987195754490341915e-01,9.251699269437900774e-01,5.771246241774378838e+00,2.364054446465206016e+00,4.264748172829087042e-04
6.920000000000005036e-01,-3.929406679770804378e-01,9.275161032295582419e-01,5.786532366847945141e+00,2.328281013296862767e+00,4.270920022532581368e-04
6.930000000000005045e-01,-3.871465835068040318e-01,9.298264549607726526e-01,5.801600118181492682e+00,2.292405551650631423e+00,4.277091872235901679e-04
6.940000000000005054e-01,-3.813375407714970078e-01,9.321008807527471074e-01,5.816448777836532358e+00,2.256429350019349300e+00,4.283263721939047433e-04
6.950000000000005063e-01,-3.755137592188858564e-01,9.343392805120124267e-01,5.831077634890039718e+00,2.220353702339765256e+00,4.289435571642018631e-04
6.960000000000005071e-01,-3.696754590040937094e-01,9.365415554417457766e-01,5.845485985479395907e+00,2.184179907962523259e+00,4.295607421344815272e-04
6.970000000000005080e-01,-3.638228609825572835e-01,9.387076080471691286e-01,5.859673132847322385e+00,2.147909271621750715e+00,4.301779271047436815e-04
6.980000000000005089e-01,-3.579561867028992483e-01,9.408373421409177428e-01,5.873638387386806770e+00,2.111543103404248889e+00,4.307951120749883259e-04
6.990000000000005098e-01,-3.520756583997554090e-01,9.429306628483767883e-01,5.887381066686020681e+00,2.075082718718281871e+00,4.314122970452154062e-04
7.000000000000005107e-01,-3.461814989865571457e-01,9.449874766129873205e-01,5.900900495573216276e+00,2.038529438261964088e+00,4.320294820154249225e-04
7.010000000000005116e-01,-3.402739320482688345e-01,9.470076912015201742e-01,5.914196006161612118e+00,2.001884587991241471e+00,4.326466669856168204e-04
7.020000000000005125e-01,-3.343531818340804151e-01,9.489912157093176592e-01,5.927266937894247967e+00,1.965149499087466722e+00,4.332638519557911001e-04
7.030000000000005134e-01,-3.284194732500552161e-01,9.509379605655021717e-01,5.940112637588821798e+00,1.928325507924563587e+00,4.338810369259477073e-04
7.040000000000005143e-01,-3.224730318517328720e-01,9.528478375381528309e-01,5.952732459482491301e+00,1.891413956035779664e+00,4.344982218960866420e-04
7.050000000000005151e-01,-3.165140838366874432e-01,9.547207597394473666e-01,5.965125765276641623e+00,1.854416190080025784e+00,4.351154068662079042e-04
7.060000000000005160e-01,-3.105428560370409041e-01,9.565566416307712538e-01,5.977291924181622029e+00,1.817333561807798148e+00,4.357325918363114396e-04
7.070000000000005169e-01,-3.045595759119317791e-01,9.583553990277917656e-01,5.989230312961431046e+00,1.780167428026683041e+00,4.363497768063971942e-04
7.080000000000005178e-01,-2.985644715399391469e-01,9.601169491054979410e-01,6.000940315978366080e+00,1.742919150566440090e+00,4.369669617764651679e-04
7.090000000000005187e-01,-2.925577716114620141e-01,9.618412104032048049e-01,6.012421325237615299e+00,1.705590096243664089e+00,4.375841467465153606e-04
7.100000000000005196e-01,-2.865397054210542249e-01,9.635281028295226147e-01,6.023672740431802453e+00,1.668181636826021608e+00,4.382013317165477182e-04
7.110000000000005205e-01,-2.805105028597147943e-01,9.651775476672896925e-01,6.034693968985472168e+00,1.630695148996060606e+00,4.388185166865622407e-04
7.120000000000005214e-01,-2.744703944071336110e-01,9.667894675784691749e-01,6.045484426099509534e+00,1.593132014314592837e+00,4.394357016565588738e-04
7.130000000000005222e-01,-2.684196111238931204e-01,9.683637866090086810e-01,6.056043534795501060e+00,1.555493619183644594e+00,4.400528866265375635e-04
7.140000000000005231e-01,-2.623583846436253197e-01,9.699004301936627881e-01,6.066370725960020138e+00,1.517781354808975358e+00,4.406700715964983637e-04
7.150000000000005240e-01,-2.562869471651247344e-01,9.713993251607780932e-01,6.076465438388838791e+00,1.479996617162162575e+00,4.412872565664412204e-04
7.160000000000005249e-01,-2.502055314444171508e-01,9.728603997370396383e-01,6.086327118831063920e+00,1.442140806942250331e+00,4.419044415363660794e-04
7.170000000000005258e-01,-2.441143707867841905e-01,9.742835835521790333e-01,6.095955222033188292e+00,1.404215329536959933e+00,4.425216265062729406e-04
7.180000000000005267e-01,-2.380136990387439477e-01,9.756688076436437207e-01,6.105349210783051817e+00,1.366221594983461740e+00,4.431388114761617499e-04
7.190000000000005276e-01,-2.319037505799877441e-01,9.770160044612264949e-01,6.114508555953715785e+00,1.328161017928704446e+00,4.437559964460325071e-04
7.200000000000005285e-01,-2.257847603152730032e-01,9.783251078716552751e-01,6.123432736547238520e+00,1.290035017589303168e+00,4.443731814158852125e-04
7.210000000000005294e-01,-2.196569636662723812e-01,9.795960531631424661e-01,6.132121239738348883e+00,1.251845017710981445e+00,4.449903663857198116e-04
7.220000000000005302e-01,-2.135205965633792669e-01,9.808287770498939073e-01,6.140573560918015872e+00,1.213592446527568480e+00,4.456075513555362503e-04
7.230000000000005311e-01,-2.073758954374699259e-01,9.820232176765758547e-01,6.148789203736907183e+00,1.175278736719548078e+00,4.462247363253345287e-04
7.240000000000005320e-01,-2.012230972116219596e-01,9.831793146227411073e-01,6.156767680148734989e+00,1.136905325372158826e+00,4.468419212951146467e-04
7.250000000000005329e-01,-1.950624392927897688e-01,9.842970089072122786e-01,6.164508510453480916e+00,1.098473653933043970e+00,4.474591062648765501e-04
7.260000000000005338e-01,-1.888941595634366921e-01,9.853762429924231014e-01,6.172011223340494901e+00,1.059985168169449210e+00,4.480762912346202389e-04
7.270000000000005347e-01,-1.827184963731240674e-01,9.864169607887163238e-01,6.179275355931470592e+00,1.021441318124967079e+00,4.486934762043456588e-04
7.280000000000005356e-01,-1.765356885300575496e-01,9.874191076585983051e-01,6.186300453823278644e+00,9.828435580758274615e-01,4.493106611740528100e-04
7.290000000000005365e-01,-1.703459752925905180e-01,9.883826304209496483e-01,6.193086071130672110e+00,9.441933464867321435e-01,4.499278461437416382e-04
7.300000000000005373e-01,-1.641495963606849351e-01,9.893074773551910894e-01,6.199631770528837293e+00,9.054921459662321759e-01,4.505450311134121433e-04
7.310000000000005382e-01,-1.579467918673296833e-01,9.901935982054053120e-01,6.205937123295804270e+00,8.667414232216477110e-01,4.511622160830643254e-04
7.320000000000005391e-01,-1.517378023699165746e-01,9.910409441844125755e-01,6.212001709354700196e+00,8.279426490135280980e-01,4.517794010526980761e-04
7.330000000000005400e-01,-1.455228688415741989e-01,9.918494679778012690e-01,6.217825117315844530e+00,7.890972981096524563e-01,4.523965860223134496e-04
7.340000000000005409e-01,-1.393022326624597240e-01,9.926191237479118357e-01,6.223406944518681705e+00,7.502068492385685072e-01,4.530137709919103916e-04
7.350000000000005418e-01,-1.330761356110089777e-01,9.933498671377740674e-01,6.228746797073545061e+00,7.112727850426699971e-01,4.536309559614888479e-04
7.360000000000005427e-01,-1.268448198551445916e-01,9.940416552749972157e-01,6.233844289903244018e+00,6.722965920308103804e-01,4.542481409310488729e-04
7.370000000000005436e-01,-1.206085279434429419e-01,9.946944467756130281e-01,6.238699046784478952e+00,6.332797605304530952e-01,4.548653259005903580e-04
7.380000000000005445e-01,-1.143675027962595542e-01,9.953082017478696031e-01,6.243310700389062440e+00,5.942237846393573220e-01,4.554825108701133032e-04
7.390000000000005453e-01,-1.081219876968134708e-01,9.958828817959778368e-01,6.247678892324961986e+00,5.551301621767985583e-01,4.560996958396177085e-04
7.400000000000005462e-01,-1.018722262822306657e-01,9.964184500238080222e-01,6.251803273177139353e+00,5.160003946343229009e-01,4.567168808091035198e-04
7.410000000000005471e-01,-9.561846253454672762e-02,9.969148710385374867e-01,6.255683502548192720e+00,4.768359871260348659e-01,4.573340657785707371e-04
7.420000000000005480e-01,-8.936094077166896466e-02,9.973721109542481589e-01,6.259319249098796334e+00,4.376384483384184731e-01,4.579512507480193060e-04
7.430000000000005489e-01,-8.309990563829819377e-02,9.977901373954733977e-01,6.262710190587924330e+00,3.984092904796903700e-01,4.585684357174492267e-04
7.440000000000005498e-01,-7.683560209681042363e-02,9.981689195006944182e-01,6.265856013912863176e+00,3.591500292286853302e-01,4.591856206868604449e-04
7.450000000000005507e-01,-7.056827541809865267e-02,9.985084279257852025e-01,6.268756415149000283e+00,3.198621836832729604e-01,4.598028056562529606e-04
7.460000000000005516e-01,-6.429817117237492108e-02,9.988086348474053411e-01,6.271411099589384364e+00,2.805472763083062260e-01,4.604199906256267738e-04
7.470000000000005524e-01,-5.802553521993301933e-02,9.990695139663408053e-01,6.273819781784055749e+00,2.412068328831007136e-01,4.610371755949818303e-04
7.480000000000005533e-01,-5.175061370187188786e-02,9.992910405107923166e-01,6.275982185579137784e+00,2.018423824484450457e-01,4.616543605643180759e-04
7.490000000000005542e-01,-4.547365303078010346e-02,9.994731912396097595e-01,6.277898044155683976e+00,1.624554572531420882e-01,4.622715455336355106e-04
7.500000000000005551e-01,-3.919489988138164654e-02,9.996159444454733034e-01,6.279567100068275565e+00,1.230475927000808239e-01,4.628887305029341344e-04
7.510000000000005560e-01,-3.291460118114315075e-02,9.997192799580204570e-01,6.280989105283365959e+00,8.362032729183913049e-02,4.635059154722138931e-04
7.520000000000005569e-01,-2.663300410084298853e-02,9.997831791469182772e-01,6.282163821217362276e+00,4.417520257581730031e-02,4.641231004414747867e-04
7.530000000000005578e-01,-2.035035604510237670e-02,9.998076249248806224e-01,6.283091018774443093e+00,4.713763088902714338e-03,4.647402854107167609e-04
7.540000000000005587e-01,-1.406690464287881429e-02,9.997926017506297836e-01,6.283770478384102631e+00,-3.476244369833438042e-02,4.653574703799397616e-04
7.550000000000005596e-01,-7.782897737922110128e-03,9.997380956318019374e-01,6.284201990038416952e+00,-7.425186743791353794e-02,4.659746553491438429e-04
7.560000000000005604e-01,-1.498583379193282189e-03,9.996440941277964232e-01,6.284385353329026813e+00,-1.137529549611849822e-01,4.665918403183289508e-04
7.570000000000005613e-01,4.785790188753378215e-03,9.995105863525677314e-01,6.284320377483835429e+00,-1.532641503360381297e-01,4.672090252874950308e-04
7.580000000000005622e-01,1.106997453542478763e-02,9.993375629773602054e-01,6.284006881403404243e+00,-1.927838949245774258e-01,4.678262102566420832e-04
7.590000000000005631e-01,1.735372105407981258e-02,9.991250162333846774e-01,6.283444693697051164e+00,-2.323106274412648498e-01,4.684433952257700535e-04
7.600000000000005640e-01,2.363678097145593612e-02,9.988729399144369303e-01,6.282633652718645045e+00,-2.718427840115284488e-01,4.690605801948789419e-04
7.610000000000005649e-01,2.991890535753158678e-02,9.985813293794573164e-01,6.281573606602081306e+00,-3.113787982308364177e-01,4.696777651639687484e-04
7.620000000000005658e-01,3.619984513532376047e-02,9.982501815550309798e-01,6.280264413296445802e+00,-3.509171012242354171e-01,4.702949501330394187e-04
7.630000000000005667e-01,4.247935109072067256e-02,9.978794949378281265e-01,6.278705940600848301e+00,-3.904561217063531320e-01,4.709121351020908986e-04
7.640000000000005675e-01,4.875717388234903499e-02,9.974692695969843426e-01,6.276898066198929094e+00,-4.299942860418632939e-01,4.715293200711231881e-04
7.650000000000005684e-01,5.503306405147573299e-02,9.970195071764202943e-01,6.274840677693029889e+00,-4.695300183064126665e-01,4.721465050401362873e-04
7.660000000000005693e-01,6.130677203194344338e-02,9.965302108970998107e-01,6.272533672638017421e+00,-5.090617403480087733e-01,4.727636900091301418e-04
7.670000000000005702e-01,6.757804816013994464e-02,9.960013855592269039e-01,6.269976958574766890e+00,-5.485878718488675920e-01,4.733808749781047518e-04
7.680000000000005711e-01,7.384664268500069906e-02,9.954330375443802836e-01,6.267170453063283908e+00,-5.881068303877192704e-01,4.739980599470600630e-04
7.690000000000005720e-01,8.011230577804442921e-02,9.948251748175854781e-01,6.264114083715469405e+00,-6.276170315025710877e-01,4.746152449159960754e-04
7.700000000000005729e-01,8.637478754344118936e-02,9.941778069293240039e-01,6.260807788227517712e+00,-6.671168887539264958e-01,4.752324298849127347e-04
7.710000000000005738e-01,9.263383802811275824e-02,9.934909450174792545e-01,6.257251514411943383e+00,-7.066048137884581859e-01,4.758496148538100411e-04
7.720000000000005747e-01,9.888920723186478412e-02,9.927646018092182167e-01,6.253445220229227886e+00,-7.460792164031339047e-01,4.764667998226879402e-04
7.730000000000005755e-01,1.051406451175504186e-01,9.919987916228086844e-01,6.249388873819083479e+00,-7.855385046097941304e-01,4.770839847915464321e-04
7.740000000000005764e-01,1.113879016212650369e-01,9.911935303693721888e-01,6.245082453531322741e+00,-8.249810847001783909e-01,4.777011697603855168e-04
7.750000000000005773e-01,1.176307266625715719e-01,9.903488355545713162e-01,6.240525947956339969e+00,-8.644053613114001111e-01,4.783183547292051401e-04
7.760000000000005782e-01,1.238688701547561999e-01,9.894647262802314103e-01,6.235719355955177789e+00,-9.038097374918669935e-01,4.789355396980052477e-04
7.770000000000005791e-01,1.301020820151138346e-01,9.885412232458959947e-01,6.230662686689197649e+00,-9.431926147676455985e-01,4.795527246667858397e-04
7.780000000000005800e-01,1.363301121752631406e-01,9.875783487503161373e-01,6.225355959649325754e+00,-9.825523932092680157e-01,4.801699096355469161e-04
7.790000000000005809e-01,1.425527105914904946e-01,9.865761266928718687e-01,6.219799204684883343e+00,-1.021887471498978295e+00,4.807870946042884226e-04
7.800000000000005818e-01,1.487696272551226329e-01,9.855345825749272093e-01,6.213992462031985298e+00,-1.061196246998417081e+00,4.814042795730103051e-04
7.810000000000005826e-01,1.549806122029274980e-01,9.844537435011162518e-01,6.207935782341513331e+00,-1.100477115816741236e+00,4.820214645417126176e-04
7.820000000000005835e-01,1.611854155275427858e-01,9.833336381805616311e-01,6.201629226706640630e+00,-1.139728472879177001e+00,4.826386495103952520e-04
7.830000000000005844e-01,1.673837873879318039e-01,9.821742969280241597e-01,6.195072866689916857e+00,-1.178948711996004484e+00,4.832558344790582622e-04
7.840000000000005853e-01,1.735754780198662250e-01,9.809757516649828535e-01,6.188266784349900185e+00,-1.218136225931969685e+00,4.838730194477015942e-04
7.850000000000005862e-01,1.797602377464351808e-01,9.797380359206456779e-01,6.181211072267331907e+00,-1.257289406476122862e+00,4.844902044163251938e-04
7.860000000000005871e-01,1.859378169885804177e-01,9.784611848328900185e-01,6.173905833570847435e+00,-1.296406644512079209e+00,4.851073893849290608e-04
7.870000000000005880e-01,1.921079662756567663e-01,9.771452351491330957e-01,6.166351181962214767e+00,-1.335486330088701212e+00,4.857245743535131412e-04
7.880000000000005889e-01,1.982704362560177291e-01,9.757902252271309917e-01,6.158547241741101352e+00,-1.374526852491197326e+00,4.863417593220774348e-04
7.890000000000005898e-01,2.044249777076255770e-01,9.743961950357066248e-01,6.150494147829355995e+00,-1.413526600312636328e+00,4.869589442906219418e-04
7.900000000000005906e-01,2.105713415486854534e-01,9.729631861554058903e-01,6.142192045794803157e+00,-1.452483961525872447e+00,4.875761292591466079e-04
7.910000000000005915e-01,2.167092788483030441e-01,9.714912417790819710e-01,6.133641091874543427e+00,-1.491397323555879506e+00,4.881933142276513788e-04
7.920000000000005924e-01,2.228385408371652832e-01,9.699804067124064844e-01,6.124841452997753954e+00,-1.530265073352490290e+00,4.888104991961362547e-04
7.930000000000005933e-01,2.289588789182436523e-01,9.684307273743085753e-01,6.115793306807981722e+00,-1.569085597463538262e+00,4.894276841646012354e-04
7.940000000000005942e-01,2.350700446775194352e-01,9.668422517973398467e-01,6.106496841684925236e+00,-1.607857282108397845e+00,4.900448691330462668e-04
7.950000000000005951e-01,2.411717898947305927e-01,9.652150296279659036e-01,6.096952256765695743e+00,-1.646578513251920839e+00,4.906620541014713489e-04
7.960000000000005960e-01,2.472638665541395664e-01,9.635491121267838466e-01,6.087159761965557081e+00,-1.685247676678763185e+00,4.912792390698764817e-04
7.970000000000005969e-01,2.533460268553215378e-01,9.618445521686650457e-01,6.077119577998135291e+00,-1.723863158068101642e+00,4.918964240382615568e-04
7.980000000000005977e-01,2.594180232239727824e-01,9.601014042428231976e-01,6.066831936395086444e+00,-1.762423343068733939e+00,4.925136090066265741e-04
7.990000000000005986e-01,2.654796083227382031e-01,9.583197244528071090e-01,6.056297079525228888e+00,-1.800926617374560612e+00,4.931307939749715336e-04
8.000000000000005995e-01,2.715305350620578206e-01,9.564995705164173190e-01,6.045515260613123054e+00,-1.839371366800442553e+00,4.937479789432964354e-04
8.010000000000006004e-01,2.775705566110317490e-01,9.546410017655473368e-01,6.034486743757098814e+00,-1.877755977358433137e+00,4.943651639116011711e-04
8.020000000000006013e-01,2.835994264083024907e-01,9.527440791459481639e-01,6.023211803946720622e+00,-1.916078835334378505e+00,4.949823488798857406e-04
8.030000000000006022e-01,2.896168981729548286e-01,9.508088652169160992e-01,6.011690727079690433e+00,-1.954338327364882222e+00,4.955995338481501439e-04
8.040000000000006031e-01,2.956227259154322051e-01,9.488354241509030507e-01,5.999923809978172429e+00,-1.992532840514631642e+00,4.962167188163943811e-04
8.050000000000006040e-01,3.016166639484689771e-01,9.468238217330499085e-01,5.987911360404549299e+00,-2.030660762354079996e+00,4.968339037846184521e-04
8.060000000000006048e-01,3.075984668980383807e-01,9.447741253606417589e-01,5.975653697076585225e+00,-2.068720481037480408e+00,4.974510887528222486e-04
8.070000000000006057e-01,3.135678897143151511e-01,9.426864040424849378e-01,5.963151149682006213e+00,-2.106710385381267425e+00,4.980682737210057704e-04
8.080000000000006066e-01,3.195246876826526305e-01,9.405607283982053701e-01,5.950404058892483583e+00,-2.144628864942782265e+00,4.986854586891690177e-04
8.090000000000006075e-01,3.254686164345734212e-01,9.383971706574684157e-01,5.937412776377015255e+00,-2.182474310099335124e+00,4.993026436573118820e-04
8.100000000000006084e-01,3.313994319587730830e-01,9.361958046591188909e-01,5.924177664814702204e+00,-2.220245112127601672e+00,4.999198286254344717e-04
8.110000000000006093e-01,3.373168906121364330e-01,9.339567058502421526e-01,5.910699097906913835e+00,-2.257939663283348608e+00,5.005370135935366784e-04
8.120000000000006102e-01,3.432207491307656677e-01,9.316799512851448029e-01,5.896977460388833414e+00,-2.295556356881482074e+00,5.011541985616185021e-04
8.130000000000006111e-01,3.491107646410196441e-01,9.293656196242555678e-01,5.883013148040380891e+00,-2.333093587376415812e+00,5.017713835296799428e-04
8.140000000000006120e-01,3.549866946705637627e-01,9.270137911329454639e-01,5.868806567696508658e+00,-2.370549750442752401e+00,5.023885684977208920e-04
8.150000000000006128e-01,3.608482971594300093e-01,9.246245476802669172e-01,5.854358137256859607e+00,-2.407923243056274476e+00,5.030057534657413499e-04
8.160000000000006137e-01,3.666953304710861006e-01,9.221979727376122815e-01,5.839668285694791905e+00,-2.445212463575236139e+00,5.036229384337413163e-04
8.170000000000006146e-01,3.725275534035135117e-01,9.197341513772904209e-01,5.824737453065749193e+00,-2.482415811821956364e+00,5.042401234017207913e-04
8.180000000000006155e-01,3.783447252002934413e-01,9.172331702710215806e-01,5.809566090514990400e+00,-2.519531689164701493e+00,5.048573083696796665e-04
8.190000000000006164e-01,3.841466055617002717e-01,9.146951176883507673e-01,5.794154660284655201e+00,-2.556558498599856399e+00,5.054744933376180503e-04
8.200000000000006173e-01,3.899329546558015780e-01,9.121200834949779734e-01,5.778503635720174003e+00,-2.593494644834377194e+00,5.060916783055358342e-04
8.210000000000006182e-01,3.957035331295644665e-01,9.095081591510066898e-01,5.762613501276010908e+00,-2.630338534368518832e+00,5.067088632734330182e-04
8.220000000000006191e-01,4.014581021199671862e-01,9.068594377091088177e-01,5.746484752520730765e+00,-2.667088575578833165e+00,5.073260482413094940e-04
8.230000000000006199e-01,4.071964232651154592e-01,9.041740138126068693e-01,5.730117896141396550e+00,-2.703743178801431224e+00,5.079432332091653700e-04
8.240000000000006208e-01,4.129182587153629180e-01,9.014519836934726804e-01,5.713513449947278389e+00,-2.740300756415503081e+00,5.085604181770005377e-04
8.250000000000006217e-01,4.186233711444347638e-01,8.986934451702426330e-01,5.696671942872881367e+00,-2.776759722927089058e+00,5.091776031448149971e-04
8.260000000000006226e-01,4.243115237605544210e-01,8.958984976458483906e-01,5.679593914980276992e+00,-2.813118495053100077e+00,5.097947881126086399e-04
8.270000000000006235e-01,4.299824803175718024e-01,8.930672421053642562e-01,5.662279917460740997e+00,-2.849375491805574256e+00,5.104119730803815744e-04
8.280000000000006244e-01,4.356360051260931843e-01,8.901997811136698191e-01,5.644730512635689479e+00,-2.885529134576167998e+00,5.110291580481336922e-04
8.290000000000006253e-01,4.412718630646114137e-01,8.872962188130278927e-01,5.626946273956907163e+00,-2.921577847220875768e+00,5.116463430158649933e-04
8.300000000000006262e-01,4.468898195906361170e-01,8.843566609205776308e-01,5.608927786006066896e+00,-2.957520056144968379e+00,5.122635279835754778e-04
8.310000000000006271e-01,4.524896407518231856e-01,8.813812147257429341e-01,5.590675644493530605e+00,-2.993354190388147540e+00,5.128807129512650371e-04
8.320000000000006279e-01,4.580710931971022637e-01,8.783699890875551475e-01,5.572190456256431723e+00,-3.029078681709905574e+00,5.134978979189336714e-04
8.330000000000006288e-01,4.636339441878026268e-01,8.753230944318907136e-01,5.553472839256033744e+00,-3.064691964675088531e+00,5.141150828865813805e-04
8.340000000000006297e-01,4.691779616087753402e-01,8.722406427486225633e-01,5.534523422574356921e+00,-3.100192476739651593e+00,5.147322678542081646e-04
8.350000000000006306e-01,4.747029139795123087e-01,8.691227475886866838e-01,5.515342846410071331e+00,-3.135578658336601876e+00,5.153494528218140235e-04
8.360000000000006315e-01,4.802085704652604425e-01,8.659695240610613132e-01,5.495931762073656301e+00,-3.170848952962122880e+00,5.159666377893988489e-04
8.370000000000006324e-01,4.856947008881306593e-01,8.627810888296610914e-01,5.476290831981810214e+00,-3.206001807261870340e+00,5.165838227569626408e-04
8.380000000000006333e-01,4.911610757382011139e-01,8.595575601101443919e-01,5.456420729651118684e+00,-3.241035671117436845e+00,5.172010077245053992e-04
8.390000000000006342e-01,4.966074661846135996e-01,8.562990576666337228e-01,5.436322139690971333e+00,-3.275948997732971879e+00,5.178181926920271240e-04
8.400000000000006350e-01,5.020336440866624006e-01,8.530057028083500859e-01,5.415995757795721843e+00,-3.310740243721957299e+00,5.184353776595277069e-04
8.410000000000006359e-01,5.074393820048751502e-01,8.496776183861601828e-01,5.395442290736091273e+00,-3.345407869194125805e+00,5.190525626270071479e-04
8.420000000000006368e-01,5.128244532120844745e-01,8.463149287890365802e-01,5.374662456349806661e+00,-3.379950337842515307e+00,5.196697475944654469e-04
8.430000000000006377e-01,5.181886317044901435e-01,8.429177599404307220e-01,5.353656983531474012e+00,-3.414366117030655623e+00,5.202869325619026040e-04
8.440000000000006386e-01,5.235316922127102313e-01,8.394862392945591223e-01,5.332426612221679463e+00,-3.448653677879874646e+00,5.209041175293186192e-04
8.450000000000006395e-01,5.288534102128218395e-01,8.360204958326014069e-01,5.310972093395320393e+00,-3.482811495356721299e+00,5.215213024967133839e-04
8.460000000000006404e-01,5.341535619373888322e-01,8.325206600588116457e-01,5.289294189049154049e+00,-3.516838048360493296e+00,5.221384874640868983e-04
8.470000000000006413e-01,5.394319243864772462e-01,8.289868639965417563e-01,5.267393672188567244e+00,-3.550731819810866163e+00,5.227556724314391624e-04
8.480000000000006422e-01,5.446882753386570464e-01,8.254192411841773103e-01,5.245271326813560897e+00,-3.584491296735611066e+00,5.233728573987700677e-04
8.490000000000006430e-01,5.499223933619893367e-01,8.218179266709854103e-01,5.222927947903947654e+00,-3.618114970358398352e+00,5.239900423660797226e-04
8.500000000000006439e-01,5.551340578249985835e-01,8.181830570128749702e-01,5.200364341403755475e+00,-3.651601336186674374e+00,5.246072273333680187e-04
8.510000000000006448e-01,5.603230489076285181e-01,8.145147702680688440e-01,5.177581324204839852e+00,-3.684948894099608463e+00,5.252244123006348476e-04
8.520000000000006457e-01,5.654891476121814975e-01,8.108132059926882462e-01,5.154579724129696672e+00,-3.718156148436095876e+00,5.258415972678803178e-04
8.530000000000006466e-01,5.706321357742402123e-01,8.070785052362489109e-01,5.131360379913476599e+00,-3.751221608082814907e+00,5.264587822351044291e-04
8.540000000000006475e-01,5.757517960735711871e-01,8.033108105370693197e-01,5.107924141185192113e+00,-3.784143786562324863e+00,5.270759672023070733e-04
8.550000000000006484e-01,5.808479120450085187e-01,7.995102659175907789e-01,5.084271868448120735e+00,-3.816921202121200007e+00,5.276931521694882502e-04
8.560000000000006493e-01,5.859202680893185189e-01,7.956770168796092335e-01,5.060404433059400908e+00,-3.849552377818189264e+00,5.283103371366478515e-04
8.570000000000006501e-01,5.909686494840424853e-01,7.918112103994190409e-01,5.036322717208812527e+00,-3.882035841612393234e+00,5.289275221037859857e-04
8.580000000000006510e-01,5.959928423943189335e-01,7.879129949228684815e-01,5.012027613896745670e+00,-3.914370126451452325e+00,5.295447070709025442e-04
8.590000000000006519e-01,6.009926338836822923e-01,7.839825203603273396e-01,4.987520026911352211e+00,-3.946553770359734870e+00,5.301618920379975270e-04
8.600000000000006528e-01,6.059678119248395056e-01,7.800199380815657779e-01,4.962800870804878528e+00,-3.978585316526516813e+00,5.307790770050709343e-04
8.610000000000006537e-01,6.109181654104214321e-01,7.760254009105456152e-01,4.937871070869176648e+00,-4.010463313394146745e+00,5.313962619721226575e-04
8.620000000000006546e-01,6.158434841637101531e-01,7.719990631201228970e-01,4.912731563110391164e+00,-4.042186314746184728e+00,5.320134469391528051e-04
8.630000000000006555e-01,6.207435589493401906e-01,7.679410804266629809e-01,4.887383294222824581e+00,-4.073752879795508264e+00,5.326306319061612686e-04
8.640000000000006564e-01,6.256181814839731903e-01,7.638516099845668039e-01,4.861827221561970447e+00,-4.105161573272375186e+00,5.332478168731480481e-04
8.650000000000006573e-01,6.304671444469454045e-01,7.597308103807098867e-01,4.836064313116718694e+00,-4.136410965512435034e+00,5.338650018401130352e-04
8.660000000000006581e-01,6.352902414908867534e-01,7.555788416287926301e-01,4.810095547480734091e+00,-4.167499632544681809e+00,5.344821868070563382e-04
8.670000000000006590e-01,6.400872672523110207e-01,7.513958651636031272e-01,4.783921913822995364e+00,-4.198426156179335678e+00,5.350993717739778487e-04
8.680000000000006599e-01,6.448580173621758505e-01,7.471820438351920446e-01,4.757544411857507427e+00,-4.229189124095646513e+00,5.357165567408775668e-04
8.690000000000006608e-01,6.496022884564127686e-01,7.429375419029597971e-01,4.730964051812171611e+00,-4.259787129929613059e+00,5.363337417077553839e-04
8.700000000000006617e-01,6.543198781864245639e-01,7.386625250296559031e-01,4.704181854396824569e+00,-4.290218773361600846e+00,5.369509266746114087e-04
8.710000000000006626e-01,6.590105852295514710e-01,7.343571602752908545e-01,4.677198850770435179e+00,-4.320482660203860625e+00,5.375681116414455325e-04
8.720000000000006635e-01,6.636742092995030484e-01,7.300216160909606122e-01,4.650016082507465676e+00,-4.350577402487927792e+00,5.381852966082577554e-04
8.730000000000006644e-01,6.683105511567568602e-01,7.256560623125833942e-01,4.622634601563390788e+00,-4.380501618551898346e+00,5.388024815750480775e-04
8.740000000000006652e-01,6.729194126189217418e-01,7.212606701545498655e-01,4.595055470239376660e+00,-4.410253933127576076e+00,5.394196665418163903e-04
8.750000000000006661e-01,6.775005965710655387e-01,7.168356122032856215e-01,4.567279761146118666e+00,-4.439832977427472294e+00,5.400368515085628022e-04
8.760000000000006670e-01,6.820539069760060968e-01,7.123810624107275169e-01,4.539308557166835456e+00,-4.469237389231656365e+00,5.406540364752872047e-04
8.770000000000006679e-01,6.865791488845651713e-01,7.078971960877120662e-01,4.511142951419421898e+00,-4.498465812974445477e+00,5.412712214419895980e-04
8.780000000000006688e-01,6.910761284457833664e-01,7.033841898972785778e-01,4.482784047217760026e+00,-4.527516899830923869e+00,5.418884064086698735e-04
8.790000000000006697e-01,6.955446529170969949e-01,6.988422218478846926e-01,4.454232958032183554e+00,-4.556389307803282662e+00,5.425055913753281398e-04
8.800000000000006706e-01,6.999845306744740814e-01,6.942714712865365456e-01,4.425490807449101283e+00,-4.585081701806967835e+00,5.431227763419642883e-04
8.810000000000006715e-01,7.043955712225098420e-01,6.896721188918322198e-01,4.396558729129774967e+00,-4.613592753756635467e+00,5.437399613085783191e-04
8.820000000000006724e-01,7.087775852044808644e-01,6.850443466669200454e-01,4.367437866768255184e+00,-4.641921142651891152e+00,5.443571462751701237e-04
8.830000000000006732e-01,7.131303844123560998e-01,6.803883379323704128e-01,4.338129374048475206e+00,-4.670065554662819807e+00,5.449743312417398107e-04
8.840000000000006741e-01,7.174537817967654441e-01,6.757042773189629870e-01,4.308634414600498452e+00,-4.698024683215280994e+00,5.455915162082872714e-04
8.850000000000006750e-01,7.217475914769232448e-01,6.709923507603881010e-01,4.278954161955924818e+00,-4.725797229075973327e+00,5.462087011748125061e-04
8.860000000000006759e-01,7.260116287505072874e-01,6.662527454858636622e-01,4.249089799502457687e+00,-4.753381900437249286e+00,5.468258861413155146e-04
8.870000000000006768e-01,7.302457101034919296e-01,6.614856500126671257e-01,4.219042520437626287e+00,-4.780777413001673359e+00,5.474430711077961885e-04
8.880000000000006777e-01,7.344496532199343841e-01,6.566912541385833135e-01,4.188813527721666929e+00,-4.807982490066319059e+00,5.480602560742545279e-04
8.890000000000006786e-01,7.386232769917134844e-01,6.518697489342674123e-01,4.158404034029568486e+00,-4.834995862606786154e+00,5.486774410406906411e-04
8.900000000000006795e-01,7.427664015282200438e-01,6.470213267355251485e-01,4.127815261702276750e+00,-4.861816269360934584e+00,5.492946260071043113e-04
8.910000000000006803e-01,7.468788481659983658e-01,6.421461811355082538e-01,4.097048442697062143e+00,-4.888442456912326151e+00,5.499118109734956470e-04
8.920000000000006812e-01,7.509604394783370163e-01,6.372445069768275516e-01,4.066104818537050747e+00,-4.914873179773358025e+00,5.505289959398645397e-04
8.930000000000006821e-01,7.550109992848093032e-01,6.323165003435823328e-01,4.034985640259923123e+00,-4.941107200468085381e+00,5.511461809062109894e-04
8.940000000000006830e-01,7.590303526607617979e-01,6.273623585533077973e-01,4.003692168365774684e+00,-4.967143289614719848e+00,5.517633658725349961e-04
8.950000000000006839e-01,7.630183259467503420e-01,6.223822801488395617e-01,3.972225672764150506e+00,-4.992980226007794897e+00,5.523805508388365598e-04
8.960000000000006848e-01,7.669747467579227651e-01,6.173764648900964547e-01,3.940587432720249250e+00,-5.018616796699988392e+00,5.529977358051155721e-04
8.970000000000006857e-01,7.708994439933470888e-01,6.123451137457814886e-01,3.908778736800296194e+00,-5.044051797083592525e+00,5.536149207713721414e-04
8.980000000000006866e-01,7.747922478452849981e-01,6.072884288850018963e-01,3.876800882816095140e+00,-5.069284030971621391e+00,5.542321057376061594e-04
8.990000000000006875e-01,7.786529898084094681e-01,6.022066136688077886e-01,3.844655177768752985e+00,-5.094312310678546396e+00,5.548492907038175175e-04
9.000000000000006883e-01,7.824815026889653247e-01,5.970998726416506530e-01,3.812342937791586284e+00,-5.119135457100651543e+00,5.554664756700063242e-04
9.010000000000006892e-01,7.862776206138728519e-01,5.919684115227613619e-01,3.779865488092208015e+00,-5.143752299795996130e+00,5.560836606361724711e-04
9.020000000000006901e-01,7.900411790397725564e-01,5.868124371974486886e-01,3.747224162893797228e+00,-5.168161677063977777e+00,5.567008456023159581e-04
9.030000000000006910e-01,7.937720147620112021e-01,5.816321577083184424e-01,3.714420305375557785e+00,-5.192362436024482442e+00,5.573180305684367853e-04
9.040000000000006919e-01,7.974699659235675586e-01,5.764277822464134449e-01,3.681455267612364413e+00,-5.216353432696617887e+00,5.579352155345348443e-04
9.050000000000006928e-01,8.011348720239178656e-01,5.711995211422751240e-01,3.648330410513602295e+00,-5.240133532077017264e+00,5.585524005006102435e-04
9.060000000000006937e-01,8.047665739278390129e-01,5.659475858569269491e-01,3.615047103761201530e+00,-5.263701608217697725e+00,5.591695854666628744e-04
9.070000000000006946e-01,8.083649138741499929e-01,5.606721889727805941e-01,3.581606725746870890e+00,-5.287056544303476713e+00,5.597867704326927370e-04
9.080000000000006954e-01,8.119297354843900694e-01,5.553735441844642740e-01,3.548010663508534446e+00,-5.310197232728929073e+00,5.604039553986997230e-04
9.090000000000006963e-01,8.154608837714326652e-01,5.500518662895750310e-01,3.514260312665971941e+00,-5.333122575174870761e+00,5.610211403646839408e-04
9.100000000000006972e-01,8.189582051480347458e-01,5.447073711793540829e-01,3.480357077355669126e+00,-5.355831482684370926e+00,5.616383253306452819e-04
9.110000000000006981e-01,8.224215474353208100e-01,5.393402758292871191e-01,3.446302370164882500e+00,-5.378322875738274611e+00,5.622555102965837463e-04
9.120000000000006990e-01,8.258507598712001574e-01,5.339507982896287697e-01,3.412097612064917573e+00,-5.400595684330228963e+00,5.628726952624993340e-04
9.130000000000006999e-01,8.292456931187173197e-01,5.285391576758524668e-01,3.377744232343631303e+00,-5.422648848041204062e+00,5.634898802283919367e-04
9.140000000000007008e-01,8.326061992743345463e-01,5.231055741590262542e-01,3.343243668537157820e+00,-5.444481316113498615e+00,5.641070651942615543e-04
9.150000000000007017e-01,8.359321318761455677e-01,5.176502689561145454e-01,3.308597366360862324e+00,-5.466092047524218955e+00,5.647242501601081868e-04
9.160000000000007025e-01,8.392233459120201911e-01,5.121734643202068282e-01,3.273806779639531594e+00,-5.487480011058228691e+00,5.653414351259318342e-04
9.170000000000007034e-01,8.424796978276781756e-01,5.066753835306736509e-01,3.238873370236798443e+00,-5.508644185380548564e+00,5.659586200917324965e-04
9.180000000000007043e-01,8.457010455346928302e-01,5.011562508832504426e-01,3.203798607983812108e+00,-5.529583559108210977e+00,5.665758050575100653e-04
9.190000000000007052e-01,8.488872484184222245e-01,4.956162916800499474e-01,3.168583970607155020e+00,-5.550297130881547858e+00,5.671929900232645406e-04
9.200000000000007061e-01,8.520381673458684579e-01,4.900557322195034371e-01,3.133230943656010403e+00,-5.570783909434909198e+00,5.678101749889959225e-04
9.210000000000007070e-01,8.551536646734634317e-01,4.844747997862315358e-01,3.097741020428590009e+00,-5.591042913666800729e+00,5.684273599547042108e-04
9.220000000000007079e-01,8.582336042547809019e-01,4.788737226408452674e-01,3.062115701897821562e+00,-5.611073172709435397e+00,5.690445449203892971e-04
9.230000000000007088e-01,8.612778514481737036e-01,4.732527300096778800e-01,3.026356496636306126e+00,-5.630873725997684431e+00,5.696617298860511816e-04
9.240000000000007097e-01,8.642862731243354801e-01,4.676120520744479481e-01,2.990464920740546262e+00,-5.650443623337419119e+00,5.702789148516898641e-04
9.250000000000007105e-01,8.672587376737865839e-01,4.619519199618543071e-01,2.954442497754455665e+00,-5.669781924973244180e+00,5.708960998173053447e-04
9.260000000000007114e-01,8.701951150142828162e-01,4.562725657331039852e-01,2.918290758592149814e+00,-5.688887701655596985e+00,5.715132847828975149e-04
9.270000000000007123e-01,8.730952765981466746e-01,4.505742223733728014e-01,2.882011241460029627e+00,-5.707760034707220598e+00,5.721304697484664832e-04
9.280000000000007132e-01,8.759590954195206614e-01,4.448571237812002921e-01,2.845605491778158580e+00,-5.726398016088991128e+00,5.727476547140121412e-04
9.290000000000007141e-01,8.787864460215408791e-01,4.391215047578188591e-01,2.809075062100943043e+00,-5.744800748465093143e+00,5.733648396795343804e-04
9.300000000000007150e-01,8.815772045034319104e-01,4.333676009964181342e-01,2.772421512037121172e+00,-5.762967345267539621e+00,5.739820246450333093e-04
9.310000000000007159e-01,8.843312485275205415e-01,4.275956490713452296e-01,2.735646408169063903e+00,-5.780896930760017760e+00,5.745992096105088194e-04
9.320000000000007168e-01,8.870484573261689931e-01,4.218058864272413166e-01,2.698751323971399163e+00,-5.798588640101064229e+00,5.752163945759609107e-04
9.330000000000007176e-01,8.897287117086258856e-01,4.159985513681156433e-01,2.661737839728961053e+00,-5.816041619406551177e+00,5.758335795413895833e-04
9.340000000000007185e-01,8.923718940677954903e-01,4.101738830463570462e-01,2.624607542454073794e+00,-5.833255025811481254e+00,5.764507645067948370e-04
9.350000000000007194e-01,8.949778883869234924e-01,4.043321214516843454e-01,2.587362025803176646e+00,-5.850228027531078290e+00,5.770679494721765636e-04
9.360000000000007203e-01,8.975465802461988218e-01,3.984735074000358424e-01,2.550002889992794675e+00,-5.866959803921171002e+00,5.776851344375347631e-04
9.370000000000007212e-01,9.000778568292719939e-01,3.925982825223988115e-01,2.512531741714865152e+00,-5.883449545537857261e+00,5.783023194028694353e-04
9.380000000000007221e-01,9.025716069296875199e-01,3.867066892535797606e-01,2.474950194051424024e+00,-5.899696454196441842e+00,5.789195043681805803e-04
9.390000000000007230e-01,9.050277209572312742e-01,3.807989708209158497e-01,2.437259866388661766e+00,-5.915699743029640523e+00,5.795366893334680898e-04
9.400000000000007239e-01,9.074460909441912637e-01,3.748753712329290222e-01,2.399462384330355302e+00,-5.931458636545042573e+00,5.801538742987320720e-04
9.410000000000007248e-01,9.098266105515319113e-01,3.689361352679224604e-01,2.361559379610681741e+00,-5.946972370681825382e+00,5.807710592639724187e-04
9.420000000000007256e-01,9.121691750749802985e-01,3.629815084625209742e-01,2.323552490006424165e+00,-5.962240192866707034e+00,5.813882442291890213e-04
9.430000000000007265e-01,9.144736814510248113e-01,3.570117371001559348e-01,2.285443359248575224e+00,-5.977261362069136830e+00,5.820054291943819883e-04
9.440000000000007274e-01,9.167400282628249686e-01,3.510270681994951958e-01,2.247233636933346990e+00,-5.992035148855715754e+00,5.826226141595512113e-04
9.450000000000007283e-01,9.189681157460317662e-01,3.450277495028190033e-01,2.208924978432594610e+00,-6.006560835443830015e+00,5.832397991246966902e-04
9.460000000000007292e-01,9.211578457945183152e-01,3.390140294643427810e-01,2.170519044803661757e+00,-6.020837715754503883e+00,5.838569840898184251e-04
9.470000000000007301e-01,9.233091219660201077e-01,3.329861572384873458e-01,2.132017502698656752e+00,-6.034865095464454043e+00,5.844741690549164160e-04
9.480000000000007310e-01,9.254218494876840229e-01,3.269443826680976661e-01,2.093422024273164705e+00,-6.048642292057344605e+00,5.850913540199905545e-04
9.490000000000007319e-01,9.274959352615260721e-01,3.208889562726104927e-01,2.054734287094409861e+00,-6.062168634874229411e+00,5.857085389850408405e-04
9.500000000000007327e-01,9.295312878697967740e-01,3.148201292361720305e-01,2.015955974048868171e+00,-6.075443465163183454e+00,5.863257239500672740e-04
9.510000000000007336e-01,9.315278175802541583e-01,3.087381533957066493e-01,1.977088773249346509e+00,-6.088466136128106498e+00,5.869429089150698551e-04
9.520000000000007345e-01,9.334854363513432896e-01,3.026432812289368002e-01,1.938134377941531872e+00,-6.101236012976701595e+00,5.875600938800484754e-04
9.530000000000007354e-01,9.354040578372820880e-01,2.965357658423556364e-01,1.899094486410022320e+00,-6.113752472967615148e+00,5.881772788450031347e-04
9.540000000000007363e-01,9.372835973930533360e-01,2.904158609591528939e-01,1.859970801883845226e+00,-6.126014905456733217e+00,5.887944638099338332e-04
9.550000000000007372e-01,9.391239720793015389e-01,2.842838209070948641e-01,1.820765032441475473e+00,-6.138022711942631382e+00,5.894116487748405709e-04
9.560000000000007381e-01,9.409251006671344175e-01,2.781399006063592916e-01,1.781478890915359825e+00,-6.149775306111165740e+00,5.900288337397233476e-04
9.570000000000007390e-01,9.426869036428293658e-01,2.719843555573261407e-01,1.742114094795956580e+00,-6.161272113879205925e+00,5.906460187045820551e-04
9.580000000000007399e-01,9.444093032124430964e-01,2.658174418283251184e-01,1.702672366135302040e+00,-6.172512573437496819e+00,5.912632036694166933e-04
9.590000000000007407e-01,9.460922233063245868e-01,2.596394160433406761e-01,1.663155431450110022e+00,-6.183496135292647189e+00,5.918803886342272622e-04
9.600000000000007416e-01,9.477355895835315458e-01,2.534505353696756558e-01,1.623565021624415072e+00,-6.194222262308239912e+00,5.924975735990136534e-04
9.610000000000007425e-01,9.493393294361484047e-01,2.472510575055739401e-01,1.583902871811769808e+00,-6.204690429745055802e+00,5.931147585637759753e-04
9.620000000000007434e-01,9.509033719935072737e-01,2.410412406678036357e-01,1.544170721337003727e+00,-6.214900125300403921e+00,5.937319435285141195e-04
9.630000000000007443e-01,9.524276481263094229e-01,2.348213435792012305e-01,1.504370313597553910e+00,-6.224850849146558396e+00,5.943491284932280860e-04
9.640000000000007452e-01,9.539120904506486198e-01,2.285916254561777827e-01,1.464503395964378507e+00,-6.234542113968291943e+00,5.949663134579177663e-04
9.650000000000007461e-01,9.553566333319349901e-01,2.223523459961880278e-01,1.424571719682461213e+00,-6.243973444999499023e+00,5.955834984225832690e-04
9.660000000000007470e-01,9.567612128887190703e-01,2.161037653651633195e-01,1.384577039770916063e+00,-6.253144380058910379e+00,5.962006833872244855e-04
9.670000000000007478e-01,9.581257669964157175e-01,2.098461441849093223e-01,1.344521114922704541e+00,-6.262054469584886540e+00,5.968178683518414159e-04
9.680000000000007487e-01,9.594502352909277665e-01,2.035797435204693695e-01,1.304405707403972769e+00,-6.270703276669291171e+00,5.974350533164340601e-04
9.690000000000007496e-01,9.607345591721686562e-01,1.973048248674544591e-01,1.264232582953020767e+00,-6.279090377090432717e+00,5.980522382810023099e-04
9.700000000000007505e-01,9.619786818074841372e-01,1.910216501393406097e-01,1.224003510678911333e+00,-6.287215359345078802e+00,5.986694232455462734e-04
9.710000000000007514e-01,9.631825481349718387e-01,1.847304816547349349e-01,1.183720262959730984e+00,-6.295077824679529144e+00,5.992866082100658425e-04
9.720000000000007523e-01,9.643461048666995827e-01,1.784315821246107991e-01,1.143384615340512944e+00,-6.302677387119750563e+00,5.999037931745609085e-04
9.730000000000007532e-01,9.654693004918211141e-01,1.721252146395136351e-01,1.102998346430830390e+00,-6.310013673500563414e+00,6.005209781390315801e-04
9.740000000000007541e-01,9.665520852795890239e-01,1.658116426567378121e-01,1.062563237802073068e+00,-6.317086323493882105e+00,6.011381631034777486e-04
9.750000000000007550e-01,9.675944112822654208e-01,1.594911299874758048e-01,1.022081073884415714e+00,-6.323894989635996389e+00,6.017553480678994142e-04
9.760000000000007558e-01,9.685962323379289085e-01,1.531639407839406053e-01,9.815536418634890348e-01,-6.330439337353899631e+00,6.023725330322965768e-04
9.770000000000007567e-01,9.695575040731783112e-01,1.468303395264622668e-01,9.409827315767653744e-01,-6.336719044990652527e+00,6.029897179966692364e-04
9.780000000000007576e-01,9.704781839057324833e-01,1.404905910105595512e-01,9.003701354096669274e-01,-6.342733803829783135e+00,6.036069029610172847e-04
9.790000000000007585e-01,9.713582310469264236e-01,1.341449603339876229e-01,8.597176481914095003e-01,-6.348483318118719687e+00,6.042240879253407216e-04
9.800000000000007594e-01,9.721976065041026960e-01,1.277937128837628722e-01,8.190270670905912542e-01,-6.353967305091245521e+00,6.048412728896395470e-04
9.810000000000007603e-01,9.729962730828984885e-01,1.214371143231657707e-01,7.783001915105373092e-01,-6.359185494988986775e+00,6.054584578539137611e-04
9.820000000000007612e-01,9.737541953894280899e-01,1.150754305787226178e-01,7.375388229844114241e-01,-6.364137631081913327e+00,6.060756428181633638e-04
9.830000000000007621e-01,9.744713398323600062e-01,1.087089278271674286e-01,6.967447650701050765e-01,-6.368823469687867167e+00,6.066928277823882467e-04
9.840000000000007629e-01,9.751476746248891603e-01,1.023378724823846564e-01,6.559198232449151567e-01,-6.373242780191097800e+00,6.073100127465884098e-04
9.850000000000007638e-01,9.757831697866035103e-01,9.596253118233394330e-02,6.150658048000205991e-01,-6.377395345059817089e+00,6.079271977107638530e-04
9.860000000000007647e-01,9.763777971452450855e-01,8.958317077595781552e-02,5.741845187347698332e-01,-6.381280959862762003e+00,6.085443826749144681e-04
9.870000000000007656e-01,9.769315303383652171e-01,8.320005831007323827e-02,5.332777756507888212e-01,-6.384899433284767056e+00,6.091615676390403633e-04
9.880000000000007665e-01,9.774443448148738556e-01,7.681346101624821066e-02,4.923473876459221743e-01,-6.388250587141341086e+00,6.097787526031414303e-04
9.890000000000007674e-01,9.779162178364826374e-01,7.042364629766416362e-02,4.513951682080167283e-01,-6.391334256392247504e+00,6.103959375672175607e-04
9.900000000000007683e-01,9.783471284790417055e-01,6.403088171596536815e-02,4.104229321085600124e-01,-6.394150289154089783e+00,6.110131225312688628e-04
9.910000000000007692e-01,9.787370576337701689e-01,5.763543497809618665e-02,3.694324952961838826e-01,-6.396698546711893307e+00,6.116303074952953367e-04
9.920000000000007701e-01,9.790859880083799816e-01,5.123757392312730530e-02,3.284256747900449747e-01,-6.398978903529687123e+00,6.122474924592968739e-04
9.930000000000007709e-01,9.793939041280929070e-01,4.483756650907184255e-02,2.874042885730925811e-01,-6.400991247260082950e+00,6.128646774232734745e-04
9.940000000000007718e-01,9.796607923365512338e-01,3.843568079969240936e-02,2.463701554852355258e-01,-6.402735478752848763e+00,6.134818623872250300e-04
9.950000000000007727e-01,9.798866407966209113e-01,3.203218495130005783e-02,2.053250951164192761e-01,-6.404211512062476963e+00,6.140990473511516489e-04
9.960000000000007736e-01,9.800714394910883254e-01,2.562734719954622500e-02,1.642709276996240364e-01,-6.405419274454747125e+00,6.147162323150532227e-04
9.970000000000007745e-01,9.802151802232498268e-01,1.922143584620856008e-02,1.232094740037955327e-01,-6.406358706412277115e+00,6.153334172789297514e-04
9.980000000000007754e-01,9.803178566173939013e-01,1.281471924597174517e-02,8.214255522671942700e-02,-6.407029761639069676e+00,6.159506022427812351e-04
9.990000000000007763e-01,9.803794641191767578e-01,6.407465793204246418e-03,4.107199288785071817e-02,-6.407432407064048263e+00,6.165677872066075652e-04
1.000000000000000666e+00,9.803999999958902256e-01,-5.609126794547253381e-08,-3.912788906351716278e-07,-6.407566622843581250e+00,6.171849721704088503e-04
