tau,x,y,u,v,theta1
0.000000000000000000e+00,9.925999999999999268e-01,-0.000000000000000000e+00,0.000000000000000000e+00,-6.329854192233197452e+00,0.000000000000000000e+00
1.000000000000000021e-03,9.925799661214799174e-01,-6.329811604280980580e-03,-4.006761925031755017e-02,-6.329726428820740658e+00,2.674159734719438360e-05
2.000000000000000042e-03,9.925198653126529047e-01,-1.265936768357127720e-02,-8.013358504289699868e-02,-6.329343144086042372e+00,5.348319469260570864e-05
3.000000000000000062e-03,9.924197000536766344e-01,-1.898841272388544429e-02,-1.201962439971391572e-01,-6.328704354536803578e+00,8.022479203445090639e-05
4.000000000000000083e-03,9.922794744780185638e-01,-2.531669123324790938e-02,-1.602539428867174875e-01,-6.327810087684877516e+00,1.069663893709469081e-04
5.000000000000000104e-03,9.920991943722633488e-01,-3.164394775269644550e-02,-2.003050287167016663e-01,-6.326660382044793529e+00,1.337079867003106485e-04
6.000000000000000125e-03,9.918788671758427267e-01,-3.796992686728384997e-02,-2.403478488006657032e-01,-6.325255287131692050e+00,1.604495840207590892e-04
7.000000000000000146e-03,9.916185019806884604e-01,-4.429437321707728470e-02,-2.803807508377756386e-01,-6.323594863458671611e+00,1.871911813305091380e-04
8.000000000000000167e-03,9.913181095308083446e-01,-5.061703150815466401e-02,-3.204020829898515110e-01,-6.321679182533544328e+00,2.139327786277777429e-04
9.000000000000001055e-03,9.909777022217847176e-01,-5.693764652359750711e-02,-3.604101939583987391e-01,-6.319508326855002522e+00,2.406743759107818521e-04
1.000000000000000194e-02,9.905972941001967014e-01,-6.325596313447963415e-02,-4.004034330616035864e-01,-6.317082389908199147e+00,2.674159731777383869e-04
1.100000000000000283e-02,9.901769008629647262e-01,-6.957172631085119241e-02,-4.403801503112875770e-01,-6.314401476159735793e+00,2.941575704268642954e-04
1.200000000000000372e-02,9.897165398566184491e-01,-7.588468113271736037e-02,-4.803386964898160305e-01,-6.311465701052067168e+00,3.208991676563764986e-04
1.300000000000000461e-02,9.892162300764880678e-01,-8.219457280101111207e-02,-5.202774232269553600e-01,-6.308275190997314041e+00,3.476407648644919178e-04
1.400000000000000550e-02,9.886759921658181405e-01,-8.850114664855961155e-02,-5.601946830766740826e-01,-6.304830083370493554e+00,3.743823620494275283e-04
1.500000000000000638e-02,9.880958484148053556e-01,-9.480414815104343251e-02,-6.000888295938825445e-01,-6.301130526502157991e+00,4.011239592094002510e-04
1.600000000000000727e-02,9.874758227595588078e-01,-1.011033229379481729e-01,-6.399582174111062560e-01,-6.297176679670452693e+00,4.278655563426270072e-04
1.700000000000000816e-02,9.868159407809845574e-01,-1.073984168035078540e-01,-6.798012023150876715e-01,-6.292968713092587763e+00,4.546071534473247722e-04
1.800000000000000905e-02,9.861162297035928059e-01,-1.136891757176394790e-01,-7.196161413233115312e-01,-6.288506807915723584e+00,4.813487505217104671e-04
1.900000000000000994e-02,9.853767183942291341e-01,-1.199753458368681414e-01,-7.594013927604487124e-01,-6.283791156207274575e+00,5.080903475640010129e-04
2.000000000000001082e-02,9.845974373607290220e-01,-1.262566735152422515e-01,-7.991553163347128175e-01,-6.278821960944631186e+00,5.348319445724133850e-04
2.100000000000001171e-02,9.837784187504960975e-01,-1.325329053152380643e-01,-8.388762732141259448e-01,-6.273599436004299257e+00,5.615735415451645045e-04
2.200000000000001260e-02,9.829196963490044459e-01,-1.388037880186531736e-01,-8.785626261026874273e-01,-6.268123806150457611e+00,5.883151384804712926e-04
2.300000000000001349e-02,9.820213055782243128e-01,-1.450690686374881966e-01,-9.182127393164405404e-01,-6.262395307022938340e+00,6.150567353765506702e-04
2.400000000000001438e-02,9.810832834949724246e-01,-1.513284944248162178e-01,-9.578249788594330738e-01,-6.256414185124625327e+00,6.417983322316195586e-04
2.500000000000001527e-02,9.801056687891855912e-01,-1.575818128856391886e-01,-9.973977124995656585e-01,-6.250180697808279895e+00,6.685399290438948788e-04
2.600000000000001615e-02,9.790885017821194802e-01,-1.638287717877311422e-01,-1.036929309844323965e+00,-6.243695113262784702e+00,6.952815258115936604e-04
2.700000000000001704e-02,9.780318244244708970e-01,-1.700691191724670315e-01,-1.076418142416389001e+00,-6.236957710498816532e+00,7.220231225329328244e-04
2.800000000000001793e-02,9.769356802944247908e-01,-1.763026033656372449e-01,-1.115862583729120505e+00,-6.229968779333943552e+00,7.487647192061292921e-04
2.900000000000001882e-02,9.758001145956262112e-01,-1.825289729882467737e-01,-1.155261009361910007e+00,-6.222728620377149689e+00,7.755063158293999843e-04
3.000000000000001971e-02,9.746251741550762127e-01,-1.887479769672985863e-01,-1.194611797035395995e+00,-6.215237545012788800e+00,8.022479124009618224e-04
3.100000000000002059e-02,9.734109074209535972e-01,-1.949593645465608205e-01,-1.233913326686538969e+00,-6.207495875383966855e+00,8.289895089190317274e-04
3.200000000000002148e-02,9.721573644603604958e-01,-2.011628852973169623e-01,-1.273163980543549512e+00,-6.199503944375358344e+00,8.557311053818267288e-04
3.300000000000002237e-02,9.708645969569943412e-01,-2.073582891290985664e-01,-1.312362143200665576e+00,-6.191262095595454262e+00,8.824727017875636393e-04
3.400000000000002326e-02,9.695326582087440137e-01,-2.135453263004000179e-01,-1.351506201692774578e+00,-6.182770683358246089e+00,9.092142981344594884e-04
3.500000000000002415e-02,9.681616031252121557e-01,-2.197237474293745330e-01,-1.390594545569873386e+00,-6.174030072664343116e+00,9.359558944207311973e-04
3.600000000000002504e-02,9.667514882251629915e-01,-2.258933035045112281e-01,-1.429625566971364004e+00,-6.165040639181529336e+00,9.626974906445956871e-04
3.700000000000002592e-02,9.653023716338957616e-01,-2.320537458952922627e-01,-1.468597660700178276e+00,-6.155802769224762550e+00,9.894390868042698788e-04
3.800000000000002681e-02,9.638143130805441050e-01,-2.382048263628297746e-01,-1.507509224296728068e+00,-6.146316859735609484e+00,1.016180682897970802e-03
3.900000000000002770e-02,9.622873738953017231e-01,-2.443462970704820270e-01,-1.546358658112674700e+00,-6.136583318261126685e+00,1.042922278923915378e-03
4.000000000000002859e-02,9.607216170065745464e-01,-2.504779105944480722e-01,-1.585144365384514753e+00,-6.126602562932188967e+00,1.069663874880320527e-03
4.100000000000002948e-02,9.591171069380588499e-01,-2.565994199343404891e-01,-1.623864752306976245e+00,-6.116375022441258302e+00,1.096405470765403171e-03
4.200000000000003036e-02,9.574739098057465370e-01,-2.627105785237356383e-01,-1.662518228106220519e+00,-6.105901136019607378e+00,1.123147066577380232e-03
4.300000000000003125e-02,9.557920933148572606e-01,-2.688111402407009076e-01,-1.701103205112846295e+00,-6.095181353413991587e+00,1.149888662314468629e-03
4.400000000000003214e-02,9.540717267566976023e-01,-2.749008594182981713e-01,-1.739618098834689430e+00,-6.084216134862770353e+00,1.176630257974885284e-03
4.500000000000003303e-02,9.523128810054473092e-01,-2.809794908550634074e-01,-1.778061328029416410e+00,-6.073005951071491104e+00,1.203371853556847119e-03
4.600000000000003392e-02,9.505156285148734785e-01,-2.870467898254613348e-01,-1.816431314776903116e+00,-6.061551283187921690e+00,1.230113449058571054e-03
4.700000000000003481e-02,9.486800433149720213e-01,-2.931025120903149039e-01,-1.854726484551398880e+00,-6.049852622776546340e+00,1.256855044478274227e-03
4.800000000000003569e-02,9.468062010085375180e-01,-2.991464139072090855e-01,-1.892945266293467377e+00,-6.037910471792522493e+00,1.283596639814173343e-03
4.900000000000003658e-02,9.448941787676609083e-01,-3.051782520408682919e-01,-1.931086092481701932e+00,-6.025725342555099395e+00,1.310338235064485539e-03
5.000000000000003747e-02,9.429440553301556838e-01,-3.111977837735070418e-01,-1.969147399204211002e+00,-6.013297757720504677e+00,1.337079830227427737e-03
5.100000000000003836e-02,9.409559109959129142e-01,-3.172047669151529248e-01,-2.007127626229867179e+00,-6.000628250254296248e+00,1.363821425301216641e-03
5.200000000000003925e-02,9.389298276231846652e-01,-3.231989598139421438e-01,-2.045025217079318391e+00,-5.987717363403186610e+00,1.390563020284069388e-03
5.300000000000004013e-02,9.368658886247970274e-01,-3.291801213663862469e-01,-2.082838619095753074e+00,-5.974565650666339600e+00,1.417304615174202901e-03
5.400000000000004102e-02,9.347641789642923138e-01,-3.351480110276099378e-01,-2.120566283515419759e+00,-5.961173675766141322e+00,1.444046209969834099e-03
5.500000000000004191e-02,9.326247851520006460e-01,-3.411023888215596322e-01,-2.158206665537892199e+00,-5.947542012618450613e+00,1.470787804669179905e-03
5.600000000000004280e-02,9.304477952410418196e-01,-3.470430153511817051e-01,-2.195758224396077818e+00,-5.933671245302326369e+00,1.497529399270457239e-03
5.700000000000004369e-02,9.282332988232568916e-01,-3.529696518085703727e-01,-2.233219423425965466e+00,-5.919561968029243282e+00,1.524270993771883239e-03
5.800000000000004458e-02,9.259813870250706014e-01,-3.588820599850845450e-01,-2.270588730136107181e+00,-5.905214785111787101e+00,1.551012588171674610e-03
5.900000000000004546e-02,9.236921525032837366e-01,-3.647800022814330356e-01,-2.307864616276831260e+00,-5.890630310931842750e+00,1.577754182468048272e-03
6.000000000000004635e-02,9.213656894407973308e-01,-3.706632417177277428e-01,-2.345045557909180012e+00,-5.875809169908269070e+00,1.604495776659221364e-03
6.100000000000004724e-02,9.190020935422674730e-01,-3.765315419435042443e-01,-2.382130035473569940e+00,-5.860751996464070857e+00,1.631237370743410589e-03
6.200000000000004813e-02,9.166014620296913940e-01,-3.823846672477093089e-01,-2.419116533858171270e+00,-5.845459434993064640e+00,1.657978964718833086e-03
6.300000000000004208e-02,9.141638936379260505e-01,-3.882223825686548779e-01,-2.456003542466997924e+00,-5.829932139826045301e+00,1.684720558583705776e-03
6.400000000000004297e-02,9.116894886101382101e-01,-3.940444535039378526e-01,-2.492789555287710179e+00,-5.814170775196452645e+00,1.711462152336245580e-03
6.500000000000004385e-02,9.091783486931869218e-01,-3.998506463203254646e-01,-2.529473070959121994e+00,-5.798176015205545930e+00,1.738203745974669420e-03
6.600000000000004474e-02,9.066305771329389307e-01,-4.056407279636053964e-01,-2.566052592838408142e+00,-5.781948543787082784e+00,1.764945339497194215e-03
6.700000000000004563e-02,9.040462786695165898e-01,-4.114144660684004307e-01,-2.602526629068012021e+00,-5.765489054671511404e+00,1.791686932902036887e-03
6.800000000000004652e-02,9.014255595324796033e-01,-4.171716289679470724e-01,-2.638893692642244382e+00,-5.748798251349674260e+00,1.818428526187414358e-03
6.900000000000004741e-02,8.987685274359397125e-01,-4.229119857038374786e-01,-2.675152301473573857e+00,-5.731876847036030398e+00,1.845170119351543549e-03
7.000000000000004829e-02,8.960752915736096558e-01,-4.286353060357246392e-01,-2.711300978458601296e+00,-5.714725564631399024e+00,1.871911712392641597e-03
7.100000000000004918e-02,8.933459626137859599e-01,-4.343413604509898662e-01,-2.747338251543718357e+00,-5.697345136685220801e+00,1.898653305308925206e-03
7.200000000000005007e-02,8.905806526942667833e-01,-4.400299201743722022e-01,-2.783262653790443242e+00,-5.679736305357351078e+00,1.925394898098611515e-03
7.300000000000005096e-02,8.877794754172041447e-01,-4.457007571775598032e-01,-2.819072723440430028e+00,-5.661899822379378833e+00,1.952136490759917228e-03
7.400000000000005185e-02,8.849425458438912040e-01,-4.513536441887419093e-01,-2.854767003980150708e+00,-5.643836449015479317e+00,1.978878083291059700e-03
7.500000000000005274e-02,8.820699804894855944e-01,-4.569883547021217352e-01,-2.890344044205242380e+00,-5.625546956022803080e+00,2.005619675690255201e-03
7.600000000000005362e-02,8.791618973176679175e-01,-4.626046629873894478e-01,-2.925802398284520045e+00,-5.607032123611402241e+00,2.032361267955721303e-03
7.700000000000005451e-02,8.762184157352368441e-01,-4.682023440991548990e-01,-2.961140625823646566e+00,-5.588292741403700248e+00,2.059102860085674710e-03
7.800000000000005540e-02,8.732396565866406002e-01,-4.737811738863395017e-01,-2.996357291928460231e+00,-5.569329608393507769e+00,2.085844452078332561e-03
7.900000000000005629e-02,8.702257421484451694e-01,-4.793409290015268609e-01,-3.031450967267956376e+00,-5.550143532904585619e+00,2.112586043931911559e-03
8.000000000000005718e-02,8.671767961237399902e-01,-4.848813869102718832e-01,-3.066420228136915949e+00,-5.530735332548763594e+00,2.139327635644628408e-03
8.100000000000005806e-02,8.640929436364807037e-01,-4.904023259003678081e-01,-3.101263656518179701e+00,-5.511105834183611663e+00,2.166069227214700681e-03
8.200000000000005895e-02,8.609743112257702835e-01,-4.959035250910704407e-01,-3.135979840144566655e+00,-5.491255873869672399e+00,2.192810818640344647e-03
8.300000000000005984e-02,8.578210268400783267e-01,-5.013847644422796401e-01,-3.170567372560430641e+00,-5.471186296827254658e+00,2.219552409919777879e-03
8.400000000000006073e-02,8.546332198313988382e-01,-5.068458247636772329e-01,-3.205024853182851352e+00,-5.450897957392796478e+00,2.246294001051217081e-03
8.500000000000006162e-02,8.514110209493468417e-01,-5.122864877238213488e-01,-3.239350887362458575e+00,-5.430391718974794557e+00,2.273035592032878957e-03
8.600000000000006251e-02,8.481545623351948171e-01,-5.177065358591961264e-01,-3.273544086443885615e+00,-5.409668454009309180e+00,2.299777182862980645e-03
8.700000000000006339e-02,8.448639775158486298e-01,-5.231057525832166766e-01,-3.307603067825848342e+00,-5.388729043915046368e+00,2.326518773539738849e-03
8.800000000000006428e-02,8.415394013977633980e-01,-5.284839221951893595e-01,-3.341526455020845887e+00,-5.367574379048019040e+00,2.353260364061371141e-03
8.900000000000006517e-02,8.381809702608001844e-01,-5.338408298892260984e-01,-3.375312877714482518e+00,-5.346205358655795159e+00,2.380001954426093792e-03
9.000000000000006606e-02,8.347888217520234022e-01,-5.391762617631130627e-01,-3.408960971824403163e+00,-5.324622890831330224e+00,2.406743544632123939e-03
9.100000000000006695e-02,8.313630948794391573e-01,-5.444900048271326121e-01,-3.442469379558846132e+00,-5.302827892466395632e+00,2.433485134677678720e-03
9.200000000000006783e-02,8.279039300056759698e-01,-5.497818470128387203e-01,-3.475836749474801923e+00,-5.280821289204600255e+00,2.460226724560974840e-03
9.300000000000006872e-02,8.244114688416068759e-01,-5.550515771817852162e-01,-3.509061736535782128e+00,-5.258604015394009679e+00,2.486968314280229436e-03
9.400000000000006961e-02,8.208858544399141310e-01,-5.602989851342062844e-01,-3.542143002169190868e+00,-5.236177014039372857e+00,2.513709903833659647e-03
9.500000000000007050e-02,8.173272311885969588e-01,-5.655238616176491151e-01,-3.575079214323299670e+00,-5.213541236753951758e+00,2.540451493219482177e-03
9.600000000000007139e-02,8.137357448044222341e-01,-5.707259983355582600e-01,-3.607869047523819095e+00,-5.190697643710962872e+00,2.567193082435913730e-03
9.700000000000007228e-02,8.101115423263191007e-01,-5.759051879558110265e-01,-3.640511182930066703e+00,-5.167647203594635030e+00,2.593934671481171444e-03
9.800000000000007316e-02,8.064547721087171883e-01,-5.810612241192040228e-01,-3.673004308390728223e+00,-5.144390893550880861e+00,2.620676260353472457e-03
9.900000000000007405e-02,8.027655838148297640e-01,-5.861939014478897425e-01,-3.705347118499208836e+00,-5.120929699137596103e+00,2.647417849051033473e-03
1.000000000000000749e-01,7.990441284098813712e-01,-5.913030155537639665e-01,-3.737538314648572335e+00,-5.097264614274582328e+00,2.674159437572071630e-03
1.010000000000000758e-01,7.952905581542808466e-01,-5.963883630468019836e-01,-3.769576605086063736e+00,-5.073396641193098411e+00,2.700901025914803633e-03
1.020000000000000767e-01,7.915050265967403798e-01,-6.014497415433450733e-01,-3.801460704967217108e+00,-5.049326790385049613e+00,2.727642614077446619e-03
1.030000000000000776e-01,7.876876885673398387e-01,-6.064869496743353627e-01,-3.833189336409540626e+00,-5.025056080551811633e+00,2.754384202058217292e-03
1.040000000000000785e-01,7.838387001705385826e-01,-6.114997870934997248e-01,-3.864761228545780192e+00,-5.000585538552697606e+00,2.781125789855332792e-03
1.050000000000000794e-01,7.799582187781334275e-01,-6.164880544854816069e-01,-3.896175117576757163e+00,-4.975916199353072500e+00,2.807867377467010254e-03
1.060000000000000803e-01,7.760464030221645437e-01,-6.214515535739210117e-01,-3.927429746823778434e+00,-4.951049105972114894e+00,2.834608964891466385e-03
1.070000000000000812e-01,7.721034127877688391e-01,-6.263900871294822981e-01,-3.958523866780617961e+00,-4.925985309430235937e+00,2.861350552126918322e-03
1.080000000000000820e-01,7.681294092059817169e-01,-6.313034589778288019e-01,-3.989456235165064424e+00,-4.900725868696153675e+00,2.888092139171582768e-03
1.090000000000000829e-01,7.641245546464875416e-01,-6.361914740075444996e-01,-4.020225616970034110e+00,-4.875271850633631665e+00,2.914833726023676862e-03
1.100000000000000838e-01,7.600890127103189231e-01,-6.410539381780023804e-01,-4.050830784514248606e+00,-4.849624329947881840e+00,2.941575312681417309e-03
1.110000000000000847e-01,7.560229482225060416e-01,-6.458906585271788625e-01,-4.081270517492472827e+00,-4.823784389131640538e+00,2.968316899143021246e-03
1.120000000000000856e-01,7.519265272246754561e-01,-6.507014431794142517e-01,-4.111543603025308968e+00,-4.797753118410916784e+00,2.995058485406705377e-03
1.130000000000000865e-01,7.477999169675996205e-01,-6.554861013531187997e-01,-4.141648835708551246e+00,-4.771531615690419947e+00,3.021800071470686841e-03
1.140000000000000874e-01,7.436432859036972154e-01,-6.602444433684240277e-01,-4.171585017662095218e+00,-4.745120986498671201e+00,3.048541657333182775e-03
1.150000000000000883e-01,7.394568036794848531e-01,-6.649762806547788729e-01,-4.201350958578395023e+00,-4.718522343932798790e+00,3.075283242992409884e-03
1.160000000000000892e-01,7.352406411279801546e-01,-6.696814257584905450e-01,-4.230945475770475639e+00,-4.691736808603028663e+00,3.102024828446585305e-03
1.170000000000000900e-01,7.309949702610578637e-01,-6.743596923502097606e-01,-4.260367394219493065e+00,-4.664765508576868669e+00,3.128766413693925743e-03
1.180000000000000909e-01,7.267199642617576671e-01,-6.790108952323600233e-01,-4.289615546621838860e+00,-4.637609579322990783e+00,3.155507998732648336e-03
1.190000000000000918e-01,7.224157974765458290e-01,-6.836348503465106141e-01,-4.318688773435792605e+00,-4.610270163654818454e+00,3.182249583560969788e-03
1.200000000000000927e-01,7.180826454075301957e-01,-6.882313747806930726e-01,-4.347585922927715174e+00,-4.582748411673821742e+00,3.208991168177107237e-03
1.210000000000000936e-01,7.137206847046290159e-01,-6.928002867766606121e-01,-4.376305851217787257e+00,-4.555045480712525574e+00,3.235732752579277820e-03
1.220000000000000945e-01,7.093300931576946855e-01,-6.973414057370906916e-01,-4.404847422325280704e+00,-4.527162535277232003e+00,3.262474336765698243e-03
1.230000000000000954e-01,7.049110496885920840e-01,-7.018545522327299668e-01,-4.433209508213374228e+00,-4.499100746990464472e+00,3.289215920734585644e-03
1.240000000000000963e-01,7.004637343432323915e-01,-7.063395480094815104e-01,-4.461390988833502824e+00,-4.470861294533139407e+00,3.315957504484156725e-03
1.250000000000000833e-01,6.959883282835629403e-01,-7.107962159954346326e-01,-4.489390752169241772e+00,-4.442445363586459806e+00,3.342699088012628626e-03
1.260000000000000842e-01,6.914850137795132134e-01,-7.152243803078353057e-01,-4.517207694279724350e+00,-4.413854146773551257e+00,3.369440671318218051e-03
1.270000000000000850e-01,6.869539742008980987e-01,-7.196238662599995228e-01,-4.544840719342592372e+00,-4.385088843600827069e+00,3.396182254399142137e-03
1.280000000000000859e-01,6.823953940092776227e-01,-7.239945003681664826e-01,-4.572288739696474202e+00,-4.356150660399103813e+00,3.422923837253617589e-03
1.290000000000000868e-01,6.778094587497753842e-01,-7.283361103582940421e-01,-4.599550675882994710e+00,-4.327040810264453974e+00,3.449665419879861979e-03
1.300000000000000877e-01,6.731963550428543552e-01,-7.326485251727938852e-01,-4.626625456688310933e+00,-4.297760512998817006e+00,3.476407002276091576e-03
1.310000000000000886e-01,6.685562705760520474e-01,-7.369315749772077373e-01,-4.653512019184175230e+00,-4.268310995050359047e+00,3.503148584440523520e-03
1.320000000000000895e-01,6.638893940956743789e-01,-7.411850911668236286e-01,-4.680209308768523258e+00,-4.238693489453596364e+00,3.529890166371374947e-03
1.330000000000000904e-01,6.591959153984496833e-01,-7.454089063732323162e-01,-4.706716279205583220e+00,-4.208909235769279888e+00,3.556631748066862997e-03
1.340000000000000913e-01,6.544760253231423075e-01,-7.496028544708233099e-01,-4.733031892665510831e+00,-4.178959480024046158e+00,3.583373329525204373e-03
1.350000000000000921e-01,6.497299157421271287e-01,-7.537667705832203913e-01,-4.759155119763545549e+00,-4.148845474649841769e+00,3.610114910744615779e-03
1.360000000000000930e-01,6.449577795529251034e-01,-7.579004910896566249e-01,-4.785084939598686304e+00,-4.118568478423125789e+00,3.636856491723314353e-03
1.370000000000000939e-01,6.401598106697004020e-01,-7.620038536312884192e-01,-4.810820339791883171e+00,-4.088129756403848347e+00,3.663598072459517234e-03
1.380000000000000948e-01,6.353362040147195744e-01,-7.660766971174484130e-01,-4.836360316523755642e+00,-4.057530579874216059e+00,3.690339652951441125e-03
1.390000000000000957e-01,6.304871555097730784e-01,-7.701188617318368568e-01,-4.861703874571818851e+00,-4.026772226277248734e+00,3.717081233197303165e-03
1.400000000000000966e-01,6.256128620675600605e-01,-7.741301889386518198e-01,-4.886850027347233727e+00,-3.995855979155126914e+00,3.743822813195320492e-03
1.410000000000000975e-01,6.207135215830367203e-01,-7.781105214886573362e-01,-4.911797796931068660e+00,-3.964783128087336017e+00,3.770564392943709809e-03
1.420000000000000984e-01,6.157893329247281500e-01,-7.820597034251898227e-01,-4.936546214110077102e+00,-3.933554968628615978e+00,3.797305972440687821e-03
1.430000000000000993e-01,6.108404959260053113e-01,-7.859775800901021015e-01,-4.961094318411986670e+00,-3.902172802246714145e+00,3.824047551684471666e-03
1.440000000000001001e-01,6.058672113763261535e-01,-7.898639981296451396e-01,-4.985441158140308637e+00,-3.870637936259950340e+00,3.850789130673278483e-03
1.450000000000001010e-01,6.008696810124430909e-01,-7.937188055002875053e-01,-5.009585790408650041e+00,-3.838951683774596280e+00,3.877530709405324974e-03
1.460000000000001019e-01,5.958481075095757307e-01,-7.975418514744718745e-01,-5.033527281174546175e+00,-3.807115363622073367e+00,3.904272287878828279e-03
1.470000000000001028e-01,5.908026944725501828e-01,-8.013329866463086981e-01,-5.057264705272798366e+00,-3.775130300295974628e+00,3.931013866092005100e-03
1.480000000000001037e-01,5.857336464269056187e-01,-8.050920629372066983e-01,-5.080797146448326806e+00,-3.742997823888915665e+00,3.957755444043072578e-03
1.490000000000001046e-01,5.806411688099675228e-01,-8.088189336014404152e-01,-5.104123697388530445e+00,-3.710719270029213757e+00,3.984497021730247848e-03
1.500000000000001055e-01,5.755254679618895253e-01,-8.125134532316541369e-01,-5.127243459755159272e+00,-3.678295979817407968e+00,4.011238599151747616e-03
1.510000000000001064e-01,5.703867511166632598e-01,-8.161754777643022152e-01,-5.150155544215690995e+00,-3.645729299762614950e+00,4.037980176305789454e-03
1.520000000000001072e-01,5.652252263930971354e-01,-8.198048644850258748e-01,-5.172859070474223664e+00,-3.613020581718733304e+00,4.064721753190590064e-03
1.530000000000001081e-01,5.600411027857643553e-01,-8.234014720339660753e-01,-5.195353167301871800e+00,-3.580171182820495179e+00,4.091463329804366153e-03
1.540000000000001090e-01,5.548345901559211812e-01,-8.269651604110120902e-01,-5.217636972566669584e+00,-3.547182465419369990e+00,4.118204906145334424e-03
1.550000000000001099e-01,5.496058992223948891e-01,-8.304957909809862482e-01,-5.239709633262986443e+00,-3.514055797019328242e+00,4.144946482211711580e-03
1.560000000000001108e-01,5.443552415524434140e-01,-8.339932264787645044e-01,-5.261570305540447912e+00,-3.480792550212465031e+00,4.171688058001715195e-03
1.570000000000001117e-01,5.390828295525853520e-01,-8.374573310143318405e-01,-5.283218154732363558e+00,-3.447394102614489420e+00,4.198429633513562839e-03
1.580000000000001126e-01,5.337888764594025393e-01,-8.408879700777739385e-01,-5.304652355383661977e+00,-3.413861836800085037e+00,4.225171208745470350e-03
1.590000000000001135e-01,5.284735963303146544e-01,-8.442850105442037956e-01,-5.325872091278333720e+00,-3.380197140238143216e+00,4.251912783695655298e-03
1.600000000000001144e-01,5.231372040343266194e-01,-8.476483206786230573e-01,-5.346876555466382186e+00,-3.346401405226876236e+00,4.278654358362334389e-03
1.610000000000001152e-01,5.177799152427493556e-01,-8.509777701407195138e-01,-5.367664950290280679e+00,-3.312476028828812868e+00,4.305395932743724327e-03
1.620000000000001161e-01,5.124019464198941165e-01,-8.542732299895982040e-01,-5.388236487410933861e+00,-3.278422412805679365e+00,4.332137506838042683e-03
1.630000000000001170e-01,5.070035148137413961e-01,-8.575345726884485709e-01,-5.408590387833152491e+00,-3.244241963553173402e+00,4.358879080643506161e-03
1.640000000000001179e-01,5.015848384465845244e-01,-8.607616721091454481e-01,-5.428725881930628994e+00,-3.209936092035630573e+00,4.385620654158331466e-03
1.650000000000001188e-01,4.961461361056485608e-01,-8.639544035367849872e-01,-5.448642209470424547e+00,-3.175506213720592719e+00,4.412362227380736170e-03
1.660000000000001197e-01,4.906876273336847061e-01,-8.671126436741551924e-01,-5.468338619636961440e+00,-3.140953748513277688e+00,4.439103800308936108e-03
1.670000000000001206e-01,4.852095324195413450e-01,-8.702362706461408415e-01,-5.487814371055524276e+00,-3.106280120690957602e+00,4.465845372941149721e-03
1.680000000000001215e-01,4.797120723887113858e-01,-8.733251640040625707e-01,-5.507068731815267348e+00,-3.071486758837247422e+00,4.492586945275592845e-03
1.690000000000001223e-01,4.741954689938573941e-01,-8.763792047299505672e-01,-5.526100979491734400e+00,-3.036575095776310906e+00,4.519328517310483052e-03
1.700000000000001232e-01,4.686599447053139134e-01,-8.793982752407517589e-01,-5.544910401168880121e+00,-3.001546568506983981e+00,4.546070089044037046e-03
1.710000000000001241e-01,4.631057227015683564e-01,-8.823822593924719460e-01,-5.563496293460608477e+00,-2.966402618136824376e+00,4.572811660474471532e-03
1.720000000000001250e-01,4.575330268597204708e-01,-8.853310424842512072e-01,-5.581857962531813655e+00,-2.931144689816085336e+00,4.599553231600004080e-03
1.730000000000001259e-01,4.519420817459210427e-01,-8.882445112623739147e-01,-5.599994724118933398e+00,-2.895774232671625814e+00,4.626294802418851396e-03
1.740000000000001268e-01,4.463331126057902276e-01,-8.911225539242118021e-01,-5.617905903550012070e+00,-2.860292699740752287e+00,4.653036372929230183e-03
1.750000000000001277e-01,4.407063453548161758e-01,-8.939650601221016402e-01,-5.635590835764275219e+00,-2.824701547905002830e+00,4.679777943129358013e-03
1.760000000000001286e-01,4.350620065687342830e-01,-8.967719209671561886e-01,-5.653048865331215644e+00,-2.789002237823872576e+00,4.706519513017450723e-03
1.770000000000001295e-01,4.294003234738875130e-01,-8.995430290330092005e-01,-5.670279346469188297e+00,-2.753196233868489440e+00,4.733261082591726752e-03
1.780000000000001303e-01,4.237215239375685116e-01,-9.022782783594934797e-01,-5.687281643063519354e+00,-2.717285004055240538e+00,4.760002651850401938e-03
1.790000000000001312e-01,4.180258364583437358e-01,-9.049775644562534360e-01,-5.704055128684130338e+00,-2.681270019979352437e+00,4.786744220791693850e-03
1.800000000000001321e-01,4.123134901563602073e-01,-9.076407843062902492e-01,-5.720599186602671971e+00,-2.645152756748433198e+00,4.813485789413819195e-03
1.810000000000001330e-01,4.065847147636355574e-01,-9.102678363694411967e-01,-5.736913209809173964e+00,-2.608934692915976683e+00,4.840227357714994676e-03
1.820000000000001339e-01,4.008397406143314190e-01,-9.128586205857923686e-01,-5.752996601028212531e+00,-2.572617310414833547e+00,4.866968925693437864e-03
1.830000000000001348e-01,3.950787986350109970e-01,-9.154130383790246572e-01,-5.768848772734589403e+00,-2.536202094490654257e+00,4.893710493347365464e-03
1.840000000000001357e-01,3.893021203348812631e-01,-9.179309926596931346e-01,-5.784469147168530334e+00,-2.499690533635306355e+00,4.920452060674994181e-03
1.850000000000001366e-01,3.835099377960200506e-01,-9.204123878284402593e-01,-5.799857156350399556e+00,-2.463084119520270399e+00,4.947193627674541586e-03
1.860000000000001374e-01,3.777024836635888283e-01,-9.228571297791419159e-01,-5.815012242094934614e+00,-2.426384346930018587e+00,4.973935194344224382e-03
1.870000000000001383e-01,3.718799911360314292e-01,-9.252651259019872843e-01,-5.829933856024998917e+00,-2.389592713695380066e+00,5.000676760682259275e-03
1.880000000000001392e-01,3.660426939552591241e-01,-9.276362850864916521e-01,-5.844621459584854684e+00,-2.352710720626894236e+00,5.027418326686862969e-03
1.890000000000001401e-01,3.601908263968229829e-01,-9.299705177244429466e-01,-5.859074524052958033e+00,-2.315739871448160514e+00,5.054159892356253035e-03
1.900000000000001410e-01,3.543246232600733014e-01,-9.322677357127815423e-01,-5.873292530554274471e+00,-2.278681672729183649e+00,5.080901457688646178e-03
1.910000000000001419e-01,3.484443198583072054e-01,-9.345278524564132328e-01,-5.887274970072120972e+00,-2.241537633819721265e+00,5.107643022682259969e-03
1.920000000000001428e-01,3.425501520089045959e-01,-9.367507828709555895e-01,-5.901021343459528445e+00,-2.204309266782634058e+00,5.134384587335310245e-03
1.930000000000001437e-01,3.366423560234529377e-01,-9.389364433854179293e-01,-5.914531161450131691e+00,-2.166998086327247997e+00,5.161126151646014577e-03
1.940000000000001446e-01,3.307211686978613341e-01,-9.410847519448143350e-01,-5.927803944668585956e+00,-2.129605609742725392e+00,5.187867715612590538e-03
1.950000000000001454e-01,3.247868273024646091e-01,-9.431956280127101744e-01,-5.940839223640511868e+00,-2.092133356831453295e+00,5.214609279233253965e-03
1.960000000000001463e-01,3.188395695721175094e-01,-9.452689925737021159e-01,-5.953636538801966971e+00,-2.054582849842449654e+00,5.241350842506222428e-03
1.970000000000001472e-01,3.128796336962797464e-01,-9.473047681358314209e-01,-5.966195440508449188e+00,-2.016955613404794789e+00,5.268092405429713500e-03
1.980000000000001481e-01,3.069072583090922679e-01,-9.493028787329306217e-01,-5.978515489043431330e+00,-1.979253174461086173e+00,5.294833968001943017e-03
1.990000000000001490e-01,3.009226824794450916e-01,-9.512632499269041420e-01,-5.990596254626428419e+00,-1.941477062200925863e+00,5.321575530221128551e-03
2.000000000000001499e-01,2.949261457010375898e-01,-9.531858088099415260e-01,-6.002437317420598717e+00,-1.903628807994439232e+00,5.348317092085486807e-03
2.010000000000001508e-01,2.889178878824311125e-01,-9.550704840066651657e-01,-6.014038267539878468e+00,-1.865709945325831232e+00,5.375058653593235355e-03
2.020000000000001517e-01,2.828981493370948952e-01,-9.569172056762110801e-01,-6.025398705055655668e+00,-1.827722009726983288e+00,5.401800214742590901e-03
2.030000000000001525e-01,2.768671707734454701e-01,-9.587259055142431929e-01,-6.036518240002981983e+00,-1.789666538711093269e+00,5.428541775531770149e-03
2.040000000000001534e-01,2.708251932848800836e-01,-9.604965167549017746e-01,-6.047396492386321043e+00,-1.751545071706362977e+00,5.455283335958989802e-03
2.050000000000001543e-01,2.647724583398045617e-01,-9.622289741726851586e-01,-6.058033092184841095e+00,-1.713359149989735597e+00,5.482024896022467432e-03
2.060000000000001552e-01,2.587092077716561800e-01,-9.639232140842654006e-01,-6.068427679357246696e+00,-1.675110316620687545e+00,5.508766455720419744e-03
2.070000000000001561e-01,2.526356837689219259e-01,-9.655791743502377678e-01,-6.078579903846157428e+00,-1.636800116375076497e+00,5.535508015051063442e-03
2.080000000000001570e-01,2.465521288651524867e-01,-9.671967943768039477e-01,-6.088489425582030101e+00,-1.598430095679051144e+00,5.562249574012616098e-03
2.090000000000001579e-01,2.404587859289727958e-01,-9.687760151173894219e-01,-6.098155914486626195e+00,-1.560001802543023786e+00,5.588991132603294415e-03
2.100000000000001588e-01,2.343558981540890263e-01,-9.703167790741948906e-01,-6.107579050476031668e+00,-1.521516786495709317e+00,5.615732690821315966e-03
2.110000000000001597e-01,2.282437090492930865e-01,-9.718190302996811969e-01,-6.116758523463223796e+00,-1.482976598518235711e+00,5.642474248664896587e-03
2.120000000000001605e-01,2.221224624284645066e-01,-9.732827143979893014e-01,-6.125694033360190360e+00,-1.444382790978326669e+00,5.669215806132253850e-03
2.130000000000001614e-01,2.159924024005706045e-01,-9.747077785262937555e-01,-6.134385290079602981e+00,-1.405736917564561983e+00,5.695957363221604459e-03
2.140000000000001623e-01,2.098537733596651800e-01,-9.760941713960906707e-01,-6.142832013536042801e+00,-1.367040533220716059e+00,5.722698919931165987e-03
2.150000000000001632e-01,2.037068199748861552e-01,-9.774418432744202967e-01,-6.151033933646784746e+00,-1.328295194080180597e+00,5.749440476259155136e-03
2.160000000000001641e-01,1.975517871804526315e-01,-9.787507459850237623e-01,-6.158990790332140364e+00,-1.289502457400472313e+00,5.776182032203788612e-03
2.170000000000001650e-01,1.913889201656619465e-01,-9.800208329094345361e-01,-6.166702333515360124e+00,-1.250663881497829699e+00,5.802923587763283986e-03
2.180000000000001659e-01,1.852184643648869256e-01,-9.812520589880043831e-01,-6.174168323122096069e+00,-1.211781025681902380e+00,5.829665142935857962e-03
2.190000000000001668e-01,1.790406654475738824e-01,-9.824443807208642632e-01,-6.181388529079429262e+00,-1.172855450190534610e+00,5.856406697719727245e-03
2.200000000000001676e-01,1.728557693082419244e-01,-9.835977561688200588e-01,-6.188362731314463794e+00,-1.133888716124647589e+00,5.883148252113108538e-03
2.210000000000001685e-01,1.666640220564838126e-01,-9.847121449541829108e-01,-6.195090719752484709e+00,-1.094882385383221912e+00,5.909889806114219414e-03
2.220000000000001694e-01,1.604656700069688469e-01,-9.857875082615350504e-01,-6.201572294314686928e+00,-1.055838020598384386e+00,5.936631359721277444e-03
2.230000000000001703e-01,1.542609596694483054e-01,-9.868238088384302387e-01,-6.207807264915473411e+00,-1.016757185070601643e+00,5.963372912932498465e-03
2.240000000000001712e-01,1.480501377387636874e-01,-9.878210109960299246e-01,-6.213795451459330543e+00,-9.776414427039834543e-01,5.990114465746100049e-03
2.250000000000001721e-01,1.418334510848584806e-01,-9.887790806096746765e-01,-6.219536683837269209e+00,-9.384923579416981632e-01,6.016856018160298900e-03
2.260000000000001730e-01,1.356111467427935091e-01,-9.896979851193907773e-01,-6.225030801922851076e+00,-8.993114957015035937e-01,6.043597570173311721e-03
2.270000000000001739e-01,1.293834719027666114e-01,-9.905776935303328701e-01,-6.230277655567788564e+00,-8.601004213113965235e-01,6.070339121783356086e-03
2.280000000000001747e-01,1.231506739001367867e-01,-9.914181764131618779e-01,-6.235277104597125586e+00,-8.208607004453828404e-01,6.097080672988648697e-03
2.290000000000001756e-01,1.169130002054535045e-01,-9.922194059043589753e-01,-6.240029018804001737e+00,-7.815938990593708224e-01,6.123822223787407128e-03
2.300000000000001765e-01,1.106706984144913974e-01,-9.929813557064756102e-01,-6.244533277943998151e+00,-7.423015833271917607e-01,6.150563774177848081e-03
2.310000000000001774e-01,1.044240162382907983e-01,-9.937040010883193553e-01,-6.248789771729072129e+00,-7.029853195767487017e-01,6.177305324158188261e-03
2.320000000000001783e-01,9.817320149320457601e-02,-9.943873188850762546e-01,-6.252798399821078768e+00,-6.636466742262975282e-01,6.204046873726644373e-03
2.330000000000001792e-01,9.191850209095164814e-02,-9.950312874983692213e-01,-6.256559071824883134e+00,-6.242872137208622663e-01,6.230788422881433988e-03
2.340000000000001801e-01,8.566016602867758400e-02,-9.956358868962530417e-01,-6.260071707281063880e+00,-5.849085044687869495e-01,6.257529971620773811e-03
2.350000000000001810e-01,7.939844137902271615e-02,-9.962010986131463186e-01,-6.263336235658210960e+00,-5.455121127784277046e-01,6.284271519942880545e-03
2.360000000000001819e-01,7.313357628019813428e-02,-9.967269057496995766e-01,-6.266352596344820114e+00,-5.060996047949859467e-01,6.311013067845971762e-03
2.370000000000001827e-01,6.686581892607001976e-02,-9.972132929726007511e-01,-6.269120738640788559e+00,-4.666725464374874011e-01,6.337754615328264167e-03
2.380000000000001836e-01,6.059541755625262593e-02,-9.976602465143173948e-01,-6.271640621748503897e+00,-4.272325033359070656e-01,6.364496162387975331e-03
2.390000000000001845e-01,5.432262044621045255e-02,-9.980677541727764890e-01,-6.273912214763543105e+00,-3.877810407684443295e-01,6.391237709023321091e-03
2.400000000000001854e-01,4.804767589736985700e-02,-9.984358053109811948e-01,-6.275935496664973634e+00,-3.483197235989499152e-01,6.417979255232519019e-03
2.410000000000001863e-01,4.177083222724055356e-02,-9.987643908565654316e-01,-6.277710456305258369e+00,-3.088501162145073087e-01,6.444720801013786686e-03
2.420000000000001872e-01,3.549233775954746539e-02,-9.990535033012857280e-01,-6.279237092399773346e+00,-2.693737824631707856e-01,6.471462346365339929e-03
2.430000000000001881e-01,2.921244081437318965e-02,-9.993031367004513443e-01,-6.280515413515935563e+00,-2.298922855918626995e-01,6.498203891285396321e-03
2.440000000000001890e-01,2.293138969831156476e-02,-9.995132866722920006e-01,-6.281545438061943543e+00,-1.904071881844320857e-01,6.524945435772173431e-03
2.450000000000001898e-01,1.664943269463266956e-02,-9.996839503972640983e-01,-6.282327194275133309e+00,-1.509200520998772166e-01,6.551686979823887966e-03
2.460000000000001907e-01,1.036681805345968099e-02,-9.998151266172948803e-01,-6.282860720209952454e+00,-1.114324384107338306e-01,6.578428523438756628e-03
2.470000000000001916e-01,4.083793981957919116e-03,-9.999068156349653069e-01,-6.283146063725554065e+00,-7.194590734163192058e-02,6.605170066614996123e-03
2.480000000000001925e-01,-2.199391365463488658e-03,-9.999590193126314253e-01,-6.283183282473012277e+00,-3.246201820802280258e-02,6.631911609350824022e-03
2.490000000000001934e-01,-8.482489896936980592e-03,-9.999717410714846766e-01,-6.282972443882163027e+00,7.017670644921210343e-03,6.658653151644457029e-03
2.500000000000001665e-01,-1.476525359290858930e-02,-9.999449858905512523e-01,-6.282513625148069103e+00,4.649160190323223252e-02,6.685394693494111848e-03
2.510000000000001674e-01,-2.104743451589624267e-02,-9.998787603056302764e-01,-6.281806913217116595e+00,8.595821934489539240e-02,6.712136234898006051e-03
2.520000000000001683e-01,-2.732878482023399017e-02,-9.997730724081717035e-01,-6.280852404772740982e+00,1.254159679004184236e-01,6.738877775854356343e-03
2.530000000000001692e-01,-3.360905676180175189e-02,-9.996279318440935979e-01,-6.279650206220787290e+00,1.648632937132201437e-01,6.765619316361379428e-03
2.540000000000001701e-01,-3.988800270774026102e-02,-9.994433498125389059e-01,-6.278200433674504310e+00,2.042986441998358160e-01,6.792360856417292876e-03
2.550000000000001710e-01,-4.616537514615081522e-02,-9.992193390645726092e-01,-6.276503212939178233e+00,2.437204681099374159e-01,6.819102396020313393e-03
2.560000000000001719e-01,-5.244092669577947452e-02,-9.989559139018185929e-01,-6.274558679496404778e+00,2.831272155861668249e-01,6.845843935168658551e-03
2.570000000000001728e-01,-5.871441011568537260e-02,-9.986530901750364508e-01,-6.272366978488005174e+00,3.225173382237797037e-01,6.872585473860544185e-03
2.580000000000001736e-01,-6.498557831489272518e-02,-9.983108852826396706e-01,-6.269928264699585974e+00,3.618892891300988235e-01,6.899327012094188735e-03
2.590000000000001745e-01,-7.125418436202628214e-02,-9.979293181691537562e-01,-6.267242702543746269e+00,4.012415229837739683e-01,6.926068549867808039e-03
2.600000000000001754e-01,-7.751998149492975165e-02,-9.975084093236149529e-01,-6.264310466042932291e+00,4.405724960938475210e-01,6.952810087179619666e-03
2.610000000000001763e-01,-8.378272313026693952e-02,-9.970481807779110195e-01,-6.261131738811946512e+00,4.798806664586230397e-01,6.979551624027840323e-03
2.620000000000001772e-01,-9.004216287310522204e-02,-9.965486561050622694e-01,-6.257706714040110363e+00,5.191644938243357155e-01,7.006293160410686713e-03
2.630000000000001781e-01,-9.629805452648097785e-02,-9.960098604174444370e-01,-6.254035594473079662e+00,5.584224397436223786e-01,7.033034696326376407e-03
2.640000000000001790e-01,-1.025501521009467010e-01,-9.954318203649530350e-01,-6.250118592394321659e+00,5.976529676337897223e-01,7.059776231773126111e-03
2.650000000000001799e-01,-1.087982098240994344e-01,-9.948145641331097577e-01,-6.245955929606254564e+00,6.368545428348783011e-01,7.086517766749153395e-03
2.660000000000001807e-01,-1.150419821500901219e-01,-9.941581214411109313e-01,-6.241547837411045130e+00,6.760256326675220251e-01,7.113259301252674964e-03
2.670000000000001816e-01,-1.212812237691136275e-01,-9.934625235398177878e-01,-6.236894556591074945e+00,7.151647064905993778e-01,7.140000835281907522e-03
2.680000000000001825e-01,-1.275156896168790077e-01,-9.927278032096895632e-01,-6.231996337389077212e+00,7.542702357586767992e-01,7.166742368835068641e-03
2.690000000000001834e-01,-1.337451348840598686e-01,-9.919539947586594186e-01,-6.226853439487936903e+00,7.933406940792412376e-01,7.193483901910374158e-03
2.700000000000001843e-01,-1.399693150257242391e-01,-9.911411340199526299e-01,-6.221466131990171178e+00,8.323745572697206496e-01,7.220225434506042511e-03
2.710000000000001852e-01,-1.461879857707437669e-01,-9.902892583498483781e-01,-6.215834693397077615e+00,8.713703034142911141e-01,7.246966966620289538e-03
2.720000000000001861e-01,-1.524009031311820139e-01,-9.893984066253848075e-01,-6.209959411587567146e+00,9.103264129204687860e-01,7.273708498251332810e-03
2.730000000000001870e-01,-1.586078234116612973e-01,-9.884686192420074624e-01,-6.203840583796668362e+00,9.492413685754852448e-01,7.300450029397389899e-03
2.740000000000001878e-01,-1.648085032187079912e-01,-9.874999381111612129e-01,-6.197478516593722730e+00,9.881136556024443518e-01,7.327191560056676642e-03
2.750000000000001887e-01,-1.710026994700757086e-01,-9.864924066578265593e-01,-6.190873525860256521e+00,1.026941761716260171e+00,7.353933090227410610e-03
2.760000000000001896e-01,-1.771901694040463604e-01,-9.854460698180000922e-01,-6.184025936767543641e+00,1.065724177179372845e+00,7.380674619907808508e-03
2.770000000000001905e-01,-1.833706705887085397e-01,-9.843609740361189964e-01,-6.176936083753856721e+00,1.104459394857243426e+00,7.407416149096087907e-03
2.780000000000001914e-01,-1.895439609312130347e-01,-9.832371672624304892e-01,-6.169604310501409117e+00,1.143145910273623667e+00,7.434157677790465511e-03
2.790000000000001923e-01,-1.957097986870050821e-01,-9.820746989503058577e-01,-6.162030969912993150e+00,1.181782221665600652e+00,7.460899205989158893e-03
2.800000000000001932e-01,-2.018679424690331681e-01,-9.808736200534998728e-01,-6.154216424088309267e+00,1.220366830038416062e+00,7.487640733690383889e-03
2.810000000000001941e-01,-2.080181512569339308e-01,-9.796339830233552481e-01,-6.146161044299999432e+00,1.258898239220055837e+00,7.514382260892358938e-03
2.820000000000001950e-01,-2.141601844061930271e-01,-9.783558418059525863e-01,-6.137865210969379426e+00,1.297374955915612249e+00,7.541123787593299876e-03
2.830000000000001958e-01,-2.202938016572815461e-01,-9.770392518392062575e-01,-6.129329313641873611e+00,1.335795489761414601e+00,7.567865313791424277e-03
2.840000000000001967e-01,-2.264187631447677207e-01,-9.756842700499063215e-01,-6.120553750962153927e+00,1.374158353378928776e+00,7.594606839484948843e-03
2.850000000000001976e-01,-2.325348294064036037e-01,-9.742909548507064921e-01,-6.111538930648992896e+00,1.412462062428423870e+00,7.621348364672091147e-03
2.860000000000001985e-01,-2.386417613921865133e-01,-9.728593661370583678e-01,-6.102285269469819085e+00,1.450705135662404555e+00,7.648089889351067025e-03
2.870000000000001994e-01,-2.447393204733947503e-01,-9.713895652840928152e-01,-6.092793193214991909e+00,1.488886094978808750e+00,7.674831413520094917e-03
2.880000000000002003e-01,-2.508272684515976958e-01,-9.698816151434479504e-01,-6.083063136671788662e+00,1.527003465473967925e+00,7.701572937177390658e-03
2.890000000000002012e-01,-2.569053675676394310e-01,-9.683355800400444968e-01,-6.073095543598107326e+00,1.565055775495331369e+00,7.728314460321171822e-03
2.900000000000002021e-01,-2.629733805105962108e-01,-9.667515257688080732e-01,-6.062890866695892278e+00,1.603041556693951319e+00,7.755055982949655979e-03
2.910000000000002029e-01,-2.690310704267071529e-01,-9.651295195913398572e-01,-6.052449567584281986e+00,1.640959344076727611e+00,7.781797505061058967e-03
2.920000000000002038e-01,-2.750782009282777829e-01,-9.634696302325345130e-01,-6.041772116772478718e+00,1.678807676058413412e+00,7.808539026653598357e-03
2.930000000000002047e-01,-2.811145361025563782e-01,-9.617719278771463820e-01,-6.030858993632346454e+00,1.716585094513378262e+00,7.835280547725491720e-03
2.940000000000002056e-01,-2.871398405205829452e-01,-9.600364841663041604e-01,-6.019710686370738806e+00,1.754290144827128417e+00,7.862022068274954895e-03
2.950000000000002065e-01,-2.931538792460102738e-01,-9.582633721939740612e-01,-6.008327692001556919e+00,1.791921375947584494e+00,7.888763588300205451e-03
2.960000000000002074e-01,-2.991564178438967381e-01,-9.564526665033720176e-01,-5.996710516317542705e+00,1.829477340436113098e+00,7.915505107799461829e-03
2.970000000000002083e-01,-3.051472223894710623e-01,-9.546044430833244832e-01,-5.984859673861807394e+00,1.866956594518314416e+00,7.942246626770938997e-03
2.980000000000002092e-01,-3.111260594768683330e-01,-9.527187793645793823e-01,-5.972775687899098074e+00,1.904357698134563348e+00,7.968988145212855395e-03
2.990000000000002101e-01,-3.170926962278370342e-01,-9.507957542160657693e-01,-5.960459090386805769e+00,1.941679214990302604e+00,7.995729663123425993e-03
3.000000000000002109e-01,-3.230469003004173278e-01,-9.488354479411038600e-01,-5.947910421945716841e+00,1.978919712606087788e+00,8.022471180500869228e-03
3.010000000000002118e-01,-3.289884398975894686e-01,-9.468379422735649920e-01,-5.935130231830509473e+00,2.016077762367384452e+00,8.049212697343403541e-03
3.020000000000002127e-01,-3.349170837758929653e-01,-9.448033203739819585e-01,-5.922119077899997031e+00,2.053151939574115570e+00,8.075954213649243901e-03
3.030000000000002136e-01,-3.408326012540157657e-01,-9.427316668256098264e-01,-5.908877526587122730e+00,2.090140823489956112e+00,8.102695729416607012e-03
3.040000000000002145e-01,-3.467347622213531877e-01,-9.406230676304377925e-01,-5.895406152868705618e+00,2.127042997391380474e+00,8.129437244643711313e-03
3.050000000000002154e-01,-3.526233371465365973e-01,-9.384776102051516355e-01,-5.881705540234943186e+00,2.163857048616454115e+00,8.156178759328773509e-03
3.060000000000002163e-01,-3.584980970859314997e-01,-9.362953833770480960e-01,-5.867776280658667076e+00,2.200581568613374284e+00,8.182920273470010303e-03
3.070000000000002172e-01,-3.643588136921045995e-01,-9.340764773799006271e-01,-5.853618974564360755e+00,2.237215152988757616e+00,8.209661787065638400e-03
3.080000000000002180e-01,-3.702052592222599414e-01,-9.318209838497767405e-01,-5.839234230796940039e+00,2.273756401555672824e+00,8.236403300113876239e-03
3.090000000000002189e-01,-3.760372065466435765e-01,-9.295289958208078351e-01,-5.824622666590292042e+00,2.310203918381419363e+00,8.263144812612940523e-03
3.100000000000002198e-01,-3.818544291569168081e-01,-9.272006077209109520e-01,-5.809784907535584075e+00,2.346556311835049868e+00,8.289886324561046224e-03
3.110000000000002207e-01,-3.876567011744973534e-01,-9.248359153674634570e-01,-5.794721587549340747e+00,2.382812194634637670e+00,8.316627835956411779e-03
3.120000000000002216e-01,-3.934437973588687520e-01,-9.224350159629307599e-01,-5.779433348841289231e+00,2.418970183894287196e+00,8.343369346797255628e-03
3.130000000000002225e-01,-3.992154931158574671e-01,-9.199980080904465174e-01,-5.763920841881978951e+00,2.455028901170886790e+00,8.370110857081792741e-03
3.140000000000002234e-01,-4.049715645058772906e-01,-9.175249917093466490e-01,-5.748184725370174775e+00,2.490986972510605302e+00,8.396852366808241555e-03
3.150000000000002243e-01,-4.107117882521412744e-01,-9.150160681506570581e-01,-5.732225666200029046e+00,2.526843028495128429e+00,8.423593875974817041e-03
3.160000000000002252e-01,-4.164359417488404658e-01,-9.124713401125351675e-01,-5.716044339428029808e+00,2.562595704287638831e+00,8.450335384579737638e-03
3.170000000000002260e-01,-4.221438030692897803e-01,-9.098909116556651577e-01,-5.699641428239734076e+00,2.598243639678535111e+00,8.477076892621221785e-03
3.180000000000002269e-01,-4.278351509740402903e-01,-9.072748881986084646e-01,-5.683017623916282623e+00,2.633785479130891005e+00,8.503818400097484451e-03
3.190000000000002278e-01,-4.335097649189578739e-01,-9.046233765131082016e-01,-5.666173625800699831e+00,2.669219871825656565e+00,8.530559907006742340e-03
3.200000000000002287e-01,-4.391674250632683907e-01,-9.019364847193487300e-01,-5.649110141263983031e+00,2.704545471706595983e+00,8.557301413347213892e-03
3.210000000000002296e-01,-4.448079122775683847e-01,-8.992143222811708192e-01,-5.631827885670983136e+00,2.739760937524966966e+00,8.584042919117115811e-03
3.220000000000002305e-01,-4.504310081518018705e-01,-8.964570000012416218e-01,-5.614327582346072987e+00,2.774864932883936763e+00,8.610784424314664801e-03
3.230000000000002314e-01,-4.560364950032027020e-01,-8.936646300161807943e-01,-5.596609962538615868e+00,2.809856126282738398e+00,8.637525928938079300e-03
3.240000000000002323e-01,-4.616241558842020254e-01,-8.908373257916423205e-01,-5.578675765388225294e+00,2.844733191160562225e+00,8.664267432985574280e-03
3.250000000000002331e-01,-4.671937745903012584e-01,-8.879752021173529242e-01,-5.560525737889826736e+00,2.879494805940187696e+00,8.691008936455368178e-03
3.260000000000002340e-01,-4.727451356679097105e-01,-8.850783751021066292e-01,-5.542160634858520396e+00,2.914139654071350893e+00,8.717750439345677699e-03
3.270000000000002349e-01,-4.782780244221471744e-01,-8.821469621687162421e-01,-5.523581218894244138e+00,2.948666424073849157e+00,8.744491941654719547e-03
3.280000000000002358e-01,-4.837922269246110463e-01,-8.791810820489219802e-01,-5.504788260346243689e+00,2.983073809580382374e+00,8.771233443380710426e-03
3.290000000000002367e-01,-4.892875300211076972e-01,-8.761808547782571344e-01,-5.485782537277349213e+00,3.017360509379130917e+00,8.797974944521867041e-03
3.300000000000002376e-01,-4.947637213393482059e-01,-8.731464016908714321e-01,-5.466564835428060931e+00,3.051525227456069800e+00,8.824716445076407831e-03
3.310000000000002385e-01,-5.002205892966079537e-01,-8.700778454143121010e-01,-5.447135948180445553e+00,3.085566673037017704e+00,8.851457945042549499e-03
3.320000000000002394e-01,-5.056579231073499159e-01,-8.669753098642632994e-01,-5.427496676521846197e+00,3.119483560629422669e+00,8.878199444418508751e-03
3.330000000000002403e-01,-5.110755127908120921e-01,-8.638389202392435795e-01,-5.407647829008408458e+00,3.153274610063883099e+00,8.904940943202502290e-03
3.340000000000002411e-01,-5.164731491785575779e-01,-8.606688030152621627e-01,-5.387590221728423501e+00,3.186938546535404093e+00,8.931682441392748556e-03
3.350000000000002420e-01,-5.218506239219885545e-01,-8.574650859404339132e-01,-5.367324678265488203e+00,3.220474100644387327e+00,8.958423938987462518e-03
3.360000000000002429e-01,-5.272077294998230856e-01,-8.542278980295535673e-01,-5.346852029661490313e+00,3.253880008437358917e+00,8.985165435984862614e-03
3.370000000000002438e-01,-5.325442592255347218e-01,-8.509573695586295505e-01,-5.326173114379414208e+00,3.287155011447429498e+00,9.011906932383165550e-03
3.380000000000002447e-01,-5.378600072547550237e-01,-8.476536320593770490e-01,-5.305288778265973448e+00,3.320297856734488740e+00,9.038648428180588029e-03
3.390000000000002456e-01,-5.431547685926384483e-01,-8.443168183136713356e-01,-5.284199874514069251e+00,3.353307296925137404e+00,9.065389923375348491e-03
3.400000000000002465e-01,-5.484283391011897102e-01,-8.409470623479611273e-01,-5.262907263625079324e+00,3.386182090252349841e+00,9.092131417965661905e-03
3.410000000000002474e-01,-5.536805155065533945e-01,-8.375444994276426414e-01,-5.241411813370978834e+00,3.418921000594874471e+00,9.118872911949746710e-03
3.420000000000002482e-01,-5.589110954062656011e-01,-8.341092660513941270e-01,-5.219714398756290841e+00,3.451522797516365593e+00,9.145614405325819610e-03
3.430000000000002491e-01,-5.641198772764671743e-01,-8.306414999454714287e-01,-5.197815901979875974e+00,3.483986256304251850e+00,9.172355898092097309e-03
3.440000000000002500e-01,-5.693066604790791851e-01,-8.271413400579650244e-01,-5.175717212396556910e+00,3.516310158008337350e+00,9.199097390246798248e-03
3.450000000000002509e-01,-5.744712452689392235e-01,-8.236089265530185388e-01,-5.153419226478583859e+00,3.548493289479137669e+00,9.225838881788137394e-03
3.460000000000002518e-01,-5.796134328008999415e-01,-8.200444008050086220e-01,-5.130922847776935747e+00,3.580534443405948952e+00,9.252580372714333187e-03
3.470000000000002527e-01,-5.847330251368880738e-01,-8.164479053926877450e-01,-5.108228986882470402e+00,3.612432418354653230e+00,9.279321863023602332e-03
3.480000000000002536e-01,-5.898298252529248220e-01,-8.128195840932883609e-01,-5.085338561386916645e+00,3.644186018805255056e+00,9.306063352714161532e-03
3.490000000000002545e-01,-5.949036370461073808e-01,-8.091595818765903170e-01,-5.062252495843710065e+00,3.675794055189155696e+00,9.332804841784229227e-03
3.500000000000002554e-01,-5.999542653415507187e-01,-8.054680448989509634e-01,-5.038971721728681352e+00,3.707255343926158631e+00,9.359546330232020386e-03
3.510000000000002562e-01,-6.049815158992905006e-01,-8.017451204972984025e-01,-5.015497177400593642e+00,3.738568707461210838e+00,9.386287818055753449e-03
3.520000000000002571e-01,-6.099851954211460425e-01,-7.979909571830879900e-01,-4.991829808061528873e+00,3.769732974300877615e+00,9.413029305253645118e-03
3.530000000000002580e-01,-6.149651115575439642e-01,-7.942057046362225314e-01,-4.967970565717132025e+00,3.800746979049553165e+00,9.439770791823912099e-03
3.540000000000002589e-01,-6.199210729143016518e-01,-7.903895136989365078e-01,-4.943920409136707939e+00,3.831609562445403405e+00,9.466512277764772831e-03
3.550000000000002598e-01,-6.248528890593707530e-01,-7.865425363696445515e-01,-4.919680303813175115e+00,3.862319571396046314e+00,9.493253763074442284e-03
3.560000000000002607e-01,-6.297603705295411469e-01,-7.826649257967541740e-01,-4.895251221922882756e+00,3.892875859013964490e+00,9.519995247751138895e-03
3.570000000000002616e-01,-6.346433288371039483e-01,-7.787568362724434090e-01,-4.870634142285283019e+00,3.923277284651653485e+00,9.546736731793079370e-03
3.580000000000002625e-01,-6.395015764764743205e-01,-7.748184232264030413e-01,-4.845830050322470051e+00,3.953522713936505451e+00,9.573478215198480412e-03
3.590000000000002633e-01,-6.443349269307739879e-01,-7.708498432195446393e-01,-4.820839938018580462e+00,3.983611018805427229e+00,9.600219697965560461e-03
3.600000000000002642e-01,-6.491431946783727813e-01,-7.668512539376739490e-01,-4.795664803879062354e+00,4.013541077539193758e+00,9.626961180092534487e-03
3.610000000000002651e-01,-6.539261951993897704e-01,-7.628228141851296495e-01,-4.770305652889809345e+00,4.043311774796538138e+00,9.653702661577620928e-03
3.620000000000002660e-01,-6.586837449821529855e-01,-7.587646838783884684e-01,-4.744763496476168463e+00,4.072922001647974355e+00,9.680444142419036488e-03
3.630000000000002669e-01,-6.634156615296183945e-01,-7.546770240396369900e-01,-4.719039352461812165e+00,4.102370655609360206e+00,9.707185622614999607e-03
3.640000000000002678e-01,-6.681217633657476895e-01,-7.505599967903093805e-01,-4.693134245027488660e+00,4.131656640675190673e+00,9.733927102163725253e-03
3.650000000000002687e-01,-6.728018700418444409e-01,-7.464137653445920284e-01,-4.667049204669647899e+00,4.160778867351633714e+00,9.760668581063431867e-03
3.660000000000002696e-01,-6.774558021428493948e-01,-7.422384940028956546e-01,-4.640785268158936105e+00,4.189736252689296059e+00,9.787410059312336152e-03
3.670000000000002705e-01,-6.820833812935935825e-01,-7.380343481452947829e-01,-4.614343478498575735e+00,4.218527720315730534e+00,9.814151536908654813e-03
3.680000000000002713e-01,-6.866844301650102400e-01,-7.338014942249343475e-01,-4.587724884882621978e+00,4.247152200467678718e+00,9.840893013850604554e-03
3.690000000000002722e-01,-6.912587724803046507e-01,-7.295400997614046590e-01,-4.560930542654097586e+00,4.275608630023048029e+00,9.867634490136402078e-03
3.700000000000002731e-01,-6.958062330210821322e-01,-7.252503333340842850e-01,-4.533961513263015775e+00,4.303895952532631242e+00,9.894375965764265826e-03
3.710000000000002740e-01,-7.003266376334338350e-01,-7.209323645754514009e-01,-4.506818864224279686e+00,4.332013118251557771e+00,9.921117440732412501e-03
3.720000000000002749e-01,-7.048198132339809074e-01,-7.165863641643639426e-01,-4.479503669075477035e+00,4.359959084170487387e+00,9.947858915039058808e-03
3.730000000000002758e-01,-7.092855878158755845e-01,-7.122125038193085622e-01,-4.452017007334553078e+00,4.387732814046540142e+00,9.974600388682423185e-03
3.740000000000002767e-01,-7.137237904547606426e-01,-7.078109562916186093e-01,-4.424359964457376115e+00,4.415333278433965170e+00,1.000134186166072060e-02
3.750000000000002776e-01,-7.181342513146858897e-01,-7.033818953586621348e-01,-4.396533631795195518e+00,4.442759454714545697e+00,1.002808333397216950e-02
3.760000000000002784e-01,-7.225168016539823546e-01,-6.989254958169989207e-01,-4.368539106551986961e+00,4.470010327127748262e+00,1.005482480561498658e-02
3.770000000000002793e-01,-7.268712738310937338e-01,-6.944419334755079776e-01,-4.340377491741694627e+00,4.497084886800604586e+00,1.008156627658738855e-02
3.780000000000002802e-01,-7.311975013103645393e-01,-6.899313851484852878e-01,-4.312049896145365047e+00,4.523982131777338545e+00,1.010830774688759384e-02
3.790000000000002811e-01,-7.354953186677861687e-01,-6.853940286487115729e-01,-4.283557434268179698e+00,4.550701067048730231e+00,1.013504921651381743e-02
3.800000000000002820e-01,-7.397645615966992327e-01,-6.808300427804915289e-01,-4.254901226296385452e+00,4.577240704581219788e+00,1.016179068546427776e-02
3.810000000000002829e-01,-7.440050669134531391e-01,-6.762396073326635282e-01,-4.226082398054121114e+00,4.603600063345753668e+00,1.018853215373719152e-02
3.820000000000002838e-01,-7.482166725630224891e-01,-6.716229030715806791e-01,-4.197102080960148918e+00,4.629778169346370653e+00,1.021527362133077543e-02
3.830000000000002847e-01,-7.523992176245797303e-01,-6.669801117340639074e-01,-4.167961411984483888e+00,4.655774055648527643e+00,1.024201508824324793e-02
3.840000000000002855e-01,-7.565525423170248454e-01,-6.623114160203260603e-01,-4.138661533604929055e+00,4.681586762407168756e+00,1.026875655447282397e-02
3.850000000000002864e-01,-7.606764880044715182e-01,-6.576169995868688112e-01,-4.109203593763513851e+00,4.707215336894537749e+00,1.029549802001772200e-02
3.860000000000002873e-01,-7.647708972016893370e-01,-6.528970470393514747e-01,-4.079588745822842810e+00,4.732658833527728426e+00,1.032223948487615874e-02
3.870000000000002882e-01,-7.688356135795023638e-01,-6.481517439254323998e-01,-4.049818148522345673e+00,4.757916313895980132e+00,1.034898094904635260e-02
3.880000000000002891e-01,-7.728704819701445183e-01,-6.433812767275832734e-01,-4.019892965934440454e+00,4.782986846787715685e+00,1.037572241252651857e-02
3.890000000000002900e-01,-7.768753483725702180e-01,-6.385858328558767782e-01,-3.989814367420606356e+00,4.807869508217323506e+00,1.040246387531487508e-02
3.900000000000002909e-01,-7.808500599577214984e-01,-6.337656006407470510e-01,-3.959583527587366980e+00,4.832563381451682183e+00,1.042920533740963884e-02
3.910000000000002918e-01,-7.847944650737510575e-01,-6.289207693257241605e-01,-3.929201626242187828e+00,4.857067557036428340e+00,1.045594679880902655e-02
3.920000000000002927e-01,-7.887084132512013346e-01,-6.240515290601423848e-01,-3.898669848349287648e+00,4.881381132821970503e+00,1.048268825951125666e-02
3.930000000000002935e-01,-7.925917552081386264e-01,-6.191580708918222875e-01,-3.867989383985364071e+00,4.905503213989248934e+00,1.050942971951454412e-02
3.940000000000002944e-01,-7.964443428552439030e-01,-6.142405867597278135e-01,-3.837161428295238874e+00,4.929432913075235234e+00,1.053617117881710738e-02
3.950000000000002953e-01,-8.002660293008584391e-01,-6.092992694865971837e-01,-3.806187181447417522e+00,4.953169349998183257e+00,1.056291263741716314e-02
3.960000000000002962e-01,-8.040566688559852571e-01,-6.043343127715494756e-01,-3.775067848589571895e+00,4.976711652082623338e+00,1.058965409531292985e-02
3.970000000000002971e-01,-8.078161170392461621e-01,-5.993459111826656693e-01,-3.743804639803940848e+00,5.000058954084104279e+00,1.061639555250262247e-02
3.980000000000002980e-01,-8.115442305817937019e-01,-5.943342601495454902e-01,-3.712398770062653064e+00,5.023210398213677763e+00,1.064313700898445944e-02
3.990000000000002989e-01,-8.152408674321790505e-01,-5.892995559558397156e-01,-3.680851459182974850e+00,5.046165134162136745e+00,1.066987846475665747e-02
4.000000000000002998e-01,-8.189058867611743731e-01,-5.842419957317586121e-01,-3.649163931782479331e+00,5.068922319123994491e+00,1.069661991981743325e-02
4.010000000000003006e-01,-8.225391489665510036e-01,-5.791617774465559476e-01,-3.617337417234143260e+00,5.091481117821215818e+00,1.072336137416500523e-02
4.020000000000003015e-01,-8.261405156778121039e-01,-5.740590999009902440e-01,-3.585373149621369659e+00,5.113840702526696980e+00,1.075010282779758838e-02
4.030000000000003024e-01,-8.297098497608808021e-01,-5.689341627197617157e-01,-3.553272367692937195e+00,5.136000253087490641e+00,1.077684428071340114e-02
4.040000000000003033e-01,-8.332470153227427012e-01,-5.637871663439271153e-01,-3.521036314817881152e+00,5.157958956947783058e+00,1.080358573291066021e-02
4.050000000000003042e-01,-8.367518777160439791e-01,-5.586183120232908195e-01,-3.488666238940302033e+00,5.179716009171619895e+00,1.083032718438758230e-02
4.060000000000003051e-01,-8.402243035436433027e-01,-5.534278018087738227e-01,-3.456163392534105760e+00,5.201270612465381582e+00,1.085706863514238583e-02
4.070000000000003060e-01,-8.436641606631195556e-01,-5.482158385447604143e-01,-3.423529032557677265e+00,5.222621977200009979e+00,1.088381008517328753e-02
4.080000000000003069e-01,-8.470713181912332690e-01,-5.429826258614224299e-01,-3.390764420408487911e+00,5.243769321432984576e+00,1.091055153447850409e-02
4.090000000000003078e-01,-8.504456465083428673e-01,-5.377283681670218529e-01,-3.357870821877634082e+00,5.264711870930051774e+00,1.093729298305625222e-02
4.100000000000003086e-01,-8.537870172627759491e-01,-5.324532706401919890e-01,-3.324849507104316704e+00,5.285448859186702819e+00,1.096403443090474862e-02
4.110000000000003095e-01,-8.570953033751541605e-01,-5.271575392221967693e-01,-3.291701750530252824e+00,5.305979527449406596e+00,1.099077587802221173e-02
4.120000000000003104e-01,-8.603703790426732168e-01,-5.218413806091694029e-01,-3.258428830854027236e+00,5.326303124736595507e+00,1.101751732440685826e-02
4.130000000000003113e-01,-8.636121197433369590e-01,-5.165050022443300470e-01,-3.225032030985382825e+00,5.346418907859399106e+00,1.104425877005690490e-02
4.140000000000003122e-01,-8.668204022401451159e-01,-5.111486123101830481e-01,-3.191512637999450064e+00,5.366326141442137043e+00,1.107100021497056837e-02
4.150000000000003131e-01,-8.699951045852365450e-01,-5.057724197206930894e-01,-3.157871943090918343e+00,5.386024097942562427e+00,1.109774165914606710e-02
4.160000000000003140e-01,-8.731361061239851784e-01,-5.003766341134421314e-01,-3.124111241528148675e+00,5.405512057671860049e+00,1.112448310258161779e-02
4.170000000000003149e-01,-8.762432874990511156e-01,-4.949614658417660906e-01,-3.090231832607228668e+00,5.424789308814399469e+00,1.115122454527543716e-02
4.180000000000003157e-01,-8.793165306543851978e-01,-4.895271259668717012e-01,-3.056235019605972880e+00,5.443855147447242970e+00,1.117796598722574190e-02
4.190000000000003166e-01,-8.823557188391878414e-01,-4.840738262499343358e-01,-3.022122109737867213e+00,5.462708877559408371e+00,1.120470742843075046e-02
4.200000000000003175e-01,-8.853607366118214639e-01,-4.786017791441762870e-01,-2.987894414105959573e+00,5.481349811070886702e+00,1.123144886888867780e-02
4.210000000000003184e-01,-8.883314698436770573e-01,-4.731111977869266738e-01,-2.953553247656696801e+00,5.499777267851420959e+00,1.125819030859774236e-02
4.220000000000003193e-01,-8.912678057229946882e-01,-4.676022959916621979e-01,-2.919099929133710081e+00,5.517990575739034398e+00,1.128493174755616085e-02
4.230000000000003202e-01,-8.941696327586372561e-01,-4.620752882400298023e-01,-2.884535781031548396e+00,5.535989070558320790e+00,1.131167318576215171e-02
4.240000000000003211e-01,-8.970368407838182900e-01,-4.565303896738509559e-01,-2.849862129549362688e+00,5.553772096138491321e+00,1.133841462321393163e-02
4.250000000000003220e-01,-8.998693209597836695e-01,-4.509678160871082864e-01,-2.815080304544540279e+00,5.571339004331177236e+00,1.136515605990971560e-02
4.260000000000003229e-01,-9.026669657794462731e-01,-4.453877839179141707e-01,-2.780191639486289112e+00,5.588689155027995348e+00,1.139189749584772378e-02
4.270000000000003237e-01,-9.054296690709746631e-01,-4.397905102404621736e-01,-2.745197471409177581e+00,5.605821916177866626e+00,1.141863893102617114e-02
4.280000000000003246e-01,-9.081573260013355853e-01,-4.341762127569611107e-01,-2.710099140866625067e+00,5.622736663804097645e+00,1.144538036544327612e-02
4.290000000000003255e-01,-9.108498330797888398e-01,-4.285451097895524031e-01,-2.674897991884347626e+00,5.639432782021219559e+00,1.147212179909725370e-02
4.300000000000003264e-01,-9.135070881613369664e-01,-4.228974202722102227e-01,-2.639595371913759259e+00,5.655909663051588154e+00,1.149886323198632231e-02
4.310000000000003273e-01,-9.161289904501273007e-01,-4.172333637426258179e-01,-2.604192631785327450e+00,5.672166707241745875e+00,1.152560466410870038e-02
4.320000000000003282e-01,-9.187154405028076232e-01,-4.115531603340749633e-01,-2.568691125661887842e+00,5.688203323078539597e+00,1.155234609546260290e-02
4.330000000000003291e-01,-9.212663402318352901e-01,-4.058570307672698663e-01,-2.533092210991914950e+00,5.704018927205004807e+00,1.157908752604624829e-02
4.340000000000003300e-01,-9.237815929087395128e-01,-4.001451963421950309e-01,-2.497397248462750685e+00,5.719612944436007318e+00,1.160582895585785326e-02
4.350000000000003308e-01,-9.262611031673367856e-01,-3.944178789299277454e-01,-2.461607601953794688e+00,5.734984807773649607e+00,1.163257038489563452e-02
4.360000000000003317e-01,-9.287047770068993513e-01,-3.886753009644433043e-01,-2.425724638489652030e+00,5.750133958422438241e+00,1.165931181315781051e-02
4.370000000000003326e-01,-9.311125217952773703e-01,-3.829176854344050196e-01,-2.389749728193243605e+00,5.765059845804213268e+00,1.168605324064259793e-02
4.380000000000003335e-01,-9.334842462719733502e-01,-3.771452558749395778e-01,-2.353684244238877010e+00,5.779761927572843128e+00,1.171279466734821348e-02
4.390000000000003344e-01,-9.358198605511702795e-01,-3.713582363593977420e-01,-2.317529562805281440e+00,5.794239669628679756e+00,1.173953609327287387e-02
4.400000000000003353e-01,-9.381192761247125755e-01,-3.655568514911007871e-01,-2.281287063028603956e+00,5.808492546132779211e+00,1.176627751841479580e-02
4.410000000000003362e-01,-9.403824058650397388e-01,-3.597413263950726692e-01,-2.244958126955371558e+00,5.822520039520886925e+00,1.179301894277219771e-02
4.420000000000003371e-01,-9.426091640280735984e-01,-3.539118867097585941e-01,-2.208544139495416392e+00,5.836321640517185827e+00,1.181976036634329631e-02
4.430000000000003380e-01,-9.447994662560575962e-01,-3.480687585787296534e-01,-2.172046488374768103e+00,5.849896848147810857e+00,1.184650178912630830e-02
4.440000000000003388e-01,-9.469532295803498867e-01,-3.422121686423743037e-01,-2.135466564088511099e+00,5.863245169754129904e+00,1.187324321111945039e-02
4.450000000000003397e-01,-9.490703724241684736e-01,-3.363423440295766342e-01,-2.098805759853610287e+00,5.876366121005784926e+00,1.189998463232094100e-02
4.460000000000003406e-01,-9.511508146052896073e-01,-3.304595123493815345e-01,-2.062065471561702612e+00,5.889259225913506590e+00,1.192672605272899686e-02
4.470000000000003415e-01,-9.531944773386988867e-01,-3.245639016826474266e-01,-2.025247097731858847e+00,5.901924016841688214e+00,1.195346747234183465e-02
4.480000000000003424e-01,-9.552012832391948427e-01,-3.186557405736862858e-01,-1.988352039463313847e+00,5.914360034520731446e+00,1.198020889115767283e-02
4.490000000000003433e-01,-9.571711563239457821e-01,-3.127352580218916711e-01,-1.951381700388167051e+00,5.926566828059156578e+00,1.200695030917472636e-02
4.500000000000003442e-01,-9.591040220149987805e-01,-3.068026834733545982e-01,-1.914337486624052564e+00,5.938543954955481041e+00,1.203369172639121368e-02
4.510000000000003451e-01,-9.609998071417416021e-01,-3.008582468124677001e-01,-1.877220806726781710e+00,5.950290981109863431e+00,1.206043314280535149e-02
4.520000000000003459e-01,-9.628584399433171015e-01,-2.949021783535178409e-01,-1.840033071642956930e+00,5.961807480835518369e+00,1.208717455841535823e-02
4.530000000000003468e-01,-9.646798500709903301e-01,-2.889347088322675172e-01,-1.802775694662558159e+00,5.973093036869899564e+00,1.211391597321944888e-02
4.540000000000003477e-01,-9.664639685904684585e-01,-2.829560693975250452e-01,-1.765450091371503216e+00,5.984147240385648381e+00,1.214065738721584187e-02
4.550000000000003486e-01,-9.682107279841725145e-01,-2.769664916027040902e-01,-1.728057679604181329e+00,5.994969691001313272e+00,1.216739880040275390e-02
4.560000000000003495e-01,-9.699200621534624922e-01,-2.709662073973723717e-01,-1.690599879395961791e+00,6.005559996791840938e+00,1.219414021277840342e-02
4.570000000000003504e-01,-9.715919064208144995e-01,-2.649554491187902094e-01,-1.653078112935677968e+00,6.015917774298832121e+00,1.222088162434100539e-02
4.580000000000003513e-01,-9.732261975319502767e-01,-2.589344494834387445e-01,-1.615493804518086218e+00,6.026042648540570035e+00,1.224762303508877825e-02
4.590000000000003522e-01,-9.748228736579196418e-01,-2.529034415785385015e-01,-1.577848380496302827e+00,6.035934253021819629e+00,1.227436444501993872e-02
4.600000000000003531e-01,-9.763818743971346414e-01,-2.468626588535579591e-01,-1.540143269234216961e+00,6.045592229743395940e+00,1.230110585413270521e-02
4.610000000000003539e-01,-9.779031407773569606e-01,-2.408123351117128497e-01,-1.502379901058881861e+00,6.055016229211501511e+00,1.232784726242529272e-02
4.620000000000003548e-01,-9.793866152576369277e-01,-2.347527045014561886e-01,-1.464559708212884503e+00,6.064205910446839098e+00,1.235458866989591967e-02
4.630000000000003557e-01,-9.808322417302055563e-01,-2.286840015079593669e-01,-1.426684124806693710e+00,6.073160940993491685e+00,1.238133007654280276e-02
4.640000000000003566e-01,-9.822399655223181814e-01,-2.226064609445843334e-01,-1.388754586770988952e+00,6.081880996927576000e+00,1.240807148236416045e-02
4.650000000000003575e-01,-9.836097333980512447e-01,-2.165203179443474513e-01,-1.350772531808968058e+00,6.090365762865665999e+00,1.243481288735820769e-02
4.660000000000003584e-01,-9.849414935600506738e-01,-2.104258079513747770e-01,-1.312739399348636482e+00,6.098614931972990760e+00,1.246155429152316294e-02
4.670000000000003593e-01,-9.862351956512328544e-01,-2.043231667123495687e-01,-1.274656630495077936e+00,6.106628205971403212e+00,1.248829569485724288e-02
4.680000000000003602e-01,-9.874907907564380860e-01,-1.982126302679516061e-01,-1.236525667982706800e+00,6.114405295147120611e+00,1.251503709735866596e-02
4.690000000000003610e-01,-9.887082314040357423e-01,-1.920944349442891830e-01,-1.198347956127503000e+00,6.121945918358239425e+00,1.254177849902564715e-02
4.700000000000003619e-01,-9.898874715674819136e-01,-1.859688173443234949e-01,-1.160124940779230451e+00,6.129249803042021050e+00,1.256851989985640489e-02
4.710000000000003628e-01,-9.910284666668296438e-01,-1.798360143392859489e-01,-1.121858069273638403e+00,6.136316685221954614e+00,1.259526129984915588e-02
4.720000000000003637e-01,-9.921311735701907608e-01,-1.736962630600884516e-01,-1.083548790384647686e+00,6.143146309514587955e+00,1.262200269900211856e-02
4.730000000000003646e-01,-9.931955505951500784e-01,-1.675498008887271184e-01,-1.045198554276521641e+00,6.149738429136134776e+00,1.264874409731350964e-02
4.740000000000003655e-01,-9.942215575101320812e-01,-1.613968654496793498e-01,-1.006808812456022162e+00,6.156092805908857990e+00,1.267548549478154409e-02
4.750000000000003664e-01,-9.952091555357190922e-01,-1.552376946012946346e-01,-9.683810177245519846e-01,6.162209210267221238e+00,1.270222689140444207e-02
4.760000000000003673e-01,-9.961583073459222559e-01,-1.490725264271794692e-01,-9.299166241302826430e-01,6.168087421263821035e+00,1.272896828718041856e-02
4.770000000000003681e-01,-9.970689770694045606e-01,-1.429015992275762814e-01,-8.914170869202706626e-01,6.173727226575087990e+00,1.275570968210769200e-02
4.780000000000003690e-01,-9.979411302906552317e-01,-1.367251515107368587e-01,-8.528838624925600964e-01,6.179128422506765972e+00,1.278245107618447909e-02
4.790000000000003699e-01,-9.987747340511172744e-01,-1.305434219842904198e-01,-8.143184083482737368e-01,6.184290813999164804e+00,1.280919246940899654e-02
4.800000000000003708e-01,-9.995697568502662778e-01,-1.243566495466064264e-01,-7.757221830436928922e-01,6.189214214632186462e+00,1.283593386177946279e-02
4.810000000000003717e-01,-1.000326168646641811e+00,-1.181650732781526769e-01,-7.370966461423258398e-01,6.193898446630130117e+00,1.286267525329409279e-02
4.820000000000003726e-01,-1.001043940858830528e+00,-1.119689324328485280e-01,-6.984432581669665074e-01,6.198343340866266260e+00,1.288941664395110501e-02
4.830000000000003735e-01,-1.001723046366401526e+00,-1.057684664294137877e-01,-6.597634805517429424e-01,6.202548736867193213e+00,1.291615803374871786e-02
4.840000000000003744e-01,-1.002363459510793753e+00,-9.956391484271324976e-02,-6.210587755941562316e-01,6.206514482816963607e+00,1.294289942268514633e-02
4.850000000000003753e-01,-1.002965156096155441e+00,-9.335551739509730107e-02,-5.823306064071112065e-01,6.210240435560989702e+00,1.296964081075860885e-02
4.860000000000003761e-01,-1.003528113390135257e+00,-8.714351394773869885e-02,-5.435804368709383771e-01,6.213726460609722224e+00,1.299638219796732212e-02
4.870000000000003770e-01,-1.004052310124625924e+00,-8.092814449196576720e-02,-5.048097315854083167e-01,6.216972432142107152e+00,1.302312358430950286e-02
4.880000000000003779e-01,-1.004537726496459893e+00,-7.470964914059227691e-02,-4.660199558217383853e-01,6.219978233008816026e+00,1.304986496978336949e-02
4.890000000000003788e-01,-1.004984344168056376e+00,-6.848826811924423053e-02,-4.272125754745930704e-01,6.222743754735255095e+00,1.307660635438713873e-02
4.900000000000003797e-01,-1.005392146268020870e+00,-6.226424175768365682e-02,-3.883890570140778320e-01,6.225268897524347977e+00,1.310334773811902727e-02
4.910000000000003806e-01,-1.005761117391696935e+00,-5.603781048112983776e-02,-3.495508674377272307e-01,6.227553570259096283e+00,1.313008912097725182e-02
4.920000000000003815e-01,-1.006091243601669127e+00,-4.980921480157804448e-02,-3.106994742224876704e-01,6.229597690504916407e+00,1.315683050296003083e-02
4.930000000000003824e-01,-1.006382512428218856e+00,-4.357869530911601119e-02,-2.718363452766954236e-01,6.231401184511750735e+00,1.318357188406558099e-02
4.940000000000003832e-01,-1.006634912869731613e+00,-3.734649266323849387e-02,-2.329629488920504088e-01,6.232963987215957680e+00,1.321031326429211901e-02
4.950000000000003841e-01,-1.006848435393056018e+00,-3.111284758415995902e-02,-1.940807536955859725e-01,6.234286042241978798e+00,1.323705464363786333e-02
4.960000000000003850e-01,-1.007023071933815350e+00,-2.487800084412579438e-02,-1.551912286016354781e-01,6.235367301903779413e+00,1.326379602210102891e-02
4.970000000000003859e-01,-1.007158815896671111e+00,-1.864219325872213187e-02,-1.162958427637961201e-01,6.236207727206068085e+00,1.329053739967983594e-02
4.980000000000003868e-01,-1.007255662155537967e+00,-1.240566567818460544e-02,-7.739606552689032304e-02,6.236807287845293146e+00,1.331727877637249938e-02
4.990000000000003877e-01,-1.007313607053750726e+00,-6.168658978706199024e-03,-3.849336637892532276e-02,6.237165962210412751e+00,1.334402015217723593e-02
5.000000000000003331e-01,-1.007332648404184239e+00,6.858594625555602953e-05,4.107850969486750992e-04,6.237283737383446436e+00,1.337076152709226404e-02
5.010000000000003340e-01,-1.007312785489323570e+00,6.305828194671824101e-03,3.931491927048111346e-02,6.237160609139800194e+00,1.339750290111580040e-02
5.020000000000003348e-01,-1.007254019061287753e+00,1.254282686463591839e-02,7.821756651236408397e-02,6.236796581948367724e+00,1.342424427424606347e-02
5.030000000000003357e-01,-1.007156351341804923e+00,1.877934106305674880e-02,1.171172572422752856e-01,6.236191668971411417e+00,1.345098564648126820e-02
5.040000000000003366e-01,-1.007019786022138597e+00,2.501512991435204253e-02,1.560125219769203653e-01,6.235345892064217743e+00,1.347772701781963303e-02
5.050000000000003375e-01,-1.006844328262967325e+00,3.124995256914109287e-02,1.949018913780741491e-01,6.234259281774530592e+00,1.350446838825937468e-02
5.060000000000003384e-01,-1.006629984694215274e+00,3.748356821293684360e-02,2.337838963006202975e-01,6.232931877341759908e+00,1.353120975779871157e-02
5.070000000000003393e-01,-1.006376763414835063e+00,4.371573607483707907e-02,2.726570678405889625e-01,6.231363726695969163e+00,1.355795112643586042e-02
5.080000000000003402e-01,-1.006084673992542866e+00,4.994621543621445559e-02,3.115199373831918361e-01,6.229554886456637242e+00,1.358469249416903793e-02
5.090000000000003411e-01,-1.005753727463504887e+00,5.617476563940522472e-02,3.503710366508541174e-01,6.227505421931199159e+00,1.361143386099646080e-02
5.100000000000003419e-01,-1.005383936331976313e+00,6.240114609639636073e-02,3.892088977512431769e-01,6.225215407113361188e+00,1.363817522691634747e-02
5.110000000000003428e-01,-1.004975314569892086e+00,6.862511629751089082e-02,4.280320532252928079e-01,6.222684924681193941e+00,1.366491659192691291e-02
5.120000000000003437e-01,-1.004527877616409492e+00,7.484643582009120610e-02,4.668390360952233697e-01,6.219914065995003405e+00,1.369165795602637729e-02
5.130000000000003446e-01,-1.004041642377403010e+00,8.106486433718017304e-02,5.056283799125566025e-01,6.216902931094973717e+00,1.371839931921295559e-02
5.140000000000003455e-01,-1.003516627224910973e+00,8.728016162619968432e-02,5.443986188061252784e-01,6.213651628698591445e+00,1.374514068148486624e-02
5.150000000000003464e-01,-1.002952851996534056e+00,9.349208757762664246e-02,5.831482875300763036e-01,6.210160276197841611e+00,1.377188204284032595e-02
5.160000000000003473e-01,-1.002350337994786456e+00,9.970040220366592487e-02,6.218759215118681016e-01,6.206428999656186107e+00,1.379862340327755142e-02
5.170000000000003482e-01,-1.001709107986397784e+00,1.059048656469202543e-01,6.605800569002601152e-01,6.202457933805310297e+00,1.382536476279476109e-02
5.180000000000003491e-01,-1.001029186201568777e+00,1.121052381890567246e-01,6.992592306132954239e-01,6.198247222041652016e+00,1.385210612139016993e-02
5.190000000000003499e-01,-1.000310598333177259e+00,1.183012802594697044e-01,7.379119803862753679e-01,6.193797016422702306e+00,1.387884747906199638e-02
5.200000000000003508e-01,-9.995533715359369298e-01,1.244927524439399663e-01,7.765368448197251805e-01,6.189107477663085000e+00,1.390558883580845888e-02
5.210000000000003517e-01,-9.987575344255087417e-01,1.306794154932897356e-01,8.151323634273509589e-01,6.184178775130410699e+00,1.393233019162777413e-02
5.220000000000003526e-01,-9.979231170775630932e-01,1.368610303320335619e-01,8.536970766839870883e-01,6.179011086840906053e+00,1.395907154651815883e-02
5.230000000000003535e-01,-9.970501510267950618e-01,1.430373580670245837e-01,8.922295260735332301e-01,6.173604599454817432e+00,1.398581290047782970e-02
5.240000000000003544e-01,-9.961386692658914521e-01,1.492081599960962124e-01,9.307282541368814277e-01,6.167959508271592561e+00,1.401255425350500343e-02
5.250000000000003553e-01,-9.951887062444496612e-01,1.553731976166988216e-01,9.691918045198313347e-01,6.162076017224834779e+00,1.403929560559789846e-02
5.260000000000003562e-01,-9.942002978678488034e-01,1.615322326345312864e-01,1.007618722020994673e+00,6.155954338877032583e+00,1.406603695675473151e-02
5.270000000000003570e-01,-9.931734814960730962e-01,1.676850269721671394e-01,1.046007552639686367e+00,6.149594694414065366e+00,1.409277830697372100e-02
5.280000000000003579e-01,-9.921082959424870618e-01,1.738313427776750630e-01,1.084356843623804467e+00,6.142997313639483536e+00,1.411951965625308190e-02
5.290000000000003588e-01,-9.910047814725631010e-01,1.799709424332337215e-01,1.122665143517695530e+00,6.136162434968562174e+00,1.414626100459103267e-02
5.300000000000003597e-01,-9.898629798025612159e-01,1.861035885637403187e-01,1.160931002210007223e+00,6.129090305422127294e+00,1.417300235198579172e-02
5.310000000000003606e-01,-9.886829340981605485e-01,1.922290440454129945e-01,1.199152970981525623e+00,6.121781180620159191e+00,1.419974369843557405e-02
5.320000000000003615e-01,-9.874646889730435140e-01,1.983470720143867272e-01,1.237329602552998953e+00,6.114235324775171065e+00,1.422648504393859807e-02
5.330000000000003624e-01,-9.862082904874318601e-01,2.044574358753024068e-01,1.275459451132944899e+00,6.106453010685354954e+00,1.425322638849308050e-02
5.340000000000003633e-01,-9.849137861465749877e-01,2.105598993098890259e-01,1.313541072465441939e+00,6.098434519727506498e+00,1.427996773209723805e-02
5.350000000000003642e-01,-9.835812248991906426e-01,2.166542262855386536e-01,1.351573023877905122e+00,6.090180141849722339e+00,1.430670907474928914e-02
5.360000000000003650e-01,-9.822106571358575344e-01,2.227401810638739432e-01,1.389553864328844091e+00,6.081690175563869261e+00,1.433345041644745049e-02
5.370000000000003659e-01,-9.808021346873603274e-01,2.288175282093080909e-01,1.427482154455603114e+00,6.072964927937825941e+00,1.436019175718994054e-02
5.380000000000003668e-01,-9.793557108229871133e-01,2.348860325975968832e-01,1.465356456622083359e+00,6.064004714587498235e+00,1.438693309697497424e-02
5.390000000000003677e-01,-9.778714402487790336e-01,2.409454594243825853e-01,1.503175334966446952e+00,6.054809859668606187e+00,1.441367443580077005e-02
5.400000000000003686e-01,-9.763493791057319404e-01,2.469955742137295851e-01,1.540937355448800172e+00,6.045380695868244558e+00,1.444041577366554467e-02
5.410000000000003695e-01,-9.747895849679507618e-01,2.530361428266514889e-01,1.578641085898857988e+00,6.035717564396212431e+00,1.446715711056751653e-02
5.420000000000003704e-01,-9.731921168407560163e-01,2.590669314696292802e-01,1.616285096063587723e+00,6.025820814976116324e+00,1.449389844650490061e-02
5.430000000000003713e-01,-9.715570351587428100e-01,2.650877067031207623e-01,1.653867957654830745e+00,6.015690805836245936e+00,1.452063978147591708e-02
5.440000000000003721e-01,-9.698844017837922049e-01,2.710982354500603431e-01,1.691388244396903495e+00,6.005327903700218073e+00,1.454738111547878091e-02
5.450000000000003730e-01,-9.681742800030348484e-01,2.770982850043498535e-01,1.728844532074175433e+00,5.994732483777393206e+00,1.457412244851171053e-02
5.460000000000003739e-01,-9.664267345267671949e-01,2.830876230393392645e-01,1.766235398578624327e+00,5.983904929753061097e+00,1.460086378057292265e-02
5.470000000000003748e-01,-9.646418314863201005e-01,2.890660176162975770e-01,1.803559423957367347e+00,5.972845633778398167e+00,1.462760511166063399e-02
5.480000000000003757e-01,-9.628196384318797874e-01,2.950332371928736097e-01,1.840815190460168838e+00,5.961554996460194822e+00,1.465434644177306123e-02
5.490000000000003766e-01,-9.609602243302618474e-01,3.009890506315465175e-01,1.878001282586921894e+00,5.950033426850350970e+00,1.468108777090842282e-02
5.500000000000003775e-01,-9.590636595626370609e-01,3.069332272080653734e-01,1.915116287135105955e+00,5.938281342435142385e+00,1.470782909906493546e-02
5.510000000000003784e-01,-9.571300159222100312e-01,3.128655366198781484e-01,1.952158793247216417e+00,5.926299169124255251e+00,1.473457042624081760e-02
5.520000000000003793e-01,-9.551593666118507464e-01,3.187857489945495892e-01,1.989127392458169163e+00,5.914087341239589790e+00,1.476131175243428593e-02
5.530000000000003801e-01,-9.531517862416784004e-01,3.246936348981676601e-01,2.026020678742676218e+00,5.901646301503831182e+00,1.478805307764355717e-02
5.540000000000003810e-01,-9.511073508265976972e-01,3.305889653437386055e-01,2.062837248562593651e+00,5.888976501028792221e+00,1.481479440186684801e-02
5.550000000000003819e-01,-9.490261377837881929e-01,3.364715117995700777e-01,2.099575700914241061e+00,5.876078399303518829e+00,1.484153572510237690e-02
5.560000000000003828e-01,-9.469082259301462301e-01,3.423410461976422736e-01,2.136234637375690859e+00,5.862952464182166423e+00,1.486827704734836053e-02
5.570000000000003837e-01,-9.447536954796795783e-01,3.481973409419670817e-01,2.172812662154027574e+00,5.849599171871640912e+00,1.489501836860301562e-02
5.580000000000003846e-01,-9.425626280408545554e-01,3.540401689169344057e-01,2.209308382132575410e+00,5.836019006919011431e+00,1.492175968886456060e-02
5.590000000000003855e-01,-9.403351066138966319e-01,3.598693034956458869e-01,2.245720406918096046e+00,5.822212462198682381e+00,1.494850100813121217e-02
5.600000000000003864e-01,-9.380712155880429615e-01,3.656845185482359151e-01,2.282047348887951799e+00,5.808180038899337205e+00,1.497524232640118705e-02
5.610000000000003872e-01,-9.357710407387483942e-01,3.714855884501790939e-01,2.318287823237237699e+00,5.793922246510645024e+00,1.500198364367270193e-02
5.620000000000003881e-01,-9.334346692248441935e-01,3.772722880905845511e-01,2.354440448025878041e+00,5.779439602809734566e+00,1.502872495994397525e-02
5.630000000000003890e-01,-9.310621895856497909e-01,3.830443928804766474e-01,2.390503844225689623e+00,5.764732633847430954e+00,1.505546627521322373e-02
5.640000000000003899e-01,-9.286536917380371348e-01,3.888016787610615310e-01,2.426476635767408130e+00,5.749801873934260676e+00,1.508220758947866579e-02
5.650000000000003908e-01,-9.262092669734485195e-01,3.945439222119798139e-01,2.462357449587679881e+00,5.734647865626214980e+00,1.510894890273851640e-02
5.660000000000003917e-01,-9.237290079548668986e-01,4.002709002595447596e-01,2.498144915676017153e+00,5.719271159710284991e+00,1.513569021499099575e-02
5.670000000000003926e-01,-9.212130087137399004e-01,4.059823904849660936e-01,2.533837667121713100e+00,5.703672315189753483e+00,1.516243152623431879e-02
5.680000000000003935e-01,-9.186613646468563266e-01,4.116781710325587706e-01,2.569434340160721142e+00,5.687851899269253053e+00,1.518917283646670398e-02
5.690000000000003944e-01,-9.160741725131762436e-01,4.173580206179365870e-01,2.604933574222493942e+00,5.671810487339588036e+00,1.521591414568636801e-02
5.700000000000003952e-01,-9.134515304306140004e-01,4.230217185361909715e-01,2.640334011976782858e+00,5.655548662962315731e+00,1.524265545389152758e-02
5.710000000000003961e-01,-9.107935378727745057e-01,4.286690446700536783e-01,2.675634299380394765e+00,5.639067017854092256e+00,1.526939676108040114e-02
5.720000000000003970e-01,-9.081002956656428760e-01,4.342997794980441584e-01,2.710833085723909797e+00,5.622366151870779483e+00,1.529613806725120539e-02
5.730000000000003979e-01,-9.053719059842273431e-01,4.399137041026005002e-01,2.745929023678356007e+00,5.605446672991313051e+00,1.532287937240215704e-02
5.740000000000003988e-01,-9.026084723491555328e-01,4.455106001781944935e-01,2.780920769341837850e+00,5.588309197301330578e+00,1.534962067653147279e-02
5.750000000000003997e-01,-8.998100996232238913e-01,4.510902500394299852e-01,2.815806982286125582e+00,5.570954348976562720e+00,1.537636197963737107e-02
5.760000000000004006e-01,-8.969768940079009267e-01,4.566524366291246917e-01,2.850586325603194915e+00,5.553382760265980878e+00,1.540310328171806860e-02
5.770000000000004015e-01,-8.941089630397835997e-01,4.621969435263746928e-01,2.885257465951722722e+00,5.535595071474705975e+00,1.542984458277178381e-02
5.780000000000004023e-01,-8.912064155870076387e-01,4.677235549546021054e-01,2.919819073603537429e+00,5.517591930946680101e+00,1.545658588279673340e-02
5.790000000000004032e-01,-8.882693618456110052e-01,4.732320557895850488e-01,2.954269822490018349e+00,5.499373995047090347e+00,1.548332718179113408e-02
5.800000000000004041e-01,-8.852979133358510611e-01,4.787222315674701245e-01,2.988608390248449709e+00,5.480941928144555497e+00,1.551006847975320430e-02
5.810000000000004050e-01,-8.822921828984757742e-01,4.841938684927666325e-01,3.022833458268322726e+00,5.462296402593071143e+00,1.553680977668115901e-02
5.820000000000004059e-01,-8.792522846909481826e-01,4.896467534463230242e-01,3.056943711737589719e+00,5.443438098713709650e+00,1.556355107257321665e-02
5.830000000000004068e-01,-8.761783341836248962e-01,4.950806739932846479e-01,3.090937839688864486e+00,5.424367704776080323e+00,1.559029236742759568e-02
5.840000000000004077e-01,-8.730704481558883012e-01,5.004954183910329535e-01,3.124814535045572050e+00,5.405085916979543548e+00,1.561703366124251278e-02
5.850000000000004086e-01,-8.699287446922328026e-01,5.058907755971056019e-01,3.158572494668043795e+00,5.385593439434183338e+00,1.564377495401618468e-02
5.860000000000004095e-01,-8.667533431783048803e-01,5.112665352770976446e-01,3.192210419399560184e+00,5.365890984141535647e+00,1.567051624574682805e-02
5.870000000000004103e-01,-8.635443642968969602e-01,5.166224878125434961e-01,3.225727014112337532e+00,5.345979270975072417e+00,1.569725753643266136e-02
5.880000000000004112e-01,-8.603019300238957667e-01,5.219584243087785902e-01,3.259120987753457488e+00,5.325859027660438727e+00,1.572399882607190130e-02
5.890000000000004121e-01,-8.570261636241843783e-01,5.272741366027817733e-01,3.292391053390741895e+00,5.305530989755446569e+00,1.575074011466276458e-02
5.900000000000004130e-01,-8.537171896474985422e-01,5.325694172709974916e-01,3.325535928258566365e+00,5.284995900629824384e+00,1.577748140220347137e-02
5.910000000000004139e-01,-8.503751339242372476e-01,5.378440596371372173e-01,3.358554333803617453e+00,5.264254511444717011e+00,1.580422268869223490e-02
5.920000000000004148e-01,-8.470001235612277801e-01,5.430978577799606688e-01,3.391444995730588552e+00,5.243307581131941397e+00,1.583096397412727535e-02
5.930000000000004157e-01,-8.435922869374444799e-01,5.483306065410360475e-01,3.424206644047814940e+00,5.222155876372994499e+00,1.585770525850680943e-02
5.940000000000004166e-01,-8.401517536996826463e-01,5.535421015324789584e-01,3.456838013112844887e+00,5.200800171577814268e+00,1.588444654182905383e-02
5.950000000000004174e-01,-8.366786547581864797e-01,5.587321391446703478e-01,3.489337841677950802e+00,5.179241248863293734e+00,1.591118782409222526e-02
5.960000000000004183e-01,-8.331731222822316152e-01,5.639005165539523468e-01,3.521704872935571995e+00,5.157479898031544607e+00,1.593792910529454043e-02
5.970000000000004192e-01,-8.296352896956622480e-01,5.690470317303027992e-01,3.553937854563695709e+00,5.135516916547914867e+00,1.596467038543421951e-02
5.980000000000004201e-01,-8.260652916723828509e-01,5.741714834449871407e-01,3.586035538771168429e+00,5.113353109518754991e+00,1.599141166450947574e-02
5.990000000000004210e-01,-8.224632641318048165e-01,5.792736712781882957e-01,3.617996682342941472e+00,5.090989289668936379e+00,1.601815294251852928e-02
6.000000000000004219e-01,-8.188293442342478023e-01,5.843533956266139251e-01,3.649820046685247732e+00,5.068426277319119322e+00,1.604489421945959685e-02
6.010000000000004228e-01,-8.151636703762956682e-01,5.894104577110806931e-01,3.681504397870706935e+00,5.045664900362770489e+00,1.607163549533089514e-02
6.020000000000004237e-01,-8.114663821861076709e-01,5.944446595840754410e-01,3.713048506683361616e+00,5.022705994242930849e+00,1.609837677013064433e-02
6.030000000000004245e-01,-8.077376205186846958e-01,5.994558041372930468e-01,3.744451148663639817e+00,4.999550401928730459e+00,1.612511804385705766e-02
6.040000000000004254e-01,-8.039775274510901903e-01,6.044436951091507471e-01,3.775711104153244957e+00,4.976198973891653665e+00,1.615185931650835530e-02
6.050000000000004263e-01,-8.001862462776266893e-01,6.094081370922783680e-01,3.806827158339969763e+00,4.952652568081552076e+00,1.617860058808275395e-02
6.060000000000004272e-01,-7.963639215049671538e-01,6.143489355409846864e-01,3.837798101302436926e+00,4.928912049902403503e+00,1.620534185857847032e-02
6.070000000000004281e-01,-7.925106988472420122e-01,6.192658967786993651e-01,3.868622728054760707e+00,4.904978292187821332e+00,1.623208312799372111e-02
6.080000000000004290e-01,-7.886267252210811263e-01,6.241588280053902427e-01,3.899299838591129941e+00,4.880852175176308094e+00,1.625882439632672302e-02
6.090000000000004299e-01,-7.847121487406115703e-01,6.290275373049555308e-01,3.929828237930314661e+00,4.856534586486255911e+00,1.628556566357569624e-02
6.100000000000004308e-01,-7.807671187124110013e-01,6.338718336525914765e-01,3.960206736160088781e+00,4.832026421090694690e+00,1.631230692973885746e-02
6.110000000000004317e-01,-7.767917856304161761e-01,6.386915269221339342e-01,3.990434148481571963e+00,4.807328581291783642e+00,1.633904819481442339e-02
6.120000000000004325e-01,-7.727863011707876151e-01,6.434864278933747350e-01,4.020509295253488879e+00,4.782441976695051444e+00,1.636578945880061073e-02
6.130000000000004334e-01,-7.687508181867299673e-01,6.482563482593521886e-01,4.050431002036344097e+00,4.757367524183377050e+00,1.639253072169563619e-02
6.140000000000004343e-01,-7.646854907032681892e-01,6.530011006336151613e-01,4.080198099636509923e+00,4.732106147890718262e+00,1.641927198349771647e-02
6.150000000000004352e-01,-7.605904739119794256e-01,6.577204985574610641e-01,4.109809424150228097e+00,4.706658779175584506e+00,1.644601324420507174e-02
6.160000000000004361e-01,-7.564659241656814803e-01,6.624143565071468620e-01,4.139263817007523549e+00,4.681026356594249371e+00,1.647275450381591524e-02
6.170000000000004370e-01,-7.523119989730767676e-01,6.670824899010733278e-01,4.168560125016026241e+00,4.655209825873712681e+00,1.649949576232846715e-02
6.180000000000004379e-01,-7.481288569933532973e-01,6.717247151069424271e-01,4.197697200404705065e+00,4.629210139884402331e+00,1.652623701974094417e-02
6.190000000000004388e-01,-7.439166580307412513e-01,6.763408494488866163e-01,4.226673900867509381e+00,4.603028258612617662e+00,1.655297827605156646e-02
6.200000000000004396e-01,-7.396755630290259287e-01,6.809307112145711605e-01,4.255489089606911079e+00,4.576665149132717048e+00,1.657971953125854728e-02
6.210000000000004405e-01,-7.354057340660180575e-01,6.854941196622679200e-01,4.284141635377358703e+00,4.550121785579047007e+00,1.660646078536010678e-02
6.220000000000004414e-01,-7.311073343479798092e-01,6.900308950279013809e-01,4.312630412528632107e+00,4.523399149117614648e+00,1.663320203835445821e-02
6.230000000000004423e-01,-7.267805282040078474e-01,6.945408585320659300e-01,4.340954301049098518e+00,4.496498227917497204e+00,1.665994329023982173e-02
6.240000000000004432e-01,-7.224254810803731885e-01,6.990238323870145987e-01,4.369112186608868242e+00,4.469420017121997546e+00,1.668668454101441406e-02
6.250000000000004441e-01,-7.180423595348179866e-01,7.034796398036186060e-01,4.397102960602852662e+00,4.442165518819535031e+00,1.671342579067645537e-02
6.260000000000004450e-01,-7.136313312308090184e-01,7.079081049982980378e-01,4.424925520193719208e+00,4.414735742014283204e+00,1.674016703922415888e-02
6.270000000000004459e-01,-7.091925649317488700e-01,7.123090531999226593e-01,4.452578768354738870e+00,4.387131702596541949e+00,1.676690828665574479e-02
6.280000000000004468e-01,-7.047262304951434908e-01,7.166823106566830859e-01,4.480061613912535989e+00,4.359354423312850280e+00,1.679364953296942978e-02
6.290000000000004476e-01,-7.002324988667280037e-01,7.210277046429321990e-01,4.507372971589721722e+00,4.331404933735842455e+00,1.682039077816343056e-02
6.300000000000004485e-01,-6.957115420745491052e-01,7.253450634659958096e-01,4.534511762047428007e+00,4.303284270233836750e+00,1.684713202223596384e-02
6.310000000000004494e-01,-6.911635332230053885e-01,7.296342164729530122e-01,4.561476911927726974e+00,4.274993475940170207e+00,1.687387326518524633e-02
6.320000000000004503e-01,-6.865886464868452554e-01,7.338949940573861186e-01,4.588267353895941092e+00,4.246533600722265156e+00,1.690061450700949819e-02
6.330000000000004512e-01,-6.819870571051226404e-01,7.381272276660987286e-01,4.614882026682840532e+00,4.217905701150438169e+00,1.692735574770693266e-02
6.340000000000004521e-01,-6.773589413751104349e-01,7.423307498058030474e-01,4.641319875126723282e+00,4.189110840466447883e+00,1.695409698727576991e-02
6.350000000000004530e-01,-6.727044766461719449e-01,7.465053940497757834e-01,4.667579850215385129e+00,4.160150088551776371e+00,1.698083822571422666e-02
6.360000000000004539e-01,-6.680238413135906050e-01,7.506509950444816281e-01,4.693660909127966185e+00,4.131024521895649393e+00,1.700757946302052306e-02
6.370000000000004547e-01,-6.633172148123573919e-01,7.547673885161647611e-01,4.719562015276681954e+00,4.101735223562796406e+00,1.703432069919287237e-02
6.380000000000004556e-01,-6.585847776109173823e-01,7.588544112774084915e-01,4.745282138348434486e+00,4.072283283160945899e+00,1.706106193422949474e-02
6.390000000000004565e-01,-6.538267112048741225e-01,7.629119012336617045e-01,4.770820254346298306e+00,4.042669796808056937e+00,1.708780316812860342e-02
6.400000000000004574e-01,-6.490431981106526971e-01,7.669396973897324443e-01,4.796175345630883768e+00,4.012895867099286029e+00,1.711454440088841858e-02
6.410000000000004583e-01,-6.442344218591216087e-01,7.709376398562488575e-01,4.821346400961576073e+00,3.982962603073695096e+00,1.714128563250715692e-02
6.420000000000004592e-01,-6.394005669891734689e-01,7.749055698560860517e-01,4.846332415537646376e+00,3.952871120180688980e+00,1.716802686298303862e-02
6.430000000000004601e-01,-6.345418190412646098e-01,7.788433297307595371e-01,4.871132391039231457e+00,3.922622540246194944e+00,1.719476809231427691e-02
6.440000000000004610e-01,-6.296583645509138405e-01,7.827507629467849171e-01,4.895745335668189036e+00,3.892217991438573943e+00,1.722150932049909197e-02
6.450000000000004619e-01,-6.247503910421601248e-01,7.866277141020030506e-01,4.920170264188814535e+00,3.861658608234268986e+00,1.724825054753570050e-02
6.460000000000004627e-01,-6.198180870209800686e-01,7.904740289318709090e-01,4.944406197968427286e+00,3.830945531383188829e+00,1.727499177342231920e-02
6.470000000000004636e-01,-6.148616419686645518e-01,7.942895543157175720e-01,4.968452165017819944e+00,3.800079907873826102e+00,1.730173299815716478e-02
6.480000000000004645e-01,-6.098812463351552804e-01,7.980741382829652508e-01,4.992307200031572911e+00,3.769062890898112084e+00,1.732847422173845395e-02
6.490000000000004654e-01,-6.048770915323404829e-01,8.018276300193148964e-01,5.015970344428225758e+00,3.737895639816005033e+00,1.735521544416440687e-02
6.500000000000004663e-01,-5.998493699273114155e-01,8.055498798728969456e-01,5.039440646390310086e+00,3.706579320119813392e+00,1.738195666543324025e-02
6.510000000000004672e-01,-5.947982748355781224e-01,8.092407393603849863e-01,5.062717160904241176e+00,3.675115103398255645e+00,1.740869788554317080e-02
6.520000000000004681e-01,-5.897240005142455610e-01,8.129000611730746728e-01,5.085798949800062196e+00,3.643504167300251506e+00,1.743543910449241521e-02
6.530000000000004690e-01,-5.846267421551505361e-01,8.165276991829254483e-01,5.108685081791043636e+00,3.611747695498451094e+00,1.746218032227919020e-02
6.540000000000004698e-01,-5.795066958779584443e-01,8.201235084485659632e-01,5.131374632513135303e+00,3.579846877652496318e+00,1.748892153890171594e-02
6.550000000000004707e-01,-5.743640587232210493e-01,8.236873452212625235e-01,5.153866684564267331e+00,3.547802909372016700e+00,1.751566275435820566e-02
6.560000000000004716e-01,-5.691990286453947334e-01,8.272190669508506788e-01,5.176160327543500195e+00,3.515616992179360967e+00,1.754240396864687954e-02
6.570000000000004725e-01,-5.640118045058201135e-01,8.307185322916289527e-01,5.198254658090022851e+00,3.483290333472062628e+00,1.756914518176595427e-02
6.580000000000004734e-01,-5.588025860656623545e-01,8.341856011082153799e-01,5.220148779921991000e+00,3.450824146485038213e+00,1.759588639371365004e-02
6.590000000000004743e-01,-5.535715739788128475e-01,8.376201344813656302e-01,5.241841803875214367e+00,3.418219650252521724e+00,1.762262760448818008e-02
6.600000000000004752e-01,-5.483189697847523636e-01,8.410219947137532737e-01,5.263332847941677883e+00,3.385478069569732629e+00,1.764936881408776456e-02
6.610000000000004761e-01,-5.430449759013754596e-01,8.443910453357117429e-01,5.284621037307909219e+00,3.352600634954277403e+00,1.767611002251062019e-02
6.620000000000004770e-01,-5.377497956177771377e-01,8.477271511109367719e-01,5.305705504393177563e+00,3.319588582607286842e+00,1.770285122975496367e-02
6.630000000000004778e-01,-5.324336330870006462e-01,8.510301780421509754e-01,5.326585388887528971e+00,3.286443154374286024e+00,1.772959243581901170e-02
6.640000000000004787e-01,-5.270966933187483106e-01,8.542999933767281284e-01,5.347259837789659187e+00,3.253165597705800938e+00,1.775633364070098100e-02
6.650000000000004796e-01,-5.217391821720536171e-01,8.575364656122785867e-01,5.367728005444610595e+00,3.219757165617697314e+00,1.778307484439909172e-02
6.660000000000004805e-01,-5.163613063479161047e-01,8.607394645021945179e-01,5.387989053581304866e+00,3.186219116651254790e+00,1.780981604691155712e-02
6.670000000000004814e-01,-5.109632733818988415e-01,8.639088610611554975e-01,5.408042151349899740e+00,3.152552714832975944e+00,1.783655724823659736e-02
6.680000000000004823e-01,-5.055452916366888205e-01,8.670445275705932486e-01,5.427886475358972618e+00,3.118759229634130659e+00,1.786329844837243261e-02
6.690000000000004832e-01,-5.001075702946197188e-01,8.701463375841163028e-01,5.447521209712526513e+00,3.084839935930033583e+00,1.789003964731727611e-02
6.700000000000004841e-01,-4.946503193501581852e-01,8.732141659328932493e-01,5.466945546046817483e+00,3.050796113959058253e+00,1.791678084506934457e-02
6.710000000000004849e-01,-4.891737496023531029e-01,8.762478887309956832e-01,5.486158683567002647e+00,3.016629049281386088e+00,1.794352204162685815e-02
6.720000000000004858e-01,-4.836780726472486025e-01,8.792473833806987438e-01,5.505159829083605239e+00,2.982340032737489821e+00,1.797026323698803357e-02
6.730000000000004867e-01,-4.781635008702604939e-01,8.822125285777410175e-01,5.523948197048794029e+00,2.947930360406353589e+00,1.799700443115108753e-02
6.740000000000004876e-01,-4.726302474385165597e-01,8.851432043165416985e-01,5.542523009592478900e+00,2.913401333563428341e+00,1.802374562411423672e-02
6.750000000000004885e-01,-4.670785262931608228e-01,8.880392918953760040e-01,5.560883496558212791e+00,2.878754258638322572e+00,1.805048681587570134e-02
6.760000000000004894e-01,-4.615085521416220082e-01,8.909006739215081794e-01,5.579028895538908905e+00,2.843990447172229707e+00,1.807722800643369807e-02
6.770000000000004903e-01,-4.559205404498465342e-01,8.937272343162815380e-01,5.596958451912359855e+00,2.809111215775093040e+00,1.810396919578644362e-02
6.780000000000004912e-01,-4.503147074344957534e-01,8.965188583201659789e-01,5.614671418876564957e+00,2.774117886082505091e+00,1.813071038393215470e-02
6.790000000000004921e-01,-4.446912700551082787e-01,8.992754324977615399e-01,5.632167057484860351e+00,2.739011784712345854e+00,1.815745157086904801e-02
6.800000000000004929e-01,-4.390504460062272241e-01,9.019968447427592073e-01,5.649444636680847509e+00,2.703794243221157689e+00,1.818419275659534026e-02
6.810000000000004938e-01,-4.333924537094924756e-01,9.046829842828575385e-01,5.666503433333125450e+00,2.668466598060257766e+00,1.821093394110925162e-02
6.820000000000004947e-01,-4.277175123056983774e-01,9.073337416846354309e-01,5.683342732269813347e+00,2.633030190531588488e+00,1.823767512440899879e-02
6.830000000000004956e-01,-4.220258416468171125e-01,9.099490088583804814e-01,5.699961826312873292e+00,2.597486366743305908e+00,1.826441630649279849e-02
6.840000000000004965e-01,-4.163176622879877775e-01,9.125286790628730493e-01,5.716360016312221681e+00,2.561836477565107906e+00,1.829115748735886740e-02
6.850000000000004974e-01,-4.105931954794713734e-01,9.150726469101251315e-01,5.732536611179633645e+00,2.526081878583300355e+00,1.831789866700542571e-02
6.860000000000004983e-01,-4.048526631585722679e-01,9.175808083700747186e-01,5.748490927922433436e+00,2.490223930055602608e+00,1.834463984543068665e-02
6.870000000000004992e-01,-3.990962879415256293e-01,9.200530607752340773e-01,5.764222291676969867e+00,2.454263996865694519e+00,1.837138102263287040e-02
6.880000000000005000e-01,-3.933242931153520527e-01,9.224893028252931781e-01,5.779730035741881267e+00,2.418203448477501905e+00,1.839812219861019366e-02
6.890000000000005009e-01,-3.875369026296784369e-01,9.248894345916769399e-01,5.795013501611133044e+00,2.382043658889224425e+00,1.842486337336087313e-02
6.900000000000005018e-01,-3.817343410885264410e-01,9.272533575220562874e-01,5.810072039006842992e+00,2.345786006587103678e+00,1.845160454688312898e-02
6.910000000000005027e-01,-3.759168337420679129e-01,9.295809744448131351e-01,5.824905005911879208e+00,2.309431874498933279e+00,1.847834571917517446e-02
6.920000000000005036e-01,-3.700846064783479550e-01,9.318721895734585203e-01,5.839511768602232422e+00,2.272982649947311806e+00,1.850508689023522974e-02
6.930000000000005045e-01,-3.642378858149757370e-01,9.341269085110037729e-01,5.853891701679165394e+00,2.236439724602638623e+00,1.853182806006151151e-02
6.940000000000005054e-01,-3.583768988907832242e-01,9.363450382542848338e-01,5.868044188101127823e+00,2.199804494435853019e+00,1.855856922865223649e-02
6.950000000000005063e-01,-3.525018734574520418e-01,9.385264871982392787e-01,5.881968619215442118e+00,2.163078359670916662e+00,1.858531039600562484e-02
6.960000000000005071e-01,-3.466130378711090865e-01,9.406711651401350460e-01,5.895664394789755569e+00,2.126262724737042031e+00,1.861205156211989328e-02
6.970000000000005080e-01,-3.407106210838903304e-01,9.427789832837519812e-01,5.909130923043255379e+00,2.089358998220665953e+00,1.863879272699325504e-02
6.980000000000005089e-01,-3.347948526354738719e-01,9.448498542435148639e-01,5.922367620677644773e+00,2.052368592817167769e+00,1.866553389062393029e-02
6.990000000000005098e-01,-3.288659626445820661e-01,9.468836920485781405e-01,5.935373912907878413e+00,2.015292925282335279e+00,1.869227505301013920e-02
7.000000000000005107e-01,-3.229241818004529585e-01,9.488804121468620290e-01,5.948149233492658006e+00,1.978133416383577980e+00,1.871901621415009501e-02
7.010000000000005116e-01,-3.169697413542814091e-01,9.508399314090393295e-01,5.960693024764676551e+00,1.940891490850888523e+00,1.874575737404201789e-02
7.020000000000005125e-01,-3.110028731106300737e-01,9.527621681324737191e-01,5.973004737660621011e+00,1.903568577327551914e+00,1.877249853268412455e-02
7.030000000000005134e-01,-3.050238094188105209e-01,9.546470420451081962e-01,5.985083831750920957e+00,1.866166108320605144e+00,1.879923969007463169e-02
7.040000000000005143e-01,-2.990327831642347056e-01,9.564944743093037882e-01,5.996929775269247642e+00,1.828685520151046795e+00,1.882598084621175602e-02
7.050000000000005151e-01,-2.930300277597371328e-01,9.583043875256289645e-01,6.008542045141758159e+00,1.791128252903797957e+00,1.885272200109371424e-02
7.060000000000005160e-01,-2.870157771368677668e-01,9.600767057365977575e-01,6.019920127016079370e+00,1.753495750377414897e+00,1.887946315471872652e-02
7.070000000000005169e-01,-2.809902657371562973e-01,9.618113544303588114e-01,6.031063515290039589e+00,1.715789460033554592e+00,1.890620430708500957e-02
7.080000000000005178e-01,-2.749537285033474832e-01,9.635082605443328063e-01,6.041971713140132927e+00,1.678010832946193576e+00,1.893294545819078009e-02
7.090000000000005187e-01,-2.689064008706086306e-01,9.651673524687991446e-01,6.052644232549721615e+00,1.640161323750602307e+00,1.895968660803425479e-02
7.100000000000005196e-01,-2.628485187577085935e-01,9.667885600504318999e-01,6.063080594336973661e+00,1.602242390592073518e+00,1.898642775661365384e-02
7.110000000000005205e-01,-2.567803185581690184e-01,9.683718145957839196e-01,6.073280328182530496e+00,1.564255495074408753e+00,1.901316890392719047e-02
7.120000000000005214e-01,-2.507020371313882778e-01,9.699170488747197449e-01,6.083242972656904612e+00,1.526202102208160216e+00,1.903991004997308487e-02
7.130000000000005222e-01,-2.446139117937380647e-01,9.714241971237959072e-01,6.092968075247605420e+00,1.488083680358632810e+00,1.906665119474955372e-02
7.140000000000005231e-01,-2.385161803096327582e-01,9.728931950495901537e-01,6.102455192385985328e+00,1.449901701193644810e+00,1.909339233825481721e-02
7.150000000000005240e-01,-2.324090808825724497e-01,9.743239798319771605e-01,6.111703889473814932e+00,1.411657639631048289e+00,1.912013348048708858e-02
7.160000000000005249e-01,-2.262928521461592402e-01,9.757164901273528423e-01,6.120713740909571321e+00,1.373352973786012177e+00,1.914687462144458799e-02
7.170000000000005258e-01,-2.201677331550875860e-01,9.770706660718045944e-01,6.129484330114449264e+00,1.334989184918067506e+00,1.917361576112553215e-02
7.180000000000005267e-01,-2.140339633761086380e-01,9.783864492842294647e-01,6.138015249558083752e+00,1.296567757377915298e+00,1.920035689952813776e-02
7.190000000000005276e-01,-2.078917826789691004e-01,9.796637828693985917e-01,6.146306100783988313e+00,1.258090178554000405e+00,1.922709803665062153e-02
7.200000000000005285e-01,-2.017414313273247217e-01,9.809026114209680181e-01,6.154356494434700231e+00,1.219557938818851550e+00,1.925383917249120364e-02
7.210000000000005294e-01,-1.955831499696288334e-01,9.821028810244359919e-01,6.162166050276638884e+00,1.180972531475186882e+00,1.928058030704810077e-02
7.220000000000005302e-01,-1.894171796299961574e-01,9.832645392600459777e-01,6.169734397224665656e+00,1.142335452701789267e+00,1.930732144031952965e-02
7.230000000000005311e-01,-1.832437616990422180e-01,9.843875352056355998e-01,6.177061173366348967e+00,1.103648201499150883e+00,1.933406257230370698e-02
7.240000000000005320e-01,-1.770631379246986048e-01,9.854718194394310737e-01,6.184146025985930883e+00,1.064912279634887993e+00,1.936080370299884945e-02
7.250000000000005329e-01,-1.708755504030044503e-01,9.865173440427870144e-01,6.190988611587990853e+00,1.026129191588928791e+00,1.938754483240317725e-02
7.260000000000005338e-01,-1.646812415688744535e-01,9.875240626028712887e-01,6.197588595920807464e+00,9.873004444984738726e-01,1.941428596051490707e-02
7.270000000000005347e-01,-1.584804541868434780e-01,9.884919302152943565e-01,6.203945653999411114e+00,9.484275481027315546e-01,1.944102708733225562e-02
7.280000000000005356e-01,-1.522734313417885565e-01,9.894209034866839891e-01,6.210059470128332926e+00,9.095120146874295930e-01,1.946776821285343961e-02
7.290000000000005365e-01,-1.460604164296280538e-01,9.903109405372035878e-01,6.215929737924040133e+00,8.705553590291043031e-01,1.949450933707667921e-02
7.300000000000005373e-01,-1.398416531479986513e-01,9.911620010030153249e-01,6.221556160337057939e+00,8.315590983391686342e-01,1.952125046000018765e-02
7.310000000000005382e-01,-1.336173854869104338e-01,9.919740460386867742e-01,6.226938449673775189e+00,7.925247522077601969e-01,1.954799158162218511e-02
7.320000000000005391e-01,-1.273878577193801320e-01,9.927470383195414749e-01,6.232076327617935618e+00,7.534538425473715773e-01,1.957473270194088830e-02
7.330000000000005400e-01,-1.211533143920432570e-01,9.934809420439530969e-01,6.236969525251805813e+00,7.143478935362637117e-01,1.960147382095451737e-02
7.340000000000005409e-01,-1.149140003157450851e-01,9.941757229355829839e-01,6.241617783077021642e+00,6.752084315616638799e-01,1.962821493866128558e-02
7.350000000000005418e-01,-1.086701605561110062e-01,9.948313482455601875e-01,6.246020851035109622e+00,6.360369851627507565e-01,1.965495605505941309e-02
7.360000000000005427e-01,-1.024220404240965138e-01,9.954477867546051018e-01,6.250178488527680543e+00,5.968350849734265218e-01,1.968169717014711662e-02
7.370000000000005436e-01,-9.616988546651715486e-02,9.960250087750956993e-01,6.254090464436294461e+00,5.576042636648791406e-01,1.970843828392261285e-02
7.380000000000005445e-01,-8.991394145655878800e-02,9.965629861530754807e-01,6.257756557141993525e+00,5.183460558879353641e-01,1.973517939638412197e-02
7.390000000000005453e-01,-8.365445438426849512e-02,9.970616922702046914e-01,6.261176554544497286e+00,4.790619982152068967e-01,1.976192050752985721e-02
7.400000000000005462e-01,-7.739167044702639775e-02,9.975211020456528077e-01,6.264350254081067604e+00,4.397536290830308392e-01,1.978866161735803875e-02
7.410000000000005471e-01,-7.112583603999886317e-02,9.979411919379332918e-01,6.267277462745028060e+00,4.004224887332064053e-01,1.981540272586688328e-02
7.420000000000005480e-01,-6.485719774657332237e-02,9.983219399466797261e-01,6.269957997103946745e+00,3.610701191545294675e-01,1.984214383305461099e-02
7.430000000000005489e-01,-5.858600232877506087e-02,9.986633256143635506e-01,6.272391683317471767e+00,3.216980640241270395e-01,1.986888493891943511e-02
7.440000000000005498e-01,-5.231249671766637771e-02,9.989653300279529580e-01,6.274578357154823038e+00,2.823078686485928079e-01,1.989562604345957580e-02
7.450000000000005507e-01,-4.603692800372840427e-02,9.992279358205130579e-01,6.276517864011935899e+00,2.429010799049265423e-01,1.992236714667324979e-02
7.460000000000005516e-01,-3.975954342722597123e-02,9.994511271727462010e-01,6.278210058928253012e+00,2.034792461812781339e-01,1.994910824855867376e-02
7.470000000000005524e-01,-3.348059036855585702e-02,9.996348898144739037e-01,6.279654806603160999e+00,1.640439173174988441e-01,1.997584934911406443e-02
7.480000000000005533e-01,-2.720031633857874706e-02,9.997792110260584897e-01,6.280851981412077123e+00,1.245966445455015809e-01,2.000259044833764197e-02
7.490000000000005542e-01,-2.091896896893533780e-02,9.998840796397653330e-01,6.281801467422175378e+00,8.513898042943188194e-02,2.002933154622762307e-02
7.500000000000005551e-01,-1.463679600234685241e-02,9.999494860410649277e-01,6.282503158407751087e+00,4.567247880565168672e-02,2.005607264278222446e-02
7.510000000000005560e-01,-8.354045282900391528e-03,9.999754221698753387e-01,6.282956957865226677e+00,6.198694722537999302e-03,2.008281373799966282e-02
7.520000000000005569e-01,-2.070964746319456547e-03,9.999618815217438117e-01,6.283162779027790634e+00,-3.328081561990171855e-02,2.010955483187815834e-02
7.530000000000005578e-01,4.212197589779986123e-03,9.999088591489680988e-01,6.283120544879671421e+00,-7.276449493059533591e-02,2.013629592441592772e-02
7.540000000000005587e-01,1.049519363564752755e-02,9.998163516616572766e-01,6.282830188170040131e+00,-1.122507848881509063e-01,2.016303701561118766e-02
7.550000000000005596e-01,1.677777523917005700e-02,9.996843572287317237e-01,6.282291651426544554e+00,-1.517381262017784838e-01,2.018977810546215487e-02
7.560000000000005604e-01,2.305969419565684700e-02,9.995128755788617037e-01,6.281504886968470203e+00,-1.912249586723868411e-01,2.021651919396704605e-02
7.570000000000005613e-01,2.934070225763761586e-02,9.993019080013453292e-01,6.280469856919520311e+00,-2.307097212538530007e-01,2.024326028112408138e-02
7.580000000000005622e-01,3.562055114467317651e-02,9.990514573469246873e-01,6.279186533220225463e+00,-2.701908521144621433e-01,2.027000136693147755e-02
7.590000000000005631e-01,4.189899255317832555e-02,9.987615280285406794e-01,6.277654897639966869e+00,-3.096667886985159379e-01,2.029674245138745128e-02
7.600000000000005640e-01,4.817577816625651793e-02,9.984321260220262451e-01,6.275874941788622152e+00,-3.491359677881069046e-01,2.032348353449021927e-02
7.610000000000005649e-01,5.445065966354604992e-02,9.980632588667375238e-01,6.273846667127822130e+00,-3.885968255650568137e-01,2.035022461623800169e-02
7.620000000000005658e-01,6.072338873107727131e-02,9.976549356661230661e-01,6.271570084981824778e+00,-4.280477976730162615e-01,2.037696569662901178e-02
7.630000000000005667e-01,6.699371707114047669e-02,9.972071670882309835e-01,6.269045216547997512e+00,-4.674873192797237564e-01,2.040370677566146970e-02
7.640000000000005675e-01,7.326139641216412868e-02,9.967199653661534819e-01,6.266272092906910451e+00,-5.069138251394216255e-01,2.043044785333359564e-02
7.650000000000005684e-01,7.952617851860289966e-02,9.961933442984092224e-01,6.263250755032034434e+00,-5.463257496554260184e-01,2.045718892964360283e-02
7.660000000000005693e-01,8.578781520083528234e-02,9.956273192492630653e-01,6.259981253799047352e+00,-5.857215269428498461e-01,2.048393000458971144e-02
7.670000000000005702e-01,9.204605832507026242e-02,9.950219071489824207e-01,6.256463649994739917e+00,-6.250995908914743771e-01,2.051067107817013818e-02
7.680000000000005711e-01,9.830065982326276208e-02,9.943771264940315380e-01,6.252698014325519971e+00,-6.644583752287687162e-01,2.053741215038309975e-02
7.690000000000005720e-01,1.045513717030372991e-01,9.936929973472019562e-01,6.248684427425521548e+00,-7.037963135830533901e-01,2.056415322122681286e-02
7.700000000000005729e-01,1.107979460576196257e-01,9.929695413376801172e-01,6.244422979864306278e+00,-7.431118395468069293e-01,2.059089429069949767e-02
7.710000000000005738e-01,1.170401350757758058e-01,9.922067816610513624e-01,6.239913772154156213e+00,-7.824033867401110065e-01,2.061763535879937090e-02
7.720000000000005747e-01,1.232776910517584396e-01,9.914047430792408688e-01,6.235156914756965207e+00,-8.216693888742335750e-01,2.064437642552464924e-02
7.730000000000005755e-01,1.295103663952595630e-01,9.905634519203903032e-01,6.230152528090717290e+00,-8.609082798153457894e-01,2.067111749087354941e-02
7.740000000000005764e-01,1.357379136413697507e-01,9.896829360786710827e-01,6.224900742535550258e+00,-9.001184936483712651e-01,2.069785855484429157e-02
7.750000000000005773e-01,1.419600854605432005e-01,9.887632250140335755e-01,6.219401698439411597e+00,-9.392984647409640120e-01,2.072459961743508897e-02
7.760000000000005782e-01,1.481766346685681468e-01,9.878043497518926852e-01,6.213655546123293405e+00,-9.784466278076129342e-01,2.075134067864416176e-02
7.770000000000005791e-01,1.543873142365423390e-01,9.868063428827484884e-01,6.207662445886052538e+00,-1.017561417973870563e+00,2.077808173846973014e-02
7.780000000000005800e-01,1.605918773008532252e-01,9.857692385617431441e-01,6.201422568008807978e+00,-1.056641270840701807e+00,2.080482279691000733e-02
7.790000000000005809e-01,1.667900771731621323e-01,9.846930725081534108e-01,6.194936092758919877e+00,-1.095684622548952269e+00,2.083156385396321350e-02
7.800000000000005818e-01,1.729816673503923596e-01,9.835778820048182158e-01,6.188203210393542264e+00,-1.134689909843930700e+00,2.085830490962756537e-02
7.810000000000005826e-01,1.791664015247206032e-01,9.824237058975021641e-01,6.181224121162752994e+00,-1.173655570140104576e+00,2.088504596390127963e-02
7.820000000000005835e-01,1.853440335935712668e-01,9.812305845941936555e-01,6.173999035312252914e+00,-1.212580041585906043e+00,2.091178701678257298e-02
7.830000000000005844e-01,1.915143176696131599e-01,9.799985600643386086e-01,6.166528173085637832e+00,-1.251461763128643767e+00,2.093852806826966562e-02
7.840000000000005853e-01,1.976770080907584715e-01,9.787276758380092367e-01,6.158811764726239701e+00,-1.290299174579519148e+00,2.096526911836077423e-02
7.850000000000005862e-01,2.038318594301631870e-01,9.774179770050074323e-01,6.150850050478532616e+00,-1.329090716678743567e+00,2.099201016705411552e-02
7.860000000000005871e-01,2.099786265062287549e-01,9.760695102139033130e-01,6.142643280589108024e+00,-1.367834831160754216e+00,2.101875121434790966e-02
7.870000000000005880e-01,2.161170643926045298e-01,9.746823236710079330e-01,6.134191715307207637e+00,-1.406529960819523861e+00,2.104549226024036990e-02
7.880000000000005889e-01,2.222469284281904656e-01,9.732564671392817113e-01,6.125495624884822909e+00,-1.445174549573963851e+00,2.107223330472971640e-02
7.890000000000005898e-01,2.283679742271397806e-01,9.717919919371761361e-01,6.116555289576353971e+00,-1.483767042533415292e+00,2.109897434781416586e-02
7.900000000000005906e-01,2.344799576888609849e-01,9.702889509374109656e-01,6.107370999637823594e+00,-1.522305886063226588e+00,2.112571538949193500e-02
7.910000000000005915e-01,2.405826350080189080e-01,9.687473985656851472e-01,6.097943055325650619e+00,-1.560789527850414249e+00,2.115245642976124399e-02
7.920000000000005924e-01,2.466757626845343387e-01,9.671673907993225683e-01,6.088271766894977510e+00,-1.599216416969402532e+00,2.117919746862030952e-02
7.930000000000005933e-01,2.527590975335817225e-01,9.655489851658513034e-01,6.078357454597550280e+00,-1.637585003947840345e+00,2.120593850606734831e-02
7.940000000000005942e-01,2.588323966955844435e-01,9.638922407415180249e-01,6.068200448679149872e+00,-1.675893740832491208e+00,2.123267954210057706e-02
7.950000000000005951e-01,2.648954176462075538e-01,9.621972181497353560e-01,6.057801089376576797e+00,-1.714141081255194043e+00,2.125942057671821595e-02
7.960000000000005960e-01,2.709479182063468383e-01,9.604639795594640539e-01,6.047159726914179245e+00,-1.752325480498890142e+00,2.128616160991847819e-02
7.970000000000005969e-01,2.769896565521147158e-01,9.586925886835290234e-01,6.036276721499929998e+00,-1.790445395563714737e+00,2.131290264169958398e-02
7.980000000000005977e-01,2.830203912248215325e-01,9.568831107768687172e-01,6.025152443321050377e+00,-1.828499285233148086e+00,2.133964367205975349e-02
7.990000000000005986e-01,2.890398811409525259e-01,9.550356126347189223e-01,6.013787272539174111e+00,-1.866485610140224960e+00,2.136638470099719994e-02
8.000000000000005995e-01,2.950478856021395146e-01,9.531501625907299324e-01,6.002181599285059121e+00,-1.904402832833796744e+00,2.139312572851014352e-02
8.010000000000006004e-01,3.010441643051272598e-01,9.512268305150176628e-01,5.990335823652833014e+00,-1.942249417844844839e+00,2.141986675459680092e-02
8.020000000000006013e-01,3.070284773517338861e-01,9.492656878121484842e-01,5.978250355693784712e+00,-1.980023831752841357e+00,2.144660777925538886e-02
8.030000000000006022e-01,3.130005852588044757e-01,9.472668074190572218e-01,5.965925615409688021e+00,-2.017724543252152891e+00,2.147334880248412750e-02
8.040000000000006031e-01,3.189602489681582775e-01,9.452302638028993176e-01,5.953362032745665999e+00,-2.055350023218484701e+00,2.150008982428123008e-02
8.050000000000006040e-01,3.249072298565281458e-01,9.431561329588359355e-01,5.940560047582590819e+00,-2.092898744775362641e+00,2.152683084464491678e-02
8.060000000000006048e-01,3.308412897454923729e-01,9.410444924077533413e-01,5.927520109729011999e+00,-2.130369183360647067e+00,2.155357186357340776e-02
8.070000000000006057e-01,3.367621909113980294e-01,9.388954211939148919e-01,5.914242678912624562e+00,-2.167759816793078276e+00,2.158031288106491627e-02
8.080000000000006066e-01,3.426696960952758109e-01,9.367089998825471886e-01,5.900728224771262909e+00,-2.205069125338846803e+00,2.160705389711766247e-02
8.090000000000006075e-01,3.485635685127453365e-01,9.344853105573589502e-01,5.886977226843427502e+00,-2.242295591778188157e+00,2.163379491172986308e-02
8.100000000000006084e-01,3.544435718639109556e-01,9.322244368179939400e-01,5.872990174558339049e+00,-2.279437701471994870e+00,2.166053592489973478e-02
8.110000000000006093e-01,3.603094703432472290e-01,9.299264637774170561e-01,5.858767567225522832e+00,-2.316493942428446751e+00,2.168727693662549777e-02
8.120000000000006102e-01,3.661610286494739741e-01,9.275914780592335873e-01,5.844309914023914310e+00,-2.353462805369650468e+00,2.171401794690536527e-02
8.130000000000006111e-01,3.719980119954198194e-01,9.252195677949418551e-01,5.829617733990496653e+00,-2.390342783798289794e+00,2.174075895573755746e-02
8.140000000000006120e-01,3.778201861178746013e-01,9.228108226211194642e-01,5.814691556008456885e+00,-2.427132374064280729e+00,2.176749996312029103e-02
8.150000000000006128e-01,3.836273172874292148e-01,9.203653336765428294e-01,5.799531918794869512e+00,-2.463830075431425293e+00,2.179424096905178618e-02
8.160000000000006137e-01,3.894191723183033638e-01,9.178831935992397550e-01,5.784139370887898757e+00,-2.500434390144065322e+00,2.182098197353025959e-02
8.170000000000006146e-01,3.951955185781598767e-01,9.153644965234757347e-01,5.768514470633523850e+00,-2.536943823493730044e+00,2.184772297655392798e-02
8.180000000000006155e-01,4.009561239979058112e-01,9.128093380766733045e-01,5.752657786171785581e+00,-2.573356883885771662e+00,2.187446397812100804e-02
8.190000000000006164e-01,4.067007570814793471e-01,9.102178153762650048e-01,5.736569895422548804e+00,-2.609672082905988511e+00,2.190120497822971649e-02
8.200000000000006173e-01,4.124291869156223034e-01,9.075900270264796177e-01,5.720251386070786204e+00,-2.645887935387231327e+00,2.192794597687827349e-02
8.210000000000006182e-01,4.181411831796378320e-01,9.049260731150617909e-01,5.703702855551378015e+00,-2.682002959475986881e+00,2.195468697406489575e-02
8.220000000000006191e-01,4.238365161551322924e-01,9.022260552099250486e-01,5.686924911033430341e+00,-2.718015676698936733e+00,2.198142796978779998e-02
8.230000000000006199e-01,4.295149567357415266e-01,8.994900763557385215e-01,5.669918169404104979e+00,-2.753924612029488461e+00,2.200816896404520634e-02
8.240000000000006208e-01,4.351762764368407588e-01,8.967182410704468420e-01,5.652683257251969628e+00,-2.789728293954272242e+00,2.203490995683532808e-02
8.250000000000006217e-01,4.408202474052372866e-01,8.939106553417237588e-01,5.635220810849856932e+00,-2.825425254539601916e+00,2.206165094815638536e-02
8.260000000000006226e-01,4.464466424288460744e-01,8.910674266233590268e-01,5.617531476137243018e+00,-2.861014029497894740e+00,2.208839193800659836e-02
8.270000000000006235e-01,4.520552349463473063e-01,8.881886638315793503e-01,5.599615908702133105e+00,-2.896493158254047628e+00,2.211513292638418032e-02
8.280000000000006244e-01,4.576457990568257861e-01,8.852744773413027124e-01,5.581474773762463037e+00,-2.931861184011764543e+00,2.214187391328735141e-02
8.290000000000006253e-01,4.632181095293912976e-01,8.823249789823264244e-01,5.563108746147012340e+00,-2.967116653819830585e+00,2.216861489871432833e-02
8.300000000000006262e-01,4.687719418127795912e-01,8.793402820354486726e-01,5.544518510275826095e+00,-3.002258118638331919e+00,2.219535588266332779e-02
8.310000000000006271e-01,4.743070720449337752e-01,8.763205012285245621e-01,5.525704760140149219e+00,-3.037284133404813069e+00,2.222209686513256996e-02
8.320000000000006279e-01,4.798232770625653343e-01,8.732657527324552138e-01,5.506668199281869569e+00,-3.072193257100372943e+00,2.224883784612027154e-02
8.330000000000006288e-01,4.853203344106941652e-01,8.701761541571114700e-01,5.487409540772471672e+00,-3.106984052815688457e+00,2.227557882562464925e-02
8.340000000000006297e-01,4.907980223521675178e-01,8.670518245471910967e-01,5.467929507191500171e+00,-3.141655087816970227e+00,2.230231980364391978e-02
8.350000000000006306e-01,4.962561198771570092e-01,8.638928843780105948e-01,5.448228830604529449e+00,-3.176204933611839198e+00,2.232906078017630330e-02
8.360000000000006315e-01,5.016944067126335449e-01,8.606994555512306189e-01,5.428308252540643863e+00,-3.210632166015123801e+00,2.235580175522001306e-02
8.370000000000006324e-01,5.071126633318191468e-01,8.574716613905160045e-01,5.408168523969426822e+00,-3.244935365214572265e+00,2.238254272877327269e-02
8.380000000000006333e-01,5.125106709636161328e-01,8.542096266371299595e-01,5.387810405277453363e+00,-3.279113115836477022e+00,2.240928370083429544e-02
8.390000000000006342e-01,5.178882116020118165e-01,8.509134774454629735e-01,5.367234666244296015e+00,-3.313164007011206724e+00,2.243602467140130147e-02
8.400000000000006350e-01,5.232450680154593359e-01,8.475833413784958914e-01,5.346442086018034168e+00,-3.347086632438640574e+00,2.246276564047250401e-02
8.410000000000006359e-01,5.285810237562338365e-01,8.442193474031974842e-01,5.325433453090271385e+00,-3.380879590453502725e+00,2.248950660804612672e-02
8.420000000000006368e-01,5.338958631697631185e-01,8.408216258858574044e-01,5.304209565270659787e+00,-3.414541484090590551e+00,2.251624757412038283e-02
8.430000000000006377e-01,5.391893714039330820e-01,8.373903085873531937e-01,5.282771229660934154e+00,-3.448070921149895884e+00,2.254298853869349251e-02
8.440000000000006386e-01,5.444613344183661940e-01,8.339255286583527882e-01,5.261119262628448645e+00,-3.481466514261610357e+00,2.256972950176367246e-02
8.450000000000006395e-01,5.497115389936739760e-01,8.304274206344516296e-01,5.239254489779222368e+00,-3.514726880951016152e+00,2.259647046332913939e-02
8.460000000000006404e-01,5.549397727406819580e-01,8.268961204312456070e-01,5.217177745930493771e+00,-3.547850643703252871e+00,2.262321142338811000e-02
8.470000000000006413e-01,5.601458241096266555e-01,8.233317653393384949e-01,5.194889875082777664e+00,-3.580836430027959594e+00,2.264995238193880447e-02
8.480000000000006422e-01,5.653294823993251228e-01,8.197344940192851093e-01,5.172391730391435516e+00,-3.613682872523787282e+00,2.267669333897943951e-02
8.490000000000006430e-01,5.704905377663151977e-01,8.161044464964705147e-01,5.149684174137746595e+00,-3.646388608942776166e+00,2.270343429450823181e-02
8.500000000000006439e-01,5.756287812339664356e-01,8.124417641559242842e-01,5.126768077699491499e+00,-3.678952282254595474e+00,2.273017524852340154e-02
8.510000000000006448e-01,5.807440047015622886e-01,8.087465897370705870e-01,5.103644321521041860e+00,-3.711372540710640600e+00,2.275691620102316542e-02
8.520000000000006457e-01,5.858360009533510881e-01,8.050190673284147724e-01,5.080313795082957107e+00,-3.743648037907981507e+00,2.278365715200574015e-02
8.530000000000006466e-01,5.909045636675670510e-01,8.012593423621657829e-01,5.056777396871090069e+00,-3.775777432853164139e+00,2.281039810146934244e-02
8.540000000000006475e-01,5.959494874254196439e-01,7.974675616087947283e-01,5.033036034345203191e+00,-3.807759390025851509e+00,2.283713904941219244e-02
8.550000000000006484e-01,6.009705677200519736e-01,7.936438731715299566e-01,5.009090623907090922e+00,-3.839592579442308917e+00,2.286387999583250688e-02
8.560000000000006493e-01,6.059676009654665352e-01,7.897884264807888410e-01,4.984942090868213604e+00,-3.871275676718724412e+00,2.289062094072850245e-02
8.570000000000006501e-01,6.109403845054182103e-01,7.859013722885463959e-01,4.960591369416841978e+00,-3.902807363134359608e+00,2.291736188409839586e-02
8.580000000000006510e-01,6.158887166222748455e-01,7.819828626626404988e-01,4.936039402584708746e+00,-3.934186325694530417e+00,2.294410282594040729e-02
8.590000000000006519e-01,6.208123965458437477e-01,7.780330509810144957e-01,4.911287142213176082e+00,-3.965411257193409256e+00,2.297084376625275343e-02
8.600000000000006528e-01,6.257112244621638730e-01,7.740520919258971899e-01,4.886335548918911975e+00,-3.996480856276647398e+00,2.299758470503365099e-02
8.610000000000006537e-01,6.305850015222642657e-01,7.700401414779197706e-01,4.861185592059078076e+00,-4.027393827503811252e+00,2.302432564228131667e-02
8.620000000000006546e-01,6.354335298508866359e-01,7.659973569101711233e-01,4.835838249696033486e+00,-4.058148881410630793e+00,2.305106657799397066e-02
8.630000000000006555e-01,6.402566125551726328e-01,7.619238967821903019e-01,4.810294508561552718e+00,-4.088744734571052142e+00,2.307780751216982965e-02
8.640000000000006564e-01,6.450540537333153690e-01,7.578199209338976061e-01,4.784555364020553370e+00,-4.119180109659093425e+00,2.310454844480711381e-02
8.650000000000006573e-01,6.498256584831741955e-01,7.536855904794635963e-01,4.758621820034344196e+00,-4.149453735510496344e+00,2.313128937590403639e-02
8.660000000000006581e-01,6.545712329108523964e-01,7.495210678011167138e-01,4.732494889123389115e+00,-4.179564347184173911e+00,2.315803030545881755e-02
8.670000000000006590e-01,6.592905841392376898e-01,7.453265165428891725e-01,4.706175592329586266e+00,-4.209510686023445913e+00,2.318477123346967400e-02
8.680000000000006599e-01,6.639835203165044275e-01,7.411021016043023435e-01,4.679664959178064798e+00,-4.239291499717057654e+00,2.321151215993482592e-02
8.690000000000006608e-01,6.686498506245777129e-01,7.368479891339907439e-01,4.652964027638504696e+00,-4.268905542359981986e+00,2.323825308485248653e-02
8.700000000000006617e-01,6.732893852875581064e-01,7.325643465232656304e-01,4.626073844085974329e+00,-4.298351574513993967e+00,2.326499400822087602e-02
8.710000000000006626e-01,6.779019355801076951e-01,7.282513423996178625e-01,4.598995463261288386e+00,-4.327628363268020806e+00,2.329173493003821455e-02
8.720000000000006635e-01,6.824873138357954172e-01,7.239091466201608149e-01,4.571729948230889740e+00,-4.356734682298256445e+00,2.331847585030271536e-02
8.730000000000006644e-01,6.870453334554025293e-01,7.195379302650128928e-01,4.544278370346257034e+00,-4.385669311928041658e+00,2.334521676901259862e-02
8.740000000000006652e-01,6.915758089151872179e-01,7.151378656306209836e-01,4.516641809202831759e+00,-4.414431039187501682e+00,2.337195768616608105e-02
8.750000000000006661e-01,6.960785557751079100e-01,7.107091262230235129e-01,4.488821352598477255e+00,-4.443018657872939592e+00,2.339869860176137933e-02
8.760000000000006670e-01,7.005533906870045069e-01,7.062518867510549914e-01,4.460818096491459883e+00,-4.471430968605977441e+00,2.342543951579671366e-02
8.770000000000006679e-01,7.050001314027377619e-01,7.017663231194909423e-01,4.432633144957965676e+00,-4.499666778892446928e+00,2.345218042827030072e-02
8.780000000000006688e-01,7.094185967822856931e-01,6.972526124221346544e-01,4.404267610149140033e+00,-4.527724903181019833e+00,2.347892133918035723e-02
8.790000000000006697e-01,7.138086068017968078e-01,6.927109329348449807e-01,4.375722612247663790e+00,-4.555604162921576439e+00,2.350566224852510336e-02
8.800000000000006706e-01,7.181699825615998067e-01,6.881414641085059625e-01,4.346999279423860330e+00,-4.583303386623307496e+00,2.353240315630275234e-02
8.810000000000006715e-01,7.225025462941691012e-01,6.835443865619388326e-01,4.318098747791339065e+00,-4.610821409912545299e+00,2.355914406251152782e-02
8.820000000000006724e-01,7.268061213720455882e-01,6.789198820747557317e-01,4.289022161362174401e+00,-4.638157075590317646e+00,2.358588496714964303e-02
8.830000000000006732e-01,7.310805323157127944e-01,6.742681335801568032e-01,4.259770672001620184e+00,-4.665309233689625579e+00,2.361262587021531467e-02
8.840000000000006741e-01,7.353256048014270574e-01,6.695893251576692240e-01,4.230345439382370287e+00,-4.692276741532433348e+00,2.363936677170676293e-02
8.850000000000006750e-01,7.395411656690017432e-01,6.648836420258301683e-01,4.200747630938352906e+00,-4.719058463786375057e+00,2.366610767162220796e-02
8.860000000000006759e-01,7.437270429295453900e-01,6.601512705348128174e-01,4.170978421818070991e+00,-4.745653272521165533e+00,2.369284856995986302e-02
8.870000000000006768e-01,7.478830657731527776e-01,6.553923981589963033e-01,4.141038994837491494e+00,-4.772060047264716331e+00,2.371958946671794827e-02
8.880000000000006777e-01,7.520090645765485915e-01,6.506072134894792525e-01,4.110930540432473634e+00,-4.798277675058950642e+00,2.374633036189468041e-02
8.890000000000006786e-01,7.561048709106832355e-01,6.457959062265384853e-01,4.080654256610751318e+00,-4.824305050515311777e+00,2.377307125548827615e-02
8.900000000000006795e-01,7.601703175482805719e-01,6.409586671720313156e-01,4.050211348903465236e+00,-4.850141075869968788e+00,2.379981214749695567e-02
8.910000000000006803e-01,7.642052384713371449e-01,6.360956882217438935e-01,4.019603030316246439e+00,-4.875784661038700563e+00,2.382655303791893567e-02
8.920000000000006812e-01,7.682094688785716663e-01,6.312071623576839263e-01,3.988830521279854935e+00,-4.901234723671468174e+00,2.385329392675243285e-02
8.930000000000006821e-01,7.721828451928255399e-01,6.262932836403195536e-01,3.957895049600373305e+00,-4.926490189206663928e+00,2.388003481399566391e-02
8.940000000000006830e-01,7.761252050684128712e-01,6.213542472007635986e-01,3.926797850408962898e+00,-4.951549990925036226e+00,2.390677569964684904e-02
8.950000000000006839e-01,7.800363873984205165e-01,6.163902492329048632e-01,3.895540166111177260e+00,-4.976413070003282257e+00,2.393351658370420493e-02
8.960000000000006848e-01,7.839162323219566186e-01,6.114014869854851320e-01,3.864123246335839923e+00,-5.001078375567308498e+00,2.396025746616594829e-02
8.970000000000006857e-01,7.877645812313485152e-01,6.063881587541236629e-01,3.832548347883487860e+00,-5.025544864745154605e+00,2.398699834703029929e-02
8.980000000000006866e-01,7.915812767792881344e-01,6.013504638732886098e-01,3.800816734674382857e+00,-5.049811502719571799e+00,2.401373922629547464e-02
8.990000000000006875e-01,7.953661628859257648e-01,5.962886027082162643e-01,3.768929677696091218e+00,-5.073877262780259301e+00,2.404048010395969104e-02
9.000000000000006883e-01,7.991190847459108682e-01,5.912027766467782275e-01,3.736888454950638039e+00,-5.097741126375746390e+00,2.406722098002116866e-02
9.010000000000006892e-01,8.028398888353800444e-01,5.860931880912965131e-01,3.704694351401234265e+00,-5.121402083164924512e+00,2.409396185447812422e-02
9.020000000000006901e-01,8.065284229188913745e-01,5.809600404503079130e-01,3.672348658918582753e+00,-5.144859131068218794e+00,2.412070272732877441e-02
9.030000000000006910e-01,8.101845360563048049e-01,5.758035381302766265e-01,3.639852676226762895e+00,-5.168111276318398062e+00,2.414744359857133593e-02
9.040000000000006919e-01,8.138080786096082431e-01,5.706238865272570404e-01,3.607207708848697347e+00,-5.191157533511018052e+00,2.417418446820402897e-02
9.050000000000006928e-01,8.173989022496892520e-01,5.654212920185055502e-01,3.574415069051204874e+00,-5.213996925654496906e+00,2.420092533622507022e-02
9.060000000000006937e-01,8.209568599630510111e-01,5.601959619540431978e-01,3.541476075789640632e+00,-5.236628484219814084e+00,2.422766620263267640e-02
9.070000000000006946e-01,8.244818060584730990e-01,5.549481046481680169e-01,3.508392054652124781e+00,-5.259051249189832689e+00,2.425440706742506419e-02
9.080000000000006954e-01,8.279735961736162109e-01,5.496779293709188607e-01,3.475164337803366976e+00,-5.281264269108240761e+00,2.428114793060045379e-02
9.090000000000006963e-01,8.314320872815704755e-01,5.443856463394903811e-01,3.441794263928084074e+00,-5.303266601128103552e+00,2.430788879215706189e-02
9.100000000000006972e-01,8.348571376973471514e-01,5.390714667095991564e-01,3.408283178174018158e+00,-5.325057311060032106e+00,2.433462965209310866e-02
9.110000000000006981e-01,8.382486070843127024e-01,5.337356025668026360e-01,3.374632432094554435e+00,-5.346635473419952156e+00,2.436137051040681081e-02
9.120000000000006990e-01,8.416063564605656966e-01,5.283782669177699010e-01,3.340843383590945681e+00,-5.368000171476482230e+00,2.438811136709638505e-02
9.130000000000006999e-01,8.449302482052558627e-01,5.229996736815053504e-01,3.306917396854140989e+00,-5.389150497297903186e+00,2.441485222216004808e-02
9.140000000000007008e-01,8.482201460648441937e-01,5.176000376805259817e-01,3.272855842306227725e+00,-5.410085551798731629e+00,2.444159307559602007e-02
9.150000000000007017e-01,8.514759151593048747e-01,5.121795746319919296e-01,3.238660096541484013e+00,-5.430804444785879426e+00,2.446833392740251772e-02
9.160000000000007025e-01,8.546974219882677026e-01,5.067385011387910421e-01,3.204331542267050192e+00,-5.451306295004401115e+00,2.449507477757775775e-02
9.170000000000007034e-01,8.578845344371012205e-01,5.012770346805781596e-01,3.169871568243217919e+00,-5.471590230182829195e+00,2.452181562611995685e-02
9.180000000000007043e-01,8.610371217829357882e-01,4.957953936047692078e-01,3.135281569223341780e+00,-5.491655387078085759e+00,2.454855647302733521e-02
9.190000000000007052e-01,8.641550547006264793e-01,4.902937971174903264e-01,3.100562945893377886e+00,-5.511500911519974899e+00,2.457529731829810951e-02
9.200000000000007061e-01,8.672382052686552489e-01,4.847724652744830331e-01,3.065717104811050753e+00,-5.531125958455244351e+00,2.460203816193049994e-02
9.210000000000007070e-01,8.702864469749722609e-01,4.792316189719655339e-01,3.030745458344652477e+00,-5.550529691991221704e+00,2.462877900392272321e-02
9.220000000000007079e-01,8.732996547227755979e-01,4.736714799374502904e-01,2.995649424611477318e+00,-5.569711285439010950e+00,2.465551984427299601e-02
9.230000000000007088e-01,8.762777048362293542e-01,4.680922707205190103e-01,2.960430427415896126e+00,-5.588669921356258286e+00,2.468226068297953504e-02
9.240000000000007097e-01,8.792204750661195556e-01,4.624942146835547829e-01,2.925089896187071936e+00,-5.607404791589472026e+00,2.470900152004056050e-02
9.250000000000007105e-01,8.821278445954477965e-01,4.568775359924323598e-01,2.889629265916321188e+00,-5.625915097315900226e+00,2.473574235545428560e-02
9.260000000000007114e-01,8.849996940449617044e-01,4.512424596071664684e-01,2.854049977094125889e+00,-5.644200049084960646e+00,2.476248318921893399e-02
9.270000000000007123e-01,8.878359054786226778e-01,4.455892112725193810e-01,2.818353475646796280e+00,-5.662258866859218642e+00,2.478922402133271891e-02
9.280000000000007132e-01,8.906363624090096742e-01,4.399180175085672384e-01,2.782541212872791991e+00,-5.680090780054912081e+00,2.481596485179386052e-02
9.290000000000007141e-01,8.934009498026598273e-01,4.342291056012264061e-01,2.746614645378700814e+00,-5.697695027582017069e+00,2.484270568060057555e-02
9.300000000000007150e-01,8.961295540853437824e-01,4.285227035927398620e-01,2.710575235014882622e+00,-5.715070857883853606e+00,2.486944650775108415e-02
9.310000000000007159e-01,8.988220631472777500e-01,4.227990402721243379e-01,2.674424448810779342e+00,-5.732217528976226717e+00,2.489618733324360303e-02
9.320000000000007168e-01,9.014783663482697218e-01,4.170583451655783258e-01,2.638163758909896295e+00,-5.749134308486097744e+00,2.492292815707634890e-02
9.330000000000007176e-01,9.040983545228010732e-01,4.113008485268518366e-01,2.601794642504458466e+00,-5.765820473689790227e+00,2.494966897924753846e-02
9.340000000000007185e-01,9.066819199850423283e-01,4.055267813275781896e-01,2.565318581769743478e+00,-5.782275311550713504e+00,2.497640979975539188e-02
9.350000000000007194e-01,9.092289565338034230e-01,3.997363752475681653e-01,2.528737063798099260e+00,-5.798498118756617359e+00,2.500315061859812588e-02
9.360000000000007203e-01,9.117393594574174642e-01,3.939298626650672985e-01,2.492051580532644195e+00,-5.814488201756361718e+00,2.502989143577395714e-02
9.370000000000007212e-01,9.142130255385584325e-01,3.881074766469765902e-01,2.455263628700660838e+00,-5.830244876796203179e+00,2.505663225128110586e-02
9.380000000000007221e-01,9.166498530589918259e-01,3.822694509390370809e-01,2.418374709746680562e+00,-5.845767469955598372e+00,2.508337306511778872e-02
9.390000000000007230e-01,9.190497418042581357e-01,3.764160199559790643e-01,2.381386329765266652e+00,-5.861055317182514379e+00,2.511011387728222244e-02
9.400000000000007239e-01,9.214125930682894872e-01,3.705474187716361056e-01,2.344299999433500314e+00,-5.876107764328247107e+00,2.513685468777262719e-02
9.410000000000007248e-01,9.237383096579580011e-01,3.646638831090244781e-01,2.307117233943170032e+00,-5.890924167181747606e+00,2.516359549658721620e-02
9.420000000000007256e-01,9.260267958975565428e-01,3.587656493303885141e-01,2.269839552932672255e+00,-5.905503891503445679e+00,2.519033630372421312e-02
9.430000000000007265e-01,9.282779576332113036e-01,3.528529544272125396e-01,2.232468480418625667e+00,-5.919846313058577003e+00,2.521707710918183118e-02
9.440000000000007274e-01,9.304917022372255486e-01,3.469260360101995011e-01,2.195005544727202995e+00,-5.933950817650003096e+00,2.524381791295829056e-02
9.450000000000007283e-01,9.326679386123548632e-01,3.409851322992171752e-01,2.157452278425184389e+00,-5.947816801150526800e+00,2.527055871505180795e-02
9.460000000000007292e-01,9.348065771960130110e-01,3.350304821132122912e-01,2.119810218250738121e+00,-5.961443669534695289e+00,2.529729951546060354e-02
9.470000000000007301e-01,9.369075299644086252e-01,3.290623248600931805e-01,2.082080905043930841e+00,-5.974830838910096809e+00,2.532404031418289056e-02
9.480000000000007310e-01,9.389707104366122881e-01,3.230809005265811162e-01,2.044265883676972262e+00,-5.987977735548136948e+00,2.535078111121688918e-02
9.490000000000007319e-01,9.409960336785538892e-01,3.170864496680314559e-01,2.006366702984200057e+00,-6.000883795914299768e+00,2.537752190656081958e-02
9.500000000000007327e-01,9.429834163069492625e-01,3.110792133982246410e-01,1.968384915691806514e+00,-6.013548466697890227e+00,2.540426270021289845e-02
9.510000000000007336e-01,9.449327764931569895e-01,3.050594333791277202e-01,1.930322078347312509e+00,-6.025971204841251705e+00,2.543100349217134251e-02
9.520000000000007345e-01,9.468440339669645933e-01,2.990273518106268402e-01,1.892179751248795005e+00,-6.038151477568463044e+00,2.545774428243436846e-02
9.530000000000007354e-01,9.487171100203030116e-01,2.929832114202314819e-01,1.853959498373869419e+00,-6.050088762413501797e+00,2.548448507100019647e-02
9.540000000000007363e-01,9.505519275108911259e-01,2.869272554527506625e-01,1.815662887308433060e+00,-6.061782547247884345e+00,2.551122585786704325e-02
9.550000000000007372e-01,9.523484108658081260e-01,2.808597276599418269e-01,1.777291489175173211e+00,-6.073232330307769544e+00,2.553796664303312550e-02
9.560000000000007381e-01,9.541064860849941542e-01,2.747808722901327605e-01,1.738846878561845832e+00,-6.084437620220527698e+00,2.556470742649666339e-02
9.570000000000007390e-01,9.558260807446798957e-01,2.686909340778174671e-01,1.700330633449326889e+00,-6.095397936030777508e+00,2.559144820825587363e-02
9.580000000000007399e-01,9.575071240007434481e-01,2.625901582332260675e-01,1.661744335139443640e+00,-6.106112807225878569e+00,2.561818898830897293e-02
9.590000000000007407e-01,9.591495465919948060e-01,2.564787904318694411e-01,1.623089568182587872e+00,-6.116581773760886520e+00,2.564492976665417798e-02
9.600000000000007416e-01,9.607532808433886240e-01,2.503570768040594974e-01,1.584367920305117305e+00,-6.126804386082961962e+00,2.567167054328970896e-02
9.610000000000007425e-01,9.623182606691633723e-01,2.442252639244049395e-01,1.545580982336549392e+00,-6.136780205155237589e+00,2.569841131821378605e-02
9.620000000000007434e-01,9.638444215759084388e-01,2.380835988012835469e-01,1.506730348136551489e+00,-6.146508802480133760e+00,2.572515209142462247e-02
9.630000000000007443e-01,9.653317006655572907e-01,2.319323288662915594e-01,1.467817614521732983e+00,-6.155989760122128729e+00,2.575189286292043842e-02
9.640000000000007452e-01,9.667800366383080268e-01,2.257717019636704403e-01,1.428844381192243551e+00,-6.165222670729973764e+00,2.577863363269945057e-02
9.650000000000007461e-01,9.681893697954698785e-01,2.196019663397117128e-01,1.389812250658182258e+00,-6.174207137558357594e+00,2.580537440075987912e-02
9.660000000000007470e-01,9.695596420422364359e-01,2.134233706321403967e-01,1.350722828165821898e+00,-6.182942774489013971e+00,2.583211516709994077e-02
9.670000000000007478e-01,9.708907968903849328e-01,2.072361638594777122e-01,1.311577721623653714e+00,-6.191429206051273226e+00,2.585885593171785221e-02
9.680000000000007487e-01,9.721827794609012585e-01,2.010405954103833825e-01,1.272378541528258022e+00,-6.199666067442056061e+00,2.588559669461183016e-02
9.690000000000007496e-01,9.734355364865309168e-01,1.948369150329782862e-01,1.233126900890003208e+00,-6.207653004545302444e+00,2.591233745578009479e-02
9.700000000000007505e-01,9.746490163142558227e-01,1.886253728241479577e-01,1.193824415158580399e+00,-6.215389673950843630e+00,2.593907821522086279e-02
9.710000000000007514e-01,9.758231689076960480e-01,1.824062192188275200e-01,1.154472702148377383e+00,-6.222875742972707513e+00,2.596581897293235436e-02
9.720000000000007523e-01,9.769579458494372926e-01,1.761797049792685477e-01,1.115073381963696209e+00,-6.230110889666859109e+00,2.599255972891278618e-02
9.730000000000007532e-01,9.780533003432831940e-01,1.699460811842885277e-01,1.075628076923820675e+00,-6.237094802848371700e+00,2.601930048316037497e-02
9.740000000000007541e-01,9.791091872164329191e-01,1.637055992185033337e-01,1.036138411487937061e+00,-6.243827182108034002e+00,2.604604123567333743e-02
9.750000000000007550e-01,9.801255629215835929e-01,1.574585107615435187e-01,9.966060121799146243e-01,-6.250307737828384447e+00,2.607278198644989373e-02
9.760000000000007558e-01,9.811023855389570114e-01,1.512050677772547314e-01,9.570325075129485493e-01,-6.256536191199174368e+00,2.609952273548826057e-02
9.770000000000007567e-01,9.820396147782513019e-01,1.449455225028830618e-01,9.174195279140725523e-01,-6.262512274232260090e+00,2.612626348278665814e-02
9.780000000000007576e-01,9.829372119805173114e-01,1.386801274382456761e-01,8.777687056485449224e-01,-6.268235729775916809e+00,2.615300422834330313e-02
9.790000000000007585e-01,9.837951401199583890e-01,1.324091353348875177e-01,8.380816747441127701e-01,-6.273706311528583157e+00,2.617974497215641225e-02
9.800000000000007594e-01,9.846133638056555615e-01,1.261327991852245201e-01,7.983600709151598140e-01,-6.278923784052025781e+00,2.620648571422420220e-02
9.810000000000007603e-01,9.853918492832157705e-01,1.198513722116738844e-01,7.586055314867430344e-01,-6.283887922783925717e+00,2.623322645454489316e-02
9.820000000000007612e-01,9.861305644363446143e-01,1.135651078557721599e-01,7.188196953185224114e-01,-6.288598514049887456e+00,2.625996719311670183e-02
9.830000000000007621e-01,9.868294787883429287e-01,1.072742597672815407e-01,6.790042027285890791e-01,-6.293055355074868906e+00,2.628670792993784838e-02
9.840000000000007629e-01,9.874885635035272058e-01,1.009790817932850471e-01,6.391606954171971111e-01,-6.297258253994030497e+00,2.631344866500654606e-02
9.850000000000007638e-01,9.881077913885734088e-01,9.467982796727113237e-02,5.992908163904038243e-01,-6.301207029862998965e+00,2.634018939832101849e-02
9.860000000000007647e-01,9.886871368937845128e-01,8.837675249820832468e-02,5.593962098836233743e-01,-6.304901512667555608e+00,2.636693012987947893e-02
9.870000000000007656e-01,9.892265761142818858e-01,8.207010975961048782e-02,5.194785212850993039e-01,-6.308341543332733892e+00,2.639367085968014753e-02
9.880000000000007665e-01,9.897260867911193971e-01,7.576015427859325579e-02,4.795393970593002098e-01,-6.311526973731336199e+00,2.642041158772124101e-02
9.890000000000007674e-01,9.901856483123216979e-01,6.944714072492222390e-02,4.395804846702444091e-01,-6.314457666691867921e+00,2.644715231400097954e-02
9.900000000000007683e-01,9.906052417138453414e-01,6.313132390005357641e-02,3.996034325047582714e-01,-6.317133496005879145e+00,2.647389303851757636e-02
9.910000000000007692e-01,9.909848496804629647e-01,5.681295872616756032e-02,3.596098897956733764e-01,-6.319554346434728131e+00,2.650063376126925510e-02
9.920000000000007701e-01,9.913244565465710867e-01,5.049230023519557520e-02,3.196015065449676062e-01,-6.321720113715751488e+00,2.652737448225422900e-02
9.930000000000007709e-01,9.916240482969206349e-01,4.416960355784133735e-02,2.795799334468551667e-01,-6.323630704567849925e+00,2.655411520147071824e-02
9.940000000000007718e-01,9.918836125672709780e-01,3.784512391259677727e-02,2.395468218108308678e-01,-6.325286036696486924e+00,2.658085591891693952e-02
9.950000000000007727e-01,9.921031386449663536e-01,3.151911659475321870e-02,1.995038234846734093e-01,-6.326686038798095879e+00,2.660759663459111302e-02
9.960000000000007736e-01,9.922826174694360235e-01,2.519183696540844633e-02,1.594525907774131113e-01,-6.327830650563901038e+00,2.663433734849145543e-02
9.970000000000007745e-01,9.924220416326166028e-01,1.886354044047026252e-02,1.193947763822690855e-01,-6.328719822683146923e+00,2.666107806061618346e-02
9.980000000000007754e-01,9.925214053792980051e-01,1.253448247965708098e-02,7.933203329956083072e-02,-6.329353516845743322e+00,2.668781877096351382e-02
9.990000000000007763e-01,9.925807046073918949e-01,6.204918575496203015e-03,3.926601475959962811e-02,-6.329731705744315207e+00,2.671455947953166668e-02
1.000000000000000666e+00,9.925999368681230894e-01,-1.248957576796940264e-04,-8.016258544353352389e-04,-6.329854373075663787e+00,2.674130018631885874e-02
