tau,x,y,u,v,theta1
0.000000000000000000e+00,9.849000000000001087e-01,-0.000000000000000000e+00,0.000000000000000000e+00,-6.378788660576978131e+00,0.000000000000000000e+00
1.000000000000000021e-03,9.848796509723647397e-01,-6.378744729656122409e-03,-4.069790877723295647e-02,-6.378656868299093397e+00,3.543068327334372180e-06
2.000000000000000042e-03,9.848186047684134303e-01,-1.275722587681849679e-02,-8.139405965483317851e-02,-6.378261497651476652e+00,7.086136654661146474e-06
3.000000000000000062e-03,9.847168640249599481e-01,-1.913517987136529805e-02,-1.220866948285571074e-01,-6.377602567191805072e+00,1.062920498197272330e-05
4.000000000000000083e-03,9.845744331365345881e-01,-2.551234316791772122e-02,-1.627740566849308623e-01,-6.376680107848139656e+00,1.417227330926150309e-05
5.000000000000000104e-03,9.843913182551463636e-01,-3.188845225820936130e-02,-2.034543878966132979e-01,-6.375494162916824692e+00,1.771534163651988794e-05
6.000000000000000125e-03,9.841675272899486071e-01,-3.826324368345312282e-02,-2.441259315177332079e-01,-6.374044788059547884e+00,2.125840996374027828e-05
7.000000000000000146e-03,9.839030699068100905e-01,-4.463645404670472244e-02,-2.847869310791915631e-01,-6.372332051299563815e+00,2.480147829091507793e-05
8.000000000000000167e-03,9.835979575277906672e-01,-5.100782002522202818e-02,-3.254356306839205071e-01,-6.370356033017071873e+00,2.834454661803668729e-05
9.000000000000001055e-03,9.832522033305215459e-01,-5.737707838281933675e-02,-3.660702751020901702e-01,-6.368116825943762827e+00,3.188761494509751018e-05
1.000000000000000194e-02,9.828658222474904171e-01,-6.374396598221579446e-02,-4.066891098662549497e-01,-6.365614535156523424e+00,3.543068327208994024e-05
1.100000000000000283e-02,9.824388309652318796e-01,-7.010821979737710818e-02,-4.472903813664301786e-01,-6.362849278070306092e+00,3.897375159900638806e-05
1.200000000000000372e-02,9.819712479234218305e-01,-7.646957692584967214e-02,-4.878723369450911340e-01,-6.359821184430162866e+00,4.251681992583925066e-05
1.300000000000000461e-02,9.814630933138781543e-01,-8.282777460108634027e-02,-5.284332249920850044e-01,-6.356530396302442654e+00,4.605988825258092509e-05
1.400000000000000550e-02,9.809143890794657095e-01,-8.918255020476301143e-02,-5.689712950394479885e-01,-6.352977068065157162e+00,4.960295657922382192e-05
1.500000000000000638e-02,9.803251589129066135e-01,-9.553364127908507697e-02,-6.094847978561184210e-01,-6.349161366397510164e+00,5.314602490576033819e-05
1.600000000000000727e-02,9.796954282554962701e-01,-1.018807855390830713e-01,-6.499719855425375448e-01,-6.345083470268600756e+00,5.668909323218287094e-05
1.700000000000000816e-02,9.790252242957244722e-01,-1.082237208848965543e-01,-6.904311116251294900e-01,-6.340743570925293504e+00,6.023216155848383073e-05
1.800000000000000905e-02,9.783145759678022468e-01,-1.145621854140454476e-01,-7.308604311506512463e-01,-6.336141871879259924e+00,6.377522988465561462e-05
1.900000000000000994e-02,9.775635139500944426e-01,-1.208959174336880632e-01,-7.712582007804055229e-01,-6.331278588893193948e+00,6.731829821069061962e-05
2.000000000000001082e-02,9.767720706634582806e-01,-1.272246554728648504e-01,-8.116226788843065032e-01,-6.326153949966204060e+00,7.086136653658124955e-05
2.100000000000001171e-02,9.759402802694874257e-01,-1.335481382947271978e-01,-8.519521256347906135e-01,-6.320768195318377636e+00,7.440443486231990144e-05
2.200000000000001260e-02,9.750681786686629104e-01,-1.398661049087502883e-01,-8.922448031005643099e-01,-6.315121577374529060e+00,7.794750318789898588e-05
2.300000000000001349e-02,9.741558034984099113e-01,-1.461782945829294689e-01,-9.324989753401800030e-01,-6.309214360747125383e+00,8.149057151331089990e-05
2.400000000000001438e-02,9.732031941310611556e-01,-1.524844468559589106e-01,-9.727129084954313498e-01,-6.303046822218396628e+00,8.503363983854804052e-05
2.500000000000001527e-02,9.722103916717270700e-01,-1.587843015493921317e-01,-1.012884870884560806e+00,-6.296619250721628092e+00,8.857670816360281834e-05
2.600000000000001615e-02,9.711774389560730025e-01,-1.650775987797833966e-01,-1.053013133095269671e+00,-6.289931947321644401e+00,9.211977648846763039e-05
2.700000000000001704e-02,9.701043805480030757e-01,-1.713640789708091028e-01,-1.093095968077523183e+00,-6.282985225194479995e+00,9.566284481313487369e-05
2.800000000000001793e-02,9.689912627372517795e-01,-1.776434828653685460e-01,-1.133131651236142234e+00,-6.275779409606242254e+00,9.920591313759695884e-05
2.900000000000001882e-02,9.678381335368827498e-01,-1.839155515376630079e-01,-1.173118460523173923e+00,-6.268314837891171720e+00,1.027489814618462829e-04
3.000000000000001971e-02,9.666450426806957319e-01,-1.901800264052526668e-01,-1.213054676530031628e+00,-6.260591859428896733e+00,1.062920497858752428e-04
3.100000000000002059e-02,9.654120416205409505e-01,-1.964366492410902498e-01,-1.252938582579397053e+00,-6.252610835620891372e+00,1.098351181096762492e-04
3.200000000000002148e-02,9.641391835235421093e-01,-2.026851621855307595e-01,-1.292768464816877572e+00,-6.244372139866136706e+00,1.133781864332416856e-04
3.300000000000002237e-02,9.628265232692279074e-01,-2.089253077583164975e-01,-1.332542612302407559e+00,-6.235876157535984454e+00,1.169212547565639761e-04
3.400000000000002326e-02,9.614741174465717410e-01,-2.151568288705365262e-01,-1.372259317101388820e+00,-6.227123285948235498e+00,1.204643230796355042e-04
3.500000000000002415e-02,9.600820243509411434e-01,-2.213794688365598728e-01,-1.411916874375561015e+00,-6.218113934340427917e+00,1.240073914024486805e-04
3.600000000000002504e-02,9.586503039809558535e-01,-2.275929713859414782e-01,-1.451513582473593411e+00,-6.208848523842339873e+00,1.275504597249959020e-04
3.700000000000002592e-02,9.571790180352560684e-01,-2.337970806753005004e-01,-1.491047743021390870e+00,-6.199327487447717111e+00,1.310935280472695793e-04
3.800000000000002681e-02,9.556682299091796562e-01,-2.399915413001697251e-01,-1.530517661012105846e+00,-6.189551269985215320e+00,1.346365963692620958e-04
3.900000000000002770e-02,9.541180046913504409e-01,-2.461760983068156383e-01,-1.569921644895849955e+00,-6.179520328088575987e+00,1.381796646909658622e-04
4.000000000000002859e-02,9.525284091601765590e-01,-2.523504972040283567e-01,-1.609258006669094687e+00,-6.169235130166028647e+00,1.417227330123732891e-04
4.100000000000002948e-02,9.508995117802591102e-01,-2.585144839748803047e-01,-1.648525061963755922e+00,-6.158696156368928420e+00,1.452658013334767598e-04
4.200000000000003036e-02,9.492313826987125447e-01,-2.646678050884536115e-01,-1.687721130135953818e+00,-6.147903898559630598e+00,1.488088696542686851e-04
4.300000000000003125e-02,9.475240937413964559e-01,-2.708102075115345064e-01,-1.726844534354440297e+00,-6.136858860278604055e+00,1.523519379747414755e-04
4.400000000000003214e-02,9.457777184090585543e-01,-2.769414387202748240e-01,-1.765893601688686587e+00,-6.125561556710795941e+00,1.558950062948875144e-04
4.500000000000003303e-02,9.439923318733901558e-01,-2.830612467118192033e-01,-1.804866663196624144e+00,-6.114012514651241403e+00,1.594380746146992125e-04
4.600000000000003392e-02,9.421680109729938524e-01,-2.891693800158978145e-01,-1.843762054012029861e+00,-6.102212272469928145e+00,1.629811429341689803e-04
4.700000000000003481e-02,9.403048342092644729e-01,-2.952655877063833922e-01,-1.882578113431550459e+00,-6.090161380075920228e+00,1.665242112532892014e-04
4.800000000000003569e-02,9.384028817421825597e-01,-3.013496194128119643e-01,-1.921313185001356061e+00,-6.077860398880744697e+00,1.700672795720522862e-04
4.900000000000003658e-02,9.364622353860216908e-01,-3.074212253318668875e-01,-1.959965616603419170e+00,-6.065309901761041012e+00,1.736103478904506454e-04
5.000000000000003747e-02,9.344829786049697606e-01,-3.134801562388248031e-01,-1.998533760541407522e+00,-6.052510473020487503e+00,1.771534162084766625e-04
5.100000000000003836e-02,9.324651965086646621e-01,-3.195261634989634003e-01,-2.037015973626187915e+00,-6.039462708350999520e+00,1.806964845261227481e-04
5.200000000000003925e-02,9.304089758476441485e-01,-3.255589990789300447e-01,-2.075410617260931012e+00,-6.026167214793212601e+00,1.842395528433813127e-04
5.300000000000004013e-02,9.283144050087115406e-01,-3.315784155580703274e-01,-2.113716057525812264e+00,-6.012624610696245320e+00,1.877826211602447398e-04
5.400000000000004102e-02,9.261815740102161687e-01,-3.375841661397161464e-01,-2.151930665262298703e+00,-5.998835525676756930e+00,1.913256894767054401e-04
5.500000000000004191e-02,9.240105744972504365e-01,-3.435760046624325437e-01,-2.190052816157019855e+00,-5.984800600577299790e+00,1.948687577927558240e-04
5.600000000000004280e-02,9.218014997367625085e-01,-3.495536856112224089e-01,-2.228080890825211213e+00,-5.970520487423969236e+00,1.984118261083882750e-04
5.700000000000004369e-02,9.195544446125867299e-01,-3.555169641286886062e-01,-2.266013274893725615e+00,-5.955995849383363350e+00,2.019548944235952039e-04
5.800000000000004458e-02,9.172695056203901132e-01,-3.614655960261526912e-01,-2.303848359083606745e+00,-5.941227360718847272e+00,2.054979627383690210e-04
5.900000000000004546e-02,9.149467808625374454e-01,-3.673993377947294414e-01,-2.341584539292215439e+00,-5.926215706746138068e+00,2.090410310527021100e-04
6.000000000000004635e-02,9.125863700428737957e-01,-3.733179466163567550e-01,-2.379220216674904798e+00,-5.910961583788209239e+00,2.125840993665868814e-04
6.100000000000004724e-02,9.101883744614261973e-01,-3.792211803747800869e-01,-2.416753797726237885e+00,-5.895465699129521120e+00,2.161271676800157187e-04
6.200000000000004813e-02,9.077528970090237292e-01,-3.851087976664908652e-01,-2.454183694360738244e+00,-5.879728770969582463e+00,2.196702359929810595e-04
6.300000000000004208e-02,9.052800421618374394e-01,-3.909805578116178348e-01,-2.491508323993171015e+00,-5.863751528375849453e+00,2.232133043054752603e-04
6.400000000000004297e-02,9.027699159758404424e-01,-3.968362208647713829e-01,-2.528726109618344875e+00,-5.847534711235968352e+00,2.267563726174907587e-04
6.500000000000004385e-02,9.002226260811877490e-01,-4.026755476258394584e-01,-2.565835479890433923e+00,-5.831079070209367998e+00,2.302994409290199382e-04
6.600000000000004474e-02,8.976382816765177131e-01,-4.084982996507349196e-01,-2.602834869201804402e+00,-5.814385366678202161e+00,2.338425092400552095e-04
6.700000000000004563e-02,8.950169935231745422e-01,-4.143042392620934766e-01,-2.639722717761351589e+00,-5.797454372697656844e+00,2.373855775505889559e-04
6.800000000000004652e-02,8.923588739393528702e-01,-4.200931295599216186e-01,-2.676497471672330875e+00,-5.780286870945618105e+00,2.409286458606136152e-04
6.900000000000004741e-02,8.896640367941646144e-01,-4.258647344321938033e-01,-2.713157583009683460e+00,-5.762883654671718148e+00,2.444717141701215437e-04
7.000000000000004829e-02,8.869325975016290053e-01,-4.316188185653985210e-01,-2.749701509896848250e+00,-5.745245527645750805e+00,2.480147824791051792e-04
7.100000000000004918e-02,8.841646730145855670e-01,-4.373551474550324558e-01,-2.786127716582054603e+00,-5.727373304105480400e+00,2.515578507875569051e-04
7.200000000000005007e-02,8.813603818185318239e-01,-4.430734874160420778e-01,-2.822434673514091052e+00,-5.709267808703830660e+00,2.551009190954691319e-04
7.300000000000005096e-02,8.785198439253846248e-01,-4.487736055932121104e-01,-2.858620857417545125e+00,-5.690929876455477654e+00,2.586439874028342704e-04
7.400000000000005185e-02,8.756431808671674144e-01,-4.544552699715003752e-01,-2.894684751367504472e+00,-5.672360352682837004e+00,2.621870557096446768e-04
7.500000000000005274e-02,8.727305156896222327e-01,-4.601182493863181788e-01,-2.930624844863720657e+00,-5.653560092961468442e+00,2.657301240158928160e-04
7.600000000000005362e-02,8.697819729457484383e-01,-4.657623135337560782e-01,-2.966439633904224493e+00,-5.634529963064885294e+00,2.692731923215710443e-04
7.700000000000005451e-02,8.667976786892676033e-01,-4.713872329807538564e-01,-3.002127621058392482e+00,-5.615270838908793749e+00,2.728162606266717723e-04
7.800000000000005540e-02,8.637777604680161314e-01,-4.769927791752146540e-01,-3.037687315539453703e+00,-5.595783606494753037e+00,2.763593289311874106e-04
7.900000000000005629e-02,8.607223473172652684e-01,-4.825787244560624245e-01,-3.073117233276437599e+00,-5.576069161853273393e+00,2.799023972351103698e-04
8.000000000000005718e-02,8.576315697529695026e-01,-4.881448420632422125e-01,-3.108415896985555538e+00,-5.556128410986350907e+00,2.834454655384330063e-04
8.100000000000005806e-02,8.545055597649441337e-01,-4.936909061476625893e-01,-3.143581836241009064e+00,-5.535962269809454384e+00,2.869885338411477305e-04
8.200000000000005895e-02,8.513444508099717867e-01,-4.992166917810799687e-01,-3.178613587545224384e+00,-5.515571664092957960e+00,2.905316021432470075e-04
8.300000000000005984e-02,8.481483778048396482e-01,-5.047219749659240806e-01,-3.213509694398505534e+00,-5.494957529403043495e+00,2.940746704447231934e-04
8.400000000000006073e-02,8.449174771193067590e-01,-5.102065326450637706e-01,-3.248268707368100916e+00,-5.474120811042061163e+00,2.976177387455686990e-04
8.500000000000006162e-02,8.416518865690029161e-01,-5.156701427115133463e-01,-3.282889184156683182e+00,-5.453062463988368691e+00,3.011608070457758805e-04
8.600000000000006251e-02,8.383517454082591858e-01,-5.211125840180782509e-01,-3.317369689670230937e+00,-5.431783452835649229e+00,3.047038753453372027e-04
8.700000000000006339e-02,8.350171943228710258e-01,-5.265336363869396186e-01,-3.351708796085315356e+00,-5.410284751731714969e+00,3.082469436442450222e-04
8.800000000000006428e-02,8.316483754227942393e-01,-5.319330806191781003e-01,-3.385905082915781961e+00,-5.388567344316809837e+00,3.117900119424917493e-04
8.900000000000006517e-02,8.282454322347744258e-01,-5.373106985042345185e-01,-3.419957137078827092e+00,-5.366632223661406798e+00,3.153330802400697947e-04
9.000000000000006606e-02,8.248085096949111517e-01,-5.426662728293095705e-01,-3.453863552960461991e+00,-5.344480392203515784e+00,3.188761485369715691e-04
9.100000000000006695e-02,8.213377541411565064e-01,-5.479995873886991387e-01,-3.487622932480362259e+00,-5.322112861685508456e+00,3.224192168331894829e-04
9.200000000000006783e-02,8.178333133057492654e-01,-5.533104269930672059e-01,-3.521233885156099586e+00,-5.299530653090460675e+00,3.259622851287158926e-04
9.300000000000006872e-02,8.142953363075851048e-01,-5.585985774786546010e-01,-3.554695028166749537e+00,-5.276734796578026909e+00,3.295053534235432629e-04
9.400000000000006961e-02,8.107239736445236433e-01,-5.638638257164231282e-01,-3.588004986415874065e+00,-5.253726331419848350e+00,3.330484217176639503e-04
9.500000000000007050e-02,8.071193771856326471e-01,-5.691059596211351934e-01,-3.621162392593872958e+00,-5.230506305934507161e+00,3.365914900110703652e-04
9.600000000000007139e-02,8.034817001633703937e-01,-5.743247681603678156e-01,-3.654165887239702926e+00,-5.207075777422026874e+00,3.401345583037549184e-04
9.700000000000007228e-02,7.998110971657064194e-01,-5.795200413634615799e-01,-3.687014118801959395e+00,-5.183435812097933137e+00,3.436776265957099661e-04
9.800000000000007316e-02,7.961077241281816486e-01,-5.846915703304024214e-01,-3.719705743699318834e+00,-5.159587485026875697e+00,3.472206948869279732e-04
9.900000000000007405e-02,7.923717383259083480e-01,-5.898391472406377956e-01,-3.752239426380335807e+00,-5.135531880055826726e+00,3.507637631774012960e-04
1.000000000000000749e-01,7.886032983655105744e-01,-5.949625653618253462e-01,-3.784613839382595213e+00,-5.111270089746852818e+00,3.543068314671223452e-04
1.010000000000000758e-01,7.848025641770058902e-01,-6.000616190585141840e-01,-3.816827663391214376e+00,-5.086803215309476656e+00,3.578498997560835312e-04
1.020000000000000767e-01,7.809696970056289045e-01,-6.051361038007582183e-01,-3.848879587296692772e+00,-5.062132366532630101e+00,3.613929680442772648e-04
1.030000000000000776e-01,7.771048594035970813e-01,-6.101858161726615437e-01,-3.880768308252104948e+00,-5.037258661716210284e+00,3.649360363316959564e-04
1.040000000000000785e-01,7.732082152218200388e-01,-6.152105538808548824e-01,-3.912492531729636625e+00,-5.012183227602239555e+00,3.684791046183319625e-04
1.050000000000000794e-01,7.692799296015522259e-01,-6.202101157629034134e-01,-3.944050971576459563e+00,-4.986907199305645300e+00,3.720221729041776936e-04
1.060000000000000803e-01,7.653201689659905327e-01,-6.251843017956445481e-01,-3.975442350069942954e+00,-4.961431720244657839e+00,3.755652411892255603e-04
1.070000000000000812e-01,7.613291010118165003e-01,-6.301329131034565378e-01,-4.006665397972197340e+00,-4.935757942070842397e+00,3.791083094734679733e-04
1.080000000000000820e-01,7.573068947006847962e-01,-6.350557519664564721e-01,-4.037718854583952854e+00,-4.909887024598766025e+00,3.826513777568973430e-04
1.090000000000000829e-01,7.532537202506578433e-01,-6.399526218286281098e-01,-4.068601467797763327e+00,-4.883820135735310153e+00,3.861944460395060801e-04
1.100000000000000838e-01,7.491697491275876031e-01,-6.448233273058787685e-01,-4.099311994150540706e+00,-4.857558451408633182e+00,3.897375143212865409e-04
1.110000000000000847e-01,7.450551540364453995e-01,-6.496676741940247135e-01,-4.129849198875410465e+00,-4.831103155496796475e+00,3.932805826022311361e-04
1.120000000000000856e-01,7.409101089126000073e-01,-6.544854694767053838e-01,-4.160211855952893778e+00,-4.804455439756052826e+00,3.968236508823323305e-04
1.130000000000000865e-01,7.367347889130447802e-01,-6.592765213332255625e-01,-4.190398748161408449e+00,-4.777616503748811638e+00,4.003667191615824803e-04
1.140000000000000874e-01,7.325293704075749313e-01,-6.640406391463254954e-01,-4.220408667127087732e+00,-4.750587554771287913e+00,4.039097874399739420e-04
1.150000000000000883e-01,7.282940309699152959e-01,-6.687776335098780667e-01,-4.250240413372919690e+00,-4.723369807780833263e+00,4.074528557174991804e-04
1.160000000000000892e-01,7.240289493687990241e-01,-6.734873162365139221e-01,-4.279892796367198216e+00,-4.695964485322972948e+00,4.109959239941505518e-04
1.170000000000000900e-01,7.197343055589983107e-01,-6.781695003651726505e-01,-4.309364634571291042e+00,-4.668372817458138258e+00,4.145389922699204669e-04
1.180000000000000909e-01,7.154102806723079411e-01,-6.828240001685810245e-01,-4.338654755486718528e+00,-4.640596041688115569e+00,4.180820605448013903e-04
1.190000000000000918e-01,7.110570570084816522e-01,-6.874506311606577436e-01,-4.367761995701544109e+00,-4.612635402882213853e+00,4.216251288187856244e-04
1.200000000000000927e-01,7.066748180261228640e-01,-6.920492101038435706e-01,-4.396685200936072846e+00,-4.584492153203154174e+00,4.251681970918656339e-04
1.210000000000000936e-01,7.022637483335295583e-01,-6.966195550163577499e-01,-4.425423226087862538e+00,-4.556167552032698964e+00,4.287112653640338293e-04
1.220000000000000945e-01,6.978240336794953036e-01,-7.011614851793798175e-01,-4.453974935276036717e+00,-4.527662865897018385e+00,4.322543336352825671e-04
1.230000000000000954e-01,6.933558609440654275e-01,-7.056748211441562502e-01,-4.482339201884908420e+00,-4.498979368391805345e+00,4.357974019056042579e-04
1.240000000000000963e-01,6.888594181292505558e-01,-7.101593847390329506e-01,-4.510514908606906737e+00,-4.470118340107148036e+00,4.393404701749913121e-04
1.250000000000000833e-01,6.843348943496969650e-01,-7.146149990764115723e-01,-4.538500947484810588e+00,-4.441081068552165334e+00,4.428835384434361404e-04
1.260000000000000842e-01,6.797824798233158550e-01,-7.190414885596309036e-01,-4.566296219953280833e+00,-4.411868848079411265e+00,4.464266067109311535e-04
1.270000000000000850e-01,6.752023658618707680e-01,-7.234386788897724241e-01,-4.593899636879701376e+00,-4.382482979809060986e+00,4.499696749774687618e-04
1.280000000000000859e-01,6.705947448615245943e-01,-7.278063970723900322e-01,-4.621310118604320394e+00,-4.352924771552877381e+00,4.535127432430413217e-04
1.290000000000000868e-01,6.659598102933471653e-01,-7.321444714241632790e-01,-4.648526594979691673e+00,-4.323195537737975158e+00,4.570558115076412439e-04
1.300000000000000877e-01,6.612977566937834339e-01,-7.364527315794747730e-01,-4.675548005409418728e+00,-4.293296599330382435e+00,4.605988797712609389e-04
1.310000000000000886e-01,6.566087796550834632e-01,-7.407310084969107589e-01,-4.702373298886202591e+00,-4.263229283758411370e+00,4.641419480338928173e-04
1.320000000000000895e-01,6.518930758156942229e-01,-7.449791344656846448e-01,-4.729001434029185269e+00,-4.232994924835839612e+00,4.676850162955292897e-04
1.330000000000000904e-01,6.471508428506153043e-01,-7.491969431119845924e-01,-4.755431379120597768e+00,-4.202594862684920329e+00,4.712280845561627124e-04
1.340000000000000913e-01,6.423822794617172205e-01,-7.533842694052429456e-01,-4.781662112141709109e+00,-4.172030443659215493e+00,4.747711528157855503e-04
1.350000000000000921e-01,6.375875853680251781e-01,-7.575409496643291662e-01,-4.807692620808072803e+00,-4.141303020266271062e+00,4.783142210743901598e-04
1.360000000000000930e-01,6.327669612959673229e-01,-7.616668215636648309e-01,-4.833521902604075215e+00,-4.110413951090131413e+00,4.818572893319689513e-04
1.370000000000000939e-01,6.279206089695886783e-01,-7.657617241392614682e-01,-4.859148964816786709e+00,-4.079364600713705435e+00,4.854003575885143355e-04
1.380000000000000948e-01,6.230487311007321116e-01,-7.698254977946806799e-01,-4.884572824569112015e+00,-4.048156339640995860e+00,4.889434258440187231e-04
1.390000000000000957e-01,6.181515313791861033e-01,-7.738579843069161024e-01,-4.909792508852241610e+00,-4.016790544219188241e+00,4.924864940984744702e-04
1.400000000000000966e-01,6.132292144628004316e-01,-7.778590268321976531e-01,-4.934807054557406758e+00,-3.985268596560614274e+00,4.960295623518739877e-04
1.410000000000000975e-01,6.082819859675708818e-01,-7.818284699117175052e-01,-4.959615508506936443e+00,-3.953591884464595640e+00,4.995726306042096859e-04
1.420000000000000984e-01,6.033100524576925361e-01,-7.857661594772781255e-01,-4.984216927484615312e+00,-3.921761801339175069e+00,5.031156988554739756e-04
1.430000000000000993e-01,5.983136214355836424e-01,-7.896719428568618193e-01,-5.008610378265347052e+00,-3.889779746122739024e+00,5.066587671056592673e-04
1.440000000000001001e-01,5.932929013318797296e-01,-7.935456687801215603e-01,-5.032794937644123223e+00,-3.857647123205543593e+00,5.102018353547579715e-04
1.450000000000001010e-01,5.882481014953997445e-01,-7.973871873837938828e-01,-5.056769692464293975e+00,-3.825365342351147113e+00,5.137449036027624989e-04
1.460000000000001019e-01,5.831794321830833239e-01,-8.011963502170327267e-01,-5.080533739645146873e+00,-3.792935818617758414e+00,5.172879718496651517e-04
1.470000000000001028e-01,5.780871045499017535e-01,-8.049730102466647885e-01,-5.104086186208792952e+00,-3.760359972279505580e+00,5.208310400954584488e-04
1.480000000000001037e-01,5.729713306387418381e-01,-8.087170218623660478e-01,-5.127426149306359981e+00,-3.727639228747634981e+00,5.243741083401346923e-04
1.490000000000001046e-01,5.678323233702641248e-01,-8.124282408817593559e-01,-5.150552756243496511e+00,-3.694775018491645469e+00,5.279171765836864014e-04
1.500000000000001055e-01,5.626702965327358141e-01,-8.161065245554334213e-01,-5.173465144505183133e+00,-3.661768776960364402e+00,5.314602448261058782e-04
1.510000000000001064e-01,5.574854647718393563e-01,-8.197517315718824138e-01,-5.196162461779858965e+00,-3.628621944502974817e+00,5.350033130673855332e-04
1.520000000000001072e-01,5.522780435804572896e-01,-8.233637220623670760e-01,-5.218643865982858898e+00,-3.595335966289995522e+00,5.385463813075177771e-04
1.530000000000001081e-01,5.470482492884339853e-01,-8.269423576056962322e-01,-5.240908525279166952e+00,-3.561912292234227451e+00,5.420894495464950204e-04
1.540000000000001090e-01,5.417962990523145228e-01,-8.304875012329298034e-01,-5.262955618105483069e+00,-3.528352376911668031e+00,5.456325177843096737e-04
1.550000000000001099e-01,5.365224108450626916e-01,-8.339990174320024430e-01,-5.284784333191611339e+00,-3.494657679482400692e+00,5.491755860209541476e-04
1.560000000000001108e-01,5.312268034457572341e-01,-8.374767721522676789e-01,-5.306393869581164324e+00,-3.460829663611470153e+00,5.527186542564208526e-04
1.570000000000001117e-01,5.259096964292678811e-01,-8.409206328089638971e-01,-5.327783436651589710e+00,-3.426869797389743955e+00,5.562617224907021995e-04
1.580000000000001126e-01,5.205713101559120703e-01,-8.443304682876001666e-01,-5.348952254133516604e+00,-3.392779553254771319e+00,5.598047907237904902e-04
1.590000000000001135e-01,5.152118657610921248e-01,-8.477061489482633494e-01,-5.369899552129433928e+00,-3.358560407911646006e+00,5.633478589556782440e-04
1.600000000000001144e-01,5.098315851449143343e-01,-8.510475466298463854e-01,-5.390624571131684917e+00,-3.324213842253875395e+00,5.668909271863577628e-04
1.610000000000001152e-01,5.044306909617907175e-01,-8.543545346541968621e-01,-5.411126562039800802e+00,-3.289741341284266873e+00,5.704339954158215657e-04
1.620000000000001161e-01,4.990094066100229098e-01,-8.576269878301868710e-01,-5.431404786177155053e+00,-3.255144394035835553e+00,5.739770636440619548e-04
1.630000000000001170e-01,4.935679562213707849e-01,-8.608647824577037033e-01,-5.451458515306958574e+00,-3.220424493492739515e+00,5.775201318710713409e-04
1.640000000000001179e-01,4.881065646506045352e-01,-8.640677963315614996e-01,-5.471287031647584342e+00,-3.185583136511249691e+00,5.810632000968421343e-04
1.650000000000001188e-01,4.826254574650423734e-01,-8.672359087453337390e-01,-5.490889627887233004e+00,-3.150621823740761496e+00,5.846062683213667458e-04
1.660000000000001197e-01,4.771248609340734137e-01,-8.703690004951070147e-01,-5.510265607197933235e+00,-3.115542059544851750e+00,5.881493365446375859e-04
1.670000000000001206e-01,4.716050020186673408e-01,-8.734669538831556501e-01,-5.529414283248889284e+00,-3.080345351922389341e+00,5.916924047666470652e-04
1.680000000000001215e-01,4.660661083608707012e-01,-8.765296527215375999e-01,-5.548334980219169488e+00,-3.045033212428704505e+00,5.952354729873875943e-04
1.690000000000001223e-01,4.605084082732909811e-01,-8.795569823356117478e-01,-5.567027032809741094e+00,-3.009607156096824276e+00,5.987785412068515837e-04
1.700000000000001232e-01,4.549321307285689731e-01,-8.825488295674758232e-01,-5.585489786254856703e+00,-2.974068701358777655e+00,6.023216094250313356e-04
1.710000000000001241e-01,4.493375053488400939e-01,-8.855050827793266022e-01,-5.603722596332792349e+00,-2.938419369966978945e+00,6.058646776419193691e-04
1.720000000000001250e-01,4.437247623951852682e-01,-8.884256318567405053e-01,-5.621724829375938093e+00,-2.902660686915693677e+00,6.094077458575079863e-04
1.730000000000001259e-01,4.380941327570719301e-01,-8.913103682118764803e-01,-5.639495862280248240e+00,-2.866794180362593814e+00,6.129508140717897062e-04
1.740000000000001268e-01,4.324458479417861989e-01,-8.941591847866002807e-01,-5.657035082514051183e+00,-2.830821381550406191e+00,6.164938822847568309e-04
1.750000000000001277e-01,4.267801400638561171e-01,-8.969719760555302512e-01,-5.674341888126221534e+00,-2.794743824728664006e+00,6.200369504964017712e-04
1.760000000000001286e-01,4.210972418344675061e-01,-8.997486380290051766e-01,-5.691415687753718977e+00,-2.758563047075560881e+00,6.235800187067169374e-04
1.770000000000001295e-01,4.153973865508722163e-01,-9.024890682559738586e-01,-5.708255900628496526e+00,-2.722280588619920838e+00,6.271230869156947402e-04
1.780000000000001303e-01,4.096808080857900491e-01,-9.051931658268066450e-01,-5.724861956583779943e+00,-2.685897992163281067e+00,6.306661551233275903e-04
1.790000000000001312e-01,4.039477408768045730e-01,-9.078608313760293536e-01,-5.741233296059721880e+00,-2.649416803202102155e+00,6.342092233296078982e-04
1.800000000000001321e-01,3.981984199157535542e-01,-9.104919670849794811e-01,-5.757369370108435191e+00,-2.612838569850102211e+00,6.377522915345280744e-04
1.810000000000001330e-01,3.924330807381148367e-01,-9.130864766843845848e-01,-5.773269640398407176e+00,-2.576164842760728213e+00,6.412953597380804211e-04
1.820000000000001339e-01,3.866519594123880021e-01,-9.156442654568631712e-01,-5.788933579218297432e+00,-2.539397175049765476e+00,6.448384279402574575e-04
1.830000000000001348e-01,3.808552925294725333e-01,-9.181652402393485346e-01,-5.804360669480125523e+00,-2.502537122218090104e+00,6.483814961410514855e-04
1.840000000000001357e-01,3.750433171920430908e-01,-9.206493094254353249e-01,-5.819550404721848480e+00,-2.465586242074573775e+00,6.519245643404550242e-04
1.850000000000001366e-01,3.692162710039225693e-01,-9.230963829676488430e-01,-5.834502289109333439e+00,-2.428546094659141286e+00,6.554676325384603758e-04
1.860000000000001374e-01,3.633743920594534327e-01,-9.255063723796380648e-01,-5.849215837437727217e+00,-2.391418242165989305e+00,6.590107007350599509e-04
1.870000000000001383e-01,3.575179189328679952e-01,-9.278791907382911708e-01,-5.863690575132227245e+00,-2.354204248866969440e+00,6.625537689302462684e-04
1.880000000000001392e-01,3.516470906676583130e-01,-9.302147526857752480e-01,-5.877926038248260099e+00,-2.316905681035142273e+00,6.660968371240116306e-04
1.890000000000001401e-01,3.457621467659460213e-01,-9.325129744314992752e-01,-5.891921773471064050e+00,-2.279524106868506816e+00,6.696399053163484480e-04
1.900000000000001410e-01,3.398633271778529474e-01,-9.347737737540009473e-01,-5.905677338114688979e+00,-2.242061096413908494e+00,6.731829735072491312e-04
1.910000000000001419e-01,3.339508722908732241e-01,-9.369970700027575594e-01,-5.919192300120407424e+00,-2.204518221491133634e+00,6.767260416967059823e-04
1.920000000000001428e-01,3.280250229192468447e-01,-9.391827840999211752e-01,-5.932466238054546537e+00,-2.166897055617192702e+00,6.802691098847115205e-04
1.930000000000001437e-01,3.220860202933361616e-01,-9.413308385419780766e-01,-5.945498741105743612e+00,-2.129199173930798938e+00,6.838121780712581562e-04
1.940000000000001446e-01,3.161341060490050481e-01,-9.434411574013324975e-01,-5.958289409081628740e+00,-2.091426153117045050e+00,6.873552462563381916e-04
1.950000000000001454e-01,3.101695222170018917e-01,-9.455136663278158604e-01,-5.970837852404936363e+00,-2.053579571332283749e+00,6.908983144399441457e-04
1.960000000000001463e-01,3.041925112123465835e-01,-9.475482925501202969e-01,-5.983143692109052836e+00,-2.015661008129218335e+00,6.944413826220683207e-04
1.970000000000001472e-01,2.982033158237223369e-01,-9.495449648771575601e-01,-5.995206559833002657e+00,-1.977672044382202898e+00,6.979844508027032357e-04
1.980000000000001481e-01,2.922021792028728915e-01,-9.515036136993436644e-01,-6.007026097815874266e+00,-1.939614262212763007e+00,7.015275189818411927e-04
1.990000000000001490e-01,2.861893448540053786e-01,-9.534241709898086947e-01,-6.018601958890696046e+00,-1.901489244915335330e+00,7.050705871594746023e-04
2.000000000000001499e-01,2.801650566231996264e-01,-9.553065703055328983e-01,-6.029933806477758118e+00,-1.863298576883234858e+00,7.086136553355958751e-04
2.010000000000001508e-01,2.741295586878246260e-01,-9.571507467884083908e-01,-6.041021314577391443e+00,-1.825043843534851939e+00,7.121567235101974218e-04
2.020000000000001517e-01,2.680830955459622134e-01,-9.589566371662276989e-01,-6.051864167762203373e+00,-1.786726631240082908e+00,7.156997916832716529e-04
2.030000000000001525e-01,2.620259120058388569e-01,-9.607241797535982508e-01,-6.062462061168776728e+00,-1.748348527247000295e+00,7.192428598548109790e-04
2.040000000000001534e-01,2.559582531752661039e-01,-9.624533144527842587e-01,-6.072814700488833317e+00,-1.709911119608764185e+00,7.227859280248077022e-04
2.050000000000001543e-01,2.498803644510901589e-01,-9.641439827544753260e-01,-6.082921801959869867e+00,-1.671415997110781593e+00,7.263289961932543415e-04
2.060000000000001552e-01,2.437924915086509270e-01,-9.657961277384822241e-01,-6.092783092355267272e+00,-1.632864749198115195e+00,7.298720643601431992e-04
2.070000000000001561e-01,2.376948802912512704e-01,-9.674096940743606154e-01,-6.102398308973879359e+00,-1.594258965903146752e+00,7.334151325254667942e-04
2.080000000000001570e-01,2.315877769996370350e-01,-9.689846280219620578e-01,-6.111767199629103864e+00,-1.555600237773498984e+00,7.369582006892174287e-04
2.090000000000001579e-01,2.254714280814881233e-01,-9.705208774319133980e-01,-6.120889522637440017e+00,-1.516890155800219020e+00,7.405012688513876217e-04
2.100000000000001588e-01,2.193460802209213356e-01,-9.720183917460244460e-01,-6.129765046806538997e+00,-1.478130311346227410e+00,7.440443370119696753e-04
2.110000000000001597e-01,2.132119803280054238e-01,-9.734771219976241508e-01,-6.138393551422750782e+00,-1.439322296075036478e+00,7.475874051709560002e-04
2.120000000000001605e-01,2.070693755282888016e-01,-9.748970208118256098e-01,-6.146774826238167400e+00,-1.400467701879741567e+00,7.511304733283390069e-04
2.130000000000001614e-01,2.009185131523405499e-01,-9.762780424057204698e-01,-6.154908671457173241e+00,-1.361568120812288507e+00,7.546735414841111060e-04
2.140000000000001623e-01,1.947596407253049666e-01,-9.776201425885023832e-01,-6.162794897722505993e+00,-1.322625145013020642e+00,7.582166096382647082e-04
2.150000000000001632e-01,1.885930059564704386e-01,-9.789232787615200770e-01,-6.170433326100823734e+00,-1.283640366640509400e+00,7.617596777907922239e-04
2.160000000000001641e-01,1.824188567288529128e-01,-9.801874099182610323e-01,-6.177823788067798638e+00,-1.244615377801670419e+00,7.653027459416859553e-04
2.170000000000001650e-01,1.762374410887945775e-01,-9.814124966442647757e-01,-6.184966125492723954e+00,-1.205551770482170770e+00,7.688458140909384215e-04
2.180000000000001659e-01,1.700490072355780868e-01,-9.825985011169670047e-01,-6.191860190622652027e+00,-1.166451136477127726e+00,7.723888822385419246e-04
2.190000000000001668e-01,1.638538035110569391e-01,-9.837453871054743226e-01,-6.198505846066062475e+00,-1.127315067322104181e+00,7.759319503844889837e-04
2.200000000000001676e-01,1.576520783893024524e-01,-9.848531199702706962e-01,-6.204902964776064067e+00,-1.088145154224402722e+00,7.794750185287719008e-04
2.210000000000001685e-01,1.514440804662676721e-01,-9.859216666628546344e-01,-6.211051430033135645e+00,-1.048942987994662568e+00,7.830180866713830866e-04
2.220000000000001694e-01,1.452300584494688462e-01,-9.869509957253086441e-01,-6.216951135427414066e+00,-1.009710158978760486e+00,7.865611548123150601e-04
2.230000000000001703e-01,1.390102611476848049e-01,-9.879410772898004067e-01,-6.222601984840528289e+00,-9.704482569900203526e-01,7.901042229515601234e-04
2.240000000000001712e-01,1.327849374606747401e-01,-9.888918830780164537e-01,-6.228003892426986710e+00,-9.311588712417332436e-01,7.936472910891106871e-04
2.250000000000001721e-01,1.265543363689148326e-01,-9.898033864005287841e-01,-6.233156782595121292e+00,-8.918435902799909387e-01,7.971903592249591618e-04
2.260000000000001730e-01,1.203187069233540851e-01,-9.906755621560938696e-01,-6.238060589987594717e+00,-8.525040019168352856e-01,8.007334273590978498e-04
2.270000000000001739e-01,1.140782982351899871e-01,-9.915083868308854909e-01,-6.242715259461476762e+00,-8.131416931637267531e-01,8.042764954915192699e-04
2.280000000000001747e-01,1.078333594656642191e-01,-9.923018384976610706e-01,-6.247120746067885477e+00,-7.737582501653345046e-01,8.078195636222158327e-04
2.290000000000001756e-01,1.015841398158789377e-01,-9.930558968148617272e-01,-6.251277015031210027e+00,-7.343552581336495466e-01,8.113626317511799489e-04
2.300000000000001765e-01,9.533088851663411301e-02,-9.937705430256469352e-01,-6.255184041727908983e+00,-6.949343012824249488e-01,8.149056998784039206e-04
2.310000000000001774e-01,8.907385481828621054e-02,-9.944457599568636841e-01,-6.258841811664897392e+00,-6.554969627619446904e-01,8.184487680038801585e-04
2.320000000000001783e-01,8.281328798062870256e-02,-9.950815320179503543e-01,-6.262250320457520836e+00,-6.160448245941231304e-01,8.219918361276011814e-04
2.330000000000001792e-01,7.654943726279482552e-02,-9.956778451997762014e-01,-6.265409573807124488e+00,-5.765794676079378789e-01,8.255349042495592916e-04
2.340000000000001801e-01,7.028255191318298623e-02,-9.962346870734161142e-01,-6.268319587478218935e+00,-5.371024713751986202e-01,8.290779723697468996e-04
2.350000000000001810e-01,6.401288115940514944e-02,-9.967520467888617564e-01,-6.270980387275251644e+00,-4.976154141466527792e-01,8.326210404881564161e-04
2.360000000000001819e-01,5.774067419825867908e-02,-9.972299150736684270e-01,-6.273392009018983195e+00,-4.581198727884318589e-01,8.361641086047802516e-04
2.370000000000001827e-01,5.146618018572203523e-02,-9.976682842315388600e-01,-6.275554498522478930e+00,-4.186174227188387276e-01,8.397071767196108167e-04
2.380000000000001836e-01,4.518964822697459083e-02,-9.980671481408439627e-01,-6.277467911566714243e+00,-3.791096378454789639e-01,8.432502448326405220e-04
2.390000000000001845e-01,3.891132736644109524e-02,-9.984265022530808276e-01,-6.279132313875802396e+00,-3.395980905027379260e-01,8.467933129438617781e-04
2.400000000000001854e-01,3.263146657786108323e-02,-9.987463435912684595e-01,-6.280547781091851078e+00,-3.000843513896050974e-01,8.503363810532668871e-04
2.410000000000001863e-01,2.635031475438360041e-02,-9.990266707482813313e-01,-6.281714398749445039e+00,-2.605699895078476547e-01,8.538794491608483681e-04
2.420000000000001872e-01,2.006812069868763385e-02,-9.992674838851215435e-01,-6.282632262249766342e+00,-2.210565721005353090e-01,8.574225172665985231e-04
2.430000000000001881e-01,1.378513311312861214e-02,-9.994687847291292560e-01,-6.283301476834353139e+00,-1.815456645909175049e-01,8.609655853705098713e-04
2.440000000000001890e-01,7.501600589911312268e-03,-9.996305765721328340e-01,-6.283722157558506716e+00,-1.420388305216550850e-01,8.645086534725747148e-04
2.450000000000001898e-01,1.217771601289543634e-03,-9.997528642685375999e-01,-6.283894429264339720e+00,-1.025376314944077272e-01,8.680517215727854641e-04
2.460000000000001907e-01,-5.066105510207046317e-03,-9.998356542333551866e-01,-6.283818426553485104e+00,-6.304362710977871875e-02,8.715947896711345299e-04
2.470000000000001916e-01,-1.134978254151870238e-02,-9.998789544401723850e-01,-6.283494293759460447e+00,-2.355837490761848035e-02,8.751378577676143227e-04
2.480000000000001925e-01,-1.763301143877348681e-02,-9.998827744190605937e-01,-6.282922184919694786e+00,1.591656969231169949e-02,8.786809258622172531e-04
2.490000000000001934e-01,-2.391554430697706568e-02,-9.998471252544264276e-01,-6.282102263747220583e+00,5.537965344931441297e-02,8.822239939549357318e-04
2.500000000000001665e-01,-3.019713341967402223e-02,-9.997720195828032619e-01,-6.281034703602040636e+00,9.482932536036819959e-02,8.857670620457621692e-04
2.510000000000001674e-01,-3.647753122858037739e-02,-9.996574715905843789e-01,-6.279719687462170796e+00,1.342640367183755568e-01,8.893101301346889760e-04
2.520000000000001683e-01,-4.275649037318698248e-02,-9.995034970116980499e-01,-6.278157407894361164e+00,1.736822411700457702e-01,8.928531982217084544e-04
2.530000000000001692e-01,-4.903376369033349280e-02,-9.993101131252247749e-01,-6.276348067024503763e+00,2.130823947734115653e-01,8.963962663068131232e-04
2.540000000000001701e-01,-5.530910422375259067e-02,-9.990773387529577887e-01,-6.274291876507730237e+00,2.524629560549784824e-01,8.999393343899952848e-04
2.550000000000001710e-01,-6.158226523358411447e-02,-9.988051942569058372e-01,-6.271989057498204012e+00,2.918223860665056790e-01,9.034824024712474581e-04
2.560000000000001719e-01,-6.785300020585889602e-02,-9.984937015367396640e-01,-6.269439840618611370e+00,3.311591484414178055e-01,9.070254705505619453e-04
2.570000000000001728e-01,-7.412106286195188631e-02,-9.981428840271824310e-01,-6.266644465929352315e+00,3.704717094508464537e-01,9.105685386279311570e-04
2.580000000000001736e-01,-8.038620716800434773e-02,-9.977527666953441843e-01,-6.263603182897444555e+00,4.097585380593008475e-01,9.141116067033475037e-04
2.590000000000001745e-01,-8.664818734431481428e-02,-9.973233760380005863e-01,-6.260316250365137059e+00,4.490181059799664420e-01,9.176546747768033960e-04
2.600000000000001754e-01,-9.290675787469848679e-02,-9.968547400788170254e-01,-6.256783936518237610e+00,4.882488877296313756e-01,9.211977428482912445e-04
2.610000000000001763e-01,-9.916167351581485490e-02,-9.963468883655174357e-01,-6.253006518854165030e+00,5.274493606832393322e-01,9.247408109178034599e-04
2.620000000000001772e-01,-1.054126893064632198e-01,-9.957998519669991611e-01,-6.248984284149726953e+00,5.666180051280689245e-01,9.282838789853324526e-04
2.630000000000001781e-01,-1.116595605768458538e-01,-9.952136634703936391e-01,-6.244717528428624043e+00,6.057533043175382659e-01,9.318269470508706333e-04
2.640000000000001790e-01,-1.179020429577985335e-01,-9.945883569780736844e-01,-6.240206556928689530e+00,6.448537445246350641e-01,9.353700151144103041e-04
2.650000000000001799e-01,-1.241398923899881962e-01,-9.939239681046070363e-01,-6.235451684068870293e+00,6.839178150949707380e-01,9.389130831759439841e-04
2.660000000000001807e-01,-1.303728651330774424e-01,-9.932205339736576155e-01,-6.230453233415946812e+00,7.229440084994591675e-01,9.424561512354639754e-04
2.670000000000001816e-01,-1.366007177748555790e-01,-9.924780932148340451e-01,-6.225211537651001770e+00,7.619308203866188567e-01,9.459992192929627969e-04
2.680000000000001825e-01,-1.428232072403360919e-01,-9.916966859604858797e-01,-6.219726938535641736e+00,8.008767496344987302e-01,9.495422873484327510e-04
2.690000000000001834e-01,-1.490400908008201464e-01,-9.908763538424484318e-01,-6.213999786877970166e+00,8.397802984022267880e-01,9.530853554018662481e-04
2.700000000000001843e-01,-1.552511260829260442e-01,-9.900171399887358614e-01,-6.208030442498326806e+00,8.786399721811818386e-01,9.566284234532556989e-04
2.710000000000001852e-01,-1.614560710775841679e-01,-9.891190890201838615e-01,-6.201819274194785514e+00,9.174542798457880899e-01,9.601714915025935139e-04
2.720000000000001861e-01,-1.676546841489973405e-01,-9.881822470470410513e-01,-6.195366659708422929e+00,9.562217337039318199e-01,9.637145595498721037e-04
2.730000000000001870e-01,-1.738467240435664363e-01,-9.872066616655105209e-01,-6.188672985688361550e+00,9.949408495470009051e-01,9.672576275950838789e-04
2.740000000000001878e-01,-1.800319498987808242e-01,-9.861923819542415259e-01,-6.181738647656587204e+00,1.033610146699546650e+00,9.708006956382212501e-04
2.750000000000001887e-01,-1.862101212520735349e-01,-9.851394584707716673e-01,-6.174564049972547153e+00,1.072228148068568254e+00,9.743437636792765194e-04
2.760000000000001896e-01,-1.923809980496409555e-01,-9.840479432479199984e-01,-6.167149605797537681e+00,1.110793380192418800e+00,9.778868317182420975e-04
2.770000000000001905e-01,-1.985443406552267753e-01,-9.829178897901312828e-01,-6.159495737058874987e+00,1.149304373289334658e+00,9.814298997551105033e-04
2.780000000000001914e-01,-2.046999098588699884e-01,-9.817493530697718462e-01,-6.151602874413864441e+00,1.187759661305587855e+00,9.849729677898740390e-04
2.790000000000001923e-01,-2.108474668856168410e-01,-9.805423895233780218e-01,-6.143471457213564690e+00,1.226157781963259863e+00,9.885160358225253321e-04
2.800000000000001932e-01,-2.169867734041963092e-01,-9.792970570478563008e-01,-6.135101933466353685e+00,1.264497276807639681e+00,9.920591038530565762e-04
2.810000000000001941e-01,-2.231175915356591599e-01,-9.780134149966367429e-01,-6.126494759801301981e+00,1.302776691254244223e+00,9.956021718814601820e-04
2.820000000000001950e-01,-2.292396838619802368e-01,-9.766915241757792021e-01,-6.117650401431353302e+00,1.340994574635463676e+00,9.991452399077285600e-04
2.830000000000001958e-01,-2.353528134346238587e-01,-9.753314468400334780e-01,-6.108569332116321249e+00,1.379149480246829151e+00,1.002688307931854121e-03
2.840000000000001967e-01,-2.414567437830721086e-01,-9.739332466888530604e-01,-6.099252034125699495e+00,1.417239965392905310e+00,1.006231375953829275e-03
2.850000000000001976e-01,-2.475512389233158472e-01,-9.724969888623635761e-01,-6.089698998201299673e+00,1.455264591432808396e+00,1.009774443973646433e-03
2.860000000000001985e-01,-2.536360633663082287e-01,-9.710227399372851620e-01,-6.079910723519707183e+00,1.493221923825348352e+00,1.013317511991298006e-03
2.870000000000001994e-01,-2.597109821263807738e-01,-9.695105679228108730e-01,-6.069887717654572690e+00,1.531110532173796779e+00,1.016860580006776187e-03
2.880000000000002003e-01,-2.657757607296212798e-01,-9.679605422564396822e-01,-6.059630496538733979e+00,1.568928990270282320e+00,1.020403648020073604e-03
2.890000000000002012e-01,-2.718301652222142595e-01,-9.663727337997655154e-01,-6.049139584426173499e+00,1.606675876139810777e+00,1.023946716031182667e-03
2.900000000000002021e-01,-2.778739621787427727e-01,-9.647472148342227660e-01,-6.038415513853818695e+00,1.644349772083914640e+00,1.027489784040095788e-03
2.910000000000002029e-01,-2.839069187104523162e-01,-9.630840590567880666e-01,-6.027458825603187798e+00,1.681949264723929360e+00,1.031032852046805158e-03
2.920000000000002038e-01,-2.899288024734762437e-01,-9.613833415756386502e-01,-6.016270068661879300e+00,1.719472945043899026e+00,1.034575920051303407e-03
2.930000000000002047e-01,-2.959393816770223284e-01,-9.596451389057689685e-01,-6.004849800184919317e+00,1.756919408433111007e+00,1.038118988053582728e-03
2.940000000000002056e-01,-3.019384250915210233e-01,-9.578695289645636768e-01,-5.993198585455958849e+00,1.794287254728261338e+00,1.041662056053635748e-03
2.950000000000002065e-01,-3.079257020567344738e-01,-9.560565910673297640e-01,-5.981316997848336037e+00,1.831575088255250838e+00,1.045205124051454661e-03
2.960000000000002074e-01,-3.139009824898267298e-01,-9.542064059227862716e-01,-5.969205618785997203e+00,1.868781517870613307e+00,1.048748192047032094e-03
2.970000000000002083e-01,-3.198640368933947653e-01,-9.523190556285134889e-01,-5.956865037704284660e+00,1.905905157002576233e+00,1.052291260040360242e-03
2.980000000000002092e-01,-3.258146363634602527e-01,-9.503946236663606273e-01,-5.944295852010597514e+00,1.942944623691754913e+00,1.055834328031431731e-03
2.990000000000002101e-01,-3.317525525974217571e-01,-9.484331948978130811e-01,-5.931498667044923678e+00,1.979898540631481740e+00,1.059377396020238756e-03
3.000000000000002109e-01,-3.376775579019677398e-01,-9.464348555593200540e-01,-5.918474096040248433e+00,2.016765535207770910e+00,1.062920464006773726e-03
3.010000000000002118e-01,-3.435894252009495387e-01,-9.443996932575818848e-01,-5.905222760082847522e+00,2.053544239538919403e+00,1.066463531991029053e-03
3.020000000000002127e-01,-3.494879280432148239e-01,-9.423277969647979591e-01,-5.891745288072459452e+00,2.090233290514745157e+00,1.070006599972997364e-03
3.030000000000002136e-01,-3.553728406104011417e-01,-9.402192570138759864e-01,-5.878042316682348556e+00,2.126831329835464857e+00,1.073549667952670853e-03
3.040000000000002145e-01,-3.612439377246893235e-01,-9.380741650936021969e-01,-5.864114490319257911e+00,2.163337004050210233e+00,1.077092735930041930e-03
3.050000000000002154e-01,-3.671009948565170378e-01,-9.358926142437733464e-01,-5.849962461083256571e+00,2.199748964595186873e+00,1.080635803905103005e-03
3.060000000000002163e-01,-3.729437881322518189e-01,-9.336746988502905298e-01,-5.835586888727484656e+00,2.236065867831472875e+00,1.084178871877846491e-03
3.070000000000002172e-01,-3.787720943418241282e-01,-9.314205146402159130e-01,-5.820988440617798076e+00,2.272286375082462229e+00,1.087721939848264796e-03
3.080000000000002180e-01,-3.845856909463198359e-01,-9.291301586767914955e-01,-5.806167791692320002e+00,2.308409152670952924e+00,1.091265007816350332e-03
3.090000000000002189e-01,-3.903843560855320693e-01,-9.268037293544214572e-01,-5.791125624420897289e+00,2.344432871955878905e+00,1.094808075782095508e-03
3.100000000000002198e-01,-3.961678685854728155e-01,-9.244413263936179792e-01,-5.775862628764467210e+00,2.380356209368689857e+00,1.098351143745492737e-03
3.110000000000002207e-01,-4.019360079658435558e-01,-9.220430508359103161e-01,-5.760379502134342466e+00,2.416177846449380162e+00,1.101894211706534212e-03
3.120000000000002216e-01,-4.076885544474652678e-01,-9.196090050387185633e-01,-5.744676949351405604e+00,2.451896469882165697e+00,1.105437279665212559e-03
3.130000000000002225e-01,-4.134252889596675695e-01,-9.171392926701918968e-01,-5.728755682605229715e+00,2.487510771530812459e+00,1.108980347621520189e-03
3.140000000000002234e-01,-4.191459931476369527e-01,-9.146340187040113978e-01,-5.712616421413120094e+00,2.523019448473617476e+00,1.112523415575449514e-03
3.150000000000002243e-01,-4.248504493797239934e-01,-9.120932894141579039e-01,-5.696259892579082162e+00,2.558421203038041547e+00,1.116066483526992727e-03
3.160000000000002252e-01,-4.305384407547094838e-01,-9.095172123696461108e-01,-5.679686830152715693e+00,2.593714742835000475e+00,1.119609551476142455e-03
3.170000000000002260e-01,-4.362097511090294311e-01,-9.069058964292238123e-01,-5.662897975388045957e+00,2.628898780792809919e+00,1.123152619422890892e-03
3.180000000000002269e-01,-4.418641650239589214e-01,-9.042594517360378337e-01,-5.645894076702287379e+00,2.663972035190788734e+00,1.126695687367230666e-03
3.190000000000002278e-01,-4.475014678327546847e-01,-9.015779897122662145e-01,-5.628675889634544127e+00,2.698933229692522140e+00,1.130238755309153969e-03
3.200000000000002287e-01,-4.531214456277561919e-01,-8.988616230537176399e-01,-5.611244176804452977e+00,2.733781093378786053e+00,1.133781823248653431e-03
3.210000000000002296e-01,-4.587238852674456746e-01,-8.961104657243977867e-01,-5.593599707870771098e+00,2.768514360780133909e+00,1.137324891185721243e-03
3.220000000000002305e-01,-4.643085743834662882e-01,-8.933246329510434736e-01,-5.575743259489904347e+00,2.803131771909146419e+00,1.140867959120349818e-03
3.230000000000002314e-01,-4.698753013875991980e-01,-8.905042412176246147e-01,-5.557675615274393799e+00,2.837632072292348262e+00,1.144411027052531782e-03
3.240000000000002323e-01,-4.754238554786988091e-01,-8.876494082598144209e-01,-5.539397565751346342e+00,2.872014013001791710e+00,1.147954094982259329e-03
3.250000000000002331e-01,-4.809540266495866412e-01,-8.847602530594281811e-01,-5.520909908320823511e+00,2.906276350686308074e+00,1.151497162909524870e-03
3.260000000000002340e-01,-4.864656056939032913e-01,-8.818368958388312917e-01,-5.502213447214186814e+00,2.940417847602431856e+00,1.155040230834320815e-03
3.270000000000002349e-01,-4.919583842129191531e-01,-8.788794580553157543e-01,-5.483308993452403968e+00,2.974437271644994052e+00,1.158583298756639575e-03
3.280000000000002358e-01,-4.974321546223028911e-01,-8.758880623954470312e-01,-5.464197364804315171e+00,3.008333396377391722e+00,1.162126366676473777e-03
3.290000000000002367e-01,-5.028867101588485600e-01,-8.728628327693804811e-01,-5.444879385744868294e+00,3.042105001061531588e+00,1.165669434593815616e-03
3.300000000000002376e-01,-5.083218448871608119e-01,-8.698038943051479288e-01,-5.425355887413318534e+00,3.075750870687452565e+00,1.169212502508657501e-03
3.310000000000002385e-01,-5.137373537062983608e-01,-8.667113733429148148e-01,-5.405627707571397877e+00,3.109269796002624542e+00,1.172755570420991843e-03
3.320000000000002394e-01,-5.191330323563753124e-01,-8.635853974292083679e-01,-5.385695690561460580e+00,3.142660573540930091e+00,1.176298638330810836e-03
3.330000000000002403e-01,-5.245086774251209727e-01,-8.604260953111166899e-01,-5.365560687264600226e+00,3.175922005651328650e+00,1.179841706238107107e-03
3.340000000000002411e-01,-5.298640863543978563e-01,-8.572335969304597514e-01,-5.345223555058745468e+00,3.209052900526202734e+00,1.183384774142873068e-03
3.350000000000002420e-01,-5.351990574466771733e-01,-8.540080334179315225e-01,-5.324685157776735345e+00,3.242052072229392401e+00,1.186927842045101128e-03
3.360000000000002429e-01,-5.405133898714730156e-01,-8.507495370872149021e-01,-5.303946365664377716e+00,3.274918340723917520e+00,1.190470909944783698e-03
3.370000000000002438e-01,-5.458068836717342442e-01,-8.474582414290687815e-01,-5.283008055338490827e+00,3.307650531899386959e+00,1.194013977841912972e-03
3.380000000000002447e-01,-5.510793397701946317e-01,-8.441342811053879069e-01,-5.261871109744930664e+00,3.340247477599102677e+00,1.197557045736481578e-03
3.390000000000002456e-01,-5.563305599756808162e-01,-8.407777919432355418e-01,-5.240536418116609418e+00,3.372708015646855628e+00,1.201100113628481925e-03
3.400000000000002465e-01,-5.615603469893782895e-01,-8.373889109288499277e-01,-5.219004875931505083e+00,3.405030989873415681e+00,1.204643181517906208e-03
3.410000000000002474e-01,-5.667685044110556403e-01,-8.339677762016241003e-01,-5.197277384870660377e+00,3.437215250142720890e+00,1.208186249404747054e-03
3.420000000000002482e-01,-5.719548367452464976e-01,-8.305145270480598363e-01,-5.175354852776182568e+00,3.469259652377764347e+00,1.211729317288996657e-03
3.430000000000002491e-01,-5.771191494073896200e-01,-8.270293038956957332e-01,-5.153238193609234408e+00,3.501163058586181265e+00,1.215272385170647644e-03
3.440000000000002500e-01,-5.822612487299270168e-01,-8.235122483070098642e-01,-5.130928327408032175e+00,3.532924336885539862e+00,1.218815453049692209e-03
3.450000000000002509e-01,-5.873809419683599931e-01,-8.199635029732972313e-01,-5.108426180245837500e+00,3.564542361528337810e+00,1.222358520926122762e-03
3.460000000000002518e-01,-5.924780373072628947e-01,-8.163832117085226825e-01,-5.085732684188957187e+00,3.596016012926702032e+00,1.225901588799931932e-03
3.470000000000002527e-01,-5.975523438662555531e-01,-8.127715194431488488e-01,-5.062848777254748356e+00,3.627344177676800285e+00,1.229444656671111911e-03
3.480000000000002536e-01,-6.026036717059333192e-01,-8.091285722179403228e-01,-5.039775403369627149e+00,3.658525748582961867e+00,1.232987724539655111e-03
3.490000000000002545e-01,-6.076318318337546875e-01,-8.054545171777430790e-01,-5.016513512327092528e+00,3.689559624681509664e+00,1.236530792405553941e-03
3.500000000000002554e-01,-6.126366362098879526e-01,-8.017495025652411345e-01,-4.993064059745756289e+00,3.720444711264309312e+00,1.240073860268801030e-03
3.510000000000002562e-01,-6.176178977530150105e-01,-7.980136777146890070e-01,-4.969428007027387295e+00,3.751179919902031479e+00,1.243616928129388571e-03
3.520000000000002571e-01,-6.225754303460936390e-01,-7.942471930456217466e-01,-4.945606321314971687e+00,3.781764168467134368e+00,1.247159995987308975e-03
3.530000000000002580e-01,-6.275090488420776991e-01,-7.904502000565414299e-01,-4.921599975450787312e+00,3.812196381156566893e+00,1.250703063842554651e-03
3.540000000000002589e-01,-6.324185690695955930e-01,-7.866228513185815618e-01,-4.897409947934497687e+00,3.842475488514192516e+00,1.254246131695118012e-03
3.550000000000002598e-01,-6.373038078385866445e-01,-7.827653004691492722e-01,-4.873037222881265507e+00,3.872600427452938199e+00,1.257789199544991467e-03
3.560000000000002607e-01,-6.421645829458955124e-01,-7.788777022055448640e-01,-4.848482789979888352e+00,3.902570141276670235e+00,1.261332267392167427e-03
3.570000000000002616e-01,-6.470007131808250822e-01,-7.749602122785604896e-01,-4.823747644450954830e+00,3.932383579701796528e+00,1.264875335236638086e-03
3.580000000000002625e-01,-6.518120183306473914e-01,-7.710129874860567334e-01,-4.798832787005028244e+00,3.962039698878601968e+00,1.268418403078396071e-03
3.590000000000002633e-01,-6.565983191860724766e-01,-7.670361856665179889e-01,-4.773739223800854248e+00,3.991537461412312915e+00,1.271961470917433792e-03
3.600000000000002642e-01,-6.613594375466759212e-01,-7.630299656925872975e-01,-4.748467966403597806e+00,4.020875836383898339e+00,1.275504538753743661e-03
3.610000000000002651e-01,-6.660951962262842141e-01,-7.589944874645805362e-01,-4.723020031743108582e+00,4.050053799370606278e+00,1.279047606587317872e-03
3.620000000000002660e-01,-6.708054190583188081e-01,-7.549299119039794004e-01,-4.697396442072215628e+00,4.079070332466240068e+00,1.282590674418149050e-03
3.630000000000002669e-01,-6.754899309010978792e-01,-7.508364009469054023e-01,-4.671598224925057607e+00,4.107924424301171662e+00,1.286133742246229608e-03
3.640000000000002678e-01,-6.801485576430972291e-01,-7.467141175375729967e-01,-4.645626413075442329e+00,4.136615070062100941e+00,1.289676810071551738e-03
3.650000000000002687e-01,-6.847811262081687778e-01,-7.425632256217238325e-01,-4.619482044495243578e+00,4.165141271511557441e+00,1.293219877894108069e-03
3.660000000000002696e-01,-6.893874645607183105e-01,-7.383838901400409105e-01,-4.593166162312833478e+00,4.193502037007149852e+00,1.296762945713890794e-03
3.670000000000002705e-01,-6.939674017108407034e-01,-7.341762770215441991e-01,-4.566679814771551271e+00,4.221696381520564145e+00,1.300306013530892540e-03
3.680000000000002713e-01,-6.985207677194144038e-01,-7.299405531769670441e-01,-4.540024055188212060e+00,4.249723326656308586e+00,1.303849081345105501e-03
3.690000000000002722e-01,-7.030473937031541665e-01,-7.256768864921143702e-01,-4.513199941911653745e+00,4.277581900670216264e+00,1.307392149156522089e-03
3.700000000000002731e-01,-7.075471118396223780e-01,-7.213854458212017873e-01,-4.486208538281326597e+00,4.305271138487701599e+00,1.310935216965134929e-03
3.710000000000002740e-01,-7.120197553721988593e-01,-7.170664009801772654e-01,-4.459050912585925452e+00,4.332790081721769049e+00,1.314478284770936216e-03
3.720000000000002749e-01,-7.164651586150095897e-01,-7.127199227400246029e-01,-4.431728138022061891e+00,4.360137778690785559e+00,1.318021352573918361e-03
3.730000000000002758e-01,-7.208831569578139087e-01,-7.083461828200491306e-01,-4.404241292652984363e+00,4.387313284436012317e+00,1.321564420374073774e-03
3.740000000000002767e-01,-7.252735868708506395e-01,-7.039453538811463185e-01,-4.376591459367340953e+00,4.414315660738897584e+00,1.325107488171394865e-03
3.750000000000002776e-01,-7.296362859096424680e-01,-6.995176095190529519e-01,-4.348779725837991883e+00,4.441143976138135052e+00,1.328650555965874046e-03
3.760000000000002784e-01,-7.339710927197602430e-01,-6.950631242575815438e-01,-4.320807184480866425e+00,4.467797305946493047e+00,1.332193623757503727e-03
3.770000000000002793e-01,-7.382778470415449767e-01,-6.905820735418377598e-01,-4.292674932413869548e+00,4.494274732267403927e+00,1.335736691546276318e-03
3.780000000000002802e-01,-7.425563897147895442e-01,-6.860746337314217458e-01,-4.264384071415837418e+00,4.520575344011334096e+00,1.339279759332184230e-03
3.790000000000002811e-01,-7.468065626833789716e-01,-6.815409820936130236e-01,-4.235935707885544410e+00,4.546698236911918656e+00,1.342822827115219874e-03
3.800000000000002820e-01,-7.510282089998900901e-01,-6.769812967965390671e-01,-4.207330952800760748e+00,4.572642513541879339e+00,1.346365894895375660e-03
3.810000000000002829e-01,-7.552211728301497784e-01,-6.723957569023286673e-01,-4.178570921677359884e+00,4.598407283328708850e+00,1.349908962672643998e-03
3.820000000000002838e-01,-7.593852994577530158e-01,-6.677845423602492003e-01,-4.149656734528483604e+00,4.623991662570146488e+00,1.353452030447017300e-03
3.830000000000002847e-01,-7.635204352885394119e-01,-6.631478339998289062e-01,-4.120589515823755100e+00,4.649394774449421952e+00,1.356995098218487759e-03
3.840000000000002855e-01,-7.676264278550294362e-01,-6.584858135239636256e-01,-4.091370394448552439e+00,4.674615749050293978e+00,1.360538165987048003e-03
3.850000000000002864e-01,-7.717031258208200128e-01,-6.537986635020092141e-01,-4.062000503663329987e+00,4.699653723371865155e+00,1.364081233752690442e-03
3.860000000000002873e-01,-7.757503789849391485e-01,-6.490865673628585242e-01,-4.032480981063003789e+00,4.724507841343188019e+00,1.367624301515407269e-03
3.870000000000002882e-01,-7.797680382861599258e-01,-6.443497093880043991e-01,-4.002812968536386684e+00,4.749177253837657986e+00,1.371167369275191113e-03
3.880000000000002891e-01,-7.837559558072744181e-01,-6.395882747045881223e-01,-3.972997612225683817e+00,4.773661118687200222e+00,1.374710437032034384e-03
3.890000000000002900e-01,-7.877139847793266370e-01,-6.348024492784341000e-01,-3.943036062486044990e+00,4.797958600696245135e+00,1.378253504785929276e-03
3.900000000000002909e-01,-7.916419795858056219e-01,-6.299924199070702224e-01,-3.912929473845176087e+00,4.822068871655503131e+00,1.381796572536868198e-03
3.910000000000002918e-01,-7.955397957667973419e-01,-6.251583742127349019e-01,-3.882679004963009550e+00,4.845991110355532427e+00,1.385339640284843779e-03
3.920000000000002927e-01,-7.994072900230971834e-01,-6.203005006353703443e-01,-3.852285818591433042e+00,4.869724502600107918e+00,1.388882708029848213e-03
3.930000000000002935e-01,-8.032443202202814714e-01,-6.154189884256031640e-01,-3.821751081534078054e+00,4.893268241219389303e+00,1.392425775771874126e-03
3.940000000000002944e-01,-8.070507453927394659e-01,-6.105140276377108988e-01,-3.791075964606171578e+00,4.916621526082893823e+00,1.395968843510913713e-03
3.950000000000002953e-01,-8.108264257476647252e-01,-6.055858091225767570e-01,-3.760261642594444620e+00,4.939783564112270042e+00,1.399511911246959384e-03
3.960000000000002962e-01,-8.145712226690066116e-01,-6.006345245206309302e-01,-3.729309294217105553e+00,4.962753569293883338e+00,1.403054978980003550e-03
3.970000000000002971e-01,-8.182849987213816068e-01,-5.956603662547796940e-01,-3.698220102083873417e+00,4.985530762691204210e+00,1.406598046710038621e-03
3.980000000000002980e-01,-8.219676176539453261e-01,-5.906635275233222959e-01,-3.666995252656073401e+00,5.008114372457010965e+00,1.410141114437057008e-03
3.990000000000002989e-01,-8.256189444042236758e-01,-5.856442022928554092e-01,-3.635635936206794483e+00,5.030503633845402334e+00,1.413684182161051338e-03
4.000000000000002998e-01,-8.292388451019050422e-01,-5.806025852911660401e-01,-3.604143346781111923e+00,5.052697789223626224e+00,1.417227249882013805e-03
4.010000000000003006e-01,-8.328271870725924009e-01,-5.755388720001126668e-01,-3.572518682156368808e+00,5.074696088083720191e+00,1.420770317599936820e-03
4.020000000000003015e-01,-8.363838388415154590e-01,-5.704532586484942769e-01,-3.540763143802524660e+00,5.096497787053975159e+00,1.424313385314812577e-03
4.030000000000003024e-01,-8.399086701372039387e-01,-5.653459422049089689e-01,-3.508877936842565326e+00,5.118102149910216170e+00,1.427856453026633702e-03
4.040000000000003033e-01,-8.434015518951205603e-01,-5.602171203706005631e-01,-3.476864270012978153e+00,5.139508447586903728e+00,1.431399520735392606e-03
4.050000000000003042e-01,-8.468623562612546118e-01,-5.550669915722944436e-01,-3.444723355624289329e+00,5.160715958188059282e+00,1.434942588441081700e-03
4.060000000000003051e-01,-8.502909565956767723e-01,-5.498957549550228530e-01,-3.412456409521666956e+00,5.181723966998016628e+00,1.438485656143693395e-03
4.070000000000003060e-01,-8.536872274760536339e-01,-5.447036103749389735e-01,-3.380064651045587176e+00,5.202531766491999221e+00,1.442028723843220102e-03
4.080000000000003069e-01,-8.570510447011236987e-01,-5.394907583921211280e-01,-3.347549302992564701e+00,5.223138656346526965e+00,1.445571791539654012e-03
4.090000000000003078e-01,-8.603822852941335197e-01,-5.342574002633661001e-01,-3.314911591575948613e+00,5.243543943449652467e+00,1.449114859232987756e-03
4.100000000000003086e-01,-8.636808275062352047e-01,-5.290037379349726843e-01,-3.282152746386782560e+00,5.263746941911032096e+00,1.452657926923213525e-03
4.110000000000003095e-01,-8.669465508198445081e-01,-5.237299740355150224e-01,-3.249274000354728464e+00,5.283746973071827391e+00,1.456200994610323948e-03
4.120000000000003104e-01,-8.701793359519598425e-01,-5.184363118686063920e-01,-3.216276589709055500e+00,5.303543365514445718e+00,1.459744062294311218e-03
4.130000000000003113e-01,-8.733790648574423221e-01,-5.131229554056530029e-01,-3.183161753939693028e+00,5.323135455072115718e+00,1.463287129975167963e-03
4.140000000000003122e-01,-8.765456207322573912e-01,-5.077901092785984671e-01,-3.149930735758350142e+00,5.342522584838303779e+00,1.466830197652886376e-03
4.150000000000003131e-01,-8.796788880166767077e-01,-5.024379787726589441e-01,-3.116584781059696052e+00,5.361704105175971513e+00,1.470373265327459085e-03
4.160000000000003140e-01,-8.827787523984419460e-01,-4.970667698190490147e-01,-3.083125138882608418e+00,5.380679373726675152e+00,1.473916332998878283e-03
4.170000000000003149e-01,-8.858451008158897411e-01,-4.916766889876988400e-01,-3.049553061371483409e+00,5.399447755419509498e+00,1.477459400667136382e-03
4.180000000000003157e-01,-8.888778214610377759e-01,-4.862679434799619393e-01,-3.015869803737611488e+00,5.418008622479898229e+00,1.481002468332226008e-03
4.190000000000003166e-01,-8.918768037826323436e-01,-4.808407411213146965e-01,-2.982076624220617145e+00,5.436361354438230542e+00,1.484545535994139355e-03
4.200000000000003175e-01,-8.948419384891573847e-01,-4.753952903540470398e-01,-2.948174784049960806e+00,5.454505338138349479e+00,1.488088603652868835e-03
4.210000000000003184e-01,-8.977731175518054441e-01,-4.699318002299447961e-01,-2.914165547406507351e+00,5.472439967745890144e+00,1.491631671308406857e-03
4.220000000000003193e-01,-9.006702342074095480e-01,-4.644504804029639944e-01,-2.880050181384154584e+00,5.490164644756468704e+00,1.495174738960745832e-03
4.230000000000003202e-01,-9.035331829613370003e-01,-4.589515411218965668e-01,-2.845829955951529211e+00,5.507678778003728404e+00,1.498717806609878170e-03
4.240000000000003211e-01,-9.063618595903454311e-01,-4.534351932230284987e-01,-2.811506143913740985e+00,5.524981783667239910e+00,1.502260874255796283e-03
4.250000000000003220e-01,-9.091561611453997660e-01,-4.479016481227900415e-01,-2.777080020874203914e+00,5.542073085280259548e+00,1.505803941898492581e-03
4.260000000000003229e-01,-9.119159859544515578e-01,-4.423511178103982089e-01,-2.742552865196517864e+00,5.558952113737343659e+00,1.509347009537959474e-03
4.270000000000003237e-01,-9.146412336251803499e-01,-4.367838148404916132e-01,-2.707925957966411445e+00,5.575618307301828835e+00,1.512890077174189373e-03
4.280000000000003246e-01,-9.173318050476965135e-01,-4.311999523257580846e-01,-2.673200582953749738e+00,5.592071111613167389e+00,1.516433144807174688e-03
4.290000000000003255e-01,-9.199876023972065608e-01,-4.255997439295549634e-01,-2.638378026574600188e+00,5.608309979694134029e+00,1.519976212436907831e-03
4.300000000000003264e-01,-9.226085291366404872e-01,-4.199834038585222307e-01,-2.603459577853361573e+00,5.624334371957888656e+00,1.523519280063380995e-03
4.310000000000003273e-01,-9.251944900192409227e-01,-4.143511468551885346e-01,-2.568446528384953798e+00,5.640143756214912152e+00,1.527062347686586807e-03
4.320000000000003282e-01,-9.277453910911150903e-01,-4.087031881905706099e-01,-2.533340172297066317e+00,5.655737607679808043e+00,1.530605415306517678e-03
4.330000000000003291e-01,-9.302611396937485733e-01,-4.030397436567657032e-01,-2.498141806212468730e+00,5.671115408977972727e+00,1.534148482923165802e-03
4.340000000000003300e-01,-9.327416444664815565e-01,-3.973610295595376152e-01,-2.462852729211379099e+00,5.686276650152136014e+00,1.537691550536523805e-03
4.350000000000003308e-01,-9.351868153489475421e-01,-3.916672627108959692e-01,-2.427474242793892234e+00,5.701220828668777330e+00,1.541234618146583883e-03
4.360000000000003317e-01,-9.375965635834743184e-01,-3.859586604216694861e-01,-2.392007650842466582e+00,5.715947449424408688e+00,1.544777685753338662e-03
4.370000000000003326e-01,-9.399708017174478458e-01,-3.802354404940727073e-01,-2.356454259584468414e+00,5.730456024751739541e+00,1.548320753356780335e-03
4.380000000000003335e-01,-9.423094436056381751e-01,-3.744978212142669460e-01,-2.320815377554774184e+00,5.744746074425713722e+00,1.551863820956901532e-03
4.390000000000003344e-01,-9.446124044124886154e-01,-3.687460213449149093e-01,-2.285092315558429732e+00,5.758817125669424719e+00,1.555406888553694444e-03
4.400000000000003353e-01,-9.468796006143668231e-01,-3.629802601177297694e-01,-2.249286386633365442e+00,5.772668713159910148e+00,1.558949956147151483e-03
4.410000000000003362e-01,-9.491109500017795853e-01,-3.572007572260182395e-01,-2.213398906013169132e+00,5.786300379033826324e+00,1.562493023737265277e-03
4.420000000000003371e-01,-9.513063716815494120e-01,-3.514077328172183212e-01,-2.177431191089911344e+00,5.799711672893005598e+00,1.566036091324028018e-03
4.430000000000003380e-01,-9.534657860789547135e-01,-3.456014074854312779e-01,-2.141384561377028817e+00,5.812902151809891116e+00,1.569579158907432118e-03
4.440000000000003388e-01,-9.555891149398325624e-01,-3.397820022639484461e-01,-2.105260338472259019e+00,5.825871380332864113e+00,1.573122226487469986e-03
4.450000000000003397e-01,-9.576762813326445967e-01,-3.339497386177726068e-01,-2.069059846020630200e+00,5.838618930491448644e+00,1.576665294064134035e-03
4.460000000000003406e-01,-9.597272096505056194e-01,-3.281048384361343606e-01,-2.032784409677503845e+00,5.851144381801406169e+00,1.580208361637416674e-03
4.470000000000003415e-01,-9.617418256131755605e-01,-3.222475240250032846e-01,-1.996435357071668637e+00,5.863447321269718238e+00,1.583751429207310314e-03
4.480000000000003424e-01,-9.637200562690145800e-01,-3.163780180995943714e-01,-1.960014017768486605e+00,5.875527343399454594e+00,1.587294496773807365e-03
4.490000000000003433e-01,-9.656618299969011998e-01,-3.104965437768694714e-01,-1.923521723233090785e+00,5.887384050194536478e+00,1.590837564336900238e-03
4.500000000000003442e-01,-9.675670765081134661e-01,-3.046033245680342394e-01,-1.886959806793631955e+00,5.899017051164385350e+00,1.594380631896581343e-03
4.510000000000003451e-01,-9.694357268481739176e-01,-2.986985843710301403e-01,-1.850329603604575102e+00,5.910425963328467702e+00,1.597923699452843092e-03
4.520000000000003459e-01,-9.712677133986573619e-01,-2.927825474630223468e-01,-1.813632450610045632e+00,5.921610411220729731e+00,1.601466767005677895e-03
4.530000000000003468e-01,-9.730629698789623472e-01,-2.868554384928830858e-01,-1.776869686507221990e+00,5.932570026893931647e+00,1.605009834555078162e-03
4.540000000000003477e-01,-9.748214313480459969e-01,-2.809174824736705989e-01,-1.740042651709777344e+00,5.943304449923870969e+00,1.608552902101036087e-03
4.550000000000003486e-01,-9.765430342061219848e-01,-2.749689047751041060e-01,-1.703152688311365681e+00,5.953813327413505441e+00,1.612095969643544298e-03
4.560000000000003495e-01,-9.782277161963224277e-01,-2.690099311160345508e-01,-1.666201140049156315e+00,5.964096313996974708e+00,1.615639037182595205e-03
4.570000000000003504e-01,-9.798754164063233629e-01,-2.630407875569116261e-01,-1.629189352267410573e+00,5.974153071843517182e+00,1.619182104718181001e-03
4.580000000000003513e-01,-9.814860752699332558e-01,-2.570617004922465254e-01,-1.592118671881104675e+00,5.983983270661288323e+00,1.622725172250294315e-03
4.590000000000003522e-01,-9.830596345686459792e-01,-2.510728966430713638e-01,-1.554990447339595239e+00,5.993586587701079438e+00,1.626268239778927340e-03
4.600000000000003531e-01,-9.845960374331566012e-01,-2.450746030493946015e-01,-1.517806028590326761e+00,6.002962707759934347e+00,1.629811307304072704e-03
4.610000000000003539e-01,-9.860952283448417566e-01,-2.390670470626530264e-01,-1.480566767042581944e+00,6.012111323184674561e+00,1.633354374825722599e-03
4.620000000000003548e-01,-9.875571531372031586e-01,-2.330504563381603222e-01,-1.443274015531272214e+00,6.021032133875321435e+00,1.636897442343869654e-03
4.630000000000003557e-01,-9.889817589972751399e-01,-2.270250588275521675e-01,-1.405929128280767992e+00,6.029724847288425060e+00,1.640440509858506063e-03
4.640000000000003566e-01,-9.903689944669959999e-01,-2.209910827712280590e-01,-1.368533460868768703e+00,6.038189178440299010e+00,1.643983577369624235e-03
4.650000000000003575e-01,-9.917188094445434920e-01,-2.149487566907899716e-01,-1.331088370190210313e+00,6.046424849910157384e+00,1.647526644877216799e-03
4.660000000000003584e-01,-9.930311551856338959e-01,-2.088983093814779646e-01,-1.293595214421211059e+00,6.054431591843161264e+00,1.651069712381275948e-03
4.670000000000003593e-01,-9.943059843047851176e-01,-2.028399699046027072e-01,-1.256055352983053153e+00,6.062209141953371905e+00,1.654612779881794093e-03
4.680000000000003602e-01,-9.955432507765440420e-01,-1.967739675799752008e-01,-1.218470146506200225e+00,6.069757245526608891e+00,1.658155847378763644e-03
4.690000000000003610e-01,-9.967429099366774681e-01,-1.907005319783335595e-01,-1.180840956794349195e+00,6.077075655423222145e+00,1.661698914872177012e-03
4.700000000000003619e-01,-9.979049184833276298e-01,-1.846198929137671529e-01,-1.143169146788515889e+00,6.084164132080769782e+00,1.665241982362026607e-03
4.710000000000003628e-01,-9.990292344781314116e-01,-1.785322804361381410e-01,-1.105456080531154406e+00,6.091022443516608043e+00,1.668785049848304841e-03
4.720000000000003637e-01,-1.000115817347304148e+00,-1.724379248235003437e-01,-1.067703123130306242e+00,6.097650365330389732e+00,1.672328117331004123e-03
4.730000000000003646e-01,-1.001164627882686897e+00,-1.663370565745158070e-01,-1.029911640723782940e+00,6.104047680706476520e+00,1.675871184810116864e-03
4.740000000000003655e-01,-1.002175628242758521e+00,-1.602299064008688712e-01,-9.920830004433766058e-01,6.110214180416262408e+00,1.679414252285635475e-03
4.750000000000003664e-01,-1.003148781953611568e+00,-1.541167052196780463e-01,-9.542185703791004059e-01,6.116149662820411059e+00,1.682957319757552367e-03
4.760000000000003673e-01,-1.004084053909893415e+00,-1.479976841459056114e-01,-9.163197195434567011e-01,6.121853933871005182e+00,1.686500387225859949e-03
4.770000000000003681e-01,-1.004981410375709538e+00,-1.418730744847652159e-01,-8.783878178357328315e-01,6.127326807113610663e+00,1.690043454690550416e-03
4.780000000000003690e-01,-1.005840818985493934e+00,-1.357431077241273709e-01,-8.404242360063223227e-01,6.132568103689253647e+00,1.693586522151616395e-03
4.790000000000003699e-01,-1.006662248744841337e+00,-1.296080155269230261e-01,-8.024303456210710728e-01,6.137577652336315914e+00,1.697129589609050297e-03
4.800000000000003708e-01,-1.007445670031305029e+00,-1.234680297235453278e-01,-7.644075190256486296e-01,6.142355289392343209e+00,1.700672657062844316e-03
4.810000000000003717e-01,-1.008191054595159342e+00,-1.173233823042495738e-01,-7.263571293099411186e-01,6.146900858795771860e+00,1.704215724512991078e-03
4.820000000000003726e-01,-1.008898375560125737e+00,-1.111743054115514745e-01,-6.882805502724672619e-01,6.151214212087569244e+00,1.707758791959482778e-03
4.830000000000003735e-01,-1.009567607424063596e+00,-1.050210313326238737e-01,-6.501791563848153821e-01,6.155295208412791652e+00,1.711301859402312043e-03
4.840000000000003744e-01,-1.010198726059625685e+00,-9.886379249169190142e-02,-6.120543227560996113e-01,6.159143714522063995e+00,1.714844926841471067e-03
4.850000000000003753e-01,-1.010791708714877890e+00,-9.270282144242666944e-02,-5.739074250974361968e-01,6.162759604772971578e+00,1.718387994276952477e-03
4.860000000000003761e-01,-1.011346534013883192e+00,-8.653835086033767610e-02,-5.357398396864369028e-01,6.166142761131372829e+00,1.721931061708748467e-03
4.870000000000003770e-01,-1.011863181957250779e+00,-8.037061353516393447e-02,-4.975529433317199546e-01,6.169293073172630315e+00,1.725474129136851447e-03
4.880000000000003779e-01,-1.012341633922649198e+00,-7.419984236326383764e-02,-4.593481133374363035e-01,6.172210438082762707e+00,1.729017196561254046e-03
4.890000000000003788e-01,-1.012781872665284189e+00,-6.802627034000399697e-02,-4.211267274678114347e-01,6.174894760659512372e+00,1.732560263981948456e-03
4.900000000000003797e-01,-1.013183882318341000e+00,-6.185013055214699101e-02,-3.828901639117003874e-01,6.177345953313333915e+00,1.736103331398927089e-03
4.910000000000003806e-01,-1.013547648393391176e+00,-5.567165617023821234e-02,-3.446398012471558747e-01,6.179563936068304564e+00,1.739646398812182354e-03
4.920000000000003815e-01,-1.013873157780764034e+00,-4.949108044099181231e-02,-3.063770184060080060e-01,6.181548636562951948e+00,1.743189466221706663e-03
4.930000000000003824e-01,-1.014160398749883285e+00,-4.330863667967588260e-02,-2.681031946384546116e-01,6.183299990051003725e+00,1.746732533627492426e-03
4.940000000000003832e-01,-1.014409360949566796e+00,-3.712455826249689422e-02,-2.298197094776612825e-01,6.184817939402058151e+00,1.750275601029532271e-03
4.950000000000003841e-01,-1.014620035408292598e+00,-3.093907861898354331e-02,-1.915279427043698468e-01,6.186102435102172947e+00,1.753818668427818174e-03
4.960000000000003850e-01,-1.014792414534428477e+00,-2.475243122437002091e-02,-1.532292743115144240e-01,6.187153435254378664e+00,1.757361735822342763e-03
4.970000000000003859e-01,-1.014926492116426493e+00,-1.856484959197881104e-02,-1.149250844688437523e-01,6.187970905579109449e+00,1.760904803213098448e-03
4.980000000000003868e-01,-1.015022263322981955e+00,-1.237656726560312087e-02,-7.661675348754903858e-02,6.188554819414557429e+00,1.764447870600077640e-03
4.990000000000003877e-01,-1.015079724703157771e+00,-6.187817811888960545e-03,-3.830566178489585444e-02,6.188905157716948935e+00,1.767990937983272750e-03
5.000000000000003331e-01,-1.015098874186471933e+00,1.165187282985147288e-06,6.810151140554387972e-06,6.189021909060738125e+00,1.771534005362676188e-03
5.010000000000003340e-01,-1.015079711082951253e+00,6.190148142415650805e-03,3.831928179723789740e-02,6.188905069638727774e+00,1.775077072738280148e-03
5.020000000000003348e-01,-1.015022236083148899e+00,1.237889746401396943e-02,7.663037263008842803e-02,6.188554643262105692e+00,1.778620140110077257e-03
5.030000000000003357e-01,-1.014926451258126416e+00,1.856717957020324189e-02,1.149387021617604282e-01,6.187970641360406532e+00,1.782163207478059926e-03
5.040000000000003366e-01,-1.014792360059401100e+00,2.475476089434742663e-02,1.532428899750609419e-01,6.187153082981395436e+00,1.785706274842220349e-03
5.050000000000003375e-01,-1.014619967318857174e+00,3.094140789266729141e-02,1.915415557589004170e-01,6.186101994790868197e+00,1.789249342202551152e-03
5.060000000000003384e-01,-1.014409279248622120e+00,3.712688705185829274e-02,2.298333193436607746e-01,6.184817411072378590e+00,1.792792409559044531e-03
5.070000000000003393e-01,-1.014160303440907462e+00,4.331096489670818728e-02,2.681168007365675732e-01,6.183299373726883985e+00,1.796335476911693112e-03
5.080000000000003402e-01,-1.013873048867814708e+00,4.949340799771420607e-02,3.063906201570677501e-01,6.181547932272311030e+00,1.799878544260489089e-03
5.090000000000003411e-01,-1.013547525881104638e+00,5.567398297869979168e-02,3.446533980722132906e-01,6.179563143843045836e+00,1.803421611605425089e-03
5.100000000000003419e-01,-1.013183746211932856e+00,6.185245652443074893e-02,3.829037552320531113e-01,6.177345073189343339e+00,1.806964678946493307e-03
5.110000000000003428e-01,-1.012781722970548248e+00,6.802859538823079200e-02,4.211403127050327710e-01,6.174893792676655835e+00,1.810507746283686152e-03
5.120000000000003437e-01,-1.012341470645957697e+00,7.420216639959639759e-02,4.593616919134040910e-01,6.172209382284883361e+00,1.814050813616996253e-03
5.130000000000003446e-01,-1.011863005105553937e+00,8.037293647181080469e-02,4.975665146686455431e-01,6.169291929607546798e+00,1.817593880946415802e-03
5.140000000000003455e-01,-1.011346343594708763e+00,8.654067260955720930e-02,5.357534032068941299e-01,6.166141529850875713e+00,1.821136948271937211e-03
5.150000000000003464e-01,-1.010791504736330948e+00,9.270514191653099478e-02,5.739209802243900871e-01,6.162758285832822480e+00,1.824680015593552890e-03
5.160000000000003473e-01,-1.010198508530388173e+00,9.886611160305090740e-02,6.120678689129354089e-01,6.159142307981989362e+00,1.828223082911255249e-03
5.170000000000003482e-01,-1.009567376353393664e+00,1.050233489936691494e-01,6.501926929953673051e-01,6.155293714336480981e+00,1.831766150225036700e-03
5.180000000000003491e-01,-1.008898130957857520e+00,1.111766215347802511e-01,6.882940767610473687e-01,6.151212630542670645e+00,1.835309217534889653e-03
5.190000000000003499e-01,-1.008190796471702289e+00,1.173256968022287350e-01,7.263706451013678400e-01,6.146899189853890277e+00,1.838852284840806518e-03
5.200000000000003508e-01,-1.007445398397643688e+00,1.234703425089153511e-01,7.644210235452758573e-01,6.142353533129033316e+00,1.842395352142779706e-03
5.210000000000003517e-01,-1.006661963612534683e+00,1.296103265124018966e-01,8.024438382948165804e-01,6.137575808831080337e+00,1.845938419440801628e-03
5.220000000000003526e-01,-1.005840520366674706e+00,1.357454168225145641e-01,8.404377162606964102e-01,6.132566173025537637e+00,1.849481486734864694e-03
5.230000000000003535e-01,-1.004981098283083574e+00,1.418753816089456110e-01,8.784012850978671905e-01,6.127324789378795877e+00,1.853024554024961315e-03
5.240000000000003544e-01,-1.004083728356738980e+00,1.479999892088534330e-01,9.163331732411326147e-01,6.121851829156407021e+00,1.856567621311083684e-03
5.250000000000003553e-01,-1.003148442953779140e+00,1.541190081344607776e-01,9.542320099407776146e-01,6.116147471221270671e+00,1.860110688593224430e-03
5.260000000000003562e-01,-1.002175275810669453e+00,1.602322070806512511e-01,9.920964252982218401e-01,6.110211902031743136e+00,1.863653755871375961e-03
5.270000000000003570e-01,-1.001164262033333197e+00,1.663393549325636323e-01,1.029925050301697897e+00,6.104045315639658575e+00,1.867196823145530473e-03
5.280000000000003579e-01,-1.000115438096247589e+00,1.724402207731844938e-01,1.067716516861956233e+00,6.097647913688263088e+00,1.870739890415680593e-03
5.290000000000003588e-01,-9.990288418415025351e-01,1.785345738909384083e-01,1.105469457847996884e+00,6.091019905410067103e+00,1.874282957681818731e-03
5.300000000000003597e-01,-9.979045124778250786e-01,1.846221837872762117e-01,1.143182507122828762e+00,6.084161507624606280e+00,1.877826024943937081e-03
5.310000000000003606e-01,-9.967424905795673196e-01,1.907028201842607962e-01,1.180854299579258360e+00,6.077072944736118920e+00,1.881369092202028271e-03
5.320000000000003615e-01,-9.955428180856588094e-01,1.967762530321506276e-01,1.218483471175708877e+00,6.069754448731133678e+00,1.884912159456084493e-03
5.330000000000003624e-01,-9.943055382985228619e-01,2.028422525169808477e-01,1.256068658972068874e+00,6.062206259175969336e+00,1.888455226706098160e-03
5.340000000000003633e-01,-9.930306958829571151e-01,2.089005890681417121e-01,1.293608501165574243e+00,6.054428623214145766e+00,1.891998293952061897e-03
5.350000000000003642e-01,-9.917183368649785669e-01,2.149510333659545025e-01,1.331101637126722359e+00,6.046421795563706070e+00,1.895541361193967900e-03
5.360000000000003650e-01,-9.903685086306319718e-01,2.209933563492446074e-01,1.368546707435219556e+00,6.038186038514443688e+00,1.899084428431808578e-03
5.370000000000003659e-01,-9.889812599247627123e-01,2.270273292229119666e-01,1.405942353915964338e+00,6.029721621925045127e+00,1.902627495665576342e-03
5.380000000000003668e-01,-9.875566408497538085e-01,2.330527234654983515e-01,1.443287219675065014e+00,6.021028823220134996e+00,1.906170562895263603e-03
5.390000000000003677e-01,-9.860947028642265133e-01,2.390693108367519248e-01,1.480579949135894191e+00,6.012107927387231321e+00,1.909713630120862989e-03
5.400000000000003686e-01,-9.845954987817050474e-01,2.450768633851884981e-01,1.517819188075181458e+00,6.002959226973604956e+00,1.913256697342366692e-03
5.410000000000003695e-01,-9.830590827692450295e-01,2.510751534556496245e-01,1.555003583659142707e+00,5.993583022083047496e+00,1.916799764559767123e-03
5.420000000000003704e-01,-9.814855103460262686e-01,2.570639536968576389e-01,1.592131784479650314e+00,5.983979620372542385e+00,1.920342831773056693e-03
5.430000000000003713e-01,-9.798748383819086971e-01,2.630430370689669228e-01,1.629202440590441503e+00,5.974149337048840103e+00,1.923885898982227814e-03
5.440000000000003721e-01,-9.782271250959523323e-01,2.690121768511121170e-01,1.666214203543369576e+00,5.964092494864934757e+00,1.927428966187272894e-03
5.450000000000003730e-01,-9.765424300549013781e-01,2.749711466489523914e-01,1.703165726424695325e+00,5.953809424116447424e+00,1.930972033388184128e-03
5.460000000000003739e-01,-9.748208141716313557e-01,2.809197204022123584e-01,1.740055663891421078e+00,5.943300462637906456e+00,1.934515100584954144e-03
5.470000000000003748e-01,-9.730623397035601529e-01,2.868576723922189875e-01,1.776882672207669156e+00,5.932565955798928314e+00,1.938058167777575351e-03
5.480000000000003757e-01,-9.712670702510229903e-01,2.927847772494348577e-01,1.813645409281103404e+00,5.921606256500299814e+00,1.941601234966040162e-03
5.490000000000003766e-01,-9.694350707556103064e-01,2.987008099609871903e-01,1.850342534699396024e+00,5.910421725169959117e+00,1.945144302150340768e-03
5.500000000000003775e-01,-9.675664074984697827e-01,3.046055458781929959e-01,1.886972709766740142e+00,5.899012729758871920e+00,1.948687369330469798e-03
5.510000000000003784e-01,-9.656611480985712870e-01,3.104987607240800029e-01,1.923534597540409452e+00,5.887379645736804612e+00,1.952230436506419663e-03
5.520000000000003793e-01,-9.637193615109357347e-01,3.163802306009033671e-01,1.960026862867363828e+00,5.875522856087993517e+00,1.955773503678182555e-03
5.530000000000003801e-01,-9.617411180248268687e-01,3.222497319976577734e-01,1.996448172420904443e+00,5.863442751306708445e+00,1.959316570845750886e-03
5.540000000000003810e-01,-9.597264892619066234e-01,3.281070417975854303e-01,2.032797194737376856e+00,5.851139729392707878e+00,1.962859638009117284e-03
5.550000000000003819e-01,-9.576755481743539633e-01,3.339519372856790125e-01,2.069072600252923610e+00,5.838614195846590249e+00,1.966402705168273941e-03
5.560000000000003828e-01,-9.555883690429464172e-01,3.397841961561803292e-01,2.105273061340286578e+00,5.825866563665030640e+00,1.969945772323213485e-03
5.570000000000003837e-01,-9.534650274751049759e-01,3.456035965200737747e-01,2.141397252345661695e+00,5.812897253335910897e+00,1.973488839473928110e-03
5.580000000000003846e-01,-9.513056004029023516e-01,3.514099169125751709e-01,2.177443849625603889e+00,5.799706692833339616e+00,1.977031906620410444e-03
5.590000000000003855e-01,-9.491101660810342677e-01,3.572029363006155589e-01,2.213411531583984626e+00,5.786295317612554889e+00,1.980574973762652680e-03
5.600000000000003864e-01,-9.468788040847534448e-01,3.629824340903194946e-01,2.249298978709002306e+00,5.772663570604717798e+00,1.984118040900647445e-03
5.610000000000003872e-01,-9.446115953077667271e-01,3.687481901344784596e-01,2.285104873610246834e+00,5.758811902211591338e+00,1.987661108034386934e-03
5.620000000000003881e-01,-9.423086219600953495e-01,3.744999847400187765e-01,2.320827901055816600e+00,5.744740770300099442e+00,1.991204175163863339e-03
5.630000000000003890e-01,-9.399699675658975684e-01,3.802375986754639170e-01,2.356466748009492740e+00,5.730450640196770529e+00,1.994747242289069290e-03
5.640000000000003899e-01,-9.375957169612545439e-01,3.859608131783914264e-01,2.392020103667966691e+00,5.715941984682065602e+00,1.998290309409997412e-03
5.650000000000003908e-01,-9.351859562919186963e-01,3.916694099628837411e-01,2.427486659498124588e+00,5.701215283984579330e+00,2.001833376526639900e-03
5.660000000000003917e-01,-9.327407730110250927e-01,3.973631712269735661e-01,2.462865109274388065e+00,5.686271025775129218e+00,2.005376443638988947e-03
5.670000000000003926e-01,-9.302602558767648633e-01,4.030418796600830356e-01,2.498154149116111000e+00,5.671109705160714221e+00,2.008919510747037181e-03
5.680000000000003935e-01,-9.277444949500218696e-01,4.087053184504567671e-01,2.533352477525036228e+00,5.655731824678352559e+00,2.012462577850777229e-03
5.690000000000003944e-01,-9.251935815919711814e-01,4.143532712925888095e-01,2.568458795422807750e+00,5.640137894288796971e+00,2.016005644950201285e-03
5.700000000000003952e-01,-9.226076084616408046e-01,4.199855223946432070e-01,2.603471806188543347e+00,5.624328431370119397e+00,2.019548712045301543e-03
5.710000000000003961e-01,-9.199866695134352179e-01,4.256018564858679021e-01,2.638390215696464480e+00,5.608303960711170433e+00,2.023091779136070630e-03
5.720000000000003970e-01,-9.173308599946212727e-01,4.312020588240024210e-01,2.673212732353587473e+00,5.592065014504906451e+00,2.026634846222500740e-03
5.730000000000003979e-01,-9.146402764427767895e-01,4.367859152026784542e-01,2.707938067137474203e+00,5.575612132341589700e+00,2.030177913304584501e-03
5.740000000000003988e-01,-9.119150166832010740e-01,4.423532119588136635e-01,2.742564933634040969e+00,5.558945861201854299e+00,2.033720980382314105e-03
5.750000000000003997e-01,-9.091551798262873518e-01,4.479037359799986073e-01,2.777092048075431752e+00,5.542066755449639004e+00,2.037264047455682181e-03
5.760000000000004006e-01,-9.063608662648580117e-01,4.534372747118765035e-01,2.811518129377950093e+00,5.524975376824984075e+00,2.040807114524680922e-03
5.770000000000004015e-01,-9.035321776714609898e-01,4.589536161655155544e-01,2.845841899180052259e+00,5.507672294436691374e+00,2.044350181589302956e-03
5.780000000000004023e-01,-9.006692169956290739e-01,4.644525489247740002e-01,2.880062081880403912e+00,5.490158084754850343e+00,2.047893248649540476e-03
5.790000000000004032e-01,-8.977720884611003482e-01,4.699338621536577332e-01,2.914177404675998062e+00,5.472433331603217432e+00,2.051436315705386110e-03
5.800000000000004041e-01,-8.948408975630006701e-01,4.753973456036699186e-01,2.948186597600335634e+00,5.454498626151459639e+00,2.054979382756832052e-03
5.810000000000004050e-01,-8.918757510649883979e-01,4.808427896211531771e-01,2.982088393561667772e+00,5.436354566907255048e+00,2.058522449803870929e-03
5.820000000000004059e-01,-8.888767569963602622e-01,4.862699851546233298e-01,3.015881528381302523e+00,5.418001759708246823e+00,2.062065516846494934e-03
5.830000000000004068e-01,-8.858440246491190440e-01,4.916787237620954820e-01,3.049564740831975040e+00,5.399440817713851537e+00,2.065608583884696696e-03
5.840000000000004077e-01,-8.827776645750032847e-01,4.970687976184016144e-01,3.083136772676279946e+00,5.380672361396922732e+00,2.069151650918468408e-03
5.850000000000004086e-01,-8.796777885824776932e-01,5.024399995224997362e-01,3.116596368705167208e+00,5.361697018535261705e+00,2.072694717947802263e-03
5.860000000000004095e-01,-8.765445097336860281e-01,5.077921229047743790e-01,3.149942276776504624e+00,5.342515424202982643e+00,2.076237784972690889e-03
5.870000000000004103e-01,-8.733779423413645659e-01,5.131249618343289853e-01,3.183173247853700705e+00,5.323128220761719653e+00,2.079780851993126914e-03
5.880000000000004112e-01,-8.701782019657172684e-01,5.184383110262683614e-01,3.216288036044393728e+00,5.303536057851683694e+00,2.083323919009102531e-03
5.890000000000004121e-01,-8.669454054112520902e-01,5.237319658489733021e-01,3.249285398639205180e+00,5.283739592382562300e+00,2.086866986020610368e-03
5.900000000000004130e-01,-8.636796707235788739e-01,5.290057223313650026e-01,3.282164096150557597e+00,5.263739488524262100e+00,2.090410053027642618e-03
5.910000000000004139e-01,-8.603811171861679430e-01,5.342593771701606986e-01,3.314922892351555461e+00,5.243536417697494123e+00,2.093953120030191475e-03
5.920000000000004148e-01,-8.570498653170697256e-01,5.394927277371199814e-01,3.347560554314932268e+00,5.223131058564195683e+00,2.097496187028249567e-03
5.930000000000004157e-01,-8.536860368655960762e-01,5.447055720862807870e-01,3.380075852452061547e+00,5.202524097017791505e+00,2.101039254021809088e-03
5.940000000000004166e-01,-8.502897548089618507e-01,5.498977089611861713e-01,3.412467560552031376e+00,5.181716226173289641e+00,2.104582321010862664e-03
5.950000000000004174e-01,-8.468611433488875129e-01,5.550689378021007592e-01,3.444734455820786412e+00,5.160708146357212200e+00,2.108125387995402923e-03
5.960000000000004183e-01,-8.434003279081629945e-01,5.602190587532170918e-01,3.476875318920330304e+00,5.139500565097358198e+00,2.111668454975421626e-03
5.970000000000004192e-01,-8.399074351271716976e-01,5.653478726698520918e-01,3.508888934007995619e+00,5.118094197112397659e+00,2.115211521950911833e-03
5.980000000000004201e-01,-8.363825928603757509e-01,5.704551811256320937e-01,3.540774088775777706e+00,5.096489764301293413e+00,2.118754588921865738e-03
5.990000000000004210e-01,-8.328259301727614083e-01,5.755407864196683265e-01,3.572529574489731186e+00,5.074687995732549695e+00,2.122297655888275535e-03
6.000000000000004219e-01,-8.292375773362455904e-01,5.806044915837205167e-01,3.604154186029431717e+00,5.052689627633286662e+00,2.125840722850133851e-03
6.010000000000004228e-01,-8.256176658260422352e-01,5.856461003893502770e-01,3.635646721927501712e+00,5.030495403378138164e+00,2.129383789807432880e-03
6.020000000000004237e-01,-8.219663283169897916e-01,5.906654173550630604e-01,3.667005984409200003e+00,5.008106073477969211e+00,2.132926856760165250e-03
6.030000000000004245e-01,-8.182836986798384116e-01,5.956622477534383453e-01,3.698230779432073234e+00,4.985522395568417586e+00,2.136469923708323154e-03
6.040000000000004254e-01,-8.145699119774981733e-01,6.006363976182488296e-01,3.729319916725673867e+00,4.962745134398248048e+00,2.140012990651898785e-03
6.050000000000004263e-01,-8.108251044612470038e-01,6.055876737515677455e-01,3.760272209831337253e+00,4.939775061817526236e+00,2.143556057590885206e-03
6.060000000000004272e-01,-8.070494135668990765e-01,6.105158837308639619e-01,3.791086476142024431e+00,4.916612956765603393e+00,2.147099124525274176e-03
6.070000000000004281e-01,-8.032429779109329093e-01,6.154208359160850961e-01,3.821761536942226201e+00,4.893259605258916345e+00,2.150642191455058323e-03
6.080000000000004290e-01,-7.994059372865803814e-01,6.203023394567288573e-01,3.852296217447928939e+00,4.869715800378596526e+00,2.154185258380230273e-03
6.090000000000004299e-01,-7.955384326598748945e-01,6.251602042989011787e-01,3.882689346846642575e+00,4.845982342257886266e+00,2.157728325300782221e-03
6.100000000000004308e-01,-7.916406061656597881e-01,6.299942411923618035e-01,3.912939758337490304e+00,4.822060038069364118e+00,2.161271392216706794e-03
6.110000000000004317e-01,-7.877126011035568975e-01,6.348042616975573260e-01,3.943046289171358243e+00,4.797949702011973017e+00,2.164814459127996187e-03
6.120000000000004325e-01,-7.837545619338943670e-01,6.395900781926411316e-01,3.973007780691105495e+00,4.773652155297849475e+00,2.168357526034642591e-03
6.130000000000004334e-01,-7.797666342735948275e-01,6.443515038804797923e-01,4.002823078371836374e+00,4.749168226138957394e+00,2.171900592936638636e-03
6.140000000000004343e-01,-7.757489648920228298e-01,6.490883527956459176e-01,4.032491031861226816e+00,4.724498749733518466e+00,2.175443659833976948e-03
6.150000000000004352e-01,-7.717017017067920870e-01,6.538004398113979043e-01,4.062010495019917400e+00,4.699644568252237420e+00,2.178986726726649288e-03
6.160000000000004361e-01,-7.676249937795325273e-01,6.584875806466452541e-01,4.091380325961957887e+00,4.674606530824326533e+00,2.182529793614648717e-03
6.170000000000004370e-01,-7.635189913116162685e-01,6.631495918729000127e-01,4.120599387095312593e+00,4.649385493523318758e+00,2.186072860497967427e-03
6.180000000000004379e-01,-7.593838456398437353e-01,6.677862909212138876e-01,4.149666545162423503e+00,4.623982319352674786e+00,2.189615927376597614e-03
6.190000000000004388e-01,-7.552197092320885874e-01,6.723974960891009323e-01,4.178580671280825776e+00,4.598397878231178737e+00,2.193158994250531905e-03
6.200000000000004396e-01,-7.510267356829026797e-01,6.769830265474455766e-01,4.207340640983826319e+00,4.572633046978118010e+00,2.196702061119762493e-03
6.210000000000004405e-01,-7.468050797090795001e-01,6.815427023473955570e-01,4.235945334261230322e+00,4.546688709298249975e+00,2.200245127984282005e-03
6.220000000000004414e-01,-7.425548971451775282e-01,6.860763444272395262e-01,4.264393635600127297e+00,4.520565755766554616e+00,2.203788194844082636e-03
6.230000000000004423e-01,-7.382763449390026267e-01,6.905837746192701188e-01,4.292684434025725970e+00,4.494265083812761574e+00,2.207331261699157013e-03
6.240000000000004432e-01,-7.339695811470492437e-01,6.950648156566302527e-01,4.320816623142246904e+00,4.467787597705663138e+00,2.210874328549497763e-03
6.250000000000004441e-01,-7.296347649299010918e-01,6.995192911801446645e-01,4.348789101173864857e+00,4.441134208537196315e+00,2.214417395395096647e-03
6.260000000000004450e-01,-7.252720565475906378e-01,7.039470257451349022e-01,4.376600771005700885e+00,4.414305834206309953e+00,2.217960462235946291e-03
6.270000000000004459e-01,-7.208816173549176254e-01,7.083478448282182205e-01,4.404250540224867727e+00,4.387303399402594728e+00,2.221503529072039324e-03
6.280000000000004468e-01,-7.164636097967266304e-01,7.127215748340897106e-01,4.431737321161562271e+00,4.360127835589690193e+00,2.225046595903367938e-03
6.290000000000004476e-01,-7.120181974031432048e-01,7.170680431022882217e-01,4.459060030930207752e+00,4.332780080988460014e+00,2.228589662729924762e-03
6.300000000000004485e-01,-7.075455447847694979e-01,7.213870779139450740e-01,4.486217591470641253e+00,4.305261080559930065e+00,2.232132729551701989e-03
6.310000000000004494e-01,-7.030458176278375770e-01,7.256785084985153400e-01,4.513208929589352714e+00,4.277571785987996478e+00,2.235675796368692247e-03
6.320000000000004503e-01,-6.985191826893227818e-01,7.299421650404921413e-01,4.540032977000763914e+00,4.249713155661894781e+00,2.239218863180887729e-03
6.330000000000004512e-01,-6.939658077920146662e-01,7.341778786861032913e-01,4.566688670368552749e+00,4.221686154658426560e+00,2.242761929988280629e-03
6.340000000000004521e-01,-6.893858618195473076e-01,7.383854815499895086e-01,4.593174951347024582e+00,4.193491754723950748e+00,2.246304996790863574e-03
6.350000000000004530e-01,-6.847795147113879821e-01,7.425648067218650894e-01,4.619490766622520894e+00,4.165130934256126238e+00,2.249848063588629193e-03
6.360000000000004539e-01,-6.801469374577842064e-01,7.467156882731599277e-01,4.645635067954874131e+00,4.136604678285411119e+00,2.253391130381569678e-03
6.370000000000004547e-01,-6.754883020946697014e-01,7.508379612636431055e-01,4.671606812218895399e+00,4.107913978456316784e+00,2.256934197169677223e-03
6.380000000000004556e-01,-6.708037816985286117e-01,7.549314617480271661e-01,4.697404961445908356e+00,4.079059833008408020e+00,2.260477263952944457e-03
6.390000000000004565e-01,-6.660935503812180913e-01,7.589960267825538454e-01,4.723028482865315070e+00,4.050043246757056181e+00,2.264020330731364005e-03
6.400000000000004574e-01,-6.613577832847495896e-01,7.630314944315599313e-01,4.748476348946200076e+00,4.020865231073934787e+00,2.267563397504928063e-03
6.410000000000004583e-01,-6.565966565760282814e-01,7.670377037740239157e-01,4.773747537438969069e+00,3.991526803867261997e+00,2.271106464273628823e-03
6.420000000000004592e-01,-6.518103474415508636e-01,7.710144949100924405e-01,4.798841031417020453e+00,3.962028989561786840e+00,2.274649531037458913e-03
6.430000000000004601e-01,-6.469990340820619412e-01,7.749617089675867598e-01,4.823755819318447990e+00,3.932372819078512549e+00,2.278192597796410528e-03
6.440000000000004610e-01,-6.421628957071680022e-01,7.788791881084885516e-01,4.848490894987778077e+00,3.902559329814159650e+00,2.281735664550476293e-03
6.450000000000004619e-01,-6.373021125299106471e-01,7.827667755354056345e-01,4.873045257717731005e+00,3.872589565620366159e+00,2.285278731299648404e-03
6.460000000000004627e-01,-6.324168657612970756e-01,7.866243154980159247e-01,4.897417912291012421e+00,3.842464576782620878e+00,2.288821798043919487e-03
6.470000000000004636e-01,-6.275073376047893836e-01,7.904516532994910749e-01,4.921607869022131432e+00,3.812185419998930236e+00,2.292364864783281737e-03
6.480000000000004645e-01,-6.225737112507518933e-01,7.942486353028979096e-01,4.945614143799241802e+00,3.781753158358214240e+00,2.295907931517727780e-03
6.490000000000004654e-01,-6.176161708708565179e-01,7.980151089375785434e-01,4.969435758126008018e+00,3.751168861318431968e+00,2.299450998247249810e-03
6.500000000000004663e-01,-6.126349016124462699e-01,8.017509227055082954e-01,4.993071739163490008e+00,3.720433604684431295e+00,2.302994064971840456e-03
6.510000000000004672e-01,-6.076300895928569146e-01,8.054559261876316212e-01,5.016521119772051840e+00,3.689548470585525042e+00,2.306537131691491910e-03
6.520000000000004681e-01,-6.026019218936967681e-01,8.091299700501749514e-01,5.039782938553282854e+00,3.658514547452788701e+00,2.310080198406196800e-03
6.530000000000004690e-01,-5.975505865550845286e-01,8.127729060509369940e-01,5.062856239891941890e+00,3.627332929996077926e+00,2.313623265115947319e-03
6.540000000000004698e-01,-5.924762725698449195e-01,8.163845870455562759e-01,5.085740073997908617e+00,3.596004719180764919e+00,2.317166331820736096e-03
6.550000000000004707e-01,-5.873791698776628101e-01,8.199648669937544820e-01,5.108433496948154406e+00,3.564531022204190158e+00,2.320709398520555324e-03
6.560000000000004716e-01,-5.822594693591951476e-01,8.235136009655568134e-01,5.130935570728721196e+00,3.532912952471830348e+00,2.324252465215397197e-03
6.570000000000004725e-01,-5.771173628301405900e-01,8.270306451474878084e-01,5.153245363276708346e+00,3.501151629573176383e+00,2.327795531905254341e-03
6.580000000000004734e-01,-5.719530430352679495e-01,8.305158568487435167e-01,5.175361948522271049e+00,3.469248179257324427e+00,2.331338598590119385e-03
6.590000000000004743e-01,-5.667667036424016702e-01,8.339690945073384709e-01,5.197284406430618731e+00,3.437203733408272566e+00,2.334881665269984523e-03
6.600000000000004752e-01,-5.615585392363660056e-01,8.373902176962283450e-01,5.219011823044021448e+00,3.405019430019927462e+00,2.338424731944841947e-03
6.610000000000004761e-01,-5.563287453128868965e-01,8.407790871294070767e-01,5.240543290523813624e+00,3.372696413170811702e+00,2.341967798614684286e-03
6.620000000000004770e-01,-5.510775182724518828e-01,8.441355646679788993e-01,5.261877907192401338e+00,3.340235832998476706e+00,2.345510865279504167e-03
6.630000000000004778e-01,-5.458050554141281596e-01,8.474595133262042834e-01,5.283014777575266052e+00,3.307638845673616768e+00,2.349053931939293783e-03
6.640000000000004787e-01,-5.405115549293383337e-01,8.507507972775200100e-01,5.303953012442960357e+00,3.274906613373878894e+00,2.352596998594045329e-03
6.650000000000004796e-01,-5.351972158955944359e-01,8.540092818605330427e-01,5.324691728853100159e+00,3.242040304257373329e+00,2.356140065243751431e-03
6.660000000000004805e-01,-5.298622382701897449e-01,8.572348335849874212e-01,5.345230050192347981e+00,3.209041092435876763e+00,2.359683131888404284e-03
6.670000000000004814e-01,-5.245068228838490887e-01,8.604273201377046210e-01,5.365567106218382953e+00,3.175910157947729573e+00,2.363226198527996515e-03
6.680000000000004823e-01,-5.191311714343365136e-01,8.635866103884962675e-01,5.385702033101860131e+00,3.142648686730425744e+00,2.366769265162520751e-03
6.690000000000004832e-01,-5.137354864800214305e-01,8.667125743960495399e-01,5.405633973468352060e+00,3.109257870592890605e+00,2.370312331791968753e-03
6.700000000000004841e-01,-5.083199714334027952e-01,8.698050834137845966e-01,5.425362076440271686e+00,3.075738907187446802e+00,2.373855398416333581e-03
6.710000000000004849e-01,-5.028848305545912112e-01,8.728640098956839122e-01,5.444885497678777497e+00,3.042092999981467205e+00,2.377398465035606995e-03
6.720000000000004858e-01,-4.974302689447493431e-01,8.758892275020927487e-01,5.464203399425657359e+00,3.008321358228711162e+00,2.380941531649782058e-03
6.730000000000004867e-01,-4.919564925394902533e-01,8.788806111054913162e-01,5.483314950545180366e+00,2.974425196940344129e+00,2.384484598258850528e-03
6.740000000000004876e-01,-4.864637081022341603e-01,8.818380367962376232e-01,5.502219326565930047e+00,2.940405736855635777e+00,2.388027664862805467e-03
6.750000000000004885e-01,-4.809521232175230088e-01,8.847613818882804626e-01,5.520915709722601150e+00,2.906264204412340568e+00,2.391570731461638635e-03
6.760000000000004894e-01,-4.754219462842937394e-01,8.876505249248434204e-01,5.539403288997767127e+00,2.872001831716751941e+00,2.395113798055342660e-03
6.770000000000004903e-01,-4.698733865091092032e-01,8.905053456840777981e-01,5.557681260163612080e+00,2.837619856513434513e+00,2.398656864643910168e-03
6.780000000000004912e-01,-4.643066538993480541e-01,8.933257251846860036e-01,5.575748825823624522e+00,2.803119522154629450e+00,2.402199931227333354e-03
6.790000000000004921e-01,-4.587219592563523407e-01,8.961115456915135224e-01,5.593605195454252055e+00,2.768502077569330311e+00,2.405742997805604844e-03
6.800000000000004929e-01,-4.531195141685339101e-01,8.988626907211104688e-01,5.611249585446514310e+00,2.733768777232032932e+00,2.409286064378716834e-03
6.810000000000004938e-01,-4.474995310044389552e-01,9.015790450472607187e-01,5.628681219147567028e+00,2.698920881131149585e+00,2.412829130946661516e-03
6.820000000000004947e-01,-4.418622229057711515e-01,9.042604947064805110e-01,5.645899326902221738e+00,2.663959654737094951e+00,2.416372197509431517e-03
6.830000000000004956e-01,-4.362078037803732156e-01,9.069069270034839647e-01,5.662903146094411255e+00,2.628886368970034582e+00,2.419915264067019466e-03
6.840000000000004965e-01,-4.305364882951671635e-01,9.095182305166166215e-01,5.679691921188606329e+00,2.593702300167297636e+00,2.423458330619417556e-03
6.850000000000004974e-01,-4.248484918690530465e-01,9.120942951032562362e-01,5.696264903771169230e+00,2.558408730050454771e+00,2.427001397166617981e-03
6.860000000000004983e-01,-4.191440306657663317e-01,9.146350119051805949e-01,5.712621352591654933e+00,2.523006945692052749e+00,2.430544463708613368e-03
6.870000000000004992e-01,-4.134233215866942035e-01,9.171402733539012475e-01,5.728760533604046579e+00,2.487498239482012430e+00,2.434087530245396345e-03
6.880000000000005000e-01,-4.076865822636504544e-01,9.196099731759644902e-01,5.744681720007924319e+00,2.451883909093683034e+00,2.437630596776959105e-03
6.890000000000005009e-01,-4.019340310516094084e-01,9.220440063982172640e-01,5.760384192289571104e+00,2.416165257449551351e+00,2.441173663303293842e-03
6.900000000000005018e-01,-3.961658870213986550e-01,9.244422693530391921e-01,5.775867238263003856e+00,2.380343592686609888e+00,2.444716729824393184e-03
6.910000000000005027e-01,-3.903823699523507607e-01,9.268046596835395334e-01,5.791130153110931822e+00,2.344420228121374183e+00,2.448259796340249324e-03
6.920000000000005036e-01,-3.845837003249142905e-01,9.291310763487190538e-01,5.806172239425636761e+00,2.308396482214555956e+00,2.451802862850854890e-03
6.930000000000005045e-01,-3.787700993132236960e-01,9.314214196285967029e-01,5.820992807249775858e+00,2.272273678535384533e+00,2.455345929356202075e-03
6.940000000000005054e-01,-3.729417887776286245e-01,9.336755911292997645e-01,5.835591174117098490e+00,2.236053145725579228e+00,2.458888995856283507e-03
6.950000000000005063e-01,-3.670989912571824831e-01,9.358934937881183691e-01,5.849966665093080387e+00,2.199736217462969989e+00,2.462432062351091380e-03
6.960000000000005071e-01,-3.612419299620904245e-01,9.380750318785232578e-01,5.864118612815462761e+00,2.163324232424764126e+00,2.465975128840618320e-03
6.970000000000005080e-01,-3.553708287661169196e-01,9.402201110151465757e-01,5.878046357534706168e+00,2.126818534250458193e+00,2.469518195324856523e-03
6.980000000000005089e-01,-3.494859121989527528e-01,9.423286381587255844e-01,5.891749247154340452e+00,2.090220471504396382e+00,2.473061261803798615e-03
6.990000000000005098e-01,-3.435874054385419374e-01,9.444005216210085152e-01,5.905226637271222323e+00,2.053531397637970546e+00,2.476604328277436790e-03
7.000000000000005107e-01,-3.376755343033681078e-01,9.464356710696226749e-01,5.918477891215688125e+00,2.016752670951461379e+00,2.480147394745763675e-03
7.010000000000005116e-01,-3.317505252447012776e-01,9.484339975329041383e-01,5.931502380091598248e+00,1.979885654555522123e+00,2.483690461208771464e-03
7.020000000000005125e-01,-3.258126053388040733e-01,9.503954134046884716e-01,5.944299482816277624e+00,1.942931716332302106e+00,2.487233527666452351e-03
7.030000000000005134e-01,-3.198620022790985562e-01,9.523198324490629307e-01,5.956868586160338985e+00,1.905892228896207019e+00,2.490776594118798964e-03
7.040000000000005143e-01,-3.138989443682929092e-01,9.542071698050788031e-01,5.969209084787392428e+00,1.868768569554298598e+00,2.494319660565803929e-03
7.050000000000005151e-01,-3.079236605104687108e-01,9.560573419914240034e-01,5.981320381293636856e+00,1.831562120266329918e+00,2.497862727007459441e-03
7.060000000000005160e-01,-3.019363802031286292e-01,9.578702669110559231e-01,5.993201886247326193e+00,1.794274267604416551e+00,2.501405793443758126e-03
7.070000000000005169e-01,-2.959373335292046492e-01,9.596458638557933130e-01,6.004853018228108574e+00,1.756906402712341775e+00,2.504948859874692180e-03
7.080000000000005178e-01,-2.899267511490271065e-01,9.613840535108673091e-01,6.016273203866239427e+00,1.719459921264496538e+00,2.508491926300253794e-03
7.090000000000005187e-01,-2.839048642922544219e-01,9.630847579594316032e-01,6.027461877881657770e+00,1.681936223424450816e+00,2.512034992720435598e-03
7.100000000000005196e-01,-2.778719047497639760e-01,9.647479006870305351e-01,6.038418483122928393e+00,1.644336713803157712e+00,2.515578059135229784e-03
7.110000000000005205e-01,-2.718281048655042387e-01,9.663734065860256628e-01,6.049142470606039268e+00,1.606662801416788522e+00,2.519121125544628980e-03
7.120000000000005214e-01,-2.657736975283077063e-01,9.679612019599794781e-01,6.059633299553057739e+00,1.568915899644197642e+00,2.522664191948625814e-03
7.130000000000005222e-01,-2.597089161636658150e-01,9.695112145279970450e-01,6.069890437430638386e+00,1.531097426184017118e+00,2.526207258347212478e-03
7.140000000000005231e-01,-2.536339947254650506e-01,9.710233734290236729e-01,6.079913359988379007e+00,1.493208803011380370e+00,2.529750324740381168e-03
7.150000000000005240e-01,-2.475491676876848957e-01,9.724976092261000682e-01,6.089701551297017623e+00,1.455251456334273108e+00,2.533293391128124510e-03
7.160000000000005249e-01,-2.414546700360576670e-01,9.739338539105728554e-01,6.099254503786478487e+00,1.417226816549512325e+00,2.536836457510434698e-03
7.170000000000005258e-01,-2.353507372596903569e-01,9.753320409062615770e-01,6.108571718283744900e+00,1.379136318198352029e+00,2.540379523887304359e-03
7.180000000000005267e-01,-2.292376053426487537e-01,9.766921050735803966e-01,6.117652704050573043e+00,1.340981399921715278e+00,2.543922590258725688e-03
7.190000000000005276e-01,-2.231155107555038430e-01,9.780139827136157260e-01,6.126496978821031725e+00,1.302763504415051177e+00,2.547465656624691311e-03
7.200000000000005285e-01,-2.169846904468408222e-01,9.792976115721575558e-01,6.135104068838867164e+00,1.264484078382817733e+00,2.551008722985193423e-03
7.210000000000005294e-01,-2.108453818347307829e-01,9.805429308436857117e-01,6.143473508894690127e+00,1.226144572492589235e+00,2.554551789340224650e-03
7.220000000000005302e-01,-2.046978227981653686e-01,9.817498811753100352e-01,6.151604842362980996e+00,1.187746441328788372e+00,2.558094855689777188e-03
7.230000000000005311e-01,-1.985422516684544336e-01,9.829184046706636035e-01,6.159497621238907428e+00,1.149291143346041100e+00,2.561637922033843662e-03
7.240000000000005320e-01,-1.923789072205870365e-01,9.840484448937497630e-01,6.167151406174951944e+00,1.110780140822156259e+00,2.565180988372416267e-03
7.250000000000005329e-01,-1.862080286645559635e-01,9.851399468727416453e-01,6.174565766517347676e+00,1.072214899810728372e+00,2.568724054705487196e-03
7.260000000000005338e-01,-1.800298556366457525e-01,9.861928571037337221e-01,6.181740280342308935e+00,1.033596890093362086e+00,2.572267121033049077e-03
7.270000000000005347e-01,-1.738446281906847191e-01,9.872071235544461754e-01,6.188674534492067281e+00,9.949275851315215746e-01,2.575810187355094538e-03
7.280000000000005356e-01,-1.676525867892609822e-01,9.881826956678803064e-01,6.195368124610695304e+00,9.562084620180009154e-01,2.579353253671615772e-03
7.290000000000005365e-01,-1.614539722949028533e-01,9.891195243659256509e-01,6.201820655179723474e+00,9.174410014280176551e-01,2.582896319982605406e-03
7.300000000000005373e-01,-1.552490259612236134e-01,9.900175620529174658e-01,6.208031739553539374e+00,8.786266875699285661e-01,2.586439386288055635e-03
7.310000000000005382e-01,-1.490379894240310421e-01,9.908767626191453681e-01,6.214000999994569341e+00,8.397670081355681493e-01,2.589982452587958651e-03
7.320000000000005391e-01,-1.428211046924019179e-01,9.916970814443117899e-01,6.219728067708237162e+00,8.008634542502091058e-01,2.593525518882307083e-03
7.330000000000005400e-01,-1.365986141397216025e-01,9.924784754009399190e-01,6.225212582877696299e+00,7.619175204221457776e-01,2.597068585171093125e-03
7.340000000000005409e-01,-1.303707604946890697e-01,9.932209028577319021e-01,6.230454194698326731e+00,7.229307044918994452e-01,2.600611651454309402e-03
7.350000000000005418e-01,-1.241377868322875028e-01,9.939243236828749772e-01,6.235452561412000883e+00,6.839045075810471497e-01,2.604154717731948544e-03
7.360000000000005427e-01,-1.178999365647207809e-01,9.945886992472972032e-01,6.240207350341107961e+00,6.448404340406724833e-01,2.607697784004002744e-03
7.370000000000005436e-01,-1.116574534323160478e-01,9.952139924278706751e-01,6.244718237922332271e+00,6.057399913994404583e-01,2.611240850270464195e-03
7.380000000000005445e-01,-1.054105814943926411e-01,9.958001676105633360e-01,6.248984909740184612e+00,5.666046903112951227e-01,2.614783916531325525e-03
7.390000000000005453e-01,-9.915956512009758972e-02,9.963471906935376099e-01,6.253007060560280550e+00,5.274360445027810318e-01,2.618326982786578928e-03
7.400000000000005462e-01,-9.290464897920799880e-02,9.968550290901968536e-01,6.256784394362363777e+00,4.882355707199891870e-01,2.621870049036217031e-03
7.410000000000005471e-01,-8.664607803290047539e-02,9.973236517321778516e-01,6.260316624373061245e+00,4.490047886751271089e-01,2.625413115280232027e-03
7.420000000000005480e-01,-8.038409752448805179e-02,9.977530290722904649e-01,6.263603473098381613e+00,4.097452209927143207e-01,2.628956181518616545e-03
7.430000000000005489e-01,-7.411895297012457973e-02,9.981431330874024344e-01,6.266644672355935697e+00,3.704583931554030207e-01,2.632499247751362778e-03
7.440000000000005498e-01,-6.785089014947720543e-02,9.984939372812707825e-01,6.269439963306886021e+00,3.311458334494253863e-01,2.636042313978463354e-03
7.450000000000005507e-01,-6.158015509636691198e-02,9.988054166873174822e-01,6.271989096487618376e+00,2.918090729096672886e-01,2.639585380199910465e-03
7.460000000000005516e-01,-5.530699408937760769e-02,9.990775478713506130e-01,6.274291831841125600e+00,2.524496452643696931e-01,2.643128446415696740e-03
7.470000000000005524e-01,-4.903165364243391999e-02,9.993103089342302292e-01,6.276347938748108035e+00,2.130690868794581361e-01,2.646671512625814373e-03
7.480000000000005533e-01,-4.275438049534809049e-02,9.995036795144777164e-01,6.278157196057779998e+00,1.736689367025012753e-01,2.650214578830255990e-03
7.490000000000005542e-01,-3.647542160433615149e-02,9.996576407908294160e-01,6.279719392118376931e+00,1.342507362062994036e-01,2.653757645029013786e-03
7.500000000000005551e-01,-3.019502413250379699e-02,9.997721754847332942e-01,6.281034324807365898e+00,9.481602933210345197e-02,2.657300711222079954e-03
7.510000000000005560e-01,-2.391343544030216650e-02,9.998472678627891019e-01,6.282101801561346122e+00,5.536636243246589179e-02,2.660843777409447122e-03
7.520000000000005569e-01,-1.763090307595388539e-02,9.998829037391308017e-01,6.282921639405643077e+00,1.590328421372418088e-02,2.664386843591107917e-03
7.530000000000005578e-01,-1.134767476584968085e-02,9.998790704777514859e-01,6.283493664983584637e+00,-2.357165432188195603e-02,2.667929909767054533e-03
7.540000000000005587e-01,-5.063998404915875245e-03,9.998357569947702306e-01,6.283817714585458347e+00,-6.305689993445845465e-02,2.671472975937279164e-03
7.550000000000005596e-01,1.219877953046926387e-03,9.997529537606404393e-01,6.283893634177147192e+00,-1.025508972050687972e-01,2.675016042101774436e-03
7.560000000000005604e-01,7.503706105053603581e-03,9.996306528022993465e-01,6.283721279428434947e+00,-1.420520885947086642e-01,2.678559108260532978e-03
7.570000000000005613e-01,1.378723770865244308e-02,9.994688477052585673e-01,6.283300515740979364e+00,-1.815589145036420882e-01,2.682102174413546983e-03
7.580000000000005622e-01,2.007022429167085176e-02,9.992675336156349175e-01,6.282631218275948726e+00,-2.210698133310978197e-01,2.685645240560808646e-03
7.590000000000005631e-01,2.635241726198854842e-02,9.990267072421215033e-01,6.281713271981312907e+00,-2.605832215353244274e-01,2.689188306702310592e-03
7.600000000000005640e-01,3.263356791733786760e-02,9.987463668578985265e-01,6.280546571618792484e+00,-3.000975736940026395e-01,2.692731372838045017e-03
7.610000000000005649e-01,3.891342745513082929e-02,9.984265123024834709e-01,6.279131021790455236e+00,-3.396113025650137618e-01,2.696274438968004547e-03
7.620000000000005658e-01,4.519174698231265275e-02,9.980671449835204490e-01,6.277466536964954713e+00,-3.791228391475620074e-01,2.699817505092181810e-03
7.630000000000005667e-01,5.146827752524128774e-02,9.976682678785080416e-01,6.275553041503411755e+00,-4.186306127436499325e-01,2.703360571210568566e-03
7.640000000000005675e-01,5.774277003959270294e-02,9.972298855364657433e-01,6.273390469684928306e+00,-4.581330510199044803e-01,2.706903637323157877e-03
7.650000000000005684e-01,6.401497542029144228e-02,9.967520040795381231e-01,6.270978765731733517e+00,-4.976285800697525796e-01,2.710446703429941501e-03
7.660000000000005693e-01,7.028464451146618219e-02,9.962346312045369245e-01,6.268317883833956827e+00,-5.371156244759438536e-01,2.713989769530912501e-03
7.670000000000005702e-01,7.655152811642985944e-02,9.956777761844203267e-01,6.265407788174019998e+00,-5.765926073734193302e-01,2.717532835626062637e-03
7.680000000000005711e-01,8.281537700768398791e-02,9.950814498697091448e-01,6.262248452950645472e+00,-6.160579505125237665e-01,2.721075901715384968e-03
7.690000000000005720e-01,8.907594193694683138e-02,9.944456646898396368e-01,6.258839862402481913e+00,-6.555100743225594773e-01,2.724618967798871257e-03
7.700000000000005729e-01,9.533297364520494643e-02,9.937704346544526945e-01,6.255182010831331851e+00,-6.949473979756802811e-01,2.728162033876514129e-03
7.710000000000005738e-01,1.015862228727878180e-01,9.930557753546189748e-01,6.251274902624984087e+00,-7.343683394511226759e-01,2.731705099948306213e-03
7.720000000000005747e-01,1.078354403694650465e-01,9.923017039639993042e-01,6.247118552279647297e+00,-7.737713155997729686e-01,2.735248166014239701e-03
7.730000000000005755e-01,1.140803769045658639e-01,9.915082392399409139e-01,6.242712984421972422e+00,-8.131547422090671384e-01,2.738791232074307223e-03
7.740000000000005764e-01,1.203207832771203967e-01,9.906754015245080591e-01,6.238058233830670041e+00,-8.525170340682222125e-01,2.742334298128500970e-03
7.750000000000005773e-01,1.265564103260223838e-01,9.898032127454475804e-01,6.233154345457706746e+00,-8.918566050337962681e-01,2.745877364176813138e-03
7.760000000000005782e-01,1.327870089402127807e-01,9.888916964170887391e-01,6.228001374449088523e+00,-9.311718680955743954e-01,2.749420430219236353e-03
7.770000000000005791e-01,1.390123300688841101e-01,9.879408776411767734e-01,6.222599386165211577e+00,-9.704612354427790688e-01,2.752963496255763243e-03
7.780000000000005800e-01,1.452321247317047981e-01,9.869507831076402837e-01,6.216948456200791284e+00,-1.009723118530601260e+00,2.756506562286386002e-03
7.790000000000005809e-01,1.514461440290632843e-01,9.859214410952917840e-01,6.211048670404355043e+00,-1.048955928147050853e+00,2.760049628311096823e-03
7.800000000000005818e-01,1.576541391523313962e-01,9.848528814724615277e-01,6.204900124897296365e+00,-1.088158074480122917e+00,2.763592694329888334e-03
7.810000000000005826e-01,1.638558613941465403e-01,9.837451356975636108e-01,6.198502926092487542e+00,-1.127327967185277613e+00,2.767135760342753163e-03
7.820000000000005835e-01,1.700510621587123794e-01,9.825982368195945726e-01,6.191857190712444670e+00,-1.166464015453230862e+00,2.770678826349683502e-03
7.830000000000005844e-01,1.762394929721172732e-01,9.814122194785644959e-01,6.184963045807041482e+00,-1.205564628078052314e+00,2.774221892350671546e-03
7.840000000000005853e-01,1.824209054926703433e-01,9.801871199058590500e-01,6.177820628770767541e+00,-1.244628213525569516e+00,2.777764958345709922e-03
7.850000000000005862e-01,1.885950515212545531e-01,9.789229759245337004e-01,6.170430087359526361e+00,-1.283653180002072514e+00,2.781308024334790824e-03
7.860000000000005871e-01,1.947616830116962461e-01,9.776198269495385285e-01,6.162791579706966338e+00,-1.322637935523319319e+00,2.784851090317906879e-03
7.870000000000005880e-01,2.009205520811509771e-01,9.762777139878743293e-01,6.154905274340343624e+00,-1.361580887983835586e+00,2.788394156295050282e-03
7.880000000000005889e-01,2.070714110205047753e-01,9.748966796386789868e-01,6.146771350195914252e+00,-1.400480445226509163e+00,2.791937222266213658e-03
7.890000000000005898e-01,2.132140123047906455e-01,9.734767680932442380e-01,6.138389996633841328e+00,-1.439335015112472194e+00,2.795480288231389204e-03
7.900000000000005906e-01,2.193481086036197514e-01,9.720180251349622713e-01,6.129761413452627039e+00,-1.478143005591271208e+00,2.799023354190569544e-03
7.910000000000005915e-01,2.254734527916267550e-01,9.705204981392022701e-01,6.120885810903050839e+00,-1.516902824771319436e+00,2.802566420143746875e-03
7.920000000000005924e-01,2.315897979589288391e-01,9.689842360731160120e-01,6.111763409701622685e+00,-1.555612880990629776e+00,2.806109486090913822e-03
7.930000000000005933e-01,2.376968974215980246e-01,9.674092894953730815e-01,6.102394441043534457e+00,-1.594271582887823113e+00,2.809652552032062579e-03
7.940000000000005942e-01,2.437945047321460335e-01,9.657957105558241384e-01,6.092779146615116659e+00,-1.632877339473409739e+00,2.813195617967185775e-03
7.950000000000005951e-01,2.498823736900215309e-01,9.641435529950939110e-01,6.082917778605787085e+00,-1.671428560201340119e+00,2.816738683896275602e-03
7.960000000000005960e-01,2.559602583521188857e-01,9.624528721441012458e-01,6.072810599719493219e+00,-1.709923655040821666e+00,2.820281749819324689e-03
7.970000000000005969e-01,2.620279130432983106e-01,9.607237249235083265e-01,6.062457883185640384e+00,-1.748361034548396198e+00,2.823824815736325228e-03
7.980000000000005977e-01,2.680850923669164665e-01,9.589561698430969505e-01,6.051859912769502969e+00,-1.786739109940277181e+00,2.827367881647269415e-03
7.990000000000005986e-01,2.741315512153673639e-01,9.571502670010726410e-01,6.041016982782116962e+00,-1.825056293164939447e+00,2.830910947552149875e-03
8.000000000000005995e-01,2.801670447806328679e-01,9.553060780832960397e-01,6.029929398089641346e+00,-1.863310996975961586e+00,2.834454013450959237e-03
8.010000000000006004e-01,2.861913285648422511e-01,9.534236663624410246e-01,6.018597474122196367e+00,-1.901501635005112378e+00,2.837997079343689694e-03
8.020000000000006013e-01,2.922041583908404072e-01,9.515030966970802195e-01,6.007021536882162671e+00,-1.939626621835682352e+00,2.841540145230333440e-03
8.030000000000006022e-01,2.982052904127640014e-01,9.495444355306964512e-01,5.995201922951948426e+00,-1.977684373076051161e+00,2.845083211110883102e-03
8.040000000000006031e-01,3.041944811266250603e-01,9.475477508906210433e-01,5.983138979501208432e+00,-2.015673305433491880e+00,2.848626276985331308e-03
8.050000000000006040e-01,3.101714873809018336e-01,9.455131123868976140e-01,5.970833064293520565e+00,-2.053591836788203118e+00,2.852169342853670252e-03
8.060000000000006048e-01,3.161360663871355392e-01,9.434405912110721548e-01,5.958284545692513312e+00,-2.091438386267568728e+00,2.855712408715892128e-03
8.070000000000006057e-01,3.220879757305335489e-01,9.413302601349088361e-01,5.945493802667436434e+00,-2.129211374320638228e+00,2.859255474571989562e-03
8.080000000000006066e-01,3.280269733805772914e-01,9.391821935090306495e-01,5.932461224798177390e+00,-2.166909222792824607e+00,2.862798540421954748e-03
8.090000000000006075e-01,3.339528177016352628e-01,9.369964672614858880e-01,5.919187212279712895e+00,-2.204530355000815511e+00,2.866341606265780315e-03
8.100000000000006084e-01,3.398652674635802562e-01,9.347731588962392424e-01,5.905672175925996470e+00,-2.242073195807690933e+00,2.869884672103458455e-03
8.110000000000006093e-01,3.457640818524098103e-01,9.325123474915877342e-01,5.891916537173275792e+00,-2.279536171698247848e+00,2.873427737934981796e-03
8.120000000000006102e-01,3.516490204808699893e-01,9.302141136985012659e-01,5.877920728082838941e+00,-2.316917710854520251e+00,2.876970803760342532e-03
8.130000000000006111e-01,3.575198433990817160e-01,9.278785397388874534e-01,5.863685191343181557e+00,-2.354216243231495920e+00,2.880513869579533291e-03
8.140000000000006120e-01,3.633763111051686034e-01,9.255057094037809629e-01,5.849210380271593124e+00,-2.391430200633022807e+00,2.884056935392546265e-03
8.150000000000006128e-01,3.692181845558864528e-01,9.230957080514563540e-01,5.834496758815160611e+00,-2.428558016787899287e+00,2.887600001199374083e-03
8.160000000000006137e-01,3.750452251772531942e-01,9.206486226054653166e-01,5.819544801551183255e+00,-2.465598127426146036e+00,2.891143067000008938e-03
8.170000000000006146e-01,3.808571948751791614e-01,9.181645415525969689e-01,5.804354993686996700e+00,-2.502548970355451097e+00,2.894686132794443457e-03
8.180000000000006155e-01,3.866538560460967555e-01,9.156435549407618835e-01,5.788927831059200280e+00,-2.539408985537786823e+00,2.898229198582669836e-03
8.190000000000006164e-01,3.924349715875889988e-01,9.130857543767997297e-01,5.773263820132287449e+00,-2.576176615166190675e+00,2.901772264364680699e-03
8.200000000000006173e-01,3.982003049090165336e-01,9.104912330242094232e-01,5.757363477996673140e+00,-2.612850303741707680e+00,2.905315330140468243e-03
8.210000000000006182e-01,4.039496199421424572e-01,9.078600856008027797e-01,5.741227332366115377e+00,-2.649428498150486089e+00,2.908858395910024659e-03
8.220000000000006191e-01,4.096826811517539357e-01,9.051924083762806772e-01,5.724855921574529383e+00,-2.685909647741023587e+00,2.912401461673343010e-03
8.230000000000006199e-01,4.153992535462804891e-01,9.024882991697320556e-01,5.708249794572189728e+00,-2.722292204401558724e+00,2.915944527430415056e-03
8.240000000000006208e-01,4.210991026884083888e-01,8.997478573470555352e-01,5.691409510921314308e+00,-2.758574622637599560e+00,2.919487593181233423e-03
8.250000000000006217e-01,4.267819947056900043e-01,8.969711838183032082e-01,5.674335640791032809e+00,-2.794755359649587767e+00,2.923030658925790740e-03
8.260000000000006226e-01,4.324476963011479325e-01,8.941583810349469363e-01,5.657028764951729904e+00,-2.830832875410690175e+00,2.926573724664079199e-03
8.270000000000006235e-01,4.380959747638731860e-01,8.913095529870663780e-01,5.639489474768769384e+00,-2.866805632744714671e+00,2.930116790396090996e-03
8.280000000000006244e-01,4.437265979796167770e-01,8.884248052004597440e-01,5.621718372195583235e+00,-2.902672097404141116e+00,2.933659856121818756e-03
8.290000000000006253e-01,4.493393344413740831e-01,8.855042447336758382e-01,5.603716069766132790e+00,-2.938430738148265498e+00,2.937202921841254675e-03
8.300000000000006262e-01,4.549339532599613323e-01,8.825479801749681608e-01,5.585483190586738367e+00,-2.974080026821449785e+00,2.940745987554391379e-03
8.310000000000006271e-01,4.605102241745836489e-01,8.795561216391705184e-01,5.567020368327268542e+00,-3.009618438431472587e+00,2.944289053261221496e-03
8.320000000000006279e-01,4.660679175633938298e-01,8.765287807644948082e-01,5.548328247211689934e+00,-3.045044451227973958e+00,2.947832118961736785e-03
8.330000000000006288e-01,4.716068044540415172e-01,8.734660707092494203e-01,5.529407482007974828e+00,-3.080356546780989913e+00,2.951375184655930309e-03
8.340000000000006297e-01,4.771266565342118793e-01,8.703681061484798143e-01,5.510258738017365765e+00,-3.115553210059567757e+00,2.954918250343794260e-03
8.350000000000006306e-01,4.826272461621532450e-01,8.672350032705302691e-01,5.490882691062989096e+00,-3.150632929510461810e+00,2.958461316025320833e-03
8.360000000000006315e-01,4.881083463771930808e-01,8.640668797735263640e-01,5.471280027477817498e+00,-3.185594197136897510e+00,2.962004381700502655e-03
8.370000000000006324e-01,4.935697309102414221e-01,8.608638548617796316e-01,5.451451444091983234e+00,-3.220435508577401684e+00,2.965547447369331919e-03
8.380000000000006333e-01,4.990111741942814816e-01,8.576260492421123871e-01,5.431397648219431495e+00,-3.255155363184692341e+00,2.969090513031801253e-03
8.390000000000006342e-01,5.044324513748466021e-01,8.543535851201042863e-01,5.411119357643917382e+00,-3.289752264104620405e+00,2.972633578687902851e-03
8.400000000000006350e-01,5.098333383204826097e-01,8.510465861962597245e-01,5.390617300604342965e+00,-3.324224718355159425e+00,2.976176644337628907e-03
8.410000000000006359e-01,5.152136116331954563e-01,8.477051776620960766e-01,5.369892215779429989e+00,-3.358571236905434798e+00,2.979719709980972481e-03
8.420000000000006368e-01,5.205730486588830974e-01,8.443294861961531117e-01,5.348944852271728223e+00,-3.392790334754788084e+00,2.983262775617925334e-03
8.430000000000006377e-01,5.259114274977511050e-01,8.409196399599231375e-01,5.327775969590957672e+00,-3.426880531011870179e+00,2.986805841248480094e-03
8.440000000000006386e-01,5.312285270147111271e-01,8.374757685937022078e-01,5.306386337636678441e+00,-3.460840348973754033e+00,2.990348906872629386e-03
8.450000000000006395e-01,5.365241268497616955e-01,8.339980032123621712e-01,5.284776736680290909e+00,-3.494668316205064684e+00,2.993891972490365407e-03
8.460000000000006404e-01,5.417980074283511582e-01,8.304864764010433387e-01,5.262947957346363559e+00,-3.528362964617117736e+00,2.997435038101680781e-03
8.470000000000006413e-01,5.470499499717207392e-01,8.269413222107686590e-01,5.240900800593283115e+00,-3.561922830547060492e+00,3.000978103706567705e-03
8.480000000000006422e-01,5.522797365072288356e-01,8.233626761539778460e-01,5.218636077693228792e+00,-3.595346454837007766e+00,3.004521169305018370e-03
8.490000000000006430e-01,5.574871498786542201e-01,8.197506751999830144e-01,5.196154610211466185e+00,-3.628632382913170140e+00,3.008064234897025405e-03
8.500000000000006439e-01,5.626719737564785939e-01,8.161054577703452662e-01,5.173457229984961714e+00,-3.661779164864960912e+00,3.011607300482581438e-03
8.510000000000006448e-01,5.678339926481472677e-01,8.124271637341714536e-01,5.150544779100314940e+00,-3.694785355524083492e+00,3.015150366061678661e-03
8.520000000000006457e-01,5.729729919083076384e-01,8.087159344033328923e-01,5.127418109871005214e+00,-3.727649514543585063e+00,3.018693431634309268e-03
8.530000000000006466e-01,5.780887577490241291e-01,8.049719125276041387e-01,5.104078084813952643e+00,-3.760370206476875143e+00,3.022236497200465888e-03
8.540000000000006475e-01,5.831810772499699258e-01,8.011952422897232751e-01,5.080525576625396056e+00,-3.792946000856699307e+00,3.025779562760140713e-03
8.550000000000006484e-01,5.882497383685937331e-01,7.973860693003731459e-01,5.056761468156076411e+00,-3.825375472274062716e+00,3.029322628313326372e-03
8.560000000000006493e-01,5.932945299502616621e-01,7.935445405930834362e-01,5.032786652385736303e+00,-3.857657200457095037e+00,3.032865693860015057e-03
8.570000000000006501e-01,5.983152417383732491e-01,7.896708046190543673e-01,5.008602032396925807e+00,-3.889789770349852738e+00,3.036408759400199397e-03
8.580000000000006510e-01,6.033116643844506077e-01,7.857650112419013455e-01,4.984208521348116427e+00,-3.921771772191048999e+00,3.039951824933872018e-03
8.590000000000006519e-01,6.082835894582010461e-01,7.818273117323210064e-01,4.959607042446122271e+00,-3.953601801592705911e+00,3.043494890461024682e-03
8.600000000000006528e-01,6.132308094575510404e-01,7.778578587626785446e-01,4.934798528917828442e+00,-3.985278459618721403e+00,3.047037955981650448e-03
8.610000000000006537e-01,6.181531178186517872e-01,7.738568064015165504e-01,4.909783923981223985e+00,-4.016800352863343804e+00,3.050581021495741077e-03
8.620000000000006546e-01,6.230503089258560001e-01,7.698243101079856876e-01,4.884564180815737622e+00,-4.048166093529548704e+00,3.054124087003289630e-03
8.630000000000006555e-01,6.279221781216636211e-01,7.657605267261964332e-01,4.859140262531879806e+00,-4.079374299507306567e+00,3.057667152504287868e-03
8.640000000000006564e-01,6.327685217166378884e-01,7.616656144794934358e-01,4.833513142140184904e+00,-4.110423594451741103e+00,3.061210217998728417e-03
8.650000000000006573e-01,6.375891369992894298e-01,7.575397329646510469e-01,4.807683802519457927e+00,-4.141312607861165063e+00,3.064753283486603905e-03
8.660000000000006581e-01,6.423838222459281599e-01,7.533830431459912491e-01,4.781653236384323158e+00,-4.172039975154988589e+00,3.068296348967906526e-03
8.670000000000006590e-01,6.471523767304828700e-01,7.491957073494235342e-01,4.755422446252072000e+00,-4.202604337751493446e+00,3.071839414442628906e-03
8.680000000000006599e-01,6.518946007342868443e-01,7.449778892564075106e-01,4.728992444408813611e+00,-4.233004343145466031e+00,3.075382479910763241e-03
8.690000000000006608e-01,6.566102955558295040e-01,7.407297538978374618e-01,4.702364252874925654e+00,-4.263238644985679393e+00,3.078925545372301724e-03
8.700000000000006617e-01,6.612992635204731906e-01,7.364514676478494115e-01,4.675538903369807819e+00,-4.293305903152223379e+00,3.082468610827236982e-03
8.710000000000006626e-01,6.659613079901341992e-01,7.321431982175518050e-01,4.648517437275933695e+00,-4.323204783833665132e+00,3.086011676275561642e-03
8.720000000000006635e-01,6.705962333729275082e-01,7.278051146486780310e-01,4.621300905602201858e+00,-4.352933959604045278e+00,3.089554741717267898e-03
8.730000000000006644e-01,6.752038451327748714e-01,7.234373873071626715e-01,4.593890368946592417e+00,-4.382492109499692923e+00,3.093097807152347944e-03
8.740000000000006652e-01,6.797839497989744961e-01,7.190401878766409238e-01,4.566286897458120109e+00,-4.411877919095854139e+00,3.096640872580794408e-03
8.750000000000006661e-01,6.843363549757330855e-01,7.146136893518714173e-01,4.538491570798090180e+00,-4.441090080583131261e+00,3.100183938002599917e-03
8.760000000000006670e-01,6.888608693516584669e-01,7.101580660320827576e-01,4.510505478100655274e+00,-4.470127292843720568e+00,3.103727003417756664e-03
8.770000000000006679e-01,6.933573027092123642e-01,7.056734935142439102e-01,4.482329717932676871e+00,-4.498988261527441246e+00,3.107270068826256844e-03
8.780000000000006688e-01,6.978254659341225352e-01,7.011601486862584220e-01,4.453965398252883290e+00,-4.527671699127554739e+00,3.110813134228093083e-03
8.790000000000006697e-01,7.022651710247543866e-01,6.966182097200835921e-01,4.425413636370336690e+00,-4.556176325056354948e+00,3.114356199623257576e-03
8.800000000000006706e-01,7.066762311014397335e-01,6.920478560647733701e-01,4.396675558902200187e+00,-4.584500865720536389e+00,3.117899265011742950e-03
8.810000000000006715e-01,7.110584604157639266e-01,6.874492684394464259e-01,4.367752301730810416e+00,-4.612644054596320764e+00,3.121442330393541832e-03
8.820000000000006724e-01,7.154116743598090133e-01,6.828226288261793897e-01,4.338645009960055532e+00,-4.640604632304340171e+00,3.124985395768645983e-03
8.830000000000006732e-01,7.197356894753533796e-01,6.781681204628249304e-01,4.309354837871060440e+00,-4.668381346684271627e+00,3.128528461137048463e-03
8.840000000000006741e-01,7.240303234630262041e-01,6.734859278357553380e-01,4.279882948877176574e+00,-4.695972952869209571e+00,3.132071526498741033e-03
8.850000000000006750e-01,7.282953951914173940e-01,6.687762366725323870e-01,4.250230515478284232e+00,-4.723378213359773703e+00,3.135614591853716753e-03
8.860000000000006759e-01,7.325307247061404459e-01,6.640392339345027040e-01,4.220398719214401240e+00,-4.750595898097941472e+00,3.139157657201967384e-03
8.870000000000006768e-01,7.367361332388494555e-01,6.592751078093195272e-01,4.190388750618604163e+00,-4.777624784540601688e+00,3.142700722543485554e-03
8.880000000000006777e-01,7.409114432162083874e-01,6.544840477033911919e-01,4.160201809169259413e+00,-4.804463657732817694e+00,3.146243787878263889e-03
8.890000000000006786e-01,7.450564782688118282e-01,6.496662442342564514e-01,4.129839103241574882e+00,-4.831111310380794777e+00,3.149786853206294583e-03
8.900000000000006795e-01,7.491710632400576664e-01,6.448218892228870791e-01,4.099301850058457930e+00,-4.857566542924544706e+00,3.153329918527570264e-03
8.910000000000006803e-01,7.532550241949698133e-01,6.399511756859177503e-01,4.068591275640698335e+00,-4.883828163610240303e+00,3.156872983842083126e-03
8.920000000000006812e-01,7.573081884289708521e-01,6.350542978278037598e-01,4.037708614756466474e+00,-4.909894988562249374e+00,3.160416049149825796e-03
8.930000000000006821e-01,7.613303844766040607e-01,6.301314510329072416e-01,4.006655110870132042e+00,-4.935765841854843572e+00,3.163959114450790467e-03
8.940000000000006830e-01,7.653214421202034767e-01,6.251828318575112231e-01,3.975432016090408638e+00,-4.961439555583575078e+00,3.167502179744969334e-03
8.950000000000006839e-01,7.692811923985121147e-01,6.202086380217628481e-01,3.944040591117818462e+00,-4.986914969936314002e+00,3.171045245032355023e-03
8.960000000000006848e-01,7.732094676152474477e-01,6.152090684015459887e-01,3.912482105191488202e+00,-5.012190933263934056e+00,3.174588310312940163e-03
8.970000000000006857e-01,7.771061013476128210e-01,6.101843230202825819e-01,3.880757836035272579e+00,-5.037266302150645636e+00,3.178131375586716947e-03
8.980000000000006866e-01,7.809709284547552421e-01,6.051346030406645760e-01,3.848869069803209086e+00,-5.062139941483965622e+00,3.181674440853677569e-03
8.990000000000006875e-01,7.848037850861676601e-01,6.000601107563159342e-01,3.816817101024306158e+00,-5.086810724524317706e+00,3.185217506113814656e-03
9.000000000000006883e-01,7.886045086900363987e-01,5.949610495833845825e-01,3.784603232546669638e+00,-5.111277532974253468e+00,3.188760571367120402e-03
9.010000000000006892e-01,7.923729380215319695e-01,5.898376240520664116e-01,3.752228775480966672e+00,-5.135539257047291528e+00,3.192303636613587434e-03
9.020000000000006901e-01,7.961089131510428185e-01,5.846900397980595576e-01,3.719695049143231902e+00,-5.159594795536361467e+00,3.195846701853208380e-03
9.030000000000006910e-01,7.998122754723522299e-01,5.795185035539512919e-01,3.687003380997018631e+00,-5.183443055881850725e+00,3.199389767085975434e-03
9.040000000000006919e-01,8.034828677107563877e-01,5.743232231405365207e-01,3.654155106594895841e+00,-5.207082954239244721e+00,3.202932832311880789e-03
9.050000000000006928e-01,8.071205339311239291e-01,5.691044074580690060e-01,3.621151569519297730e+00,-5.230513415546350409e+00,3.206475897530917073e-03
9.060000000000006937e-01,8.107251195458959891e-01,5.638622664774457505e-01,3.587994121322724439e+00,-5.253733373590103284e+00,3.210018962743076479e-03
9.070000000000006946e-01,8.142964713230260720e-01,5.585970112313246583e-01,3.554684121467301949e+00,-5.276741771072941845e+00,3.213562027948351635e-03
9.080000000000006954e-01,8.178344373938590817e-01,5.533088538051759153e-01,3.521222937263698505e+00,-5.299537559678747733e+00,3.217105093146734734e-03
9.090000000000006963e-01,8.213388672609494012e-01,5.479980073282677555e-01,3.487611943809406867e+00,-5.322119700138343568e+00,3.220648158338218405e-03
9.100000000000006972e-01,8.248096118058161341e-01,5.426646859645869458e-01,3.453852523926392859e+00,-5.344487162294542237e+00,3.224191223522794841e-03
9.110000000000006981e-01,8.282465232966365054e-01,5.373091049036946565e-01,3.419946068098111969e+00,-5.366638925166735241e+00,3.227734288700456668e-03
9.120000000000006990e-01,8.316494553958754254e-01,5.319314803515176049e-01,3.385893974405902451e+00,-5.388573977015021832e+00,3.231277353871196082e-03
9.130000000000006999e-01,8.350182631678513268e-01,5.265320295210753621e-01,3.351697648464753598e+00,-5.410291315403861212e+00,3.234820419035005275e-03
9.140000000000007008e-01,8.383528030862374969e-01,5.211109706231445982e-01,3.317358503358456279e+00,-5.431789947265253105e+00,3.238363484191877310e-03
9.150000000000007017e-01,8.416529330414982413e-01,5.156685228568601564e-01,3.282877959574138416e+00,-5.453068888961427163e+00,3.241906549341803945e-03
9.160000000000007025e-01,8.449185123482589876e-01,5.102049064002535106e-01,3.248257444936188953e+00,-5.474127166347043882e+00,3.245449614484777808e-03
9.170000000000007034e-01,8.481494017526104434e-01,5.047203424007296046e-01,3.213498394539576086e+00,-5.494963814830896354e+00,3.248992679620791527e-03
9.180000000000007043e-01,8.513454634393456955e-01,4.992150529654819091e-01,3.178602250682561525e+00,-5.515577879437103981e+00,3.252535744749837296e-03
9.190000000000007052e-01,8.545065610391294753e-01,4.936892611518468588e-01,3.143570462798817022e+00,-5.535968414865792830e+00,3.256078809871907308e-03
9.200000000000007061e-01,8.576325596355992564e-01,4.881431909575976724e-01,3.108404487388946702e+00,-5.556134485553259950e+00,3.259621874986994190e-03
9.210000000000007070e-01,8.607233257723978515e-01,4.825770673111783315e-01,3.073105787951419199e+00,-5.576075165731610106e+00,3.263164940095090571e-03
9.220000000000007079e-01,8.637787274601365084e-01,4.769911160618780510e-01,3.037675834912913597e+00,-5.595789539487855180e+00,3.266708005196188643e-03
9.230000000000007088e-01,8.667986341832880637e-01,4.713855639699472966e-01,3.002116105558088499e+00,-5.615276700822478873e+00,3.270251070290280601e-03
9.240000000000007097e-01,8.697829169070094846e-01,4.657606386966550716e-01,2.966428083958769779e+00,-5.634535753707452521e+00,3.273794135377359072e-03
9.250000000000007105e-01,8.727314480838933575e-01,4.601165687942886384e-01,2.930613260902571682e+00,-5.653565812143699354e+00,3.277337200457416250e-03
9.260000000000007114e-01,8.756441016606479888e-01,4.544535836960962305e-01,2.894673133820948596e+00,-5.672366000217996529e+00,3.280880265530444762e-03
9.270000000000007123e-01,8.785207530847047863e-01,4.487719137061728092e-01,2.858609206716687279e+00,-5.690935452159313179e+00,3.284423330596437235e-03
9.280000000000007132e-01,8.813612793107530319e-01,4.430717899892899769e-01,2.822422990090841299e+00,-5.709273312394574695e+00,3.287966395655385430e-03
9.290000000000007141e-01,8.841655588072018235e-01,4.373534445606704901e-01,2.786116000869115705e+00,-5.727378735603847915e+00,3.291509460707282408e-03
9.300000000000007150e-01,8.869334715625671883e-01,4.316171102757077049e-01,2.749689762327703679e+00,-5.745250886774943666e+00,3.295052525752119928e-03
9.310000000000007159e-01,8.896648990917856992e-01,4.258630208196306777e-01,2.713145804018584517e+00,-5.762888941257422459e+00,3.298595590789891053e-03
9.320000000000007168e-01,8.923597244424522623e-01,4.200914106971158635e-01,2.676485661694283813e+00,-5.780292084816006870e+00,3.302138655820587541e-03
9.330000000000007176e-01,8.950178322009830767e-01,4.143025152218452467e-01,2.639710877232106512e+00,-5.797459513683387300e+00,3.305681720844202455e-03
9.340000000000007185e-01,8.976391084987024316e-01,4.084965705060125130e-01,2.602822998557842382e+00,-5.814390434612419334e+00,3.309224785860727554e-03
9.350000000000007194e-01,9.002234410178524548e-01,4.026738134497767629e-01,2.565823579568954571e+00,-5.831084064927702926e+00,3.312767850870155899e-03
9.360000000000007203e-01,9.027707189975265889e-01,3.968344817306654337e-01,2.528714180057255234e+00,-5.847539632576539859e+00,3.316310915872479250e-03
9.370000000000007212e-01,9.052808332395245738e-01,3.909788137929263163e-01,2.491496365631071797e+00,-5.863756376179263263e+00,3.319853980867690235e-03
9.380000000000007221e-01,9.077536761141303812e-01,3.851070488368296130e-01,2.454171707636913613e+00,-5.879733545078932089e+00,3.323397045855781481e-03
9.390000000000007230e-01,9.101891415658106554e-01,3.792194268079205899e-01,2.416741783080642580e+00,-5.895470399390386973e+00,3.326940110836745183e-03
9.400000000000007239e-01,9.125871251188345523e-01,3.733161883862236574e-01,2.379208174548152144e+00,-5.910966210048659519e+00,3.330483175810573966e-03
9.410000000000007248e-01,9.149475238828138624e-01,3.673975749753981557e-01,2.341572470125565797e+00,-5.926220258856728762e+00,3.334026240777260026e-03
9.420000000000007256e-01,9.172702365581631989e-01,3.614638286918467336e-01,2.303836263318955968e+00,-5.941231838532623044e+00,3.337569305736795555e-03
9.430000000000007265e-01,9.195551634414796949e-01,3.555151923537772651e-01,2.266001152973593058e+00,-5.956000252755856650e+00,3.341112370689173182e-03
9.440000000000007274e-01,9.218022064308413199e-01,3.495519094702181362e-01,2.228068743192727297e+00,-5.970524816213200303e+00,3.344655435634385533e-03
9.450000000000007283e-01,9.240112690310245958e-01,3.435742242299885674e-01,2.190040643255916297e+00,-5.984804854643775762e+00,3.348198500572424803e-03
9.460000000000007292e-01,9.261822563586392665e-01,3.375823814906239173e-01,2.151918467536895196e+00,-5.998839704883474511e+00,3.351741565503283185e-03
9.470000000000007301e-01,9.283150751471815898e-01,3.315766267672570766e-01,2.113703835421005373e+00,-6.012628714908688998e+00,3.355284630426953307e-03
9.480000000000007310e-01,9.304096337520044724e-01,3.255572062214562856e-01,2.075398371222183513e+00,-6.026171243879354655e+00,3.358827695343427362e-03
9.490000000000007319e-01,9.324658421552042276e-01,3.195243666500203750e-01,2.037003704099515922e+00,-6.039466662181300016e+00,3.362370760252697977e-03
9.500000000000007327e-01,9.344836119704238442e-01,3.134783554737320954e-01,1.998521467973370935e+00,-6.052514351467894294e+00,3.365913825154757781e-03
9.510000000000007336e-01,9.364628564475724337e-01,3.074194207260699252e-01,1.959953301441109241e+00,-6.065313704700991515e+00,3.369456890049598533e-03
9.520000000000007345e-01,9.384034904774595232e-01,3.013478110418794653e-01,1.921300847692384073e+00,-6.077864126191162342e+00,3.372999954937213295e-03
9.530000000000007354e-01,9.403054305963449711e-01,2.952637756460048668e-01,1.882565754424036841e+00,-6.090165031637216231e+00,3.376543019817594259e-03
9.540000000000007363e-01,9.421685949904036184e-01,2.891675643418811781e-01,1.843749673754593088e+00,-6.102215848165000622e+00,3.380086084690733621e-03
9.550000000000007372e-01,9.439929035001036750e-01,2.830594275000881677e-01,1.804854262138369414e+00,-6.114016014365477147e+00,3.383629149556624006e-03
9.560000000000007381e-01,9.457782776244998413e-01,2.769396160468665102e-01,1.765881180279194718e+00,-6.125564980332067755e+00,3.387172214415257610e-03
9.570000000000007390e-01,9.475246405254392768e-01,2.708083814525969468e-01,1.726832093043756622e+00,-6.136862207697271643e+00,3.390715279266626626e-03
9.580000000000007399e-01,9.492319170316808608e-01,2.646659757202431407e-01,1.687708669374577530e+00,-6.147907169668541449e+00,3.394258344110724114e-03
9.590000000000007407e-01,9.509000336429276334e-01,2.585126513737592835e-01,1.648512582202628751e+00,-6.158699351063416039e+00,3.397801408947541835e-03
9.600000000000007416e-01,9.525289185337713072e-01,2.523486614464624522e-01,1.609245508359590238e+00,-6.169238248343912545e+00,3.401344473777072417e-03
9.610000000000007425e-01,9.541185015575488482e-01,2.461742594693715758e-01,1.569909128489762828e+00,-6.179523369650163467e+00,3.404887538599308486e-03
9.620000000000007434e-01,9.556687142501111287e-01,2.399896994595125954e-01,1.530505126961640761e+00,-6.189554234833298807e+00,3.408430603414242237e-03
9.630000000000007443e-01,9.571794898335025392e-01,2.337952359081913734e-01,1.491035191779151781e+00,-6.199330375487575928e+00,3.411973668221866297e-03
9.640000000000007452e-01,9.586507632195521156e-01,2.275911237692349043e-01,1.451501014492573072e+00,-6.208851334981737580e+00,3.415516733022172860e-03
9.650000000000007461e-01,9.600824710133749607e-01,2.213776184472013853e-01,1.411904290109129878e+00,-6.218116668489614085e+00,3.419059797815154119e-03
9.660000000000007470e-01,9.614745515167846257e-01,2.151549757855602263e-01,1.372246717003284822e+00,-6.227125943019945709e+00,3.422602862600802702e-03
9.670000000000007478e-01,9.628269447316151197e-01,2.089234520548424456e-01,1.332529996826725016e+00,-6.235878737445438524e+00,3.426145927379111236e-03
9.680000000000007487e-01,9.641395923629533238e-01,2.026833039407625603e-01,1.292755834418057193e+00,-6.244374642531039576e+00,3.429688992150071915e-03
9.690000000000007496e-01,9.654124378222802561e-01,1.964347885323125820e-01,1.252925937712214610e+00,-6.252613260961433106e+00,3.433232056913676934e-03
9.700000000000007505e-01,9.666454262305224088e-01,1.901781633098287572e-01,1.213042017649587745e+00,-6.260594207367750741e+00,3.436775121669918918e-03
9.710000000000007514e-01,9.678385044210111587e-01,1.839136861330321893e-01,1.173105788084884082e+00,-6.268317108353496536e+00,3.440318186418790496e-03
9.720000000000007523e-01,9.689916209423519167e-01,1.776416152290437311e-01,1.133118965695725455e+00,-6.275781602519680646e+00,3.443861251160283861e-03
9.730000000000007532e-01,9.701047260612009060e-01,1.713622091803743419e-01,1.093083269890992248e+00,-6.282987340489158079e+00,3.447404315894391207e-03
9.740000000000007541e-01,9.711777717649504593e-01,1.650757269128913518e-01,1.053000422718920692e+00,-6.289933984930172528e+00,3.450947380621105162e-03
9.750000000000007550e-01,9.722107117643226104e-01,1.587824276837616344e-01,1.012872148774962566e+00,-6.296621210579099071e+00,3.454490445340417919e-03
9.760000000000007558e-01,9.732035014958698715e-01,1.524825710693724357e-01,9.727001751094148663e-01,-6.303048704262386615e+00,3.458033510052322106e-03
9.770000000000007567e-01,9.741560981243839734e-01,1.461764169532306923e-01,9.324862311348286470e-01,-6.309216164917694769e+00,3.461576574756809917e-03
9.780000000000007576e-01,9.750684605452115683e-01,1.398642255138415613e-01,8.922320485332032591e-01,-6.315123303614220696e+00,3.465119639453873978e-03
9.790000000000007585e-01,9.759405493864774517e-01,1.335462572125670766e-01,8.519393611629766383e-01,-6.320769843572216828e+00,3.468662704143506484e-03
9.800000000000007594e-01,9.767723270112140810e-01,1.272227727814656817e-01,8.116099049658176412e-01,-6.326155520181699465e+00,3.472205768825700062e-03
9.810000000000007603e-01,9.775637575193983908e-01,1.208940332111133886e-01,7.712454178732309762e-01,-6.331280081020336681e+00,3.475748833500446906e-03
9.820000000000007612e-01,9.783148067498946832e-01,1.145602997384076033e-01,7.308476397129811675e-01,-6.336143285870521780e+00,3.479291898167739643e-03
9.830000000000007621e-01,9.790254422823040370e-01,1.082218338343541447e-01,6.904183121153447678e-01,-6.340744906735629627e+00,3.482834962827570466e-03
9.840000000000007629e-01,9.796956334387202370e-01,1.018788971918385272e-01,6.499591784191998123e-01,-6.345084727855447859e+00,3.486378027479932005e-03
9.850000000000007638e-01,9.803253512853906670e-01,9.553175171338212923e-02,6.094719835779595085e-01,-6.349162545720787421e+00,3.489921092124816451e-03
9.860000000000007647e-01,9.809145686342845005e-01,8.918065949888424881e-02,5.689584740653602646e-01,-6.352978169087265314e+00,3.493464156762216000e-03
9.870000000000007656e-01,9.814632600445651889e-01,8.282588283335071133e-02,5.284203977811110509e-01,-6.356531418988264015e+00,3.497007221392123277e-03
9.880000000000007665e-01,9.819714018239698028e-01,7.646768417460998724e-02,4.878595039564136981e-01,-6.359822128747060432e+00,3.500550286014530912e-03
9.890000000000007674e-01,9.824389720300927831e-01,7.010632614101758309e-02,4.472775430593621260e-01,-6.362850143988125318e+00,3.504093350629431097e-03
9.900000000000007683e-01,9.828659504715756556e-01,6.374207149914956627e-02,4.066762667002291054e-01,-6.365615322647591334e+00,3.507636415236816026e-03
9.910000000000007692e-01,9.832523187092018224e-01,5.737518315148595893e-02,3.660574275366494379e-01,-6.368117534982887129e+00,3.511179479836678326e-03
9.920000000000007701e-01,9.835980600568964283e-01,5.100592412408501419e-02,3.254227791787077106e-01,-6.370356663581542733e+00,3.514722544429010626e-03
9.930000000000007709e-01,9.839031595826314147e-01,4.463455755424905469e-02,2.847740760939394544e-01,-6.372332603369151194e+00,3.518265609013805119e-03
9.940000000000007718e-01,9.841676041092353167e-01,3.826134667818276852e-02,2.441130735122544471e-01,-6.374045261616504199e+00,3.521808673591053998e-03
9.950000000000007727e-01,9.843913822151082460e-01,3.188655481864479529e-02,2.034415273307904337e-01,-6.375494557945882157e+00,3.525351738160749891e-03
9.960000000000007736e-01,9.845744842348411741e-01,2.551044537259344533e-02,1.627611940187063400e-01,-6.376680424336512942e+00,3.528894802722885426e-03
9.970000000000007745e-01,9.847169022597408450e-01,1.913328179882736735e-02,1.220738305219233044e-01,-6.377602805129189534e+00,3.532437867277452362e-03
9.980000000000007754e-01,9.848186301382583219e-01,1.275532760562202161e-02,8.138119416782235716e-02,-6.378261657030048326e+00,3.535980931824443761e-03
9.990000000000007763e-01,9.848796634763231639e-01,6.376846338362804172e-03,4.068504256990732038e-02,-6.378656949113509889e+00,3.539523996363851815e-03
1.000000000000000666e+00,9.848999996375817911e-01,-1.898432824365067773e-06,-1.286646755831871713e-05,-6.378788662824378619e+00,3.543067060895668721e-03
