tau,x,y,u,v,theta1
0.000000000000000000e+00,9.995000000000000551e-01,-0.000000000000000000e+00,0.000000000000000000e+00,-6.286327685624186756e+00,0.000000000000000000e+00
1.000000000000000021e-03,9.994802411023882005e-01,-6.286286261140549593e-03,-3.951766482452729462e-02,-6.286203412583665440e+00,1.197579780424996720e-07
2.000000000000000042e-03,9.994209651919437887e-01,-1.257232397784524905e-02,-7.903376487333985123e-02,-6.285830598397669000e+00,2.395159560849992911e-07
3.000000000000000062e-03,9.993221746158070795e-01,-1.885786461554931487e-02,-1.185467354332396250e-01,-6.285209257872688582e+00,3.592739341274988837e-07
4.000000000000000083e-03,9.991838732857739602e-01,-2.514265965942968223e-02,-1.580550119160594458e-01,-6.284339415685542107e+00,4.790319121699983704e-07
5.000000000000000104e-03,9.990060666781401810e-01,-3.142646062427487119e-02,-1.975570299211719394e-01,-6.283221106382379517e+00,5.987898902124977512e-07
6.000000000000000125e-03,9.987887618334821971e-01,-3.770901906435365075e-02,-2.370512252979907752e-01,-6.281854374377283889e+00,7.185478682549970262e-07
7.000000000000000146e-03,9.985319673563758380e-01,-4.399008658328210780e-02,-2.765360342084615120e-01,-6.280239273950478207e+00,8.383058462974960894e-07
8.000000000000000167e-03,9.982356934150529160e-01,-5.026941484388873504e-02,-3.160098931895394814e-01,-6.278375869246129781e+00,9.580638243399948350e-07
9.000000000000001055e-03,9.978999517409946618e-01,-5.654675557807708336e-02,-3.554712392156522682e-01,-6.276264234269757658e+00,1.077821802382493369e-06
1.000000000000000194e-02,9.975247556284631001e-01,-6.282186059668568023e-02,-3.949185097611440654e-01,-6.273904452885239458e+00,1.197579780424991691e-06
1.100000000000000283e-02,9.971101199339700294e-01,-6.909448179934470080e-02,-4.343501428626992955e-01,-6.271296618811424750e+00,1.317337758467489589e-06
1.200000000000000372e-02,9.966560610756832750e-01,-7.536437118432912086e-02,-4.737645771817429741e-01,-6.268440835618342533e+00,1.437095736509987276e-06
1.300000000000000461e-02,9.961625970327709911e-01,-8.163128085840777592e-02,-5.131602520668152589e-01,-6.265337216723018798e+00,1.556853714552484539e-06
1.400000000000000550e-02,9.956297473446831248e-01,-8.789496304668814597e-02,-5.525356076159175789e-01,-6.261985885384887318e+00,1.676611692594981379e-06
1.500000000000000638e-02,9.950575331103711507e-01,-9.415517010245630369e-02,-5.918890847388279530e-01,-6.258386974700810512e+00,1.796369670637477795e-06
1.600000000000000727e-02,9.944459769874446353e-01,-1.004116545170116448e-01,-6.312191252193821711e-01,-6.254540627599698865e+00,1.916127648679974000e-06
1.700000000000000816e-02,9.937951031912665156e-01,-1.066641689294961365e-01,-6.705241717777196131e-01,-6.250446996836733327e+00,2.035885626722469569e-06
1.800000000000000905e-02,9.931049374939854291e-01,-1.129124661367174876e-01,-7.098026681324896003e-01,-6.246106244987188916e+00,2.155643604764964715e-06
1.900000000000000994e-02,9.923755072235063146e-01,-1.191562991029660040e-01,-7.490530590630171126e-01,-6.241518544439866645e+00,2.275401582807459013e-06
2.000000000000001082e-02,9.916068412623985084e-01,-1.253954209698247002e-01,-7.882737904714239852e-01,-6.236684077390123093e+00,2.395159560849952888e-06
2.100000000000001171e-02,9.907989700467420002e-01,-1.316295850659721378e-01,-8.274633094447043646e-01,-6.231603035832508297e+00,2.514917538892445917e-06
2.200000000000001260e-02,9.899519255649114058e-01,-1.378585449169777988e-01,-8.666200643167505380e-01,-6.226275621553003070e+00,2.634675516934938521e-06
2.300000000000001349e-02,9.890657413562983225e-01,-1.440820542550895200e-01,-9.057425047303276910e-01,-6.220702046120866413e+00,2.754433494977430279e-06
2.400000000000001438e-02,9.881404525099711789e-01,-1.502998670290124905e-01,-9.448290816989940444e-01,-6.214882530880082356e+00,2.874191473019921613e-06
2.500000000000001527e-02,9.871760956632736894e-01,-1.565117374136794914e-01,-9.838782476689649226e-01,-6.208817306940414227e+00,2.993949451062412100e-06
2.600000000000001615e-02,9.861727090003613583e-01,-1.627174198200121158e-01,-1.022888456580917094e+00,-6.202506615168065451e+00,3.113707429104901740e-06
2.700000000000001704e-02,9.851303322506760329e-01,-1.689166689046723291e-01,-1.061858163931731713e+00,-6.195950706175945122e+00,3.233465407147390533e-06
2.800000000000001793e-02,9.840490066873588404e-01,-1.751092395798041490e-01,-1.100785826836172321e+00,-6.189149840313539208e+00,3.353223385189878479e-06
2.900000000000001882e-02,9.829287751256016170e-01,-1.812948870227650278e-01,-1.139669904088496777e+00,-6.182104287656388308e+00,3.472981363232365577e-06
3.000000000000001971e-02,9.817696819209363879e-01,-1.874733666858464098e-01,-1.178508856223999146e+00,-6.174814327995176377e+00,3.592739341274851829e-06
3.100000000000002059e-02,9.805717729674638949e-01,-1.936444343059833539e-01,-1.217301145580479638e+00,-6.167280250824421550e+00,3.712497319317337234e-06
3.200000000000002148e-02,9.793350956960201747e-01,-1.998078459144524421e-01,-1.256045236359640827e+00,-6.159502355330779721e+00,3.832255297359821792e-06
3.300000000000002237e-02,9.780596990722820738e-01,-2.059633578465580039e-01,-1.294739594688405715e+00,-6.151480950380953772e+00,3.952013275402305503e-06
3.400000000000002326e-02,9.767456335948113688e-01,-2.121107267513058781e-01,-1.333382688680156747e+00,-6.143216354509215549e+00,4.071771253444788366e-06
3.500000000000002415e-02,9.753929512930378243e-01,-2.182497096010646287e-01,-1.371972988495892887e+00,-6.134708895904531722e+00,4.191529231487269536e-06
3.600000000000002504e-02,9.740017057251807442e-01,-2.243800637012136334e-01,-1.410508966405301878e+00,-6.125958912397305944e+00,4.311287209529749858e-06
3.700000000000002592e-02,9.725719519761102383e-01,-2.305015466997777096e-01,-1.448989096847745683e+00,-6.116966751445729322e+00,4.431045187572229334e-06
3.800000000000002681e-02,9.711037466551466490e-01,-2.366139165970479463e-01,-1.487411856493155771e+00,-6.107732770121742760e+00,4.550803165614707116e-06
3.900000000000002770e-02,9.695971478937999155e-01,-2.427169317551882144e-01,-1.525775724302836034e+00,-6.098257335096609388e+00,4.670561143657184050e-06
4.000000000000002859e-02,9.680522153434475419e-01,-2.488103509078271880e-01,-1.564079181590172452e+00,-6.088540822626102411e+00,4.790319121699660137e-06
4.100000000000002948e-02,9.664690101729523919e-01,-2.548939331696352117e-01,-1.602320712081243936e+00,-6.078583618535305710e+00,4.910077099742134531e-06
4.200000000000003036e-02,9.648475950662197542e-01,-2.609674380458859577e-01,-1.640498801975334375e+00,-6.068386118203028090e+00,5.029835077784608077e-06
4.300000000000003125e-02,9.631880342196937894e-01,-2.670306254420020675e-01,-1.678611940005342085e+00,-6.057948726545830276e+00,5.149593055827079929e-06
4.400000000000003214e-02,9.614903933397939140e-01,-2.730832556730848348e-01,-1.716658617498085571e+00,-6.047271858001670886e+00,5.269351033869550935e-06
4.500000000000003303e-02,9.597547396402905662e-01,-2.791250894734272903e-01,-1.754637328434500931e+00,-6.036355936513166043e+00,5.389109011912020246e-06
4.600000000000003392e-02,9.579811418396211309e-01,-2.851558880060102719e-01,-1.792546569509730015e+00,-6.025201395510466185e+00,5.508866989954487863e-06
4.700000000000003481e-02,9.561696701581458013e-01,-2.911754128719812318e-01,-1.830384840193097329e+00,-6.013808677893750954e+00,5.628624967996954633e-06
4.800000000000003569e-02,9.543203963153434888e-01,-2.971834261201153904e-01,-1.868150642787971272e+00,-6.002178236015341284e+00,5.748382946039419709e-06
4.900000000000003658e-02,9.524333935269476692e-01,-3.031796902562587381e-01,-1.905842482491509005e+00,-5.990310531661430460e+00,5.868140924081883091e-06
5.000000000000003747e-02,9.505087365020230550e-01,-3.091639682527527189e-01,-1.943458867454281647e+00,-5.978206036033438586e+00,5.987898902124345626e-06
5.100000000000003836e-02,9.485465014399822037e-01,-3.151360235578398172e-01,-1.980998308839777566e+00,-5.965865229728980701e+00,6.107656880166806467e-06
5.200000000000003925e-02,9.465467660275429518e-01,-3.210956201050502168e-01,-2.018459320883781771e+00,-5.953288602722463629e+00,6.227414858209265613e-06
5.300000000000004013e-02,9.445096094356265626e-01,-3.270425223225686406e-01,-2.055840420953626957e+00,-5.940476654345300034e+00,6.347172836251723066e-06
5.400000000000004102e-02,9.424351123161965882e-01,-3.329764951425813746e-01,-2.093140129607318212e+00,-5.927429893265748539e+00,6.466930814294178825e-06
5.500000000000004191e-02,9.403233567990385566e-01,-3.388973040106028067e-01,-2.130356970652522719e+00,-5.914148837468375497e+00,6.586688792336632889e-06
5.600000000000004280e-02,9.381744264884810391e-01,-3.448047148947813723e-01,-2.167489471205427787e+00,-5.900634014233144597e+00,6.706446770379085260e-06
5.700000000000004369e-02,9.359884064600577647e-01,-3.506984942951842932e-01,-2.204536161749460987e+00,-5.886885960114128125e+00,6.826204748421535936e-06
5.800000000000004458e-02,9.337653832571107815e-01,-3.565784092530608906e-01,-2.241495576193872186e+00,-5.872905220917850500e+00,6.945962726463984919e-06
5.900000000000004546e-02,9.315054448873357762e-01,-3.624442273600841369e-01,-2.278366251932174791e+00,-5.858692351681252575e+00,7.065720704506432207e-06
6.000000000000004635e-02,9.292086808192684400e-01,-3.682957167675698362e-01,-2.315146729900441347e+00,-5.844247916649290886e+00,7.185478682548877801e-06
6.100000000000004724e-02,9.268751819787128809e-01,-3.741326461956732130e-01,-2.351835554635454795e+00,-5.829572489252162981e+00,7.305236660591321701e-06
6.200000000000004813e-02,9.245050407451119723e-01,-3.799547849425627399e-01,-2.388431274332710519e+00,-5.814666652082162379e+00,7.424994638633763061e-06
6.300000000000004208e-02,9.220983509478595241e-01,-3.857619028935703742e-01,-2.424932440904267850e+00,-5.799530996870170263e+00,7.544752616676202726e-06
6.400000000000004297e-02,9.196552078625549465e-01,-3.915537705303184235e-01,-2.461337610036447909e+00,-5.784166124461771474e+00,7.664510594718640697e-06
6.500000000000004385e-02,9.171757082072002909e-01,-3.973301589398219869e-01,-2.497645341247376027e+00,-5.768572644793012572e+00,7.784268572761076973e-06
6.600000000000004474e-02,9.146599501383396724e-01,-4.030908398235671375e-01,-2.533854197944367392e+00,-5.752751176865788629e+00,7.904026550803511556e-06
6.700000000000004563e-02,9.121080332471414032e-01,-4.088355855065645139e-01,-2.569962747481150167e+00,-5.736702348722866773e+00,8.023784528845942751e-06
6.800000000000004652e-02,9.095200585554230610e-01,-4.145641689463773205e-01,-2.605969561214927399e+00,-5.720426797422549114e+00,8.143542506888372252e-06
6.900000000000004741e-02,9.068961285116196036e-01,-4.202763637421241261e-01,-2.641873214563274175e+00,-5.703925169012971530e+00,8.263300484930800058e-06
7.000000000000004829e-02,9.042363469866945280e-01,-4.259719441434557941e-01,-2.677672287060866463e+00,-5.687198118506039179e+00,8.383058462973226171e-06
7.100000000000004918e-02,9.015408192699946310e-01,-4.316506850595058786e-01,-2.713365362416042093e+00,-5.670246309851005861e+00,8.502816441015648895e-06
7.200000000000005007e-02,8.988096520650480370e-01,-4.373123620678148193e-01,-2.748951028567186761e+00,-5.653070415907692770e+00,8.622574419058069925e-06
7.300000000000005096e-02,8.960429534853058264e-01,-4.429567514232268244e-01,-2.784427877738949508e+00,-5.635671118419350201e+00,8.742332397100489262e-06
7.400000000000005185e-02,8.932408330498282645e-01,-4.485836300667595533e-01,-2.819794506498279230e+00,-5.618049107985161328e+00,8.862090375142906904e-06
7.500000000000005274e-02,8.904034016789139638e-01,-4.541927756344463218e-01,-2.855049515810283101e+00,-5.600205084032390701e+00,8.981848353185321158e-06
7.600000000000005362e-02,8.875307716896742027e-01,-4.597839664661499959e-01,-2.890191511093903376e+00,-5.582139754788181918e+00,9.101606331227733718e-06
7.700000000000005451e-02,8.846230567915513987e-01,-4.653569816143486304e-01,-2.925219102277412553e+00,-5.563853837250996470e+00,9.221364309270144584e-06
7.800000000000005540e-02,8.816803720817818490e-01,-4.709116008528924091e-01,-2.960130903853721129e+00,-5.545348057161707089e+00,9.341122287312552061e-06
7.900000000000005629e-02,8.787028340408037375e-01,-4.764476046857312741e-01,-2.994925534935497957e+00,-5.526623148974335820e+00,9.460880265354957845e-06
8.000000000000005718e-02,8.756905605276097404e-01,-4.819647743556136343e-01,-3.029601619310100968e+00,-5.507679855826445703e+00,9.580638243397360241e-06
8.100000000000005806e-02,8.726436707750450106e-01,-4.874628918527545984e-01,-3.064157785494315611e+00,-5.488518929509182520e+00,9.700396221439760942e-06
8.200000000000005895e-02,8.695622853850505374e-01,-4.929417399234747310e-01,-3.098592666788897887e+00,-5.469141130436971920e+00,9.820154199482158255e-06
8.300000000000005984e-02,8.664465263238517734e-01,-4.984011020788078339e-01,-3.132904901332921099e+00,-5.449547227616867495e+00,9.939912177524553875e-06
8.400000000000006073e-02,8.632965169170935260e-01,-5.038407626030781961e-01,-3.167093132157924984e+00,-5.429737998617561345e+00,1.005967015556694611e-05
8.500000000000006162e-02,8.601123818449203373e-01,-5.092605065624465910e-01,-3.201156007241861001e+00,-5.409714229538042929e+00,1.017942813360933664e-05
8.600000000000006251e-02,8.568942471370030178e-01,-5.146601198134246324e-01,-3.235092179562835568e+00,-5.389476714975924843e+00,1.029918611165172379e-05
8.700000000000006339e-02,8.536422401675120009e-01,-5.200393890113577111e-01,-3.268900307152649010e+00,-5.369026257995423990e+00,1.041894408969410925e-05
8.800000000000006428e-02,8.503564896500369619e-01,-5.253981016188751241e-01,-3.302579053150124899e+00,-5.348363670095005240e+00,1.053870206773649131e-05
8.900000000000006517e-02,8.470371256324528142e-01,-5.307360459143082299e-01,-3.336127085854230234e+00,-5.327489771174685806e+00,1.065846004577887169e-05
9.000000000000006606e-02,8.436842794917336352e-01,-5.360530110000754078e-01,-3.369543078776983780e+00,-5.306405389503008330e+00,1.077821802382124867e-05
9.100000000000006695e-02,8.402980839287128578e-01,-5.413487868110340440e-01,-3.402825710696150363e+00,-5.285111361683673792e+00,1.089797600186362227e-05
9.200000000000006783e-02,8.368786729627915033e-01,-5.466231641227985438e-01,-3.435973665707717117e+00,-5.263608532621844915e+00,1.101773397990599417e-05
9.300000000000006872e-02,8.334261819265935678e-01,-5.518759345600252608e-01,-3.468985633278154790e+00,-5.241897755490119160e+00,1.113749195794836268e-05
9.400000000000006961e-02,8.299407474605697832e-01,-5.571068906046625635e-01,-3.501860308296455671e+00,-5.219979891694165097e+00,1.125724993599072781e-05
9.500000000000007050e-02,8.264225075075488647e-01,-5.623158256041663750e-01,-3.534596391125949033e+00,-5.197855810838039048e+00,1.137700791403309124e-05
9.600000000000007139e-02,8.228716013072376878e-01,-5.675025337796815172e-01,-3.567192587655893199e+00,-5.175526390689165979e+00,1.149676589207545129e-05
9.700000000000007228e-02,8.192881693906695073e-01,-5.726668102341870847e-01,-3.599647609352840227e+00,-5.152992517142999773e+00,1.161652387011780794e-05
9.800000000000007316e-02,8.156723535746008835e-01,-5.778084509606067343e-01,-3.631960173311771456e+00,-5.130255084187358428e+00,1.173628184816016121e-05
9.900000000000007405e-02,8.120242969558580937e-01,-5.829272528498833372e-01,-3.664129002307002114e+00,-5.107314993866435060e+00,1.185603982620251278e-05
1.000000000000000749e-01,8.083441439056323619e-01,-5.880230136990169942e-01,-3.696152824842853235e+00,-5.084173156244488290e+00,1.197579780424486097e-05
1.010000000000000758e-01,8.046320400637243520e-01,-5.930955322190666346e-01,-3.728030375204088642e+00,-5.060830489369212870e+00,1.209555578228720577e-05
1.020000000000000767e-01,8.008881323327390334e-01,-5.981446080431154222e-01,-3.759760393506113907e+00,-5.037287919234794131e+00,1.221531376032954718e-05
1.030000000000000776e-01,7.971125688722296987e-01,-6.031700417341984144e-01,-3.791341625744938160e+00,-5.013546379744641790e+00,1.233507173837188520e-05
1.040000000000000785e-01,7.933054990927926875e-01,-6.081716347931930278e-01,-3.822772823846892543e+00,-4.989606812673812897e+00,1.245482971641422152e-05
1.050000000000000794e-01,7.894670736501121500e-01,-6.131491896666716457e-01,-3.854052745718107520e+00,-4.965470167631119480e+00,1.257458769445655446e-05
1.060000000000000803e-01,7.855974444389556277e-01,-6.181025097547167002e-01,-3.885180155293743276e+00,-4.941137402020923552e+00,1.269434567249888401e-05
1.070000000000000812e-01,7.816967645871207848e-01,-6.230313994186964521e-01,-3.916153822586975419e+00,-4.916609481004623916e+00,1.281410365054121018e-05
1.080000000000000820e-01,7.777651884493325118e-01,-6.279356639890031344e-01,-3.946972523737728444e+00,-4.891887377461832997e+00,1.293386162858353295e-05
1.090000000000000829e-01,7.738028716010924013e-01,-6.328151097727513497e-01,-3.977635041061162724e+00,-4.866972071951249035e+00,1.305361960662585234e-05
1.100000000000000838e-01,7.698099708324790402e-01,-6.376695440614373878e-01,-4.008140163095903041e+00,-4.841864552671218291e+00,1.317337758466816833e-05
1.110000000000000847e-01,7.657866441419007852e-01,-6.424987751385593526e-01,-4.038486684652018432e+00,-4.816565815419999730e+00,1.329313556271048094e-05
1.120000000000000856e-01,7.617330507298001319e-01,-6.473026122871967658e-01,-4.068673406858739128e+00,-4.791076863555723264e+00,1.341289354075279017e-05
1.130000000000000865e-01,7.576493509923111214e-01,-6.520808657975505351e-01,-4.098699137211920807e+00,-4.765398707956050472e+00,1.353265151879509600e-05
1.140000000000000874e-01,7.535357065148688971e-01,-6.568333469744419562e-01,-4.128562689621242399e+00,-4.739532366977535105e+00,1.365240949683739845e-05
1.150000000000000883e-01,7.493922800657724093e-01,-6.615598681447713014e-01,-4.158262884457146313e+00,-4.713478866414688717e+00,1.377216747487969750e-05
1.160000000000000892e-01,7.452192355897003795e-01,-6.662602426649352205e-01,-4.187798548597512216e+00,-4.687239239458749651e+00,1.389192545292199317e-05
1.170000000000000900e-01,7.410167382011805248e-01,-6.709342849282026178e-01,-4.217168515474064350e+00,-4.660814526656159806e+00,1.401168343096428545e-05
1.180000000000000909e-01,7.367849541780127076e-01,-6.755818103720491186e-01,-4.246371625118513293e+00,-4.634205775866748311e+00,1.413144140900657435e-05
1.190000000000000918e-01,7.325240509546460110e-01,-6.802026354854492363e-01,-4.275406724208423270e+00,-4.607414042221627426e+00,1.425119938704885816e-05
1.200000000000000927e-01,7.282341971155099625e-01,-6.847965778161266837e-01,-4.304272666112812118e+00,-4.580440388080800673e+00,1.437095736509113858e-05
1.210000000000000936e-01,7.239155623883004598e-01,-6.893634559777617188e-01,-4.332968310937475920e+00,-4.553285882990482314e+00,1.449071534313341562e-05
1.220000000000000945e-01,7.195683176372205114e-01,-6.939030896571561913e-01,-4.361492525570039192e+00,-4.525951603640135268e+00,1.461047332117568926e-05
1.230000000000000954e-01,7.151926348561756797e-01,-6.984152996213549569e-01,-4.389844183724727067e+00,-4.498438633819224819e+00,1.473023129921795952e-05
1.240000000000000963e-01,7.107886871619257807e-01,-7.028999077247241045e-01,-4.418022165986859484e+00,-4.470748064373691655e+00,1.484998927726022470e-05
1.250000000000000833e-01,7.063566487871910660e-01,-7.073567369159858842e-01,-4.446025359857063819e+00,-4.442880993162146908e+00,1.496974725530248649e-05
1.260000000000000842e-01,7.018966950737153265e-01,-7.117856112452088935e-01,-4.473852659795205966e+00,-4.414838525011789194e+00,1.508950523334474489e-05
1.270000000000000850e-01,6.974090024652845887e-01,-7.161863558707549648e-01,-4.501502967264038091e+00,-4.386621771674047210e+00,1.520926321138699990e-05
1.280000000000000859e-01,6.928937485007027330e-01,-7.205587970661807562e-01,-4.528975190772557724e+00,-4.358231851779948762e+00,1.532902118942925152e-05
1.290000000000000868e-01,6.883511118067233703e-01,-7.249027622270950433e-01,-4.556268245919083526e+00,-4.329669890795218912e+00,1.544877916747149806e-05
1.300000000000000877e-01,6.837812720909395292e-01,-7.292180798779710482e-01,-4.583381055434037954e+00,-4.300937020975108105e+00,1.556853714551374122e-05
1.310000000000000886e-01,6.791844101346298235e-01,-7.335045796789129158e-01,-4.610312549222442158e+00,-4.272034381318950302e+00,1.568829512355598098e-05
1.320000000000000895e-01,6.745607077855630962e-01,-7.377620924323771145e-01,-4.637061664406115113e+00,-4.242963117524460870e+00,1.580805310159821736e-05
1.330000000000000904e-01,6.699103479507603209e-01,-7.419904500898479860e-01,-4.663627345365583210e+00,-4.213724381941765351e+00,1.592781107964044696e-05
1.340000000000000913e-01,6.652335145892154245e-01,-7.461894857584667751e-01,-4.690008543781686967e+00,-4.184319333527168894e+00,1.604756905768267317e-05
1.350000000000000921e-01,6.605303927045741430e-01,-7.503590337076150307e-01,-4.716204218676898208e+00,-4.154749137796667213e+00,1.616732703572489600e-05
1.360000000000000930e-01,6.558011683377716894e-01,-7.544989293754504889e-01,-4.742213336456332584e+00,-4.125014966779193770e+00,1.628708501376711543e-05
1.370000000000000939e-01,6.510460285596297858e-01,-7.586090093753966590e-01,-4.768034870948462789e+00,-4.095117998969620032e+00,1.640684299180932809e-05
1.380000000000000948e-01,6.462651614634133956e-01,-7.626891115025854484e-01,-4.793667803445530673e+00,-4.065059419281491060e+00,1.652660096985153736e-05
1.390000000000000957e-01,6.414587561573464880e-01,-7.667390747402516027e-01,-4.819111122743654718e+00,-4.034840418999519507e+00,1.664635894789374325e-05
1.400000000000000966e-01,6.366270027570883894e-01,-7.707587392660804060e-01,-4.844363825182631089e+00,-4.004462195731821161e+00,1.676611692593594574e-05
1.410000000000000975e-01,6.317700923781702782e-01,-7.747479464585069753e-01,-4.869424914685428263e+00,-3.973925953361906682e+00,1.688587490397814146e-05
1.420000000000000984e-01,6.268882171283924887e-01,-7.787065389029675933e-01,-4.894293402797375236e+00,-3.943232902000426865e+00,1.700563288202033380e-05
1.430000000000000993e-01,6.219815701001827346e-01,-7.826343603981023023e-01,-4.918968308725036209e+00,-3.912384257936674103e+00,1.712539086006252274e-05
1.440000000000001001e-01,6.170503453629152535e-01,-7.865312559619097588e-01,-4.943448659374774401e+00,-3.881381243589839158e+00,1.724514883810470829e-05
1.450000000000001010e-01,6.120947379551922030e-01,-7.903970718378522387e-01,-4.967733489391007673e+00,-3.850225087460031670e+00,1.736490681614688707e-05
1.460000000000001019e-01,6.071149438770865325e-01,-7.942316555009120149e-01,-4.991821841194140852e+00,-3.818917024079060862e+00,1.748466479418906246e-05
1.470000000000001028e-01,6.021111600823469967e-01,-7.980348556635985524e-01,-5.015712765018188968e+00,-3.787458293960979105e+00,1.760442277223123447e-05
1.480000000000001037e-01,5.970835844705659756e-01,-8.018065222819057425e-01,-5.039405318948081636e+00,-3.755850143552394993e+00,1.772418075027339969e-05
1.490000000000001046e-01,5.920324158793099922e-01,-8.055465065612196218e-01,-5.062898568956646805e+00,-3.724093825182551498e+00,1.784393872831556153e-05
1.500000000000001055e-01,5.869578540762137031e-01,-8.092546609621757980e-01,-5.086191588941274766e+00,-3.692190597013177200e+00,1.796369670635771998e-05
1.510000000000001064e-01,5.818600997510368078e-01,-8.129308392064669153e-01,-5.109283460760261519e+00,-3.660141722988107027e+00,1.808345468439987165e-05
1.520000000000001072e-01,5.767393545076850980e-01,-8.165748962825994939e-01,-5.132173274268826191e+00,-3.627948472782680511e+00,1.820321266244201994e-05
1.530000000000001081e-01,5.715958208561960907e-01,-8.201866884515998102e-01,-5.154860127354808697e+00,-3.595612121752914447e+00,1.832297064048416484e-05
1.540000000000001090e-01,5.664297022046881347e-01,-8.237660732526694840e-01,-5.177343125974037008e+00,-3.563133950884455281e+00,1.844272861852630296e-05
1.550000000000001099e-01,5.612412028512753226e-01,-8.273129095087889961e-01,-5.199621384185368456e+00,-3.530515246741312563e+00,1.856248659656843769e-05
1.560000000000001108e-01,5.560305279759468755e-01,-8.308270573322706909e-01,-5.221694024185404182e+00,-3.497757301414375686e+00,1.868224457461056565e-05
1.570000000000001117e-01,5.507978836324119998e-01,-8.343083781302598201e-01,-5.243560176342870527e+00,-3.464861412469714796e+00,1.880200255265269022e-05
1.580000000000001126e-01,5.455434767399112150e-01,-8.377567346101834067e-01,-5.265218979232671792e+00,-3.431828882896668986e+00,1.892176053069481140e-05
1.590000000000001135e-01,5.402675150749928212e-01,-8.411719907851480382e-01,-5.286669579669609043e+00,-3.398661021055725762e+00,1.904151850873692580e-05
1.600000000000001144e-01,5.349702072632563921e-01,-8.445540119792843692e-01,-5.307911132741765847e+00,-3.365359140626190459e+00,1.916127648677903682e-05
1.610000000000001152e-01,5.296517627710630727e-01,-8.479026648330398874e-01,-5.328942801843559174e+00,-3.331924560553650050e+00,1.928103446482114106e-05
1.620000000000001161e-01,5.243123918972127928e-01,-8.512178173084189448e-01,-5.349763758708451000e+00,-3.298358604997232213e+00,1.940079244286324191e-05
1.630000000000001170e-01,5.189523057645889503e-01,-8.544993386941696079e-01,-5.370373183441327747e+00,-3.264662603276665021e+00,1.952055042090533599e-05
1.640000000000001179e-01,5.135717163117710093e-01,-8.577470996109179957e-01,-5.390770264550535096e+00,-3.230837889819133224e+00,1.964030839894742667e-05
1.650000000000001188e-01,5.081708362846151239e-01,-8.609609720162488822e-01,-5.410954198979576191e+00,-3.196885804105940920e+00,1.976006637698951059e-05
1.660000000000001197e-01,5.027498792278033424e-01,-8.641408292097330079e-01,-5.430924192138467888e+00,-3.162807690618976597e+00,1.987982435503159111e-05
1.670000000000001206e-01,4.973090594763613925e-01,-8.672865458379009906e-01,-5.450679457934755057e+00,-3.128604898786985888e+00,1.999958233307366485e-05
1.680000000000001215e-01,4.918485921471459910e-01,-8.703979978991631672e-01,-5.470219218804179384e+00,-3.094278782931653815e+00,2.011934031111573521e-05
1.690000000000001223e-01,4.863686931303012884e-01,-8.734750627486755903e-01,-5.489542705741005335e+00,-3.059830702213497844e+00,2.023909828915779880e-05
1.700000000000001232e-01,4.808695790806854498e-01,-8.765176191031514019e-01,-5.508649158328000617e+00,-3.025262020577575761e+00,2.035885626719985899e-05
1.710000000000001241e-01,4.753514674092672587e-01,-8.795255470456184721e-01,-5.527537824766066699e+00,-2.990574106699008805e+00,2.047861424524191241e-05
1.720000000000001250e-01,4.698145762744933562e-01,-8.824987280301220816e-01,-5.546207961903523831e+00,-2.955768333928322722e+00,2.059837222328396244e-05
1.730000000000001259e-01,4.642591245736261696e-01,-8.854370448863729814e-01,-5.564658835265047898e+00,-2.920846080236609410e+00,2.071813020132600569e-05
1.740000000000001268e-01,4.586853319340534751e-01,-8.883403818243402750e-01,-5.582889719080252888e+00,-2.885808728160512260e+00,2.083788817936804556e-05
1.750000000000001277e-01,4.530934187045690953e-01,-8.912086244387895650e-01,-5.600899896311924309e+00,-2.850657664747035192e+00,2.095764615741007865e-05
1.760000000000001286e-01,4.474836059466258953e-01,-8.940416597137654797e-01,-5.618688658683902659e+00,-2.815394281498179829e+00,2.107740413545210496e-05
1.770000000000001295e-01,4.418561154255608581e-01,-8.968393760270190196e-01,-5.636255306708608970e+00,-2.780019974315411702e+00,2.119716211349412788e-05
1.780000000000001303e-01,4.362111696017929030e-01,-8.996016631543792830e-01,-5.653599149714217731e+00,-2.744536143443958576e+00,2.131692009153614403e-05
1.790000000000001312e-01,4.305489916219937818e-01,-9.023284122740692359e-01,-5.670719505871476329e+00,-2.708944193416942703e+00,2.143667806957815679e-05
1.800000000000001321e-01,4.248698053102321626e-01,-9.050195159709654158e-01,-5.687615702220164771e+00,-2.673245532999350083e+00,2.155643604762016278e-05
1.810000000000001330e-01,4.191738351590914569e-01,-9.076748682408019020e-01,-5.704287074695200133e+00,-2.637441575131837190e+00,2.167619402566216199e-05
1.820000000000001339e-01,4.134613063207618344e-01,-9.102943644943178869e-01,-5.720732968152382192e+00,-2.601533736874380498e+00,2.179595200370415780e-05
1.830000000000001348e-01,4.077324445981067580e-01,-9.128779015613486258e-01,-5.736952736393780228e+00,-2.565523439349768342e+00,2.191570998174614685e-05
1.840000000000001357e-01,4.019874764357039276e-01,-9.154253776948599874e-01,-5.752945742192756562e+00,-2.529412107686937361e+00,2.203546795978812912e-05
1.850000000000001366e-01,3.962266289108618000e-01,-9.179366925749260497e-01,-5.768711357318634825e+00,-2.493201170964159719e+00,2.215522593783010799e-05
1.860000000000001374e-01,3.904501297246113500e-01,-9.204117473126502968e-01,-5.784248962560998741e+00,-2.456892062152078005e+00,2.227498391587208010e-05
1.870000000000001383e-01,3.846582071926739066e-01,-9.228504444540290841e-01,-5.799557947753635645e+00,-2.420486218056594474e+00,2.239474189391404542e-05
1.880000000000001392e-01,3.788510902364050081e-01,-9.252526879837585927e-01,-5.814637711798109621e+00,-2.383985079261614182e+00,2.251449987195600736e-05
1.890000000000001401e-01,3.730290083737151097e-01,-9.276183833289838310e-01,-5.829487662686975824e+00,-2.347390090071646451e+00,2.263425784999796252e-05
1.900000000000001410e-01,3.671921917099669752e-01,-9.299474373629907920e-01,-5.844107217526622655e+00,-2.310702698454265569e+00,2.275401582803991091e-05
1.910000000000001419e-01,3.613408709288508103e-01,-9.322397584088405464e-01,-5.858495802559755106e+00,-2.273924355982432921e+00,2.287377380608185591e-05
1.920000000000001428e-01,3.554752772832366903e-01,-9.344952562429456044e-01,-5.872652853187504185e+00,-2.237056517776685016e+00,2.299353178412379413e-05
1.930000000000001437e-01,3.495956425860052286e-01,-9.367138420985888780e-01,-5.886577813991173969e+00,-2.200100642447186505e+00,2.311328976216572558e-05
1.940000000000001446e-01,3.437021992008567062e-01,-9.388954286693838025e-01,-5.900270138753616500e+00,-2.163058192035654415e+00,2.323304774020765024e-05
1.950000000000001454e-01,3.377951800330991072e-01,-9.410399301126772809e-01,-5.913729290480238099e+00,-2.125930631957151373e+00,2.335280571824957153e-05
1.960000000000001463e-01,3.318748185204150603e-01,-9.431472620528935646e-01,-5.926954741419637074e+00,-2.088719430941755828e+00,2.347256369629148603e-05
1.970000000000001472e-01,3.259413486236085733e-01,-9.452173415848200699e-01,-5.939945973083867514e+00,-2.051426060976104804e+00,2.359232167433339376e-05
1.980000000000001481e-01,3.199950048173315076e-01,-9.472500872768347957e-01,-5.952702476268334486e+00,-2.014051997244818537e+00,2.371207965237529471e-05
1.990000000000001490e-01,3.140360220807905112e-01,-9.492454191740750113e-01,-5.965223751071316194e+00,-1.976598718071804983e+00,2.383183763041719227e-05
2.000000000000001499e-01,3.080646358884345792e-01,-9.512032588015468804e-01,-5.977509306913110443e+00,-1.939067704861447083e+00,2.395159560845908306e-05
2.010000000000001508e-01,3.020810822006235186e-01,-9.531235291671766863e-01,-5.989558662554813395e+00,-1.901460442039676790e+00,2.407135358650096707e-05
2.020000000000001517e-01,2.960855974542779268e-01,-9.550061547648027727e-01,-6.001371346116716410e+00,-1.863778416994936737e+00,2.419111156454284431e-05
2.030000000000001525e-01,2.900784185535110193e-01,-9.568510615771086414e-01,-6.012946895096335176e+00,-1.826023120019032664e+00,2.431086954258471477e-05
2.040000000000001534e-01,2.840597828602425823e-01,-9.586581770784965428e-01,-6.024284856386057818e+00,-1.788196044247879035e+00,2.443062752062657845e-05
2.050000000000001543e-01,2.780299281847952164e-01,-9.604274302379020023e-01,-6.035384786290421744e+00,-1.750298685602140303e+00,2.455038549866843874e-05
2.060000000000001552e-01,2.719890927764739841e-01,-9.621587515215487274e-01,-6.046246250543009459e+00,-1.712332542727768692e+00,2.467014347671029226e-05
2.070000000000001561e-01,2.659375153141288473e-01,-9.638520728956442296e-01,-6.056868824322969580e+00,-1.674299116936444287e+00,2.478990145475213900e-05
2.080000000000001570e-01,2.598754348967011740e-01,-9.655073278290158267e-01,-6.067252092271159469e+00,-1.636199912145915647e+00,2.490965943279397897e-05
2.090000000000001579e-01,2.538030910337540358e-01,-9.671244512956866934e-01,-6.077395648505907744e+00,-1.598036434820247154e+00,2.502941741083581216e-05
2.100000000000001588e-01,2.477207236359869058e-01,-9.687033797773921817e-01,-6.087299096638402851e+00,-1.559810193909972886e+00,2.514917538887763857e-05
2.110000000000001597e-01,2.416285730057354808e-01,-9.702440512660365224e-01,-6.096962049787697069e+00,-1.521522700792160565e+00,2.526893336691945821e-05
2.120000000000001605e-01,2.355268798274563480e-01,-9.717464052660892415e-01,-6.106384130595331250e+00,-1.483175469210388231e+00,2.538869134496127107e-05
2.130000000000001614e-01,2.294158851581973024e-01,-9.732103827969216248e-01,-6.115564971239583869e+00,-1.444770015214635439e+00,2.550844932300308054e-05
2.140000000000001623e-01,2.232958304180537590e-01,-9.746359263950832297e-01,-6.124504213449333712e+00,-1.406307857101090963e+00,2.562820730104488324e-05
2.150000000000001632e-01,2.171669573806112863e-01,-9.760229801165175578e-01,-6.133201508517543310e+00,-1.367790515351881453e+00,2.574796527908667916e-05
2.160000000000001641e-01,2.110295081633749570e-01,-9.773714895387183299e-01,-6.141656517314361352e+00,-1.329219512574720818e+00,2.586772325712846830e-05
2.170000000000001650e-01,2.048837252181858470e-01,-9.786814017628243656e-01,-6.149868910299844060e+00,-1.290596373442485234e+00,2.598748123517025067e-05
2.180000000000001659e-01,1.987298513216248230e-01,-9.799526654156548444e-01,-6.157838367536290214e+00,-1.251922624632714198e+00,2.610723921321202626e-05
2.190000000000001668e-01,1.925681295654043113e-01,-9.811852306516835043e-01,-6.165564578700197806e+00,-1.213199794767040984e+00,2.622699719125379508e-05
2.200000000000001676e-01,1.863988033467483540e-01,-9.823790491549526660e-01,-6.173047243093833458e+00,-1.174429414350555589e+00,2.634675516929555711e-05
2.210000000000001685e-01,1.802221163587611474e-01,-9.835340741409259735e-01,-6.180286069656420800e+00,-1.135613015711101292e+00,2.646651314733731238e-05
2.220000000000001694e-01,1.740383125807846709e-01,-9.846502603582811819e-01,-6.187280776974945162e+00,-1.096752132938507707e+00,2.658627112537906086e-05
2.230000000000001703e-01,1.678476362687456591e-01,-9.857275640906413283e-01,-6.194031093294572798e+00,-1.057848301823763659e+00,2.670602910342080257e-05
2.240000000000001712e-01,1.616503319454924148e-01,-9.867659431582458396e-01,-6.200536756528684634e+00,-1.018903059798130784e+00,2.682578708146253751e-05
2.250000000000001721e-01,1.554466443911217133e-01,-9.877653569195600225e-01,-6.206797514268528104e+00,-9.799179458722022673e-01,2.694554505950426566e-05
2.260000000000001730e-01,1.492368186332962421e-01,-9.887257662728240470e-01,-6.212813123792480852e+00,-9.408945005749064228e-01,2.706530303754598705e-05
2.270000000000001739e-01,1.430210999375530756e-01,-9.896471336575406452e-01,-6.218583352074932513e+00,-9.018342658924605182e-01,2.718506101558770165e-05
2.280000000000001747e-01,1.367997337976033234e-01,-9.905294230559021917e-01,-6.224107975794776593e+00,-8.627387852072752050e-01,2.730481899362940948e-05
2.290000000000001756e-01,1.305729659256235353e-01,-9.913725999941559452e-01,-6.229386781343519530e+00,-8.236096032368130926e-01,2.742457697167111053e-05
2.300000000000001765e-01,1.243410422425392375e-01,-9.921766315439087824e-01,-6.234419564833005190e+00,-7.844482659724032469e-01,2.754433494971280481e-05
2.310000000000001774e-01,1.181042088683008501e-01,-9.929414863233700927e-01,-6.239206132102747659e+00,-7.452563206180146116e-01,2.766409292775448892e-05
2.320000000000001783e-01,1.118627121121525542e-01,-9.936671344985342769e-01,-6.243746298726883914e+00,-7.060353155289902372e-01,2.778385090579616625e-05
2.330000000000001792e-01,1.056167984628943179e-01,-9.943535477843010728e-01,-6.248039890020734788e+00,-6.667868001507454290e-01,2.790360888383783681e-05
2.340000000000001801e-01,9.936671457913760774e-02,-9.950006994455351528e-01,-6.252086741046982254e+00,-6.275123249574314777e-01,2.802336686187950060e-05
2.350000000000001810e-01,9.311270727955509030e-02,-9.956085642980642136e-01,-6.255886696621460352e+00,-5.882134413905684145e-01,2.814312483992115760e-05
2.360000000000001819e-01,8.685502353312478385e-02,-9.961771187096154501e-01,-6.259439611318556196e+00,-5.488917017976481239e-01,2.826288281796280783e-05
2.370000000000001827e-01,8.059391044936890791e-02,-9.967063406006910764e-01,-6.262745349476226409e+00,-5.095486593707108103e-01,2.838264079600445129e-05
2.380000000000001836e-01,7.432961526858800072e-02,-9.971962094453818981e-01,-6.265803785200626308e+00,-4.701858680848978733e-01,2.850239877404608796e-05
2.390000000000001845e-01,6.806238535209058194e-02,-9.976467062721198209e-01,-6.268614802370350070e+00,-4.308048826369823003e-01,2.862215675208771787e-05
2.400000000000001854e-01,6.179246817241871442e-02,-9.980578136643687426e-01,-6.271178294640286310e+00,-3.914072583838801855e-01,2.874191473012933760e-05
2.410000000000001863e-01,5.552011130356997171e-02,-9.984295157612540494e-01,-6.273494165445084647e+00,-3.519945512811451516e-01,2.886167270817095056e-05
2.420000000000001872e-01,4.924556241121610251e-02,-9.987617982581301623e-01,-6.275562328002233237e+00,-3.125683178214484492e-01,2.898143068621255675e-05
2.430000000000001881e-01,4.296906924291880869e-02,-9.990546484070871314e-01,-6.277382705314754396e+00,-2.731301149730470113e-01,2.910118866425415616e-05
2.440000000000001890e-01,3.669087961834301831e-02,-9.993080550173955023e-01,-6.278955230173507651e+00,-2.336815001182420970e-01,2.922094664229574879e-05
2.450000000000001898e-01,3.041124141946806997e-02,-9.995220084558895657e-01,-6.280279845159107310e+00,-1.942240309918305818e-01,2.934070462033733126e-05
2.460000000000001907e-01,2.413040258079715908e-02,-9.996965006472887660e-01,-6.281356502643454576e+00,-1.547592656195518612e-01,2.946046259837890695e-05
2.470000000000001916e-01,1.784861107956544485e-02,-9.998315250744582716e-01,-6.282185164790878851e+00,-1.152887622565323122e-01,2.958022057642047586e-05
2.480000000000001925e-01,1.156611492594720667e-02,-9.999270767786074821e-01,-6.282765803558895357e+00,-7.581407932573006048e-02,2.969997855446203800e-05
2.490000000000001934e-01,5.283162153262451442e-03,-9.999831523594269189e-01,-6.283098400698573727e+00,-3.633677535638241141e-02,2.981973653250358998e-05
2.500000000000001665e-01,-9.999991918166733357e-04,-9.999997499751638319e-01,-6.283182947754521130e+00,3.141591077541687482e-03,2.993949451054513517e-05
2.510000000000001674e-01,-7.283121059059241911e-03,-9.999768693426361876e-01,-6.283019446064476377e+00,4.261946141888166284e-02,3.005925248858667360e-05
2.520000000000001683e-01,-1.356595540446831928e-02,-9.999145117371850411e-01,-6.282607906758520322e+00,8.209527718881534653e-02,3.017901046662820524e-05
2.530000000000001692e-01,-1.984825420007274924e-02,-9.998126799925655117e-01,-6.281948350757897259e+00,1.215674800483767526e-01,3.029876844466972672e-05
2.540000000000001701e-01,-2.612976944371756677e-02,-9.996713785007761421e-01,-6.281040808773451722e+00,1.610345118599589009e-01,3.041852642271124143e-05
2.550000000000001710e-01,-3.241025316885265406e-02,-9.994906132118267506e-01,-6.279885321303676271e+00,2.004948147487994881e-01,3.053828440075274936e-05
2.560000000000001719e-01,-3.868945745431924543e-02,-9.992703916334448877e-01,-6.278481938632378245e+00,2.399468311644470109e-01,3.065804237879425051e-05
2.570000000000001728e-01,-4.496713443413393602e-02,-9.990107228307207876e-01,-6.276830720825955723e+00,2.793890039422046168e-01,3.077780035683574489e-05
2.580000000000001736e-01,-5.124303630726972925e-02,-9.987116174256909229e-01,-6.274931737730291559e+00,3.188197763645497229e-01,3.089755833487722571e-05
2.590000000000001745e-01,-5.751691534743380574e-02,-9.983730875968601648e-01,-6.272785068967258404e+00,3.582375922225264908e-01,3.101731631291869976e-05
2.600000000000001754e-01,-6.378852391284162149e-02,-9.979951470786624368e-01,-6.270390803930842694e+00,3.976408958771091573e-01,3.113707429096016703e-05
2.610000000000001763e-01,-7.005761445598691906e-02,-9.975778111608601950e-01,-6.267749041782881392e+00,4.370281323205336133e-01,3.125683226900162752e-05
2.620000000000001772e-01,-7.632393953340728399e-02,-9.971210966878824022e-01,-6.264859891448415929e+00,4.763977472375948707e-01,3.137659024704308124e-05
2.630000000000001781e-01,-8.258725181544486482e-02,-9.966250220581015506e-01,-6.261723471610659786e+00,5.157481870669078372e-01,3.149634822508452818e-05
2.640000000000001790e-01,-8.884730409600186118e-02,-9.960896072230489562e-01,-6.258339910705582376e+00,5.550778990621293429e-01,3.161610620312596157e-05
2.650000000000001799e-01,-9.510384930229041911e-02,-9.955148736865693238e-01,-6.254709346916112800e+00,5.943853313531388682e-01,3.173586418116738819e-05
2.660000000000001807e-01,-1.013566405045765312e-01,-9.949008445039140280e-01,-6.250831928165954565e+00,6.336689330071753057e-01,3.185562215920880803e-05
2.670000000000001816e-01,-1.076054309259175806e-01,-9.942475442807727770e-01,-6.246707812113023728e+00,6.729271540899278703e-01,3.197538013725022109e-05
2.680000000000001825e-01,-1.138499739518930853e-01,-9.935549991722452123e-01,-6.242337166142500671e+00,7.121584457265783819e-01,3.209513811529162737e-05
2.690000000000001834e-01,-1.200900231403283225e-01,-9.928232368817505593e-01,-6.237720167359499968e+00,7.513612601627923659e-01,3.221489609333302010e-05
2.700000000000001843e-01,-1.263253322310104731e-01,-9.920522866598765477e-01,-6.232857002581359218e+00,7.905340508256575305e-01,3.233465407137440606e-05
2.710000000000001852e-01,-1.325556551553968010e-01,-9.912421793031680473e-01,-6.227747868329547742e+00,8.296752723845659538e-01,3.245441204941578524e-05
2.720000000000001861e-01,-1.387807460463146014e-01,-9.903929471528537531e-01,-6.222392970821192471e+00,8.687833808120386525e-01,3.257417002745715764e-05
2.730000000000001870e-01,-1.450003592476524494e-01,-9.895046240935131410e-01,-6.216792525960225468e+00,9.078568334444895305e-01,3.269392800549851649e-05
2.740000000000001878e-01,-1.512142493240423990e-01,-9.885772455516820267e-01,-6.210946759328147770e+00,9.468940890429263790e-01,3.281368598353986857e-05
2.750000000000001887e-01,-1.574221710705328292e-01,-9.876108484943975085e-01,-6.204855906174418401e+00,9.858936078535873726e-01,3.293344396158121387e-05
2.760000000000001896e-01,-1.636238795222514086e-01,-9.866054714276827342e-01,-6.198520211406462366e+00,1.024853851668509286e+00,3.305320193962255239e-05
2.770000000000001905e-01,-1.698191299640579022e-01,-9.855611543949706066e-01,-6.191939929579300284e+00,1.063773283886026544e+00,3.317295991766388414e-05
2.780000000000001914e-01,-1.760076779401864022e-01,-9.844779389754674259e-01,-6.185115324884799648e+00,1.102650369571197331e+00,3.329271789570520233e-05
2.790000000000001923e-01,-1.821892792638767078e-01,-9.833558682824559138e-01,-6.178046671140547730e+00,1.141483575516156312e+00,3.341247587374651375e-05
2.800000000000001932e-01,-1.883636900269942960e-01,-9.821949869615379525e-01,-6.170734251778351442e+00,1.180271370300388645e+00,3.353223385178781839e-05
2.810000000000001941e-01,-1.945306666096385806e-01,-9.809953411888172603e-01,-6.163178359832355291e+00,1.219012224350926932e+00,3.365199182982910948e-05
2.820000000000001950e-01,-2.006899656897392359e-01,-9.797569786690216720e-01,-6.155379297926790727e+00,1.257704610002464918e+00,3.377174980787039379e-05
2.830000000000001958e-01,-2.068413442526399748e-01,-9.784799486335654661e-01,-6.147337378263341812e+00,1.296347001557387468e+00,3.389150778591167132e-05
2.840000000000001967e-01,-2.129845596006694763e-01,-9.771643018385517410e-01,-6.139052922608144947e+00,1.334937875345715952e+00,3.401126576395294208e-05
2.850000000000001976e-01,-2.191193693626992400e-01,-9.758100905627147270e-01,-6.130526262278408467e+00,1.373475709784962362e+00,3.413102374199419929e-05
2.860000000000001985e-01,-2.252455315036878125e-01,-9.744173686053025918e-01,-6.121757738128660975e+00,1.411958985439895287e+00,3.425078172003544972e-05
2.870000000000001994e-01,-2.313628043342110530e-01,-9.729861912839001814e-01,-6.112747700536628415e+00,1.450386185082210844e+00,3.437053969807669337e-05
2.880000000000002003e-01,-2.374709465199781044e-01,-9.715166154321923653e-01,-6.103496509388737223e+00,1.488755793750108802e+00,3.449029767611792348e-05
2.890000000000002012e-01,-2.435697170913327381e-01,-9.700086993976677618e-01,-6.094004534065248002e+00,1.527066298807771005e+00,3.461005565415914680e-05
2.900000000000002021e-01,-2.496588754527395149e-01,-9.684625030392630674e-01,-6.084272153425015262e+00,1.565316190004739871e+00,3.472981363220036335e-05
2.910000000000002029e-01,-2.557381813922547376e-01,-9.668780877249480987e-01,-6.074299755789882127e+00,1.603503959535193868e+00,3.484957161024157313e-05
2.920000000000002038e-01,-2.618073950909813319e-01,-9.652555163292514395e-01,-6.064087738928702898e+00,1.641628102097118846e+00,3.496932958828276935e-05
2.930000000000002047e-01,-2.678662771325077685e-01,-9.635948532307272441e-01,-6.053636510040997010e+00,1.679687114951372573e+00,3.508908756632395879e-05
2.940000000000002056e-01,-2.739145885123305257e-01,-9.618961643093628666e-01,-6.042946485740236184e+00,1.717679497980639791e+00,3.520884554436514146e-05
2.950000000000002065e-01,-2.799520906472593995e-01,-9.601595169439274269e-01,-6.032018092036763868e+00,1.755603753748275375e+00,3.532860352240631057e-05
2.960000000000002074e-01,-2.859785453848056602e-01,-9.583849800092618665e-01,-6.020851764320349631e+00,1.793458387557034905e+00,3.544836150044747291e-05
2.970000000000002083e-01,-2.919937150125526681e-01,-9.565726238735102749e-01,-6.009447947342378527e+00,1.831241907507688227e+00,3.556811947848862848e-05
2.980000000000002092e-01,-2.979973622675083922e-01,-9.547225203952925954e-01,-5.997807095197673632e+00,1.868952824557514880e+00,3.568787745652977049e-05
2.990000000000002101e-01,-3.039892503454397210e-01,-9.528347429208189334e-01,-5.985929671305956212e+00,1.906589652578679850e+00,3.580763543457090572e-05
3.000000000000002109e-01,-3.099691429101877893e-01,-9.509093662809454672e-01,-5.973816148392944392e+00,1.944150908416485635e+00,3.592739341261203418e-05
3.010000000000002118e-01,-3.159368041029644303e-01,-9.489464667881721827e-01,-5.961467008471087681e+00,1.981635111947499972e+00,3.604715139065314908e-05
3.020000000000002127e-01,-3.218919985516291438e-01,-9.469461222335829875e-01,-5.948882742819940006e+00,2.019040786137555887e+00,3.616690936869425721e-05
3.030000000000002136e-01,-3.278344913799462468e-01,-9.449084118837269841e-01,-5.936063851966173921e+00,2.056366457099622735e+00,3.628666734673535179e-05
3.040000000000002145e-01,-3.337640482168218181e-01,-9.428334164774426762e-01,-5.923010845663235990e+00,2.093610654151545791e+00,3.640642532477643959e-05
3.050000000000002154e-01,-3.396804352055201592e-01,-9.407212182226242225e-01,-5.909724242870638911e+00,2.130771909873650838e+00,3.652618330281752062e-05
3.060000000000002163e-01,-3.455834190128593275e-01,-9.385719007929305135e-01,-5.896204571732903688e+00,2.167848760166214195e+00,3.664594128085858809e-05
3.070000000000002172e-01,-3.514727668383854642e-01,-9.363855493244360728e-01,-5.882452369558138550e+00,2.204839744306794191e+00,3.676569925889964878e-05
3.080000000000002180e-01,-3.573482464235256395e-01,-9.341622504122254478e-01,-5.868468182796263477e+00,2.241743405007421419e+00,3.688545723694070270e-05
3.090000000000002189e-01,-3.632096260607184934e-01,-9.319020921069302021e-01,-5.854252567016882125e+00,2.278558288471647320e+00,3.700521521498174307e-05
3.100000000000002198e-01,-3.690566746025227829e-01,-9.296051639112087317e-01,-5.839806086886797587e+00,2.315282944451447111e+00,3.712497319302277666e-05
3.110000000000002207e-01,-3.748891614707031694e-01,-9.272715567761696809e-01,-5.825129316147176439e+00,2.351915926303976168e+00,3.724473117106379670e-05
3.120000000000002216e-01,-3.807068566652930253e-01,-9.249013630977384048e-01,-5.810222837590361067e+00,2.388455791048177623e+00,3.736448914910480996e-05
3.130000000000002225e-01,-3.865095307736337582e-01,-9.224946767129668102e-01,-5.795087243036328495e+00,2.424901099421238992e+00,3.748424712714581644e-05
3.140000000000002234e-01,-3.922969549793907662e-01,-9.200515928962870182e-01,-5.779723133308802829e+00,2.461250415934894242e+00,3.760400510518680938e-05
3.150000000000002243e-01,-3.980689010715448561e-01,-9.175722083557088515e-01,-5.764131118211015981e+00,2.497502308931570880e+00,3.772376308322779553e-05
3.160000000000002252e-01,-4.038251414533596817e-01,-9.150566212289609203e-01,-5.748311816501123772e+00,2.533655350640379389e+00,3.784352106126876814e-05
3.170000000000002260e-01,-4.095654491513240902e-01,-9.125049310795761981e-01,-5.732265855867270332e+00,2.569708117232943234e+00,3.796327903930973396e-05
3.180000000000002269e-01,-4.152895978240695452e-01,-9.099172388929214206e-01,-5.715993872902311423e+00,2.605659188879065891e+00,3.808303701735068624e-05
3.190000000000002278e-01,-4.209973617712620131e-01,-9.072936470721715274e-01,-5.699496513078190496e+00,2.641507149802235777e+00,3.820279499539163174e-05
3.200000000000002287e-01,-4.266885159424682605e-01,-9.046342594342278165e-01,-5.682774430719971903e+00,2.677250588334962433e+00,3.832255297343257046e-05
3.210000000000002296e-01,-4.323628359459956716e-01,-9.019391812055816970e-01,-5.665828288979533056e+00,2.712888096973946173e+00,3.844231095147349563e-05
3.220000000000002305e-01,-4.380200980577058090e-01,-8.992085190181229315e-01,-5.648658759808911078e+00,2.748418272435077636e+00,3.856206892951441402e-05
3.230000000000002314e-01,-4.436600792298011076e-01,-8.964423809048928105e-01,-5.631266523933313728e+00,2.783839715708263274e+00,3.868182690755531887e-05
3.240000000000002323e-01,-4.492825570995844786e-01,-8.936408762957830376e-01,-5.613652270823789259e+00,2.819151032112078514e+00,3.880158488559621693e-05
3.250000000000002331e-01,-4.548873099981912693e-01,-8.908041160131795477e-01,-5.595816698669556999e+00,2.854350831348242856e+00,3.892134286363710144e-05
3.260000000000002340e-01,-4.604741169592934114e-01,-8.879322122675524787e-01,-5.577760514350004861e+00,2.889437727555916435e+00,3.904110084167797918e-05
3.270000000000002349e-01,-4.660427577277755917e-01,-8.850252786529916316e-01,-5.559484433406347570e+00,2.924410339365816291e+00,3.916085881971884336e-05
3.280000000000002358e-01,-4.715930127683826689e-01,-8.820834301426875301e-01,-5.540989180012950932e+00,2.959267289954150115e+00,3.928061679775970077e-05
3.290000000000002367e-01,-4.771246632743383898e-01,-8.791067830843596331e-01,-5.522275486948325707e+00,2.994007207096365253e+00,3.940037477580054463e-05
3.300000000000002376e-01,-4.826374911759347963e-01,-8.760954551956299241e-01,-5.503344095565786631e+00,3.028628723220710306e+00,3.952013275384138170e-05
3.310000000000002385e-01,-4.881312791490923786e-01,-8.730495655593434323e-01,-5.484195755763780156e+00,3.063130475461608437e+00,3.963989073188220523e-05
3.320000000000002394e-01,-4.936058106238901400e-01,-8.699692346188354630e-01,-5.464831225955886218e+00,3.097511105712840163e+00,3.975964870992302198e-05
3.330000000000002403e-01,-4.990608697930655757e-01,-8.668545841731458701e-01,-5.445251273040488726e+00,3.131769260680532518e+00,3.987940668796382518e-05
3.340000000000002411e-01,-5.044962416204842315e-01,-8.637057373721802600e-01,-5.425456672370118305e+00,3.165903591935954164e+00,3.999916466600462160e-05
3.350000000000002420e-01,-5.099117118495783973e-01,-8.605228187118183492e-01,-5.405448207720471743e+00,3.199912755968114197e+00,4.011892264404540447e-05
3.360000000000002429e-01,-5.153070670117545493e-01,-8.573059540289701408e-01,-5.385226671259106368e+00,3.233795414236159793e+00,4.023868062208618056e-05
3.370000000000002438e-01,-5.206820944347694269e-01,-8.540552704965796993e-01,-5.364792863513809351e+00,3.267550233221576672e+00,4.035843860012694310e-05
3.380000000000002447e-01,-5.260365822510745248e-01,-8.507708966185768551e-01,-5.344147593340646374e+00,3.301175884480184397e+00,4.047819657816769886e-05
3.390000000000002456e-01,-5.313703194061280000e-01,-8.474529622247767291e-01,-5.323291677891691442e+00,3.334671044693926945e+00,4.059795455620844107e-05
3.400000000000002465e-01,-5.366830956666746033e-01,-8.441015984657279647e-01,-5.302225942582433404e+00,3.368034395722458552e+00,4.071771253424917651e-05
3.410000000000002474e-01,-5.419747016289924169e-01,-8.407169378075092236e-01,-5.280951221058868938e+00,3.401264624654519064e+00,4.083747051228989839e-05
3.420000000000002482e-01,-5.472449287271071716e-01,-8.372991140264747223e-01,-5.259468355164274023e+00,3.434360423859101452e+00,4.095722849033061350e-05
3.430000000000002491e-01,-5.524935692409724819e-01,-8.338482622039482539e-01,-5.237778194905666318e+00,3.467320491036403496e+00,4.107698646837131505e-05
3.440000000000002500e-01,-5.577204163046166618e-01,-8.303645187208665845e-01,-5.215881598419946918e+00,3.500143529268567644e+00,4.119674444641200983e-05
3.450000000000002509e-01,-5.629252639142556802e-01,-8.268480212523723338e-01,-5.193779431939735680e+00,3.532828247070205041e+00,4.131650242445269105e-05
3.460000000000002518e-01,-5.681079069363716982e-01,-8.232989087623562297e-01,-5.171472569758891247e+00,3.565373358438699292e+00,4.143626040249335872e-05
3.470000000000002527e-01,-5.732681411157567464e-01,-8.197173214979496247e-01,-5.148961894197724654e+00,3.597777582904293059e+00,4.155601838053401962e-05
3.480000000000002536e-01,-5.784057630835218733e-01,-8.161034009839661651e-01,-5.126248295567900293e+00,3.630039645579949958e+00,4.167577635857466696e-05
3.490000000000002545e-01,-5.835205703650707676e-01,-8.124572900172944978e-01,-5.103332672137035786e+00,3.662158277210995738e+00,4.179553433661530753e-05
3.500000000000002554e-01,-5.886123613880378524e-01,-8.087791326612412401e-01,-5.080215930092990995e+00,3.694132214224531641e+00,4.191529231465593455e-05
3.510000000000002562e-01,-5.936809354901904090e-01,-8.050690742398245447e-01,-5.056898983507857714e+00,3.725960198778622612e+00,4.203505029269655478e-05
3.520000000000002571e-01,-5.987260929272948395e-01,-8.013272613320184812e-01,-5.033382754301642059e+00,3.757640978811253696e+00,4.215480827073716147e-05
3.530000000000002580e-01,-6.037476348809464044e-01,-7.975538417659490120e-01,-5.009668172205650194e+00,3.789173308089057723e+00,4.227456624877775460e-05
3.540000000000002589e-01,-6.087453634663617663e-01,-7.937489646130407861e-01,-4.985756174725572976e+00,3.820555946255808966e+00,4.239432422681834096e-05
3.550000000000002598e-01,-6.137190817401351195e-01,-7.899127801821160810e-01,-4.961647707104271277e+00,3.851787658880683640e+00,4.251408220485891376e-05
3.560000000000002607e-01,-6.186685937079564601e-01,-7.860454400134452291e-01,-4.937343722284266434e+00,3.882867217506281055e+00,4.263384018289947979e-05
3.570000000000002616e-01,-6.235937043322923312e-01,-7.821470968727494144e-01,-4.912845180869934936e+00,3.913793399696410269e+00,4.275359816094003227e-05
3.580000000000002625e-01,-6.284942195400288201e-01,-7.782179047451555087e-01,-4.888153051089410006e+00,3.944564989083634732e+00,4.287335613898057119e-05
3.590000000000002633e-01,-6.333699462300759198e-01,-7.742580188291036114e-01,-4.863268308756190095e+00,3.975180775416574441e+00,4.299311411702110334e-05
3.600000000000002642e-01,-6.382206922809336991e-01,-7.702675955302078492e-01,-4.838191937230457818e+00,4.005639554606966968e+00,4.311287209506162193e-05
3.610000000000002651e-01,-6.430462665582197257e-01,-7.662467924550693255e-01,-4.812924927380112017e+00,4.035940128776481117e+00,4.323263007310213375e-05
3.620000000000002660e-01,-6.478464789221567433e-01,-7.621957684050431059e-01,-4.787468277541506723e+00,4.066081306303285459e+00,4.335238805114263202e-05
3.630000000000002669e-01,-6.526211402350217128e-01,-7.581146833699585752e-01,-4.761822993479911226e+00,4.096061901868365496e+00,4.347214602918311673e-05
3.640000000000002678e-01,-6.573700623685547750e-01,-7.540036985217934973e-01,-4.735990088349681493e+00,4.125880736501595258e+00,4.359190400722359466e-05
3.650000000000002687e-01,-6.620930582113281337e-01,-7.498629762083022232e-01,-4.709970582654149140e+00,4.155536637627550434e+00,4.371166198526405905e-05
3.660000000000002696e-01,-6.667899416760751929e-01,-7.456926799465982691e-01,-4.683765504205232411e+00,4.185028439111072807e+00,4.383141996330450988e-05
3.670000000000002705e-01,-6.714605277069785050e-01,-7.414929744166911529e-01,-4.657375888082764703e+00,4.214354981302577130e+00,4.395117794134495394e-05
3.680000000000002713e-01,-6.761046322869174174e-01,-7.372640254549783778e-01,-4.630802776593547776e+00,4.243515111083102198e+00,4.407093591938538444e-05
3.690000000000002722e-01,-6.807220724446743088e-01,-7.330060000476926740e-01,-4.604047219230125165e+00,4.272507681909099908e+00,4.419069389742580139e-05
3.700000000000002731e-01,-6.853126662620997456e-01,-7.287190663243037214e-01,-4.577110272629286492e+00,4.301331553856967638e+00,4.431045187546621156e-05
3.710000000000002740e-01,-6.898762328812358957e-01,-7.244033935508765731e-01,-4.549993000530293763e+00,4.329985593667315946e+00,4.443020985350660818e-05
3.720000000000002749e-01,-6.944125925113977527e-01,-7.200591521233852266e-01,-4.522696473732839451e+00,4.358468674788975150e+00,4.454996783154699125e-05
3.730000000000002758e-01,-6.989215664362127267e-01,-7.156865135609824513e-01,-4.495221770054734556e+00,4.386779677422732782e+00,4.466972580958736755e-05
3.740000000000002767e-01,-7.034029770206173815e-01,-7.112856504992260964e-01,-4.467569974289328449e+00,4.414917488564808146e+00,4.478948378762773029e-05
3.750000000000002776e-01,-7.078566477178114269e-01,-7.068567366832620991e-01,-4.439742178162661368e+00,4.442881002050055095e+00,4.490924176566807947e-05
3.760000000000002784e-01,-7.122824030761690794e-01,-7.023999469609643054e-01,-4.411739480290356674e+00,4.470669118594895686e+00,4.502899974370842189e-05
3.770000000000002793e-01,-7.166800687461070130e-01,-6.979154572760315478e-01,-4.383562986134243111e+00,4.498280745839984718e+00,4.514875772174875074e-05
3.780000000000002802e-01,-7.210494714869084554e-01,-6.934034446610423119e-01,-4.355213807958724814e+00,4.525714798392594496e+00,4.526851569978906605e-05
3.790000000000002811e-01,-7.253904391735042090e-01,-6.888640872304668816e-01,-4.326693064786883980e+00,4.552970197868732249e+00,4.538827367782936781e-05
3.800000000000002820e-01,-7.297028008032091506e-01,-6.842975641736376291e-01,-4.298001882356332182e+00,4.580045872934976892e+00,4.550803165586966278e-05
3.810000000000002829e-01,-7.339863865024143230e-01,-6.797040557476778933e-01,-4.269141393074800561e+00,4.606940759350037773e+00,4.562778963390994421e-05
3.820000000000002838e-01,-7.382410275332351723e-01,-6.750837432703890029e-01,-4.240112735975481328e+00,4.633653800006036327e+00,4.574754761195021208e-05
3.830000000000002847e-01,-7.424665563001142665e-01,-6.704368091130963325e-01,-4.210917056672109915e+00,4.660183944969502612e+00,4.586730558999047318e-05
3.840000000000002855e-01,-7.466628063563792717e-01,-6.657634366934543912e-01,-4.181555507313805542e+00,4.686530151522094734e+00,4.598706356803072072e-05
3.850000000000002864e-01,-7.508296124107559644e-01,-6.610638104682118321e-01,-4.152029246539654217e+00,4.712691384201029621e+00,4.610682154607095471e-05
3.860000000000002873e-01,-7.549668103338350589e-01,-6.563381159259354947e-01,-4.122339439433050146e+00,4.738666614839232238e+00,4.622657952411117515e-05
3.870000000000002882e-01,-7.590742371644937370e-01,-6.515865395796948123e-01,-4.092487257475790230e+00,4.764454822605193485e+00,4.634633750215138881e-05
3.880000000000002891e-01,-7.631517311162709927e-01,-6.468092689597064737e-01,-4.062473878501925206e+00,4.790054994042543868e+00,4.646609548019158892e-05
3.890000000000002900e-01,-7.671991315836965697e-01,-6.420064926059395605e-01,-4.032300486651369198e+00,4.815466123109334973e+00,4.658585345823177548e-05
3.900000000000002909e-01,-7.712162791485737134e-01,-6.371784000606816045e-01,-4.001968272323267684e+00,4.840687211217030494e+00,4.670561143627194848e-05
3.910000000000002918e-01,-7.752030155862149607e-01,-6.323251818610658992e-01,-3.971478432129131875e+00,4.865717267269202395e+00,4.682536941431211471e-05
3.920000000000002927e-01,-7.791591838716307450e-01,-6.274470295315599522e-01,-3.940832168845732397e+00,4.890555307699938403e+00,4.694512739235226739e-05
3.930000000000002935e-01,-7.830846281856713720e-01,-6.225441355764161910e-01,-3.910030691367760713e+00,4.915200356511947533e+00,4.706488537039240651e-05
3.940000000000002944e-01,-7.869791939211209231e-01,-6.176166934720842550e-01,-3.879075214660257398e+00,4.939651445314373390e+00,4.718464334843253208e-05
3.950000000000002953e-01,-7.908427276887437518e-01,-6.126648976595856499e-01,-3.847966959710811263e+00,4.963907613360305504e+00,4.730440132647264410e-05
3.960000000000002962e-01,-7.946750773232831300e-01,-6.076889435368514336e-01,-3.816707153481526671e+00,4.987967907583994887e+00,4.742415930451274934e-05
3.970000000000002971e-01,-7.984760918894114878e-01,-6.026890274510223744e-01,-3.785297028860767909e+00,5.011831382637764953e+00,4.754391728255284103e-05
3.980000000000002980e-01,-8.022456216876326929e-01,-5.976653466907126955e-01,-3.753737824614674867e+00,5.035497100928623126e+00,4.766367526059291917e-05
3.990000000000002989e-01,-8.059835182601353676e-01,-5.926180994782369593e-01,-3.722030785338457548e+00,5.058964132654566015e+00,4.778343323863298376e-05
4.000000000000002998e-01,-8.096896343965973575e-01,-5.875474849618014250e-01,-3.690177161407468986e+00,5.082231555840582615e+00,4.790319121667304156e-05
4.010000000000003006e-01,-8.133638241399414603e-01,-5.824537032076587684e-01,-3.658178208928059227e+00,5.105298456374346650e+00,4.802294919471308582e-05
4.020000000000003015e-01,-8.170059427920419726e-01,-5.773369551922280518e-01,-3.626035189688209481e+00,5.128163928041607811e+00,4.814270717275311652e-05
4.030000000000003024e-01,-8.206158469193811644e-01,-5.721974427941789454e-01,-3.593749371107955337e+00,5.150827072561266817e+00,4.826246515079313367e-05
4.040000000000003033e-01,-8.241933943586566835e-01,-5.670353687864809755e-01,-3.561322026189591039e+00,5.173286999620146709e+00,4.838222312883313727e-05
4.050000000000003042e-01,-8.277384442223386651e-01,-5.618509368284185790e-01,-3.528754433467665486e+00,5.195542826907447953e+00,4.850198110687312732e-05
4.060000000000003051e-01,-8.312508569041772155e-01,-5.566443514575717399e-01,-3.496047876958768619e+00,5.217593680148892687e+00,4.862173908491311059e-05
4.070000000000003060e-01,-8.347304940846589361e-01,-5.514158180817620991e-01,-3.463203646111107759e+00,5.239438693140556325e+00,4.874149706295308030e-05
4.080000000000003069e-01,-8.381772187364132654e-01,-5.461655429709662002e-01,-3.430223035753879213e+00,5.261077007782382076e+00,4.886125504099303647e-05
4.090000000000003078e-01,-8.415908951295684171e-01,-5.408937332491948746e-01,-3.397107346046436938e+00,5.282507774111380172e+00,4.898101301903297908e-05
4.100000000000003086e-01,-8.449713888370554704e-01,-5.356005968863395417e-01,-3.363857882427257806e+00,5.303730150334507343e+00,4.910077099707290814e-05
4.110000000000003095e-01,-8.483185667398623897e-01,-5.302863426899863120e-01,-3.330475955562707036e+00,5.324743302861230099e+00,4.922052897511282365e-05
4.120000000000003104e-01,-8.516322970322360852e-01,-5.249511802971971175e-01,-3.296962881295606884e+00,5.345546406335769163e+00,4.934028695315273238e-05
4.130000000000003113e-01,-8.549124492268328490e-01,-5.195953201662587562e-01,-3.263319980593607283e+00,5.366138643669017938e+00,4.946004493119262756e-05
4.140000000000003122e-01,-8.581588941598174980e-01,-5.142189735684008500e-01,-3.229548579497364624e+00,5.386519206070142118e+00,4.957980290923250918e-05
4.150000000000003131e-01,-8.613715039959104480e-01,-5.088223525794814961e-01,-3.195650009068526476e+00,5.406687293077856893e+00,4.969956088727237725e-05
4.160000000000003140e-01,-8.645501522333823852e-01,-5.034056700716426080e-01,-3.161625605337528455e+00,5.426642112591375522e+00,4.981931886531223178e-05
4.170000000000003149e-01,-8.676947137089970896e-01,-4.979691397049336721e-01,-3.127476709251200138e+00,5.446382880901036394e+00,4.993907684335207274e-05
4.180000000000003157e-01,-8.708050646029014130e-01,-4.925129759189057488e-01,-3.093204666620188448e+00,5.465908822718600568e+00,5.005883482139190016e-05
4.190000000000003166e-01,-8.738810824434627422e-01,-4.870373939241748329e-01,-3.058810828066193199e+00,5.485219171207223354e+00,5.017859279943171402e-05
4.200000000000003175e-01,-8.769226461120538385e-01,-4.815426096939557365e-01,-3.024296548969024556e+00,5.504313168011095492e+00,5.029835077747151433e-05
4.210000000000003184e-01,-8.799296358477839419e-01,-4.760288399555663852e-01,-2.989663189413477085e+00,5.523190063284753037e+00,5.041810875551130787e-05
4.220000000000003193e-01,-8.829019332521775842e-01,-4.704963021819028035e-01,-2.954912114136027945e+00,5.541849115722061292e+00,5.053786673355108785e-05
4.230000000000003202e-01,-8.858394212937992229e-01,-4.649452145828856797e-01,-2.920044692471359671e+00,5.560289592584861218e+00,5.065762471159085428e-05
4.240000000000003211e-01,-8.887419843128246955e-01,-4.593757960968779530e-01,-2.885062298298706196e+00,5.578510769731283681e+00,5.077738268963060715e-05
4.250000000000003220e-01,-8.916095080255591609e-01,-4.537882663820746454e-01,-2.849966309988031021e+00,5.596511931643730620e+00,5.089714066767034648e-05
4.260000000000003229e-01,-8.944418795289004187e-01,-4.481828458078646604e-01,-2.814758110346031739e+00,5.614292371456523156e+00,5.101689864571007225e-05
4.270000000000003237e-01,-8.972389873047488251e-01,-4.425597554461653260e-01,-2.779439086561980687e+00,5.631851390983209527e+00,5.113665662374978447e-05
4.280000000000003246e-01,-9.000007212243626986e-01,-4.369192170627295146e-01,-2.744010630153396857e+00,5.649188300743535507e+00,5.125641460178948313e-05
4.290000000000003255e-01,-9.027269725526592126e-01,-4.312614531084260627e-01,-2.708474136911556140e+00,5.666302419990081773e+00,5.137617257982916825e-05
4.300000000000003264e-01,-9.054176339524609984e-01,-4.255866867104939888e-01,-2.672831006846839941e+00,5.683193076734557536e+00,5.149593055786883981e-05
4.310000000000003273e-01,-9.080725994886877928e-01,-4.198951416637700662e-01,-2.637082644133923903e+00,5.699859607773754888e+00,5.161568853590849782e-05
4.320000000000003282e-01,-9.106917646324933502e-01,-4.141870424218911384e-01,-2.601230457056808554e+00,5.716301358715162984e+00,5.173544651394814227e-05
4.330000000000003291e-01,-9.132750262653469564e-01,-4.084626140884706214e-01,-2.565275857953698058e+00,5.732517684002241154e+00,5.185520449198777318e-05
4.340000000000003300e-01,-9.158222826830602070e-01,-4.027220824082500816e-01,-2.529220263161722215e+00,5.748507946939346525e+00,5.197496247002739053e-05
4.350000000000003308e-01,-9.183334335997582754e-01,-3.969656737582261119e-01,-2.493065092961509244e+00,5.764271519716320569e+00,5.209472044806700110e-05
4.360000000000003317e-01,-9.208083801517954470e-01,-3.911936151387524485e-01,-2.456811771521609788e+00,5.779807783432728385e+00,5.221447842610659813e-05
4.370000000000003326e-01,-9.232470249016154762e-01,-3.854061341646185523e-01,-2.420461726842773942e+00,5.795116128121756027e+00,5.233423640414618160e-05
4.380000000000003335e-01,-9.256492718415555432e-01,-3.796034590561040423e-01,-2.384016390702083932e+00,5.810195952773758776e+00,5.245399438218575151e-05
4.390000000000003344e-01,-9.280150263975949221e-01,-3.737858186300099250e-01,-2.347477198596943371e+00,5.825046665359461251e+00,5.257375236022530788e-05
4.400000000000003353e-01,-9.303441954330468056e-01,-3.679534422906666769e-01,-2.310845589688927504e+00,5.839667682852812902e+00,5.269351033826485069e-05
4.410000000000003362e-01,-9.326366872521948403e-01,-3.621065600209198987e-01,-2.274123006747494902e+00,5.854058431253491790e+00,5.281326831630437995e-05
4.420000000000003371e-01,-9.348924116038724863e-01,-3.562454023730933783e-01,-2.237310896093561929e+00,5.868218345609060194e+00,5.293302629434389566e-05
4.430000000000003380e-01,-9.371112796849861981e-01,-3.503702004599303366e-01,-2.200410707542945765e+00,5.882146870036770281e+00,5.305278427238339781e-05
4.440000000000003388e-01,-9.392932041439822077e-01,-3.444811859455128578e-01,-2.163423894349671972e+00,5.895843457745015392e+00,5.317254225042288641e-05
4.450000000000003397e-01,-9.414380990842561303e-01,-3.385785910361603368e-01,-2.126351913149156836e+00,5.909307571054433161e+00,5.329230022846236146e-05
4.460000000000003406e-01,-9.435458800675059488e-01,-3.326626484713067211e-01,-2.089196223901258254e+00,5.922538681418653361e+00,5.341205820650182296e-05
4.470000000000003415e-01,-9.456164641170280438e-01,-3.267335915143573244e-01,-2.051958289833204052e+00,5.935536269444694035e+00,5.353181618454127091e-05
4.480000000000003424e-01,-9.476497697209558257e-01,-3.207916539435253789e-01,-2.014639577382395519e+00,5.948299824913000577e+00,5.365157416258070530e-05
4.490000000000003433e-01,-9.496457168354413003e-01,-3.148370700426487701e-01,-1.977241556139091472e+00,5.960828846797133096e+00,5.377133214062012614e-05
4.500000000000003442e-01,-9.516042268877793475e-01,-3.088700745919871204e-01,-1.939765698788972204e+00,5.973122843283097616e+00,5.389109011865953343e-05
4.510000000000003451e-01,-9.535252227794740465e-01,-3.028909028589999441e-01,-1.902213481055586852e+00,5.985181331788316683e+00,5.401084809669892716e-05
4.520000000000003459e-01,-9.554086288892481571e-01,-2.968997905891058720e-01,-1.864586381642687307e+00,5.997003838980250023e+00,5.413060607473830057e-05
4.530000000000003468e-01,-9.572543710759940927e-01,-2.908969739964234469e-01,-1.826885882176449316e+00,6.008589900794651051e+00,5.425036405277766042e-05
4.540000000000003477e-01,-9.590623766816676055e-01,-2.848826897544937675e-01,-1.789113467147583680e+00,6.019939062453468104e+00,5.437012203081700672e-05
4.550000000000003486e-01,-9.608325745341231849e-01,-2.788571749869855898e-01,-1.751270623853338648e+00,6.031050878482387745e+00,5.448988000885633947e-05
4.560000000000003495e-01,-9.625648949498917251e-01,-2.728206672583829984e-01,-1.713358842339398391e+00,6.041924912728014796e+00,5.460963798689565866e-05
4.570000000000003504e-01,-9.642592697368996824e-01,-2.667734045646559249e-01,-1.675379615341676010e+00,6.052560738374696214e+00,5.472939596493496431e-05
4.580000000000003513e-01,-9.659156321971302805e-01,-2.607156253239142352e-01,-1.637334438228007061e+00,6.062957937960979926e+00,5.484915394297425640e-05
4.590000000000003522e-01,-9.675339171292263174e-01,-2.546475683670454404e-01,-1.599224808939742948e+00,6.073116103395716614e+00,5.496891192101353494e-05
4.600000000000003531e-01,-9.691140608310342408e-01,-2.485694729283364490e-01,-1.561052227933247494e+00,6.083034835973795573e+00,5.508866989905279992e-05
4.610000000000003539e-01,-9.706560011020898271e-01,-2.424815786360798309e-01,-1.522818198121298705e+00,6.092713746391520857e+00,5.520842787709205135e-05
4.620000000000003548e-01,-9.721596772460455727e-01,-2.363841255031648991e-01,-1.484524224814399496e+00,6.102152454761622380e+00,5.532818585513128923e-05
4.630000000000003557e-01,-9.736250300730387996e-01,-2.302773539176538875e-01,-1.446171815661995597e+00,6.111350590627905532e+00,5.544794383317051356e-05
4.640000000000003566e-01,-9.750520019020012530e-01,-2.241615046333437222e-01,-1.407762480593608423e+00,6.120307792979533090e+00,5.556770181120972434e-05
4.650000000000003575e-01,-9.764405365629096334e-01,-2.180368187603136942e-01,-1.369297731759879344e+00,6.129023710264945635e+00,5.568745978924892156e-05
4.660000000000003584e-01,-9.777905793989771777e-01,-2.119035377554593369e-01,-1.330779083473532687e+00,6.137498000405416931e+00,5.580721776728809845e-05
4.670000000000003593e-01,-9.791020772687863971e-01,-2.057619034130129532e-01,-1.292208052150255693e+00,6.145730330808238939e+00,5.592697574532726180e-05
4.680000000000003602e-01,-9.803749785483621970e-01,-1.996121578550512365e-01,-1.253586156249500538e+00,6.153720378379548883e+00,5.604673372336641159e-05
4.690000000000003610e-01,-9.816092331331861542e-01,-1.934545435219901244e-01,-1.214914916215208862e+00,6.161467829536779739e+00,5.616649170140554782e-05
4.700000000000003619e-01,-9.828047924401513979e-01,-1.872893031630673555e-01,-1.176195854416461462e+00,6.168972380220752783e+00,5.628624967944467051e-05
4.710000000000003628e-01,-9.839616094094578713e-01,-1.811166798268132871e-01,-1.137430495088056492e+00,6.176233735907397104e+00,5.640600765748377964e-05
4.720000000000003637e-01,-9.850796385064483074e-01,-1.749369168515100825e-01,-1.098620364271016614e+00,6.183251611619103194e+00,5.652576563552287522e-05
4.730000000000003646e-01,-9.861588357233849189e-01,-1.687502578556396293e-01,-1.059766989753028188e+00,6.190025731935707931e+00,5.664552361356195724e-05
4.740000000000003655e-01,-9.871991585811659142e-01,-1.625569467283208835e-01,-1.020871901008815419e+00,6.196555831005110093e+00,5.676528159160101894e-05
4.750000000000003664e-01,-9.882005661309830602e-01,-1.563572276197365274e-01,-9.819366291404509894e-01,6.202841652553518159e+00,5.688503956964006709e-05
4.760000000000003673e-01,-9.891630189559189601e-01,-1.501513449315497739e-01,-9.429627068176048565e-01,6.208882949895328629e+00,5.700479754767910168e-05
4.770000000000003681e-01,-9.900864791724846015e-01,-1.439395433073113462e-01,-9.039516682177346496e-01,6.214679485942632198e+00,5.712455552571812272e-05
4.780000000000003690e-01,-9.909709104320975070e-01,-1.377220676228572416e-01,-8.649050489662191143e-01,6.220231033214353111e+00,5.724431350375713021e-05
4.790000000000003699e-01,-9.918162779224996006e-01,-1.314991629766974479e-01,-8.258243860764373778e-01,6.225537373845016376e+00,5.736407148179612414e-05
4.800000000000003708e-01,-9.926225483691151208e-01,-1.252710746803960828e-01,-7.867112178897959218e-01,6.230598299593141931e+00,5.748382945983510452e-05
4.810000000000003717e-01,-9.933896900363486937e-01,-1.190380482489434150e-01,-7.475670840157053743e-01,6.235413611849272897e+00,5.760358743787406458e-05
4.820000000000003726e-01,-9.941176727288234538e-01,-1.128003293911199328e-01,-7.083935252715103381e-01,6.239983121643629005e+00,5.772334541591301108e-05
4.830000000000003735e-01,-9.948064677925587684e-01,-1.065581639998530172e-01,-6.691920836223727020e-01,6.244306649653387886e+00,5.784310339395194403e-05
4.840000000000003744e-01,-9.954560481160878993e-01,-1.003117981425665217e-01,-6.299643021211129845e-01,6.248384026209596875e+00,5.796286137199086342e-05
4.850000000000003753e-01,-9.960663881315158230e-01,-9.406147805152355323e-02,-5.907117248480099336e-01,6.252215091303710004e+00,5.808261935002976927e-05
4.860000000000003761e-01,-9.966374638155163224e-01,-8.780745011416299373e-02,-5.514358968505621572e-01,6.255799694593755511e+00,5.820237732806865478e-05
4.870000000000003770e-01,-9.971692526902691256e-01,-8.154996086342995720e-02,-5.121383640832126716e-01,6.259137695410128543e+00,5.832213530610752674e-05
4.880000000000003779e-01,-9.976617338243369826e-01,-7.528925696810073731e-02,-4.728206733470399215e-01,6.262228962761011708e+00,5.844189328414638515e-05
4.890000000000003788e-01,-9.981148878334815677e-01,-6.902558522310239808e-02,-4.334843722294171031e-01,6.265073375337422590e+00,5.856165126218523001e-05
4.900000000000003797e-01,-9.985286968814202080e-01,-6.275919253982763235e-02,-3.941310090436412894e-01,6.267670821517889124e+00,5.868140924022406131e-05
4.910000000000003806e-01,-9.989031446805212155e-01,-5.649032593644503358e-02,-3.547621327685359094e-01,6.270021199372749265e+00,5.880116721826287229e-05
4.920000000000003815e-01,-9.992382164924393795e-01,-5.021923252820529454e-02,-3.153792929880277485e-01,6.272124416668080293e+00,5.892092519630166971e-05
4.930000000000003824e-01,-9.995338991286906172e-01,-4.394615951774367285e-02,-2.759840398307016329e-01,6.273980390869250634e+00,5.904068317434045358e-05
4.940000000000003832e-01,-9.997901809511666738e-01,-3.767135418537906344e-02,-2.365779239093343256e-01,6.275589049144101317e+00,5.916044115237922390e-05
4.950000000000003841e-01,-1.000007051872588981e+00,-3.139506387941010807e-02,-1.971624962604102971e-01,6.276950328365752618e+00,5.928019913041798067e-05
4.960000000000003850e-01,-1.000184503356902121e+00,-2.511753600640865072e-02,-1.577393082836216487e-01,6.278064175115036782e+00,5.939995710845671711e-05
4.970000000000003859e-01,-1.000322528419606671e+00,-1.883901802151097954e-02,-1.183099116813544627e-01,6.278930545682554154e+00,5.951971508649543999e-05
4.980000000000003868e-01,-1.000421121628031873e+00,-1.255975741870717782e-02,-7.887585839816349531e-02,6.279549406070358941e+00,5.963947306453414932e-05
4.990000000000003877e-01,-1.000480279101547243e+00,-6.280001721128987587e-03,-3.943870056023809217e-02,6.279920731993270167e+00,5.975923104257284510e-05
5.000000000000003331e-01,-1.000499998511714006e+00,1.528663454500311936e-09,9.585138946444082819e-09,6.280044508879805143e+00,5.987898902061152055e-05
5.010000000000003340e-01,-1.000480279082376134e+00,6.280004778395629692e-03,3.943871973013699656e-02,6.279920731872742579e+00,5.999874699865018245e-05
5.020000000000003348e-01,-1.000421121589690543e+00,1.255976047579302271e-02,7.887587756692540641e-02,6.279549405829309094e+00,6.011850497668883080e-05
5.030000000000003357e-01,-1.000322528362096675e+00,1.883902107829550296e-02,1.183099308482214174e-01,6.278930545320990930e+00,6.023826295472745881e-05
5.040000000000003366e-01,-1.000184503280225679e+00,2.511753906277134490e-02,1.577393274478358087e-01,6.278064174632975281e+00,6.035802093276607328e-05
5.050000000000003375e-01,-1.000007051776748979e+00,3.139506693523047565e-02,1.971625154212138520e-01,6.276950327763211490e+00,6.047777891080467419e-05
5.060000000000003384e-01,-9.997901808361669973e-01,3.767135724053663481e-02,2.365779430659696869e-01,6.275589048421104543e+00,6.059753688884326155e-05
5.070000000000003393e-01,-9.995338989945358188e-01,4.394616257211799576e-02,2.759840589824113510e-01,6.273980390025826637e+00,6.071729486688182858e-05
5.080000000000003402e-01,-9.992382163391347882e-01,5.021923558167595142e-02,3.153793121340545125e-01,6.272124415704262823e+00,6.083705284492038206e-05
5.090000000000003411e-01,-9.989031445080729377e-01,5.649032898889164850e-02,3.547621519081226582e-01,6.270021198288576514e+00,6.095681082295892198e-05
5.100000000000003419e-01,-9.985286966898350158e-01,6.275919559112985713e-02,3.941310281760312950e-01,6.267670820313403723e+00,6.107656880099744158e-05
5.110000000000003428e-01,-9.981148876227670108e-01,6.902558827313994005e-02,4.334843913538538041e-01,6.265073374012672502e+00,6.119632677903594762e-05
5.120000000000003437e-01,-9.976617335945013876e-01,7.528926001675334545e-02,4.728206924627672003e-01,6.262228961316049336e+00,6.131608475707444011e-05
5.130000000000003446e-01,-9.971692524413217074e-01,8.154996391057746374e-02,5.121383831894746885e-01,6.259137693845010730e+00,6.143584273511291905e-05
5.140000000000003455e-01,-9.966374635474668509e-01,8.780745315968525866e-02,5.514359159466034610e-01,6.255799692908544429e+00,6.155560071315138444e-05
5.150000000000003464e-01,-9.960663878443749564e-01,9.406148109530051982e-02,5.907117439330754616e-01,6.252215089498472267e+00,6.167535869118982272e-05
5.160000000000003473e-01,-9.954560478098669618e-01,1.003118011844781887e-01,6.299643211944480070e-01,6.248384024284404425e+00,6.179511666922824745e-05
5.170000000000003482e-01,-9.948064674672698615e-01,1.065581670397794667e-01,6.691921026832231556e-01,6.244306647608317107e+00,6.191487464726665862e-05
5.180000000000003491e-01,-9.941176723844794560e-01,1.128003324289413023e-01,7.083935443191224923e-01,6.239983119478760720e+00,6.203463262530505625e-05
5.190000000000003499e-01,-9.933896896729631498e-01,1.190380512845399530e-01,7.475671030493261648e-01,6.235413609564692372e+00,6.215439060334344032e-05
5.200000000000003508e-01,-9.926225479867023527e-01,1.252710777136481213e-01,7.867112369086727286e-01,6.230598297188939760e+00,6.227414858138181084e-05
5.210000000000003517e-01,-9.918162775210748183e-01,1.314991660074854019e-01,8.258244050798183578e-01,6.225537371321287594e+00,6.239390655942015425e-05
5.220000000000003526e-01,-9.909709100116765867e-01,1.377220706510616233e-01,8.649050679533527575e-01,6.220231030571198083e+00,6.251366453745848411e-05
5.230000000000003535e-01,-9.900864787330840855e-01,1.439395463328127789e-01,9.039516871878703341e-01,6.214679483180154840e+00,6.263342251549680042e-05
5.240000000000003544e-01,-9.891630184975562790e-01,1.501513479542289919e-01,9.429627257699925158e-01,6.208882947013639075e+00,6.275318049353510318e-05
5.250000000000003553e-01,-9.882005656536763105e-01,1.563572306394743761e-01,9.819366480743412229e-01,6.202841649552730097e+00,6.287293847157339238e-05
5.260000000000003562e-01,-9.871991580849339698e-01,1.625569497449983192e-01,1.020871919923459492e+00,6.196555827885342538e+00,6.299269644961166803e-05
5.270000000000003570e-01,-9.861588352082474307e-01,1.687502608691377193e-01,1.059767008647678255e+00,6.190025728697085228e+00,6.311245442764991658e-05
5.280000000000003579e-01,-9.850796379724257035e-01,1.749369198617100052e-01,1.098620383144925716e+00,6.183251608261753240e+00,6.323221240568815157e-05
5.290000000000003588e-01,-9.839616088565712460e-01,1.811166828335964152e-01,1.137430513940478560e+00,6.176233732431453127e+00,6.335197038372637301e-05
5.300000000000003597e-01,-9.828047918684226225e-01,1.872893061663151171e-01,1.176195873246650869e+00,6.168972376626352450e+00,6.347172836176458090e-05
5.310000000000003606e-01,-9.816092325426377663e-01,1.934545465215841420e-01,1.214914935022421094e+00,6.161467825824065159e+00,6.359148633980277524e-05
5.320000000000003615e-01,-9.803749779390175112e-01,1.996121608508732992e-01,1.253586175032992189e+00,6.153720374548666605e+00,6.371124431784094247e-05
5.330000000000003624e-01,-9.791020766406695053e-01,2.057619064049449331e-01,1.292208070909284023e+00,6.145730326859341730e+00,6.383100229587909615e-05
5.340000000000003633e-01,-9.777905787521129488e-01,2.119035407433833007e-01,1.330779102207356068e+00,6.137497996338660222e+00,6.395076027391723627e-05
5.350000000000003642e-01,-9.764405358973236027e-01,2.180368217441118750e-01,1.369297750467757258e+00,6.129023706080491074e+00,6.407051825195536285e-05
5.360000000000003650e-01,-9.750520012177198437e-01,2.241615076128984918e-01,1.407762499274801238e+00,6.120307788677545879e+00,6.419027622999347587e-05
5.370000000000003659e-01,-9.736250293700889902e-01,2.302773568928477843e-01,1.446171834315764793e+00,6.111350586208556201e+00,6.431003420803156178e-05
5.380000000000003668e-01,-9.721596765244551186e-01,2.363841284738806559e-01,1.484524243440007440e+00,6.102152450225085900e+00,6.442979218606963415e-05
5.390000000000003677e-01,-9.706560003618872612e-01,2.424815816022003467e-01,1.522818216718009321e+00,6.092713741737976640e+00,6.454955016410769296e-05
5.400000000000003686e-01,-9.691140600722488729e-01,2.485694758897447898e-01,1.561052246500325369e+00,6.083034831203428361e+00,6.466930814214573821e-05
5.410000000000003695e-01,-9.675339163518882346e-01,2.546475713236248661e-01,1.599224827476454225e+00,6.073116098508715588e+00,6.478906612018375637e-05
5.420000000000003704e-01,-9.659156314012701250e-01,2.607156282755481724e-01,1.637334456733618770e+00,6.062957932957538709e+00,6.490882409822176097e-05
5.430000000000003713e-01,-9.642592689225488733e-01,2.667734075112280223e-01,1.675379633815456515e+00,6.052560733255012870e+00,6.502858207625975202e-05
5.440000000000003721e-01,-9.625648941170825701e-01,2.728206701997771266e-01,1.713358860780617388e+00,6.041924907492291830e+00,6.514834005429772951e-05
5.450000000000003730e-01,-9.608325736828886576e-01,2.788571779230857861e-01,1.751270642261267163e+00,6.031050873130832102e+00,6.526809803233569345e-05
5.460000000000003739e-01,-9.590623758120413456e-01,2.848826926851842911e-01,1.789113485521493851e+00,6.019939056986292059e+00,6.538785601037363029e-05
5.470000000000003748e-01,-9.572543701880104061e-01,2.908969769215888346e-01,1.826885900515615058e+00,6.008589895212070431e+00,6.550761398841155358e-05
5.480000000000003757e-01,-9.554086279829421269e-01,2.968997935086308271e-01,1.864586399946383422e+00,5.997003833282486873e+00,6.562737196644946331e-05
5.490000000000003766e-01,-9.535252218548815328e-01,3.028909057727693921e-01,1.902213499323089918e+00,5.985181325975595712e+00,6.574712994448735949e-05
5.500000000000003775e-01,-9.516042259449368768e-01,3.088700774998862086e-01,1.939765717019560132e+00,5.973122837355648862e+00,6.586688792252522857e-05
5.510000000000003784e-01,-9.496457158743862870e-01,3.148370729445628680e-01,1.977241574332043728e+00,5.960828840755191926e+00,6.598664590056308409e-05
5.520000000000003793e-01,-9.476497687417261284e-01,3.207916568393401335e-01,2.014639595536992456e+00,5.948299818756805912e+00,6.610640387860092606e-05
5.530000000000003801e-01,-9.456164631196624093e-01,3.267335944039585494e-01,2.051958307948728244e+00,5.935536263174490124e+00,6.622616185663875448e-05
5.540000000000003810e-01,-9.435458790520437899e-01,3.326626513545805630e-01,2.089196241976993829e+00,5.922538675034688005e+00,6.634591983467655579e-05
5.550000000000003819e-01,-9.414380980507376373e-01,3.385785939129931088e-01,2.126351931184389255e+00,5.909307564556958603e+00,6.646567781271434355e-05
5.560000000000003828e-01,-9.392932030924482367e-01,3.444811888157912061e-01,2.163423912343688471e+00,5.895843451134289204e+00,6.658543579075211776e-05
5.570000000000003837e-01,-9.371112786154783825e-01,3.503702033235411295e-01,2.200410725495034914e+00,5.882146863313054475e+00,6.670519376878987841e-05
5.580000000000003846e-01,-9.348924105164330145e-01,3.562454052299237617e-01,2.237310914003014517e+00,5.868218338772621223e+00,6.682495174682761196e-05
5.590000000000003855e-01,-9.326366861468667890e-01,3.621065628708572959e-01,2.274123024613602606e+00,5.854058424304599662e+00,6.694470972486533196e-05
5.600000000000003864e-01,-9.303441943098738065e-01,3.679534451335987333e-01,2.310845607510984223e+00,5.839667675791742951e+00,6.706446770290303840e-05
5.610000000000003872e-01,-9.280150252566213842e-01,3.737858214658246192e-01,2.347477216374244779e+00,5.825046658186493254e+00,6.718422568094073130e-05
5.620000000000003881e-01,-9.256492706828266526e-01,3.796034618846896302e-01,2.384016408433927481e+00,5.810195945489176950e+00,6.730398365897839708e-05
5.630000000000003890e-01,-9.232470237251769740e-01,3.854061369858635122e-01,2.420461744528458858e+00,5.795116120725849029e+00,6.742374163701604932e-05
5.640000000000003899e-01,-9.208083789576938516e-01,3.911936179525455914e-01,2.456811789160436632e+00,5.779807775925788427e+00,6.754349961505368800e-05
5.650000000000003908e-01,-9.183334323880407712e-01,3.969656765644565821e-01,2.493065110552780794e+00,5.764271512098644301e+00,6.766325759309129958e-05
5.660000000000003917e-01,-9.158222814537747558e-01,4.027220852068073009e-01,2.529220280704743473e+00,5.748507939211236817e+00,6.778301557112889760e-05
5.670000000000003926e-01,-9.132750250185421859e-01,4.084626168792442891e-01,2.565275875447775800e+00,5.732517676164003539e+00,6.790277354916648207e-05
5.680000000000003935e-01,-9.106917633682185542e-01,4.141870452047712869e-01,2.601230474501251333e+00,5.716301350767107436e+00,6.802253152720405299e-05
5.690000000000003944e-01,-9.080725982069929314e-01,4.198951444386470611e-01,2.637082661528042049e+00,5.699859599716195824e+00,6.814228950524159681e-05
5.700000000000003952e-01,-9.054176326533966979e-01,4.255866894772584730e-01,2.672831024189946447e+00,5.683193068567814699e+00,6.826204748327912707e-05
5.710000000000003961e-01,-9.027269712362767651e-01,4.312614558669690124e-01,2.708474154202965334e+00,5.666302411714478460e+00,6.838180546131664378e-05
5.720000000000003970e-01,-9.000007198907141737e-01,4.369192198129421834e-01,2.744010647392425284e+00,5.649188292359398567e+00,6.850156343935413338e-05
5.730000000000003979e-01,-8.972389859538869583e-01,4.425597581879393561e-01,2.779439103747947115e+00,5.631851382490871138e+00,6.862132141739160944e-05
5.740000000000003988e-01,-8.944418781608786118e-01,4.481828485410920271e-01,2.814758127478257155e+00,5.614292362856319940e+00,6.874107939542907194e-05
5.750000000000003997e-01,-8.916095066404314817e-01,4.537882691066476015e-01,2.849966327065838190e+00,5.596511922936001859e+00,6.886083737346652088e-05
5.760000000000004006e-01,-8.887419829106459890e-01,4.593757988126891956e-01,2.885062315321420545e+00,5.578510760916374878e+00,6.898059535150394272e-05
5.770000000000004015e-01,-8.858394198746247783e-01,4.649452172898281832e-01,2.920044709438308406e+00,5.560289583663121427e+00,6.910035332954135101e-05
5.780000000000004023e-01,-8.829019318160635788e-01,4.704963048798699310e-01,2.954912131046540935e+00,5.541849106693844007e+00,6.922011130757874575e-05
5.790000000000004032e-01,-8.799296343947872190e-01,4.760288426444517773e-01,2.989663206266885531e+00,5.523190054150414419e+00,6.933986928561611338e-05
5.800000000000004041e-01,-8.769226446422317967e-01,4.815426123736534780e-01,3.024296565764662770e+00,5.504313158770997916e+00,6.945962726365346746e-05
5.810000000000004050e-01,-8.738810809568735571e-01,4.870373965945793415e-01,3.058810844803397710e+00,5.485219161861732751e+00,6.957938524169080799e-05
5.820000000000004059e-01,-8.708050630996037045e-01,4.925129785799118309e-01,3.093204683298297564e+00,5.465908813268086419e+00,6.969914321972812141e-05
5.830000000000004068e-01,-8.676947121890503656e-01,4.979691423564364672e-01,3.127476725869555274e+00,5.446382871345872623e+00,6.981890119776542128e-05
5.840000000000004077e-01,-8.645501506968467087e-01,5.034056727135376441e-01,3.161625621895472804e+00,5.426642102931941380e+00,6.993865917580270760e-05
5.850000000000004086e-01,-8.613715024428465483e-01,5.088223552116647452e-01,3.195650025565405894e+00,5.406687283314534298e+00,7.005841715383996681e-05
5.860000000000004095e-01,-8.581588925902867704e-01,5.142189761907685064e-01,3.229548595932527189e+00,5.386519196203317428e+00,7.017817513187721247e-05
5.870000000000004103e-01,-8.549124476408973550e-01,5.195953227787075690e-01,3.263319996966404180e+00,5.366138633699081062e+00,7.029793310991444457e-05
5.880000000000004112e-01,-8.516322954299585524e-01,5.249511828996241691e-01,3.296962897605391074e+00,5.345546396263115341e+00,7.041769108795166313e-05
5.890000000000004121e-01,-8.483185651213061007e-01,5.302863452822891288e-01,3.330475971808834146e+00,5.324743292686258123e+00,7.053744906598885458e-05
5.900000000000004130e-01,-8.449713872022843741e-01,5.356005994684158722e-01,3.363857898609085684e+00,5.303730140057619558e+00,7.065720704402603247e-05
5.910000000000004139e-01,-8.415908934786471285e-01,5.408937358209430224e-01,3.397107362163326538e+00,5.282507763732983364e+00,7.077696502206319682e-05
5.920000000000004148e-01,-8.381772170694071766e-01,5.461655455322849129e-01,3.430223051805193712e+00,5.261076997302887470e+00,7.089672300010033405e-05
5.930000000000004157e-01,-8.347304924016337724e-01,5.514158206325504574e-01,3.463203662096212998e+00,5.239438682560377814e+00,7.101648097813745774e-05
5.940000000000004166e-01,-8.312508552051995903e-01,5.566443539977292687e-01,3.496047892877033103e+00,5.217593669468448603e+00,7.113623895617455432e-05
5.950000000000004174e-01,-8.277384425074757468e-01,5.618509393578452471e-01,3.528754449318460384e+00,5.195542816127161956e+00,7.125599693421163735e-05
5.960000000000004183e-01,-8.241933926279761957e-01,5.670353713050770850e-01,3.561322041972290187e+00,5.173286988740445125e+00,7.137575491224870683e-05
5.970000000000004192e-01,-8.206158451729516079e-01,5.721974453018453532e-01,3.593749386821935676e+00,5.150827061582580413e+00,7.149551289028574920e-05
5.980000000000004201e-01,-8.170059410299324032e-01,5.773369576888660593e-01,3.626035205332850175e+00,5.128163916964370905e+00,7.161527086832277802e-05
5.990000000000004210e-01,-8.133638223622214891e-01,5.824537056931698986e-01,3.658178224502742104e+00,5.105298445198998003e+00,7.173502884635979328e-05
6.000000000000004219e-01,-8.096896326033372615e-01,5.875474874360878674e-01,3.690177176911579426e+00,5.082231544567563652e+00,7.185478682439678144e-05
6.010000000000004228e-01,-8.059835164514060901e-01,5.926181019412012363e-01,3.722030800771382708e+00,5.058964121284323490e+00,7.197454480243375605e-05
6.020000000000004237e-01,-8.022456198635057323e-01,5.976653491422577735e-01,3.753737839975805457e+00,5.035497089461606457e+00,7.209430278047071711e-05
6.030000000000004245e-01,-7.984760900499587866e-01,6.026890298910517751e-01,3.785297044149497303e+00,5.011831371074427999e+00,7.221406075850765106e-05
6.040000000000004254e-01,-7.946750754685774076e-01,6.076889459652690118e-01,3.816707168697250907e+00,4.987967895924795059e+00,7.233381873654457146e-05
6.050000000000004263e-01,-7.908427258188583941e-01,6.126649000762957042e-01,3.847966974852929489e+00,4.963907601605704656e+00,7.245357671458147830e-05
6.060000000000004272e-01,-7.869791920361298709e-01,6.176166958769916393e-01,3.879075229728171870e+00,4.939651433464836039e+00,7.257333469261835804e-05
6.070000000000004281e-01,-7.830846262856491213e-01,6.225441379694262034e-01,3.910030706360875907e+00,4.915200344567942636e+00,7.269309267065522423e-05
6.080000000000004290e-01,-7.791591819566523469e-01,6.274470319125783346e-01,3.940832183763456342e+00,4.890555295661938473e+00,7.281285064869206331e-05
6.090000000000004299e-01,-7.752030136563561324e-01,6.323251842299989489e-01,3.971478446970875265e+00,4.865717255137683495e+00,7.293260862672888885e-05
6.100000000000004308e-01,-7.712162772039107272e-01,6.371784024174360628e-01,4.001968287088444320e+00,4.840687198992473128e+00,7.305236660476570082e-05
6.110000000000004317e-01,-7.671991296243062530e-01,6.420064949504226126e-01,4.032300501339395993e+00,4.815466110792223198e+00,7.317212458280248570e-05
6.120000000000004325e-01,-7.631517291422308391e-01,6.468092712918257492e-01,4.062473893112223067e+00,4.790054981633364406e+00,7.329188256083925702e-05
6.130000000000004334e-01,-7.590742351758816842e-01,6.515865418993584957e-01,4.092487272007781840e+00,4.764454810104437499e+00,7.341164053887601479e-05
6.140000000000004343e-01,-7.549668083307297106e-01,6.563381182330522146e-01,4.122339453886160854e+00,4.738666602247394444e+00,7.353139851691274545e-05
6.150000000000004352e-01,-7.508296103932364796e-01,6.610638127626907723e-01,4.152029260913313813e+00,4.712691371518608285e+00,7.365115649494946256e-05
6.160000000000004361e-01,-7.466628043245253643e-01,6.657634389752051796e-01,4.181555521607446479e+00,4.686530138749591679e+00,7.377091447298615256e-05
6.170000000000004370e-01,-7.424665542540063168e-01,6.704368113820291519e-01,4.210917070885168201e+00,4.660183932107423210e+00,7.389067245102282902e-05
6.180000000000004379e-01,-7.382410254729541155e-01,6.750837455264145914e-01,4.240112750107395634e+00,4.633653787054889506e+00,7.401043042905949192e-05
6.190000000000004388e-01,-7.339863844280415384e-01,6.797040579907074331e-01,4.269141407125013110e+00,4.606940746310336010e+00,7.413018840709612771e-05
6.200000000000004396e-01,-7.297027987148265726e-01,6.842975664035827466e-01,4.298001896324287863e+00,4.580045859807235331e+00,7.424994638513274996e-05
6.210000000000004405e-01,-7.253904370711944383e-01,6.888640894472398690e-01,4.326693078672032122e+00,4.552970184653470476e+00,7.436970436316934509e-05
6.220000000000004414e-01,-7.210494693707545366e-01,6.934034468645559057e-01,4.355213821760516524e+00,4.525714785090334757e+00,7.448946234120592668e-05
6.230000000000004423e-01,-7.166800666161925459e-01,6.979154594661990396e-01,4.383562999852133935e+00,4.498280732451253705e+00,7.460922031924249471e-05
6.240000000000004432e-01,-7.122824009325783301e-01,7.023999491376994309e-01,4.411739493923804822e+00,4.470669105120223641e+00,7.472897829727903564e-05
6.250000000000004441e-01,-7.078566455606289942e-01,7.068567388464792600e-01,4.439742191711129493e+00,4.442880988489974037e+00,7.484873627531556301e-05
6.260000000000004450e-01,-7.034029748499286416e-01,7.112856526488401387e-01,4.467569987752280980e+00,4.414917474919854534e+00,7.496849425335206328e-05
6.270000000000004459e-01,-6.989215642521034999e-01,7.156865156969087760e-01,4.495221783431640361e+00,4.386779663693446629e+00,7.508825223138855000e-05
6.280000000000004468e-01,-6.944125903139543032e-01,7.200591542455397898e-01,4.522696487023170064e+00,4.358468660975899134e+00,7.520801020942502317e-05
6.290000000000004476e-01,-6.898762306705450431e-01,7.244033956591757750e-01,4.549993013733525160e+00,4.329985579770997184e+00,7.532776818746146923e-05
6.300000000000004485e-01,-6.853126640382488644e-01,7.287190684186645173e-01,4.577110285744897311e+00,4.301331539877955024e+00,7.544752616549790173e-05
6.310000000000004494e-01,-6.807220702077512176e-01,7.330060021280326854e-01,4.604047232257598488e+00,4.272507667847946777e+00,7.556728414353430714e-05
6.320000000000004503e-01,-6.761046300370106010e-01,7.372640275212157812e-01,4.630802789532368458e+00,4.243515096940364550e+00,7.568704212157069899e-05
6.330000000000004512e-01,-6.714605254441768922e-01,7.414929764687445690e-01,4.657375900932422930e+00,4.214354967078814518e+00,7.580680009960706373e-05
6.340000000000004521e-01,-6.667899394004681568e-01,7.456926819843869847e-01,4.683765516965221032e+00,4.185028424806847447e+00,7.592655807764341492e-05
6.350000000000004530e-01,-6.620930559230056023e-01,7.498629782317460801e-01,4.709970595323964559e+00,4.155536623243428096e+00,7.604631605567975256e-05
6.360000000000004539e-01,-6.573700600676071204e-01,7.540037005308127815e-01,4.735990100928823665e+00,4.125880722038145265e+00,7.616607403371606310e-05
6.370000000000004547e-01,-6.526211379215399733e-01,7.581146853644743500e-01,4.761823005967883660e+00,4.096061887326159834e+00,7.628583201175236008e-05
6.380000000000004556e-01,-6.478464765962322902e-01,7.621957703849768784e-01,4.787468289937816479e+00,4.066081291682898780e+00,7.640558998978862996e-05
6.390000000000004565e-01,-6.430462642199444856e-01,7.662467944203431580e-01,4.812924939684269710e+00,4.035940114078492513e+00,7.652534796782488628e-05
6.400000000000004574e-01,-6.382206899304000425e-01,7.702675974807444703e-01,4.838191949441978501e+00,4.005639539831957308e+00,7.664510594586111550e-05
6.410000000000004583e-01,-6.333699438673766613e-01,7.742580207648263046e-01,4.863268320874591488e+00,3.975180760565127702e+00,7.676486392389733117e-05
6.420000000000004592e-01,-6.284942171652574405e-01,7.782179066659881128e-01,4.888153063114214270e+00,3.944564974156338000e+00,7.688462190193351973e-05
6.430000000000004601e-01,-6.235937019455426444e-01,7.821470987786164342e-01,4.912845192800667782e+00,3.913793384693854183e+00,7.700437987996969474e-05
6.440000000000004610e-01,-6.186685913093227240e-01,7.860454419042717245e-01,4.937343734120457128e+00,3.882867202429058473e+00,7.712413785800585619e-05
6.450000000000004619e-01,-6.137190793297121472e-01,7.899127820578275561e-01,4.961647718845453525e+00,3.851787643729390975e+00,7.724389583604199055e-05
6.460000000000004627e-01,-6.087453610442447038e-01,7.937489664735635220e-01,4.985756186371283150e+00,3.820555931031045294e+00,7.736365381407811135e-05
6.470000000000004636e-01,-6.037476324472309530e-01,7.975538436112098450e-01,5.009668183755429105e+00,3.789173292791424785e+00,7.748341179211420504e-05
6.480000000000004645e-01,-5.987260904820772556e-01,8.013272631619448028e-01,5.033382765755034072e+00,3.757640963441356341e+00,7.760316977015028518e-05
6.490000000000004654e-01,-5.936809330335672819e-01,8.050690760543444124e-01,5.056898994864411634e+00,3.725960183337068798e+00,7.772292774818633822e-05
6.500000000000004663e-01,-5.886123589201063266e-01,8.087791344602832666e-01,5.080215941352258291e+00,3.694132198711931547e+00,7.784268572622237770e-05
6.510000000000004672e-01,-5.835205678859283207e-01,8.124572918007879618e-01,5.103332683298572370e+00,3.662158261627962652e+00,7.796244370425839008e-05
6.520000000000004681e-01,-5.784057605932664270e-01,8.161034027518409006e-01,5.126248306631265628e+00,3.630039629927100275e+00,7.808220168229438891e-05
6.530000000000004690e-01,-5.732681386144866664e-01,8.197173232501362428e-01,5.148961905162482644e+00,3.597777567182245395e+00,7.820195966033036063e-05
6.540000000000004698e-01,-5.681079044241859055e-01,8.232989104987857854e-01,5.171472580624609350e+00,3.565373342648075372e+00,7.832171763836631880e-05
6.550000000000004707e-01,-5.629252613912534287e-01,8.268480229729764375e-01,5.193779442705984906e+00,3.532828231211628811e+00,7.844147561640224986e-05
6.560000000000004716e-01,-5.577204137708976495e-01,8.303645204255777346e-01,5.215881609086303605e+00,3.500143513342666157e+00,7.856123359443816737e-05
6.570000000000004725e-01,-5.524935666966368508e-01,8.338482638926993928e-01,5.237778205471709470e+00,3.467320475043806471e+00,7.868099157247405778e-05
6.580000000000004734e-01,-5.472449261722553970e-01,8.372991156991994588e-01,5.259468365629587083e+00,3.434360407800441273e+00,7.880074955050993463e-05
6.590000000000004743e-01,-5.419746990637254180e-01,8.407169394641418325e-01,5.280951231423038905e+00,3.401264608530430333e+00,7.892050752854578438e-05
6.600000000000004752e-01,-5.366830930910936326e-01,8.441016001062032759e-01,5.302225952845051715e+00,3.368034379533578537e+00,7.904026550658162058e-05
6.610000000000004761e-01,-5.313703168203349758e-01,8.474529638490303496e-01,5.323291688052353088e+00,3.334671028440896023e+00,7.916002348461744322e-05
6.620000000000004770e-01,-5.260365796551715878e-01,8.507708982265449471e-01,5.344147603398951674e+00,3.301175868163644722e+00,7.927978146265323876e-05
6.630000000000004778e-01,-5.206820918288590505e-01,8.540552720881990911e-01,5.364792873469361290e+00,3.267550216842173505e+00,7.939953944068902075e-05
6.640000000000004787e-01,-5.153070643959397623e-01,8.573059556041782159e-01,5.385226681111513258e+00,3.233795397794540172e+00,7.951929741872477563e-05
6.650000000000004796e-01,-5.099117092239625615e-01,8.605228202705532681e-01,5.405448217469344563e+00,3.199912739464927824e+00,7.963905539676051696e-05
6.660000000000004805e-01,-5.044962389851710416e-01,8.637057389143807384e-01,5.425456682015072474e+00,3.165903575371853851e+00,7.975881337479623118e-05
6.670000000000004814e-01,-4.990608671481591152e-01,8.668545856987514009e-01,5.445251282581144991e+00,3.131769244056172408e+00,7.987857135283193185e-05
6.680000000000004823e-01,-4.936058079694948808e-01,8.699692361277859831e-01,5.464831235391867992e+00,3.097511089028877507e+00,7.999832933086760542e-05
6.690000000000004832e-01,-4.881312764853131814e-01,8.730495670515797668e-01,5.484195765094715291e+00,3.063130458718702709e+00,8.011808730890325188e-05
6.700000000000004841e-01,-4.826374885028769102e-01,8.760954566710934532e-01,5.503344104791307423e+00,3.028628706419523198e+00,8.023784528693888478e-05
6.710000000000004849e-01,-4.771246605921073969e-01,8.791067845429924033e-01,5.522275496068068890e+00,2.994007190237560678e+00,8.035760326497449059e-05
6.720000000000004858e-01,-4.715930100770845956e-01,8.820834315844321427e-01,5.540989189026556794e+00,2.959267273038394652e+00,8.047736124301008284e-05
6.730000000000004867e-01,-4.660427550275167419e-01,8.850252800777914652e-01,5.559484442313461727e+00,2.924410322393778294e+00,8.059711922104564798e-05
6.740000000000004876e-01,-4.604741142501804219e-01,8.879322136753516892e-01,5.577760523150276484e+00,2.889437710528266479e+00,8.071687719908119958e-05
6.750000000000004885e-01,-4.548873072803311657e-01,8.908041174039227350e-01,5.595816707362638809e+00,2.854350814265653735e+00,8.083663517711672407e-05
6.760000000000004894e-01,-4.492825543730846749e-01,8.936408776694156897e-01,5.613652279409338419e+00,2.819151014975225245e+00,8.095639315515223500e-05
6.770000000000004903e-01,-4.436600764947692954e-01,8.964423822613610815e-01,5.631266532410992731e+00,2.783839698517823091e+00,8.107615113318771883e-05
6.780000000000004912e-01,-4.380200953142500131e-01,8.992085203573735308e-01,5.648658768178385969e+00,2.748418255191729997e+00,8.119590911122318911e-05
6.790000000000004921e-01,-4.323628331942242498e-01,9.019391825275620000e-01,5.665828297240474321e+00,2.712888079678372311e+00,8.131566708925863228e-05
6.800000000000004929e-01,-4.266885131824899036e-01,9.046342607388858648e-01,5.682774438872053580e+00,2.677250570987845801e+00,8.143542506729406190e-05
6.810000000000004938e-01,-4.209973590031857449e-01,9.072936483594562507e-01,5.699496521121091064e+00,2.641507132404262048e+00,8.155518304532946442e-05
6.820000000000004947e-01,-4.152895950480047227e-01,9.099172401627823037e-01,5.715993880835714691e+00,2.605659171430922072e+00,8.167494102336485338e-05
6.830000000000004956e-01,-4.095654463673804035e-01,9.125049323319632810e-01,5.732265863690863661e+00,2.569708099735318552e+00,8.179469900140021524e-05
6.840000000000004965e-01,-4.038251386616470984e-01,9.150566224638251311e-01,5.748311824214598964e+00,2.533655333093965734e+00,8.191445697943556354e-05
6.850000000000004974e-01,-3.980688982721736213e-01,9.175722095730017847e-01,5.764131125814069279e+00,2.497502291337061475e+00,8.203421495747088474e-05
6.860000000000004983e-01,-3.922969521724714581e-01,9.200515940959608230e-01,5.779723140801134917e+00,2.461250398292984087e+00,8.215397293550617884e-05
6.870000000000004992e-01,-3.865095279592772881e-01,9.224946778949744131e-01,5.795087250417644498e+00,2.424901081732624863e+00,8.227373091354145938e-05
6.880000000000005000e-01,-3.807068538436105265e-01,9.249013642620335096e-01,5.810222844860370550e+00,2.388455773313558517e+00,8.239348889157671282e-05
6.890000000000005009e-01,-3.748891586418061639e-01,9.272715579227066574e-01,5.825129323305593410e+00,2.351915908524052412e+00,8.251324686961195270e-05
6.900000000000005018e-01,-3.690566717665229590e-01,9.296051650399426158e-01,5.839806093933339604e+00,2.315282926626921700e+00,8.263300484764716548e-05
6.910000000000005027e-01,-3.632096232177278172e-01,9.319020932178168071e-01,5.854252573951272076e+00,2.278558270603224134e+00,8.275276282568236471e-05
6.920000000000005036e-01,-3.573482435736564100e-01,9.341622515052212528e-01,5.868468189618228692e+00,2.241743387095806117e+00,8.287252080371753683e-05
6.930000000000005045e-01,-3.514727639817502580e-01,9.363855503994981122e-01,5.882452376267410799e+00,2.204839726352694207e+00,8.299227878175269540e-05
6.940000000000005054e-01,-3.455834161495709989e-01,9.385719018500167099e-01,5.896204578329218293e+00,2.167848742170338738e+00,8.311203675978782687e-05
6.950000000000005063e-01,-3.396804323356918398e-01,9.407212192616931645e-01,5.909724249353736525e+00,2.130771891836710896e+00,8.323179473782293123e-05
6.960000000000005071e-01,-3.337640453405668617e-01,9.428334174984536187e-01,5.923010852032860818e+00,2.093610636074254128e+00,8.335155271585802203e-05
6.970000000000005080e-01,-3.278344884973782292e-01,9.449084128866399590e-01,5.936063858222076384e+00,2.056366438982693445e+00,8.347131069389308574e-05
6.980000000000005089e-01,-3.218919956628618628e-01,9.469461232183588040e-01,5.948882748961873190e+00,2.019040767981703954e+00,8.359106867192813589e-05
6.990000000000005098e-01,-3.159368012081120169e-01,9.489464677547722049e-01,5.961467014498810002e+00,1.981635093753442600e+00,8.371082664996315893e-05
7.000000000000005107e-01,-3.099691400093645965e-01,9.509093672293317256e-01,5.973816154306218706e+00,1.944150890184941582e+00,8.383058462799816842e-05
7.010000000000005116e-01,-3.039892474387603238e-01,9.528347438509544576e-01,5.985929677104549818e+00,1.906589634310369208e+00,8.395034260603315081e-05
7.020000000000005125e-01,-2.979973593550875877e-01,9.547225213071409700e-01,5.997807100881359155e+00,1.868952806253159071e+00,8.407010058406810609e-05
7.030000000000005134e-01,-2.919937120945054754e-01,9.565726247670357507e-01,6.009447952910932145e+00,1.831241889168010228e+00,8.418985856210304782e-05
7.040000000000005143e-01,-2.859785424612473204e-01,9.583849808844295826e-01,6.020851769773552853e+00,1.793458369182759249e+00,8.430961654013796245e-05
7.050000000000005151e-01,-2.799520877183053758e-01,9.601595178007030773e-01,6.032018097374401755e+00,1.755603735340127480e+00,8.442937451817286352e-05
7.060000000000005160e-01,-2.739145855780965033e-01,9.618961651477129227e-01,6.042946490962099126e+00,1.717679479539346632e+00,8.454913249620773748e-05
7.070000000000005169e-01,-2.678662741931095992e-01,9.635948540506189541e-01,6.053636515146879837e+00,1.679687096477662456e+00,8.466889047424258435e-05
7.080000000000005178e-01,-2.618073921465350895e-01,9.652555171306526072e-01,6.064087743918404882e+00,1.641628083591721188e+00,8.478864845227741765e-05
7.090000000000005187e-01,-2.557381784428767735e-01,9.668780885078275267e-01,6.074299760663206982e+00,1.603503940998839417e+00,8.490840643031222386e-05
7.100000000000005196e-01,-2.496588724985462915e-01,9.684625038035901134e-01,6.084272158181771140e+00,1.565316171438160708e+00,8.502816440834701651e-05
7.110000000000005205e-01,-2.435697141324409121e-01,9.700087001434125611e-01,6.094004538705248386e+00,1.527066280211700322e+00,8.514792238638178206e-05
7.120000000000005214e-01,-2.374709435565045268e-01,9.715166161593258298e-01,6.103496513911800037e+00,1.488755775125280900e+00,8.526768036441652050e-05
7.130000000000005222e-01,-2.313628013662727412e-01,9.729861919923940006e-01,6.112747704942576021e+00,1.450386166429361134e+00,8.538743834245124539e-05
7.140000000000005231e-01,-2.252455285314019784e-01,9.744173692951290100e-01,6.121757742417320181e+00,1.411958966759760292e+00,8.550719632048594317e-05
7.150000000000005240e-01,-2.191193663861832619e-01,9.758100912338468769e-01,6.130526266449610517e+00,1.373475691078279493e+00,8.562695429852062740e-05
7.160000000000005249e-01,-2.129845566200408991e-01,9.771643024909634212e-01,6.139052926661726417e+00,1.334937856613223950e+00,8.574671227655528453e-05
7.170000000000005258e-01,-2.068413412680165098e-01,9.784799492672312526e-01,6.147337382199143718e+00,1.296346982799825964e+00,8.586647025458991455e-05
7.180000000000005267e-01,-2.006899627012387610e-01,9.797569792839168068e-01,6.155379301744658527e+00,1.257704591220574208e+00,8.598622823262453102e-05
7.190000000000005276e-01,-1.945306636173790849e-01,9.809953417849177626e-01,6.163178363532139770e+00,1.219012205545448868e+00,8.610598621065912038e-05
7.200000000000005285e-01,-1.883636870310939349e-01,9.821949875388206186e-01,6.170734255359906939e+00,1.180271351472065522e+00,8.622574418869368264e-05
7.210000000000005294e-01,-1.821892762644538033e-01,9.833558688408982063e-01,6.178046674603733912e+00,1.141483556665731536e+00,8.634550216672823135e-05
7.220000000000005302e-01,-1.760076749373593874e-01,9.844779395150476953e-01,6.185115328229480625e+00,1.102650350699415194e+00,8.646526014476275295e-05
7.230000000000005311e-01,-1.698191269579453766e-01,9.855611549156678697e-01,6.191939932805344604e+00,1.063773264993631784e+00,8.658501812279726100e-05
7.240000000000005320e-01,-1.636238765129720829e-01,9.866054719294767850e-01,6.198520214513743021e+00,1.024853832756247973e+00,8.670477610083174194e-05
7.250000000000005329e-01,-1.574221680582055249e-01,9.876108489772688070e-01,6.204855909162813710e+00,9.858935889222060212e-01,8.682453407886619578e-05
7.260000000000005338e-01,-1.512142463087860489e-01,9.885772460156118102e-01,6.210946762197541382e+00,9.468940700931722798e-01,8.694429205690063606e-05
7.270000000000005347e-01,-1.450003562295861248e-01,9.895046245384835348e-01,6.216792528710505472e+00,9.078568144771106407e-01,8.706405003493504925e-05
7.280000000000005356e-01,-1.387807430255574848e-01,9.903929475788474379e-01,6.222392973452250509e+00,8.687833618277838177e-01,8.718380801296943532e-05
7.290000000000005365e-01,-1.325556521320681580e-01,9.912421797101684806e-01,6.227747870841280786e+00,8.296752533841843524e-01,8.730356599100380784e-05
7.300000000000005373e-01,-1.263253292052296806e-01,9.920522870478680755e-01,6.232857004973668680e+00,7.905340318098992292e-01,8.742332396903815326e-05
7.310000000000005382e-01,-1.200900201122148542e-01,9.928232372507180825e-01,6.237720169632292588e+00,7.513612411324079865e-01,8.754308194707247158e-05
7.320000000000005391e-01,-1.138499709215665123e-01,9.935549995221745201e-01,6.242337168295687633e+00,7.121584266823191012e-01,8.766283992510677634e-05
7.330000000000005400e-01,-1.076054278934975572e-01,9.942475446116503246e-01,6.246707814146520654e+00,6.729271350325453094e-01,8.778259790314105399e-05
7.340000000000005409e-01,-1.013566374701827949e-01,9.949008448157270479e-01,6.250831930079682408e+00,6.336689139374216406e-01,8.790235588117530454e-05
7.350000000000005418e-01,-9.510384626604277691e-02,9.955148739793059365e-01,6.254709348709996952e+00,5.943853122717667192e-01,8.802211385920954154e-05
7.360000000000005427e-01,-8.884730105802020328e-02,9.960896074966978375e-01,6.258339912379553560e+00,5.550778799698918853e-01,8.814187183724375143e-05
7.370000000000005436e-01,-8.258724877584915081e-02,9.966250223126522645e-01,6.261723473164652276e+00,5.157481679645585793e-01,8.826162981527793422e-05
7.380000000000005445e-01,-7.632393649231752897e-02,9.971210969233251786e-01,6.264859892882369330e+00,4.763977281258877094e-01,8.838138779331210346e-05
7.390000000000005453e-01,-7.005761141352317978e-02,9.975778113771860411e-01,6.267749043096738859e+00,4.370281132002227231e-01,8.850114577134624559e-05
7.400000000000005462e-01,-6.378852086912402408e-02,9.979951472758631370e-01,6.270390805124553602e+00,3.976408767489491014e-01,8.862090374938036061e-05
7.410000000000005471e-01,-5.751691230258253185e-02,9.983730877749282806e-01,6.272785070040777455e+00,3.582375730872721098e-01,8.874066172741446208e-05
7.420000000000005480e-01,-5.124303326140500214e-02,9.987116175846196819e-01,6.274931738683577009e+00,3.188197572229561905e-01,8.886041970544853645e-05
7.430000000000005489e-01,-4.496713138737601367e-02,9.990107229705041947e-01,6.276830721658971157e+00,2.793889847950272731e-01,8.898017768348258371e-05
7.440000000000005498e-01,-3.868945440678842052e-02,9.992703917540777248e-01,6.278481939345090801e+00,2.399468120124414183e-01,8.909993566151661742e-05
7.450000000000005507e-01,-3.241025012066924699e-02,9.994906133133045767e-01,6.279885321896058414e+00,2.004947955927214309e-01,8.921969363955062403e-05
7.460000000000005516e-01,-2.612976639500192919e-02,9.996713785830952936e-01,6.281040809245481249e+00,1.610344927005642468e-01,8.933945161758460353e-05
7.470000000000005524e-01,-1.984825115094524667e-02,9.998126800557231020e-01,6.281948351109556405e+00,1.215674608864215356e-01,8.945920959561856948e-05
7.480000000000005533e-01,-1.356595235504933286e-02,9.999145117811788497e-01,6.282607906989795765e+00,8.209525802505565628e-02,8.957896757365250832e-05
7.490000000000005542e-01,-7.283118009469165786e-03,9.999768693674647713e-01,6.283019446175360123e+00,4.261944225407364450e-02,8.969872555168642006e-05
7.500000000000005551e-01,-9.999961421759077235e-04,9.999997499808265244e-01,6.283182947745009628e+00,3.141571912441527836e-03,8.981848352972031824e-05
7.510000000000005560e-01,5.283165202833505457e-03,9.999831523459238314e-01,6.283098400568667863e+00,-3.633679452101853946e-02,8.993824150775418932e-05
7.520000000000005569e-01,1.156611797532815407e-02,9.999270767459395026e-01,6.282765803308601349e+00,-7.581409848914601179e-02,9.005799948578803330e-05
7.530000000000005578e-01,1.784861412863589583e-02,9.998315250226269546e-01,6.282185164420207357e+00,-1.152887814179719972e-01,9.017775746382186372e-05
7.540000000000005587e-01,2.413040562943673945e-02,9.996965005762964429e-01,6.281356502152420695e+00,-1.547592847782593151e-01,9.029751544185566703e-05
7.550000000000005596e-01,3.041124446755642113e-02,9.995220083657393451e-01,6.280279844547731471e+00,-1.942240501470499092e-01,9.041727341988944325e-05
7.560000000000005604e-01,3.669088266575980251e-02,9.993080549080912700e-01,6.278955229441814723e+00,-2.336815192692175691e-01,9.053703139792319235e-05
7.570000000000005613e-01,4.296907228954372632e-02,9.990546482786334392e-01,6.277382704462773688e+00,-2.731301341190230936e-01,9.065678937595692791e-05
7.580000000000005622e-01,4.924556545692887477e-02,9.987617981105324505e-01,6.275562327029999388e+00,-3.125683369616698015e-01,9.077654735399063636e-05
7.590000000000005631e-01,5.552011434825035452e-02,9.984295155945185352e-01,6.273494164352636737e+00,-3.519945704148567112e-01,9.089630533202431770e-05
7.600000000000005640e-01,6.179247121594651226e-02,9.980578134785023092e-01,6.271178293427668748e+00,-3.914072775103271118e-01,9.101606331005798549e-05
7.610000000000005649e-01,6.806238839434564092e-02,9.976467060671300180e-01,6.268614801037610818e+00,-4.308049017554100857e-01,9.113582128809162618e-05
7.620000000000005658e-01,7.432961830945022941e-02,9.971962092212771633e-01,6.265803783747818656e+00,-4.701858871945523433e-01,9.125557926612523976e-05
7.630000000000005667e-01,8.059391348871824956e-02,9.967063403574806246e-01,6.262745347903408977e+00,-5.095486784708381789e-01,9.137533724415882624e-05
7.640000000000005675e-01,8.685502657084126499e-02,9.961771184473091623e-01,6.259439609625792045e+00,-5.488917208874949383e-01,9.149509522219239916e-05
7.650000000000005684e-01,9.311271031551879296e-02,9.956085640166726369e-01,6.255886694808816983e+00,-5.882134604693817215e-01,9.161485320022594498e-05
7.660000000000005693e-01,9.936671761322866947e-02,9.950006991450697225e-01,6.252086739114531611e+00,-6.275123440244585460e-01,9.173461117825946370e-05
7.670000000000005702e-01,1.056168014949929734e-01,9.943535474647740013e-01,6.248039887968554140e+00,-6.667868192052341936e-01,9.185436915629296886e-05
7.680000000000005711e-01,1.118627151421391075e-01,9.936671341599584428e-01,6.243746296555054975e+00,-7.060353345701891881e-01,9.197412713432644691e-05
7.690000000000005720e-01,1.181042118960556886e-01,9.929414859657591519e-01,6.239206129811356583e+00,-7.452563396451726829e-01,9.209388511235989787e-05
7.700000000000005729e-01,1.243410452679428319e-01,9.921766311672771677e-01,6.234419562422142569e+00,-7.844482849847699280e-01,9.221364309039332171e-05
7.710000000000005738e-01,1.305729689485564671e-01,9.913725995985188666e-01,6.229386778813281289e+00,-8.236096222336385386e-01,9.233340106842673201e-05
7.720000000000005747e-01,1.367997368179462436e-01,9.905294226412755254e-01,6.224107973145263095e+00,-8.627388041878101266e-01,9.245315904646011519e-05
7.730000000000005755e-01,1.430211029551867741e-01,9.896471332239410446e-01,6.218583349306249453e+00,-9.018342848559562919e-01,9.257291702449347128e-05
7.740000000000005764e-01,1.492368216481015919e-01,9.887257658202689425e-01,6.212813120904738362e+00,-9.408945195206152023e-01,9.269267500252680026e-05
7.750000000000005773e-01,1.554466474029796985e-01,9.877653564480676218e-01,6.206797511261840761e+00,-9.799179647993767617e-01,9.281243298056011568e-05
7.760000000000005782e-01,1.616503349542841583e-01,9.867659426678350165e-01,6.200536753403171453e+00,-1.018903078706024479e+00,9.293219095859340400e-05
7.770000000000005791e-01,1.678476392743523948e-01,9.857275635813317338e-01,6.194031090050358124e+00,-1.057848320711630929e+00,9.305194893662666522e-05
7.780000000000005800e-01,1.740383155830877437e-01,9.846502598300931330e-01,6.187280773612157780e+00,-1.096752151805603814e+00,9.317170691465989933e-05
7.790000000000005809e-01,1.802221193576420410e-01,9.835340735938806755e-01,6.180286066175193049e+00,-1.135613034556682166e+00,9.329146489269311989e-05
7.800000000000005818e-01,1.863988063420886909e-01,9.823790485890719903e-01,6.173047239494303895e+00,-1.174429433173878046e+00,9.341122287072631334e-05
7.810000000000005826e-01,1.925681325570858526e-01,9.811852300669900995e-01,6.165564574982509427e+00,-1.213199813567362506e+00,9.353098084875947969e-05
7.820000000000005835e-01,1.987298543095294689e-01,9.799526648121720251e-01,6.157838363700590456e+00,-1.251922643409293379e+00,9.365073882679261893e-05
7.830000000000005844e-01,2.048837282021956918e-01,9.786814011405763347e-01,6.149868906346283914e+00,-1.290596392194581776e+00,9.377049680482574462e-05
7.840000000000005853e-01,2.110295111433722060e-01,9.773714888977299564e-01,6.141656513243098026e+00,-1.329219531301595092e+00,9.389025478285884321e-05
7.850000000000005862e-01,2.171669603564782836e-01,9.760229794568143769e-01,6.133201504328737563e+00,-1.367790534052795159e+00,9.401001276089191469e-05
7.860000000000005871e-01,2.232958333896730707e-01,9.746359257166915535e-01,6.124504209143151634e+00,-1.406307875775306693e+00,9.412977073892495907e-05
7.870000000000005880e-01,2.294158881254516336e-01,9.732103820998685428e-01,6.115564966816195991e+00,-1.444770033861416891e+00,9.424952871695797634e-05
7.880000000000005889e-01,2.355268827902285700e-01,9.717464045504025094e-01,6.106384126054912542e+00,-1.483175487829000216e+00,9.436928669499098006e-05
7.890000000000005898e-01,2.416285759639086594e-01,9.702440505317447839e-01,6.096962045130426944e+00,-1.521522719381868782e+00,9.448904467302395667e-05
7.900000000000005906e-01,2.477207265894442456e-01,9.687033790245247467e-01,6.087299091864466050e+00,-1.559810212470044366e+00,9.460880265105690618e-05
7.910000000000005915e-01,2.538030939823789356e-01,9.671244505242735379e-01,6.077395643615492560e+00,-1.598036453349950037e+00,9.472856062908982858e-05
7.920000000000005924e-01,2.598754378403773102e-01,9.655073270390877038e-01,6.067252087264459526e+00,-1.636199930644519407e+00,9.484831860712272388e-05
7.930000000000005933e-01,2.659375182527399795e-01,9.638520720872325587e-01,6.056868819200183829e+00,-1.674299135403219507e+00,9.496807658515560562e-05
7.940000000000005942e-01,2.719890957099041495e-01,9.621587506946855939e-01,6.046246245304339517e+00,-1.712332561161987288e+00,9.508783456318846026e-05
7.950000000000005951e-01,2.780299311129286188e-01,9.604274293926203798e-01,6.035384780936074556e+00,-1.750298704003075301e+00,9.520759254122128780e-05
7.960000000000005960e-01,2.840597857829636474e-01,9.586581762148301822e-01,6.024284850916245659e+00,-1.788196062614805015e+00,9.532735051925408823e-05
7.970000000000005969e-01,2.900784214707043951e-01,9.568510606950918485e-01,6.012946889511273874e+00,-1.826023138351225539e+00,9.544710849728687510e-05
7.980000000000005977e-01,2.960856003658284274e-01,9.550061538644706305e-01,6.001371340416627120e+00,-1.863778435291673752e+00,9.556686647531963488e-05
7.990000000000005986e-01,3.020810851064162361e-01,9.531235282485650551e-01,5.989558656739921716e+00,-1.901460460300236743e+00,9.568662445335236754e-05
8.000000000000005995e-01,3.080646387883548831e-01,9.512032578646922865e-01,5.977509300983646412e+00,-1.939067723085109884e+00,9.580638243138507311e-05
8.010000000000006004e-01,3.140360249747238819e-01,9.492454182190147582e-01,5.965223745027513402e+00,-1.976598736257852096e+00,9.592614040941775156e-05
8.020000000000006013e-01,3.199950077051637032e-01,9.472500863036068530e-01,5.952702470110431854e+00,-2.014052015392532979e+00,9.604589838745040292e-05
8.030000000000006022e-01,3.259413515052256294e-01,9.452173405934629624e-01,5.939945966812108402e+00,-2.051426079084770926e+00,9.616565636548304072e-05
8.040000000000006031e-01,3.318748213957032900e-01,9.431472610434468162e-01,5.926954735034269284e+00,-2.088719449010659979e+00,9.628541434351565141e-05
8.050000000000006040e-01,3.377951829019449903e-01,9.410399290851810816e-01,5.913729283981513873e+00,-2.125930649985581677e+00,9.640517232154823500e-05
8.060000000000006048e-01,3.437022020631469998e-01,9.388954276238788976e-01,5.900270132141792523e+00,-2.163058210022899441e+00,9.652493029958079149e-05
8.070000000000006057e-01,3.495956454416269121e-01,9.367138410351167899e-01,5.886577807266512252e+00,-2.200100660392537488e+00,9.664468827761332087e-05
8.080000000000006066e-01,3.554752801320771316e-01,9.344952551615486325e-01,5.872652846350270295e+00,-2.237056535679434521e+00,9.676444625564583669e-05
8.090000000000006075e-01,3.613408737707975438e-01,9.322397573095615453e-01,5.858495795610219048e+00,-2.273924373841875290e+00,9.688420423367832541e-05
8.100000000000006084e-01,3.671921945449078128e-01,9.299474362458735044e-01,5.844107210465058877e+00,-2.310702716269696921e+00,9.700396221171078703e-05
8.110000000000006093e-01,3.730290112015381410e-01,9.276183821940725549e-01,5.829487655513663213e+00,-2.347390107842364682e+00,9.712372018974322154e-05
8.120000000000006102e-01,3.788510930569986557e-01,9.252526868310984032e-01,5.814637704513331506e+00,-2.383985096986918517e+00,9.724347816777562895e-05
8.130000000000006111e-01,3.846582100059268150e-01,9.228504432836658333e-01,5.799557940357678909e+00,-2.420486235735786362e+00,9.736323614580800925e-05
8.140000000000006120e-01,3.904501325304124970e-01,9.204117461246303922e-01,5.784248955054155594e+00,-2.456892079784460670e+00,9.748299412384037600e-05
8.150000000000006128e-01,3.962266317091004408e-01,9.179366913692966756e-01,5.768711349701201918e+00,-2.493201188549037717e+00,9.760275210187271564e-05
8.160000000000006137e-01,4.019874792262695951e-01,9.154253764716689945e-01,5.752945734465034988e+00,-2.529412125223617913e+00,9.772251007990502818e-05
8.170000000000006146e-01,4.077324473808893179e-01,9.128779003206446419e-01,5.736952728556074632e+00,-2.565523456837560001e+00,9.784226805793731362e-05
8.180000000000006155e-01,4.134613090956514858e-01,9.102943632361500947e-01,5.720732960205002549e+00,-2.601533754312594038e+00,9.796202603596957195e-05
8.190000000000006164e-01,4.191738379259786207e-01,9.076748669652201507e-01,5.704287066638459081e+00,-2.637441592519785161e+00,9.808178401400180317e-05
8.200000000000006173e-01,4.248698080690077039e-01,9.050195146780203315e-01,5.687615694054381166e+00,-2.673245550336347254e+00,9.820154199203402084e-05
8.210000000000006182e-01,4.305489943725487878e-01,9.023284109638122219e-01,5.670719497596972580e+00,-2.708944210702305622e+00,9.832129997006621141e-05
8.220000000000006191e-01,4.362111723440187938e-01,8.996016618268622977e-01,5.653599141331320688e+00,-2.744536160677006009e+00,9.844105794809837487e-05
8.230000000000006199e-01,4.418561181593493870e-01,8.968393746822946877e-01,5.636255298217649035e+00,-2.780019991495464193e+00,9.856081592613051123e-05
8.240000000000006208e-01,4.474836086718692041e-01,8.940416583518870919e-01,5.618688650085215563e+00,-2.815394298624560587e+00,9.868057390416262048e-05
8.250000000000006217e-01,4.530934214211596589e-01,8.912086230598111891e-01,5.600899887605848448e+00,-2.850657681819069200e+00,9.880033188219470262e-05
8.260000000000006226e-01,4.586853346418840460e-01,8.883403804283166449e-01,5.582889710267131989e+00,-2.885808745177526280e+00,9.892008986022675766e-05
8.270000000000006235e-01,4.642591272725898888e-01,8.854370434733593864e-01,5.564658826345230125e+00,-2.920846097197932867e+00,9.903984783825878560e-05
8.280000000000006244e-01,4.698145789644836423e-01,8.824987266001744768e-01,5.546207952877360903e+00,-2.955768350833287261e+00,9.915960581629079998e-05
8.290000000000006253e-01,4.753514700901779744e-01,8.795255455987935900e-01,5.527537815633914775e+00,-2.990574123546948293e+00,9.927936379432278726e-05
8.300000000000006262e-01,4.808695817524107352e-01,8.765176176395066410e-01,5.508649149090220298e+00,-3.025262037367825840e+00,9.939912177235474744e-05
8.310000000000006271e-01,4.863686957927357279e-01,8.734750612682690152e-01,5.489542696397961663e+00,-3.059830718945396821e+00,9.951887975038668050e-05
8.320000000000006279e-01,4.918485948001845021e-01,8.703979964020533977e-01,5.470219209356240064e+00,-3.094278799604542218e+00,9.963863772841858647e-05
8.330000000000006288e-01,4.973090621198992811e-01,8.672865443241473127e-01,5.450679448382293124e+00,-3.128604915400206909e+00,9.975839570645046533e-05
8.340000000000006297e-01,5.027498818617361920e-01,8.641408276793953736e-01,5.430924182481860818e+00,-3.162807707171875204e+00,9.987815368448231708e-05
8.350000000000006306e-01,5.081708389088390732e-01,8.609609704693880206e-01,5.410954189219204125e+00,-3.196885820597864747e+00,9.999791166251414173e-05
8.360000000000006315e-01,5.135717189261823634e-01,8.577470980475951912e-01,5.390770254686783503e+00,-3.230837906249432123e+00,1.001176696405459528e-04
8.370000000000006324e-01,5.189523083690845695e-01,8.544993371144468108e-01,5.370373173474585649e+00,-3.264662619644691510e+00,1.002374276185777368e-04
8.380000000000006333e-01,5.243123944916898704e-01,8.512178157123587718e-01,5.349763748639110972e+00,-3.298358621302341476e+00,1.003571855966094937e-04
8.390000000000006342e-01,5.296517653554192462e-01,8.479026632207056213e-01,5.328942791672018231e+00,-3.331924576795199489e+00,1.004769435746412235e-04
8.400000000000006350e-01,5.349702098373896320e-01,8.445540103507398477e-01,5.307911122468425447e+00,-3.365359156803540142e+00,1.005967015526729262e-04
8.410000000000006359e-01,5.402675176388015421e-01,8.411719891404578764e-01,5.286669569294874194e+00,-3.398661037168237975e+00,1.007164595307046017e-04
8.420000000000006368e-01,5.455434792932942756e-01,8.377567329494127746e-01,5.265218968756951945e+00,-3.431828898943708683e+00,1.008362175087362502e-04
8.430000000000006377e-01,5.507978861752685917e-01,8.343083764534744429e-01,5.243560165766579573e+00,-3.464861428450649594e+00,1.009559754867678716e-04
8.440000000000006386e-01,5.560305305081765237e-01,8.308270556395370710e-01,5.221694013508958676e+00,-3.497757317328575866e+00,1.010757334647994658e-04
8.450000000000006395e-01,5.612412053727782180e-01,8.273129078001740799e-01,5.199621373409189395e+00,-3.530515262588151071e+00,1.011954914428310330e-04
8.460000000000006404e-01,5.664297047153646902e-01,8.237660715282409951e-01,5.177343115098548942e+00,-3.563133966663307284e+00,1.013152494208625866e-04
8.470000000000006413e-01,5.715958233559471635e-01,8.201866867114260273e-01,5.154860116380440616e+00,-3.595612137463158664e+00,1.014350073988941130e-04
8.480000000000006422e-01,5.767393569964121003e-01,8.165748945267492509e-01,5.132173263196010637e+00,-3.627948488423697881e+00,1.015547653769256124e-04
8.490000000000006430e-01,5.818601022286413738e-01,8.129308374350098232e-01,5.109283449589435477e+00,-3.660141738559280711e+00,1.016745233549570847e-04
8.500000000000006439e-01,5.869578565425981331e-01,8.092546591751820229e-01,5.086191577672878772e+00,-3.692190612513893466e+00,1.017942813329885299e-04
8.510000000000006448e-01,5.920324183343769198e-01,8.055465047587598848e-01,5.062898557591124948e+00,-3.724093840612199724e+00,1.019140393110199480e-04
8.520000000000006457e-01,5.970835869142184782e-01,8.018065204640514310e-01,5.039405307485881558e+00,-3.755850158910367220e+00,1.020337972890513389e-04
8.530000000000006466e-01,6.021111625144887070e-01,7.980348538304216088e-01,5.015712753459762752e+00,-3.787458309246670041e+00,1.021535552670827028e-04
8.540000000000006475e-01,6.071149462976214162e-01,7.942316536524850479e-01,4.991821829539944133e+00,-3.818917039291868321e+00,1.022733132451140396e-04
8.550000000000006484e-01,6.120947403640246698e-01,7.903970699742484118e-01,4.967733477641500528e+00,-3.850225102599356131e+00,1.023930712231453492e-04
8.560000000000006493e-01,6.170503477599501574e-01,7.865312540832029020e-01,4.943448647530420459e+00,-3.881381258655083766e+00,1.025128292011766318e-04
8.570000000000006501e-01,6.219815724853254846e-01,7.826343585043668005e-01,4.918968296786301764e+00,-3.912384272927245110e+00,1.026325871792078872e-04
8.580000000000006510e-01,6.268882195015490488e-01,7.787065369942783866e-01,4.894293390764731910e+00,-3.943232916915734076e+00,1.027523451572391155e-04
8.590000000000006519e-01,6.317700947392468347e-01,7.747479445349397809e-01,4.869424902559349455e+00,-3.973925968201361680e+00,1.028721031352703303e-04
8.600000000000006528e-01,6.366270051059917945e-01,7.707587373277112741e-01,4.844363812963594640e+00,-4.004462210494839525e+00,1.029918611133015180e-04
8.610000000000006537e-01,6.414587584939840381e-01,7.667390727871572498e-01,4.819111110432142908e+00,-4.034840433685519479e+00,1.031116190913326786e-04
8.620000000000006546e-01,6.462651637876928312e-01,7.626891095348431460e-01,4.793667791042028448e+00,-4.065059433889893548e+00,1.032313770693638120e-04
8.630000000000006555e-01,6.510460308714594024e-01,7.586090073930843447e-01,4.768034858453458646e+00,-4.095118013499849496e+00,1.033511350473949184e-04
8.640000000000006564e-01,6.558011706370601157e-01,7.544989273786465445e-01,4.742213323870319464e+00,-4.125014981230678224e+00,1.034708930254259977e-04
8.650000000000006573e-01,6.605303949912307848e-01,7.503590316963986151e-01,4.716204206000372601e+00,-4.154749152168836446e+00,1.035906510034570498e-04
8.660000000000006581e-01,6.652335168631499096e-01,7.461894837329174912e-01,4.690008531015148030e+00,-4.184319347819457136e+00,1.037104089814880749e-04
8.670000000000006590e-01,6.699103502118828324e-01,7.419904480500458810e-01,4.663627332509533652e+00,-4.213724396153608609e+00,1.038301669595190728e-04
8.680000000000006599e-01,6.745607100337843720e-01,7.377620903784030126e-01,4.637061651461062084e+00,-4.242963131655299591e+00,1.039499249375500436e-04
8.690000000000006608e-01,6.791844123698612679e-01,7.335045776108480853e-01,4.610312536188895471e+00,-4.272034395368227599e+00,1.040696829155809874e-04
8.700000000000006617e-01,6.837812743130928794e-01,7.292180777958974236e-01,4.583381042312511866e+00,-4.300937034942270643e+00,1.041894408936119040e-04
8.710000000000006626e-01,6.883511140157108077e-01,7.249027601310948921e-01,4.556268232710094956e+00,-4.329669904679716019e+00,1.043091988716427935e-04
8.720000000000006635e-01,6.928937506964369941e-01,7.205587949563370120e-01,4.528975177476627145e+00,-4.358231865581232434e+00,1.044289568496736560e-04
8.730000000000006644e-01,6.974090046476790761e-01,7.161863537471511165e-01,4.501502953881689528e+00,-4.386621785391573880e+00,1.045487148277044913e-04
8.740000000000006652e-01,7.018966972426838868e-01,7.117856091079289849e-01,4.473852646326966997e+00,-4.414838538645018851e+00,1.046684728057352995e-04
8.750000000000006661e-01,7.063566509426481010e-01,7.073567347651145143e-01,4.446025346303464687e+00,-4.442881006710542202e+00,1.047882307837660806e-04
8.760000000000006670e-01,7.107886893037861364e-01,7.028999055603464274e-01,4.418022152348434872e+00,-4.470748077836718792e+00,1.049079887617968346e-04
8.770000000000006679e-01,7.151926369843548681e-01,6.984152974435565708e-01,4.389844170002014323e+00,-4.498438647196352669e+00,1.050277467398275615e-04
8.780000000000006688e-01,7.195683197516343776e-01,6.939030874660232495e-01,4.361492511763579216e+00,-4.525951616930837140e+00,1.051475047178582613e-04
8.790000000000006697e-01,7.239155644888656260e-01,6.893634537733809298e-01,4.332968297047812278e+00,-4.553285896194234184e+00,1.052672626958889339e-04
8.800000000000006706e-01,7.282341992021434951e-01,6.847965755985851999e-01,4.304272652140492816e+00,-4.580440401197082068e+00,1.053870206739195795e-04
8.810000000000006715e-01,7.325240530272655315e-01,6.802026332548348764e-01,4.275406710153998979e+00,-4.607414055249921425e+00,1.055067786519501980e-04
8.820000000000006724e-01,7.367849562365363925e-01,6.755818081284500343e-01,4.246371610982537348e+00,-4.634205788806541548e+00,1.056265366299807894e-04
8.830000000000006732e-01,7.410167402455271057e-01,6.709342826717076269e-01,4.217168501257093638e+00,-4.660814539506943355e+00,1.057462946080113536e-04
8.840000000000006741e-01,7.452192376197891432e-01,6.662602403956335850e-01,4.187798534300106290e+00,-4.687239252220016361e+00,1.058660525860418908e-04
8.850000000000006750e-01,7.493922820815231978e-01,6.615598658627528383e-01,4.158262870079869167e+00,-4.713478879085934992e+00,1.059858105640724008e-04
8.860000000000006759e-01,7.535357085162021074e-01,6.568333446797969266e-01,4.128562675164660689e+00,-4.739532379558261788e+00,1.061055685421028838e-04
8.870000000000006768e-01,7.576493529791477055e-01,6.520808634903697554e-01,4.098699122676603857e+00,-4.765398720445761960e+00,1.062253265201333396e-04
8.880000000000006777e-01,7.617330527020615971e-01,6.473026099675714962e-01,4.068673392245259812e+00,-4.791076875953927505e+00,1.063450844981637684e-04
8.890000000000006786e-01,7.657866460995093050e-01,6.424987728065812975e-01,4.038486669960952291e+00,-4.816565827726208227e+00,1.064648424761941700e-04
8.900000000000006795e-01,7.698099727753573429e-01,6.376695417171988067e-01,4.008140148327829166e+00,-4.841864564884946098e+00,1.065846004542245445e-04
8.910000000000006803e-01,7.738028735291636595e-01,6.328151074163449463e-01,3.977635026216662428e+00,-4.866972084072014759e+00,1.067043584322548919e-04
8.920000000000006812e-01,7.777651903625206753e-01,6.279356616205221675e-01,3.946972508817386593e+00,-4.891887389489158799e+00,1.068241164102852123e-04
8.930000000000006821e-01,7.816967664853502473e-01,6.230313970382345135e-01,3.916153807591379543e+00,-4.916609492938035508e+00,1.069438743883155055e-04
8.940000000000006830e-01,7.855974463221514492e-01,6.181025073623679367e-01,3.885180140223484457e+00,-4.941137413859951089e+00,1.070636323663457716e-04
8.950000000000006839e-01,7.894670755181999455e-01,6.131491872625307593e-01,3.854052730573779062e+00,-4.965470179375295778e+00,1.071833903443760106e-04
8.960000000000006848e-01,7.933055009456987383e-01,6.081716323773550537e-01,3.822772808629091301e+00,-4.989606824322675216e+00,1.073031483224062225e-04
8.970000000000006857e-01,7.971125707098808411e-01,6.031700393067589427e-01,3.791341610454263655e+00,-5.013546391297730942e+00,1.074229063004364073e-04
8.980000000000006866e-01,8.008881341550626587e-01,5.981446056041704873e-01,3.759760378143168325e+00,-5.037287930691654481e+00,1.075426642784665650e-04
8.990000000000006875e-01,8.046320418706485178e-01,5.930955297687126038e-01,3.728030359769477275e+00,-5.060830500729393222e+00,1.076624222564966955e-04
9.000000000000006883e-01,8.083441456970856809e-01,5.880230112373507900e-01,3.696152809337184486e+00,-5.084173167507540114e+00,1.077821802345267990e-04
9.010000000000006892e-01,8.120242987317698447e-01,5.829272503770023262e-01,3.664128986730886606e+00,-5.107315005031915156e+00,1.079019382125568754e-04
9.020000000000006901e-01,8.156723553349007894e-01,5.778084484766087270e-01,3.631960157665822919e+00,-5.130255095254826259e+00,1.080216961905869247e-04
9.030000000000006910e-01,8.192881711352880680e-01,5.726668077391702250e-01,3.599647593637674614e+00,-5.152992528112019244e+00,1.081414541686169468e-04
9.040000000000006919e-01,8.228716030361060696e-01,5.675025312737446148e-01,3.567192571872129569e+00,-5.175526401559304546e+00,1.082612121466469419e-04
9.050000000000006928e-01,8.264225092205986778e-01,5.623158230874084618e-01,3.534596375274209112e+00,-5.197855821608868609e+00,1.083809701246769098e-04
9.060000000000006937e-01,8.299407491577334151e-01,5.571068880771831155e-01,3.501860292377363848e+00,-5.219979902365261104e+00,1.085007281027068507e-04
9.070000000000006946e-01,8.334261836078040719e-01,5.518759320219243092e-01,3.468985617292338119e+00,-5.241897766061059727e+00,1.086204860807367644e-04
9.080000000000006954e-01,8.368786746279823774e-01,5.466231615741764527e-01,3.435973649655805318e+00,-5.263608543092214376e+00,1.087402440587666511e-04
9.090000000000006963e-01,8.402980855778183766e-01,5.413487842519915105e-01,3.402825694578775373e+00,-5.285111372053059142e+00,1.088600020367965106e-04
9.100000000000006972e-01,8.436842811246885177e-01,5.360530084307136844e-01,3.369543062594781091e+00,-5.306405399771001008e+00,1.089797600148263430e-04
9.110000000000006981e-01,8.470371272491926673e-01,5.307360433347289019e-01,3.336127069607836670e+00,-5.327489781340880803e+00,1.090995179928561483e-04
9.120000000000006990e-01,8.503564912504978368e-01,5.253980990291802211e-01,3.302579036840180393e+00,-5.348363680159001099e+00,1.092192759708859130e-04
9.130000000000006999e-01,8.536422417516307259e-01,5.200393864116495957e-01,3.268900290779796158e+00,-5.369026267956824583e+00,1.093390339489156506e-04
9.140000000000007008e-01,8.568942487047169765e-01,5.146601172038061112e-01,3.235092163127719189e+00,-5.389476724834336707e+00,1.094587919269453610e-04
9.150000000000007017e-01,8.601123833961675791e-01,5.092605039430209146e-01,3.201155990745128577e+00,-5.409714239293077043e+00,1.095785499049750444e-04
9.160000000000007025e-01,8.632965184518127666e-01,5.038407599739489484e-01,3.167093115600226216e+00,-5.429738008268834015e+00,1.096983078830047006e-04
9.170000000000007034e-01,8.664465278419823946e-01,4.984010994400789318e-01,3.132904884714907912e+00,-5.449547237163997693e+00,1.098180658610343297e-04
9.180000000000007043e-01,8.695622868865324762e-01,4.929417372752505355e-01,3.098592650111224867e+00,-5.469141139879583058e+00,1.099378238390639318e-04
9.190000000000007052e-01,8.726436722598189810e-01,4.874628891951398035e-01,3.064157768757639566e+00,-5.488518938846902451e+00,1.100575818170935067e-04
9.200000000000007061e-01,8.756905619956170117e-01,4.819647716887132671e-01,3.029601602515081371e+00,-5.507679865058905833e+00,1.101773397951230545e-04
9.210000000000007070e-01,8.787028354919863560e-01,4.764476020096508058e-01,2.994925518082796057e+00,-5.526623158101171995e+00,1.102970977731525753e-04
9.220000000000007079e-01,8.816803735160824163e-01,4.709115981677376439e-01,2.960130886944000839e+00,-5.545348066182559599e+00,1.104168557511820689e-04
9.230000000000007088e-01,8.846230582089131822e-01,4.653569789202257612e-01,2.925219085311339562e+00,-5.563853846165509154e+00,1.105366137292115354e-04
9.240000000000007097e-01,8.875307730900412473e-01,4.597839637631654930e-01,2.890191494072146039e+00,-5.582139763596003057e+00,1.106563717072409748e-04
9.250000000000007105e-01,8.904034030622308693e-01,4.541927729227070443e-01,2.855049498733511548e+00,-5.600205092733173906e+00,1.107761296852703735e-04
9.260000000000007114e-01,8.932408344160404079e-01,4.485836273463727486e-01,2.819794489367166257e+00,-5.618049116578562874e+00,1.108958876632997452e-04
9.270000000000007123e-01,8.960429548343592510e-01,4.429567486943000731e-01,2.784427860554169687e+00,-5.635671126905031691e+00,1.110156456413290897e-04
9.280000000000007132e-01,8.988096533968893409e-01,4.373123593304560353e-01,2.748951011329416882e+00,-5.653070424285318474e+00,1.111354036193584071e-04
9.290000000000007141e-01,9.015408205845711898e-01,4.316506823138232529e-01,2.713365345125960726e+00,-5.670246318120245377e+00,1.112551615973876975e-04
9.300000000000007150e-01,9.042363482839543831e-01,4.259719413895578510e-01,2.677672269719154841e+00,-5.687198126666566544e+00,1.113749195754169607e-04
9.310000000000007159e-01,9.068961297915113517e-01,4.202763609801197786e-01,2.641873197170614862e+00,-5.703925177064465224e+00,1.114946775534461968e-04
9.320000000000007168e-01,9.095200598178961870e-01,4.145641661763757591e-01,2.605969543772005625e+00,-5.720426805364691170e+00,1.116144355314754058e-04
9.330000000000007176e-01,9.121080344921459471e-01,4.088355827286752620e-01,2.569962729988652939e+00,-5.736702356555342774e+00,1.117341935095045877e-04
9.340000000000007185e-01,9.146599513658264513e-01,4.030908370379000516e-01,2.533854180402983491e+00,-5.752751184588290378e+00,1.118539514875337425e-04
9.350000000000007194e-01,9.171757094171207880e-01,3.973301561464871456e-01,2.497645323657796457e+00,-5.768572652405235424e+00,1.119737094655628566e-04
9.360000000000007203e-01,9.196552090548613112e-01,3.915537677294262942e-01,2.461337592399365004e+00,-5.784166131963414337e+00,1.120934674435919437e-04
9.370000000000007212e-01,9.220983521225045720e-01,3.857619000852317015e-01,2.424932423220376609e+00,-5.799531004260937372e+00,1.122132254216210036e-04
9.380000000000007221e-01,9.245050419020492960e-01,3.799547821268884906e-01,2.388431256602707276e+00,-5.814666659361762413e+00,1.123329833996500364e-04
9.390000000000007230e-01,9.268751831178967393e-01,3.741326433727747425e-01,2.351835536860037656e+00,-5.829572496420308170e+00,1.124527413776790422e-04
9.400000000000007239e-01,9.292086819406536469e-01,3.682957139375587774e-01,2.315146712080310198e+00,-5.844247923705698788e+00,1.125724993557080208e-04
9.410000000000007248e-01,9.315054459908780338e-01,3.624442245230723447e-01,2.278366234068031293e+00,-5.858692358625644303e+00,1.126922573337369723e-04
9.420000000000007256e-01,9.337653843427664579e-01,3.565784064091604977e-01,2.241495558286419776e+00,-5.872905227749951607e+00,1.128120153117658967e-04
9.430000000000007265e-01,9.359884075277838944e-01,3.506984914445077095e-01,2.204536143799404879e+00,-5.886885966833669492e+00,1.129317732897947940e-04
9.440000000000007274e-01,9.381744275382353226e-01,3.448047120374413410e-01,2.167489453213475414e+00,-5.900634020839859772e+00,1.130515312678236507e-04
9.450000000000007283e-01,9.403233578307793605e-01,3.388973011467122931e-01,2.130356952619382405e+00,-5.914148843962004243e+00,1.131712892458524802e-04
9.460000000000007292e-01,9.424351133298830563e-01,3.329764922722536213e-01,2.093140111533700054e+00,-5.927429899646034173e+00,1.132910472238812826e-04
9.470000000000007301e-01,9.445096104312186158e-01,3.270425194459171125e-01,2.055840402840242831e+00,-5.940476660611991200e+00,1.134108052019100580e-04
9.480000000000007310e-01,9.465467670050011773e-01,3.210956172221886007e-01,2.018459302731344884e+00,-5.953288608875312526e+00,1.135305631799388062e-04
9.490000000000007319e-01,9.485465023992679656e-01,3.151360206688820775e-01,1.980998290649002902e+00,-5.965865235767743968e+00,1.136503211579675273e-04
9.500000000000007327e-01,9.505087374430983838e-01,3.091639653578130975e-01,1.943458849225885299e+00,-5.978206041957877304e+00,1.137700791359962213e-04
9.510000000000007336e-01,9.524333944497752613e-01,3.031796873554516991e-01,1.905842464226208843e+00,-5.990310537471311036e+00,1.138898371140248747e-04
9.520000000000007345e-01,9.543203972198868179e-01,2.971834232135555642e-01,1.868150624486486722e+00,-6.002178241710433682e+00,1.140095950920535009e-04
9.530000000000007354e-01,9.561696710443690073e-01,2.911754099597835821e-01,1.830384821856148925e+00,-6.013808683473830463e+00,1.141293530700821001e-04
9.540000000000007363e-01,9.579811427074891306e-01,2.851558850882899288e-01,1.792546551138039845e+00,-6.025201400975311650e+00,1.142491110481106721e-04
9.550000000000007372e-01,9.597547404897690537e-01,2.791250865502995504e-01,1.754637310028792641e+00,-6.036355941862561636e+00,1.143688690261392170e-04
9.560000000000007381e-01,9.614903941708492496e-01,2.730832527446652724e-01,1.716658599059083912e+00,-6.047271863235405220e+00,1.144886270041677349e-04
9.570000000000007390e-01,9.631880350322929996e-01,2.670306225084064233e-01,1.678611921533773144e+00,-6.057948731663696407e+00,1.146083849821962121e-04
9.580000000000007399e-01,9.648475958603305314e-01,2.609674351072302501e-01,1.640498783471925570e+00,-6.068386123204823512e+00,1.147281429602246621e-04
9.590000000000007407e-01,9.664690109485433167e-01,2.548939302260356254e-01,1.602320693546724018e+00,-6.078583623420833248e+00,1.148479009382530851e-04
9.600000000000007416e-01,9.680522161004878612e-01,2.488103479594000467e-01,1.564079163025271280e+00,-6.088540827395168442e+00,1.149676589162814809e-04
9.610000000000007425e-01,9.695971486322596533e-01,2.427169288020501192e-01,1.525775705708284802e+00,-6.098257339749024730e+00,1.150874168943098497e-04
9.620000000000007434e-01,9.711037473749964954e-01,2.366139136393156372e-01,1.487411837869686559e+00,-6.107732774657323560e+00,1.152071748723381913e-04
9.630000000000007443e-01,9.725719526773215495e-01,2.305015437375681209e-01,1.448989078196092128e+00,-6.116966755864296168e+00,1.153269328503664923e-04
9.640000000000007452e-01,9.740017064077257647e-01,2.243800607346438380e-01,1.410508947726198281e+00,-6.125958916698683865e+00,1.154466908283947662e-04
9.650000000000007461e-01,9.753929519568894646e-01,2.182497066302519217e-01,1.371972969790074881e+00,-6.134708900088550187e+00,1.155664488064230130e-04
9.660000000000007470e-01,9.767456342399433167e-01,2.121107237763676934e-01,1.333382669948361077e+00,-6.143216358575709357e+00,1.156862067844512327e-04
9.670000000000007478e-01,9.780596996986686831e-01,2.059633548676119696e-01,1.294739575931370235e+00,-6.151480954329762163e+00,1.158059647624794253e-04
9.680000000000007487e-01,9.793350963036365764e-01,1.998078429316163251e-01,1.256045217578104056e+00,-6.159502359161745488e+00,1.159257227405075907e-04
9.690000000000007496e-01,9.805717735562859971e-01,1.936444313193750877e-01,1.217301126775181208e+00,-6.167280254537393702e+00,1.160454807185357155e-04
9.700000000000007505e-01,9.817696824909407649e-01,1.874733636955840665e-01,1.178508837395679576e+00,-6.174814331590007477e+00,1.161652386965638132e-04
9.710000000000007514e-01,9.829287756767656203e-01,1.812948840289668184e-01,1.139669885237897695e+00,-6.182104291132935359e+00,1.162849966745918838e-04
9.720000000000007523e-01,9.840490072196605986e-01,1.751092365825884511e-01,1.100785807964036023e+00,-6.189149843671664541e+00,1.164047546526199273e-04
9.730000000000007532e-01,9.851303327640943408e-01,1.689166659041576035e-01,1.061858145038801382e+00,-6.195950709415515512e+00,1.165245126306479437e-04
9.740000000000007541e-01,9.861727094948757877e-01,1.627174168163170176e-01,1.022888437667936801e+00,-6.202506618288952112e+00,1.166442706086759194e-04
9.750000000000007550e-01,9.871760961388645894e-01,1.565117344069227590e-01,9.838782287366794055e-01,-6.208817309942492813e+00,1.167640285867038681e-04
9.760000000000007558e-01,9.881404529666195646e-01,1.502998640193130009e-01,9.448290627481489290e-01,-6.214882533763233852e+00,1.168837865647317896e-04
9.770000000000007567e-01,9.890657417939860974e-01,1.440820512425662614e-01,9.057424857616693803e-01,-6.220702048884976243e+00,1.170035445427596840e-04
9.780000000000007576e-01,9.899519259836211393e-01,1.378585419017498703e-01,8.666200453310261009e-01,-6.226275624197961100e+00,1.171233025207875513e-04
9.790000000000007585e-01,9.907989704464569281e-01,1.316295820481587497e-01,8.274632904426614255e-01,-6.231603038358209723e+00,1.172430604988153780e-04
9.800000000000007594e-01,9.916068416431026433e-01,1.253954179495451737e-01,7.882737714538109453e-01,-6.236684079796467550e+00,1.173628184768431775e-04
9.810000000000007603e-01,9.923755075851844465e-01,1.191562960803397575e-01,7.490530400305829284e-01,-6.241518546726758210e+00,1.174825764548709500e-04
9.820000000000007612e-01,9.931049378366231251e-01,1.129124631118640087e-01,7.098026490859838944e-01,-6.246106247154536995e+00,1.176023344328986953e-04
9.830000000000007621e-01,9.937951035148501200e-01,1.066641659025350242e-01,6.705241527178924521e-01,-6.250446998884450878e+00,1.177220924109264000e-04
9.840000000000007629e-01,9.944459772919612695e-01,1.004116514880625810e-01,6.312191061469842879e-01,-6.254540629527705065e+00,1.178418503889540775e-04
9.850000000000007638e-01,9.950575333958086022e-01,9.415516707163903987e-02,5.918890656546105244e-01,-6.258386976509027200e+00,1.179616083669817280e-04
9.860000000000007647e-01,9.956297476110299582e-01,8.789496001412251680e-02,5.525355885206322260e-01,-6.261985887073242552e+00,1.180813663450093514e-04
9.870000000000007656e-01,9.961625972800164375e-01,8.163127782421367162e-02,5.131602329612139357e-01,-6.265337218291445076e+00,1.182011243230369476e-04
9.880000000000007665e-01,9.966560613038174532e-01,7.536436814862651490e-02,4.737645580665782452e-01,-6.268440837066776794e+00,1.183208823010645032e-04
9.890000000000007674e-01,9.971101201429837246e-01,6.909447876225362217e-02,4.343501237387240588e-01,-6.271296620139808375e+00,1.184406402790920317e-04
9.900000000000007683e-01,9.975247558183478747e-01,6.282185755832619956e-02,3.949184906291114960e-01,-6.273904454093519156e+00,1.185603982571195331e-04
9.910000000000007692e-01,9.978999519117427441e-01,5.654675253856934758e-02,3.554712200763159302e-01,-6.276264235357884580e+00,1.186801562351470074e-04
9.920000000000007701e-01,9.982356935666574227e-01,5.026941180335292580e-02,3.160098740436532161e-01,-6.278375870214060406e+00,1.187999142131744410e-04
9.930000000000007709e-01,9.985319674888306629e-01,4.399008354183844838e-02,2.765360150567794384e-01,-6.280239274798172566e+00,1.189196721912018476e-04
9.940000000000007718e-01,9.987887619467819000e-01,3.770901602212239218e-02,2.370512061412672344e-01,-6.281854375104707344e+00,1.190394301692292270e-04
9.950000000000007727e-01,9.990060667722800991e-01,3.142645758137630613e-02,1.975570107601614389e-01,-6.283221106989501870e+00,1.191591881472565793e-04
9.960000000000007736e-01,9.991838733607502077e-01,2.514265661598413110e-02,1.580549927515166875e-01,-6.284339416172339376e+00,1.192789461252838910e-04
9.970000000000007745e-01,9.993221746716164366e-01,1.885786157167711891e-02,1.185467162659194773e-01,-6.285209258239139452e+00,1.193987041033111755e-04
9.980000000000007754e-01,9.994209652285839240e-01,1.257232093366676684e-02,7.903374570399729349e-02,-6.285830598643758371e+00,1.195184620813384330e-04
9.990000000000007763e-01,9.994802411198574488e-01,6.286283216776155335e-03,3.951764565391740341e-02,-6.286203412709381766e+00,1.196382200593656633e-04
1.000000000000000666e+00,9.994999999982975281e-01,-3.044429925172509321e-09,-1.917112209259830280e-08,-6.286327685629524709e+00,1.197579780373928530e-04
