tau,x,y,u,v,theta1
0.000000000000000000e+00,9.960999999999999854e-01,-0.000000000000000000e+00,0.000000000000000000e+00,-6.307737700405207093e+00,0.000000000000000000e+00
1.000000000000000021e-03,9.960801059877958386e-01,-6.307695707755875923e-03,-3.978789041748172911e-02,-6.307611722883922134e+00,9.384303911952789017e-07
2.000000000000000042e-03,9.960204247551237566e-01,-1.261513946220540333e-02,-7.957417296156482633e-02,-6.307233795528714992e+00,1.876860782390484323e-06
3.000000000000000062e-03,9.959209587137679565e-01,-1.892207932045943813e-02,-1.193572398283177238e-01,-6.306603933965269526e+00,2.815291173585543738e-06
4.000000000000000083e-03,9.957817118832525960e-01,-2.522826336046276458e-02,-1.591354833527391655e-01,-6.305722164235579186e+00,3.753721564780383770e-06
5.000000000000000104e-03,9.956026898906685796e-01,-3.153343969140981473e-02,-1.989072960782141131e-01,-6.304588522796724881e+00,4.692151955974931577e-06
6.000000000000000125e-03,9.953838999704303081e-01,-3.783735646415897075e-02,-2.386710708259582592e-01,-6.303203056519170566e+00,5.630582347169113888e-06
7.000000000000000146e-03,9.951253509639631512e-01,-4.413976188164486086e-02,-2.784252007644478222e-01,-6.301565822684564999e+00,6.569012738362856590e-06
8.000000000000000167e-03,9.948270533193214193e-01,-5.044040420928826152e-02,-3.181680794788305788e-01,-6.299676888983059442e+00,7.507443129556087683e-06
9.000000000000001055e-03,9.944890190907369476e-01,-5.673903178540305736e-02,-3.578981010403143315e-01,-6.297536333510135975e+00,8.445873520748733477e-06
1.000000000000000194e-02,9.941112619380985116e-01,-6.303539303159975959e-02,-3.976136600755295070e-01,-6.295144244762950869e+00,9.384303911940721974e-06
1.100000000000000283e-02,9.936937971263616332e-01,-6.932923646318518707e-02,-4.373131518358617797e-01,-6.292500721636188565e+00,1.032273430313197863e-05
1.200000000000000372e-02,9.932366415248892189e-01,-7.562031069955768570e-02,-4.769949722667510827e-01,-6.289605873417430715e+00,1.126116469432243061e-05
1.300000000000000461e-02,9.927398136067228096e-01,-8.190836447459752534e-02,-5.166575180769533704e-01,-6.286459819782037606e+00,1.219959508551200506e-05
1.400000000000000550e-02,9.922033334477847744e-01,-8.819314664705189821e-02,-5.562991868077612478e-01,-6.283062690787544646e+00,1.313802547670062745e-05
1.500000000000000638e-02,9.916272227260108929e-01,-9.447440621091411639e-02,-5.959183769021800803e-01,-6.279414626867571236e+00,1.407645586788822662e-05
1.600000000000000727e-02,9.910115047204145489e-01,-1.007518923057964255e-01,-6.355134877740553634e-01,-6.275515778825246471e+00,1.501488625907472804e-05
1.700000000000000816e-02,9.903562043100808676e-01,-1.070253542272960462e-01,-6.750829198771483020e-01,-6.271366307826149011e+00,1.595331665026006055e-05
1.800000000000000905e-02,9.896613479730925755e-01,-1.132945414373538601e-01,-7.146250747741551557e-01,-6.266966385390762007e+00,1.689174704144414792e-05
1.900000000000000994e-02,9.889269637853864703e-01,-1.195592035746053661e-01,-7.541383552056672990e-01,-6.262316193386445740e+00,1.783017743262692070e-05
2.000000000000001082e-02,9.881530814195411683e-01,-1.258190904647233377e-01,-7.936211651590679983e-01,-6.257415924018923548e+00,1.876860782380830435e-05
2.100000000000001171e-02,9.873397321434957963e-01,-1.320739521307517372e-01,-8.330719099373621317e-01,-6.252265779823290792e+00,1.970703821498822432e-05
2.200000000000001260e-02,9.864869488191999602e-01,-1.383235388034303459e-01,-8.724889962279352984e-01,-6.246865973654534443e+00,2.064546860616660608e-05
2.300000000000001349e-02,9.855947659011951023e-01,-1.445676009315098043e-01,-9.118708321712388765e-01,-6.241216728677577485e+00,2.158389899734337847e-05
2.400000000000001438e-02,9.846632194351270240e-01,-1.508058891920562583e-01,-9.512158274293969207e-01,-6.235318278356837496e+00,2.252232938851847036e-05
2.500000000000001527e-02,9.836923470561902416e-01,-1.570381545007455137e-01,-9.905223932547313481e-01,-6.229170866445309152e+00,2.346075977969180719e-05
2.600000000000001615e-02,9.826821879875030641e-01,-1.632641480221459218e-01,-1.029788942558202303e+00,-6.222774746973162685e+00,2.439919017086331443e-05
2.700000000000001704e-02,9.816327830384151687e-01,-1.694836211799896630e-01,-1.069013889977758813e+00,-6.216130184235867162e+00,2.533762056203292092e-05
2.800000000000001793e-02,9.805441746027462324e-01,-1.756963256674319296e-01,-1.108195651946597859e+00,-6.209237452781835032e+00,2.627605095320055214e-05
2.900000000000001882e-02,9.794164066569568394e-01,-1.819020134572974512e-01,-1.147332646761326513e+00,-6.202096837399588836e+00,2.721448134436613693e-05
3.000000000000001971e-02,9.782495247582508879e-01,-1.881004368123140313e-01,-1.186423294650024607e+00,-6.194708633104450080e+00,2.815291173552960074e-05
3.100000000000002059e-02,9.770435760426100513e-01,-1.942913482953324278e-01,-1.225466017840203481e+00,-6.187073145124757367e+00,2.909134212669086905e-05
3.200000000000002148e-02,9.757986092227606267e-01,-2.004745007795323553e-01,-1.264459240626659042e+00,-6.179190688887604033e+00,3.002977251784987069e-05
3.300000000000002237e-02,9.745146745860721049e-01,-2.066496474586138610e-01,-1.303401389439212021e+00,-6.171061590004105923e+00,3.096820290900653114e-05
3.400000000000002326e-02,9.731918239923885716e-01,-2.128165418569738232e-01,-1.342290892910336098e+00,-6.162686184254197563e+00,3.190663330016077585e-05
3.500000000000002415e-02,9.718301108717920522e-01,-2.189749378398669344e-01,-1.381126181942667008e+00,-6.154064817570952250e+00,3.284506369131253367e-05
3.600000000000002504e-02,9.704295902222989101e-01,-2.251245896235508359e-01,-1.419905689776390645e+00,-6.145197846024434085e+00,3.378349408246173683e-05
3.700000000000002592e-02,9.689903186074884101e-01,-2.312652517854148215e-01,-1.458627852056506580e+00,-6.136085635805082816e+00,3.472192447360830403e-05
3.800000000000002681e-02,9.675123541540644467e-01,-2.373966792740916931e-01,-1.497291106899961921e+00,-6.126728563206624401e+00,3.566035486475216751e-05
3.900000000000002770e-02,9.659957565493502152e-01,-2.435186274195523803e-01,-1.535893894962654826e+00,-6.117127014608520597e+00,3.659878525589324594e-05
4.000000000000002859e-02,9.644405870387153801e-01,-2.496308519431825745e-01,-1.574434659506301459e+00,-6.107281386457947825e+00,3.753721564703147156e-05
4.100000000000002948e-02,9.628469084229375197e-01,-2.557331089678414049e-01,-1.612911846465163723e+00,-6.097192085251312399e+00,3.847564603816677661e-05
4.200000000000003036e-02,9.612147850554956241e-01,-2.618251550279010464e-01,-1.651323904512635332e+00,-6.086859527515302126e+00,3.941407642929907977e-05
4.300000000000003125e-02,9.595442828397982016e-01,-2.679067470792675376e-01,-1.689669285127680887e+00,-6.076284139787476057e+00,4.035250682042831329e-05
4.400000000000003214e-02,9.578354692263444381e-01,-2.739776425093815582e-01,-1.727946442661125959e+00,-6.065466358596390606e+00,4.129093721155440263e-05
4.500000000000003303e-02,9.560884132098189658e-01,-2.800375991471994452e-01,-1.766153834401794409e+00,-6.054406630441268256e+00,4.222936760267727323e-05
4.600000000000003392e-02,9.543031853261213504e-01,-2.860863752731534482e-01,-1.804289920642488720e+00,-6.043105411771206192e+00,4.316779799379685058e-05
4.700000000000003481e-02,9.524798576493287428e-01,-2.921237296290910002e-01,-1.842353164745810901e+00,-6.031563168963928412e+00,4.410622838491306690e-05
4.800000000000003569e-02,9.506185037885934719e-01,-2.981494214281925625e-01,-1.880342033209819963e+00,-6.019780378304079527e+00,4.504465877602584087e-05
4.900000000000003658e-02,9.487191988849749125e-01,-3.041632103648674867e-01,-1.918254995733522206e+00,-6.007757525961066492e+00,4.598308916713510474e-05
5.000000000000003747e-02,9.467820196082055162e-01,-3.101648566246274497e-01,-1.956090525282192294e+00,-5.995495107966449133e+00,4.692151955824078397e-05
5.100000000000003836e-02,9.448070441533924502e-01,-3.161541208939372405e-01,-1.993847098152520481e+00,-5.982993630190873269e+00,4.785994994934281079e-05
5.200000000000003925e-02,9.427943522376531771e-01,-3.221307643700420664e-01,-2.031523194037582858e+00,-5.970253608320557070e+00,4.879838034044110389e-05
5.300000000000004013e-02,9.407440250966869755e-01,-3.280945487707711550e-01,-2.069117296091630642e+00,-5.957275567833330676e+00,4.973681073153559551e-05
5.400000000000004102e-02,9.386561454812812899e-01,-3.340452363443171535e-01,-2.106627890994698049e+00,-5.944060043974226382e+00,5.067524112262621110e-05
5.500000000000004191e-02,9.365307976537539103e-01,-3.399825898789911038e-01,-2.144053469017021207e+00,-5.930607581730621192e+00,5.161367151371287613e-05
5.600000000000004280e-02,9.343680673843304252e-01,-3.459063727129520482e-01,-2.181392524083267670e+00,-5.916918735806940610e+00,5.255210190479551606e-05
5.700000000000004369e-02,9.321680419474578372e-01,-3.518163487439112114e-01,-2.218643553836573190e+00,-5.902994070598917453e+00,5.349053229587406313e-05
5.800000000000004458e-02,9.299308101180542296e-01,-3.577122824388103695e-01,-2.255805059702379545e+00,-5.888834160167409237e+00,5.442896268694844279e-05
5.900000000000004546e-02,9.276564621676945954e-01,-3.635939388434736852e-01,-2.292875546952076071e+00,-5.874439588211776808e+00,5.536739307801858052e-05
6.000000000000004635e-02,9.253450898607330499e-01,-3.694610835922325642e-01,-2.329853524766433370e+00,-5.859810948042830425e+00,5.630582346908440176e-05
6.100000000000004724e-02,9.229967864503619834e-01,-3.753134829175235887e-01,-2.366737506298834948e+00,-5.844948842555333535e+00,5.724425386014583199e-05
6.200000000000004813e-02,9.206116466746077087e-01,-3.811509036594584732e-01,-2.403526008738295694e+00,-5.829853884200075775e+00,5.818268425120280343e-05
6.300000000000004208e-02,9.181897667522634920e-01,-3.869731132753658764e-01,-2.440217553372269865e+00,-5.814526694955516994e+00,5.912111464225523478e-05
6.400000000000004297e-02,9.157312443787600786e-01,-3.927798798493047916e-01,-2.476810665649241905e+00,-5.798967906298997832e+00,6.005954503330305827e-05
6.500000000000004385e-02,9.132361787219729354e-01,-3.985709721015489038e-01,-2.513303875241098773e+00,-5.783178159177521316e+00,6.099797542434620614e-05
6.600000000000004474e-02,9.107046704179683205e-01,-4.043461593980413049e-01,-2.549695716105278454e+00,-5.767158103978112571e+00,6.193640581538460384e-05
6.700000000000004563e-02,9.081368215666861810e-01,-4.101052117598196767e-01,-2.585984726546695089e+00,-5.750908400497749540e+00,6.287483620641816330e-05
6.800000000000004652e-02,9.055327357275623212e-01,-4.158478998724109421e-01,-2.622169449279434073e+00,-5.734429717912873592e+00,6.381326659744683029e-05
6.900000000000004741e-02,9.028925179150881775e-01,-4.215739950951953863e-01,-2.658248431488216657e+00,-5.717722734748479141e+00,6.475169698847052350e-05
7.000000000000004829e-02,9.002162745943095290e-01,-4.272832694707394130e-01,-2.694220224889627868e+00,-5.700788138846785813e+00,6.569012737948916162e-05
7.100000000000004918e-02,8.975041136762643701e-01,-4.329754957340971599e-01,-2.730083385793109496e+00,-5.683626627335492287e+00,6.662855777050269044e-05
7.200000000000005007e-02,8.947561445133593860e-01,-4.386504473220798062e-01,-2.765836475161710606e+00,-5.666238906595614466e+00,6.756698816151101509e-05
7.300000000000005096e-02,8.919724778946862553e-01,-4.443078983824925721e-01,-2.801478058672594251e+00,-5.648625692228915973e+00,6.850541855251408136e-05
7.400000000000005185e-02,8.891532260412772226e-01,-4.499476237833391346e-01,-2.837006706777297271e+00,-5.630787709024924759e+00,6.944384894351180793e-05
7.500000000000005274e-02,8.862985026013009415e-01,-4.555693991219927352e-01,-2.872420994761742730e+00,-5.612725690927539368e+00,7.038227933450412704e-05
7.600000000000005362e-02,8.834084226451979216e-01,-4.611730007343335935e-01,-2.907719502805996115e+00,-5.594440381001233753e+00,7.132070972549095739e-05
7.700000000000005451e-02,8.804831026607568001e-01,-4.667582057038524024e-01,-2.942900816043769296e+00,-5.575932531396857073e+00,7.225914011647223119e-05
7.800000000000005540e-02,8.775226605481309949e-01,-4.723247918707195736e-01,-2.977963524621662916e+00,-5.557202903317026710e+00,7.319757050744786714e-05
7.900000000000005629e-02,8.745272156147961828e-01,-4.778725378408194557e-01,-3.012906223758150315e+00,-5.538252266981129601e+00,7.413600089841779748e-05
8.000000000000005718e-02,8.714968885704492685e-01,-4.834012229947493577e-01,-3.047727513802295896e+00,-5.519081401589917668e+00,7.507443128938195444e-05
8.100000000000005806e-02,8.684318015218484010e-01,-4.889106274967831567e-01,-3.082426000292206147e+00,-5.499691095289716003e+00,7.601286168034025671e-05
8.200000000000005895e-02,8.653320779675948149e-01,-4.944005323037988231e-01,-3.117000294013211104e+00,-5.480082145136229599e+00,7.695129207129263653e-05
8.300000000000005984e-02,8.621978427928567168e-01,-4.998707191741694200e-01,-3.151449011055774019e+00,-5.460255357057969050e+00,7.788972246223901258e-05
8.400000000000006073e-02,8.590292222640351083e-01,-5.053209706766176312e-01,-3.185770772873123935e+00,-5.440211545819278349e+00,7.882815285317931709e-05
8.500000000000006162e-02,8.558263440233726538e-01,-5.107510701990327640e-01,-3.219964206338612467e+00,-5.419951534982983432e+00,7.976658324411348231e-05
8.600000000000006251e-02,8.525893370835048168e-01,-5.161608019572505590e-01,-3.254027943802786815e+00,-5.399476156872653476e+00,8.070501363504142692e-05
8.700000000000006339e-02,8.493183318219540423e-01,-5.215499510037947539e-01,-3.287960623150181672e+00,-5.378786252534482060e+00,8.164344402596308316e-05
8.800000000000006428e-02,8.460134599755678719e-01,-5.269183032365806207e-01,-3.321760887855822908e+00,-5.357882671698789068e+00,8.258187441687838326e-05
8.900000000000006517e-02,8.426748546349001057e-01,-5.322656454075795907e-01,-3.355427387041444831e+00,-5.336766272741146011e+00,8.352030480778724591e-05
9.000000000000006606e-02,8.393026502385361187e-01,-5.375917651314450207e-01,-3.388958775531412559e+00,-5.315437922643126534e+00,8.445873519868958980e-05
9.100000000000006695e-02,8.358969825673624454e-01,-5.428964508940983258e-01,-3.422353713908352635e+00,-5.293898496952685662e+00,8.539716558958536071e-05
9.200000000000006783e-02,8.324579887387806298e-01,-5.481794920612753641e-01,-3.455610868568486982e+00,-5.272148879744171346e+00,8.633559598047447733e-05
9.300000000000006872e-02,8.289858072008664536e-01,-5.534406788870327443e-01,-3.488728911776665775e+00,-5.250189963577965635e+00,8.727402637135685834e-05
9.400000000000006961e-02,8.254805777264737632e-01,-5.586798025222136088e-01,-3.521706521721099659e+00,-5.228022649459765248e+00,8.821245676223243598e-05
9.500000000000007050e-02,8.219424414072835638e-01,-5.638966550228723396e-01,-3.554542382567786873e+00,-5.205647846799497103e+00,8.915088715310114250e-05
9.600000000000007139e-02,8.183715406477996002e-01,-5.690910293586579627e-01,-3.587235184514635300e+00,-5.183066473369877691e+00,9.008931754396289657e-05
9.700000000000007228e-02,8.147680191592893140e-01,-5.742627194211564756e-01,-3.619783623845271858e+00,-5.160279455264612736e+00,9.102774793481763042e-05
9.800000000000007316e-02,8.111320219536712894e-01,-5.794115200321902082e-01,-3.652186402982543711e+00,-5.137287726856246906e+00,9.196617832566527631e-05
9.900000000000007405e-02,8.074636953373495185e-01,-5.845372269520759945e-01,-3.684442230541702834e+00,-5.114092230753655599e+00,9.290460871650575291e-05
1.000000000000000749e-01,8.037631869049943756e-01,-5.896396368878398242e-01,-3.716549821383274388e+00,-5.090693917759194775e+00,9.384303910733897891e-05
1.010000000000000758e-01,8.000306455332714117e-01,-5.947185475013886391e-01,-3.748507896665606687e+00,-5.067093746825499956e+00,9.478146949816490009e-05
1.020000000000000767e-01,7.962662213745169693e-01,-5.997737574176392750e-01,-3.780315183897100084e+00,-5.043292685011942389e+00,9.571989988898343515e-05
1.030000000000000776e-01,7.924700658503622819e-01,-6.048050662326028837e-01,-3.811970416988110344e+00,-5.019291707440746819e+00,9.665833027979450277e-05
1.040000000000000785e-01,7.886423316453058385e-01,-6.098122745214259455e-01,-3.843472336302528269e+00,-4.995091797252766419e+00,9.759676067059803518e-05
1.050000000000000794e-01,7.847831727002341218e-01,-6.147951838463864283e-01,-3.874819688709030263e+00,-4.970693945562926430e+00,9.853519106139396462e-05
1.060000000000000803e-01,7.808927442058912760e-01,-6.197535967648456490e-01,-3.906011227631998040e+00,-4.946099151415332074e+00,9.947362145218220978e-05
1.070000000000000812e-01,7.769712025962981494e-01,-6.246873168371547269e-01,-3.937045713102105715e+00,-4.921308421738047834e+00,1.004120518429627029e-04
1.080000000000000820e-01,7.730187055421207099e-01,-6.295961486345160729e-01,-3.967921911806572055e+00,-4.896322771297548115e+00,1.013504822337353762e-04
1.090000000000000829e-01,7.690354119439888336e-01,-6.344798977467983603e-01,-3.998638597139077433e+00,-4.871143222652844607e+00,1.022889126245001484e-04
1.100000000000000838e-01,7.650214819257645793e-01,-6.393383707903065316e-01,-4.029194549249337065e+00,-4.845770806109291229e+00,1.032273430152569517e-04
1.110000000000000847e-01,7.609770768277618336e-01,-6.441713754155047322e-01,-4.059588555092339845e+00,-4.820206559672069346e+00,1.041657734060057048e-04
1.120000000000000856e-01,7.569023591999164413e-01,-6.489787203146923922e-01,-4.089819408477234575e+00,-4.794451528999355894e+00,1.051042037967463399e-04
1.130000000000000865e-01,7.527974927949079298e-01,-6.537602152296343450e-01,-4.119885910115881344e+00,-4.768506767355181530e+00,1.060426341874787758e-04
1.140000000000000874e-01,7.486626425612323832e-01,-6.585156709591424296e-01,-4.149786867671045876e+00,-4.742373335561973491e+00,1.069810645782029581e-04
1.150000000000000883e-01,7.444979746362276884e-01,-6.632448993666102410e-01,-4.179521095804251019e+00,-4.716052301952794679e+00,1.079194949689187921e-04
1.160000000000000892e-01,7.403036563390510416e-01,-6.679477133874996975e-01,-4.209087416223272093e+00,-4.689544742323274562e+00,1.088579253596262236e-04
1.170000000000000900e-01,7.360798561636091586e-01,-6.726239270367796452e-01,-4.238484657729281402e+00,-4.662851739883238977e+00,1.097963557503251711e-04
1.180000000000000909e-01,7.318267437714414125e-01,-6.772733554163155034e-01,-4.267711656263639242e+00,-4.635974385208043280e+00,1.107347861410155535e-04
1.190000000000000918e-01,7.275444899845561197e-01,-6.818958147222102806e-01,-4.296767254954320769e+00,-4.608913776189604405e+00,1.116732165316973029e-04
1.200000000000000927e-01,7.232332667782213065e-01,-6.864911222520968526e-01,-4.325650304161991144e+00,-4.581671017987142491e+00,1.126116469223703516e-04
1.210000000000000936e-01,7.188932472737089574e-01,-6.910590964123803914e-01,-4.354359661525715630e+00,-4.554247222977633847e+00,1.135500773130346318e-04
1.220000000000000945e-01,7.145246057309937449e-01,-6.955995567254309453e-01,-4.382894192008307321e+00,-4.526643510705970819e+00,1.144885077036900622e-04
1.230000000000000954e-01,7.101275175414069052e-01,-7.001123238367266133e-01,-4.411252767941310715e+00,-4.498861007834840997e+00,1.154269380943365614e-04
1.240000000000000963e-01,7.057021592202452620e-01,-7.045972195219462053e-01,-4.439434269069618466e+00,-4.470900848094324864e+00,1.163653684849740618e-04
1.250000000000000833e-01,7.012487083993355075e-01,-7.090540666940111647e-01,-4.467437582595722212e+00,-4.442764172231212783e+00,1.173037988756024956e-04
1.260000000000000842e-01,6.967673438195548519e-01,-7.134826894100767536e-01,-4.495261603223587699e+00,-4.414452127958045757e+00,1.182422292662217950e-04
1.270000000000000850e-01,6.922582453233075972e-01,-7.178829128784723901e-01,-4.522905233202163977e+00,-4.385965869901887970e+00,1.191806596568318786e-04
1.280000000000000859e-01,6.877215938469586343e-01,-7.222545634655903601e-01,-4.550367382368519564e+00,-4.357306559552822200e+00,1.201190900474326652e-04
1.290000000000000868e-01,6.831575714132238630e-01,-7.265974687027230150e-01,-4.577646968190597576e+00,-4.328475365212185011e+00,1.210575204380240870e-04
1.300000000000000877e-01,6.785663611235182024e-01,-7.309114572928478992e-01,-4.604742915809601378e+00,-4.299473461940534591e+00,1.219959508286060763e-04
1.310000000000000886e-01,6.739481471502611898e-01,-7.351963591173610313e-01,-4.631654158081997430e+00,-4.270302031505359253e+00,1.229343812191785652e-04
1.320000000000000895e-01,6.693031147291408356e-01,-7.394520052427575596e-01,-4.658379635621141546e+00,-4.240962262328527466e+00,1.238728116097414589e-04
1.330000000000000904e-01,6.646314501513361783e-01,-7.436782279272595719e-01,-4.684918296838520568e+00,-4.211455349433482098e+00,1.248112420002947033e-04
1.340000000000000913e-01,6.599333407556986497e-01,-7.478748606273913913e-01,-4.711269097984614795e+00,-4.181782494392186855e+00,1.257496723908382169e-04
1.350000000000000921e-01,6.552089749208929170e-01,-7.520417380045012479e-01,-4.737431003189375822e+00,-4.151944905271817809e+00,1.266881027813719456e-04
1.360000000000000930e-01,6.504585420574972021e-01,-7.561786959312299938e-01,-4.763402984502316251e+00,-4.121943796581215125e+00,1.276265331718957809e-04
1.370000000000000939e-01,6.456822326000637435e-01,-7.602855714979256385e-01,-4.789184021932213930e+00,-4.091780389217090530e+00,1.285649635624096687e-04
1.380000000000000948e-01,6.408802379991401788e-01,-7.643622030190043715e-01,-4.814773103486428951e+00,-4.061455910409994097e+00,1.295033939529135548e-04
1.390000000000000957e-01,6.360527507132511804e-01,-7.684084300392572953e-01,-4.840169225209829840e+00,-4.030971593670044761e+00,1.304418243434073306e-04
1.400000000000000966e-01,6.311999642008415679e-01,-7.724240933401026465e-01,-4.865371391223327180e+00,-4.000328678732429033e+00,1.313802547338909421e-04
1.410000000000000975e-01,6.263220729121815600e-01,-7.764090349457836160e-01,-4.890378613762017324e+00,-3.969528411502667886e+00,1.323186851243643078e-04
1.420000000000000984e-01,6.214192722812332814e-01,-7.803630981295112123e-01,-4.915189913212931749e+00,-3.938572044001658945e+00,1.332571155148273736e-04
1.430000000000000993e-01,6.164917587174804092e-01,-7.842861274195519483e-01,-4.939804318152391183e+00,-3.907460834310491293e+00,1.341955459052800582e-04
1.440000000000001001e-01,6.115397295977200720e-01,-7.881779686052605705e-01,-4.964220865382960923e+00,-3.876196046515042237e+00,1.351339762957222803e-04
1.450000000000001010e-01,6.065633832578186668e-01,-7.920384687430569448e-01,-4.988438599970015375e+00,-3.844778950650355132e+00,1.360724066861539584e-04
1.460000000000001019e-01,6.015629189844304836e-01,-7.958674761623470983e-01,-5.012456575277897564e+00,-3.813210822644802267e+00,1.370108370765750385e-04
1.470000000000001028e-01,5.965385370066812465e-01,-7.996648404713889713e-01,-5.036273853005681644e+00,-3.781492944264036815e+00,1.379492674669854392e-04
1.480000000000001037e-01,5.914904384878154620e-01,-8.034304125631013260e-01,-5.059889503222535723e+00,-3.749626603054736051e+00,1.388876978573850792e-04
1.490000000000001046e-01,5.864188255168087949e-01,-8.071640446208165898e-01,-5.083302604402680558e+00,-3.717613092288139853e+00,1.398261282477739043e-04
1.500000000000001055e-01,5.813239010999456946e-01,-8.108655901239769648e-01,-5.106512243459945921e+00,-3.685453710903386249e+00,1.407645586381518332e-04
1.510000000000001064e-01,5.762058691523629372e-01,-8.145349038537742503e-01,-5.129517515781925496e+00,-3.653149763450648013e+00,1.417029890285187845e-04
1.520000000000001072e-01,5.710649344895585289e-01,-8.181718418987320440e-01,-5.152317525263722331e+00,-3.620702560034073869e+00,1.426414194188747040e-04
1.530000000000001081e-01,5.659013028188677463e-01,-8.217762616602313219e-01,-5.174911384341291942e+00,-3.588113416254537835e+00,1.435798498092195105e-04
1.540000000000001090e-01,5.607151807309058711e-01,-8.253480218579782868e-01,-5.197298214024377749e+00,-3.555383653152195844e+00,1.445182801995531226e-04
1.550000000000001099e-01,5.555067756909778387e-01,-8.288869825354149290e-01,-5.219477143929037055e+00,-3.522514597148860283e+00,1.454567105898754589e-04
1.560000000000001108e-01,5.502762960304561357e-01,-8.323930050650719670e-01,-5.241447312309761131e+00,-3.489507579990187569e+00,1.463951409801864654e-04
1.570000000000001117e-01,5.450239509381260561e-01,-8.358659521538633896e-01,-5.263207866091183185e+00,-3.456363938687687654e+00,1.473335713704860606e-04
1.580000000000001126e-01,5.397499504515003155e-01,-8.393056878483233785e-01,-5.284757960899377771e+00,-3.423085015460555436e+00,1.482720017607741633e-04
1.590000000000001135e-01,5.344545054481019131e-01,-8.427120775397848318e-01,-5.306096761092745417e+00,-3.389672157677328990e+00,1.492104321510507193e-04
1.600000000000001144e-01,5.291378276367165734e-01,-8.460849879694997133e-01,-5.327223439792492243e+00,-3.356126717797377701e+00,1.501488625413156472e-04
1.610000000000001152e-01,5.238001295486148789e-01,-8.494242872337000039e-01,-5.348137178912688583e+00,-3.322450053312221208e+00,1.510872929315688657e-04
1.620000000000001161e-01,5.184416245287445379e-01,-8.527298447886010324e-01,-5.368837169189919045e+00,-3.288643526686685359e+00,1.520257233218103206e-04
1.630000000000001170e-01,5.130625267268931200e-01,-8.560015314553448551e-01,-5.389322610212519571e+00,-3.254708505299896526e+00,1.529641537120399305e-04
1.640000000000001179e-01,5.076630510888220371e-01,-8.592392194248852366e-01,-5.409592710449394382e+00,-3.220646361386118262e+00,1.539025841022576143e-04
1.650000000000001188e-01,5.022434133473717699e-01,-8.624427822628131235e-01,-5.429646687278420814e+00,-3.186458471975432083e+00,1.548410144924632905e-04
1.660000000000001197e-01,4.968038300135385610e-01,-8.656120949141226095e-01,-5.449483767014438484e+00,-3.152146218834267710e+00,1.557794448826569050e-04
1.670000000000001206e-01,4.913445183675239081e-01,-8.687470337079175042e-01,-5.469103184936820128e+00,-3.117710988405784533e+00,1.567178752728383764e-04
1.680000000000001215e-01,4.858656964497563568e-01,-8.718474763620582824e-01,-5.488504185316625872e+00,-3.083154171750106087e+00,1.576563056630076235e-04
1.690000000000001223e-01,4.803675830518863710e-01,-8.749133019877490813e-01,-5.507686021443337410e+00,-3.048477164484414637e+00,1.585947360531645919e-04
1.700000000000001232e-01,4.748503977077547789e-01,-8.779443910940647466e-01,-5.526647955651179167e+00,-3.013681366722904986e+00,1.595331664433092005e-04
1.710000000000001241e-01,4.693143606843349636e-01,-8.809406255924178142e-01,-5.545389259345014032e+00,-2.978768183016603288e+00,1.604715968334413678e-04
1.720000000000001250e-01,4.637596929726494621e-01,-8.839018888009649855e-01,-5.563909213025823419e+00,-2.943739022293052177e+00,1.614100272235610397e-04
1.730000000000001259e-01,4.581866162786613628e-01,-8.868280654489537618e-01,-5.582207106315768108e+00,-2.908595297795866674e+00,1.623484576136681348e-04
1.740000000000001268e-01,4.525953530141407222e-01,-8.897190416810079050e-01,-5.600282237982826317e+00,-2.873338427024163977e+00,1.632868880037625719e-04
1.750000000000001277e-01,4.469861262875065577e-01,-8.925747050613528355e-01,-5.618133915965013436e+00,-2.837969831671869336e+00,1.642253183938442696e-04
1.760000000000001286e-01,4.413591598946449701e-01,-8.953949445779799676e-01,-5.635761457394177221e+00,-2.802490937566901597e+00,1.651637487839131737e-04
1.770000000000001295e-01,4.357146783097035070e-01,-8.981796506467503161e-01,-5.653164188619377306e+00,-2.766903174610241045e+00,1.661021791739692029e-04
1.780000000000001303e-01,4.300529066758624341e-01,-9.009287151154368178e-01,-5.670341445229838406e+00,-2.731207976714885799e+00,1.670406095640123031e-04
1.790000000000001312e-01,4.243740707960834135e-01,-9.036420312677060362e-01,-5.687292572077482511e+00,-2.695406781744693614e+00,1.679790399540423656e-04
1.800000000000001321e-01,4.186783971238354773e-01,-9.063194938270382472e-01,-5.704016923299040975e+00,-2.659501031453119335e+00,1.689174703440593365e-04
1.810000000000001330e-01,4.129661127537995746e-01,-9.089609989605864637e-01,-5.720513862337741173e+00,-2.623492171421845764e+00,1.698559007340631614e-04
1.820000000000001339e-01,4.072374454125512466e-01,-9.115664442829739533e-01,-5.736782761964573929e+00,-2.587381650999313276e+00,1.707943311240537319e-04
1.830000000000001348e-01,4.014926234492224300e-01,-9.141357288600300279e-01,-5.752823004299134624e+00,-2.551170923239151289e+00,1.717327615140309938e-04
1.840000000000001357e-01,3.957318758261427205e-01,-9.166687532124645488e-01,-5.768633980830043306e+00,-2.514861444838515148e+00,1.726711919039948659e-04
1.850000000000001366e-01,3.899554321094601539e-01,-9.191654193194805922e-01,-5.784215092434941141e+00,-2.478454676076329299e+00,1.736096222939452938e-04
1.860000000000001374e-01,3.841635224597425013e-01,-9.216256306223252759e-01,-5.799565749400064085e+00,-2.441952080751442100e+00,1.745480526838821692e-04
1.870000000000001383e-01,3.783563776225589703e-01,-9.240492920277788569e-01,-5.814685371439393791e+00,-2.405355126120695353e+00,1.754864830738054650e-04
1.880000000000001392e-01,3.725342289190430867e-01,-9.264363099115813238e-01,-5.829573387713383070e+00,-2.368665282836909469e+00,1.764249134637150727e-04
1.890000000000001401e-01,3.666973082364370362e-01,-9.287865921217978160e-01,-5.844229236847259479e+00,-2.331884024886790474e+00,1.773633438536109381e-04
1.900000000000001410e-01,3.608458480186179651e-01,-9.311000479821212039e-01,-5.858652366948906121e+00,-2.295012829528757958e+00,1.783017742434929800e-04
1.910000000000001419e-01,3.549800812566065167e-01,-9.333765882951126081e-01,-5.872842235626316132e+00,-2.258053177230701536e+00,1.792402046333611170e-04
1.920000000000001428e-01,3.491002414790581598e-01,-9.356161253453798565e-01,-5.886798310004628831e+00,-2.221006551607665802e+00,1.801786350232152949e-04
1.930000000000001437e-01,3.432065627427376420e-01,-9.378185729026935480e-01,-5.900520066742735992e+00,-2.183874439359466457e+00,1.811170654130554052e-04
1.940000000000001446e-01,3.372992796229772883e-01,-9.399838462250401649e-01,-5.914006992049471556e+00,-2.146658330208244259e+00,1.820554958028814210e-04
1.950000000000001454e-01,3.313786272041189807e-01,-9.421118620616136807e-01,-5.927258581699372364e+00,-2.109359716835955467e+00,1.829939261926932337e-04
1.960000000000001463e-01,3.254448410699408156e-01,-9.442025386557437727e-01,-5.940274341048020545e+00,-2.071980094821804563e+00,1.839323565824907891e-04
1.970000000000001472e-01,3.194981572940684966e-01,-9.462557957477619741e-01,-5.953053785046960478e+00,-2.034520962579621006e+00,1.848707869722740059e-04
1.980000000000001481e-01,3.135388124303722379e-01,-9.482715545778046540e-01,-5.965596438258193857e+00,-1.996983821295184702e+00,1.858092173620428029e-04
1.990000000000001490e-01,3.075670435033490691e-01,-9.502497378885539359e-01,-5.977901834868251996e+00,-1.959370174863500180e+00,1.867476477517971258e-04
2.000000000000001499e-01,3.015830879984915391e-01,-9.521902699279154447e-01,-5.989969518701845352e+00,-1.921681529826026136e+00,1.876860781415368932e-04
2.010000000000001508e-01,2.955871838526429318e-01,-9.540930764516332152e-01,-6.001799043235092945e+00,-1.883919395307860123e+00,1.886245085312620510e-04
2.020000000000001517e-01,2.895795694443392687e-01,-9.559580847258420944e-01,-6.013389971608328999e+00,-1.846085282954883056e+00,1.895629389209724908e-04
2.030000000000001525e-01,2.835604835841389337e-01,-9.577852235295568617e-01,-6.024741876638486815e+00,-1.808180706870867072e+00,1.905013693106681583e-04
2.040000000000001534e-01,2.775301655049401406e-01,-9.595744231570989546e-01,-6.035854340831063425e+00,-1.770207183554547203e+00,1.914397997003489723e-04
2.050000000000001543e-01,2.714888548522865208e-01,-9.613256154204596893e-01,-6.046726956391663244e+00,-1.732166231836663073e+00,1.923782300900148785e-04
2.060000000000001552e-01,2.654367916746613321e-01,-9.630387336516009755e-01,-6.057359325237120729e+00,-1.694059372816970388e+00,1.933166604796657956e-04
2.070000000000001561e-01,2.593742164137708972e-01,-9.647137127046926386e-01,-6.067751059006201153e+00,-1.655888129801228459e+00,1.942550908693016422e-04
2.080000000000001570e-01,2.533013698948175518e-01,-9.663504889582870128e-01,-6.077901779069887489e+00,-1.617654028238162844e+00,1.951935212589223372e-04
2.090000000000001579e-01,2.472184933167624055e-01,-9.679490003174304746e-01,-6.087811116541240963e+00,-1.579358595656409792e+00,1.961319516485278262e-04
2.100000000000001588e-01,2.411258282425784993e-01,-9.695091862157115825e-01,-6.097478712284847724e+00,-1.541003361601442911e+00,1.970703820381180279e-04
2.110000000000001597e-01,2.350236165894947771e-01,-9.710309876172465993e-01,-6.106904216925844509e+00,-1.502589857572485199e+00,1.980088124276928611e-04
2.120000000000001605e-01,2.289121006192310903e-01,-9.725143470186015104e-01,-6.116087290858530423e+00,-1.464119616959411507e+00,1.989472428172522715e-04
2.130000000000001614e-01,2.227915229282250720e-01,-9.739592084506512037e-01,-6.125027604254554170e+00,-1.425594174979640805e+00,1.998856732067961779e-04
2.140000000000001623e-01,2.166621264378507106e-01,-9.753655174803754768e-01,-6.133724837070693603e+00,-1.387015068615024216e+00,2.008241035963244988e-04
2.150000000000001632e-01,2.105241543846295971e-01,-9.767332212125919844e-01,-6.142178679056210733e+00,-1.348383836548729731e+00,2.017625339858371801e-04
2.160000000000001641e-01,2.043778503104349276e-01,-9.780622682916259025e-01,-6.150388829759797282e+00,-1.309702019102127357e+00,2.027009643753341134e-04
2.170000000000001650e-01,1.982234580526887058e-01,-9.793526089029164217e-01,-6.158354998536101910e+00,-1.270971158171677384e+00,2.036393947648152715e-04
2.180000000000001659e-01,1.920612217345527561e-01,-9.806041947745606224e-01,-6.166076904551842652e+00,-1.232192797165824416e+00,2.045778251542805461e-04
2.190000000000001668e-01,1.858913857551137694e-01,-9.818169791787936251e-01,-6.173554276791507256e+00,-1.193368480941900067e+00,2.055162555437298828e-04
2.200000000000001676e-01,1.797141947795628525e-01,-9.829909169334061225e-01,-6.180786854062640501e+00,-1.154499755743036982e+00,2.064546859331632006e-04
2.210000000000001685e-01,1.735298937293699995e-01,-9.841259644030984077e-01,-6.187774385000716748e+00,-1.115588169135097507e+00,2.073931163225804179e-04
2.220000000000001694e-01,1.673387277724538436e-01,-9.852220795007718968e-01,-6.194516628073604814e+00,-1.076635269943618578e+00,2.083315467119814805e-04
2.230000000000001703e-01,1.611409423133473018e-01,-9.862792216887570351e-01,-6.201013351585614508e+00,-1.037642608190777027e+00,2.092699771013663073e-04
2.240000000000001712e-01,1.549367829833591947e-01,-9.872973519799784770e-01,-6.207264333681142610e+00,-9.986117350323777675e-01,2.102084074907348168e-04
2.250000000000001721e-01,1.487264956307325359e-01,-9.882764329390573144e-01,-6.213269362347898728e+00,-9.595442026948658443e-01,2.111468378800869549e-04
2.260000000000001730e-01,1.425103263107997953e-01,-9.892164286833501352e-01,-6.219028235419732376e+00,-9.204415644123677964e-01,2.120852682694226131e-04
2.270000000000001739e-01,1.362885212761354714e-01,-9.901173048839253532e-01,-6.224540760579044374e+00,-8.813053743637633275e-01,2.130236986587417643e-04
2.280000000000001747e-01,1.300613269667065808e-01,-9.909790287664762554e-01,-6.229806755358793247e+00,-8.421371876097897280e-01,2.139621290480443001e-04
2.290000000000001756e-01,1.238289900000211913e-01,-9.918015691121717659e-01,-6.234826047144096606e+00,-8.029385600301833792e-01,2.149005594373301663e-04
2.300000000000001765e-01,1.175917571612756507e-01,-9.925848962584438162e-01,-6.239598473173426640e+00,-7.637110482608592266e-01,2.158389898265992816e-04
2.310000000000001774e-01,1.113498753935008301e-01,-9.933289820997122099e-01,-6.244123880539399707e+00,-7.244562096311319976e-01,2.167774202158515647e-04
2.320000000000001783e-01,1.051035917877077286e-01,-9.940338000880465374e-01,-6.248402126189160910e+00,-6.851756021009810516e-01,2.177158506050869613e-04
2.330000000000001792e-01,9.885315357303291195e-02,-9.946993252337656966e-01,-6.252433076924369004e+00,-6.458707841983627462e-01,2.186542809943053901e-04
2.340000000000001801e-01,9.259880810688421449e-02,-9.953255341059743522e-01,-6.256216609400777173e+00,-6.065433149565709892e-01,2.195927113835067699e-04
2.350000000000001810e-01,8.634080286508696855e-02,-9.959124048330370016e-01,-6.259752610127412353e+00,-5.671947538516507459e-01,2.205311417726910463e-04
2.360000000000001819e-01,8.007938543203135806e-02,-9.964599171029895341e-01,-6.263040975465354876e+00,-5.278266607398651722e-01,2.214695721618581382e-04
2.370000000000001827e-01,7.381480349082109038e-02,-9.969680521638882853e-01,-6.266081611626120207e+00,-4.884405957952202559e-01,2.224080025510079641e-04
2.380000000000001836e-01,6.754730481342399728e-02,-9.974367928240963632e-01,-6.268874434669639228e+00,-4.490381194470490778e-01,2.233464329401404428e-04
2.390000000000001845e-01,6.127713725082473833e-02,-9.978661234525079138e-01,-6.271419370501845059e+00,-4.096207923176581334e-01,2.242848633292555201e-04
2.400000000000001854e-01,5.500454872318019661e-02,-9.982560299787099911e-01,-6.273716354871859302e+00,-3.701901751600383261e-01,2.252232937183531146e-04
2.410000000000001863e-01,4.872978720997786506e-02,-9.986064998930819225e-01,-6.275765333368786614e+00,-3.307478287956434060e-01,2.261617241074331450e-04
2.420000000000001872e-01,4.245310074019762597e-02,-9.989175222468328341e-01,-6.277566261418114912e+00,-2.912953140522379636e-01,2.271001544964955572e-04
2.430000000000001881e-01,3.617473738247731913e-02,-9.991890876519770037e-01,-6.279119104277720353e+00,-2.518341917018176446e-01,2.280385848855402697e-04
2.440000000000001890e-01,2.989494523528253914e-02,-9.994211882812468195e-01,-6.280423837033479728e+00,-2.123660223986042483e-01,2.289770152745672013e-04
2.450000000000001898e-01,2.361397241708096395e-02,-9.996138178679444541e-01,-6.281480444594496504e+00,-1.728923666171178208e-01,2.299154456635762978e-04
2.460000000000001907e-01,1.733206705652170360e-02,-9.997669717057307004e-01,-6.282288921687931627e+00,-1.334147845903285445e-01,2.308538760525674779e-04
2.470000000000001916e-01,1.104947728261997109e-02,-9.998806466483529665e-01,-6.282849272853447964e+00,-9.393483624789050745e-02,2.317923064415406602e-04
2.480000000000001925e-01,4.766451214947525598e-03,-9.999548411093108768e-01,-6.283161512437266616e+00,-5.445408115446014052e-02,2.327307368304957634e-04
2.490000000000001934e-01,-1.516763046170753818e-03,-9.999895550614606998e-01,-6.283225664585838643e+00,-1.497407844810146743e-02,2.336691672194327334e-04
2.500000000000001665e-01,-7.799917429453766780e-03,-9.999847900365576026e-01,-6.283041763239127775e+00,2.450361322121943214e-02,2.346075976083514887e-04
2.510000000000001674e-01,-1.408276390245419632e-02,-9.999405491247372879e-01,-6.282609852123513861e+00,6.397743575304822017e-02,2.355460279972519753e-04
2.520000000000001683e-01,-2.036505448134120697e-02,-9.998568369739354589e-01,-6.281929984744306417e+00,1.034458316577620551e-01,2.364844583861340846e-04
2.530000000000001692e-01,-2.664654124067548230e-02,-9.997336597892466648e-01,-6.281002224377883358e+00,1.429072441177930974e-01,2.374228887749977625e-04
2.540000000000001701e-01,-3.292697632317619083e-02,-9.995710253322213079e-01,-6.279826644063446928e+00,1.823601170487532119e-01,2.383613191638429547e-04
2.550000000000001710e-01,-3.920611194947954542e-02,-9.993689429201022545e-01,-6.278403326594396816e+00,2.218028951604576471e-01,2.392997495526695529e-04
2.560000000000001719e-01,-4.548370042788851819e-02,-9.991274234250001607e-01,-6.276732364509331141e+00,2.612340240178456230e-01,2.402381799414775028e-04
2.570000000000001728e-01,-5.175949416411339266e-02,-9.988464792730077368e-01,-6.274813860082664618e+00,3.006519501017949625e-01,2.411766103302667231e-04
2.580000000000001736e-01,-5.803324567100271586e-02,-9.985261244432536154e-01,-6.272647925314875472e+00,3.400551208698291972e-01,2.421150407190371596e-04
2.590000000000001745e-01,-6.430470757826434181e-02,-9.981663744668952676e-01,-6.270234681922378428e+00,3.794419848167144282e-01,2.430534711077887310e-04
2.600000000000001754e-01,-7.057363264217615673e-02,-9.977672464260516350e-01,-6.267574261327019336e+00,4.188109915349436108e-01,2.439919014965213559e-04
2.610000000000001763e-01,-7.683977375528608378e-02,-9.973287589526750319e-01,-6.264666804645205644e+00,4.581605917751068180e-01,2.449303318852349802e-04
2.620000000000001772e-01,-8.310288395610107570e-02,-9.968509322273630957e-01,-6.261512462676658508e+00,4.974892375061440442e-01,2.458687622739294683e-04
2.630000000000001781e-01,-8.936271643876463056e-02,-9.963337879781102302e-01,-6.258111395892804296e+00,5.367953819754794909e-01,2.468071926626048203e-04
2.640000000000001790e-01,-9.561902456272254602e-02,-9.957773494789993185e-01,-6.254463774424790401e+00,5.760774797690346727e-01,2.477456230512609277e-04
2.650000000000001799e-01,-1.018715618623765029e-01,-9.951816415488329293e-01,-6.250569778051140446e+00,6.153339868711179550e-01,2.486840534398977363e-04
2.660000000000001807e-01,-1.081200820567251170e-01,-9.945466905497053478e-01,-6.246429596185041788e+00,6.545633607241888585e-01,2.496224838285151376e-04
2.670000000000001816e-01,-1.143643390589920844e-01,-9.938725243855144331e-01,-6.242043427861271532e+00,6.937640602884945773e-01,2.505609142171131318e-04
2.680000000000001825e-01,-1.206040869862410880e-01,-9.931591725004140780e-01,-6.237411481722756612e+00,7.329345461015771557e-01,2.514993446056915560e-04
2.690000000000001834e-01,-1.268390801689771030e-01,-9.924066658772072724e-01,-6.232533976006776832e+00,7.720732803376483266e-01,2.524377749942504105e-04
2.700000000000001843e-01,-1.330690731607336308e-01,-9.916150370356797694e-01,-6.227411138530806411e+00,8.111787268668311235e-01,2.533762053827895867e-04
2.710000000000001852e-01,-1.392938207476457357e-01,-9.907843200308745768e-01,-6.222043206677999372e+00,8.502493513142650450e-01,2.543146357713089761e-04
2.720000000000001861e-01,-1.455130779580083022e-01,-9.899145504513074956e-01,-6.216430427382316104e+00,8.892836211190732199e-01,2.552530661598085789e-04
2.730000000000001870e-01,-1.517266000718192343e-01,-9.890057654171237056e-01,-6.210573057113295548e+00,9.282800055931900163e-01,2.561914965482882866e-04
2.740000000000001878e-01,-1.579341426303072782e-01,-9.880580035781955095e-01,-6.204471361860474765e+00,9.672369759800462097e-01,2.571299269367480450e-04
2.750000000000001887e-01,-1.641354614454441085e-01,-9.870713051121617898e-01,-6.198125617117455910e+00,1.006153005513110044e+00,2.580683573251877456e-04
2.760000000000001896e-01,-1.703303126094402875e-01,-9.860457117224085133e-01,-6.191536107865621474e+00,1.045026569474282852e+00,2.590067877136073343e-04
2.770000000000001905e-01,-1.765184525042246821e-01,-9.849812666359912816e-01,-6.184703128557499596e+00,1.083856145252145575e+00,2.599452181020067026e-04
2.780000000000001914e-01,-1.826996378109072283e-01,-9.838780146014994843e-01,-6.177626983099785640e+00,1.122640212400056514e+00,2.608836484903858505e-04
2.790000000000001923e-01,-1.888736255192244584e-01,-9.827360018868626090e-01,-6.170307984836012949e+00,1.161377252694096862e+00,2.618220788787446697e-04
2.800000000000001932e-01,-1.950401729369674597e-01,-9.815552762770988204e-01,-6.162746456528880756e+00,1.200065750190861591e+00,2.627605092670830516e-04
2.810000000000001941e-01,-2.011990376993921248e-01,-9.803358870720051410e-01,-6.154942730342238377e+00,1.238704191285095790e+00,2.636989396554009421e-04
2.820000000000001950e-01,-2.073499777786111387e-01,-9.790778850837910108e-01,-6.146897147822729224e+00,1.277291064767172690e+00,2.646373700436982870e-04
2.830000000000001958e-01,-2.134927514929674808e-01,-9.777813226346537823e-01,-6.138610059881090208e+00,1.315824861880412699e+00,2.655758004319750320e-04
2.840000000000001967e-01,-2.196271175163889422e-01,-9.764462535542970389e-01,-6.130081826773119857e+00,1.354304076378240129e+00,2.665142308202310688e-04
2.850000000000001976e-01,-2.257528348877236302e-01,-9.750727331773921813e-01,-6.121312818080300033e+00,1.392727204581178491e+00,2.674526612084663431e-04
2.860000000000001985e-01,-2.318696630200557385e-01,-9.736608183409830586e-01,-6.112303412690090809e+00,1.431092745433678814e+00,2.683910915966807465e-04
2.870000000000001994e-01,-2.379773617100016114e-01,-9.722105673818332017e-01,-6.103053998775886058e+00,1.469399200560782326e+00,2.693295219848742248e-04
2.880000000000002003e-01,-2.440756911469854629e-01,-9.707220401337174343e-01,-6.093564973776636862e+00,1.507645074324614365e+00,2.702679523730467238e-04
2.890000000000002012e-01,-2.501644119224946117e-01,-9.691952979246563071e-01,-6.083836744376146299e+00,1.545828873880707999e+00,2.712063827611981893e-04
2.900000000000002021e-01,-2.562432850393138728e-01,-9.676304035740949105e-01,-6.073869726482032938e+00,1.583949109234155106e+00,2.721448131493285128e-04
2.910000000000002029e-01,-2.623120719207386875e-01,-9.660274213900249540e-01,-6.063664345204367478e+00,1.622004293295583821e+00,2.730832435374375860e-04
2.920000000000002038e-01,-2.683705344197667708e-01,-9.643864171660515572e-01,-6.053221034833982550e+00,1.659992941936960120e+00,2.740216739255254088e-04
2.930000000000002047e-01,-2.744184348282678876e-01,-9.627074581784040852e-01,-6.042540238820459209e+00,1.697913574047212881e+00,2.749601043135918728e-04
2.940000000000002056e-01,-2.804555358861314240e-01,-9.609906131828913622e-01,-6.031622409749790137e+00,1.735764711587678866e+00,2.758985347016368697e-04
2.950000000000002065e-01,-2.864816007903916439e-01,-9.592359524118015957e-01,-6.020468009321720437e+00,1.773544879647367400e+00,2.768369650896603993e-04
2.960000000000002074e-01,-2.924963932043297965e-01,-9.574435475707471221e-01,-6.009077508326767791e+00,1.811252606498043427e+00,2.777753954776623533e-04
2.970000000000002083e-01,-2.984996772665533538e-01,-9.556134718354544200e-01,-5.997451386622929093e+00,1.848886423649125144e+00,2.787138258656426232e-04
2.980000000000002092e-01,-3.044912176000517112e-01,-9.537457998484988320e-01,-5.985590133112065558e+00,1.886444865902396906e+00,2.796522562536012091e-04
2.990000000000002101e-01,-3.104707793212280742e-01,-9.518406077159848877e-01,-5.973494245715976092e+00,1.923926471406534944e+00,2.805906866415380026e-04
3.000000000000002109e-01,-3.164381280489073633e-01,-9.498979730041725578e-01,-5.961164231352155340e+00,1.961329781711443676e+00,2.815291170294528952e-04
3.010000000000002118e-01,-3.223930299133195843e-01,-9.479179747360486630e-01,-5.948600605909242667e+00,1.998653341822401730e+00,2.824675474173458326e-04
3.020000000000002127e-01,-3.283352515650586612e-01,-9.459006933878444379e-01,-5.935803894222158483e+00,2.035895700254016560e+00,2.834059778052167608e-04
3.030000000000002136e-01,-3.342645601840160130e-01,-9.438462108854995813e-01,-5.922774630046935940e+00,2.073055409083984113e+00,2.843444081930656254e-04
3.040000000000002145e-01,-3.401807234882891495e-01,-9.417546106010722395e-01,-5.909513356035240861e+00,2.110131024006654421e+00,2.852828385808923181e-04
3.050000000000002154e-01,-3.460835097430642882e-01,-9.396259773490954759e-01,-5.896020623708592368e+00,2.147121104386401580e+00,2.862212689686967847e-04
3.060000000000002163e-01,-3.519726877694732137e-01,-9.374603973828808945e-01,-5.882296993432275301e+00,2.184024213310792550e+00,2.871596993564789167e-04
3.070000000000002172e-01,-3.578480269534239366e-01,-9.352579583907689731e-01,-5.868343034388955992e+00,2.220838917643559007e+00,2.880981297442387142e-04
3.080000000000002180e-01,-3.637092972544047065e-01,-9.330187494923262159e-01,-5.854159324551992505e+00,2.257563788077366684e+00,2.890365601319760144e-04
3.090000000000002189e-01,-3.695562692142612127e-01,-9.307428612344901264e-01,-5.839746450658453547e+00,2.294197399186383102e+00,2.899749905196908175e-04
3.100000000000002198e-01,-3.753887139659467520e-01,-9.284303855876614442e-01,-5.825105008181832744e+00,2.330738329478641013e+00,2.909134209073830149e-04
3.110000000000002207e-01,-3.812064032422448623e-01,-9.260814159417443125e-01,-5.810235601304475139e+00,2.367185161448194908e+00,2.918518512950525525e-04
3.120000000000002216e-01,-3.870091093844642005e-01,-9.236960471021340435e-01,-5.795138842889707043e+00,2.403536481627073229e+00,2.927902816826993219e-04
3.130000000000002225e-01,-3.927966053511055544e-01,-9.212743752856533686e-01,-5.779815354453674558e+00,2.439790880637019654e+00,2.937287120703232688e-04
3.140000000000002234e-01,-3.985686647265003768e-01,-9.188164981164370637e-01,-5.764265766136893454e+00,2.475946953241026982e+00,2.946671424579243390e-04
3.150000000000002243e-01,-4.043250617294209537e-01,-9.163225146217647277e-01,-5.748490716675510370e+00,2.512003298394658746e+00,2.956055728455024242e-04
3.160000000000002252e-01,-4.100655712216613735e-01,-9.137925252278429333e-01,-5.732490853372277151e+00,2.547958519297158553e+00,2.965440032330574700e-04
3.170000000000002260e-01,-4.157899687165895752e-01,-9.112266317555357542e-01,-5.716266832067241843e+00,2.583811223442345817e+00,2.974824336205894224e-04
3.180000000000002269e-01,-4.214980303876699197e-01,-9.086249374160453307e-01,-5.699819317108155481e+00,2.619560022669296551e+00,2.984208640080981728e-04
3.190000000000002278e-01,-4.271895330769558963e-01,-9.059875468065408111e-01,-5.683148981320597315e+00,2.655203533212807887e+00,2.993592943955836671e-04
3.200000000000002287e-01,-4.328642543035530199e-01,-9.033145659057378873e-01,-5.666256505977822933e+00,2.690740375753644109e+00,3.002977247830458511e-04
3.210000000000002296e-01,-4.385219722720510860e-01,-9.006061020694275943e-01,-5.649142580770331712e+00,2.726169175468565520e+00,3.012361551704846162e-04
3.220000000000002305e-01,-4.441624658809263382e-01,-8.978622640259554810e-01,-5.631807903775160717e+00,2.761488562080134379e+00,3.021745855578999084e-04
3.230000000000002314e-01,-4.497855147309124391e-01,-8.950831618716508231e-01,-5.614253181424900596e+00,2.796697169906302349e+00,3.031130159452916193e-04
3.240000000000002323e-01,-4.553908991333402989e-01,-8.922689070662068733e-01,-5.596479128476443243e+00,2.831793637909773231e+00,3.040514463326597487e-04
3.250000000000002331e-01,-4.609784001184468183e-01,-8.894196124280111526e-01,-5.578486467979455909e+00,2.866776609747142768e+00,3.049898767200041340e-04
3.260000000000002340e-01,-4.665477994436517672e-01,-8.865353921294274464e-01,-5.560275931244586189e+00,2.901644733817812405e+00,3.059283071073247754e-04
3.270000000000002349e-01,-4.720988796018025790e-01,-8.836163616920281738e-01,-5.541848257811400558e+00,2.936396663312677457e+00,3.068667374946215643e-04
3.280000000000002358e-01,-4.776314238293873915e-01,-8.806626379817791284e-01,-5.523204195416055562e+00,2.971031056262588788e+00,3.078051678818944465e-04
3.290000000000002367e-01,-4.831452161147151148e-01,-8.776743392041751468e-01,-5.504344499958707893e+00,3.005546575586582669e+00,3.087435982691433137e-04
3.300000000000002376e-01,-4.886400412060631915e-01,-8.746515848993278164e-01,-5.485269935470657110e+00,3.039941889139884168e+00,3.096820286563681116e-04
3.310000000000002385e-01,-4.941156846197921615e-01,-8.715944959370055534e-01,-5.465981274081234353e+00,3.074215669761677816e+00,3.106204590435687860e-04
3.320000000000002394e-01,-4.995719326484269196e-01,-8.685031945116258312e-01,-5.446479295984426372e+00,3.108366595322647363e+00,3.115588894307452826e-04
3.330000000000002403e-01,-5.050085723687047778e-01,-8.653778041371998908e-01,-5.426764789405245537e+00,3.142393348772279715e+00,3.124973198178974932e-04
3.340000000000002411e-01,-5.104253916495894439e-01,-8.622184496422304889e-01,-5.406838550565844947e+00,3.176294618185938834e+00,3.134357502050253092e-04
3.350000000000002420e-01,-5.158221791602511930e-01,-8.590252571645625723e-01,-5.386701383651375963e+00,3.210069096811700273e+00,3.143741805921287306e-04
3.360000000000002429e-01,-5.211987243780125123e-01,-8.557983541461872123e-01,-5.366354100775600600e+00,3.243715483116951681e+00,3.153126109792076491e-04
3.370000000000002438e-01,-5.265548175962595501e-01,-8.525378693279991316e-01,-5.345797521946244579e+00,3.277232480834754824e+00,3.162510413662619562e-04
3.380000000000002447e-01,-5.318902499323185928e-01,-8.492439327445079345e-01,-5.325032475030112344e+00,3.310618799009969582e+00,3.171894717532916519e-04
3.390000000000002456e-01,-5.372048133352979038e-01,-8.459166757185032637e-01,-5.304059795717946280e+00,3.343873152045138131e+00,3.181279021402966278e-04
3.400000000000002465e-01,-5.424983005938933678e-01,-8.425562308556744373e-01,-5.282880327489046124e+00,3.376994259746128435e+00,3.190663325272767754e-04
3.410000000000002474e-01,-5.477705053441598304e-01,-8.391627320391842337e-01,-5.261494921575643247e+00,3.409980847367536150e+00,3.200047629142320949e-04
3.420000000000002482e-01,-5.530212220772459109e-01,-8.357363144241977126e-01,-5.239904436927035114e+00,3.442831645657844497e+00,3.209431933011624234e-04
3.430000000000002491e-01,-5.582502461470929545e-01,-8.322771144323658499e-01,-5.218109740173477284e+00,3.475545390904341225e+00,3.218816236880677611e-04
3.440000000000002500e-01,-5.634573737780977920e-01,-8.287852697462640972e-01,-5.196111705589839147e+00,3.508120824977788210e+00,3.228200540749479996e-04
3.450000000000002509e-01,-5.686424020727394169e-01,-8.252609193037870883e-01,-5.173911215059022517e+00,3.540556695376848584e+00,3.237584844618030845e-04
3.460000000000002518e-01,-5.738051290191683584e-01,-8.217042032924982697e-01,-5.151509158035146640e+00,3.572851755272267393e+00,3.246969148486329618e-04
3.470000000000002527e-01,-5.789453534987594185e-01,-8.181152631439361222e-01,-5.128906431506499608e+00,3.605004763550802682e+00,3.256353452354375229e-04
3.480000000000002536e-01,-5.840628752936271040e-01,-8.144942415278760839e-01,-5.106103939958257953e+00,3.637014484858910102e+00,3.265737756222167137e-04
3.490000000000002545e-01,-5.891574950941041999e-01,-8.108412823465490638e-01,-5.083102595334978879e+00,3.668879689646178388e+00,3.275122060089704257e-04
3.500000000000002554e-01,-5.942290145061818185e-01,-8.071565307288171010e-01,-5.059903317002862444e+00,3.700599154208514374e+00,3.284506363956986048e-04
3.510000000000002562e-01,-5.992772360589123659e-01,-8.034401330243050587e-01,-5.036507031711788152e+00,3.732171660731077534e+00,3.293890667824011967e-04
3.520000000000002571e-01,-6.043019632117739848e-01,-7.996922367974902413e-01,-5.012914673557129497e+00,3.763595997330962728e+00,3.303274971690780930e-04
3.530000000000002580e-01,-6.093030003619970270e-01,-7.959129908217491556e-01,-4.989127183941342913e+00,3.794870958099629377e+00,3.312659275557292937e-04
3.540000000000002589e-01,-6.142801528518517795e-01,-7.921025450733621964e-01,-4.965145511535336453e+00,3.825995343145079275e+00,3.322043579423546362e-04
3.550000000000002598e-01,-6.192332269758973329e-01,-7.882610507254759202e-01,-4.940970612239622639e+00,3.856967958633778171e+00,3.331427883289541205e-04
3.560000000000002607e-01,-6.241620299881920353e-01,-7.843886601420239080e-01,-4.916603449145250160e+00,3.887787616832323767e+00,3.340812187155276381e-04
3.570000000000002616e-01,-6.290663701094640903e-01,-7.804855268716057726e-01,-4.892044992494520628e+00,3.918453136148857041e+00,3.350196491020750807e-04
3.580000000000002625e-01,-6.339460565342430742e-01,-7.765518056413249770e-01,-4.867296219641492172e+00,3.948963341174217323e+00,3.359580794885964482e-04
3.590000000000002633e-01,-6.388008994379521521e-01,-7.725876523505859073e-01,-4.842358115012270758e+00,3.979317062722839804e+00,3.368965098750916322e-04
3.600000000000002642e-01,-6.436307099839598811e-01,-7.685932240648495339e-01,-4.817231670065090121e+00,4.009513137873394584e+00,3.378349402615605243e-04
3.610000000000002651e-01,-6.484353003305924901e-01,-7.645686790093494389e-01,-4.791917883250183863e+00,4.039550410009168147e+00,3.387733706480031246e-04
3.620000000000002660e-01,-6.532144836381055253e-01,-7.605141765627667638e-01,-4.766417759969449719e+00,4.069427728858182824e+00,3.397118010344192703e-04
3.630000000000002669e-01,-6.579680740756154167e-01,-7.564298772508656343e-01,-4.740732312535908655e+00,4.099143950533058245e+00,3.406502314208089614e-04
3.640000000000002678e-01,-6.626958868279902992e-01,-7.523159427400887278e-01,-4.714862560132959679e+00,4.128697937570610321e+00,3.415886618071720896e-04
3.650000000000002687e-01,-6.673977381026997557e-01,-7.481725358311135388e-01,-4.688809528773433044e+00,4.158088558971189563e+00,3.425270921935086007e-04
3.660000000000002696e-01,-6.720734451366237039e-01,-7.439998204523690095e-01,-4.662574251258441826e+00,4.187314690237754711e+00,3.434655225798184403e-04
3.670000000000002705e-01,-6.767228262028203156e-01,-7.397979616535137470e-01,-4.636157767136038999e+00,4.216375213414685241e+00,3.444039529661015002e-04
3.680000000000002713e-01,-6.813457006172517483e-01,-7.355671255988750490e-01,-4.609561122659671106e+00,4.245269017126329203e+00,3.453423833523577261e-04
3.690000000000002722e-01,-6.859418887454691305e-01,-7.313074795608500711e-01,-4.582785370746441878e+00,4.273994996615286368e+00,3.462808137385870095e-04
3.700000000000002731e-01,-6.905112120092549155e-01,-7.270191919132683589e-01,-4.555831570935180430e+00,4.302552053780427599e+00,3.472192441247892963e-04
3.710000000000002740e-01,-6.950534928932237122e-01,-7.227024321247166316e-01,-4.528700789344316746e+00,4.330939097214644207e+00,3.481576745109645323e-04
3.720000000000002749e-01,-6.995685549513808166e-01,-7.183573707518261520e-01,-4.501394098629567075e+00,4.359155042242337963e+00,3.490961048971126632e-04
3.730000000000002758e-01,-7.040562228136381107e-01,-7.139841794325224589e-01,-4.473912577941431934e+00,4.387198810956636663e+00,3.500345352832335806e-04
3.740000000000002767e-01,-7.085163221922876620e-01,-7.095830308792381302e-01,-4.446257312882507584e+00,4.415069332256345902e+00,3.509729656693271762e-04
3.750000000000002776e-01,-7.129486798884322463e-01,-7.051540988720890191e-01,-4.418429395464607445e+00,4.442765541882632618e+00,3.519113960553934498e-04
3.760000000000002784e-01,-7.173531237983732378e-01,-7.006975582520132972e-01,-4.390429924065707645e+00,4.470286382455437746e+00,3.528498264414322932e-04
3.770000000000002793e-01,-7.217294829199548678e-01,-6.962135849138747501e-01,-4.362260003386704277e+00,4.497630803509621522e+00,3.537882568274436520e-04
3.780000000000002802e-01,-7.260775873588658502e-01,-6.917023557995298777e-01,-4.333920744407993020e+00,4.524797761530837015e+00,3.547266872134274178e-04
3.790000000000002811e-01,-7.303972683348967099e-01,-6.871640488908592470e-01,-4.305413264345870239e+00,4.551786219991134530e+00,3.556651175993835365e-04
3.800000000000002820e-01,-7.346883581881541447e-01,-6.825988432027635389e-01,-4.276738686608755557e+00,4.578595149384292462e+00,3.566035479853119539e-04
3.810000000000002829e-01,-7.389506903852308684e-01,-6.780069187761241789e-01,-4.247898140753241236e+00,4.605223527260879024e+00,3.575419783712125614e-04
3.820000000000002838e-01,-7.431840995253320425e-01,-6.733884566707289965e-01,-4.218892762439966582e+00,4.631670338263041309e+00,3.584804087570853050e-04
3.830000000000002847e-01,-7.473884213463569681e-01,-6.687436389581635776e-01,-4.189723693389319159e+00,4.657934574159019903e+00,3.594188391429300761e-04
3.840000000000002855e-01,-7.515634927309366997e-01,-6.640726487146679791e-01,-4.160392081336969916e+00,4.684015233877390827e+00,3.603572695287468749e-04
3.850000000000002864e-01,-7.557091517124269187e-01,-6.593756700139592475e-01,-4.130899079989233336e+00,4.709911323541034811e+00,3.612956999145355928e-04
3.860000000000002873e-01,-7.598252374808563969e-01,-6.546528879200204099e-01,-4.101245848978265052e+00,4.735621856500831228e+00,3.622341303002961214e-04
3.870000000000002882e-01,-7.639115903888302750e-01,-6.499044884798556021e-01,-4.071433553817093376e+00,4.761145853369075809e+00,3.631725606860284066e-04
3.880000000000002891e-01,-7.679680519573882647e-01,-6.451306587162123352e-01,-4.041463365854484735e+00,4.786482342052628347e+00,3.641109910717323941e-04
3.890000000000002900e-01,-7.719944648818179989e-01,-6.403315866202700102e-01,-4.011336462229650124e+00,4.811630357785777079e+00,3.650494214574080297e-04
3.900000000000002909e-01,-7.759906730374224182e-01,-6.355074611442965704e-01,-3.981054025826786358e+00,4.836588943162832166e+00,3.659878518430552050e-04
3.910000000000002918e-01,-7.799565214852421935e-01,-6.306584721942722904e-01,-3.950617245229463670e+00,4.861357148170441178e+00,3.669262822286738657e-04
3.920000000000002927e-01,-7.838918564777322961e-01,-6.257848106224809248e-01,-3.920027314674851215e+00,4.885934030219628355e+00,3.678647126142639036e-04
3.930000000000002935e-01,-7.877965254643923831e-01,-6.208866682200701037e-01,-3.889285434007789810e+00,4.910318654177552311e+00,3.688031429998252643e-04
3.940000000000002944e-01,-7.916703770973517740e-01,-6.159642377095789767e-01,-3.858392808634708793e+00,4.934510092398990189e+00,3.697415733853578936e-04
3.950000000000002953e-01,-7.955132612369076872e-01,-6.110177127374351036e-01,-3.827350649477391009e+00,4.958507424757542914e+00,3.706800037708616832e-04
3.960000000000002962e-01,-7.993250289570174028e-01,-6.060472878664200369e-01,-3.796160172926586807e+00,4.982309738676558020e+00,3.716184341563365788e-04
3.970000000000002971e-01,-8.031055325507440168e-01,-6.010531585681044842e-01,-3.764822600795477925e+00,5.005916129159778016e+00,3.725568645417825261e-04
3.980000000000002980e-01,-8.068546255356557895e-01,-5.960355212152523841e-01,-3.733339160272994839e+00,5.029325698821704549e+00,3.734952949271994711e-04
3.990000000000002989e-01,-8.105721626591780860e-01,-5.909945730741953396e-01,-3.701711083876985331e+00,5.052537557917686328e+00,3.744337253125873052e-04
4.000000000000002998e-01,-8.142579999038991323e-01,-5.859305122971768531e-01,-3.669939609407241843e+00,5.075550824373724623e+00,3.753721556979459201e-04
4.010000000000003006e-01,-8.179119944928281427e-01,-5.808435379146665856e-01,-3.638025979898382278e+00,5.098364623815998087e+00,3.763105860832753158e-04
4.020000000000003015e-01,-8.215340048946068174e-01,-5.757338498276458605e-01,-3.605971443572591806e+00,5.120978089600105143e+00,3.772490164685753295e-04
4.030000000000003024e-01,-8.251238908286731011e-01,-5.706016487998636366e-01,-3.573777253792223441e+00,5.143390362840029262e+00,3.781874468538459614e-04
4.040000000000003033e-01,-8.286815132703774234e-01,-5.654471364500636144e-01,-3.541444669012260960e+00,5.165600592436817351e+00,3.791258772390871030e-04
4.050000000000003042e-01,-8.322067344560517554e-01,-5.602705152441831427e-01,-3.508974952732643260e+00,5.187607935106977486e+00,3.800643076242987001e-04
4.060000000000003051e-01,-8.356994178880305935e-01,-5.550719884875237042e-01,-3.476369373450455491e+00,5.209411555410596861e+00,3.810027380094806984e-04
4.070000000000003060e-01,-8.391594283396239806e-01,-5.498517603168930901e-01,-3.443629204611985628e+00,5.231010625779171086e+00,3.819411683946329896e-04
4.080000000000003069e-01,-8.425866318600430116e-01,-5.446100356927204844e-01,-3.410755724564648261e+00,5.252404326543156365e+00,3.828795987797555195e-04
4.090000000000003078e-01,-8.459808957792765982e-01,-5.393470203911437943e-01,-3.377750216508779157e+00,5.273591845959233027e+00,3.838180291648481796e-04
4.100000000000003086e-01,-8.493420887129202734e-01,-5.340629209960698898e-01,-3.344613968449298813e+00,5.294572380237289266e+00,3.847564595499109699e-04
4.110000000000003095e-01,-8.526700805669565897e-01,-5.287579448912079760e-01,-3.311348273147249888e+00,5.315345133567118019e+00,3.856948899349437279e-04
4.120000000000003104e-01,-8.559647425424870004e-01,-5.234323002520765433e-01,-3.277954428071207627e+00,5.335909318144829605e+00,3.866333203199464534e-04
4.130000000000003113e-01,-8.592259471404151139e-01,-5.180861960379837816e-01,-3.244433735348566383e+00,5.356264154198981942e+00,3.875717507049190381e-04
4.140000000000003122e-01,-8.624535681660807640e-01,-5.127198419839825716e-01,-3.210787501716703574e+00,5.376408870016420316e+00,3.885101810898614278e-04
4.150000000000003131e-01,-8.656474807338460087e-01,-5.073334485927988302e-01,-3.177017038474021060e+00,5.396342701967840050e+00,3.894486114747735140e-04
4.160000000000003140e-01,-8.688075612716311680e-01,-5.019272271267355423e-01,-3.143123661430866633e+00,5.416064894533053398e+00,3.903870418596552426e-04
4.170000000000003149e-01,-8.719336875254025676e-01,-4.965013895995508686e-01,-3.109108690860337365e+00,5.435574700325981112e+00,3.913254722445065593e-04
4.180000000000003157e-01,-8.750257385636103225e-01,-4.910561487683116066e-01,-3.074973451448967499e+00,5.454871380119349134e+00,3.922639026293273557e-04
4.190000000000003166e-01,-8.780835947815772702e-01,-4.855917181252222825e-01,-3.040719272247297322e+00,5.473954202869103725e+00,3.932023330141175776e-04
4.200000000000003175e-01,-8.811071379058380559e-01,-4.801083118894298174e-01,-3.006347486620331910e+00,5.492822445738537063e+00,3.941407633988771708e-04
4.210000000000003184e-01,-8.840962509984290341e-01,-4.746061449988042136e-01,-2.971859432197884843e+00,5.511475394122129501e+00,3.950791937836060268e-04
4.220000000000003193e-01,-8.870508184611279878e-01,-4.690854331016955370e-01,-2.937256450824811793e+00,5.529912341669100506e+00,3.960176241683040915e-04
4.230000000000003202e-01,-8.899707260396443331e-01,-4.635463925486676406e-01,-2.902539888511135313e+00,5.548132590306675382e+00,3.969560545529713107e-04
4.240000000000003211e-01,-8.928558608277591402e-01,-4.579892403842084625e-01,-2.867711095382060815e+00,5.566135450263063333e+00,3.978944849376075759e-04
4.250000000000003220e-01,-8.957061112714155282e-01,-4.524141943384178410e-01,-2.832771425627885531e+00,5.583920240090144205e+00,3.988329153222128329e-04
4.260000000000003229e-01,-8.985213671727584339e-01,-4.468214728186725160e-01,-2.797722237453803551e+00,5.601486286685875449e+00,3.997713457067870275e-04
4.270000000000003237e-01,-9.013015196941246421e-01,-4.412112949012690910e-01,-2.762564893029607394e+00,5.618832925316401550e+00,4.007097760913300513e-04
4.280000000000003246e-01,-9.040464613619819678e-01,-4.355838803230446810e-01,-2.727300758439285655e+00,5.635959499637880121e+00,4.016482064758418501e-04
4.290000000000003255e-01,-9.067560860708182569e-01,-4.299394494729763538e-01,-2.691931203630522962e+00,5.652865361718019344e+00,4.025866368603223697e-04
4.300000000000003264e-01,-9.094302890869797595e-01,-4.242782233837588124e-01,-2.656457602364097781e+00,5.669549872057323192e+00,4.035250672447715015e-04
4.310000000000003273e-01,-9.120689670524591008e-01,-4.186004237233610925e-01,-2.620881332163184751e+00,5.686012399610050672e+00,4.044634976291891916e-04
4.320000000000003282e-01,-9.146720179886318469e-01,-4.129062727865625004e-01,-2.585203774262558873e+00,5.702252321804885504e+00,4.054019280135753313e-04
4.330000000000003291e-01,-9.172393412999432227e-01,-4.071959934864679553e-01,-2.549426313557706436e+00,5.718269024565314496e+00,4.063403583979298666e-04
4.340000000000003300e-01,-9.197708377775428712e-01,-4.014698093460030148e-01,-2.513550338553842245e+00,5.734061902329716354e+00,4.072787887822527431e-04
4.350000000000003308e-01,-9.222664096028692082e-01,-3.957279444893892495e-01,-2.477577241314834477e+00,5.749630358071162739e+00,4.082172191665438526e-04
4.360000000000003317e-01,-9.247259603511827075e-01,-3.899706236335995779e-01,-2.441508417412039389e+00,5.764973803316927103e+00,4.091556495508031949e-04
4.370000000000003326e-01,-9.271493949950475599e-01,-3.841980720797946169e-01,-2.405345265873046312e+00,5.780091658167704871e+00,4.100940799350306074e-04
4.380000000000003335e-01,-9.295366199077620406e-01,-3.784105157047396584e-01,-2.369089189130336059e+00,5.794983351316541409e+00,4.110325103192260902e-04
4.390000000000003344e-01,-9.318875428667382499e-01,-3.726081809522029387e-01,-2.332741592969852729e+00,5.809648320067472227e+00,4.119709407033895349e-04
4.400000000000003353e-01,-9.342020730568292297e-01,-3.667912948243355342e-01,-2.296303886479491130e+00,5.824086010353870080e+00,4.129093710875208329e-04
4.410000000000003362e-01,-9.364801210736055648e-01,-3.609600848730329936e-01,-2.259777481997498949e+00,5.838295876756500746e+00,4.138478014716199843e-04
4.420000000000003371e-01,-9.387215989265796923e-01,-3.551147791912789287e-01,-2.223163795060800307e+00,5.852277382521290150e+00,4.147862318556868808e-04
4.430000000000003380e-01,-9.409264200423788083e-01,-3.492556064044711750e-01,-2.186464244353235387e+00,5.866029999576798382e+00,4.157246622397214137e-04
4.440000000000003388e-01,-9.430944992678657046e-01,-3.433827956617304666e-01,-2.149680251653723673e+00,5.879553208551405952e+00,4.166630926237235833e-04
4.450000000000003397e-01,-9.452257528732079805e-01,-3.374965766271922907e-01,-2.112813241784348151e+00,5.892846498790201615e+00,4.176015230076932810e-04
4.460000000000003406e-01,-9.473200985548952957e-01,-3.315971794712817000e-01,-2.075864642558363116e+00,5.905909368371585977e+00,4.185399533916303984e-04
4.470000000000003415e-01,-9.493774554387045539e-01,-3.256848348619719169e-01,-2.038835884728127379e+00,5.918741324123579339e+00,4.194783837755348813e-04
4.480000000000003424e-01,-9.513977440826127951e-01,-3.197597739560266161e-01,-2.001728401932965085e+00,5.931341881639838221e+00,4.204168141594066756e-04
4.490000000000003433e-01,-9.533808864796579075e-01,-3.138222283902264431e-01,-1.964543630646952144e+00,5.943710565295381443e+00,4.213552445432457269e-04
4.500000000000003442e-01,-9.553268060607478240e-01,-3.078724302725799333e-01,-1.927283010126634277e+00,5.955846908262022232e+00,4.222936749270519269e-04
4.510000000000003451e-01,-9.572354276974160969e-01,-3.019106121735190551e-01,-1.889947982358674006e+00,5.967750452523509885e+00,4.232321053108252214e-04
4.520000000000003459e-01,-9.591066777045264002e-01,-2.959370071170798755e-01,-1.852539992007430802e+00,5.979420748890377446e+00,4.241705356945655561e-04
4.530000000000003468e-01,-9.609404838429235207e-01,-2.899518485720684047e-01,-1.815060486362474190e+00,5.990857357014498064e+00,4.251089660782728227e-04
4.540000000000003477e-01,-9.627367753220328339e-01,-2.839553704432122294e-01,-1.777510915286032223e+00,6.002059845403349136e+00,4.260473964619469127e-04
4.550000000000003486e-01,-9.644954828024060456e-01,-2.779478070622978247e-01,-1.739892731160375572e+00,6.013027791433983360e+00,4.269858268455878261e-04
4.560000000000003495e-01,-9.662165383982154188e-01,-2.719293931792940433e-01,-1.702207388835139223e+00,6.023760781366704897e+00,4.279242572291954544e-04
4.570000000000003504e-01,-9.678998756796944880e-01,-2.659003639534622820e-01,-1.664456345574583773e+00,6.034258410358458669e+00,4.288626876127697436e-04
4.580000000000003513e-01,-9.695454296755263712e-01,-2.598609549444532152e-01,-1.626641061004796551e+00,6.044520282475918549e+00,4.298011179963105851e-04
4.590000000000003522e-01,-9.711531368751791238e-01,-2.538114021033905376e-01,-1.588762997060834348e+00,6.054546010708289572e+00,4.307395483798179248e-04
4.600000000000003531e-01,-9.727229352311882460e-01,-2.477519417639423294e-01,-1.550823617933809739e+00,6.064335216979815257e+00,4.316779787632917084e-04
4.610000000000003539e-01,-9.742547641613865661e-01,-2.416828106333798187e-01,-1.512824390017921239e+00,6.073887532161987401e+00,4.326164091467318276e-04
4.620000000000003548e-01,-9.757485645510802774e-01,-2.356042457836241000e-01,-1.474766781857429709e+00,6.083202596085469871e+00,4.335548395301382280e-04
4.630000000000003557e-01,-9.772042787551729059e-01,-2.295164846422811655e-01,-1.436652264093581932e+00,6.092280057551722194e+00,4.344932699135108556e-04
4.640000000000003566e-01,-9.786218506002355433e-01,-2.234197649836654198e-01,-1.398482309411481772e+00,6.101119574344335383e+00,4.354317002968496018e-04
4.650000000000003575e-01,-9.800012253865241219e-01,-2.173143249198120075e-01,-1.360258392486912715e+00,6.109720813240069326e+00,4.363701306801544126e-04
4.660000000000003584e-01,-9.813423498899435105e-01,-2.112004028914782339e-01,-1.321981989933110224e+00,6.118083450019601521e+00,4.373085610634252335e-04
4.670000000000003593e-01,-9.826451723639585412e-01,-2.050782376591344103e-01,-1.283654580247487464e+00,6.126207169477976500e+00,4.382469914466619564e-04
4.680000000000003602e-01,-9.839096425414510794e-01,-1.989480682939443468e-01,-1.245277643758314623e+00,6.134091665434768359e+00,4.391854218298645268e-04
4.690000000000003610e-01,-9.851357116365245803e-01,-1.928101341687359083e-01,-1.206852662571353152e+00,6.141736640743942210e+00,4.401238522130328907e-04
4.700000000000003619e-01,-9.863233323462546887e-01,-1.866646749489618284e-01,-1.168381120516447380e+00,6.149141807303427854e+00,4.410622825961669395e-04
4.710000000000003628e-01,-9.874724588523867697e-01,-1.805119305836509758e-01,-1.129864503094073269e+00,6.156306886064395023e+00,4.420007129792666192e-04
4.720000000000003637e-01,-9.885830468229795942e-01,-1.743521412963507655e-01,-1.091304297421846980e+00,6.163231607040239979e+00,4.429391433623318212e-04
4.730000000000003646e-01,-9.896550534139958444e-01,-1.681855475760604124e-01,-1.052701992180993251e+00,6.169915709315271890e+00,4.438775737453624914e-04
4.740000000000003655e-01,-9.906884372708388842e-01,-1.620123901681558565e-01,-1.014059077562776690e+00,6.176358941053109675e+00,4.448160041283585756e-04
4.750000000000003664e-01,-9.916831585298361285e-01,-1.558329100653063903e-01,-9.753770452148955439e-01,6.182561059504781298e+00,4.457544345113200195e-04
4.760000000000003673e-01,-9.926391788196684551e-01,-1.496473484983833202e-01,-9.366573881878403895e-01,6.188521831016533525e+00,4.466928648942467147e-04
4.770000000000003681e-01,-9.935564612627463266e-01,-1.434559469273609111e-01,-8.979016008812186200e-01,6.194241031037342360e+00,4.476312952771386070e-04
4.780000000000003690e-01,-9.944349704765320652e-01,-1.372589470322101157e-01,-8.591111789900460760e-01,6.199718444126133043e+00,4.485697256599955880e-04
4.790000000000003699e-01,-9.952746725748080614e-01,-1.310565907037850863e-01,-8.202876194510072549e-01,6.204953863958703408e+00,4.495081560428176035e-04
4.800000000000003708e-01,-9.960755351688921344e-01,-1.248491200347029290e-01,-7.814324203886856557e-01,6.209947093334355017e+00,4.504465864256045993e-04
4.810000000000003717e-01,-9.968375273687980487e-01,-1.186367773102170731e-01,-7.425470810617650352e-01,6.214697944182225875e+00,4.513850168083564669e-04
4.820000000000003726e-01,-9.975606197843428502e-01,-1.124198049990843551e-01,-7.036331018092030209e-01,6.219206237567334483e+00,4.523234471910731521e-04
4.830000000000003735e-01,-9.982447845262003572e-01,-1.061984457444262453e-01,-6.646919839963790766e-01,6.223471803696324578e+00,4.532618775737546008e-04
4.840000000000003744e-01,-9.988899952069003607e-01,-9.997294235458448197e-02,-6.257252299612169333e-01,6.227494481922917657e+00,4.542003079564007045e-04
4.850000000000003753e-01,-9.994962269417746459e-01,-9.374353779397136266e-02,-5.867343429602841498e-01,6.231274120753071522e+00,4.551387383390114089e-04
4.860000000000003761e-01,-1.000063456349848057e+00,-8.751047517391508102e-02,-5.477208271148691354e-01,6.234810577849842161e+00,4.560771687215866600e-04
4.870000000000003770e-01,-1.000591661554677048e+00,-8.127399774350031747e-02,-5.086861873570368564e-01,6.238103720037952549e+00,4.570155991041263493e-04
4.880000000000003779e-01,-1.001080822185132835e+00,-7.503434888040438899e-02,-4.696319293756658908e-01,6.241153423308065662e+00,4.579540294866304225e-04
4.890000000000003788e-01,-1.001530919376131257e+00,-6.879177208172931879e-02,-4.305595595624663319e-01,6.243959572820765302e+00,4.588924598690988254e-04
4.900000000000003797e-01,-1.001941935769309122e+00,-6.254651095483004797e-02,-3.914705849579809827e-01,6.246522062910238482e+00,4.598308902515314497e-04
4.910000000000003806e-01,-1.002313855513645269e+00,-5.629880920813907369e-02,-3.523665131975710629e-01,6.248840797087666488e+00,4.607693206339282411e-04
4.920000000000003815e-01,-1.002646664266029219e+00,-5.004891064198794398e-02,-3.132488524573873168e-01,6.250915688044321072e+00,4.617077510162890912e-04
4.930000000000003824e-01,-1.002940349191774327e+00,-4.379705913942569251e-02,-2.741191114003282969e-01,6.252746657654362217e+00,4.626461813986140000e-04
4.940000000000003832e-01,-1.003194898965077630e+00,-3.754349865703469902e-02,-2.349787991219865757e-01,6.254333636977346345e+00,4.635846117809028048e-04
4.950000000000003841e-01,-1.003410303769425527e+00,-3.128847321574415585e-02,-1.958294250965848249e-01,6.255676566260434335e+00,4.645230421631555058e-04
4.960000000000003850e-01,-1.003586555297945715e+00,-2.503222689164148404e-02,-1.566724991229025976e-01,6.256775394940311763e+00,4.654614725453719943e-04
4.970000000000003859e-01,-1.003723646753704291e+00,-1.877500380678196260e-02,-1.175095312701953387e-01,6.257630081644806275e+00,4.663999029275522163e-04
4.980000000000003868e-01,-1.003821572849949328e+00,-1.251704811999690761e-02,-7.834203182410681698e-02,6.258240594194216300e+00,4.673383333096960634e-04
4.990000000000003877e-01,-1.003880329810300065e+00,-6.258604017700660459e-03,-3.917151123257648498e-02,6.258606909602341339e+00,4.682767636918034812e-04
5.000000000000003331e-01,-1.003899915368882345e+00,8.429530330700263363e-08,5.199482573242653061e-07,6.258729014077221819e+00,4.692151940738744156e-04
5.010000000000003340e-01,-1.003880328770409669e+00,6.258772605016880465e-03,3.917255110815657387e-02,6.258606903021578738e+00,4.701536244559087582e-04
5.020000000000003348e-01,-1.003821570770210503e+00,1.251721669744207746e-02,7.834307163688414288e-02,6.258240581032960215e+00,4.710920548379064548e-04
5.030000000000003357e-01,-1.003723643634200746e+00,1.877517236777583379e-02,1.175105709783043351e-01,6.257630061903598495e+00,4.720304852198674512e-04
5.040000000000003366e-01,-1.003586551138802907e+00,2.503239542960448288e-02,1.566735386844821942e-01,6.256775368619962308e+00,4.729689156017916930e-04
5.050000000000003375e-01,-1.003410298570810877e+00,3.128864172409764888e-02,1.958304644697801966e-01,6.255676533362023228e+00,4.739073459836790720e-04
5.060000000000003384e-01,-1.003194892727200527e+00,3.754366712920127053e-02,2.349798382649509465e-01,6.254333597502224507e+00,4.748457763655294797e-04
5.070000000000003393e-01,-1.002940341914886124e+00,4.379722756882941520e-02,2.741201502712247162e-01,6.252746611604150573e+00,4.757842067473428620e-04
5.080000000000003402e-01,-1.002646655950422794e+00,5.004907902205464609e-02,3.132498910143903803e-01,6.250915635420909666e+00,4.767226371291191644e-04
5.090000000000003411e-01,-1.002313846159655464e+00,5.629897753229660962e-02,3.523675513988687724e-01,6.248840737893216257e+00,4.776610675108583330e-04
5.100000000000003419e-01,-1.001941925377312526e+00,6.254667921650856888e-02,3.914716227617765498e-01,6.246521997147178595e+00,4.785994978925602592e-04
5.110000000000003428e-01,-1.001530907946546201e+00,6.879194027436154324e-02,4.305605969269798439e-01,6.243959500491795822e+00,4.795379282742248889e-04
5.120000000000003437e-01,-1.001080809718419395e+00,7.503451699742585967e-02,4.696329662591362530e-01,6.241153344416155768e+00,4.804763586558521678e-04
5.130000000000003446e-01,-1.000591648051337268e+00,8.127416577834968570e-02,5.086872237177233469e-01,6.238103634586340540e+00,4.814147890374419875e-04
5.140000000000003455e-01,-1.000063441810425502e+00,8.751064312003437040e-02,5.477218629110534032e-01,6.234810485842035455e+00,4.823532194189942938e-04
5.150000000000003464e-01,-9.994962113668546255e-01,9.374370564480623280e-02,5.867353781502719912e-01,6.231274022192846651e+00,4.832916498005089784e-04
5.160000000000003473e-01,-9.988899785971100398e-01,9.997311010358451988e-02,6.257262645033399018e-01,6.227494376814320276e+00,4.842300801819859868e-04
5.170000000000003482e-01,-9.982447668822083120e-01,1.061986133850452152e-01,6.646930178489963703e-01,6.223471692043669456e+00,4.851685105634252651e-04
5.180000000000003491e-01,-9.975606011068595125e-01,1.124199725247804482e-01,7.036341349307032589e-01,6.219206119375204622e+00,4.861069409448267589e-04
5.190000000000003499e-01,-9.968375076585752614e-01,1.186369447144532130e-01,7.425481134105679226e-01,6.214697819455472505e+00,4.870453713261903598e-04
5.200000000000003508e-01,-9.960755144267233741e-01,1.248492873109470214e-01,7.814334519232438714e-01,6.209946962078096711e+00,4.879838017075160137e-04
5.210000000000003517e-01,-9.952746508015283267e-01,1.310567578455102966e-01,8.202886501298082278e-01,6.204953726178327855e+00,4.889222320888036120e-04
5.220000000000003526e-01,-9.944349476730177662e-01,1.372591140328951187e-01,8.591122087716136502e-01,6.199718299827293500e+00,4.898606624700531549e-04
5.230000000000003535e-01,-9.935564374299155066e-01,1.434561137804901687e-01,8.979026297241149424e-01,6.194240880225961199e+00,4.907990928512644254e-04
5.240000000000003544e-01,-9.926391539584804580e-01,1.496475151974473727e-01,9.366584160506675749e-01,6.188521673698799574e+00,4.917375232324375321e-04
5.250000000000003553e-01,-9.916831326412917091e-01,1.558330766038021065e-01,9.753780720562973405e-01,6.182560895687150726e+00,4.926759536135722579e-04
5.260000000000003562e-01,-9.906884103559800980e-01,1.620125565395866551e-01,1.014060103341440477e+00,6.176358770742304216e+00,4.936143839946686030e-04
5.270000000000003570e-01,-9.896550254739061581e-01,1.681857137739365959e-01,1.052703016855651708e+00,6.169915532518280621e+00,4.945528143757264589e-04
5.280000000000003579e-01,-9.885830178587836636e-01,1.743523073141897417e-01,1.091305320951279967e+00,6.163231423764316652e+00,4.954912447567458257e-04
5.290000000000003588e-01,-9.874724288652504400e-01,1.805120964149775353e-01,1.129865525437109275e+00,6.156306696317058957e+00,4.964296751377264864e-04
5.300000000000003597e-01,-9.863233013373848834e-01,1.866648405873084227e-01,1.168382141631965299e+00,6.149141611092463933e+00,4.973681055186684411e-04
5.310000000000003606e-01,-9.851356796071693012e-01,1.928102996076429265e-01,1.206853682418284279e+00,6.141736438077399995e+00,4.983065358995716898e-04
5.320000000000003615e-01,-9.839096094928995173e-01,1.989482335269603108e-01,1.245278662295644212e+00,6.134091456320962088e+00,4.992449662804361241e-04
5.330000000000003624e-01,-9.826451382975407434e-01,2.050784026798163351e-01,1.283655597434256501e+00,6.126206953925484200e+00,5.001833966612616355e-04
5.340000000000003633e-01,-9.813423148070304913e-01,2.112005676933918219e-01,1.321983005728417204e+00,6.118083228037264121e+00,5.011218270420481156e-04
5.350000000000003642e-01,-9.800011892885276410e-01,2.173144894965319263e-01,1.360259406849915420e+00,6.109720584836992430e+00,5.020602574227955644e-04
5.360000000000003650e-01,-9.786218134886084385e-01,2.234199293287756072e-01,1.398483322301399046e+00,6.101119339529886609e+00,5.029986878035038736e-04
5.370000000000003659e-01,-9.772042406314086493e-01,2.295166487493750240e-01,1.436653275469695235e+00,6.092279816335532949e+00,5.039371181841730430e-04
5.380000000000003668e-01,-9.757485254167129751e-01,2.356044096463048299e-01,1.474767791679085116e+00,6.083202348477431798e+00,5.048755485648028559e-04
5.390000000000003677e-01,-9.742547240179909585e-01,2.416829742452606122e-01,1.512825398244530550e+00,6.073887278172255044e+00,5.058139789453933123e-04
5.400000000000003686e-01,-9.727228940803797075e-01,2.477521051186466761e-01,1.550824624524852924e+00,6.064334956618803396e+00,5.067524093259444121e-04
5.410000000000003695e-01,-9.711530947186133300e-01,2.538115651945524465e-01,1.588764001975861095e+00,6.054545743986674111e+00,5.076908397064559385e-04
5.420000000000003704e-01,-9.695453865148996320e-01,2.598611177657175197e-01,1.626642064203427607e+00,6.044520009404633853e+00,5.086292700869278916e-04
5.430000000000003713e-01,-9.678998315167433031e-01,2.659005264984849459e-01,1.664457347016512934e+00,6.034258130948701115e+00,5.095677004673602713e-04
5.440000000000003721e-01,-9.662164932347165891e-01,2.719295554417422434e-01,1.702208388480134893e+00,6.023760495629928435e+00,5.105061308477529692e-04
5.450000000000003730e-01,-9.644954366401765622e-01,2.779479690358503396e-01,1.739893728968282760e+00,6.013027499381900398e+00,5.114445612281058769e-04
5.460000000000003739e-01,-9.627367281629298779e-01,2.839555321215597727e-01,1.777511911216774099e+00,6.002059547047931432e+00,5.123829916084188859e-04
5.470000000000003748e-01,-9.609404356888442411e-01,2.899520099489136804e-01,1.815061480376053415e+00,5.990857052367973168e+00,5.133214219886919963e-04
5.480000000000003757e-01,-9.591066285574079142e-01,2.959371681861380221e-01,1.852540984063931750e+00,5.979420437965231372e+00,5.142598523689250996e-04
5.490000000000003766e-01,-9.572353775592354896e-01,3.019107729285178121e-01,1.889948972418264317e+00,5.967750135332484440e+00,5.151982827491180875e-04
5.500000000000003775e-01,-9.553267549335218156e-01,3.078725907072598633e-01,1.927283998149566191e+00,5.955846584818115019e+00,5.161367131292708514e-04
5.510000000000003784e-01,-9.533808343654430750e-01,3.138223884983412648e-01,1.964544616593564497e+00,5.943710235611844972e+00,5.170751435093833915e-04
5.520000000000003793e-01,-9.513976909835051288e-01,3.197599337313434265e-01,2.001729385763685087e+00,5.931341545730179909e+00,5.180135738894557076e-04
5.530000000000003801e-01,-9.493774013568397896e-01,3.256849942982714685e-01,2.038836866403471948e+00,5.918740982001560624e+00,5.189520042694875830e-04
5.540000000000003810e-01,-9.473200434924484714e-01,3.315973385623586234e-01,2.075865622038940650e+00,5.905909020051222313e+00,5.198904346494790177e-04
5.550000000000003819e-01,-9.452256968323935471e-01,3.374967353668553161e-01,2.112814219030860308e+00,5.892846144285759813e+00,5.208288650294300116e-04
5.560000000000003828e-01,-9.430944422509373037e-01,3.433829540438027572e-01,2.149681226626967145e+00,5.879552847877405952e+00,5.217672954093403479e-04
5.570000000000003837e-01,-9.409263620516293836e-01,3.492557644227905489e-01,2.186465217014102791e+00,5.866029632748010592e+00,5.227057257892100267e-04
5.580000000000003846e-01,-9.387215399643410452e-01,3.551149368396980810e-01,2.223164765370282847e+00,5.852277009552736331e+00,5.236441561690389395e-04
5.590000000000003855e-01,-9.364800611422484655e-01,3.609602421454197740e-01,2.259778449916687748e+00,5.838295497663453126e+00,5.245825865488270862e-04
5.600000000000003864e-01,-9.342020121587634174e-01,3.667914517145731690e-01,2.296304851969578564e+00,5.824085625151849577e+00,5.255210169285743586e-04
5.610000000000003872e-01,-9.318874810044122103e-01,3.726083374541903082e-01,2.332742555992134204e+00,5.809647928772248449e+00,5.264594473082806481e-04
5.620000000000003881e-01,-9.295365570836630065e-01,3.784106718123915747e-01,2.369090149646211341e+00,5.794982953944131765e+00,5.273978776879459547e-04
5.630000000000003890e-01,-9.271493312117010666e-01,3.841982277870419904e-01,2.405346223844021747e+00,5.780091254734374573e+00,5.283363080675700617e-04
5.640000000000003899e-01,-9.247258956111529260e-01,3.899707789343896946e-01,2.441509372799729238e+00,5.764973393839188276e+00,5.292747384471530774e-04
5.650000000000003908e-01,-9.222663439087585013e-01,3.957280993776860489e-01,2.477578194080962692e+00,5.749629942565772645e+00,5.302131688266947850e-04
5.660000000000003917e-01,-9.197707711319919044e-01,4.014699638157873673e-01,2.513551288660243355e+00,5.734061480813677392e+00,5.311515992061951845e-04
5.670000000000003926e-01,-9.172392737056308532e-01,4.071961475317377732e-01,2.549427260966327768e+00,5.718268597055872426e+00,5.320900295856541675e-04
5.680000000000003935e-01,-9.146719494482747903e-01,4.129064264013331265e-01,2.585204718935462331e+00,5.702251888319530337e+00,5.330284599650717339e-04
5.690000000000003944e-01,-9.120688975688119315e-01,4.186005769016654110e-01,2.620882274062548145e+00,5.686011960166514001e+00,5.339668903444476670e-04
5.700000000000003952e-01,-9.094302186628350215e-01,4.242783761196475822e-01,2.656458541452215716e+00,5.669549426673579973e+00,5.349053207237820752e-04
5.710000000000003961e-01,-9.067560147090059086e-01,4.299396017605184861e-01,2.691932139869809504e+00,5.652864910412285226e+00,5.358437511030747415e-04
5.720000000000003970e-01,-9.040463890653696044e-01,4.355840321563274053e-01,2.727301691792275218e+00,5.635959042428610566e+00,5.367821814823256661e-04
5.730000000000003979e-01,-9.013014464656172731e-01,4.412114462743981780e-01,2.762565823458956515e+00,5.618832462222291824e+00,5.377206118615347405e-04
5.740000000000003988e-01,-8.985212930152982613e-01,4.468216237257726098e-01,2.797723164922293115e+00,5.601485817725858851e+00,5.386590422407018562e-04
5.750000000000003997e-01,-8.957060361879819466e-01,4.524143447736325707e-01,2.832772350098421210e+00,5.583919765283392067e+00,5.395974726198270134e-04
5.760000000000004006e-01,-8.928557848213687365e-01,4.579893903417007750e-01,2.867712016817674847e+00,5.566134969628983242e+00,5.405359029989101035e-04
5.770000000000004015e-01,-8.899706491133504427e-01,4.635465420226200228e-01,2.902540806874988721e+00,5.548132103864912068e+00,5.414743333779511265e-04
5.780000000000004023e-01,-8.870507406180206944e-01,4.690855820863102377e-01,2.937257366080194831e+00,5.529911849439532290e+00,5.424127637569499741e-04
5.790000000000004032e-01,-8.840961722416350588e-01,4.746062934883034101e-01,2.971860344308219659e+00,5.511474896124869183e+00,5.433511941359065378e-04
5.800000000000004041e-01,-8.811070582385206462e-01,4.801084598780560042e-01,3.006348395549173436e+00,5.492821941993931034e+00,5.442896245148207092e-04
5.810000000000004050e-01,-8.780835142069360888e-01,4.855918656072383266e-01,3.040720177958334602e+00,5.473953693397731080e+00,5.452280548936924882e-04
5.820000000000004059e-01,-8.750256570848814475e-01,4.910562957380011362e-01,3.074974353906025470e+00,5.454870864942019892e+00,5.461664852725217666e-04
5.830000000000004068e-01,-8.719336051458579373e-01,4.965015360512184395e-01,3.109109590027378633e+00,5.435574179463736222e+00,5.471049156513084358e-04
5.840000000000004077e-01,-8.688074779945788029e-01,5.019273730547068046e-01,3.143124557271992359e+00,5.416064368007162955e+00,5.480433460300524959e-04
5.850000000000004086e-01,-8.656473965626296785e-01,5.073335939914208614e-01,3.177017930953473179e+00,5.396342169799802413e+00,5.489817764087538384e-04
5.860000000000004095e-01,-8.624534831040799876e-01,5.127199868476240985e-01,3.210788390798865688e+00,5.376408332227962106e+00,5.499202067874123549e-04
5.870000000000004103e-01,-8.592258611910448263e-01,5.180863403610354023e-01,3.244434620997965091e+00,5.356263610812055376e+00,5.508586371660280454e-04
5.880000000000004112e-01,-8.559646557091977748e-01,5.234324440289507274e-01,3.277955310252514298e+00,5.335908769181614275e+00,5.517970675446008015e-04
5.890000000000004121e-01,-8.526699928532339712e-01,5.287580881163397306e-01,3.311349151825282444e+00,5.315344579050016449e+00,5.527354979231305148e-04
5.900000000000004130e-01,-8.493420001222851123e-01,5.340630636639165374e-01,3.344614843589023057e+00,5.294571820188928690e+00,5.536739283016171853e-04
5.910000000000004139e-01,-8.459808063152847168e-01,5.393471624961855282e-01,3.377751088075309216e+00,5.273591280402462722e+00,5.546123586800607045e-04
5.920000000000004148e-01,-8.425865415262849822e-01,5.446101772294603682e-01,3.410756592523249253e+00,5.252403755501047655e+00,5.555507890584609641e-04
5.930000000000004157e-01,-8.391593371397250145e-01,5.498519012798575023e-01,3.443630068928074106e+00,5.231010049275016449e+00,5.564892194368179640e-04
5.940000000000004166e-01,-8.356993258256504298e-01,5.550721288712623380e-01,3.476370234089602107e+00,5.209410973467907269e+00,5.574276498151315958e-04
5.950000000000004174e-01,-8.322066415348845503e-01,5.602706550432693389e-01,3.508975809660573209e+00,5.187607347749482400e+00,5.583660801934017511e-04
5.960000000000004183e-01,-8.286814194941514167e-01,5.654472756590943616e-01,3.541445522194855311e+00,5.165599999688463839e+00,5.593045105716284299e-04
5.970000000000004192e-01,-8.251237962011506166e-01,5.706017874134601264e-01,3.573778103195520917e+00,5.143389764724981106e+00,5.602429409498115237e-04
5.980000000000004201e-01,-8.215339094195841518e-01,5.757339878404535982e-01,3.605972289162789668e+00,5.120977486142741064e+00,5.611813713279509242e-04
5.990000000000004210e-01,-8.179118981741351213e-01,5.808436753213555015e-01,3.638026821641838549e+00,5.098364015040910857e+00,5.621198017060465230e-04
6.000000000000004219e-01,-8.142579027453993312e-01,5.859306490924416355e-01,3.669940447270476636e+00,5.075550210305721066e+00,5.630582320840983200e-04
6.010000000000004228e-01,-8.105720646647683880e-01,5.909947092527555457e-01,3.701711917826681297e+00,5.052536938581784653e+00,5.639966624621063152e-04
6.020000000000004237e-01,-8.068545267092662732e-01,5.960356567718526621e-01,3.733339990275998943e+00,5.029325074243133464e+00,5.649350928400702918e-04
6.030000000000004245e-01,-8.031054328963379563e-01,6.010532934975149066e-01,3.764823426818803220e+00,5.005915499363976728e+00,5.658735232179902498e-04
6.040000000000004254e-01,-7.993249284785908237e-01,6.060474221634363223e-01,3.796160994937412880e+00,4.982309103689173568e+00,5.668119535958660807e-04
6.050000000000004263e-01,-7.955131599384894781e-01,6.110178463968785056e-01,3.827351467443066202e+00,4.958506784604430173e+00,5.677503839736977847e-04
6.060000000000004272e-01,-7.916702749830033525e-01,6.159643707262968393e-01,3.858393622522751087e+00,4.934509447106210978e+00,5.686888143514852532e-04
6.070000000000004281e-01,-7.877964225382074748e-01,6.208868005889357500e-01,3.889286243785888608e+00,4.910318003771372730e+00,5.696272447292283778e-04
6.080000000000004290e-01,-7.838917527438369337e-01,6.257849423383942122e-01,3.920028120310867781e+00,4.885933374726518785e+00,5.705656751069270501e-04
6.090000000000004299e-01,-7.799564169477944953e-01,6.306586032521594998e-01,3.950618046691432905e+00,4.861356487617075395e+00,5.715041054845812702e-04
6.100000000000004308e-01,-7.759905677006123659e-01,6.355075915391109609e-01,3.981054823082918137e+00,4.836588277576084671e+00,5.724425358621909295e-04
6.110000000000004317e-01,-7.719943587498673265e-01,6.403317163469917084e-01,4.011337255248330180e+00,4.811629687192723104e+00,5.733809662397560281e-04
6.120000000000004325e-01,-7.679679450345501257e-01,6.451307877698486681e-01,4.041464154604276438e+00,4.786481666480542962e+00,5.743193966172764576e-04
6.130000000000004334e-01,-7.639114826793891311e-01,6.499046168554413194e-01,4.071434338266739061e+00,4.761145172845432150e+00,5.752578269947521096e-04
6.140000000000004343e-01,-7.598251289891280180e-01,6.546530156126176836e-01,4.101246629096687357e+00,4.735621171053297829e+00,5.761962573721828755e-04
6.150000000000004352e-01,-7.557090424427579389e-01,6.593757970186581163e-01,4.130899855745535199e+00,4.709910633197477381e+00,5.771346877495687555e-04
6.160000000000004361e-01,-7.515633826877046175e-01,6.640727750265864593e-01,4.160392852700438127e+00,4.684014538665868699e+00,5.780731181269096412e-04
6.170000000000004370e-01,-7.473883105339699240e-01,6.687437645724477742e-01,4.189724460329422584e+00,4.657933874107786032e+00,5.790115485042055324e-04
6.180000000000004379e-01,-7.431839879482285971e-01,6.733885815825534360e-01,4.218893524926359717e+00,4.631669633400540498e+00,5.799499788814562124e-04
6.190000000000004388e-01,-7.389505780478797803e-01,6.780070429806918098e-01,4.247898898755765096e+00,4.605222817615746145e+00,5.808884092586617896e-04
6.200000000000004396e-01,-7.346882450950542598e-01,6.825989666953061752e-01,4.276739440097437672e+00,4.578594434985352457e+00,5.818268396358220471e-04
6.210000000000004405e-01,-7.303971544905768498e-01,6.871641716666375688e-01,4.305414013290926434e+00,4.551785500867400636e+00,5.827652700129369850e-04
6.220000000000004414e-01,-7.260774727678844798e-01,6.917024778538336527e-01,4.333921488779829190e+00,4.524797037711508985e+00,5.837037003900064948e-04
6.230000000000004423e-01,-7.217293675868998726e-01,6.962137062420230560e-01,4.362260743155917275e+00,4.497630075024084739e+00,5.846421307670304681e-04
6.240000000000004432e-01,-7.173530077278619244e-01,7.006976788493547437e-01,4.390430659203086172e+00,4.470285649333261446e+00,5.855805611440089049e-04
6.250000000000004441e-01,-7.129485630851110090e-01,7.051542187340017476e-01,4.418430125941132935e+00,4.442764804153569891e+00,5.865189915209416969e-04
6.260000000000004450e-01,-7.085162046608316500e-01,7.095831500011302584e-01,4.446258038669356871e+00,4.415068589950331024e+00,5.874574218978287354e-04
6.270000000000004459e-01,-7.040561045587513389e-01,7.139842978098319692e-01,4.473913299009976363e+00,4.387198064103784212e+00,5.883958522746700207e-04
6.280000000000004468e-01,-6.995684359777958328e-01,7.183574883800214472e-01,4.501394814951374279e+00,4.359154290872941040e+00,5.893342826514654442e-04
6.290000000000004476e-01,-6.950533732057014857e-01,7.227025489992964236e-01,4.528701500891152421e+00,4.330938341359174437e+00,5.902727130282148975e-04
6.300000000000004485e-01,-6.905110916125843934e-01,7.270193080297617794e-01,4.555832277679009223e+00,4.302551293469532467e+00,5.912111434049183807e-04
6.310000000000004494e-01,-6.859417676444673484e-01,7.313075949148171162e-01,4.582786072659428278e+00,4.273994231879789218e+00,5.921495737815757852e-04
6.320000000000004503e-01,-6.813455788167633864e-01,7.355672401859065790e-01,4.609561819714180331e+00,4.245268247997225686e+00,5.930880041581870028e-04
6.330000000000004512e-01,-6.767227037077174767e-01,7.397980754692317085e-01,4.636158459304638768e+00,4.216374439923144202e+00,5.940264345347520333e-04
6.340000000000004521e-01,-6.720733219518060242e-01,7.439999334924266572e-01,4.662574938513902367e+00,4.187313912415115524e+00,5.949648649112707684e-04
6.350000000000004530e-01,-6.673976142330938499e-01,7.481726480911955468e-01,4.688810211088727975e+00,4.158087776848962136e+00,5.959032952877430997e-04
6.360000000000004539e-01,-6.626957622785498714e-01,7.523160542159113007e-01,4.714863237481269564e+00,4.128697151180471536e+00,5.968417256641690271e-04
6.370000000000004547e-01,-6.579679488513207053e-01,7.564299879381767289e-01,4.740732984890619228e+00,4.099143159906852851e+00,5.977801560405484422e-04
6.380000000000004556e-01,-6.532143577439633031e-01,7.605142864573463113e-01,4.766418427304153660e+00,4.069426934027920773e+00,5.987185864168812367e-04
6.390000000000004565e-01,-6.484351737716359532e-01,7.645687881070094560e-01,4.791918545538682572e+00,4.039549611007023699e+00,5.996570167931674104e-04
6.400000000000004574e-01,-6.436305827652483158e-01,7.685933323614343449e-01,4.817232327281394610e+00,4.009512334731704541e+00,6.005954471694068550e-04
6.410000000000004583e-01,-6.388007715645706019e-01,7.725877598419721437e-01,4.842358767130601649e+00,3.979316255474102171e+00,6.015338775455994621e-04
6.420000000000004592e-01,-6.339459280113022288e-01,7.765519123234219112e-01,4.867296866636282360e+00,3.948962529851090419e+00,6.024723079217451233e-04
6.430000000000004601e-01,-6.290662409421001744e-01,7.804856327403553173e-01,4.892045634340414395e+00,3.918452320784156839e+00,6.034107382978438384e-04
6.440000000000004610e-01,-6.241619001815666978e-01,7.843887651934010607e-01,4.916604085817104952e+00,3.887786797459023447e+00,6.043491686738956077e-04
6.450000000000004619e-01,-6.192330965351969807e-01,7.882611549554885411e-01,4.940971243712509953e+00,3.856967135285006787e+00,6.052875990499002141e-04
6.460000000000004627e-01,-6.142800217822877995e-01,7.921026484780514521e-01,4.965146137784542724e+00,3.825994515854119982e+00,6.062260294258576578e-04
6.470000000000004636e-01,-6.093028686688054529e-01,7.959130933971896305e-01,4.989127804942371291e+00,3.794870126899918095e+00,6.071644598017678302e-04
6.480000000000004645e-01,-6.043018309002150534e-01,7.996923385397899375e-01,5.012915289285700737e+00,3.763595162256086368e+00,6.081028901776307314e-04
6.490000000000004654e-01,-5.992771031342706278e-01,8.034402339296057294e-01,5.036507642143838837e+00,3.732170821814773110e+00,6.090413205534462530e-04
6.500000000000004663e-01,-5.942288809737658051e-01,8.071566307932942497e-01,5.059903922114549424e+00,3.700598311484667224e+00,6.099797509292142865e-04
6.510000000000004672e-01,-5.891573609592460903e-01,8.108413815664120561e-01,5.083103195102678384e+00,3.668878843148820845e+00,6.109181813049347235e-04
6.520000000000004681e-01,-5.840627405616826140e-01,8.144943398993684802e-01,5.106104534358566482e+00,3.637013634622220160e+00,6.118566116806075641e-04
6.530000000000004690e-01,-5.789452181751074678e-01,8.181153606633357889e-01,5.128907020516235704e+00,3.605003909609101775e+00,6.127950420562326998e-04
6.540000000000004698e-01,-5.738049931092110700e-01,8.217042999561173788e-01,5.151509741631351780e+00,3.572850897660019953e+00,6.137334724318101306e-04
6.550000000000004707e-01,-5.686422655819016736e-01,8.252610151079724510e-01,5.173911793218960220e+00,3.540555834128659818e+00,6.146719028073397480e-04
6.560000000000004716e-01,-5.634572367118271252e-01,8.287853646873971636e-01,5.196112278290997644e+00,3.508119960128402770e+00,6.156103331828214438e-04
6.570000000000004725e-01,-5.582501085108593220e-01,8.322772085068628201e-01,5.218110307393569514e+00,3.475544522488642318e+00,6.165487635582551093e-04
6.580000000000004734e-01,-5.530210838765414749e-01,8.357364076285097587e-01,5.239904998643998724e+00,3.442830773710851666e+00,6.174871939336407448e-04
6.590000000000004743e-01,-5.477703665844986247e-01,8.391628243697976108e-01,5.261495477767643258e+00,3.409979971924403497e+00,6.184256243089782416e-04
6.600000000000004752e-01,-5.424981612808111864e-01,8.425563223091105947e-01,5.282880878134474045e+00,3.376993380842144177e+00,6.193640546842675999e-04
6.610000000000004761e-01,-5.372046734743520791e-01,8.459167662913190666e-01,5.304060340795423656e+00,3.343872269715722378e+00,6.203024850595086027e-04
6.620000000000004770e-01,-5.318901095290876624e-01,8.492440224332957754e-01,5.325033014518488095e+00,3.310617913290673009e+00,6.212409154347012501e-04
6.630000000000004778e-01,-5.265546766563430348e-01,8.525379581293869302e-01,5.345798055824597661e+00,3.277231591761256890e+00,6.221793458098455422e-04
6.640000000000004787e-01,-5.211985829070309162e-01,8.557984420568386374e-01,5.366354629023240008e+00,3.243714590725059299e+00,6.231177761849412619e-04
6.650000000000004796e-01,-5.158220371638454482e-01,8.590253441811771529e-01,5.386701906247842508e+00,3.210068201137346477e+00,6.240562065599885178e-04
6.660000000000004805e-01,-5.104252491334207997e-01,8.622185357615438361e-01,5.406839067490910367e+00,3.176293719265181448e+00,6.249946369349870931e-04
6.670000000000004814e-01,-5.050084293384546896e-01,8.653778893559836982e-01,5.426765300638916045e+00,3.142392446641299131e+00,6.259330673099369876e-04
6.680000000000004823e-01,-4.995717891097966601e-01,8.685032788266879855e-01,5.446479801506939999e+00,3.108365690017745209e+00,6.268714976848380931e-04
6.690000000000004832e-01,-4.941155405785026544e-01,8.715945793451903567e-01,5.465981773873063609e+00,3.074214761319276068e+00,6.278099280596903010e-04
6.700000000000004841e-01,-4.886398966678548450e-01,8.746516673975159861e-01,5.485270429512508983e+00,3.039940977596522487e+00,6.287483584344936115e-04
6.710000000000004849e-01,-4.831450710853474328e-01,8.776744207892840377e-01,5.504344988231524738e+00,3.005545660978917955e+00,6.296867888092479160e-04
6.720000000000004858e-01,-4.776312783146388630e-01,8.806627186507628435e-01,5.523204677901016879e+00,2.971030138627392958e+00,6.306252191839531061e-04
6.730000000000004867e-01,-4.720987336074703444e-01,8.836164414418775648e-01,5.541848734489921213e+00,2.936395742686836119e+00,6.315636495586091819e-04
6.740000000000004876e-01,-4.665476529755514523e-01,8.865354709571703351e-01,5.560276402098319970e+00,2.901643810238322629e+00,6.325020799332160349e-04
6.750000000000004885e-01,-4.609782531824123120e-01,8.894196903307124424e-01,5.578486932990293745e+00,2.866775683251112650e+00,6.334405103077735567e-04
6.760000000000004894e-01,-4.553907517352234202e-01,8.922689840409685491e-01,5.596479587626514984e+00,2.831792708534419667e+00,6.343789406822817473e-04
6.770000000000004903e-01,-4.497853668765828261e-01,8.950832379156122842e-01,5.614253634696575901e+00,2.796696237688949704e+00,6.353173710567404982e-04
6.780000000000004912e-01,-4.441623175762711706e-01,8.978623391362934303e-01,5.631808351151049052e+00,2.761487627058212713e+00,6.362558014311497012e-04
6.790000000000004921e-01,-4.385218235229746964e-01,9.006061762433562601e-01,5.649143022233283240e+00,2.726168237679609252e+00,6.371942318055093561e-04
6.800000000000004929e-01,-4.328641051159768383e-01,9.033146391405090236e-01,5.666256941510927625e+00,2.690739435235290244e+00,6.381326621798193545e-04
6.810000000000004938e-01,-4.271893834568181170e-01,9.059876190994438083e-01,5.683149410907188503e+00,2.655202590002793794e+00,6.390710925540795881e-04
6.820000000000004947e-01,-4.214978803409252794e-01,9.086250087644074380e-01,5.699819740731808082e+00,2.619559076805459963e+00,6.400095229282899484e-04
6.830000000000004956e-01,-4.157898182492091310e-01,9.112267021567221903e-01,5.716267249711775023e+00,2.583810274962621722e+00,6.409479533024504353e-04
6.840000000000004965e-01,-4.100654203396322250e-01,9.137925946792567755e-01,5.732491265021751659e+00,2.547957568239578752e+00,6.418863836765610490e-04
6.850000000000004974e-01,-4.043249104387460768e-01,9.163225831208472449e-01,5.748491122314232094e+00,2.512002344797349629e+00,6.428248140506215725e-04
6.860000000000004983e-01,-3.985685130331982906e-01,9.188165656606676057e-01,5.764266165749412529e+00,2.475945997142207755e+00,6.437632444246320059e-04
6.870000000000004992e-01,-3.927964532612100435e-01,9.212744418725494766e-01,5.779815748024785371e+00,2.439789922075001449e+00,6.447016747985922407e-04
6.880000000000005000e-01,-3.870089569040242039e-01,9.236961127292516727e-01,5.795139230404450892e+00,2.403535520640256884e+00,6.456401051725022770e-04
6.890000000000005009e-01,-3.812062503773241406e-01,9.260814806066779425e-01,5.810235982748138461e+00,2.367184198075069190e+00,6.465785355463620062e-04
6.900000000000005018e-01,-3.753885607226236099e-01,9.284304492880440796e-01,5.825105383539948889e+00,2.330737363757781733e+00,6.475169659201713201e-04
6.910000000000005027e-01,-3.695561155986283319e-01,9.307429239679932964e-01,5.839746819916802778e+00,2.294196431156450888e+00,6.484553962939301102e-04
6.920000000000005036e-01,-3.637091432725688689e-01,9.330188112566603076e-01,5.854159687696601999e+00,2.257562817777105657e+00,6.493938266676383764e-04
6.930000000000005045e-01,-3.578478726115058017e-01,9.352580191836830092e-01,5.868343391406100729e+00,2.220837945111795886e+00,6.503322570412960104e-04
6.940000000000005054e-01,-3.519725330736069857e-01,9.374604572021628668e-01,5.882297344308479836e+00,2.184023238586433546e+00,6.512706874149030122e-04
6.950000000000005063e-01,-3.460833546993975496e-01,9.396260361925722338e-01,5.896020968430629061e+00,2.147120127508431953e+00,6.522091177884592732e-04
6.960000000000005071e-01,-3.401805681029825834e-01,9.417546684666097123e-01,5.909513694590131649e+00,2.110130045014135813e+00,6.531475481619646853e-04
6.970000000000005080e-01,-3.342644044632431255e-01,9.438462677710027782e-01,5.922774962421951450e+00,2.073054428016053663e+00,6.540859785354191398e-04
6.980000000000005089e-01,-3.283350955150056150e-01,9.459007492912575588e-01,5.935804220404820697e+00,2.035894717149886013e+00,6.550244089088226368e-04
6.990000000000005098e-01,-3.223928735401849210e-01,9.479180296553550988e-01,5.948600925887322255e+00,1.998652356721354550e+00,6.559628392821750678e-04
7.000000000000005107e-01,-3.164379713589016152e-01,9.498980269373951124e-01,5.961164545113675217e+00,1.961328794652833496e+00,6.569012696554764330e-04
7.010000000000005116e-01,-3.104706223205737081e-01,9.518406606611856668e-01,5.973494553249210526e+00,1.923925482429784672e+00,6.578397000287265154e-04
7.020000000000005125e-01,-3.044910602949827960e-01,9.537458518037793542e-01,5.985590434405539284e+00,1.886443875046996510e+00,6.587781304019254235e-04
7.030000000000005134e-01,-2.984995196633152825e-01,9.556135227989559500e-01,5.997451681665419088e+00,1.848885430954630316e+00,6.597165607750729403e-04
7.040000000000005143e-01,-2.924962353091790646e-01,9.574435975406503374e-01,6.009077797107303276e+00,1.811251612004074030e+00,6.606549911481690660e-04
7.050000000000005151e-01,-2.864814426095955713e-01,9.592360013863268087e-01,6.020468291829582874e+00,1.773543883393605469e+00,6.615934215212136921e-04
7.060000000000005160e-01,-2.804553774259679333e-01,9.609906611602986315e-01,6.031622685974514120e+00,1.735763713613867276e+00,6.625318518942067102e-04
7.070000000000005169e-01,-2.744182760950252264e-01,9.627075051569933262e-01,6.042540508751831574e+00,1.697912574393153795e+00,6.634702822671481202e-04
7.080000000000005178e-01,-2.683703754197433455e-01,9.643864631441623203e-01,6.053221298462044153e+00,1.659991940642512986e+00,6.644087126400378138e-04
7.090000000000005187e-01,-2.623119126602426743e-01,9.660274663660368688e-01,6.063664602519413194e+00,1.622003290400664044e+00,6.653471430128756825e-04
7.100000000000005196e-01,-2.562431255246630513e-01,9.676304475464274635e-01,6.073869977474611659e+00,1.583948104778732269e+00,6.662855733856617264e-04
7.110000000000005205e-01,-2.501642521600160873e-01,9.691953408917690638e-01,6.083836989037060050e+00,1.545827867904804309e+00,6.672240037583958370e-04
7.120000000000005214e-01,-2.440755311430153895e-01,9.707220820941099282e-01,6.093565212096942574e+00,1.507644066868302879e+00,6.681624341310779059e-04
7.130000000000005222e-01,-2.379772014708849692e-01,9.722106083340451566e-01,6.103054230746895570e+00,1.469398191664185616e+00,6.691008645037079330e-04
7.140000000000005231e-01,-2.318695025521460562e-01,9.736608582835941661e-01,6.112303638303370867e+00,1.431091735136967191e+00,6.700392948762858101e-04
7.150000000000005240e-01,-2.257526741973827356e-01,9.750727721090225453e-01,6.121313037327672291e+00,1.392726192924568229e+00,6.709777252488114286e-04
7.160000000000005249e-01,-2.196269566099867399e-01,9.764462914736067312e-01,6.130082039646661762e+00,1.354303063401991691e+00,6.719161556212847886e-04
7.170000000000005258e-01,-2.134925903768816746e-01,9.777813595403433977e-01,6.138610266373135005e+00,1.315823847624829401e+00,6.728545859937057816e-04
7.180000000000005267e-01,-2.073498164592269544e-01,9.790779209746014455e-01,6.146897347925865063e+00,1.277290049272599370e+00,6.737930163660742992e-04
7.190000000000005276e-01,-2.011988761831020600e-01,9.803359219467174812e-01,6.154942924049310093e+00,1.238703174591916367e+00,6.747314467383903414e-04
7.200000000000005285e-01,-1.950400112301710620e-01,9.815553101345346754e-01,6.162746643832988092e+00,1.200064732339498175e+00,6.756698771106537998e-04
7.210000000000005294e-01,-1.888734636283280477e-01,9.827360347258840001e-01,6.170308165730512329e+00,1.161376233725007534e+00,6.766083074828645660e-04
7.220000000000005302e-01,-1.826994757423236471e-01,9.838780464210089560e-01,6.177627157578289285e+00,1.122639192353733995e+00,6.775467378550226400e-04
7.230000000000005311e-01,-1.765182902643729901e-01,9.849812974349319017e-01,6.184703296613877299e+00,1.083855124169115447e+00,6.784851682271279133e-04
7.240000000000005320e-01,-1.703301502047455673e-01,9.860457414997638725e-01,6.191536269493998823e+00,1.045025547395102228e+00,6.794235985991802776e-04
7.250000000000005329e-01,-1.641352988823372161e-01,9.870713338669560022e-01,6.198125772312216064e+00,1.006151982478365570e+00,6.803620289711797327e-04
7.260000000000005338e-01,-1.579339799152245094e-01,9.880580313094933231e-01,6.204471510616256680e+00,9.672359520303525082e-01,6.813004593431261705e-04
7.270000000000005347e-01,-1.517264372112021587e-01,9.890057921240303918e-01,6.210573199424994861e+00,9.282789807691882444e-01,6.822388897150194823e-04
7.280000000000005356e-01,-1.455129149583034853e-01,9.899145761329691817e-01,6.216430563245086915e+00,8.892825954614291817e-01,6.831773200868595597e-04
7.290000000000005365e-01,-1.392936576153044059e-01,9.907843446864779136e-01,6.222043336087251575e+00,8.502483248636678592e-01,6.841157504586464029e-04
7.300000000000005373e-01,-1.330689099022115129e-01,9.916150606644521526e-01,6.227411261482207472e+00,8.111776996639913362e-01,6.850541808303799033e-04
7.310000000000005382e-01,-1.268389167907341131e-01,9.924066884784168430e-01,6.232534092496250899e+00,7.720722524232962458e-01,6.859926112020600609e-04
7.320000000000005391e-01,-1.206039234947410832e-01,9.931591940733697221e-01,6.237411591746485406e+00,7.329335175164614080e-01,6.869310415736867674e-04
7.330000000000005400e-01,-1.143641754607025995e-01,9.938725449295656711e-01,6.242043531415694346e+00,6.937630310733804428e-01,6.878694719452599143e-04
7.340000000000005409e-01,-1.081199183581171425e-01,9.945467100642426672e-01,6.246429693266854599e+00,6.545623309198564943e-01,6.888079023167795016e-04
7.350000000000005418e-01,-1.018713980699242072e-01,9.951816600332874518e-01,6.250569868657295913e+00,6.153329565183609517e-01,6.897463326882453125e-04
7.360000000000005427e-01,-9.561886068290299800e-02,9.957773669328430222e-01,6.254463858552499644e+00,5.760764489086582785e-01,6.906847630596574554e-04
7.370000000000005436e-01,-8.936255247805757751e-02,9.963338044008559491e-01,6.258111473539535119e+00,5.367943506482989457e-01,6.916231934310157134e-04
7.380000000000005445e-01,-8.310271992098865190e-02,9.968509476185644091e-01,6.261512533840135397e+00,4.974882057529831925e-01,6.925616238023200866e-04
7.390000000000005453e-01,-7.683960965225258843e-02,9.973287733119263754e-01,6.264666869323409770e+00,4.581595596367963319e-01,6.935000541735704665e-04
7.400000000000005462e-01,-7.057346847770776255e-02,9.977672597529883003e-01,6.267574319518190329e+00,4.188099590523193805e-01,6.944384845447668531e-04
7.410000000000005471e-01,-6.430454335884885908e-02,9.981663867611934027e-01,6.270234733625011714e+00,3.794409520306158412e-01,6.953769149159090297e-04
7.420000000000005480e-01,-5.803308140312933572e-02,9.985261357046301134e-01,6.272647970527724937e+00,3.400540878210976947e-01,6.963153452869969961e-04
7.430000000000005489e-01,-5.175932985427242339e-02,9.988464895012203471e-01,6.274813898804739054e+00,3.006509168312722635e-01,6.972537756580307524e-04
7.440000000000005498e-01,-4.548353608257112851e-02,9.991274326198474887e-01,6.276732396739898689e+00,2.612329905663722251e-01,6.981922060290101902e-04
7.450000000000005507e-01,-3.920594757517750079e-02,9.993689510814237620e-01,6.278403352332980525e+00,2.218018615688711892e-01,6.991306363999352010e-04
7.460000000000005516e-01,-3.292681192638161058e-02,9.995710324598973129e-01,6.279826663309825641e+00,1.823590833578867532e-01,7.000690667708056765e-04
7.470000000000005524e-01,-2.664637682788058293e-02,9.997336658831983414e-01,6.281002237132094379e+00,1.429062103684736740e-01,7.010074971416216166e-04
7.480000000000005533e-01,-2.036489005903803842e-02,9.998568420341248375e-01,6.281929991006641956e+00,1.034447978908089039e-01,7.019459275123829129e-04
7.490000000000005542e-01,-1.408259947713438529e-02,9.999405531511670331e-01,6.282609851894523700e+00,6.397640200927127985e-02,7.028843578830894570e-04
7.500000000000005551e-01,-7.799753007608264260e-03,9.999847930292713460e-01,6.283041756519616605e+00,2.450257954141770583e-02,7.038227882537412489e-04
7.510000000000005560e-01,-1.516598634289577537e-03,9.999895570205427076e-01,6.283225651376866949e+00,-1.497511202314151524e-02,7.047612186243381802e-04
7.520000000000005569e-01,4.766615610375546201e-03,9.999548420348863820e-01,6.283161492740151566e+00,-5.445511458396619375e-02,7.056996489948801424e-04
7.530000000000005578e-01,1.104964165510745333e-02,9.998806465405878363e-01,6.282849246669761634e+00,-9.393586949110600826e-02,7.066380793653671355e-04
7.540000000000005587e-01,1.733223139958296397e-02,9.997669705648316585e-01,6.282288889019501887e+00,-1.334158176065142754e-01,7.075765097357990512e-04
7.550000000000005596e-01,2.361413672423227222e-02,9.996138156941588582e-01,6.281480405443406134e+00,-1.728933993655535351e-01,7.085149401061758894e-04
7.560000000000005604e-01,2.989510950004237513e-02,9.994211850748627723e-01,6.280423791402065525e+00,-2.123670548385901691e-01,7.094533704764974334e-04
7.570000000000005613e-01,3.617490159836662944e-02,9.991890834133232424e-01,6.279119052168574910e+00,-2.518352237926761439e-01,7.103918008467636830e-04
7.580000000000005622e-01,4.245326490074007725e-02,9.989175169762789519e-01,6.277566202834085729e+00,-2.912963457533151446e-01,7.113302312169746382e-04
7.590000000000005631e-01,4.872995130870010072e-02,9.986064935910379248e-01,6.275765268312974321e+00,-3.307488600663106570e-01,7.122686615871300824e-04
7.600000000000005640e-01,5.500471275361207973e-02,9.982560226456266284e-01,6.273716283347619438e+00,-3.701912059596939586e-01,7.132070919572300154e-04
7.610000000000005649e-01,6.127730120649962225e-02,9.978661150888764597e-01,6.271419292512787180e+00,-4.096218226057288803e-01,7.141455223272743288e-04
7.620000000000005658e-01,6.754746868787897540e-02,9.974367834304486147e-01,6.268874350219626024e+00,-4.490391491829917592e-01,7.150839526972630226e-04
7.630000000000005667e-01,7.381496727759723209e-02,9.969680417407966733e-01,6.266081520719266607e+00,-4.884416249385232778e-01,7.160223830671959885e-04
7.640000000000005675e-01,8.007954912467397934e-02,9.964599056510669017e-01,6.263040878106029830e+00,-5.278276892500501916e-01,7.169608134370731179e-04
7.650000000000005684e-01,8.634096645714588181e-02,9.959123923529367151e-01,6.259752506320237053e+00,-5.671957816882741144e-01,7.178992438068944109e-04
7.660000000000005693e-01,9.259897159191397831e-02,9.953255205983901899e-01,6.256216499150625943e+00,-6.065443420792253626e-01,7.188376741766597591e-04
7.670000000000005702e-01,9.885331694459309482e-02,9.946993106994318490e-01,6.252432960236367521e+00,-6.458718105666787501e-01,7.197761045463690541e-04
7.680000000000005711e-01,1.051037550393631309e-01,9.940337845277374962e-01,6.248402003068686206e+00,-6.851766276746288353e-01,7.207145349160222958e-04
7.690000000000005720e-01,1.113500385188217756e-01,9.933289655142427677e-01,6.244123750992081057e+00,-7.244572343698225669e-01,7.216529652856193758e-04
7.700000000000005729e-01,1.175919201538382086e-01,9.925848786486690667e-01,6.239598337205143785e+00,-7.637120721243463306e-01,7.225913956551601857e-04
7.710000000000005738e-01,1.238291528534074259e-01,9.918015504789869929e-01,6.234825904760979753e+00,-8.029395829782647320e-01,7.235298260246446171e-04
7.720000000000005747e-01,1.300614896745048432e-01,9.909790091108169330e-01,6.229806606567223959e+00,-8.421382096023087849e-01,7.244682563940726700e-04
7.730000000000005755e-01,1.362886838319405935e-01,9.901172842067671453e-01,6.224540605385653791e+00,-8.813063953606107281e-01,7.254066867634442360e-04
7.740000000000005764e-01,1.425104887082133676e-01,9.892164069857087849e-01,6.219028073831400327e+00,-9.204425843734830304e-01,7.263451171327593150e-04
7.750000000000005773e-01,1.487266578633631708e-01,9.882764102219885327e-01,6.213269194371754622e+00,-9.595452215802385831e-01,7.272835475020177987e-04
7.760000000000005782e-01,1.549369450448227215e-01,9.872973282445779430e-01,6.207264159324564545e+00,-9.986127528020496413e-01,7.282219778712195786e-04
7.770000000000005791e-01,1.611411041972670710e-01,9.862791969361605071e-01,6.201013170856230161e+00,-1.037643624804843068e+00,7.291604082403645463e-04
7.780000000000005800e-01,1.673388894724609499e-01,9.852220537321548788e-01,6.194516440979287886e+00,-1.076636285362228440e+00,7.300988386094527018e-04
7.790000000000005809e-01,1.735300552391035589e-01,9.841259376196762609e-01,6.187774191549590519e+00,-1.115589183318457467e+00,7.310372689784839367e-04
7.800000000000005818e-01,1.797143560926702244e-01,9.829908891364339540e-01,6.180786654263073387e+00,-1.154500768651411269e+00,7.319756993474582510e-04
7.810000000000005826e-01,1.858915468652507785e-01,9.818169503695662881e-01,6.173554070652115477e+00,-1.193369492535612197e+00,7.329141297163755363e-04
7.820000000000005835e-01,1.920613826353839704e-01,9.806041649544126049e-01,6.166076692081488453e+00,-1.232193807405258967e+00,7.338525600852356841e-04
7.830000000000005844e-01,1.982236187378877135e-01,9.793525780732217356e-01,6.158354779743893559e+00,-1.270972167017281551e+00,7.347909904540385860e-04
7.840000000000005853e-01,2.043780107736845320e-01,9.780622364537980840e-01,6.150388604655088187e+00,-1.309703026514412283e+00,7.357294208227842421e-04
7.850000000000005862e-01,2.105243146196220660e-01,9.767331883680842042e-01,6.142178447648598549e+00,-1.348384842488272062e+00,7.366678511914725438e-04
7.860000000000005871e-01,2.166622864382880265e-01,9.753654836306800968e-01,6.133724599370020236e+00,-1.387016073042467434e+00,7.376062815601034913e-04
7.870000000000005880e-01,2.227916826878191814e-01,9.739591735972998876e-01,6.125027360270905774e+00,-1.425595177855696782e+00,7.385447119286768676e-04
7.880000000000005889e-01,2.289122601317041816e-01,9.725143111631653348e-01,6.116087040602236513e+00,-1.464120618244862282e+00,7.394831422971927812e-04
7.890000000000005898e-01,2.350237758485794470e-01,9.710309507613358315e-01,6.106903960407477960e+00,-1.502590857228184307e+00,7.404215726656510153e-04
7.900000000000005906e-01,2.411259872420180861e-01,9.695091483609754590e-01,6.097478449515222110e+00,-1.541004359588316497e+00,7.413600030340515698e-04
7.910000000000005915e-01,2.472186520503111273e-01,9.679489614655573115e-01,6.087810847531413216e+00,-1.579359591935458829e+00,7.422984334023943363e-04
7.920000000000005924e-01,2.533015283562408126e-01,9.663504491110040950e-01,6.077901503831154351e+00,-1.617655022770463802e+00,7.432368637706792064e-04
7.930000000000005933e-01,2.593743745968455361e-01,9.647136718637661090e-01,6.067750777550100061e+00,-1.655889122547935521e+00,7.441752941389061802e-04
7.940000000000005942e-01,2.654369495731758732e-01,9.630386918188358347e-01,6.057359037575429817e+00,-1.694060363739316566e+00,7.451137245070751491e-04
7.950000000000005951e-01,2.714890124600413679e-01,9.613255725976996846e-01,6.046726662536400454e+00,-1.732167220895961313e+00,7.460521548751860047e-04
7.960000000000005960e-01,2.775303228157477986e-01,9.595743793462264692e-01,6.035854040794484732e+00,-1.770208170712192608e+00,7.469905852432387472e-04
7.970000000000005969e-01,2.835606405918242867e-01,9.577851787324928035e-01,6.024741570433087112e+00,-1.808181692088337789e+00,7.479290156112332680e-04
7.980000000000005977e-01,2.895797261427398572e-01,9.559580389445457849e-01,6.013389659246841212e+00,-1.846086266193741832e+00,7.488674459791694587e-04
7.990000000000005986e-01,2.955873402356091750e-01,9.540930296881025008e-01,6.001798724730486256e+00,-1.883920376529755636e+00,7.498058763470473193e-04
8.000000000000005995e-01,3.015832440598869013e-01,9.521902221841864744e-01,5.989969194067325198e+00,-1.921682508992694771e+00,7.507443067148667415e-04
8.010000000000006004e-01,3.075671992370502816e-01,9.502496891667009393e-01,5.977901504117260956e+00,-1.959371151936767141e+00,7.516827370826276167e-04
8.020000000000006013e-01,3.135389678302696326e-01,9.482715048799400526e-01,5.965596101404409879e+00,-1.996984796236965565e+00,7.526211674503299450e-04
8.030000000000006022e-01,3.194983123540662273e-01,9.462557450760362698e-01,5.953053442104295101e+00,-2.034521935351923272e+00,7.535595978179736179e-04
8.040000000000006031e-01,3.254449957839570251e-01,9.442024870123455482e-01,5.940273992030619787e+00,-2.071981065386728993e+00,7.544980281855585271e-04
8.050000000000006040e-01,3.313787815660861336e-01,9.421118094487691552e-01,5.927258226621614945e+00,-2.109360685155697190e+00,7.554364585530846726e-04
8.060000000000006048e-01,3.372994336268423377e-01,9.399837926450134162e-01,5.914006630925969787e+00,-2.146659296245094772e+00,7.563748889205519459e-04
8.070000000000006057e-01,3.432067163824621958e-01,9.378185183577862905e-01,5.900519699588334888e+00,-2.183875403075814514e+00,7.573133192879602385e-04
8.080000000000006066e-01,3.491003947486188141e-01,9.356160698379313301e-01,5.886797936834403444e+00,-2.221007512965998743e+00,7.582517496553095506e-04
8.090000000000006075e-01,3.549802341499951330e-01,9.333765318274994671e-01,5.872841856455572440e+00,-2.258054136193607508e+00,7.591901800225996652e-04
8.100000000000006084e-01,3.608460005298417261e-01,9.310999905567576285e-01,5.858651981793180141e+00,-2.295013786058926364e+00,7.601286103898306909e-04
8.110000000000006093e-01,3.666974603595188342e-01,9.287865337411351785e-01,5.844228845722317267e+00,-2.331884978947014186e+00,7.610670407570024106e-04
8.120000000000006102e-01,3.725343806480216347e-01,9.264362505781080781e-01,5.829572990635218055e+00,-2.368666234390085279e+00,7.620054711241148245e-04
8.130000000000006111e-01,3.783565289514891905e-01,9.240492317440205383e-01,5.814684968424227662e+00,-2.405356075129825744e+00,7.629439014911678241e-04
8.140000000000006120e-01,3.841636733826955807e-01,9.216255693908445012e-01,5.799565340464345908e+00,-2.441953027179637470e+00,7.638823318581614095e-04
8.150000000000006128e-01,3.899555826205238773e-01,9.191653571428766156e-01,5.784214677595346465e+00,-2.478455619886807959e+00,7.648207622250954721e-04
8.160000000000006137e-01,3.957320259194215817e-01,9.166686900933734838e-01,5.768633560103473279e+00,-2.514862385994605098e+00,7.657591925919699036e-04
8.170000000000006146e-01,4.014927731188380200e-01,9.141356648011245145e-01,5.752822577702715101e+00,-2.551171861704291999e+00,7.666976229587847040e-04
8.180000000000006155e-01,4.072375946526423651e-01,9.115663792869632687e-01,5.736782329515655476e+00,-2.587382586737056567e+00,7.676360533255396565e-04
8.190000000000006164e-01,4.129662615585225072e-01,9.089609330302161894e-01,5.720513424053896401e+00,-2.623493104395857589e+00,7.685744836922348694e-04
8.200000000000006173e-01,4.186785454873641621e-01,9.063194269650901580e-01,5.704016479198066314e+00,-2.659501961627180666e+00,7.695129140588701259e-04
8.210000000000006182e-01,4.243742187126097187e-01,9.036419634769981002e-01,5.687292122177396436e+00,-2.695407709082702219e+00,7.704513444254454261e-04
8.220000000000006191e-01,4.300530541395963247e-01,9.009286463988231963e-01,5.670340989548879662e+00,-2.731208901180857129e+00,7.713897747919606614e-04
8.230000000000006199e-01,4.357148253148733219e-01,8.981795810071209196e-01,5.653163727176005793e+00,-2.766904096168310456e+00,7.723282051584157235e-04
8.240000000000006208e-01,4.413593064354976447e-01,8.953948740182605670e-01,5.635760990207071330e+00,-2.802491856181323904e+00,7.732666355248106124e-04
8.250000000000006217e-01,4.469862723583077901e-01,8.925746335845048396e-01,5.618133443053070941e+00,-2.837970747307021924e+00,7.742050658911452197e-04
8.260000000000006226e-01,4.525954986091751953e-01,8.897189692900283609e-01,5.600281759365163481e+00,-2.873339339644547241e+00,7.751434962574195453e-04
8.270000000000006235e-01,4.581867613922330218e-01,8.868279921468751326e-01,5.582206622011716135e+00,-2.908596207366105357e+00,7.760819266236334809e-04
8.280000000000006244e-01,4.637598375990816257e-01,8.839018145908551505e-01,5.563908723054931116e+00,-2.943739928777896697e+00,7.770203569897869179e-04
8.290000000000006253e-01,4.693145048179706569e-01,8.809405504773796247e-01,5.545388763727046033e+00,-2.978769086380931519e+00,7.779587873558797481e-04
8.300000000000006262e-01,4.748505413429569000e-01,8.779443150772363591e-01,5.526647454406114157e+00,-3.013682266931722697e+00,7.788972177219119714e-04
8.310000000000006271e-01,4.803677261830379130e-01,8.749132250723034021e-01,5.507685514591367237e+00,-3.048478061502857273e+00,7.798356480878834793e-04
8.320000000000006279e-01,4.858658390712605191e-01,8.718473985512030788e-01,5.488503672878155548e+00,-3.083155065543440099e+00,7.807740784537941636e-04
8.330000000000006288e-01,4.913446604738044843e-01,8.687469550048951827e-01,5.469102666932467827e+00,-3.117711878939408265e+00,7.817125088196440240e-04
8.340000000000006297e-01,4.968039715990401062e-01,8.656120153222102154e-01,5.449483243465031101e+00,-3.152147106073713179e+00,7.826509391854329523e-04
8.350000000000006306e-01,5.022435544065597668e-01,8.624427017853220079e-01,5.429646158204997519e+00,-3.186459355886364975e+00,7.835893695511609485e-04
8.360000000000006315e-01,5.076631916161830071e-01,8.592391380651609456e-01,5.409592175873203068e+00,-3.220647241934341043e+00,7.845277999168277956e-04
8.370000000000006324e-01,5.130626667169350119e-01,8.560014492167671296e-01,5.389322070155015965e+00,-3.254709382451348887e+00,7.854662302824334938e-04
8.380000000000006333e-01,5.184417639759968388e-01,8.527297616745835862e-01,5.368836623672766706e+00,-3.288644400407445101e+00,7.864046606479780429e-04
8.390000000000006342e-01,5.238002684476289472e-01,8.494242032476905235e-01,5.348136627957758016e+00,-3.322450923568505576e+00,7.873430910134612262e-04
8.400000000000006350e-01,5.291379659820655279e-01,8.460849031149794142e-01,5.327222883421860011e+00,-3.356127584555544718e+00,7.882815213788830436e-04
8.410000000000006359e-01,5.344546432343811881e-01,8.427119918202686799e-01,5.306096199328692364e+00,-3.389673020903878786e+00,7.892199517442434952e-04
8.420000000000006368e-01,5.397500876733276609e-01,8.393056012673596467e-01,5.284757393764388134e+00,-3.423085875122131139e+00,7.901583821095423642e-04
8.430000000000006377e-01,5.450240875901418702e-01,8.358658647150337684e-01,5.263207293607945481e+00,-3.456364794751077163e+00,7.910968124747796504e-04
8.440000000000006386e-01,5.502764321073236875e-01,8.323929167719911204e-01,5.241446734501163718e+00,-3.489508432422324002e+00,7.920352428399553540e-04
8.450000000000006395e-01,5.555069111873832677e-01,8.288868933917306059e-01,5.219476560818170796e+00,-3.522515445916823751e+00,7.929736732050692580e-04
8.460000000000006404e-01,5.607153156415585205e-01,8.253479318673709875e-01,5.197297625634534235e+00,-3.555384498223214340e+00,7.939121035701213625e-04
8.470000000000006413e-01,5.659014371385003850e-01,8.217761708264144094e-01,5.174910790695961715e+00,-3.588114257595989010e+00,7.948505339351115591e-04
8.480000000000006422e-01,5.710650682129274625e-01,8.181717502254512997e-01,5.152316926386593110e+00,-3.620703397613485475e+00,7.957889643000398477e-04
8.490000000000006430e-01,5.762060022742483412e-01,8.145348113448078742e-01,5.129516911696883064e+00,-3.653150597235699237e+00,7.967273946649061200e-04
8.500000000000006439e-01,5.813240336151516141e-01,8.108654967831354643e-01,5.106511634191071458e+00,-3.685454540861909045e+00,7.976658250297102674e-04
8.510000000000006448e-01,5.864189574201634780e-01,8.071639504519424468e-01,5.083301989974250645e+00,-3.717613918388119831e+00,7.986042553944522901e-04
8.520000000000006457e-01,5.914905697741716928e-01,8.034303175700691080e-01,5.059888883659022341e+00,-3.749627425264313363e+00,7.995426857591320796e-04
8.530000000000006466e-01,5.965386676709162339e-01,7.996647446581048868e-01,5.036273228331748619e+00,-3.781493762551508375e+00,8.004811161237495275e-04
8.540000000000006475e-01,6.015630490214461945e-01,7.958673795327489975e-01,5.012455945518401457e+00,-3.813211636978622199e+00,8.014195464883046337e-04
8.550000000000006484e-01,6.065635126625420481e-01,7.920383713011142079e-01,4.988437965150004594e+00,-3.844779760999135654e+00,8.023579768527971815e-04
8.560000000000006493e-01,6.115398583651032727e-01,7.881778703549738863e-01,4.964220225527673946e+00,-3.876196852847554997e+00,8.032964072172272792e-04
8.570000000000006501e-01,6.164918868425006693e-01,7.842860283649530917e-01,4.939803673287254782e+00,-3.907461636595668697e+00,8.042348375815947100e-04
8.580000000000006510e-01,6.214193997588935980e-01,7.803629982746630445e-01,4.915189263363562766e+00,-3.938572842208595493e+00,8.051732679458994740e-04
8.590000000000006519e-01,6.263221997375105765e-01,7.764089342947797512e-01,4.890377958954217341e+00,-3.969529205600620614e+00,8.061116983101414626e-04
8.600000000000006528e-01,6.312000903688939069e-01,7.724239918970673413e-01,4.865370731483085187e+00,-4.000329468690818402e+00,8.070501286743206760e-04
8.610000000000006537e-01,6.360528762191073326e-01,7.684083278083453372e-01,4.840168560563320455e+00,-4.030972379458456878e+00,8.079885590384370056e-04
8.620000000000006546e-01,6.408803628379071693e-01,7.643621000044009683e-01,4.814772433960010645e+00,-4.061456691998181157e+00,8.089269894024903431e-04
8.630000000000006555e-01,6.456823567668749098e-01,7.602854677038459741e-01,4.789183347552427250e+00,-4.091781166574970818e+00,8.098654197664805800e-04
8.640000000000006564e-01,6.504586655475124157e-01,7.561785913619193389e-01,4.763402305295883821e+00,-4.121944569678875681e+00,8.108038501304077163e-04
8.650000000000006573e-01,6.552090977292990281e-01,7.520416326642347382e-01,4.737430319183202343e+00,-4.151945674079515314e+00,8.117422804942716437e-04
8.660000000000006581e-01,6.599334628777093759e-01,7.478747545204738056e-01,4.711268409205783492e+00,-4.181783258880348519e+00,8.126807108580723620e-04
8.670000000000006590e-01,6.646315715821925485e-01,7.436781210580252210e-01,4.684917603314293189e+00,-4.211456109572706552e+00,8.136191412218096546e-04
8.680000000000006599e-01,6.693032354641111903e-01,7.394518976155699530e-01,4.658378937378959250e+00,-4.240963018089584757e+00,8.145575715854836297e-04
8.690000000000006608e-01,6.739482671846414030e-01,7.351962507366128774e-01,4.631653455149476351e+00,-4.270302782859193513e+00,8.154960019490940706e-04
8.700000000000006617e-01,6.785664804526317928e-01,7.309113481629608833e-01,4.604742208214532617e+00,-4.299474208858264035e+00,8.164344323126409772e-04
8.710000000000006626e-01,6.831576900324221047e-01,7.265973588281476880e-01,4.577646255960947208e+00,-4.328476107665103711e+00,8.173728626761242412e-04
8.720000000000006635e-01,6.877217117516210010e-01,7.222544528508058059e-01,4.550366665532426858e+00,-4.357307297512400979e+00,8.183112930395437540e-04
8.730000000000006644e-01,6.922583625088418735e-01,7.178828015279861141e-01,4.522904511787941395e+00,-4.385966603339775283e+00,8.192497234028995158e-04
8.740000000000006652e-01,6.967674602813970219e-01,7.134825773284245720e-01,4.495260877259717347e+00,-4.414452856846067696e+00,8.201881537661914181e-04
8.750000000000006661e-01,7.012488241329503103e-01,7.090539538857569823e-01,4.467436852110856726e+00,-4.442764896541374853e+00,8.211265841294193525e-04
8.760000000000006670e-01,7.057022742211260802e-01,7.045971059916817936e-01,4.439433534092579237e+00,-4.470901567798813758e+00,8.220650144925833189e-04
8.770000000000006679e-01,7.101276318050760983e-01,7.001122095890713881e-01,4.411252028501086109e+00,-4.498861722906024596e+00,8.230034448556832090e-04
8.780000000000006688e-01,7.145247192530026492e-01,6.955994417650319672e-01,4.382893448134052683e+00,-4.526644221116399081e+00,8.239418752187190227e-04
8.790000000000006697e-01,7.188933600496382192e-01,6.910589807439121435e-01,4.354358913246751506e+00,-4.554247928700041470e+00,8.248803055816905433e-04
8.800000000000006706e-01,7.232333788036808819e-01,6.864910058802609072e-01,4.325649551507802393e+00,-4.581671718994447140e+00,8.258187359445977706e-04
8.810000000000006715e-01,7.275446012551856079e-01,6.818956976517351887e-01,4.296766497954554787e+00,-4.608914472454909372e+00,8.267571663074407048e-04
8.820000000000006724e-01,7.318268542829100554e-01,6.772732376519565722e-01,4.267710894948105960e+00,-4.635975076704639264e+00,8.276955966702191289e-04
8.830000000000006732e-01,7.360799659116162852e-01,6.726238085833189384e-01,4.238483892127951513e+00,-4.662852426584602306e+00,8.286340270329330430e-04
8.840000000000006741e-01,7.403037653193258461e-01,6.679475942497455909e-01,4.209086646366275275e+00,-4.689545424203069857e+00,8.295724573955824471e-04
8.850000000000006750e-01,7.444980828445295629e-01,6.632447795493974230e-01,4.179520321721875931e+00,-4.716052978984876631e+00,8.305108877581671243e-04
8.860000000000006759e-01,7.486627499933512508e-01,6.585155504673316784e-01,4.149786089393738386e+00,-4.742374007720385087e+00,8.314493181206870746e-04
8.870000000000006768e-01,7.527975994466641341e-01,6.537600940681121964e-01,4.119885127674241865e+00,-4.768507434614157603e+00,8.323877484831422981e-04
8.880000000000006777e-01,7.569024650671609677e-01,6.489785984883710279e-01,4.089818621902019835e+00,-4.794452191333323121e+00,8.333261788455325779e-04
8.890000000000006786e-01,7.609771819063765319e-01,6.441712529293218692e-01,4.059587764414459343e+00,-4.820207217055646254e+00,8.342646092078579139e-04
8.900000000000006795e-01,7.650215862116623855e-01,6.393382476492253108e-01,4.029193754499853952e+00,-4.845771458517290853e+00,8.352030395701181978e-04
8.910000000000006803e-01,7.690355154331137699e-01,6.344797739558067917e-01,3.998637798349204964e+00,-4.871143870060273606e+00,8.361414699323134296e-04
8.920000000000006812e-01,7.730188082304479957e-01,6.295960241986271466e-01,3.967921109007674474e+00,-4.896323413679608549e+00,8.370799002944435008e-04
8.930000000000006821e-01,7.769713044798344237e-01,6.246871917614061909e-01,3.937044906325695148e+00,-4.921309059070138936e+00,8.380183306565083031e-04
8.940000000000006830e-01,7.808928452806749299e-01,6.197534710542995651e-01,3.906010416909734939e+00,-4.946099783673049366e+00,8.389567610185078364e-04
8.950000000000006839e-01,7.847832729623350767e-01,6.147950575061293943e-01,3.874818874072721187e+00,-4.970694572722062610e+00,8.398951913804419923e-04
8.960000000000006848e-01,7.886424310908261015e-01,6.098121475565685401e-01,3.843471517784124991e+00,-4.995092419289313135e+00,8.408336217423106624e-04
8.970000000000006857e-01,7.924701644754357233e-01,6.048049386482796663e-01,3.811969594619708523e+00,-5.019292324330895561e+00,8.417720521041137383e-04
8.980000000000006866e-01,7.962663191753097669e-01,5.997736292190084528e-01,3.780314357710938378e+00,-5.043293296732084485e+00,8.427104824658512199e-04
8.990000000000006875e-01,8.000307425059820510e-01,5.947184186936318451e-01,3.748507066694064971e+00,-5.067094353352228353e+00,8.436489128275231073e-04
9.000000000000006883e-01,8.037632830458536493e-01,5.896395074761621169e-01,3.716548987658872871e+00,-5.090694519069304924e+00,8.445873431891291836e-04
9.010000000000006892e-01,8.074637906426208600e-01,5.845370969417056362e-01,3.684441393097100725e+00,-5.114092826824144566e+00,8.455257735506694489e-04
9.020000000000006901e-01,8.111321164196508837e-01,5.794113894283781097e-01,3.652185561850537887e+00,-5.137288317664316040e+00,8.464642039121437946e-04
9.030000000000006910e-01,8.147681127823062086e-01,5.742625882291764183e-01,3.619782779058795530e+00,-5.160280040787667666e+00,8.474026342735522209e-04
9.040000000000006919e-01,8.183716334242158164e-01,5.690908975838062656e-01,3.587234336106757127e+00,-5.183067053585528328e+00,8.483410646348945108e-04
9.050000000000006928e-01,8.219425333334943184e-01,5.638965226704674150e-01,3.554541530571710073e+00,-5.205648421685560301e+00,8.492794949961707729e-04
9.060000000000006937e-01,8.254806687989074687e-01,5.586796695975960736e-01,3.521705666170159343e+00,-5.228023218994263921e+00,8.502179253573807901e-04
9.070000000000006946e-01,8.289858974159850513e-01,5.534405453955650867e-01,3.488728052704328952e+00,-5.250190527739130530e+00,8.511563557185245626e-04
9.080000000000006954e-01,8.324580780930793678e-01,5.481793580083417217e-01,3.455610006008350332e+00,-5.272149438510441044e+00,8.520947860796019820e-04
9.090000000000006963e-01,8.358970710573704332e-01,5.428963162851042634e-01,3.422352847894142069e+00,-5.293899050302707465e+00,8.530332164406129397e-04
9.100000000000006972e-01,8.393027378608163280e-01,5.375916299718174196e-01,3.388957906096981443e+00,-5.315438470555757355e+00,8.539716468015574359e-04
9.110000000000006981e-01,8.426749413860491478e-01,5.322655097027663151e-01,3.355426514220773537e+00,-5.336766815195454150e+00,8.549100771624353621e-04
9.120000000000006990e-01,8.460135458522165530e-01,5.269181669920504074e-01,3.321760011683016156e+00,-5.357883208674053321e+00,8.558485075232467182e-04
9.130000000000006999e-01,8.493184168207673634e-01,5.215498142250368785e-01,3.287959743659468081e+00,-5.378786784010192612e+00,8.567869378839913959e-04
9.140000000000007008e-01,8.525894212011819739e-01,5.161606646497747253e-01,3.254027061028518020e+00,-5.399476682828513674e+00,8.577253682446692867e-04
9.150000000000007017e-01,8.558264272566473707e-01,5.107509323683689928e-01,3.219963320315260891e+00,-5.419952055398909785e+00,8.586637986052802823e-04
9.160000000000007025e-01,8.590293046096755258e-01,5.053208323283157055e-01,3.185769883635281463e+00,-5.440212060675400529e+00,8.596022289658243826e-04
9.170000000000007034e-01,8.621979242476657257e-01,4.998705803137990511e-01,3.151448118638151552e+00,-5.460255866334631669e+00,8.605406593263014792e-04
9.180000000000007043e-01,8.653321585284100559e-01,4.944003929369492067e-01,3.116999398450637226e+00,-5.480082648813993096e+00,8.614790896867114637e-04
9.190000000000007052e-01,8.684318811855423759e-01,4.889104876290628621e-01,3.082425101619624463e+00,-5.499691593349355756e+00,8.624175200470543361e-04
9.200000000000007061e-01,8.714969673339294509e-01,4.834010826317859943e-01,3.047726612054765472e+00,-5.519081894012426659e+00,8.633559504073299879e-04
9.210000000000007070e-01,8.745272934750052407e-01,4.778723969882595624e-01,3.012905318970843016e+00,-5.538252753747717527e+00,8.642943807675383108e-04
9.220000000000007079e-01,8.775227375020467901e-01,4.723246505342283963e-01,2.977962616829862519e+00,-5.557203384409120872e+00,8.652328111276793047e-04
9.230000000000007088e-01,8.804831787053924996e-01,4.667580638891136169e-01,2.942899905282870598e+00,-5.575933006796103264e+00,8.661712414877528613e-04
9.240000000000007097e-01,8.834084977776021086e-01,4.611728584470491388e-01,2.907718589111503160e+00,-5.594440850689498035e+00,8.671096718477588720e-04
9.250000000000007105e-01,8.862985768185578372e-01,4.555692563678825913e-01,2.872420078169267477e+00,-5.612726154886906293e+00,8.680481022076973370e-04
9.260000000000007114e-01,8.891532993405066865e-01,4.499474805681410450e-01,2.837005787322558703e+00,-5.630788167237700037e+00,8.689865325675681478e-04
9.270000000000007123e-01,8.919725502730440070e-01,4.443077547119618775e-01,2.801477136391416156e+00,-5.648626144677626471e+00,8.699249629273711959e-04
9.280000000000007132e-01,8.947562159680368943e-01,4.386503032019892778e-01,2.765835550090021577e+00,-5.666239353263007317e+00,8.708633932871064813e-04
9.290000000000007141e-01,8.975041842044891860e-01,4.329753511702366664e-01,2.730082457966939824e+00,-5.683627068204537558e+00,8.718018236467738958e-04
9.300000000000007150e-01,9.002163441933451749e-01,4.272831244689156982e-01,2.694219294345109539e+00,-5.700788573900677392e+00,8.727402540063733307e-04
9.310000000000007159e-01,9.028925865822344798e-01,4.215738496612319031e-01,2.658247498261582020e+00,-5.717723163970632072e+00,8.736786843659047862e-04
9.320000000000007168e-01,9.055328034601553000e-01,4.158477540121476301e-01,2.622168513407014068e+00,-5.734430141286927629e+00,8.746171147253681537e-04
9.330000000000007176e-01,9.081368883620982713e-01,4.101050654791126848e-01,2.585983788064917022e+00,-5.750908818007570034e+00,8.755555450847633250e-04
9.340000000000007185e-01,9.107047362736083729e-01,4.043460127027628803e-01,2.549694775050666440e+00,-5.767158515607788694e+00,8.764939754440902999e-04
9.350000000000007194e-01,9.132362436352864377e-01,3.985708249975870587e-01,2.513302931650271077e+00,-5.783178564911367836e+00,8.774324058033489701e-04
9.360000000000007203e-01,9.157313083472290449e-01,3.927797323425631371e-01,2.476809719558910050e+00,-5.798968306121556004e+00,8.783708361625392272e-04
9.370000000000007212e-01,9.181898297734069070e-01,3.869729653717632889e-01,2.440216604819237300e+00,-5.814527088851554559e+00,8.793092665216609627e-04
9.380000000000007221e-01,9.206117087459813053e-01,3.811507553649290392e-01,2.403525057759456462e+00,-5.829854272154586958e+00,8.802476968807141765e-04
9.390000000000007230e-01,9.229968475695584651e-01,3.753133342380162718e-01,2.366736552931171911e+00,-5.844949224553540823e+00,8.811861272396988689e-04
9.400000000000007239e-01,9.253451500253820905e-01,3.694609345337109274e-01,2.329852569047017319e+00,-5.859811324070185456e+00,8.821245575986148228e-04
9.410000000000007248e-01,9.276565213754629502e-01,3.635937894119157798e-01,2.292874588918063505e+00,-5.874439958253957705e+00,8.830629879574620382e-04
9.420000000000007256e-01,9.299308683666459574e-01,3.577121326402084578e-01,2.255804099391012674e+00,-5.888834524210324162e+00,8.840014183162404069e-04
9.430000000000007265e-01,9.321680992346141892e-01,3.518161985842714889e-01,2.218642591285177268e+00,-5.902994428628704604e+00,8.849398486749499287e-04
9.440000000000007274e-01,9.343681237078301782e-01,3.459062221982944774e-01,2.181391559329250551e+00,-5.916919087809967337e+00,8.858782790335903868e-04
9.450000000000007283e-01,9.365308530114131447e-01,3.399824390153491915e-01,2.144052502097871127e+00,-5.930607927693485770e+00,8.868167093921618897e-04
9.460000000000007292e-01,9.386561998709537225e-01,3.340450851377376740e-01,2.106626921947982733e+00,-5.944060383883758902e+00,8.877551397506642204e-04
9.470000000000007301e-01,9.407440785162637376e-01,3.280943972273139275e-01,2.069116324954995978e+00,-5.957275901676592156e+00,8.886935701090973791e-04
9.480000000000007310e-01,9.427944046850632587e-01,3.221306124957797334e-01,2.031522220848751559e+00,-5.970253936084839452e+00,8.896320004674612572e-04
9.490000000000007319e-01,9.448070956266025888e-01,3.161539686949550454e-01,1.993846122949290312e+00,-5.982993951863701199e+00,8.905704308257558549e-04
9.500000000000007327e-01,9.467820701052201970e-01,3.101647041070229593e-01,1.956089548102434517e+00,-5.995495423535580848e+00,8.915088611839809551e-04
9.510000000000007336e-01,9.487192484038364793e-01,3.041630575347504251e-01,1.918254016615180912e+00,-6.007757835414492043e+00,8.924472915421366665e-04
9.520000000000007345e-01,9.506185523273824600e-01,2.981492682916845882e-01,1.880341052190910300e+00,-6.019780681630022556e+00,8.933857219002227720e-04
9.530000000000007354e-01,9.524799052061635463e-01,2.921235761923253738e-01,1.842352181864417515e+00,-6.031563466150847930e+00,8.943241522582392718e-04
9.540000000000007363e-01,9.543032318991586660e-01,2.860862215422748656e-01,1.804288935936764426e+00,-6.043105702807794799e+00,8.952625826161860574e-04
9.550000000000007372e-01,9.560884587972535709e-01,2.800374451283638155e-01,1.766152847909959078e+00,-6.054406915316452142e+00,8.962010129740630203e-04
9.560000000000007381e-01,9.578355138264093016e-01,2.739774882087557262e-01,1.727945454421464966e+00,-6.065466637299332220e+00,8.971394433318701607e-04
9.570000000000007390e-01,9.595443264507647063e-01,2.679065925030290618e-01,1.689668295178543334e+00,-6.076284412307573213e+00,8.980778736896073700e-04
9.580000000000007399e-01,9.612148276756733445e-01,2.618250001822380324e-01,1.651322912892433159e+00,-6.086859793842188004e+00,8.990163040472745398e-04
9.590000000000007407e-01,9.628469500506746659e-01,2.557329538589521167e-01,1.612910853212369933e+00,-6.097192345374856437e+00,8.999547344048716702e-04
9.600000000000007416e-01,9.644406276723986871e-01,2.496306965772753517e-01,1.574433664659448562e+00,-6.107281640368256603e+00,9.008931647623986527e-04
9.610000000000007425e-01,9.659957961874048316e-01,2.435184718028452766e-01,1.535892898560333952e+00,-6.117127262295936951e+00,9.018315951198554873e-04
9.620000000000007434e-01,9.675123927949542679e-01,2.373965234128123658e-01,1.497290108980821044e+00,-6.126728804661728311e+00,9.027700254772419572e-04
9.630000000000007443e-01,9.689903562497159673e-01,2.312650956858001705e-01,1.458626852659249407e+00,-6.136085871018691407e+00,9.037084558345580623e-04
9.640000000000007452e-01,9.704296268644054813e-01,2.251244332918468649e-01,1.419904688939775061e+00,-6.145198074987603398e+00,9.046468861918038028e-04
9.650000000000007461e-01,9.718301465123576621e-01,2.189747812823284456e-01,1.381125179705503081e+00,-6.154065040274975473e+00,9.055853165489789617e-04
9.660000000000007470e-01,9.731918586300321028e-01,2.128163850798642232e-01,1.342289889311485407e+00,-6.162686400690606803e+00,9.065237469060835390e-04
9.670000000000007478e-01,9.745147082194512977e-01,2.066494904682049105e-01,1.303400384517586108e+00,-6.171061800164671318e+00,9.074621772631175348e-04
9.680000000000007487e-01,9.757986418505721904e-01,2.004743435821039199e-01,1.264458234421217631e+00,-6.179190892764334642e+00,9.084006076200807321e-04
9.690000000000007496e-01,9.770436076635896638e-01,1.942911908971722557e-01,1.225465010389953369e+00,-6.187073342709902057e+00,9.093390379769731311e-04
9.700000000000007505e-01,9.782495553711731961e-01,1.881002792197174756e-01,1.186422285994017889e+00,-6.194708824390496638e+00,9.102774683337947316e-04
9.710000000000007514e-01,9.794164362606356811e-01,1.819018556765672756e-01,1.147331636938659694e+00,-6.202097022379264857e+00,9.112158986905453169e-04
9.720000000000007523e-01,9.805442031960345250e-01,1.756961677048780313e-01,1.108194640996409852e+00,-6.209237631448108807e+00,9.121543290472248870e-04
9.730000000000007532e-01,9.816328106202049097e-01,1.694834630419288779e-01,1.069012877939230055e+00,-6.216130356581945904e+00,9.130927594038334419e-04
9.740000000000007541e-01,9.826822145567256639e-01,1.632639897149017472e-01,1.029787929470552754e+00,-6.222774912992495189e+00,9.140311897603707646e-04
9.750000000000007550e-01,9.836923726118161904e-01,1.570379960306478861e-01,9.905213791572196058e-01,-6.229171026131584021e+00,9.149696201168368553e-04
9.760000000000007558e-01,9.846632439761661137e-01,1.508057305654413038e-01,9.512148123613182182e-01,-6.235318431703984920e+00,9.159080504732316054e-04
9.770000000000007567e-01,9.855947894266963161e-01,1.445674421547195887e-01,9.118698161719240858e-01,-6.241216875679768350e+00,9.168464808295550151e-04
9.780000000000007576e-01,9.864869713282518049e-01,1.383233798828126526e-01,8.724879793367492642e-01,-6.246866114306181217e+00,9.177849111858069758e-04
9.790000000000007585e-01,9.873397536352260806e-01,1.320737930726597897e-01,8.330708921937023392e-01,-6.252265914119046641e+00,9.187233415419873792e-04
9.800000000000007594e-01,9.881531018931171140e-01,1.258189312755156053e-01,7.936201466023631301e-01,-6.257416051953684111e+00,9.196617718980962253e-04
9.810000000000007603e-01,9.889269832400147120e-01,1.195590442606453002e-01,7.541373358753757916e-01,-6.262316314955347352e+00,9.206002022541334056e-04
9.820000000000007612e-01,9.896613664080192718e-01,1.132943820050096584e-01,7.146240547097636453e-01,-6.266966500589184363e+00,9.215386326100988117e-04
9.830000000000007621e-01,9.903562217245917010e-01,1.070251946829404027e-01,6.750818991181702922e-01,-6.271366416649712505e+00,9.224770629659923352e-04
9.840000000000007629e-01,9.910115211138347258e-01,1.007517326558062948e-01,6.355124663600297819e-01,-6.275515881269814855e+00,9.234154933218139761e-04
9.850000000000007638e-01,9.916272380977051437e-01,9.447424646167046358e-02,5.959173548726697245e-01,-6.279414722929249848e+00,9.243539236775636259e-04
9.860000000000007647e-01,9.922033477971573534e-01,8.819298680493946330e-02,5.562981642023515638e-01,-6.283062780462682184e+00,9.252923540332412848e-04
9.870000000000007656e-01,9.927398269332177172e-01,8.190820454600457323e-02,5.166564949352506764e-01,-6.286459903067225241e+00,9.262307843888468442e-04
9.880000000000007665e-01,9.932366538279898682e-01,7.562015069087578423e-02,4.769939486283814034e-01,-6.289605950309502091e+00,9.271692147443801957e-04
9.890000000000007674e-01,9.936938084055911835e-01,6.932907638080892943e-02,4.373121277404692919e-01,-6.292500792132220688e+00,9.281076450998412310e-04
9.900000000000007683e-01,9.941112721930197571e-01,6.303523288192655616e-02,3.976126355627750963e-01,-6.295144308860264104e+00,9.290460754552299499e-04
9.910000000000007692e-01,9.944890283209524284e-01,5.673887157483287202e-02,3.578970761498741493e-01,-6.297536391206293160e+00,9.299845058105462442e-04
9.920000000000007701e-01,9.948270615244733106e-01,5.044024394422337576e-02,3.181670542503945986e-01,-6.299676940275866777e+00,9.309229361657901138e-04
9.930000000000007709e-01,9.951253581437332629e-01,4.413960156848962396e-02,2.784241752377183410e-01,-6.301565867572071156e+00,9.318613665209614502e-04
9.940000000000007718e-01,9.953839061245401965e-01,3.783719610931956384e-02,2.386700450406485097e-01,-6.303203094999667577e+00,9.327997968760601451e-04
9.950000000000007727e-01,9.956026950188795466e-01,3.153327930129400797e-02,1.989062700740468204e-01,-6.304588554868749029e+00,9.337382272310860900e-04
9.960000000000007736e-01,9.957817159853655786e-01,2.522810294147966037e-02,1.591344571694450483e-01,-6.305722189897909224e+00,9.346766575860392849e-04
9.970000000000007745e-01,9.959209617896237487e-01,1.892191887901924913e-02,1.193562135056340512e-01,-6.306603953216928460e+00,9.356150879409196215e-04
9.980000000000007754e-01,9.960204268046028986e-01,1.261497900471919217e-02,7.957314653923400205e-02,-6.307233808368969186e+00,9.365535182957269913e-04
9.990000000000007763e-01,9.960801070108185051e-01,6.307535240635320228e-03,3.978686393524981380e-02,-6.307611729312281312e+00,9.374919486504613942e-04
1.000000000000000666e+00,9.960999999965262086e-01,-1.604703428565931733e-07,-1.026502384704475190e-06,-6.307737700421424343e+00,9.384303790051227220e-04
