tau,x,y,u,v,theta1
0.000000000000000000e+00,9.987999999999999101e-01,-0.000000000000000000e+00,0.000000000000000000e+00,-6.290729658875187091e+00,0.000000000000000000e+00
1.000000000000000021e-03,9.987802133975619556e-01,-6.290688118166343906e-03,-3.957307374477585932e-02,-6.290605037162358748e+00,5.700262035188727101e-07
2.000000000000000042e-03,9.987208543770309532e-01,-1.258112699457068079e-02,-7.914457393046808731e-02,-6.290231177014809383e+00,1.140052407037729115e-06
3.000000000000000062e-03,9.986219252987217354e-01,-1.887106739743280026e-02,-1.187129270619080579e-01,-6.289608093405123945e+00,1.710078610556552379e-06
4.000000000000000083e-03,9.984834300963854048e-01,-2.516026011493565848e-02,-1.582765597717544770e-01,-6.288735811286916721e+00,2.280104814075326516e-06
5.000000000000000104e-03,9.983053742770500172e-01,-3.144845596520592923e-02,-1.978338988843999502e-01,-6.287614365593788612e+00,2.850131017594035431e-06
6.000000000000000125e-03,9.980877649207968716e-01,-3.773540580629328178e-02,-2.373833714798691541e-01,-6.286243801237867856e+00,3.420157221112662184e-06
7.000000000000000146e-03,9.978306106804725184e-01,-4.402086054614803151e-02,-2.769234049577058432e-01,-6.284624173107937750e+00,3.990183424631190681e-06
8.000000000000000167e-03,9.975339217813377068e-01,-5.030457115259664297e-02,-3.164524271008456457e-01,-6.282755546067143371e+00,4.560209628149604405e-06
9.000000000000001055e-03,9.971977100206520506e-01,-5.658628866331481128e-02,-3.559688661394722620e-01,-6.280637994950282632e+00,5.130235831667886839e-06
1.000000000000000194e-02,9.968219887671946333e-01,-6.286576419579756325e-02,-3.954711508148536780e-01,-6.278271604560683450e+00,5.700262035186021889e-06
1.100000000000000283e-02,9.964067729607212209e-01,-6.914274895732606951e-02,-4.349577104431561203e-01,-6.275656469666664350e+00,6.270288238703992615e-06
1.200000000000000372e-02,9.959520791113574134e-01,-7.541699425493068876e-02,-4.744269749792326962e-01,-6.272792694997575857e+00,6.840314442221783770e-06
1.300000000000000461e-02,9.954579252989278482e-01,-8.168825150534982094e-02,-5.138773750803837803e-01,-6.269680395239431547e+00,7.410340645739377566e-06
1.400000000000000550e-02,9.949243311722222316e-01,-8.795627224498424324e-02,-5.533073421700870353e-01,-6.266319695030117209e+00,7.980366849256758757e-06
1.500000000000000638e-02,9.943513179481971997e-01,-9.422080813984641534e-02,-5.927153085016928502e-01,-6.262710728954190564e+00,8.550393052773909555e-06
1.600000000000000727e-02,9.937389084111145632e-01,-1.004816109955043446e-01,-6.320997072220841950e-01,-6.258853641537263535e+00,9.120419256290814713e-06
1.700000000000000816e-02,9.930871269116158251e-01,-1.067384327670197058e-01,-6.714589724352968414e-01,-6.254748587239967073e+00,9.690445459807458986e-06
1.800000000000000905e-02,9.923959993657335277e-01,-1.129910255688796189e-01,-7.107915392660972831e-01,-6.250395730451506537e+00,1.026047166332382374e-05
1.900000000000000994e-02,9.916655532538386497e-01,-1.192391416849218899e-01,-7.500958439235161368e-01,-6.245795245482800517e+00,1.083049786683989372e-05
2.000000000000001082e-02,9.908958176195243883e-01,-1.254825335782530638e-01,-7.893703237643335813e-01,-6.240947316559203983e+00,1.140052407035565200e-05
2.100000000000001171e-02,9.900868230684268800e-01,-1.317209539011590658e-01,-8.286134173565147254e-01,-6.235852137812821994e+00,1.197055027387108162e-05
2.200000000000001260e-02,9.892386017669824172e-01,-1.379541555050079471e-01,-8.678235645425915745e-01,-6.230509913274405065e+00,1.254057647738616736e-05
2.300000000000001349e-02,9.883511874411210485e-01,-1.441818914501442894e-01,-9.069992065029887085e-01,-6.224920856864836871e+00,1.311060268090089225e-05
2.400000000000001438e-02,9.874246153748970078e-01,-1.504039150157749638e-01,-9.461387858192906730e-01,-6.219085192386207162e+00,1.368062888441524106e-05
2.500000000000001527e-02,9.864589224090560826e-01,-1.566199797098456192e-01,-9.852407465374474205e-01,-6.213003153512473453e+00,1.425065508792919685e-05
2.600000000000001615e-02,9.854541469395395881e-01,-1.628298392789077897e-01,-1.024303534230915691e+00,-6.206674983779710608e+00,1.482068129144274268e-05
2.700000000000001704e-02,9.844103289159255032e-01,-1.690332477179758985e-01,-1.063325596063733114e+00,-6.200100936575948296e+00,1.539070749495586329e-05
2.800000000000001793e-02,9.833275098398059910e-01,-1.752299592803739647e-01,-1.102305380853522365e+00,-6.193281275130601671e+00,1.596073369846854006e-05
2.900000000000001882e-02,9.822057327631026347e-01,-1.814197284875715965e-01,-1.141241339134423161e+00,-6.186216272503489044e+00,1.653075990198075605e-05
3.000000000000001971e-02,9.810450422863185027e-01,-1.876023101390086878e-01,-1.180131923219948531e+00,-6.178906211573440999e+00,1.710078610549249769e-05
3.100000000000002059e-02,9.798454845567272642e-01,-1.937774593219085684e-01,-1.218975587265762384e+00,-6.171351385026500935e+00,1.767081230900374806e-05
3.200000000000002148e-02,9.786071072664996873e-01,-1.999449314210791362e-01,-1.257770787332377793e+00,-6.163552095343715287e+00,1.824083851251449021e-05
3.300000000000002237e-02,9.773299596507676323e-01,-2.061044821287016104e-01,-1.296515981447769805e+00,-6.155508654788518719e+00,1.881086471602470719e-05
3.400000000000002326e-02,9.760140924856249844e-01,-2.122558674541064061e-01,-1.335209629669903197e+00,-6.147221385393712545e+00,1.938089091953438547e-05
3.500000000000002415e-02,9.746595580860668573e-01,-2.183988437335358801e-01,-1.373850194149170756e+00,-6.138690618948032807e+00,1.995091712304350470e-05
3.600000000000002504e-02,9.732664103038656256e-01,-2.245331676398933107e-01,-1.412436139190739626e+00,-6.129916696982316004e+00,2.052094332655205134e-05
3.700000000000002592e-02,9.718347045253853400e-01,-2.306585961924779715e-01,-1.450965931316803292e+00,-6.120899970755258934e+00,2.109096953006000844e-05
3.800000000000002681e-02,9.703644976693333035e-01,-2.367748867667056611e-01,-1.489438039328735641e+00,-6.111640801238771736e+00,2.166099573356735568e-05
3.900000000000002770e-02,9.688558481844499193e-01,-2.428817971038144397e-01,-1.527850934369146430e+00,-6.102139559102932154e+00,2.223102193707408289e-05
4.000000000000002859e-02,9.673088160471368102e-01,-2.489790853205551269e-01,-1.566203089983832841e+00,-6.092396624700529451e+00,2.280104814058016974e-05
4.100000000000002948e-02,9.657234627590222109e-01,-2.550665099188660911e-01,-1.604492982183626015e+00,-6.082412388051213981e+00,2.337107434408559930e-05
4.200000000000003036e-02,9.640998513444652973e-01,-2.611438297955320231e-01,-1.642719089506129881e+00,-6.072187248825238193e+00,2.394110054759035800e-05
4.300000000000003125e-02,9.624380463479986769e-01,-2.672108042518262505e-01,-1.680879893077348530e+00,-6.061721616326802398e+00,2.451112675109442892e-05
4.400000000000003214e-02,9.607381138317090397e-01,-2.732671930031361218e-01,-1.718973876673201007e+00,-6.051015909476997301e+00,2.508115295459779510e-05
4.500000000000003303e-02,9.590001213725566354e-01,-2.793127561885713761e-01,-1.756999526780919307e+00,-6.040070556796345969e+00,2.565117915810043961e-05
4.600000000000003392e-02,9.572241380596333560e-01,-2.853472543805544714e-01,-1.794955332660327585e+00,-6.028885996386952328e+00,2.622120536160234551e-05
4.700000000000003481e-02,9.554102344913593114e-01,-2.913704485943932609e-01,-1.832839786405000337e+00,-6.017462675914248216e+00,2.679123156510349925e-05
4.800000000000003569e-02,9.535584827726188983e-01,-2.973821002978348504e-01,-1.870651383003296253e+00,-6.005801052588346067e+00,2.736125776860388049e-05
4.900000000000003658e-02,9.516689565118352512e-01,-3.033819714206009155e-01,-1.908388620399265267e+00,-5.993901593144992823e+00,2.793128397210347568e-05
5.000000000000003747e-02,9.497417308179844087e-01,-3.093698243639036449e-01,-1.946049999553426391e+00,-5.981764773826133030e+00,2.850131017560226788e-05
5.100000000000003836e-02,9.477768822975481955e-01,-3.153454220099419780e-01,-1.983634024503412752e+00,-5.969391080360074930e+00,2.907133637910024016e-05
5.200000000000003925e-02,9.457744890514072633e-01,-3.213085277313779686e-01,-2.021139202424483639e+00,-5.956781007941265749e+00,2.964136258259737557e-05
5.300000000000004013e-02,9.437346306716728472e-01,-3.272589054007925546e-01,-2.058564043689897094e+00,-5.943935061209671744e+00,3.021138878609366056e-05
5.400000000000004102e-02,9.416573882384589034e-01,-3.331963194001207329e-01,-2.095907061931144177e+00,-5.930853754229773678e+00,3.078141498958907480e-05
5.500000000000004191e-02,9.395428443165936283e-01,-3.391205346300653067e-01,-2.133166774098040896e+00,-5.917537610469163489e+00,3.135144119308360473e-05
5.600000000000004280e-02,9.373910829522714705e-01,-3.450313165194891507e-01,-2.170341700518672923e+00,-5.903987162776760833e+00,3.192146739657723343e-05
5.700000000000004369e-02,9.352021896696445236e-01,-3.509284310347855484e-01,-2.207430364959195757e+00,-5.890202953360635263e+00,3.249149360006994733e-05
5.800000000000004458e-02,9.329762514673549667e-01,-3.568116446892259930e-01,-2.244431294683481237e+00,-5.876185533765443836e+00,3.306151980356172610e-05
5.900000000000004546e-02,9.307133568150074421e-01,-3.626807245522853940e-01,-2.281343020512613951e+00,-5.861935464849484134e+00,3.363154600705254942e-05
6.000000000000004635e-02,9.284135956495820352e-01,-3.685354382589440814e-01,-2.318164076884231317e+00,-5.847453316761361819e+00,3.420157221054241051e-05
6.100000000000004724e-02,9.260770593717884136e-01,-3.743755540189662723e-01,-2.354893001911705142e+00,-5.832739668916272713e+00,3.477159841403128226e-05
6.200000000000004813e-02,9.237038408423603464e-01,-3.802008406261546680e-01,-2.391528337443162844e+00,-5.817795109971904743e+00,3.534162461751915791e-05
6.300000000000004208e-02,9.212940343782914931e-01,-3.860110674675806819e-01,-2.428068629120346156e+00,-5.802620237803958858e+00,3.591165082100601712e-05
6.400000000000004297e-02,9.188477357490126840e-01,-3.918060045327901308e-01,-2.464512426437303727e+00,-5.787215659481288910e+00,3.648167702449184633e-05
6.500000000000004385e-02,9.163650421725099138e-01,-3.975854224229837808e-01,-2.500858282798916754e+00,-5.771581991240659626e+00,3.705170322797662522e-05
6.600000000000004474e-02,9.138460523113847156e-01,-4.033490923601723566e-01,-2.537104755579251414e+00,-5.755719858461134208e+00,3.762172943146033347e-05
6.700000000000004563e-02,9.112908662688556927e-01,-4.090967861963060725e-01,-2.573250406179741656e+00,-5.739629895638077350e+00,3.819175563494296428e-05
6.800000000000004652e-02,9.086995855847022074e-01,-4.148282764223776842e-01,-2.609293800087193027e+00,-5.723312746356788772e+00,3.876178183842449735e-05
6.900000000000004741e-02,9.060723132311498951e-01,-4.205433361774990608e-01,-2.645233506931610634e+00,-5.706769063265760167e+00,3.933180804190491232e-05
7.000000000000004829e-02,9.034091536086988894e-01,-4.262417392579508912e-01,-2.681068100543846366e+00,-5.689999508049559118e+00,3.990183424538419567e-05
7.100000000000004918e-02,9.007102125418939842e-01,-4.319232601262050220e-01,-2.716796159013060930e+00,-5.673004751401342638e+00,4.047186044886233382e-05
7.200000000000005007e-02,8.979755972750378401e-01,-4.375876739199191512e-01,-2.752416264744003804e+00,-5.655785472995000340e+00,4.104188665233930646e-05
7.300000000000005096e-02,8.952054164678467929e-01,-4.432347564609034896e-01,-2.787927004514102691e+00,-5.638342361456929908e+00,4.161191285581510003e-05
7.400000000000005185e-02,8.923997801910497074e-01,-4.488642842640589992e-01,-2.823326969530363328e+00,-5.620676114337440410e+00,4.218193905928969419e-05
7.500000000000005274e-02,8.895587999219298769e-01,-4.544760345462868778e-01,-2.858614755486077019e+00,-5.602787438081795912e+00,4.275196526276307541e-05
7.600000000000005362e-02,8.866825885398108564e-01,-4.600697852353688999e-01,-2.893788962617331872e+00,-5.584677048000889599e+00,4.332199146623523013e-05
7.700000000000005451e-02,8.837712603214850082e-01,-4.656453149788180590e-01,-2.928848195759327755e+00,-5.566345668241557298e+00,4.389201766970613801e-05
7.800000000000005540e-02,8.808249309365867585e-01,-4.712024031526997891e-01,-2.963791064402490516e+00,-5.547794031756526856e+00,4.446204387317578550e-05
7.900000000000005629e-02,8.778437174429090106e-01,-4.767408298704224889e-01,-2.998616182748384151e+00,-5.529022880274008678e+00,4.503207007664415229e-05
8.000000000000005718e-02,8.748277382816643799e-01,-4.822603759914976251e-01,-3.033322169765416909e+00,-5.510032964266926570e+00,4.560209628011122480e-05
8.100000000000005806e-02,8.717771132726904737e-01,-4.877608231302691388e-01,-3.067907649244343560e+00,-5.490825042921788857e+00,4.617212248357698950e-05
8.200000000000005895e-02,8.686919636095999930e-01,-4.932419536646110991e-01,-3.102371249853553614e+00,-5.471399884107208678e+00,4.674214868704142605e-05
8.300000000000005984e-02,8.655724118548754342e-01,-4.987035507445939375e-01,-3.136711605194152597e+00,-5.451758264342062787e+00,4.731217489050451412e-05
8.400000000000006073e-02,8.624185819349090565e-01,-5.041453983011188189e-01,-3.170927353854824826e+00,-5.431900968763303084e+00,4.788220109396624017e-05
8.500000000000006162e-02,8.592305991349876715e-01,-5.095672810545192055e-01,-3.205017139466483922e+00,-5.411828791093411972e+00,4.845222729742659063e-05
8.600000000000006251e-02,8.560085900942235870e-01,-5.149689845231302243e-01,-3.238979610756701266e+00,-5.391542533607509569e+00,4.902225350088555196e-05
8.700000000000006339e-02,8.527526828004304837e-01,-5.203502950318245057e-01,-3.272813421603914641e+00,-5.371043007100113620e+00,4.959227970434310382e-05
8.800000000000006428e-02,8.494630065849456679e-01,-5.257109997205150487e-01,-3.306517231091414377e+00,-5.350331030851550373e+00,5.016230590779922590e-05
8.900000000000006517e-02,8.461396921173983676e-01,-5.310508865526238909e-01,-3.340089703561103018e+00,-5.329407432594019944e+00,5.073233211125390463e-05
9.000000000000006606e-02,8.427828714004242938e-01,-5.363697443235169171e-01,-3.373529508667027166e+00,-5.308273048477318845e+00,5.130235831470712646e-05
9.100000000000006695e-02,8.393926777643268000e-01,-5.416673626689042509e-01,-3.406835321428680619e+00,-5.286928723034218791e+00,5.187238451815887107e-05
9.200000000000006783e-02,8.359692458616848620e-01,-5.469435320732056738e-01,-3.440005822284073034e+00,-5.265375309145508886e+00,5.244241072160912490e-05
9.300000000000006872e-02,8.325127116619083223e-01,-5.521980438778810729e-01,-3.473039697142565885e+00,-5.243613668004691419e+00,5.301243692505787440e-05
9.400000000000006961e-02,8.290232124457397322e-01,-5.574306902897253613e-01,-3.505935637437471719e+00,-5.221644669082349033e+00,5.358246312850509924e-05
9.500000000000007050e-02,8.255008867997049027e-01,-5.626412643891275378e-01,-3.538692340178413165e+00,-5.199469190090169057e+00,5.415248933195077909e-05
9.600000000000007139e-02,8.219458746105099411e-01,-5.678295601382938873e-01,-3.571308508003442572e+00,-5.177088116944638330e+00,5.472251553539490040e-05
9.700000000000007228e-02,8.183583170593869971e-01,-5.729953723894342099e-01,-3.603782849230916518e+00,-5.154502343730403169e+00,5.529254173883744962e-05
9.800000000000007316e-02,8.147383566163883817e-01,-5.781384968929117463e-01,-3.636114077911127840e+00,-5.131712772663300726e+00,5.586256794227841319e-05
9.900000000000007405e-02,8.110861370346286181e-01,-5.832587303053554662e-01,-3.668300913877686753e+00,-5.108720314053059042e+00,5.643259414571776401e-05
1.000000000000000749e-01,8.074018033444756437e-01,-5.883558701977354977e-01,-3.700342082798655063e+00,-5.085525886265672924e+00,5.700262034915549531e-05
1.010000000000000758e-01,8.036855018476908308e-01,-5.934297150634002538e-01,-3.732236316227427242e+00,-5.062130415685452967e+00,5.757264655259158675e-05
1.020000000000000767e-01,7.999373801115184923e-01,-5.984800643260757003e-01,-3.763982351653358371e+00,-5.038534836676749507e+00,5.814267275602602478e-05
1.030000000000000776e-01,7.961575869627246504e-01,-6.035067183478260988e-01,-3.795578932552135853e+00,-5.014740091545358602e+00,5.871269895945878907e-05
1.040000000000000785e-01,7.923462724815855118e-01,-6.085094784369758925e-01,-3.827024808435892655e+00,-4.990747130499602946e+00,5.928272516288986607e-05
1.050000000000000794e-01,7.885035879958260940e-01,-6.134881468559929552e-01,-3.858318734903061209e+00,-4.966556911611101022e+00,5.985275136631923546e-05
1.060000000000000803e-01,7.846296860745092250e-01,-6.184425268293319844e-01,-3.889459473687966184e+00,-4.942170400775212968e+00,6.042277756974688367e-05
1.070000000000000812e-01,7.807247205218748043e-01,-6.233724225512381478e-01,-3.920445792710150368e+00,-4.917588571671176467e+00,6.099280377317279717e-05
1.080000000000000820e-01,7.767888463711302149e-01,-6.282776391935112059e-01,-3.951276466123436748e+00,-4.892812405721929991e+00,6.156282997659694883e-05
1.090000000000000829e-01,7.728222198781915520e-01,-6.331579829132286674e-01,-3.981950274364722819e+00,-4.867842892053622528e+00,6.213285618001933189e-05
1.100000000000000838e-01,7.688249985153762234e-01,-6.380132608604289768e-01,-4.012466004202501324e+00,-4.842681027454815990e+00,6.270288238343993956e-05
1.110000000000000847e-01,7.647973409650472565e-01,-6.428432811857532903e-01,-4.042822448785114986e+00,-4.817327816335381208e+00,6.327290858685873120e-05
1.120000000000000856e-01,7.607394071132093094e-01,-6.476478530480458407e-01,-4.073018407688729248e+00,-4.791784270685086611e+00,6.384293479027570680e-05
1.130000000000000865e-01,7.566513580430571650e-01,-6.524267866219133349e-01,-4.103052686965036777e+00,-4.766051410031886704e+00,6.441296099369085281e-05
1.140000000000000874e-01,7.525333560284763745e-01,-6.571798931052420523e-01,-4.132924099188678646e+00,-4.740130261399907674e+00,6.498298719710414212e-05
1.150000000000000883e-01,7.483855645274967161e-01,-6.619069847266727535e-01,-4.162631463504389728e+00,-4.714021859267131909e+00,6.555301340051556118e-05
1.160000000000000892e-01,7.442081481756985806e-01,-6.666078747530334025e-01,-4.192173605673857217e+00,-4.687727245522788522e+00,6.612303960392509645e-05
1.170000000000000900e-01,7.400012727795728384e-01,-6.712823774967290325e-01,-4.221549358122300255e+00,-4.661247469424446344e+00,6.669306580733273435e-05
1.180000000000000909e-01,7.357651053098340777e-01,-6.759303083230884246e-01,-4.250757559984763567e+00,-4.634583587554813811e+00,6.726309201073844780e-05
1.190000000000000918e-01,7.314998138946877670e-01,-6.805514836576674886e-01,-4.279797057152120665e+00,-4.607736663778247532e+00,6.783311821414223679e-05
1.200000000000000927e-01,7.272055678130514567e-01,-6.851457209935090109e-01,-4.308666702316791053e+00,-4.580707769196971313e+00,6.840314441754407422e-05
1.210000000000000936e-01,7.228825374877305698e-01,-6.897128388983586600e-01,-4.337365355018163449e+00,-4.553497982107008291e+00,6.897317062094393298e-05
1.220000000000000945e-01,7.185308944785488983e-01,-6.942526570218366944e-01,-4.365891881687730347e+00,-4.526108387953826195e+00,6.954319682434181307e-05
1.230000000000000954e-01,7.141508114754340220e-01,-6.987649961025647061e-01,-4.394245155693922378e+00,-4.498540079287701943e+00,7.011322302773770093e-05
1.240000000000000963e-01,7.097424622914578762e-01,-7.032496779752483995e-01,-4.422424057386652230e+00,-4.470794155718800234e+00,7.068324923113156947e-05
1.250000000000000833e-01,7.053060218558334649e-01,-7.077065255777147401e-01,-4.450427474141555706e+00,-4.442871723871978595e+00,7.125327543452340514e-05
1.260000000000000842e-01,7.008416662068669423e-01,-7.121353629579040279e-01,-4.478254300403935240e+00,-4.414773897341311759e+00,7.182330163791319437e-05
1.270000000000000850e-01,6.963495724848661750e-01,-7.165360152808161187e-01,-4.505903437732401429e+00,-4.386501796644339812e+00,7.239332784130091006e-05
1.280000000000000859e-01,6.918299189250055603e-01,-7.209083088354110158e-01,-4.533373794842209925e+00,-4.358056549176047234e+00,7.296335404468655222e-05
1.290000000000000868e-01,6.872828848501479904e-01,-7.252520710414631644e-01,-4.560664287648296344e+00,-4.329439289162568372e+00,7.353338024807009373e-05
1.300000000000000877e-01,6.827086506636239616e-01,-7.295671304563693393e-01,-4.587773839308000312e+00,-4.300651157614622910e+00,7.410340645145152105e-05
1.310000000000000886e-01,6.781073978419674964e-01,-7.338533167819096814e-01,-4.614701380263483976e+00,-4.271693302280688442e+00,7.467343265483080707e-05
1.320000000000000895e-01,6.734793089276106537e-01,-7.381104608709623260e-01,-4.641445848283838771e+00,-4.242566877599905695e+00,7.524345885820795179e-05
1.330000000000000904e-01,6.688245675215354069e-01,-7.423383947341699596e-01,-4.668006188506882204e+00,-4.213273044654720856e+00,7.581348506158292811e-05
1.340000000000000913e-01,6.641433582758842213e-01,-7.465369515465595240e-01,-4.694381353480639341e+00,-4.183812971123268554e+00,7.638351126495573603e-05
1.350000000000000921e-01,6.594358668865294426e-01,-7.507059656541141823e-01,-4.720570303204511653e+00,-4.154187831231499928e+00,7.695353746832633488e-05
1.360000000000000930e-01,6.547022800856011626e-01,-7.548452725802967667e-01,-4.746572005170127007e+00,-4.124398805705048687e+00,7.752356367169472467e-05
1.370000000000000939e-01,6.499427856339747844e-01,-7.589547090325254874e-01,-4.772385434401871684e+00,-4.094447081720847592e+00,7.809358987506089184e-05
1.380000000000000948e-01,6.451575723137182861e-01,-7.630341129086009033e-01,-4.798009573497105329e+00,-4.064333852858492691e+00,7.866361607842480930e-05
1.390000000000000957e-01,6.403468299204991832e-01,-7.670833233030840415e-01,-4.823443412666049923e+00,-4.034060319051356203e+00,7.923364228178646348e-05
1.400000000000000966e-01,6.355107492559517457e-01,-7.711021805136257790e-01,-4.848685949771362580e+00,-4.003627686537455155e+00,7.980366848514584084e-05
1.410000000000000975e-01,6.306495221200049128e-01,-7.750905260472469305e-01,-4.873736190367376153e+00,-3.973037167810073544e+00,8.037369468850292782e-05
1.420000000000000984e-01,6.257633413031714609e-01,-7.790482026265682647e-01,-4.898593147739021880e+00,-3.942289981568142476e+00,8.094372089185769732e-05
1.430000000000000993e-01,6.208524005787977584e-01,-7.829750541959917820e-01,-4.923255842940419846e+00,-3.911387352666378714e+00,8.151374709521013579e-05
1.440000000000001001e-01,6.159168946952754409e-01,-7.868709259278311441e-01,-4.947723304833139935e+00,-3.880330512065186088e+00,8.208377329856022967e-05
1.450000000000001010e-01,6.109570193682150041e-01,-7.907356642283922543e-01,-4.971994570124138590e+00,-3.849120696780320205e+00,8.265379950190796540e-05
1.460000000000001019e-01,6.059729712725817619e-01,-7.945691167440034341e-01,-4.996068683403356303e+00,-3.817759149832319565e+00,8.322382570525332945e-05
1.470000000000001028e-01,6.009649480347939443e-01,-7.983711323669947513e-01,-5.019944697180987347e+00,-3.786247120195707083e+00,8.379385190859629470e-05
1.480000000000001037e-01,5.959331482247839373e-01,-8.021415612416266105e-01,-5.043621671924414684e+00,-3.754585862747959357e+00,8.436387811193684760e-05
1.490000000000001046e-01,5.908777713480232174e-01,-8.058802547699668306e-01,-5.067098676094806464e+00,-3.722776638218251222e+00,8.493390431527497459e-05
1.500000000000001055e-01,5.857990178375097612e-01,-8.095870656177170943e-01,-5.090374786183378575e+00,-3.690820713135975151e+00,8.550393051861066213e-05
1.510000000000001064e-01,5.806970890457204826e-01,-8.132618477199868856e-01,-5.113449086747314354e+00,-3.658719359779038172e+00,8.607395672194389667e-05
1.520000000000001072e-01,5.755721872365272551e-01,-8.169044562870162451e-01,-5.136320670445349457e+00,-3.626473856121939399e+00,8.664398292527465109e-05
1.530000000000001081e-01,5.704245155770777398e-01,-8.205147478098462344e-01,-5.158988638073012112e+00,-3.594085485783630407e+00,8.721400912860291185e-05
1.540000000000001090e-01,5.652542781296410190e-01,-8.240925800659373301e-01,-5.181452098597523204e+00,-3.561555537975157559e+00,8.778403533192866539e-05
1.550000000000001099e-01,5.600616798434189247e-01,-8.276378121247353059e-01,-5.203710169192351742e+00,-3.528885307447095165e+00,8.835406153525189816e-05
1.560000000000001108e-01,5.548469265463222833e-01,-8.311503043531841550e-01,-5.225761975271422166e+00,-3.496076094436765480e+00,8.892408773857258305e-05
1.570000000000001117e-01,5.496102249367135206e-01,-8.346299184211866118e-01,-5.247606650522983252e+00,-3.463129204615251311e+00,8.949411394189072007e-05
1.580000000000001126e-01,5.443517825751159611e-01,-8.380765173070111596e-01,-5.269243336943119971e+00,-3.430045949034202568e+00,9.006414014520628211e-05
1.590000000000001135e-01,5.390718078758888199e-01,-8.414899653026459703e-01,-5.290671184868925181e+00,-3.396827644072439423e+00,9.063416634851925561e-05
1.600000000000001144e-01,5.337705100988702211e-01,-8.448701280190992202e-01,-5.311889353011316039e+00,-3.363475611382353403e+00,9.120419255182961348e-05
1.610000000000001152e-01,5.284480993409867988e-01,-8.482168723916460040e-01,-5.332897008487501367e+00,-3.329991177836111316e+00,9.177421875513735571e-05
1.620000000000001161e-01,5.231047865278315445e-01,-8.515300666850209588e-01,-5.353693326853096401e+00,-3.296375675471660660e+00,9.234424495844245520e-05
1.630000000000001170e-01,5.177407834052092372e-01,-8.548095804985568202e-01,-5.374277492133885836e+00,-3.262630441438544082e+00,9.291427116174489839e-05
1.640000000000001179e-01,5.123563025306507868e-01,-8.580552847712692444e-01,-5.394648696857228032e+00,-3.228756817943517543e+00,9.348429736504467174e-05
1.650000000000001188e-01,5.069515572648960466e-01,-8.612670517868863396e-01,-5.414806142083109286e+00,-3.194756152195984633e+00,9.405432356834176168e-05
1.660000000000001197e-01,5.015267617633456521e-01,-8.644447551788242423e-01,-5.434749037434838392e+00,-3.160629796353238596e+00,9.462434977163614112e-05
1.670000000000001206e-01,4.960821309674826596e-01,-8.675882699351075145e-01,-5.454476601129382374e+00,-3.126379107465525387e+00,9.519437597492779650e-05
1.680000000000001215e-01,4.906178805962638223e-01,-8.706974724032342516e-01,-5.473988060007346057e+00,-3.092005447420919317e+00,9.576440217821671427e-05
1.690000000000001223e-01,4.851342271374811110e-01,-8.737722402949866796e-01,-5.493282649562591047e+00,-3.057510182890023742e+00,9.633442838150288088e-05
1.700000000000001232e-01,4.796313878390938146e-01,-8.768124526911856842e-01,-5.512359613971493211e+00,-3.022894685270490989e+00,9.690445458478628277e-05
1.710000000000001241e-01,4.741095807005314966e-01,-8.798179900463902747e-01,-5.531218206121836900e+00,-2.988160330631369987e+00,9.747448078806689284e-05
1.720000000000001250e-01,4.685690244639683644e-01,-8.827887341935407584e-01,-5.549857687641350346e+00,-2.953308499657280706e+00,9.804450699134469754e-05
1.730000000000001259e-01,4.630099386055692157e-01,-8.857245683485467369e-01,-5.568277328925873348e+00,-2.918340577592418050e+00,9.861453319461968331e-05
1.740000000000001268e-01,4.574325433267072416e-01,-8.886253771148182601e-01,-5.586476409167162593e+00,-2.883257954184389238e+00,9.918455939789183661e-05
1.750000000000001277e-01,4.518370595451545735e-01,-8.914910464877412455e-01,-5.604454216380331033e+00,-2.848062023627886408e+00,9.975458560116113032e-05
1.760000000000001286e-01,4.462237088862451850e-01,-8.943214638590963883e-01,-5.622210047430918678e+00,-2.812754184508194921e+00,1.003246118044275644e-04
1.770000000000001295e-01,4.405927136740112049e-01,-8.971165180214213386e-01,-5.639743208061597457e+00,-2.777335839744544010e+00,1.008946380076911119e-04
1.780000000000001303e-01,4.349442969222925282e-01,-8.998760991723162572e-01,-5.657053012918507484e+00,-2.741808396533298886e+00,1.014646642109517591e-04
1.790000000000001312e-01,4.292786823258202822e-01,-9.026000989186924173e-01,-5.674138785577225619e+00,-2.706173266290996082e+00,1.020346904142094925e-04
1.800000000000001321e-01,4.235960942512746463e-01,-9.052884102809640732e-01,-5.690999858568360104e+00,-2.670431864597228699e+00,1.026047166174642850e-04
1.810000000000001330e-01,4.178967577283171919e-01,-9.079409276971827092e-01,-5.707635573402778384e+00,-2.634585611137379768e+00,1.031747428207161231e-04
1.820000000000001339e-01,4.121808984405981313e-01,-9.105575470271142224e-01,-5.724045280596459229e+00,-2.598635929645209508e+00,1.037447690239649931e-04
1.830000000000001348e-01,4.064487427167388089e-01,-9.131381655562583743e-01,-5.740228339694976256e+00,-2.562584247845294261e+00,1.043147952272108816e-04
1.840000000000001357e-01,4.007005175212902670e-01,-9.156826819998108435e-01,-5.756184119297605761e+00,-2.526431997395326867e+00,1.048848214304537750e-04
1.850000000000001366e-01,3.949364504456674974e-01,-9.181909965065675472e-01,-5.771911997081059731e+00,-2.490180613828273160e+00,1.054548476336936462e-04
1.860000000000001374e-01,3.891567696990602121e-01,-9.206630106627708976e-01,-5.787411359822845824e+00,-2.453831536494392118e+00,1.060248738369304951e-04
1.870000000000001383e-01,3.833617040993207437e-01,-9.230986274958979942e-01,-5.802681603424251655e+00,-2.417386208503121914e+00,1.065949000401642948e-04
1.880000000000001392e-01,3.775514830638287411e-01,-9.254977514783905290e-01,-5.817722132932952483e+00,-2.380846076664830946e+00,1.071649262433950180e-04
1.890000000000001401e-01,3.717263366003337177e-01,-9.278602885313269599e-01,-5.832532362565240547e+00,-2.344212591432440096e+00,1.077349524466226648e-04
1.900000000000001410e-01,3.658864952977755047e-01,-9.301861460280352878e-01,-5.847111715727877801e+00,-2.307487206842916638e+00,1.083049786498472080e-04
1.910000000000001419e-01,3.600321903170829452e-01,-9.324752327976483235e-01,-5.861459625039572963e+00,-2.270671380458643362e+00,1.088750048530686478e-04
1.920000000000001428e-01,3.541636533819513821e-01,-9.347274591285994472e-01,-5.875575532352073083e+00,-2.233766573308663794e+00,1.094450310562869569e-04
1.930000000000001437e-01,3.482811167695992194e-01,-9.369427367720597477e-01,-5.889458888770882083e+00,-2.196774249829808401e+00,1.100150572595021083e-04
1.940000000000001446e-01,3.423848133015040540e-01,-9.391209789453166534e-01,-5.903109154675597381e+00,-2.159695877807702669e+00,1.105850834627141019e-04
1.950000000000001454e-01,3.364749763341184918e-01,-9.412621003350928328e-01,-5.916525799739863700e+00,-2.122532928317660605e+00,1.111551096659229107e-04
1.960000000000001463e-01,3.305518397495662564e-01,-9.433660171008065864e-01,-5.929708302950945864e+00,-2.085286875665462780e+00,1.117251358691285210e-04
1.970000000000001472e-01,3.246156379463190356e-01,-9.454326468777722869e-01,-5.942656152628922328e+00,-2.047959197328028669e+00,1.122951620723309195e-04
1.980000000000001481e-01,3.186666058298541770e-01,-9.474619087803423101e-01,-5.955368846445494135e+00,-2.010551373893976201e+00,1.128651882755300924e-04
1.990000000000001490e-01,3.127049788032937871e-01,-9.494537234049885699e-01,-5.967845891442410178e+00,-1.973064889004080946e+00,1.134352144787260263e-04
2.000000000000001499e-01,3.067309927580256779e-01,-9.514080128333248787e-01,-5.980086804049513205e+00,-1.935501229291629377e+00,1.140052406819186940e-04
2.010000000000001508e-01,3.007448840643063837e-01,-9.533247006350697994e-01,-5.992091110102395035e+00,-1.897861884322673554e+00,1.145752668851080820e-04
2.020000000000001517e-01,2.947468895618468032e-01,-9.552037118709495456e-01,-6.003858344859674290e+00,-1.860148346536186992e+00,1.151452930882941768e-04
2.030000000000001525e-01,2.887372465503805774e-01,-9.570449730955404855e-01,-6.015388053019885106e+00,-1.822362111184127054e+00,1.157153192914769647e-04
2.040000000000001534e-01,2.827161927802160357e-01,-9.588484123600526932e-01,-6.026679788737982157e+00,-1.784504676271403634e+00,1.162853454946564187e-04
2.050000000000001543e-01,2.766839664427716006e-01,-9.606139592150524376e-01,-6.037733115641458426e+00,-1.746577542495758140e+00,1.168553716978325253e-04
2.060000000000001552e-01,2.706408061610953153e-01,-9.623415447131251632e-01,-6.048547606846078395e+00,-1.708582213187554988e+00,1.174253979010052708e-04
2.070000000000001561e-01,2.645869509803689401e-01,-9.640311014114777421e-01,-6.059122844971225774e+00,-1.670520194249487833e+00,1.179954241041746417e-04
2.080000000000001570e-01,2.585226403583968380e-01,-9.656825633744808846e-01,-6.069458422154860422e+00,-1.632392994096204308e+00,1.185654503073406245e-04
2.090000000000001579e-01,2.524481141560799280e-01,-9.672958661761505983e-01,-6.079553940068092466e+00,-1.594202123593849274e+00,1.191354765105031920e-04
2.100000000000001588e-01,2.463636126278755945e-01,-9.688709469025696963e-01,-6.089409009929366512e+00,-1.555949095999532128e+00,1.197055027136623308e-04
2.110000000000001597e-01,2.402693764122433573e-01,-9.704077441542482418e-01,-6.099023252518259497e+00,-1.517635426900718620e+00,1.202755289168180272e-04
2.120000000000001605e-01,2.341656465220769423e-01,-9.719061980484238195e-01,-6.108396298188886853e+00,-1.479262634154550282e+00,1.208455551199702678e-04
2.130000000000001614e-01,2.280526643351232785e-01,-9.733662502213004108e-01,-6.117527786882925867e+00,-1.440832237827094131e+00,1.214155813231190389e-04
2.140000000000001623e-01,2.219306715843885336e-01,-9.747878438302274295e-01,-6.126417368142244690e+00,-1.402345760132525321e+00,1.219856075262643134e-04
2.150000000000001632e-01,2.157999103485317982e-01,-9.761709235558170272e-01,-6.135064701121146769e+00,-1.363804725372244508e+00,1.225556337294060778e-04
2.160000000000001641e-01,2.096606230422467243e-01,-9.775154356040010040e-01,-6.143469454598223578e+00,-1.325210659873933494e+00,1.231256599325443186e-04
2.170000000000001650e-01,2.035130524066313951e-01,-9.788213277080266561e-01,-6.151631306987820125e+00,-1.286565091930550686e+00,1.236956861356790086e-04
2.180000000000001659e-01,1.973574414995470649e-01,-9.800885491303913399e-01,-6.159549946351108751e+00,-1.247869551739269944e+00,1.242657123388101479e-04
2.190000000000001668e-01,1.911940336859659362e-01,-9.813170506647161950e-01,-6.167225070406772147e+00,-1.209125571340364358e+00,1.248357385419377092e-04
2.200000000000001676e-01,1.850230726283084159e-01,-9.825067846375588054e-01,-6.174656386541302666e+00,-1.170334684556037619e+00,1.254057647450616928e-04
2.210000000000001685e-01,1.788448022767704371e-01,-9.836577049101643544e-01,-6.181843611818903739e+00,-1.131498426929206769e+00,1.259757909481820713e-04
2.220000000000001694e-01,1.726594668596408699e-01,-9.847697668801558279e-01,-6.188786472991004928e+00,-1.092618335662236539e+00,1.265458171512988178e-04
2.230000000000001703e-01,1.664673108736097196e-01,-9.858429274831626010e-01,-6.195484706505388850e+00,-1.053695949555629952e+00,1.271158433544119322e-04
2.240000000000001712e-01,1.602685790740673577e-01,-9.868771451943882944e-01,-6.201938058514922858e+00,-1.014732808946676723e+00,1.276858695575213874e-04
2.250000000000001721e-01,1.540635164653952893e-01,-9.878723800301164593e-01,-6.208146284885904365e+00,-9.757304556480620450e-01,1.282558957606271834e-04
2.260000000000001730e-01,1.478523682912486481e-01,-9.888285935491555323e-01,-6.214109151206012704e+00,-9.366904328864378293e-01,1.288259219637292931e-04
2.270000000000001739e-01,1.416353800248310313e-01,-9.897457488542218407e-01,-6.219826432791872861e+00,-8.976142852409603190e-01,1.293959481668276895e-04
2.280000000000001747e-01,1.354127973591619793e-01,-9.906238105932616556e-01,-6.225297914696225732e+00,-8.585035585817949455e-01,1.299659743699223724e-04
2.290000000000001756e-01,1.291848661973373225e-01,-9.914627449607112952e-01,-6.230523391714711146e+00,-8.193598000085919875e-01,1.305360005730133149e-04
2.300000000000001765e-01,1.229518326427831848e-01,-9.922625196986956109e-01,-6.235502668392258308e+00,-7.801845577889351402e-01,1.311060267761004897e-04
2.310000000000001774e-01,1.167139429895035496e-01,-9.930231040981655211e-01,-6.240235559029086332e+00,-7.409793812967654381e-01,1.316760529791838970e-04
2.320000000000001783e-01,1.104714437123222176e-01,-9.937444689999734848e-01,-6.244721887686312201e+00,-7.017458209507833056e-01,1.322460791822635095e-04
2.330000000000001792e-01,1.042245814571192281e-01,-9.944265867958871352e-01,-6.248961488191171476e+00,-6.624854281528310684e-01,1.328161053853393273e-04
2.340000000000001801e-01,9.797360303106228407e-02,-9.950694314295419618e-01,-6.252954204141846439e+00,-6.231997552262582563e-01,1.333861315884113234e-04
2.350000000000001810e-01,9.171875539283357026e-02,-9.956729783973319314e-01,-6.256699888911905205e+00,-5.838903553542725833e-01,1.339561577914794976e-04
2.360000000000001819e-01,8.546028564285231000e-02,-9.962372047492382698e-01,-6.260198405654348264e+00,-5.445587825182786057e-01,1.345261839945438229e-04
2.370000000000001827e-01,7.919844101349346466e-02,-9.967620890895972918e-01,-6.263449627305267775e+00,-5.052065914362071641e-01,1.350962101976042721e-04
2.380000000000001836e-01,7.293346885930299117e-02,-9.972476115778055039e-01,-6.266453436587114290e+00,-4.658353375008374986e-01,1.356662364006608454e-04
2.390000000000001845e-01,6.666561664720999092e-02,-9.976937539289640888e-01,-6.269209726011576223e+00,-4.264465767181145894e-01,1.362362626037135155e-04
2.400000000000001854e-01,6.039513194673620800e-02,-9.981004994144609954e-01,-6.271718397882066753e+00,-3.870418656454647222e-01,1.368062888067622554e-04
2.410000000000001863e-01,5.412226242020322375e-02,-9.984678328624917443e-01,-6.273979364295825256e+00,-3.476227613301111630e-01,1.373763150098070650e-04
2.420000000000001872e-01,4.784725581293773622e-02,-9.987957406585181719e-01,-6.275992547145624378e+00,-3.081908212473926101e-01,1.379463412128479173e-04
2.430000000000001881e-01,4.157035994347534069e-02,-9.990842107456657795e-01,-6.277757878121090762e+00,-2.687476032390870295e-01,1.385163674158848123e-04
2.440000000000001890e-01,3.529182269376316544e-02,-9.993332326250594644e-01,-6.279275298709638520e+00,-2.292946654517432625e-01,1.390863936189177228e-04
2.450000000000001898e-01,2.901189199936179616e-02,-9.995427973560973012e-01,-6.280544760197011023e+00,-1.898335662750224584e-01,1.396564198219466218e-04
2.460000000000001907e-01,2.273081583964682920e-02,-9.997128975566629272e-01,-6.281566223667433668e+00,-1.503658642800526357e-01,1.402264460249715093e-04
2.470000000000001916e-01,1.644884222801046986e-02,-9.998435274032761999e-01,-6.282339660003384729e+00,-1.108931181577979402e-01,1.407964722279923581e-04
2.480000000000001925e-01,1.016621920206357138e-02,-9.999346826311821257e-01,-6.282865049884970077e+00,-7.141688665744558295e-02,1.413664984310091682e-04
2.490000000000001934e-01,3.883194813838461434e-03,-9.999863605343783934e-01,-6.283142383788915986e+00,-3.193872852481280389e-02,1.419365246340219126e-04
2.500000000000001665e-01,-2.399982880006997117e-03,-9.999985599655810686e-01,-6.283171661987173806e+00,7.539797559223918033e-03,1.425065508370305641e-04
2.510000000000001674e-01,-8.683065827983778989e-03,-9.999712813361290031e-01,-6.282952894545135614e+00,4.701713304027468204e-02,1.430765770400351227e-04
2.520000000000001683e-01,-1.496580599356408733e-02,-9.999045266158267387e-01,-6.282486101319465277e+00,8.649171955195480987e-02,1.436466032430355614e-04
2.530000000000001692e-01,-2.124795536497137496e-02,-9.997982993327253487e-01,-6.281771311955544945e+00,1.259619989773737292e-01,1.442166294460318801e-04
2.540000000000001701e-01,-2.752926596496762038e-02,-9.996526045728425514e-01,-6.280808565884530736e+00,1.654264135105917577e-01,1.447866556490240517e-04
2.550000000000001710e-01,-3.380948986063748302e-02,-9.994674489798209827e-01,-6.279597912320028286e+00,2.048834057180425328e-01,1.453566818520120492e-04
2.560000000000001719e-01,-4.008837917316891708e-02,-9.992428407545249636e-01,-6.278139410254380159e+00,2.443314185999182209e-01,1.459267080549958725e-04
2.570000000000001728e-01,-4.636568608762990651e-02,-9.989787896545762047e-01,-6.276433128454570465e+00,2.837688956515157512e-01,1.464967342579754945e-04
2.580000000000001736e-01,-5.264116286274087009e-02,-9.986753069938281158e-01,-6.274479145457743989e+00,3.231942809245409443e-01,1.470667604609509152e-04
2.590000000000001745e-01,-5.891456184064246260e-02,-9.983324056417786085e-01,-6.272277549566344312e+00,3.626060190883688694e-01,1.476367866639221075e-04
2.600000000000001754e-01,-6.518563545665824466e-02,-9.979501000229218377e-01,-6.269828438842862894e+00,4.020025554912574073e-01,1.482068128668890443e-04
2.610000000000001763e-01,-7.145413624905197492e-02,-9.975284061160387683e-01,-6.267131921104214243e+00,4.413823362215121282e-01,1.487768390698517257e-04
2.620000000000001772e-01,-7.771981686877904583e-02,-9.970673414534266810e-01,-6.264188113915720280e+00,4.807438081685998510e-01,1.493468652728101244e-04
2.630000000000001781e-01,-8.398243008923172992e-02,-9.965669251200672818e-01,-6.260997144584719010e+00,5.200854190842083558e-01,1.499168914757642405e-04
2.640000000000001790e-01,-9.024172881597783413e-02,-9.960271777527340831e-01,-6.257559150153790384e+00,5.594056176432506966e-01,1.504869176787140470e-04
2.650000000000001799e-01,-9.649746609649238749e-02,-9.954481215390386106e-01,-6.253874277393599357e+00,5.987028535048101174e-01,1.510569438816595166e-04
2.660000000000001807e-01,-1.027493951298820291e-01,-9.948297802164158821e-01,-6.249942682795360582e+00,6.379755773730252377e-01,1.516269700846006494e-04
2.670000000000001816e-01,-1.089972692766015966e-01,-9.941721790710489337e-01,-6.245764532562926519e+00,6.772222410579118446e-01,1.521969962875374183e-04
2.680000000000001825e-01,-1.152408420681626383e-01,-9.934753449367326184e-01,-6.241340002604490955e+00,7.164412975361189595e-01,1.527670224904697962e-04
2.690000000000001834e-01,-1.214798672168335009e-01,-9.927393061936763408e-01,-6.236669278523917725e+00,7.556312010116175149e-01,1.533370486933977831e-04
2.700000000000001843e-01,-1.277140986253304522e-01,-9.919640927672467301e-01,-6.231752555611693722e+00,7.947904069763187529e-01,1.539070748963213789e-04
2.710000000000001852e-01,-1.339432903964996591e-01,-9.911497361266492501e-01,-6.226590038835498220e+00,8.339173722706205716e-01,1.544771010992405296e-04
2.720000000000001861e-01,-1.401671968429895054e-01,-9.902962692835496350e-01,-6.221181942830404488e+00,8.730105551438784861e-01,1.550471273021552620e-04
2.730000000000001870e-01,-1.463855724969128913e-01,-9.894037267906344857e-01,-6.215528491888696827e+00,9.120684153148000961e-01,1.556171535050655222e-04
2.740000000000001878e-01,-1.525981721194992480e-01,-9.884721447401119132e-01,-6.209629919949319898e+00,9.510894140317602830e-01,1.561871797079713100e-04
2.750000000000001887e-01,-1.588047507107357148e-01,-9.875015607621516756e-01,-6.203486470586949686e+00,9.900720141330341395e-01,1.567572059108725984e-04
2.760000000000001896e-01,-1.650050635189973247e-01,-9.864920140232654733e-01,-6.197098397000691428e+00,1.029014680106946633e+00,1.573272321137693874e-04
2.770000000000001905e-01,-1.711988660506655324e-01,-9.854435452246262939e-01,-6.190465962002404510e+00,1.067915878151935782e+00,1.578972583166616498e-04
2.780000000000001914e-01,-1.773859140797350575e-01,-9.843561966003289143e-01,-6.183589438004656991e+00,1.106774076236527016e+00,1.584672845195493585e-04
2.790000000000001923e-01,-1.835659636574083764e-01,-9.832300119155894524e-01,-6.176469107008306203e+00,1.145587744159217491e+00,1.590373107224325136e-04
2.800000000000001932e-01,-1.897387711216776685e-01,-9.820650364648856323e-01,-6.169105260589708095e+00,1.184355353608266492e+00,1.596073369253111151e-04
2.810000000000001941e-01,-1.959040931068937175e-01,-9.808613170700370976e-01,-6.161498199887560645e+00,1.223075378221391452e+00,1.601773631281851087e-04
2.820000000000001950e-01,-2.020616865533215734e-01,-9.796189020782264389e-01,-6.153648235589372462e+00,1.261746293645365613e+00,1.607473893310544944e-04
2.830000000000001958e-01,-2.082113087166824195e-01,-9.783378413599598256e-01,-6.145555687917568122e+00,1.300366577595516215e+00,1.613174155339192723e-04
2.840000000000001967e-01,-2.143527171776813955e-01,-9.770181863069693495e-01,-6.137220886615223137e+00,1.338934709915120980e+00,1.618874417367794152e-04
2.850000000000001976e-01,-2.204856698515209601e-01,-9.756599898300550855e-01,-6.128644170931431212e+00,1.377449172634699570e+00,1.624574679396348961e-04
2.860000000000001985e-01,-2.266099249973994589e-01,-9.742633063568681973e-01,-6.119825889606308245e+00,1.415908450031199362e+00,1.630274941424857149e-04
2.870000000000001994e-01,-2.327252412279944560e-01,-9.728281918296350916e-01,-6.110766400855628611e+00,1.454311028687072183e+00,1.635975203453318445e-04
2.880000000000002003e-01,-2.388313775189305765e-01,-9.713547037028223974e-01,-6.101466072355100856e+00,1.492655397549239593e+00,1.641675465481732578e-04
2.890000000000002012e-01,-2.449280932182314463e-01,-9.698429009407432133e-01,-6.091925281224273903e+00,1.530940047987946251e+00,1.647375727510099548e-04
2.900000000000002021e-01,-2.510151480557553105e-01,-9.682928440151039595e-01,-6.082144414010087097e+00,1.569163473855496926e+00,1.653075989538419085e-04
2.910000000000002029e-01,-2.570923021526140828e-01,-9.667045949024936080e-01,-6.072123866670054326e+00,1.607324171544876057e+00,1.658776251566691188e-04
2.920000000000002038e-01,-2.631593160305753520e-01,-9.650782170818131833e-01,-6.061864044555089315e+00,1.645420640048248728e+00,1.664476513594915586e-04
2.930000000000002047e-01,-2.692159506214469311e-01,-9.634137755316478646e-01,-6.051365362391972091e+00,1.683451381015338422e+00,1.670176775623092007e-04
2.940000000000002056e-01,-2.752619672764440306e-01,-9.617113367275798019e-01,-6.040628244265452196e+00,1.721414898811681748e+00,1.675877037651220453e-04
2.950000000000002065e-01,-2.812971277755378918e-01,-9.599709686394435337e-01,-6.029653123600000164e+00,1.759309700576756175e+00,1.681577299679300652e-04
2.960000000000002074e-01,-2.873211943367864341e-01,-9.581927407285231180e-01,-6.018440443141195750e+00,1.797134296281980070e+00,1.687277561707332604e-04
2.970000000000002083e-01,-2.933339296256457507e-01,-9.563767239446909763e-01,-6.006990654936765317e+00,1.834887198788582863e+00,1.692977823735316038e-04
2.980000000000002092e-01,-2.993350967642627869e-01,-9.545229907234893396e-01,-5.995304220317262178e+00,1.872566923905340630e+00,1.698678085763250683e-04
2.990000000000002101e-01,-3.053244593407481999e-01,-9.526316149831539626e-01,-5.983381609876389895e+00,1.910171990446179580e+00,1.704378347791136539e-04
3.000000000000002109e-01,-3.113017814184296239e-01,-9.507026721215801057e-01,-5.971223303450979181e+00,1.947700920287640081e+00,1.710078609818973334e-04
3.010000000000002118e-01,-3.172668275450846176e-01,-9.487362390132312306e-01,-5.958829790100606871e+00,1.985152238426204141e+00,1.715778871846761070e-04
3.020000000000002127e-01,-3.232193627621530729e-01,-9.467323940059906295e-01,-5.946201568086866729e+00,2.022524473035480330e+00,1.721479133874499474e-04
3.030000000000002136e-01,-3.291591526139286961e-01,-9.446912169179555452e-01,-5.933339144852288527e+00,2.059816155523246373e+00,1.727179395902188276e-04
3.040000000000002145e-01,-3.350859631567292274e-01,-9.426127890341747806e-01,-5.920243036998909858e+00,2.097025820588345635e+00,1.732879657929827476e-04
3.050000000000002154e-01,-3.409995609680452344e-01,-9.404971931033289101e-01,-5.906913770266500663e+00,2.134152006277437064e+00,1.738579919957416802e-04
3.060000000000002163e-01,-3.468997131556667002e-01,-9.383445133343545352e-01,-5.893351879510438707e+00,2.171193254041596798e+00,1.744280181984955984e-04
3.070000000000002172e-01,-3.527861873667874071e-01,-9.361548353930112532e-01,-5.879557908679240441e+00,2.208148108792765907e+00,1.749980444012445022e-04
3.080000000000002180e-01,-3.586587517970867278e-01,-9.339282463983930027e-01,-5.865532410791747253e+00,2.245015118960046241e+00,1.755680706039883915e-04
3.090000000000002189e-01,-3.645171751997883791e-01,-9.316648349193825673e-01,-5.851275947913970654e+00,2.281792836545841752e+00,1.761380968067272122e-04
3.100000000000002198e-01,-3.703612268946959718e-01,-9.293646909710504556e-01,-5.836789091135588414e+00,2.318479817181839930e+00,1.767081230094609643e-04
3.110000000000002207e-01,-3.761906767772046911e-01,-9.270279060109973823e-01,-5.822072420546108518e+00,2.355074620184835155e+00,1.772781492121896477e-04
3.120000000000002216e-01,-3.820052953272890517e-01,-9.246545729356416832e-01,-5.807126525210684953e+00,2.391575808612391274e+00,1.778481754149132353e-04
3.130000000000002225e-01,-3.878048536184663386e-01,-9.222447860764504401e-01,-5.791952003145600436e+00,2.427981949318338994e+00,1.784182016176317001e-04
3.140000000000002234e-01,-3.935891233267354017e-01,-9.197986411961158737e-01,-5.776549461293406296e+00,2.464291613008107618e+00,1.789882278203450421e-04
3.150000000000002243e-01,-3.993578767394901918e-01,-9.173162354846758904e-01,-5.760919515497731958e+00,2.500503374293892023e+00,1.795582540230532341e-04
3.160000000000002252e-01,-4.051108867644083178e-01,-9.147976675555800075e-01,-5.745062790477751591e+00,2.536615811749646454e+00,1.801282802257562761e-04
3.170000000000002260e-01,-4.108479269383134569e-01,-9.122430374416998777e-01,-5.728979919802323018e+00,2.572627507965909111e+00,1.806983064284541139e-04
3.180000000000002269e-01,-4.165687714360122307e-01,-9.096524465912857460e-01,-5.712671545863790890e+00,2.608537049604453095e+00,1.812683326311467747e-04
3.190000000000002278e-01,-4.222731950791041577e-01,-9.070259978638676168e-01,-5.696138319851456799e+00,2.644343027452761952e+00,1.818383588338342042e-04
3.200000000000002287e-01,-4.279609733447654607e-01,-9.043637955261025763e-01,-5.679380901724721653e+00,2.680044036478325786e+00,1.824083850365164025e-04
3.210000000000002296e-01,-4.336318823745054507e-01,-9.016659452475676018e-01,-5.662399960185896752e+00,2.715638675882762865e+00,1.829784112391933694e-04
3.220000000000002305e-01,-4.392856989828957115e-01,-8.989325540964986372e-01,-5.645196172652687139e+00,2.751125549155754246e+00,1.835484374418650780e-04
3.230000000000002314e-01,-4.449222006662717499e-01,-8.961637305354753780e-01,-5.627770225230348089e+00,2.786503264128799895e+00,1.841184636445315011e-04
3.240000000000002323e-01,-4.505411656114063357e-01,-8.933595844170528766e-01,-5.610122812683518312e+00,2.821770433028787828e+00,1.846884898471926387e-04
3.250000000000002331e-01,-4.561423727041546972e-01,-8.905202269793391912e-01,-5.592254638407723633e+00,2.856925672531376303e+00,1.852585160498484637e-04
3.260000000000002340e-01,-4.617256015380710177e-01,-8.876457708415204095e-01,-5.574166414400564484e+00,2.891967603814188159e+00,1.858285422524989490e-04
3.270000000000002349e-01,-4.672906324229960107e-01,-8.847363299993318275e-01,-5.555858861232574775e+00,2.926894852609813302e+00,1.863985684551440947e-04
3.280000000000002358e-01,-4.728372463936151848e-01,-8.817920198204765025e-01,-5.537332708017766336e+00,2.961706049258619800e+00,1.869685946577838735e-04
3.290000000000002367e-01,-4.783652252179872999e-01,-8.788129570399915158e-01,-5.518588692383850969e+00,2.996399828761370010e+00,1.875386208604182855e-04
3.300000000000002376e-01,-4.838743514060432349e-01,-8.757992597555609438e-01,-5.499627560442146290e+00,3.030974830831640876e+00,1.881086470630473036e-04
3.310000000000002385e-01,-4.893644082180542698e-01,-8.727510474227773152e-01,-5.480450066757161842e+00,3.065429699948045261e+00,1.886786732656709007e-04
3.320000000000002394e-01,-4.948351796730700580e-01,-8.696684408503502217e-01,-5.461056974315877000e+00,3.099763085406254337e+00,1.892486994682890768e-04
3.330000000000002403e-01,-5.002864505573255682e-01,-8.665515621952634140e-01,-5.441449054496696469e+00,3.133973641370818797e+00,1.898187256709018048e-04
3.340000000000002411e-01,-5.057180064326166624e-01,-8.634005349578802724e-01,-5.421627087038102033e+00,3.168060026926784900e+00,1.903887518735090847e-04
3.350000000000002420e-01,-5.111296336446448096e-01,-8.602154839769973194e-01,-5.401591860006987211e+00,3.202020906131106681e+00,1.909587780761108893e-04
3.360000000000002429e-01,-5.165211193313290483e-01,-8.569965354248469946e-01,-5.381344169766684615e+00,3.235854948063849434e+00,1.915288042787071916e-04
3.370000000000002438e-01,-5.218922514310866401e-01,-8.537438168020486939e-01,-5.360884820944685103e+00,3.269560826879186255e+00,1.920988304812979916e-04
3.380000000000002447e-01,-5.272428186910808057e-01,-8.504574569325094036e-01,-5.340214626400051401e+00,3.303137221856183192e+00,1.926688566838832622e-04
3.390000000000002456e-01,-5.325726106754359312e-01,-8.471375859582737089e-01,-5.319334407190521752e+00,3.336582817449371685e+00,1.932388828864630033e-04
3.400000000000002465e-01,-5.378814177734196900e-01,-8.437843353343227326e-01,-5.298244992539317799e+00,3.369896303339106503e+00,1.938089090890371879e-04
3.410000000000002474e-01,-5.431690312075917459e-01,-8.403978378233234459e-01,-5.276947219801640721e+00,3.403076374481709188e+00,1.943789352916057889e-04
3.420000000000002482e-01,-5.484352430419188185e-01,-8.369782274903279085e-01,-5.255441934430872486e+00,3.436121731159392567e+00,1.949489614941688062e-04
3.430000000000002491e-01,-5.536798461898561063e-01,-8.335256396974221049e-01,-5.233729989944476024e+00,3.469031079029965881e+00,1.955189876967262127e-04
3.440000000000002500e-01,-5.589026344223937404e-01,-8.300402110983258197e-01,-5.211812247889596961e+00,3.501803129176320084e+00,1.960890138992780086e-04
3.450000000000002509e-01,-5.641034023760695959e-01,-8.265220796329429964e-01,-5.189689577808368703e+00,3.534436598155690223e+00,1.966590401018241665e-04
3.460000000000002518e-01,-5.692819455609464674e-01,-8.229713845218624702e-01,-5.167362857202920878e+00,3.566930208048690876e+00,1.972290663043646595e-04
3.470000000000002527e-01,-5.744380603685546038e-01,-8.193882662608107381e-01,-5.144832971500096441e+00,3.599282686508129991e+00,1.977990925068994876e-04
3.480000000000002536e-01,-5.795715440797988283e-01,-8.157728666150548813e-01,-5.122100814015876580e+00,3.631492766807590478e+00,1.983691187094286236e-04
3.490000000000002545e-01,-5.846821948728293528e-01,-8.121253286137579686e-01,-5.099167285919512516e+00,3.663559187889784852e+00,1.989391449119520675e-04
3.500000000000002554e-01,-5.897698118308772885e-01,-8.084457965442857219e-01,-5.076033296197368649e+00,3.695480694414678080e+00,1.995091711144697923e-04
3.510000000000002562e-01,-5.948341949500535186e-01,-8.047344159464653313e-01,-5.052699761616480600e+00,3.727256036807378603e+00,2.000791973169817708e-04
3.520000000000002571e-01,-5.998751451471109331e-01,-8.009913336067964185e-01,-5.029167606687823699e+00,3.758883971305793548e+00,2.006492235194880030e-04
3.530000000000002580e-01,-6.048924642671701379e-01,-7.972166975526144839e-01,-5.005437763629299930e+00,3.790363260008048130e+00,2.012192497219884618e-04
3.540000000000002589e-01,-6.098859550914074168e-01,-7.934106570462072794e-01,-4.981511172328437986e+00,3.821692670919669244e+00,2.017892759244831202e-04
3.550000000000002598e-01,-6.148554213447058325e-01,-7.895733625788835530e-01,-4.957388780304815334e+00,3.852870978000527469e+00,2.023593021269719781e-04
3.560000000000002607e-01,-6.198006677032681377e-01,-7.857049658649956081e-01,-4.933071542672197829e+00,3.883896961211540599e+00,2.029293283294550355e-04
3.570000000000002616e-01,-6.247214998021922705e-01,-7.818056198359150111e-01,-4.908560422100402221e+00,3.914769406561132481e+00,2.034993545319322382e-04
3.580000000000002625e-01,-6.296177242430078813e-01,-7.778754786339617810e-01,-4.883856388776881552e+00,3.945487106151449819e+00,2.040693807344035862e-04
3.590000000000002633e-01,-6.344891486011748905e-01,-7.739146976062878380e-01,-4.858960420368035216e+00,3.976048858224332960e+00,2.046394069368690795e-04
3.600000000000002642e-01,-6.393355814335427434e-01,-7.699234332987143770e-01,-4.833873501980244569e+00,4.006453467207038877e+00,2.052094331393286911e-04
3.610000000000002651e-01,-6.441568322857709195e-01,-7.659018434495236116e-01,-4.808596626120635875e+00,4.036699743757716341e+00,2.057794593417823937e-04
3.620000000000002660e-01,-6.489527116997100276e-01,-7.618500869832053324e-01,-4.783130792657576791e+00,4.066786504810632863e+00,2.063494855442301874e-04
3.630000000000002669e-01,-6.537230312207431560e-01,-7.577683240041582780e-01,-4.757477008780897521e+00,4.096712573621144493e+00,2.069195117466720451e-04
3.640000000000002678e-01,-6.584676034050871429e-01,-7.536567157903465430e-01,-4.731636288961849957e+00,4.126476779810419160e+00,2.074895379491079397e-04
3.650000000000002687e-01,-6.631862418270541015e-01,-7.495154247869116881e-01,-4.705609654912798590e+00,4.156077959409901545e+00,2.080595641515378712e-04
3.660000000000002696e-01,-6.678787610862720880e-01,-7.453446145997402184e-01,-4.679398135546647630e+00,4.185514954905522167e+00,2.086295903539618125e-04
3.670000000000002705e-01,-6.725449768148653584e-01,-7.411444499889872084e-01,-4.653002766936007006e+00,4.214786615281650661e+00,2.091996165563797636e-04
3.680000000000002713e-01,-6.771847056845936574e-01,-7.369150968625559628e-01,-4.626424592272096348e+00,4.243891796064787059e+00,2.097696427587916973e-04
3.690000000000002722e-01,-6.817977654139497634e-01,-7.326567222695339332e-01,-4.599664661823388734e+00,4.272829359366997259e+00,2.103396689611976137e-04
3.700000000000002731e-01,-6.863839747752165099e-01,-7.283694943935858923e-01,-4.572724032894000423e+00,4.301598173929080282e+00,2.109096951635974586e-04
3.710000000000002740e-01,-6.909431536014809527e-01,-7.240535825463033648e-01,-4.545603769781819459e+00,4.330197115163479715e+00,2.114797213659912591e-04
3.720000000000002749e-01,-6.954751227936076807e-01,-7.197091571605120919e-01,-4.518304943736386470e+00,4.358625065196922499e+00,2.120497475683789609e-04
3.730000000000002758e-01,-6.999797043271687169e-01,-7.153363897835360863e-01,-4.490828632916518792e+00,4.386880912912798358e+00,2.126197737707605641e-04
3.740000000000002767e-01,-7.044567212593320082e-01,-7.109354530704202757e-01,-4.463175922347684121e+00,4.414963553993267453e+00,2.131897999731360686e-04
3.750000000000002776e-01,-7.089059977357063946e-01,-7.065065207771102918e-01,-4.435347903879125475e+00,4.442871890961099801e+00,2.137598261755054203e-04
3.760000000000002784e-01,-7.133273589971437234e-01,-7.020497677535916248e-01,-4.407345676140740132e+00,4.470604833221248242e+00,2.143298523778686463e-04
3.770000000000002793e-01,-7.177206313864982201e-01,-6.975653699369863681e-01,-4.379170344499711653e+00,4.498161297102141631e+00,2.148998785802256923e-04
3.780000000000002802e-01,-7.220856423553416725e-01,-6.930535043446094390e-01,-4.350823021016896774e+00,4.525540205896713353e+00,2.154699047825765583e-04
3.790000000000002811e-01,-7.264222204706353159e-01,-6.885143490669834998e-01,-4.322304824402972478e+00,4.552740489903150944e+00,2.160399309849212444e-04
3.800000000000002820e-01,-7.307301954213576423e-01,-6.839480832608135774e-01,-4.293616879974341494e+00,4.579761086465370390e+00,2.166099571872596964e-04
3.810000000000002829e-01,-7.350093980250879122e-01,-6.793548871419210489e-01,-4.264760319608797090e+00,4.606600940013215961e+00,2.171799833895919412e-04
3.820000000000002838e-01,-7.392596602345452572e-01,-6.747349419781379920e-01,-4.235736281700953398e+00,4.633259002102376733e+00,2.177500095919179248e-04
3.830000000000002847e-01,-7.434808151440832624e-01,-6.700884300821612349e-01,-4.206545911117440362e+00,4.659734231454028652e+00,2.183200357942376472e-04
3.840000000000002855e-01,-7.476726969961393632e-01,-6.654155348043673257e-01,-4.177190359151862431e+00,4.686025593994192384e+00,2.188900619965511083e-04
3.850000000000002864e-01,-7.518351411876392776e-01,-6.607164405255879780e-01,-4.147670783479527223e+00,4.712132062892809614e+00,2.194600881988582539e-04
3.860000000000002873e-01,-7.559679842763558089e-01,-6.559913326498469921e-01,-4.117988348111945029e+00,4.738052618602538679e+00,2.200301144011591111e-04
3.870000000000002882e-01,-7.600710639872224617e-01,-6.512403975970579850e-01,-4.088144223351098283e+00,4.763786248897258879e+00,2.206001406034536257e-04
3.880000000000002891e-01,-7.641442192186007620e-01,-6.464638227956842620e-01,-4.058139585743485434e+00,4.789331948910296788e+00,2.211701668057417978e-04
3.890000000000002900e-01,-7.681872900485017253e-01,-6.416617966753600522e-01,-4.027975618033937444e+00,4.814688721172357688e+00,2.217401930080236002e-04
3.900000000000002909e-01,-7.722001177407611383e-01,-6.368345086594746629e-01,-3.997653509119215798e+00,4.839855575649175456e+00,2.223102192102990328e-04
3.910000000000002918e-01,-7.761825447511679910e-01,-6.319821491577185535e-01,-3.967174454001385797e+00,4.864831529778867569e+00,2.228802454125680687e-04
3.920000000000002927e-01,-7.801344147335466106e-01,-6.271049095585923272e-01,-3.936539653740972700e+00,4.889615608509001454e+00,2.234502716148307078e-04
3.930000000000002935e-01,-7.840555725457912795e-01,-6.222029822218789752e-01,-3.905750315409896700e+00,4.914206844333369517e+00,2.240202978170869230e-04
3.940000000000002944e-01,-7.879458642558543335e-01,-6.172765604710794829e-01,-3.874807652044196526e+00,4.938604277328466630e+00,2.245903240193366872e-04
3.950000000000002953e-01,-7.918051371476865219e-01,-6.123258385858119102e-01,-3.843712882596534985e+00,4.962806955189681624e+00,2.251603502215800004e-04
3.960000000000002962e-01,-7.956332397271295154e-01,-6.073510117941742781e-01,-3.812467231888495789e+00,4.986813933267182364e+00,2.257303764238168355e-04
3.970000000000002971e-01,-7.994300217277611198e-01,-6.023522762650724838e-01,-3.781071930562666772e+00,5.010624274601512163e+00,2.263004026260471654e-04
3.980000000000002980e-01,-8.031953341166923055e-01,-5.973298291005117999e-01,-3.749528215034516165e+00,5.034237049958886878e+00,2.268704288282709901e-04
3.990000000000002989e-01,-8.069290291003156090e-01,-5.922838683278539573e-01,-3.717837327444062367e+00,5.057651337866190033e+00,2.274404550304883095e-04
4.000000000000002998e-01,-8.106309601300059064e-01,-5.872145928920389224e-01,-3.686000515607338546e+00,5.080866224645668616e+00,2.280104812326990695e-04
4.010000000000003006e-01,-8.143009819077715594e-01,-5.821222026477724798e-01,-3.654019032967652958e+00,5.103880804449331343e+00,2.285805074349032701e-04
4.020000000000003015e-01,-8.179389503918577109e-01,-5.770068983516791761e-01,-3.621894138546648989e+00,5.126694179293039610e+00,2.291505336371009113e-04
4.030000000000003024e-01,-8.215447228022997317e-01,-5.718688816544217346e-01,-3.589627096895165792e+00,5.149305459090297354e+00,2.297205598392919660e-04
4.040000000000003033e-01,-8.251181576264278172e-01,-5.667083550927866087e-01,-3.557219178043902197e+00,5.171713761685738042e+00,2.302905860414764070e-04
4.050000000000003042e-01,-8.286591146243224015e-01,-5.615255220817362281e-01,-3.524671657453881668e+00,5.193918212888300801e+00,2.308606122436542344e-04
4.060000000000003051e-01,-8.321674548342190558e-01,-5.563205869064282716e-01,-3.491985815966728079e+00,5.215917946504106339e+00,2.314306384458254210e-04
4.070000000000003060e-01,-8.356430405778647597e-01,-5.510937547142019666e-01,-3.459162939754745203e+00,5.237712104369021127e+00,2.320006646479899398e-04
4.080000000000003069e-01,-8.390857354658232126e-01,-5.458452315065324134e-01,-3.426204320270808346e+00,5.259299836380914250e+00,2.325706908501477908e-04
4.090000000000003078e-01,-8.424954044027301858e-01,-5.405752241309526029e-01,-3.393111254198068139e+00,5.280680300531602533e+00,2.331407170522989468e-04
4.100000000000003086e-01,-8.458719135924989141e-01,-5.352839402729434592e-01,-3.359885043399465587e+00,5.301852662938487448e+00,2.337107432544434078e-04
4.110000000000003095e-01,-8.492151305434741948e-01,-5.299715884477926853e-01,-3.326526994867065490e+00,5.322816097875882058e+00,2.342807694565811468e-04
4.120000000000003104e-01,-8.525249240735363054e-01,-5.246383779924221891e-01,-3.293038420671204669e+00,5.343569787806017324e+00,2.348507956587121638e-04
4.130000000000003113e-01,-8.558011643151537395e-01,-5.192845190571850900e-01,-3.259420637909461682e+00,5.364112923409744660e+00,2.354208218608364045e-04
4.140000000000003122e-01,-8.590437227203849835e-01,-5.139102225976314164e-01,-3.225674968655444896e+00,5.384444703616916073e+00,2.359908480629538960e-04
4.150000000000003131e-01,-8.622524720658285569e-01,-5.085157003662444941e-01,-3.191802739907407815e+00,5.404564335636452554e+00,2.365608742650645842e-04
4.160000000000003140e-01,-8.654272864575223156e-01,-5.031011649041466915e-01,-3.157805283536684549e+00,5.424471034986095397e+00,2.371309004671684690e-04
4.170000000000003149e-01,-8.685680413357901308e-01,-4.976668295327759672e-01,-3.123683936235956082e+00,5.444164025521840422e+00,2.377009266692655504e-04
4.180000000000003157e-01,-8.716746134800379409e-01,-4.922129083455330512e-01,-3.089440039467342913e+00,5.463642539467048920e+00,2.382709528713557743e-04
4.190000000000003166e-01,-8.747468810134965134e-01,-4.867396161993995385e-01,-3.055074939410329371e+00,5.482905817441248608e+00,2.388409790734391676e-04
4.200000000000003175e-01,-8.777847234079132477e-01,-4.812471687065276171e-01,-3.020589986909520075e+00,5.501953108488605970e+00,2.394110052755156763e-04
4.210000000000003184e-01,-8.807880214881907976e-01,-4.757357822258012070e-01,-2.985986537422232523e+00,5.520783670106078844e+00,2.399810314775853003e-04
4.220000000000003193e-01,-8.837566574369736250e-01,-4.702056738543692882e-01,-2.951265950965922258e+00,5.539396768271252824e+00,2.405510576796480397e-04
4.230000000000003202e-01,-8.866905147991817060e-01,-4.646570614191514181e-01,-2.916429592065451715e+00,5.557791677469847258e+00,2.411210838817038401e-04
4.240000000000003211e-01,-8.895894784864915028e-01,-4.590901634683160482e-01,-2.881478829700194311e+00,5.575967680722902386e+00,2.416911100837527287e-04
4.250000000000003220e-01,-8.924534347817640878e-01,-4.535051992627317508e-01,-2.846415037250984881e+00,5.593924069613638750e+00,2.422611362857946514e-04
4.260000000000003229e-01,-8.952822713434199775e-01,-4.479023887673916904e-01,-2.811239592446910684e+00,5.611660144313993293e+00,2.428311624878296080e-04
4.270000000000003237e-01,-8.980758772097605647e-01,-4.422819526428118375e-01,-2.775953877311951423e+00,5.629175213610829509e+00,2.434011886898575987e-04
4.280000000000003246e-01,-9.008341428032364817e-01,-4.366441122364029814e-01,-2.740559278111466490e+00,5.646468594931818963e+00,2.439712148918785691e-04
4.290000000000003255e-01,-9.035569599346620073e-01,-4.309890895738172079e-01,-2.705057185298530786e+00,5.663539614370994180e+00,2.445412410938925464e-04
4.300000000000003264e-01,-9.062442218073759603e-01,-4.253171073502688415e-01,-2.669448993460124431e+00,5.680387606713976467e+00,2.451112672958995035e-04
4.310000000000003273e-01,-9.088958230213485256e-01,-4.196283889218304086e-01,-2.633736101263175922e+00,5.697011915462869780e+00,2.456812934978993591e-04
4.320000000000003282e-01,-9.115116595772343455e-01,-4.139231582967038969e-01,-2.597919911400459192e+00,5.713411892860828623e+00,2.462513196998921674e-04
4.330000000000003291e-01,-9.140916288803710987e-01,-4.082016401264674244e-01,-2.562001830536352109e+00,5.729586899916291998e+00,2.468213459018779284e-04
4.340000000000003300e-01,-9.166356297447241230e-01,-4.024640596972980933e-01,-2.525983269252451979e+00,5.745536306426886064e+00,2.473913721038565878e-04
4.350000000000003308e-01,-9.191435623967760815e-01,-3.967106429211709751e-01,-2.489865641993052936e+00,5.761259491002994615e+00,2.479613983058280915e-04
4.360000000000003317e-01,-9.216153284793625611e-01,-3.909416163270346689e-01,-2.453650367010489219e+00,5.776755841090998267e+00,2.485314245077924937e-04
4.370000000000003326e-01,-9.240508310554527149e-01,-3.851572070519637681e-01,-2.417338866310341672e+00,5.792024752996177028e+00,2.491014507097497402e-04
4.380000000000003335e-01,-9.264499746118750600e-01,-3.793576428322887883e-01,-2.380932565596513673e+00,5.807065631905277137e+00,2.496714769116998309e-04
4.390000000000003344e-01,-9.288126650629882075e-01,-3.735431519947035039e-01,-2.344432894216174734e+00,5.821877891908749270e+00,2.502415031136427117e-04
4.400000000000003353e-01,-9.311388097542965259e-01,-3.677139634473501895e-01,-2.307841285104577977e+00,5.836460956022641255e+00,2.508115293155784367e-04
4.410000000000003362e-01,-9.334283174660107374e-01,-3.618703066708833238e-01,-2.271159174729751040e+00,5.850814256210162156e+00,2.513815555175069518e-04
4.420000000000003371e-01,-9.356810984165527811e-01,-3.560124117095117557e-01,-2.234388003037059978e+00,5.864937233402903516e+00,2.519515817194282028e-04
4.430000000000003380e-01,-9.378970642660054979e-01,-3.501405091620197196e-01,-2.197529213393654146e+00,5.878829337521727538e+00,2.525216079213422437e-04
4.440000000000003388e-01,-9.400761281195066932e-01,-3.442548301727674787e-01,-2.160584252532788074e+00,5.892490027497312433e+00,2.530916341232490206e-04
4.450000000000003397e-01,-9.422182045305871334e-01,-3.383556064226713178e-01,-2.123554570498026983e+00,5.905918771290358471e+00,2.536616603251484791e-04
4.460000000000003406e-01,-9.443232095044530316e-01,-3.324430701201633864e-01,-2.086441620587333734e+00,5.919115045911459205e+00,2.542316865270406734e-04
4.470000000000003415e-01,-9.463910605012124666e-01,-3.265174539921322228e-01,-2.049246859297043422e+00,5.932078337440626292e+00,2.548017127289255493e-04
4.480000000000003424e-01,-9.484216764390456245e-01,-3.205789912748436277e-01,-2.011971746265724725e+00,5.944808141046475924e+00,2.553717389308031069e-04
4.490000000000003433e-01,-9.504149776973188635e-01,-3.146279157048426089e-01,-1.974617744217930015e+00,5.957303961005073312e+00,2.559417651326732920e-04
4.500000000000003442e-01,-9.523708861196427122e-01,-3.086644615098366740e-01,-1.937186318907837990e+00,5.969565310718436102e+00,2.565117913345361586e-04
4.510000000000003451e-01,-9.542893250168731356e-01,-3.026888633995607480e-01,-1.899678939062789951e+00,5.981591712732692301e+00,2.570818175363915985e-04
4.520000000000003459e-01,-9.561702191700564013e-01,-2.967013565566241073e-01,-1.862097076326721501e+00,5.993382698755897131e+00,2.576518437382396658e-04
4.530000000000003468e-01,-9.580134948333175471e-01,-2.907021766273397700e-01,-1.824442205203491429e+00,6.004937809675504390e+00,2.582218699400803063e-04
4.540000000000003477e-01,-9.598190797366916716e-01,-2.846915597125364017e-01,-1.786715803000110903e+00,6.016256595575494970e+00,2.587918961419135200e-04
4.550000000000003486e-01,-9.615869030888988256e-01,-2.786697423583534561e-01,-1.748919349769873843e+00,6.027338615753158990e+00,2.593619223437393069e-04
4.560000000000003495e-01,-9.633168955800616162e-01,-2.726369615470195518e-01,-1.711054328255391166e+00,6.038183438735532427e+00,2.599319485455576671e-04
4.570000000000003504e-01,-9.650089893843663003e-01,-2.665934546876146949e-01,-1.673122223831530864e+00,6.048790642295489128e+00,2.605019747473685462e-04
4.580000000000003513e-01,-9.666631181626662572e-01,-2.605394596068165147e-01,-1.635124524448265504e+00,6.059159813467486444e+00,2.610720009491719444e-04
4.590000000000003522e-01,-9.682792170650286190e-01,-2.544752145396309562e-01,-1.597062720573429351e+00,6.069290548562960019e+00,2.616420271509678074e-04
4.600000000000003531e-01,-9.698572227332233897e-01,-2.484009581201077621e-01,-1.558938305135387559e+00,6.079182453185376644e+00,2.622120533527561351e-04
4.610000000000003539e-01,-9.713970733031551674e-01,-2.423169293720410511e-01,-1.520752773465619656e+00,6.088835142244936272e+00,2.627820795545369277e-04
4.620000000000003548e-01,-9.728987084072376890e-01,-2.362233676996553788e-01,-1.482507623241217543e+00,6.098248239972924978e+00,2.633521057563101850e-04
4.630000000000003557e-01,-9.743620691767106434e-01,-2.301205128782776166e-01,-1.444204354427301995e+00,6.107421379935722427e+00,2.639221319580758529e-04
4.640000000000003566e-01,-9.757870982438987539e-01,-2.240086050449950350e-01,-1.405844469219359905e+00,6.116354205048455839e+00,2.644921581598339315e-04
4.650000000000003575e-01,-9.771737397444134610e-01,-2.178878846892998156e-01,-1.367429471985502021e+00,6.125046367588307561e+00,2.650621843615844206e-04
4.660000000000003584e-01,-9.785219393192965409e-01,-2.117585926437204891e-01,-1.328960869208645423e+00,6.133497529207471821e+00,2.656322105633272660e-04
4.670000000000003593e-01,-9.798316441171057711e-01,-2.056209700744406899e-01,-1.290440169428621831e+00,6.141707360945759753e+00,2.662022367650624679e-04
4.680000000000003602e-01,-9.811028027959433073e-01,-1.994752584719052535e-01,-1.251868883184213965e+00,6.149675543242857145e+00,2.667722629667900261e-04
4.690000000000003610e-01,-9.823353655254253303e-01,-1.933216996414144351e-01,-1.213248522955121977e+00,6.157401765950226036e+00,2.673422891685098865e-04
4.700000000000003619e-01,-9.835292839885938498e-01,-1.871605356937063314e-01,-1.174580603103861920e+00,6.164885728342659021e+00,2.679123153702221032e-04
4.710000000000003628e-01,-9.846845113837706664e-01,-1.809920090355278677e-01,-1.135866639817598500e+00,6.172127139129479190e+00,2.684823415719266222e-04
4.720000000000003637e-01,-9.858010024263528237e-01,-1.748163623601948491e-01,-1.097108151049914326e+00,6.179125716465390106e+00,2.690523677736233890e-04
4.730000000000003646e-01,-9.868787133505498854e-01,-1.686338386381413257e-01,-1.058306656462516093e+00,6.185881187960970529e+00,2.696223939753124039e-04
4.740000000000003655e-01,-9.879176019110627038e-01,-1.624446811074585773e-01,-1.019463677366882814e+00,6.192393290692817409e+00,2.701924201769936667e-04
4.750000000000003664e-01,-9.889176273847043452e-01,-1.562491332644241615e-01,-9.805807366658556568e-01,6.198661771213338945e+00,2.707624463786671774e-04
4.760000000000003673e-01,-9.898787505719620627e-01,-1.500474388540214143e-01,-9.416593587951713751e-01,6.204686385560187922e+00,2.713324725803328819e-04
4.770000000000003681e-01,-9.908009337985007603e-01,-1.438398418604495688e-01,-9.027010696649436783e-01,6.210466899265346008e+00,2.719024987819907801e-04
4.780000000000003690e-01,-9.916841409166082810e-01,-1.376265864976250752e-01,-8.637073966010917481e-01,6.216003087363852764e+00,2.724725249836408721e-04
4.790000000000003699e-01,-9.925283373065819648e-01,-1.314079171996742901e-01,-8.246798682867202412e-01,6.221294734402181170e+00,2.730425511852831578e-04
4.800000000000003708e-01,-9.933334898780562527e-01,-1.251840786114180593e-01,-7.856200147034513304e-01,6.226341634446256101e+00,2.736125773869175831e-04
4.810000000000003717e-01,-9.940995670712721166e-01,-1.189553155788483224e-01,-7.465293670727116693e-01,6.231143591089121081e+00,2.741826035885441479e-04
4.820000000000003726e-01,-9.948265388582874236e-01,-1.127218731395974033e-01,-7.074094577969760600e-01,6.235700417458247991e+00,2.747526297901627980e-04
4.830000000000003735e-01,-9.955143767441284597e-01,-1.064839965133999866e-01,-6.682618204009697083e-01,6.240011936222492395e+00,2.753226559917735876e-04
4.840000000000003744e-01,-9.961630537678828334e-01,-1.002419310925484752e-01,-6.290879894728312882e-01,6.244077979598694483e+00,2.758926821933764084e-04
4.850000000000003753e-01,-9.967725445037334264e-01,-9.399592243234181077e-02,-5.898895006052392587e-01,6.247898389357922078e+00,2.764627083949713145e-04
4.860000000000003761e-01,-9.973428250619337243e-01,-8.774621624152828536e-02,-5.506678903365027633e-01,6.251473016831358365e+00,2.770327345965582517e-04
4.870000000000003770e-01,-9.978738730897235287e-01,-8.149305837274262165e-02,-5.114246960916194462e-01,6.254801722915835249e+00,2.776027607981372200e-04
4.880000000000003779e-01,-9.983656677721866046e-01,-7.523669481293773775e-02,-4.721614561233026808e-01,6.257884378079010546e+00,2.781727869997082194e-04
4.890000000000003788e-01,-9.988181898330485975e-01,-6.897737167381143286e-02,-4.328797094529797107e-01,6.260720862364186345e+00,2.787428132012712500e-04
4.900000000000003797e-01,-9.992314215354163309e-01,-6.271533518222850712e-02,-3.935809958117629792e-01,6.263311065394773003e+00,2.793128394028262574e-04
4.910000000000003806e-01,-9.996053466824581513e-01,-5.645083167063859320e-02,-3.542668555813966447e-01,6.265654886378396071e+00,2.798828656043732418e-04
4.920000000000003815e-01,-9.999399506180246533e-01,-5.018410756748999807e-02,-3.149388297351804478e-01,6.267752234110646192e+00,2.804528918059121488e-04
4.930000000000003824e-01,-1.000235220227210897e+00,-4.391540938764002672e-02,-2.755984597788730395e-01,6.269603026978473714e+00,2.810229180074429785e-04
4.940000000000003832e-01,-1.000491143936859562e+00,-3.764498372276207927e-02,-2.362472876915766296e-01,6.271207192963224486e+00,2.815929442089657310e-04
4.950000000000003841e-01,-1.000707711716004145e+00,-3.137307723174987545e-02,-1.968868558666049817e-01,6.272564669643317714e+00,2.821629704104804061e-04
4.960000000000003850e-01,-1.000884915076253989e+00,-2.509993663111919487e-02,-1.575187070523372812e-01,6.273675404196570327e+00,2.827329966119869497e-04
4.970000000000003859e-01,-1.001022747072119801e+00,-1.882580868540747673e-02,-1.181443842930594013e-01,6.274539353402160735e+00,2.833030228134853618e-04
4.980000000000003868e-01,-1.001121202301279656e+00,-1.255094019757160839e-02,-7.876543086979483077e-02,6.275156483642239102e+00,2.838730490149756424e-04
4.990000000000003877e-01,-1.001180276904786615e+00,-6.275577999384305411e-03,-3.938339024112746251e-02,6.275526770903175233e+00,2.844430752164577372e-04
5.000000000000003331e-01,-1.001199968567216603e+00,3.105817057702520145e-08,1.940159819122100338e-07,6.275650200776452969e+00,2.850131014179317006e-04
5.010000000000003340e-01,-1.001180276516756562e+00,6.275640114503469071e-03,3.938377826538308479e-02,6.275526768459206650e+00,2.855831276193974240e-04
5.020000000000003348e-01,-1.001121201525234650e+00,1.255100230902484598e-02,7.876581887092620748e-02,6.275156478754399636e+00,2.861531538208549616e-04
5.030000000000003357e-01,-1.001022745908090705e+00,1.882587079075100436e-02,1.181447722556513980e-01,6.274539346070645784e+00,2.867231800223042594e-04
5.040000000000003366e-01,-1.000884913524287212e+00,2.509999872790947065e-02,1.575190949609763247e-01,6.273675394421672991e+00,2.872932062237453172e-04
5.050000000000003375e-01,-1.000707709776161414e+00,3.137313931754369400e-02,1.968872437058796776e-01,6.272564657425429679e+00,2.878632324251781350e-04
5.060000000000003384e-01,-1.000491141609217927e+00,3.764504579511668975e-02,2.362476754460784423e-01,6.271207178302834251e+00,2.884332586266026587e-04
5.070000000000003393e-01,-1.000235217511862729e+00,4.391547144411320214e-02,2.755988474331968474e-01,6.269603009876167476e+00,2.890032848280188883e-04
5.080000000000003402e-01,-9.999399475150777539e-01,5.018416960564014984e-02,3.149392172739252094e-01,6.267752214567107849e+00,2.895733110294268237e-04
5.090000000000003411e-01,-9.996053431920358667e-01,5.645089368802486823e-02,3.542672429891660091e-01,6.265654864394407220e+00,2.901433372308264108e-04
5.100000000000003419e-01,-9.992314176576573281e-01,6.271539717641087808e-02,3.935813830731659801e-01,6.263311040971213828e+00,2.907133634322176495e-04
5.110000000000003428e-01,-9.988181855681068644e-01,6.897743364235080221e-02,4.328800965526312106e-01,6.260720835502033843e+00,2.912833896336005399e-04
5.120000000000003437e-01,-9.983656631202316722e-01,7.523675675339604185e-02,4.721618430458241478e-01,6.257884348779339412e+00,2.918534158349750276e-04
5.130000000000003446e-01,-9.978738680509402492e-01,8.149312028268292096e-02,5.114250828216395650e-01,6.254801691179816991e+00,2.924234420363411129e-04
5.140000000000003455e-01,-9.973428196365222709e-01,8.774627811851484771e-02,5.506682768586580456e-01,6.251472982660262190e+00,2.929934682376987955e-04
5.150000000000003464e-01,-9.967725386919092934e-01,9.399598427394023625e-02,5.898898869041745430e-01,6.247898352753115780e+00,2.935634944390480756e-04
5.160000000000003473e-01,-9.961630475698769471e-01,1.002419928963257656e-01,6.290883755332005167e-01,6.244077940561641782e+00,2.941335206403888989e-04
5.170000000000003482e-01,-9.955143701601870676e-01,1.064840582769246563e-01,6.682622062074364822e-01,6.240011894754754707e+00,2.947035468417212654e-04
5.180000000000003491e-01,-9.948265318886720943e-01,1.127219348604395766e-01,7.074098433342144165e-01,6.235700373561483545e+00,2.952735730430451752e-04
5.190000000000003499e-01,-9.940995597162597397e-01,1.189553772545798582e-01,7.465297523254064149e-01,6.231143544765085807e+00,2.958435992443605739e-04
5.200000000000003508e-01,-9.933334821379389279e-01,1.251841402396125791e-01,7.856203996562989289e-01,6.226341585696802738e+00,2.964136254456674617e-04
5.210000000000003517e-01,-9.925283291816672238e-01,1.314079787779073583e-01,8.246802529244293689e-01,6.221294683229260158e+00,2.969836516469658385e-04
5.220000000000003526e-01,-9.916841324072189767e-01,1.376266480234742129e-01,8.637077809083837376e-01,6.216003033769510466e+00,2.975536778482556501e-04
5.230000000000003535e-01,-9.908009249049748446e-01,1.438399033314944342e-01,9.027014536265532962e-01,6.210466843251725599e+00,2.981237040495369507e-04
5.240000000000003544e-01,-9.898787412946529196e-01,1.500475002678438308e-01,9.416597423958474877e-01,6.204686327129530277e+00,2.986937302508096319e-04
5.250000000000003553e-01,-9.889176177239805687e-01,1.562491946186082559e-01,9.805811198903616743e-01,6.198661710367981748e+00,2.992637564520737479e-04
5.260000000000003562e-01,-9.879175918673079870e-01,1.624447423995908357e-01,1.019464060199997579e+00,6.192393227435193381e+00,2.998337826533292445e-04
5.270000000000003570e-01,-9.868787029241632425e-01,1.686338998658107324e-01,1.058307038889034102e+00,6.185881122293609202e+00,3.004038088545761217e-04
5.280000000000003579e-01,-9.858009916177484788e-01,1.748164235209929696e-01,1.097108533054646839e+00,6.179125648390918712e+00,3.009738350558143795e-04
5.290000000000003588e-01,-9.846845001933779429e-01,1.809920701270489318e-01,1.135867021385373654e+00,6.172127068650619997e+00,3.015438612570439636e-04
5.300000000000003597e-01,-9.835292724168572809e-01,1.871605967135473725e-01,1.174580984219525615e+00,6.164885655462230218e+00,3.021138874582648742e-04
5.310000000000003606e-01,-9.823353535728046593e-01,1.933217605871753175e-01,1.213248903603538542e+00,6.157401690671142624e+00,3.026839136594771111e-04
5.320000000000003615e-01,-9.811027904629133767e-01,1.994753193411888115e-01,1.251869263350266825e+00,6.149675465568129162e+00,3.032539398606806202e-04
5.330000000000003624e-01,-9.798316314041564112e-01,2.056210308648528107e-01,1.290440549097213729e+00,6.141707280878494046e+00,3.038239660618754557e-04
5.340000000000003633e-01,-9.785219262269326812e-01,2.117586533528702242e-01,1.328961248364699310e+00,6.133497446750869386e+00,3.043939922630615092e-04
5.350000000000003642e-01,-9.771737262731553519e-01,2.178879453147994638e-01,1.367429850613961717e+00,6.125046282745666204e+00,3.049640184642388348e-04
5.360000000000003650e-01,-9.757870843942814121e-01,2.240086655844602537e-01,1.405844847305190548e+00,6.116354117823168401e+00,3.055340446654073784e-04
5.370000000000003659e-01,-9.743620549492841842e-01,2.301205733293274769e-01,1.444204731955490706e+00,6.107421290331276786e+00,3.061040708665671399e-04
5.380000000000003668e-01,-9.728986938025673270e-01,2.362234280599124769e-01,1.482508000196774089e+00,6.098248147992904045e+00,3.066740970677181194e-04
5.390000000000003677e-01,-9.713970583218209942e-01,2.423169896391316469e-01,1.520753149833577123e+00,6.088835047893017105e+00,3.072441232688602627e-04
5.400000000000003686e-01,-9.698572073758204848e-01,2.484010182916618348e-01,1.558938680900802787e+00,6.079182356465332226e+00,3.078141494699935697e-04
5.410000000000003695e-01,-9.682792013321669389e-01,2.544752746132822874e-01,1.597063095721383608e+00,6.069290449478657479e+00,3.083841756711180404e-04
5.420000000000003704e-01,-9.666631020549707465e-01,2.605395195802028274e-01,1.635124898963865370e+00,6.059159712022887945e+00,3.089542018722336207e-04
5.430000000000003713e-01,-9.650089729024766694e-01,2.665935145583777088e-01,1.673122597699908232e+00,6.048790538494650093e+00,3.095242280733403106e-04
5.440000000000003721e-01,-9.633168787246325637e-01,2.726370213128050946e-01,1.711054701461704131e+00,6.038183332582602425e+00,3.100942542744381100e-04
5.450000000000003730e-01,-9.615868858605998160e-01,2.786698020168115741e-01,1.748919722299307589e+00,6.027338507252382627e+00,3.106642804755270189e-04
5.460000000000003739e-01,-9.598190621362070463e-01,2.846916192613213603e-01,1.786716174837877924e+00,6.016256484731209220e+00,3.112343066766069832e-04
5.470000000000003748e-01,-9.580134768613463025e-01,2.907022360641102754e-01,1.824442576334832200e+00,6.004937696492140375e+00,3.118043328776780028e-04
5.480000000000003757e-01,-9.561702008273122999e-01,2.967014158790433620e-01,1.862097446736905137e+00,5.993382583237979233e+00,3.123743590787400235e-04
5.490000000000003766e-01,-9.542893063040847057e-01,3.026889226052964510e-01,1.899679308737114880e+00,5.981591594884839047e+00,3.129443852797930453e-04
5.500000000000003775e-01,-9.523708670375532481e-01,3.086645205965612981e-01,1.937186687831632392e+00,5.969565190545357503e+00,3.135144114808370683e-04
5.510000000000003784e-01,-9.504149582466862034e-01,3.146279746702332902e-01,1.974618112376552492e+00,5.957303838511573524e+00,3.140844376818720924e-04
5.520000000000003793e-01,-9.484216566206422616e-01,3.205790501165823869e-01,2.011972113644564963e+00,5.944808016237450587e+00,3.146544638828981176e-04
5.530000000000003801e-01,-9.463910403158254381e-01,3.265175127079060213e-01,2.049247225881522638e+00,5.932078210321064304e+00,3.152244900839150897e-04
5.540000000000003810e-01,-9.443231889528839185e-01,3.324431287076641817e-01,2.086441986362904899e+00,5.919114916486441835e+00,3.157945162849229545e-04
5.550000000000003819e-01,-9.422181836136521715e-01,3.383556648795962296e-01,2.123554935450176817e+00,5.905918639565057582e+00,3.163645424859217663e-04
5.560000000000003828e-01,-9.400761068380365515e-01,3.442548884968189005e-01,2.160584616647036160e+00,5.892489893476992258e+00,3.169345686869114707e-04
5.570000000000003837e-01,-9.378970426208452782e-01,3.501405673509052074e-01,2.197529576655553818e+00,5.878829201211744682e+00,3.175045948878920678e-04
5.580000000000003846e-01,-9.356810764085620180e-01,3.560124697609443611e-01,2.234388365432199208e+00,5.864937094808705176e+00,3.180746210888635577e-04
5.590000000000003855e-01,-9.334282950960633984e-01,3.618703645825816495e-01,2.271159536243752886e+00,5.850814115337286125e+00,3.186446472898258860e-04
5.600000000000003864e-01,-9.311387870232810116e-01,3.677140212170383338e-01,2.307841645723101465e+00,5.836460812876717696e+00,3.192146734907790528e-04
5.610000000000003872e-01,-9.288126419718070181e-01,3.735432096201112273e-01,2.344433253924914418e+00,5.821877746495498052e+00,3.197846996917230039e-04
5.620000000000003881e-01,-9.264499511614451288e-01,3.793577003111516799e-01,2.380932924381201854e+00,5.807065484230508723e+00,3.203547258926577935e-04
5.630000000000003890e-01,-9.240508072467051859e-01,3.851572643820232456e-01,2.417339224156747957e+00,5.792024603065790700e+00,3.209247520935833674e-04
5.640000000000003899e-01,-9.216153043132429001e-01,3.909416735060380899e-01,2.453650723904420516e+00,5.776755688910985675e+00,3.214947782944997255e-04
5.650000000000003908e-01,-9.191435378742438544e-01,3.967106999468718032e-01,2.489865997920354790e+00,5.761259336579435342e+00,3.220648044954068138e-04
5.660000000000003917e-01,-9.166356048667529954e-01,4.024641165674557874e-01,2.525983624199009459e+00,5.745536149765949396e+00,3.226348306963046321e-04
5.670000000000003926e-01,-9.140916036479489470e-01,4.082016968388477163e-01,2.562002184488090251e+00,5.729586741024236929e+00,3.232048568971931804e-04
5.680000000000003935e-01,-9.115116339913629240e-01,4.139232148490788465e-01,2.597920264343342556e+00,5.713411731744002076e+00,3.237748830980724589e-04
5.690000000000003944e-01,-9.088957970830436883e-01,4.196284453119784597e-01,2.633736453183210369e+00,5.697011752127707496e+00,3.243449092989424132e-04
5.700000000000003952e-01,-9.062441955176675501e-01,4.253171635759749325e-01,2.669449344343357566e+00,5.680387441167002116e+00,3.249149354998030433e-04
5.710000000000003961e-01,-9.035569332945938559e-01,4.309891456328728276e-01,2.705057535131051072e+00,5.663539446618821138e+00,3.254849617006542952e-04
5.720000000000003970e-01,-9.008341158138661875e-01,4.366441681266062802e-01,2.740559626879405908e+00,5.646468424981146761e+00,3.260549879014962228e-04
5.730000000000003979e-01,-8.980758498721596039e-01,4.422820083619676823e-01,2.775954225001484588e+00,5.629175041468446494e+00,3.266250141023287722e-04
5.740000000000003988e-01,-8.952822436586735932e-01,4.479024443133117761e-01,2.811239939044255731e+00,5.611659969986773966e+00,3.271950403031519431e-04
5.750000000000003997e-01,-8.924534067509714008e-01,4.535052546332347112e-01,2.846415382742404354e+00,5.593923893108544654e+00,3.277650665039656816e-04
5.760000000000004006e-01,-8.895894501107652896e-01,4.590902186612275115e-01,2.881479174071995608e+00,5.575967502046982993e+00,3.283350927047699874e-04
5.770000000000004015e-01,-8.866904860796483989e-01,4.646571164323041181e-01,2.916429935303987087e+00,5.557791496630237305e+00,3.289051189055648607e-04
5.780000000000004023e-01,-8.837566283747734230e-01,4.702057286856031193e-01,2.951266293057590140e+00,5.539396585275173202e+00,3.294751451063502473e-04
5.790000000000004032e-01,-8.807879920844773336e-01,4.757358368729633913e-01,2.985986878353477536e+00,5.520783484960836596e+00,3.300451713071262012e-04
5.800000000000004041e-01,-8.777846936638535880e-01,4.812472231674726486e-01,3.020590326666833914e+00,5.501952921201593405e+00,3.306151975078926684e-04
5.810000000000004050e-01,-8.747468509302713802e-01,4.867396704719893497e-01,3.055075277980250803e+00,5.482905628019943300e+00,3.311852237086495947e-04
5.820000000000004059e-01,-8.716745830588413790e-01,4.922129624276371240e-01,3.089440376836459112e+00,5.463642347919012821e+00,3.317552499093970341e-04
5.830000000000004068e-01,-8.685680105778297300e-01,4.976668834222713889e-01,3.123684272390902628e+00,5.444163831854720748e+00,3.323252761101349326e-04
5.840000000000004077e-01,-8.654272553640188770e-01,5.031012185989182095e-01,3.157805618464145869e+00,5.424470839207623740e+00,3.328953023108632359e-04
5.850000000000004086e-01,-8.622524406380162043e-01,5.085157538641846831e-01,3.191803073594118079e+00,5.404564137754443109e+00,3.334653285115819982e-04
5.860000000000004095e-01,-8.590436909595110526e-01,5.139102758966407336e-01,3.225675301088188451e+00,5.384444503639267410e+00,3.340353547122911653e-04
5.870000000000004103e-01,-8.558011322224787776e-01,5.192845721551718752e-01,3.259420969075073060e+00,5.364112721344438839e+00,3.346053809129907373e-04
5.880000000000004112e-01,-8.525248916503339602e-01,5.246384308873027758e-01,3.293038750556570360e+00,5.343569583661119005e+00,3.351754071136806598e-04
5.890000000000004121e-01,-8.492150977910313259e-01,5.299716411374915115e-01,3.326527323459123053e+00,5.322815891659538501e+00,3.357454333143609329e-04
5.900000000000004130e-01,-8.458718805121153705e-01,5.352839927553931787e-01,3.359885370685205430e+00,5.301852454658928515e+00,3.363154595150315567e-04
5.910000000000004139e-01,-8.424953709957188064e-01,5.405752764040941960e-01,3.393111580164533070e+00,5.280680090197138910e+00,3.368854857156925310e-04
5.920000000000004148e-01,-8.390857017335096035e-01,5.458452835683150761e-01,3.426204644905094465e+00,5.259299623999940110e+00,3.374555119163438017e-04
5.930000000000004157e-01,-8.356430065215876279e-01,5.510938065625834437e-01,3.459163263044002345e+00,5.237711889950010580e+00,3.380255381169853688e-04
5.940000000000004166e-01,-8.321674204553297649e-01,5.563206385393748565e-01,3.491986137898160703e+00,5.215917730055614321e+00,3.385955643176172323e-04
5.950000000000004174e-01,-8.286590799241851935e-01,5.615255734972227630e-01,3.524671978014748408e+00,5.193917994418963069e+00,3.391655905182393380e-04
5.960000000000004183e-01,-8.251181226064197016e-01,5.667084062887964846e-01,3.557219497221517202e+00,5.171713541204270292e+00,3.397356167188516859e-04
5.970000000000004192e-01,-8.215446874638101527e-01,5.718689326289472241e-01,3.589627414676899164e+00,5.149305236605496106e+00,3.403056429194542759e-04
5.980000000000004201e-01,-8.179389147362888801e-01,5.770069491027214337e-01,3.621894454919926787e+00,5.126693954813778653e+00,3.408756691200470540e-04
5.990000000000004210e-01,-8.143009459365382341e-01,5.821222531733415417e-01,3.654019347919958971e+00,5.103880577984565292e+00,3.414456953206300742e-04
6.000000000000004219e-01,-8.106309238445352783e-01,5.872146431901538177e-01,3.686000829126212963e+00,5.080865996204430246e+00,3.420157215212032281e-04
6.010000000000004228e-01,-8.069289925020473042e-01,5.922839183965427079e-01,3.717837639517103554e+00,5.057651107457590278e+00,3.425857477217665700e-04
6.020000000000004237e-01,-8.031952972070782737e-01,5.973298789378115314e-01,3.749528525649380661e+00,5.034236817592115720e+00,3.431557739223200457e-04
6.030000000000004245e-01,-7.994299845082657452e-01,6.023523258690296478e-01,3.781072239707070182e+00,5.010624040285835967e+00,3.437258001228636552e-04
6.040000000000004254e-01,-7.956332021992293946e-01,6.073510611628446521e-01,3.812467539550212781e+00,4.986813697011944768e+00,3.442958263233973984e-04
6.050000000000004263e-01,-7.918050993128704640e-01,6.123258877172605974e-01,3.843713188763399735e+00,4.962806717004303536e+00,3.448658525239212212e-04
6.060000000000004272e-01,-7.879458261156232490e-01,6.172766093633812456e-01,3.874807956704103606e+00,4.938604037222445342e+00,3.454358787244351235e-04
6.070000000000004281e-01,-7.840555341016580693e-01,6.222030308731177906e-01,3.905750618550801967e+00,4.914206602316276928e+00,3.460059049249391053e-04
6.080000000000004290e-01,-7.801343759870362771e-01,6.271049579668619423e-01,3.936539955350892406e+00,4.889615364590487623e+00,3.465759311254331667e-04
6.090000000000004299e-01,-7.761825057038175268e-01,6.319821973211224853e-01,3.967174754068398368e+00,4.864831283968655384e+00,3.471459573259172535e-04
6.100000000000004308e-01,-7.722000783941194157e-01,6.368345565761260874e-01,3.997653807631461387e+00,4.839855327957064191e+00,3.477159835263913656e-04
6.110000000000004317e-01,-7.681872504041293848e-01,6.416618443433820262e-01,4.027975914979619709e+00,4.814688471608220333e+00,3.482860097268554488e-04
6.120000000000004325e-01,-7.641441792780702125e-01,6.464638702132097237e-01,4.058139881110870206e+00,4.789331697484080941e+00,3.488560359273095031e-04
6.130000000000004334e-01,-7.600710237521178803e-01,6.512404447622298642e-01,4.088144517128515787e+00,4.763785995618985858e+00,3.494260621277535286e-04
6.140000000000004343e-01,-7.559679437482730302e-01,6.559913795608182108e-01,4.117988640287787661e+00,4.738052363482301743e+00,3.499960883281875252e-04
6.150000000000004352e-01,-7.518351003681855715e-01,6.607164871805216722e-01,4.147671074042253991e+00,4.712131805940775742e+00,3.505661145286114388e-04
6.160000000000004361e-01,-7.476726558869336570e-01,6.654155812014367344e-01,4.177190648089996294e+00,4.686025335220600496e+00,3.511361407290252692e-04
6.170000000000004370e-01,-7.434807737467558075e-01,6.700884762195500333e-01,4.206546198419570004e+00,4.659733970869190500e+00,3.517061669294290166e-04
6.180000000000004379e-01,-7.392596185507377404e-01,6.747349878540400692e-01,4.235736567355733229e+00,4.633258739716675123e+00,3.522761931298226267e-04
6.190000000000004388e-01,-7.350093560564533446e-01,6.793549327545408412e-01,4.264760603604947242e+00,4.606600675837104752e+00,3.528462193302061537e-04
6.200000000000004396e-01,-7.307301531695603591e-01,6.839481286083658462e-01,4.293617162300649603e+00,4.579760820509373609e+00,3.534162455305794892e-04
6.210000000000004405e-01,-7.264221779373506438e-01,6.885143941476936646e-01,4.322305105048293683e+00,4.552740222177862783e+00,3.539862717309426874e-04
6.220000000000004414e-01,-7.220855995422561513e-01,6.930535491567135775e-01,4.350823299970152824e+00,4.525539936412799058e+00,3.545562979312956941e-04
6.230000000000004423e-01,-7.177205882953094918e-01,6.975654144787312161e-01,4.379170621749892689e+00,4.498161025870334839e+00,3.551263241316385093e-04
6.240000000000004432e-01,-7.133273156295603101e-01,7.020498120232345762e-01,4.407345951676904683e+00,4.470604560252351867e+00,3.556963503319711330e-04
6.250000000000004441e-01,-7.089059540934476988e-01,7.065065647729197318e-01,4.435348177690401350e+00,4.442871616265985146e+00,3.562663765322935110e-04
6.260000000000004450e-01,-7.044566773441284235e-01,7.109354967906754696e-01,4.463176194423268406e+00,4.414963277582873324e+00,3.568364027326056433e-04
6.270000000000004459e-01,-6.999796601407612950e-01,7.153364332265272907e-01,4.490828903245677850e+00,4.386880634798131950e+00,3.574064289329075298e-04
6.280000000000004468e-01,-6.954750783377481316e-01,7.197092003245404435e-01,4.518305212308456831e+00,4.358624785389057621e+00,3.579764551331991165e-04
6.290000000000004476e-01,-6.909431088779317554e-01,7.240536254296812135e-01,4.545604036586207819e+00,4.330196833673556789e+00,3.585464813334804032e-04
6.300000000000004485e-01,-6.863839297857504684e-01,7.283695369946368015e-01,4.572724297920185421e+00,4.301597890768306343e+00,3.591165075337513900e-04
6.310000000000004494e-01,-6.817977201603504511e-01,7.326567645865927902e-01,4.599664925060920950e+00,4.272829074546645067e+00,3.596865337340120769e-04
6.320000000000004503e-01,-6.771846601686548617e-01,7.369151388939687575e-01,4.626424853710596530e+00,4.243891509596195100e+00,3.602565599342624097e-04
6.330000000000004512e-01,-6.725449310383913026e-01,7.411444917331114768e-01,4.653003026565169620e+00,4.214786327176221370e+00,3.608265861345023883e-04
6.340000000000004521e-01,-6.678787150510772097e-01,7.453446560549447097e-01,4.679398393356239083e+00,4.185514665174722815e+00,3.613966123347319586e-04
6.350000000000004530e-01,-6.631861955349630522e-01,7.495154659515768092e-01,4.705609910892658121e+00,4.156077668065262465e+00,3.619666385349511748e-04
6.360000000000004539e-01,-6.584675568579347882e-01,7.536567566628642467e-01,4.731636543101891412e+00,4.126476486863535520e+00,3.625366647351599284e-04
6.370000000000004547e-01,-6.537229844203742424e-01,7.577683645829321746e-01,4.757477261071107577e+00,4.096712279083673636e+00,3.631066909353582737e-04
6.380000000000004556e-01,-6.489526646479794048e-01,7.618501272666506896e-01,4.783131043088016732e+00,4.066786208694294302e+00,3.636767171355462106e-04
6.390000000000004565e-01,-6.441567849845432070e-01,7.659018834360674655e-01,4.808596874681440703e+00,4.036699446074292652e+00,3.642467433357236850e-04
6.400000000000004574e-01,-6.393355338846925529e-01,7.699234729867955318e-01,4.833873748661624781e+00,4.006453167968373030e+00,3.648167695358906426e-04
6.410000000000004583e-01,-6.344891008065866034e-01,7.739147369943569776e-01,4.858960665160276804e+00,3.976048557442329656e+00,3.653867957360471376e-04
6.420000000000004592e-01,-6.296176762045754272e-01,7.778755177204815796e-01,4.883856631670346005e+00,3.945486803838074152e+00,3.659568219361931159e-04
6.430000000000004601e-01,-6.247214515218191266e-01,7.818056586193600221e-01,4.908560663085527409e+00,3.914769102728409500e+00,3.665268481363285775e-04
6.440000000000004610e-01,-6.198006191828674405e-01,7.857050043438525977e-01,4.933071781739498896e+00,3.883896655871555303e+00,3.670968743364535223e-04
6.450000000000004619e-01,-6.148553725862000441e-01,7.895734007516512776e-01,4.957389017444883805e+00,3.852870671165423477e+00,3.676669005365678961e-04
6.460000000000004627e-01,-6.098859060967285473e-01,7.934106949113968188e-01,4.981511407531941771e+00,3.821692362601649240e+00,3.682369267366716989e-04
6.470000000000004636e-01,-6.048924150382594123e-01,7.972167351087490195e-01,5.005437996886985097e+00,3.790362950219372529e+00,3.688069529367648766e-04
6.480000000000004645e-01,-5.998750956859186800e-01,8.009913708524113440e-01,5.029167837990514478e+00,3.758883660058780496e+00,3.693769791368474832e-04
6.490000000000004654e-01,-5.948341452585392819e-01,8.047344528801085861e-01,5.052699990955078491e+00,3.727255724114403534e+00,3.699470053369194648e-04
6.500000000000004663e-01,-5.897697619110098266e-01,8.084458331645174578e-01,5.076033523562855088e+00,3.695480380288172828e+00,3.705170315369808211e-04
6.510000000000004672e-01,-5.846821447265861948e-01,8.121253649191508828e-01,5.099167511302947986e+00,3.663558872342237205e+00,3.710870577370314980e-04
6.520000000000004681e-01,-5.795714937091664964e-01,8.157729026041942166e-01,5.122101037408400614e+00,3.631492449851544180e+00,3.716570839370714955e-04
6.530000000000004690e-01,-5.744380097755283909e-01,8.193883019322942829e-01,5.144833192892927620e+00,3.599282368156183853e+00,3.722271101371008137e-04
6.540000000000004698e-01,-5.692818947475303260e-01,8.229714198743007803e-01,5.167363076587357718e+00,3.566929888313497887e+00,3.727971363371194525e-04
6.550000000000004707e-01,-5.641033513442763603e-01,8.265221146649590622e-01,5.189689795175791431e+00,3.534436277049957109e+00,3.733671625371273576e-04
6.560000000000004716e-01,-5.589025831742446826e-01,8.300402458085555102e-01,5.211812463231465742e+00,3.501802806712808191e+00,3.739371887371245292e-04
6.570000000000004725e-01,-5.536797947273810472e-01,8.335256740845140566e-01,5.233730203252331847e+00,3.469030755221488516e+00,3.745072149371109129e-04
6.580000000000004734e-01,-5.484351913671560164e-01,8.369782615529435255e-01,5.255442145696338052e+00,3.436121406018816327e+00,3.750772411370865630e-04
6.590000000000004743e-01,-5.431689793225876750e-01,8.403978715601371219e-01,5.276947429016420443e+00,3.403076048021952182e+00,3.756472673370514254e-04
6.600000000000004752e-01,-5.378813656802291510e-01,8.437843687440217399e-01,5.298245199695197805e+00,3.369895975573138358e+00,3.762172935370054457e-04
6.610000000000004761e-01,-5.325725583761219406e-01,8.471376190395584205e-01,5.319334612279370766e+00,3.336582488390213097e+00,3.767873197369486782e-04
6.620000000000004770e-01,-5.272427661877143734e-01,8.504574896840931819e-01,5.340214829413819864e+00,3.303136891516905038e+00,3.773573459368810687e-04
6.630000000000004778e-01,-5.218921987257468809e-01,8.537438492226578912e-01,5.360885021875407830e+00,3.269560495272909595e+00,3.779273721368026171e-04
6.640000000000004787e-01,-5.165210664261029594e-01,8.569965675132211747e-01,5.381344368606478135e+00,3.235854615203744622e+00,3.784973983367132693e-04
6.650000000000004796e-01,-5.111295805416272708e-01,8.602155157318892575e-01,5.401592056748052428e+00,3.202020572030392920e+00,3.790674245366130795e-04
6.660000000000004805e-01,-5.057179531339102141e-01,8.634005663780559559e-01,5.421627281672724230e+00,3.168059691598729355e+00,3.796374507365019393e-04
6.670000000000004814e-01,-5.002863970650404113e-01,8.665515932795021525e-01,5.441449247017244417e+00,3.133973304828736151e+00,3.802074769363799028e-04
6.680000000000004823e-01,-4.948351259893241649e-01,8.696684715974446478e-01,5.461057164714803847e+00,3.099762747663506790e+00,3.807775031362469159e-04
6.690000000000004832e-01,-4.893643543449729405e-01,8.727510778315334949e-01,5.480450255027006001e+00,3.065429361018041643e+00,3.813475293361029785e-04
6.700000000000004841e-01,-4.838742973457592633e-01,8.757992898247983771e-01,5.499627746575530551e+00,3.030974490727836645e+00,3.819175555359480907e-04
6.710000000000004849e-01,-4.783651709726408074e-01,8.788129867685431362e-01,5.518588876373483387e+00,2.996399487497265923e+00,3.824875817357822525e-04
6.720000000000004858e-01,-4.728371919653535649e-01,8.817920492071887884e-01,5.537332889856440232e+00,2.961705706847761022e+00,3.830576079356054096e-04
6.730000000000004867e-01,-4.672905778139737620e-01,8.847363590430648017e-01,5.555859040913170510e+00,2.926894509065790295e+00,3.836276341354175078e-04
6.740000000000004876e-01,-4.617255467504497446e-01,8.876457995411477508e-01,5.574166591916047686e+00,2.891967259150634906e+00,3.841976603352186014e-04
6.750000000000004885e-01,-4.561423177401029982e-01,8.905202553337481230e-01,5.592254813751146969e+00,2.856925326761970307e+00,3.847676865350086362e-04
6.760000000000004894e-01,-4.505411104730997485e-01,8.933596124251443893e-01,5.610122985848019717e+00,2.821770086167249225e+00,3.853377127347876120e-04
6.770000000000004903e-01,-4.449221453558925843e-01,8.961637581961643395e-01,5.627770396209153425e+00,2.786502916188891454e+00,3.859077389345555290e-04
6.780000000000004912e-01,-4.392856435026329942e-01,8.989325814087134603e-01,5.645196341439108423e+00,2.751125200151280037e+00,3.864777651343123330e-04
6.790000000000004921e-01,-4.336318267265548698e-01,9.016659722102506880e-01,5.662400126773334819e+00,2.715638325827568256e+00,3.870477913340580238e-04
6.800000000000004929e-01,-4.279609175313293101e-01,9.043638221382100939e-01,5.679381066106664377e+00,2.680043685386297003e+00,3.876178175337926016e-04
6.810000000000004938e-01,-4.222731391023911707e-01,9.070260241243697230e-01,5.696138482021479099e+00,2.644342675337824744e+00,3.881878437335160121e-04
6.820000000000004947e-01,-4.165687152982374686e-01,9.096524724991665867e-01,5.712671705815556500e+00,2.608536696480573625e+00,3.887578699332282554e-04
6.830000000000004956e-01,-4.108478706416983095e-01,9.122430629959574766e-01,5.728980077529584491e+00,2.572627153847091730e+00,3.893278961329293313e-04
6.840000000000004965e-01,-4.051108303111803366e-01,9.147976927552263771e-01,5.745062945974349411e+00,2.536615456649934153e+00,3.898979223326191857e-04
6.850000000000004974e-01,-3.993578201318831455e-01,9.173162603287372541e-01,5.760919668757596313e+00,2.500503018227365537e+00,3.904679485322978187e-04
6.860000000000004983e-01,-3.935890665669889987e-01,9.197986656836323327e-01,5.776549612310556192e+00,2.464291255988884988e+00,3.910379747319652302e-04
6.870000000000004992e-01,-3.878047967088262826e-01,9.222448102064764175e-01,5.791952151914142810e+00,2.427981591360574676e+00,3.916080009316214201e-04
6.880000000000005000e-01,-3.820052382700068194e-01,9.246545967072457017e-01,5.807126671724818223e+00,2.391575449730276581e+00,3.921780271312663344e-04
6.890000000000005009e-01,-3.761906195745375880e-01,9.270279294232622869e-01,5.822072564800119032e+00,2.355074260392596042e+00,3.927480533308999730e-04
6.900000000000005018e-01,-3.703611695489069655e-01,9.293647140230731907e-01,5.836789233123854004e+00,2.318479456493737878e+00,3.933180795305223358e-04
6.910000000000005027e-01,-3.645171177131459883e-01,9.316648576102745105e-01,5.851276087630957967e+00,2.281792474976172436e+00,3.938881057301333688e-04
6.920000000000005036e-01,-3.586586941718649113e-01,9.339282687272796313e-01,5.865532548232014420e+00,2.245014756523139532e+00,3.944581319297330718e-04
6.930000000000005045e-01,-3.527861296052656193e-01,9.361548573590324773e-01,5.879558043837434411e+00,2.208147745502984094e+00,3.950281581293214449e-04
6.940000000000005054e-01,-3.468996552601296690e-01,9.383445349366646981e-01,5.893352012381299687e+00,2.171192889913335922e+00,3.955981843288984339e-04
6.950000000000005063e-01,-3.409995029407829059e-01,9.404972143410967877e-01,5.906913900844857679e+00,2.134151641325124693e+00,3.961682105284640388e-04
6.960000000000005071e-01,-3.350859050000365991e-01,9.426128099065835819e-01,5.920243165279684305e+00,2.097025454826440427e+00,3.967382367280182596e-04
6.970000000000005080e-01,-3.291590943301058725e-01,9.446912374242029120e-01,5.933339270830492396e+00,2.059815788966238959e+00,3.973082629275610962e-04
6.980000000000005089e-01,-3.232193043535050991e-01,9.467324141452886366e-01,5.946201691757604380e+00,2.022524105697891095e+00,3.978782891270924945e-04
6.990000000000005098e-01,-3.172667690139213681e-01,9.487362587848066076e-01,5.958829911459073259e+00,1.985151870322583001e+00,3.984483153266124545e-04
7.000000000000005107e-01,-3.113017227670657472e-01,9.507026915246741261e-01,5.971223422492461630e+00,1.947700551432566485e+00,3.990183415261209761e-04
7.010000000000005116e-01,-3.053244005715030074e-01,9.526316340170224439e-01,5.983381726596267214e+00,1.910171620854261620e+00,3.995883677256180052e-04
7.020000000000005125e-01,-2.993350378794601419e-01,9.545230093874027544e-01,5.995304334711006433e+00,1.872566553591214600e+00,4.001583939251035418e-04
7.030000000000005134e-01,-2.933338706276140129e-01,9.563767422379344518e-01,6.006990766999940945e+00,1.834886827766912143e+00,4.007284201245775858e-04
7.040000000000005143e-01,-2.873211352278583486e-01,9.581927586503964367e-01,6.018440552869457782e+00,1.797133924567455354e+00,4.012984463240400830e-04
7.050000000000005151e-01,-2.812970685580505337e-01,9.599709861892612439e-01,6.029653230989097779e+00,1.759309328184093912e+00,4.018684725234910335e-04
7.060000000000005160e-01,-2.752619079527386381e-01,9.617113539046711068e-01,6.040628349311227829e+00,1.721414525755624592e+00,4.024384987229304373e-04
7.070000000000005169e-01,-2.692158911938689059e-01,9.634137923353567334e-01,6.051365465090360551e+00,1.683451007310653891e+00,4.030085249223582943e-04
7.080000000000005178e-01,-2.631592565014740370e-01,9.650782335114984622e-01,6.061864144902118667e+00,1.645420265709728769e+00,4.035785511217745503e-04
7.090000000000005187e-01,-2.570922425243428178e-01,9.667046109575287982e-01,6.072123964661845008e+00,1.607323796587336817e+00,4.041485773211792054e-04
7.100000000000005196e-01,-2.510150883306712100e-01,9.682928596948774391e-01,6.082144509642854580e+00,1.569163098293777869e+00,4.047186035205722053e-04
7.110000000000005205e-01,-2.449280333986953995e-01,9.698429162446582374e-01,6.091925374494326917e+00,1.530939671836909488e+00,4.052886297199536042e-04
7.120000000000005214e-01,-2.388313176073071364e-01,9.713547186302970982e-01,6.101466163258840503e+00,1.492655020823769441e+00,4.058586559193233479e-04
7.130000000000005222e-01,-2.327251812266517006e-01,9.728282063801024782e-01,6.110766489389551026e+00,1.454310651402074495e+00,4.064286821186813823e-04
7.140000000000005231e-01,-2.266098649087089356e-01,9.742633205297762666e-01,6.119825975767002824e+00,1.415908072201601087e+00,4.069987083180277615e-04
7.150000000000005240e-01,-2.204856096778575469e-01,9.756600036248667118e-01,6.128644254715581496e+00,1.377448794275447863e+00,4.075687345173624313e-04
7.160000000000005249e-01,-2.143526569214232458e-01,9.770181997231622839e-01,6.137220968019606815e+00,1.338934331041182979e+00,4.081387607166853918e-04
7.170000000000005258e-01,-2.082112483802109060e-01,9.783378543970268071e-01,6.145555766939057918e+00,1.300366198221878378e+00,4.087087869159965886e-04
7.180000000000005267e-01,-2.020616261390211221e-01,9.796189147356753057e-01,6.153648312224934358e+00,1.261745913787032825e+00,4.092788131152960219e-04
7.190000000000005276e-01,-1.959040326171517243e-01,9.808613293473907868e-01,6.161498274134255659e+00,1.223074997893386584e+00,4.098488393145836915e-04
7.200000000000005285e-01,-1.897387105588844436e-01,9.820650483616818471e-01,6.169105332444692280e+00,1.184354972825629737e+00,4.104188655138595976e-04
7.210000000000005294e-01,-1.835659030239570055e-01,9.832300234313812171e-01,6.176469176468829758e+00,1.145587362937005915e+00,4.109888917131236858e-04
7.220000000000005302e-01,-1.773858533780213464e-01,9.843562077346841299e-01,6.183589505068065151e+00,1.106773694589814117e+00,4.115589179123759563e-04
7.230000000000005311e-01,-1.711988052830878959e-01,9.854435559771279607e-01,6.190466026666136656e+00,1.067915496095810601e+00,4.121289441116164089e-04
7.240000000000005320e-01,-1.650050026879566756e-01,9.864920243935116906e-01,6.197098459262282866e+00,1.029014297656513088e+00,4.126989703108449896e-04
7.250000000000005329e-01,-1.588046898186354083e-01,9.875015707497558637e-01,6.203486530444030755e+00,9.900716313034105820e-01,4.132689965100616982e-04
7.260000000000005338e-01,-1.525981111687449154e-01,9.884721543447022585e-01,6.209629977399615086e+00,9.510890308380790525e-01,4.138390227092665348e-04
7.270000000000005347e-01,-1.463855114899124399e-01,9.894037360118546065e-01,6.215528546930026543e+00,9.120680317722067443e-01,4.144090489084594452e-04
7.280000000000005356e-01,-1.401671357821529518e-01,9.902962781210582488e-01,6.221181995460684178e+00,8.730101712675311099e-01,4.149790751076404835e-04
7.290000000000005365e-01,-1.339432292842390737e-01,9.911497445801201733e-01,6.226590089052738364e+00,8.339169880756894804e-01,4.155491013068095415e-04
7.300000000000005373e-01,-1.277140374640598208e-01,9.919641008363688783e-01,6.231752603414000724e+00,7.947900224779855805e-01,4.161191275059666732e-04
7.310000000000005382e-01,-1.214798060089686688e-01,9.927393138781539506e-01,6.236669323909493023e+00,7.556308162250745530e-01,4.166891537051118245e-04
7.320000000000005391e-01,-1.152407808161211994e-01,9.934753522362850253e-01,6.241340045571631912e+00,7.164409124765690473e-01,4.172591799042449953e-04
7.330000000000005400e-01,-1.089972079828027962e-01,9.941721859854107946e-01,6.245764573110026419e+00,6.772218557405672579e-01,4.178292061033661857e-04
7.340000000000005409e-01,-1.027493337967466946e-01,9.948297867453369525e-01,6.249942720920907746e+00,6.379751918131073563e-01,4.183992323024753415e-04
7.350000000000005418e-01,-9.649740472644278977e-02,9.954481276822839675e-01,6.253874313096177140e+00,5.987024677175486476e-01,4.189692585015724626e-04
7.360000000000005427e-01,-9.024166741143760384e-02,9.960271835100840132e-01,6.257559183432078953e+00,5.594052316438833383e-01,4.195392847006575491e-04
7.370000000000005436e-01,-8.398236865262580231e-02,9.965669304913172821e-01,6.260997175437493567e+00,5.200850328879800255e-01,4.201093108997306009e-04
7.380000000000005445e-01,-7.771975540253350800e-02,9.970673464383875695e-01,6.264188142341851950e+00,4.807434217907619045e-01,4.206793370987915639e-04
7.390000000000005453e-01,-7.145407475559399646e-02,9.975284107145364620e-01,6.267131947102670075e+00,4.413819496773221940e-01,4.212493632978404380e-04
7.400000000000005462e-01,-6.518557393841598047e-02,9.979501042347976858e-01,6.269828462412706749e+00,4.020021687959783874e-01,4.218193894968771691e-04
7.410000000000005471e-01,-5.891450030004495575e-02,9.983324094668891702e-01,6.272277570706734195e+00,3.626056322572685509e-01,4.223894156959017571e-04
7.420000000000005480e-01,-5.264110130221796163e-02,9.986753104320451602e-01,6.274479164167934719e+00,3.231938939728913329e-01,4.229594418949142020e-04
7.430000000000005489e-01,-4.636562450961213139e-02,9.989787927057868222e-01,6.276433144733911895e+00,2.837685085945924612e-01,4.235294680939145039e-04
7.440000000000005498e-01,-4.008831758008742085e-02,9.992428434186314545e-01,6.278139424102318955e+00,2.443310314529998917e-01,4.240994942929026085e-04
7.450000000000005507e-01,-3.380942825492390391e-02,9.994674512567410796e-01,6.279597923736107035e+00,2.048830184964102186e-01,4.246695204918785158e-04
7.460000000000005516e-01,-2.752920434905401989e-02,9.996526064625091967e-01,6.280808574868387062e+00,1.654260262295284001e-01,4.252395466908422258e-04
7.470000000000005524e-01,-2.124789374129011990e-02,9.997983008350866951e-01,6.281771318506913282e+00,1.259616116521634077e-01,4.258095728897936844e-04
7.480000000000005533e-01,-1.496574436454776655e-02,9.999045277308462598e-01,6.282486105438175983e+00,8.649133219788229798e-02,4.263795990887328915e-04
7.490000000000005542e-01,-8.683004196065099295e-03,9.999712820637854938e-01,6.282952896231114082e+00,4.701674567262469767e-02,4.269496252876598470e-04
7.500000000000005551e-01,-2.399921247618691349e-03,9.999985603058685335e-01,6.283171661240442241e+00,7.539410193280624006e-03,4.275196514865745511e-04
7.510000000000005560e-01,3.883256444263728097e-03,9.999863604873062695e-01,6.283142380609591626e+00,-3.193911587376641742e-02,4.280896776854769496e-04
7.520000000000005569e-01,1.016628082809329855e-02,9.999346821967750598e-01,6.282865044273266086e+00,-7.141727397412830913e-02,4.286597038843670423e-04
7.530000000000005578e-01,1.644890384721242257e-02,9.998435265815740491e-01,6.282339651959611082e+00,-1.108935054269309384e-01,4.292297300832448293e-04
7.540000000000005587e-01,2.273087744958912290e-02,9.997128963477208696e-01,6.281566213191995374e+00,-1.503662514863600697e-01,4.297997562821102564e-04
7.550000000000005596e-01,2.901195359761300427e-02,9.995427957599858360e-01,6.280544747290408125e+00,-1.898339534032320863e-01,4.303697824809633236e-04
7.560000000000005604e-01,3.529188427789240606e-02,9.993332306418643007e-01,6.279275283372468763e+00,-2.292950524865869644e-01,4.309398086798040309e-04
7.570000000000005613e-01,4.157042151105237726e-02,9.990842083754879477e-01,6.277757860354045150e+00,-2.687479901653015424e-01,4.315098348786323241e-04
7.580000000000005622e-01,4.784731736153308157e-02,9.987957379014739123e-01,6.275992526949491612e+00,-3.081912080497199447e-01,4.320798610774482032e-04
7.590000000000005631e-01,5.412232394738821645e-02,9.984678297187126184e-01,6.273979341671489074e+00,-3.476231479932994084e-01,4.326498872762516682e-04
7.600000000000005640e-01,6.039519345008311640e-02,9.981004958840937746e-01,6.271718372830505928e+00,-3.870422521542685179e-01,4.332199134750426648e-04
7.610000000000005649e-01,6.666567812429211037e-02,9.976937500121707547e-01,6.269209698533865449e+00,-4.264469630572956804e-01,4.337899396738211931e-04
7.620000000000005658e-01,7.293353030769475498e-02,9.972476072747632481e-01,6.266453406684424188e+00,-4.658357236551654568e-01,4.343599658725872531e-04
7.630000000000005667e-01,7.919850243077050655e-02,9.967620844004986269e-01,6.263449594978863999e+00,-5.052069773904598327e-01,4.349299920713408448e-04
7.640000000000005675e-01,8.546034702659158211e-02,9.962371996742909186e-01,6.260198370905591503e+00,-5.445591682572428205e-01,4.355000182700819139e-04
7.650000000000005684e-01,9.171881674061344025e-02,9.956729729367587156e-01,6.256699851742251184e+00,-5.838907408627448392e-01,4.360700444688104605e-04
7.660000000000005693e-01,9.797366434046261841e-02,9.950694255835810242e-01,6.252954164552846805e+00,-6.232001404890451512e-01,4.366400706675264845e-04
7.670000000000005702e-01,1.042246427257214891e-01,9.944265805647917178e-01,6.248961446184472024e+00,-6.624858131547498585e-01,4.372100968662299319e-04
7.680000000000005711e-01,1.104715049377095609e-01,9.937444623840120395e-01,6.244721843263654648e+00,-7.017462056766625711e-01,4.377801230649208024e-04
7.690000000000005720e-01,1.167140041692609209e-01,9.930230970976217098e-01,6.240235512192307432e+00,-7.409797657314457497e-01,4.383501492635990962e-04
7.700000000000005729e-01,1.229518937744974172e-01,9.922625123138680836e-01,6.235502619143289849e+00,-7.801849419172696143e-01,4.389201754622648133e-04
7.710000000000005738e-01,1.291849272785972336e-01,9.914627371919140231e-01,6.230523340055579062e+00,-8.193601838154468409e-01,4.394902016609178994e-04
7.720000000000005747e-01,1.354128583875584269e-01,9.906238024408238196e-01,6.225297860629050994e+00,-8.585039420520500508e-01,4.400602278595583546e-04
7.730000000000005755e-01,1.416354409979571072e-01,9.897457403184874991e-01,6.219826376318870587e+00,-8.976146683595098708e-01,4.406302540581861246e-04
7.740000000000005764e-01,1.478524292066996371e-01,9.888285846304839533e-01,6.214109092329493045e+00,-9.366908156381908990e-01,4.412002802568012094e-04
7.750000000000005773e-01,1.540635773207688630e-01,9.878723707288820099e-01,6.208146223608271619e+00,-9.757308380179431362e-01,4.417703064554036091e-04
7.760000000000005782e-01,1.602686398669636580e-01,9.868771355109803300e-01,6.201937994838675472e+00,-1.014733190919626438e+00,4.423403326539933236e-04
7.770000000000005791e-01,1.664673716016314142e-01,9.858429174179855758e-01,6.195484640433119417e+00,-1.053696331116605434e+00,4.429103588525702987e-04
7.780000000000005800e-01,1.726595275203932633e-01,9.847697564336291842e-01,6.188786404525400187e+00,-1.092618716796212253e+00,4.434803850511345345e-04
7.790000000000005809e-01,1.788448628678615815e-01,9.836576940827226334e-01,6.181843540962744576e+00,-1.131498807621175162e+00,4.440504112496860309e-04
7.800000000000005818e-01,1.850231331473491669e-01,9.825067734296515365e-01,6.174656313297464116e+00,-1.170335064791009350e+00,4.446204374482247879e-04
7.810000000000005826e-01,1.911940941305700636e-01,9.813170390768078954e-01,6.167224994778222502e+00,-1.209125951103368957e+00,4.451904636467507513e-04
7.820000000000005835e-01,1.973575018673314196e-01,9.800885371629614040e-01,6.159549868340909562e+00,-1.247869931015356704e+00,4.457604898452639211e-04
7.830000000000005844e-01,2.035131126952158531e-01,9.788213153615694662e-01,6.151631226599127977e+00,-1.286565470704789105e+00,4.463305160437642432e-04
7.840000000000005853e-01,2.096606832492544092e-01,9.775154228790258193e-01,6.143469371834286541e+00,-1.325211038131413721e+00,4.469005422422517174e-04
7.850000000000005862e-01,2.157999704715891365e-01,9.761709104528480951e-01,6.135064615985306169e+00,-1.363805103098078009e+00,4.474705684407263438e-04
7.860000000000005871e-01,2.219307316211253100e-01,9.747878303498038743e-01,6.126417280637936003e+00,-1.402346137311845320e+00,4.480405946391881225e-04
7.870000000000005880e-01,2.280527242831728030e-01,9.733662363639761228e-01,6.117527697013676935e+00,-1.440832614445056281e+00,4.486106208376369991e-04
7.880000000000005889e-01,2.341657063790760773e-01,9.719061838147675658e-01,6.108396205958318781e+00,-1.479263010196333328e+00,4.491806470360729738e-04
7.890000000000005898e-01,2.402694361758326014e-01,9.704077295448436669e-01,6.099023157930084871e+00,-1.517635802351525287e+00,4.497506732344960464e-04
7.900000000000005906e-01,2.463636722956992486e-01,9.688709319180150992e-01,6.089408912987391176e+00,-1.555949470844588900e+00,4.503206994329061628e-04
7.910000000000005915e-01,2.524481737257860958e-01,9.672958508170591552e-01,6.079553840776212859e+00,-1.594202497818407727e+00,4.508907256313033772e-04
7.920000000000005924e-01,2.585226998276375920e-01,9.656825476414804266e-01,6.069458320517067129e+00,-1.632393367685541330e+00,4.514607518296875812e-04
7.930000000000005933e-01,2.645870103468004331e-01,9.640310853052108664e-01,6.059122740991600864e+00,-1.670520567188906069e+00,4.520307780280588290e-04
7.940000000000005942e-01,2.706408654223777521e-01,9.623415282342491217e-01,6.048547500528795418e+00,-1.708582585462383507e+00,4.526008042264170663e-04
7.950000000000005951e-01,2.766840255965694606e-01,9.606139423642391373e-01,6.037733006990782414e+00,-1.746577914091353101e+00,4.531708304247622932e-04
7.960000000000005960e-01,2.827162518241980727e-01,9.588483951379886960e-01,6.026679677758269627e+00,-1.784505047173148951e+00,4.537408566230945097e-04
7.970000000000005969e-01,2.887373054822199858e-01,9.570449555029268973e-01,6.015387939715584054e+00,-1.822362481377434840e+00,4.543108828214136616e-04
7.980000000000005977e-01,2.947469483792212186e-01,9.552036939085021272e-01,6.003858229235323307e+00,-1.860148716006498004e+00,4.548809090197197488e-04
7.990000000000005986e-01,3.007449427648981044e-01,9.533246823035188555e-01,5.992090992162623309e+00,-1.897862253055458082e+00,4.554509352180127714e-04
8.000000000000005995e-01,3.067310513395216098e-01,9.514079941334151469e-01,5.980086683799041403e+00,-1.935501597272387464e+00,4.560209614162926751e-04
8.010000000000006004e-01,3.127050372633856656e-01,9.494537043374793317e-01,5.967845768886049562e+00,-1.973065256218342833e+00,4.565909876145594600e-04
8.020000000000006013e-01,3.186666641662385113e-01,9.474618893460072799e-01,5.955368721588145675e+00,-2.010551740327303438e+00,4.571610138128131260e-04
8.030000000000006022e-01,3.246156961566973309e-01,9.454326270773996121e-01,5.942656025475577586e+00,-2.047959562966014335e+00,4.577310400110536190e-04
8.040000000000006031e-01,3.305518978316450140e-01,9.433659969351987362e-01,5.929708173506685220e+00,-2.085287240493732153e+00,4.583010662092809931e-04
8.050000000000006040e-01,3.364750342856093757e-01,9.412620798050668203e-01,5.916525668009858130e+00,-2.122533292321871379e+00,4.588710924074951400e-04
8.060000000000006048e-01,3.423848711201239459e-01,9.391209580517035915e-01,5.903109020665106677e+00,-2.159696240973546288e+00,4.594411186056961138e-04
8.070000000000006057e-01,3.482811744530702747e-01,9.369427155157051823e-01,5.889458752485254855e+00,-2.196774612143009620e+00,4.600111448038838604e-04
8.080000000000006066e-01,3.541637109280011964e-01,9.347274375103631350e-01,5.875575393796747647e+00,-2.233766934754982003e+00,4.605811710020583797e-04
8.090000000000006075e-01,3.600322477234446095e-01,9.324752108184042321e-01,5.861459484220077343e+00,-2.270671741023873036e+00,4.611511972002196717e-04
8.100000000000006084e-01,3.658865525621876058e-01,9.301861236886715956e-01,5.847111572649827949e+00,-2.307487566512886890e+00,4.617212233983676822e-04
8.110000000000006093e-01,3.717263937205405600e-01,9.278602658327459451e-01,5.832532217234339456e+00,-2.344212950193016454e+00,4.622912495965024113e-04
8.120000000000006102e-01,3.775515400375803465e-01,9.254977284215087918e-01,5.817721985354992853e+00,-2.380846434501915354e+00,4.628612757946238589e-04
8.130000000000006111e-01,3.833617609243729629e-01,9.230986040816460125e-01,5.802681453605113227e+00,-2.417386565402653620e+00,4.634313019927320250e-04
8.140000000000006120e-01,3.891568263731748356e-01,9.206629868920932491e-01,5.787411207768495380e+00,-2.453831892442348117e+00,4.640013281908268554e-04
8.150000000000006128e-01,3.949365069666123107e-01,9.181909723804226875e-01,5.771911842797552872e+00,-2.490180968810668638e+00,4.645713543889083501e-04
8.160000000000006137e-01,4.007005738868392175e-01,9.156826575191713280e-01,5.756183962791085129e+00,-2.526432351398216092e+00,4.651413805869764550e-04
8.170000000000006146e-01,4.064487989246719502e-01,9.131381407221107471e-01,5.740228180971670646e+00,-2.562584600854769690e+00,4.657114067850311699e-04
8.180000000000006155e-01,4.121809544887018451e-01,9.105575218404589055e-01,5.724045119662683589e+00,-2.598636281647404012e+00,4.662814329830724950e-04
8.190000000000006164e-01,4.178968136143842438e-01,9.079409021590338913e-01,5.707635410264934706e+00,-2.634585962118467073e+00,4.668514591811004301e-04
8.200000000000006173e-01,4.235961499731041302e-01,9.052883843923495988e-01,5.690999693232936529e+00,-2.670432214543422500e+00,4.674214853791149211e-04
8.210000000000006182e-01,4.292787378812178978e-01,9.026000726806541197e-01,5.674138618050795557e+00,-2.706173615188551818e+00,4.679915115771159681e-04
8.220000000000006191e-01,4.349443523090706365e-01,8.998760725859096254e-01,5.657052843207730497e+00,-2.741808744368514184e+00,4.685615377751035709e-04
8.230000000000006199e-01,4.405927688899888284e-01,8.971164910877156284e-01,5.639743036173218371e+00,-2.777336186503758686e+00,4.691315639730777296e-04
8.240000000000006208e-01,4.462237639292481184e-01,8.943214365791744003e-01,5.622209873371768474e+00,-2.812754530177791423e+00,4.697015901710383900e-04
8.250000000000006217e-01,4.518371144130154393e-01,8.914910188626993248e-01,5.604454040157324179e+00,-2.848062368194291150e+00,4.702716163689855521e-04
8.260000000000006226e-01,4.574325980172657125e-01,8.886253491457664078e-01,5.586476230787297048e+00,-2.883258297634072598e+00,4.708416425669191617e-04
8.270000000000006235e-01,4.630099931166719029e-01,8.857245400366083876e-01,5.568277148396232334e+00,-2.918340919911894815e+00,4.714116687648392187e-04
8.280000000000006244e-01,4.685690787934690960e-01,8.827887055398528915e-01,5.549857504969101463e+00,-2.953308840833110960e+00,4.719816949627457232e-04
8.290000000000006253e-01,4.741096348462912613e-01,8.798179610521031924e-01,5.531218021314231237e+00,-2.988160670650159112e+00,4.725517211606386752e-04
8.300000000000006262e-01,4.796314417989809287e-01,8.768124233574632331e-01,5.512359427035865345e+00,-3.022895024118890994e+00,4.731217473585180204e-04
8.310000000000006271e-01,4.851342809093712738e-01,8.737722106230058072e-01,5.493282460506358156e+00,-3.057510520554732825e+00,4.736917735563837589e-04
8.320000000000006279e-01,4.906179341780401715e-01,8.706974423941853392e-01,5.473987868838007920e+00,-3.092005783888683190e+00,4.742617997542358907e-04
8.330000000000006288e-01,4.960821843570358824e-01,8.675882395901940436e-01,5.454476407854521369e+00,-3.126379442723136837e+00,4.748318259520743615e-04
8.340000000000006297e-01,5.015268149585739854e-01,8.644447244992630175e-01,5.434748842062119500e+00,-3.160630130387539261e+00,4.754018521498991714e-04
8.350000000000006306e-01,5.069516102637054988e-01,8.612670207739071548e-01,5.414805944620279199e+00,-3.194756484993864110e+00,4.759718783477103203e-04
8.360000000000006315e-01,5.123563553309551377e-01,8.580552534261151054e-01,5.394648497312114266e+00,-3.228757149491915168e+00,4.765419045455078083e-04
8.370000000000006324e-01,5.177408360049301494e-01,8.548095488224837224e-01,5.374277290514398508e+00,-3.262630771724448042e+00,4.771119307432915811e-04
8.380000000000006333e-01,5.231048389248986741e-01,8.515300346792978869e-01,5.353693123167225565e+00,-3.296376004482110655e+00,4.776819569410616388e-04
8.390000000000006342e-01,5.284481515333377954e-01,8.482168400575549327e-01,5.332896802743317011e+00,-3.329991505558196341e+00,4.782519831388179813e-04
8.400000000000006350e-01,5.337705620844507282e-01,8.448700953579348916e-01,5.311889145216969865e+00,-3.363475937803214855e+00,4.788220093365605544e-04
8.410000000000006359e-01,5.390718596526528072e-01,8.414899323157160049e-01,5.290670975032647938e+00,-3.396827969179269768e+00,4.793920355342893582e-04
8.420000000000006368e-01,5.443518341410256145e-01,8.380764839956360568e-01,5.269243125073222345e+00,-3.430046272814246233e+00,4.799620617320043926e-04
8.430000000000006377e-01,5.496102762897394634e-01,8.346298847866994164e-01,5.247606436627854976e+00,-3.463129527055805568e+00,4.805320879297056034e-04
8.440000000000006386e-01,5.548469776844434653e-01,8.311502703969306793e-01,5.225761759359532910e+00,-3.496076415525180892e+00,4.811021141273929907e-04
8.450000000000006395e-01,5.600617307646229559e-01,8.276377778480740188e-01,5.203709951272248446e+00,-3.528885627170775585e+00,4.816721403250665543e-04
8.460000000000006404e-01,5.652543288319239467e-01,8.240925454702392461e-01,5.181451878677831857e+00,-3.561555856321561464e+00,4.822421665227262402e-04
8.470000000000006413e-01,5.704245660584442712e-01,8.205147128964948022e-01,5.158988416162435975e+00,-3.594085802740270452e+00,4.828121927203720483e-04
8.480000000000006422e-01,5.755722374949909792e-01,8.169044210574075704e-01,5.136320446552669949e+00,-3.626474171676383751e+00,4.833822189180039786e-04
8.490000000000006430e-01,5.806971390793036480e-01,8.132618121755293972e-01,5.113448860881391056e+00,-3.658719673918910065e+00,4.839522451156220311e-04
8.500000000000006439e-01,5.857990676442436095e-01,8.095870297598314336e-01,5.090374558353146561e+00,-3.690821025848954218e+00,4.845222713132261516e-04
8.510000000000006448e-01,5.908778209259479830e-01,8.058802186000860734e-01,5.067098446309278081e+00,-3.722776949492073495e+00,4.850922975108163402e-04
8.520000000000006457e-01,5.959331975719488472e-01,8.021415247611959343e-01,5.043621440192676886e+00,-3.754586172570417713e+00,4.856623237083925967e-04
8.530000000000006466e-01,6.009649971492572185e-01,7.983710955774717677e-01,5.019944463512204358e+00,-3.786247428554651684e+00,4.862323499059548670e-04
8.540000000000006475e-01,6.059730201524111681e-01,7.945690796468576345e-01,4.996068447806767843e+00,-3.817759456715658750e+00,4.868023761035031511e-04
8.550000000000006484e-01,6.109570680114873031e-01,7.907356268251053422e-01,4.971994332609059875e+00,-3.849121002176020490e+00,4.873724023010374490e-04
8.560000000000006493e-01,6.159169431000767192e-01,7.868708882198967025e-01,4.947723065408959897e+00,-3.880330815961273494e+00,4.879424284985577065e-04
8.570000000000006501e-01,6.208524487432237615e-01,7.829750161849153844e-01,4.923255601616602029e+00,-3.911387655050937884e+00,4.885124546960639778e-04
8.580000000000006510e-01,6.257633892253272601e-01,7.790481643138673640e-01,4.898592904525104430e+00,-3.942290282429318005e+00,4.890824808935561544e-04
8.590000000000006519e-01,6.306495697980051274e-01,7.750904874344507478e-01,4.873735945272969161e+00,-3.973037467136070422e+00,4.896525070910343449e-04
8.600000000000006528e-01,6.355107966879207648e-01,7.711021416022754149e-01,4.848685702806150744e+00,-4.003627984316539212e+00,4.902225332884984407e-04
8.610000000000006537e-01,6.403468771045711661e-01,7.670832840947322540e-01,4.823443163839791659e+00,-4.034060615271854111e+00,4.907925594859484418e-04
8.620000000000006546e-01,6.451576192480370509e-01,7.630340734048121076e-01,4.798009322819629219e+00,-4.064334147508792405e+00,4.913625856833842400e-04
8.630000000000006555e-01,6.499428323166940302e-01,7.589546692348756451e-01,4.772385181883080030e+00,-4.094447374789399241e+00,4.919326118808059435e-04
8.640000000000006564e-01,6.547023265148845805e-01,7.548452324903733857e-01,4.746571750819993163e+00,-4.124399097180364571e+00,4.925026380782135524e-04
8.650000000000006573e-01,6.594359130605507158e-01,7.507059252735162058e-01,4.720570047033080030e+00,-4.154188121102155407e+00,4.930726642756069582e-04
8.660000000000006581e-01,6.641434041928270249e-01,7.465369108768973305e-01,4.694381095498025402e+00,-4.183813259377902938e+00,4.936426904729861610e-04
8.670000000000006590e-01,6.688246131795936300e-01,7.423383537770651408e-01,4.668005928723272469e+00,-4.213273331282036516e+00,4.942127166703511607e-04
8.680000000000006599e-01,6.734793543249885106e-01,7.381104196280479091e-01,4.641445586709489923e+00,-4.242567162588670726e+00,4.947827428677019574e-04
8.690000000000006608e-01,6.781074429768794154e-01,7.338532752548297955e-01,4.614701116908721978e+00,-4.271693585619734002e+00,4.953527690650385510e-04
8.700000000000006617e-01,6.827086955342946961e-01,7.295670886467792160e-01,4.587773574183220404e+00,-4.300651439292844991e+00,4.959227952623609416e-04
8.710000000000006626e-01,6.872829294548127299e-01,7.252520289510292484e-01,4.560664020763963045e+00,-4.329439569168929580e+00,4.964928214596690207e-04
8.720000000000006635e-01,6.918299632619099304e-01,7.209082664658106321e-01,4.533373526208855253e+00,-4.358056827499575903e+00,4.970628476569627884e-04
8.730000000000006644e-01,6.963496165522664594e-01,7.165359726337374724e-01,4.505903167360625794e+00,-4.386502073274129998e+00,4.976328738542423529e-04
8.740000000000006652e-01,7.008417100030300828e-01,7.121353200350463153e-01,4.478254028304407441e+00,-4.414774172266525021e+00,4.982029000515076061e-04
8.750000000000006661e-01,7.053060653790370615e-01,7.077064823807879268e-01,4.450427200325011157e+00,-4.442871997081843105e+00,4.987729262487584393e-04
8.760000000000006670e-01,7.097425055399902982e-01,7.032496345059732201e-01,4.422423781863893844e+00,-4.470794427202611665e+00,4.993429524459949611e-04
8.770000000000006679e-01,7.141508544475944076e-01,6.987649523626725534e-01,4.394244878475818794e+00,-4.498540349034824359e+00,4.999129786432171714e-04
8.780000000000006688e-01,7.185309371726474881e-01,6.942526130130696194e-01,4.365891602785215930e+00,-4.526108655953692050e+00,5.004830048404249618e-04
8.790000000000006697e-01,7.228825799020883736e-01,6.897127946224691497e-01,4.337365074442238289e+00,-4.553498248349118427e+00,5.010530310376183323e-04
8.800000000000006706e-01,7.272056099460005862e-01,6.851456764522599885e-01,4.308666420078519188e+00,-4.580708033670896739e+00,5.016230572347972830e-04
8.810000000000006715e-01,7.314998557445714367e-01,6.805514388528323133e-01,4.279796773262632748e+00,-4.607736926473627648e+00,5.021930834319618137e-04
8.820000000000006724e-01,7.357651468750067147e-01,6.759302632564508917e-01,4.250757274455253309e+00,-4.634583848461359068e+00,5.027631096291119246e-04
8.830000000000006732e-01,7.400013140583999727e-01,6.712823321700830403e-01,4.221549070964025319e+00,-4.661247728531937362e+00,5.033331358262476156e-04
8.840000000000006741e-01,7.442081891665570659e-01,6.666078291681830637e-01,4.192173316898139213e+00,-4.687727502821076087e+00,5.039031620233687782e-04
8.850000000000006750e-01,7.483856052287748417e-01,6.619069388854322833e-01,4.162631173122613326e+00,-4.714022114746138747e+00,5.044731882204755210e-04
8.860000000000006759e-01,7.525333964385738650e-01,6.571798470094358802e-01,4.132923807212289802e+00,-4.740130515049628457e+00,5.050432144175677355e-04
8.870000000000006768e-01,7.566513981603850691e-01,6.524267402733757715e-01,4.103052393405543619e+00,-4.766051661842387155e+00,5.056132406146454216e-04
8.880000000000006777e-01,7.607394469361903333e-01,6.476478064486209663e-01,4.073018112557702075e+00,-4.791784520646504397e+00,5.061832668117085795e-04
8.890000000000006786e-01,7.647973804921156527e-01,6.428432343372950664e-01,4.042822152094184496e+00,-4.817328064437927715e+00,5.067532930087572090e-04
8.900000000000006795e-01,7.688250377449779016e-01,6.380132137648011348e-01,4.012465705963359497e+00,-4.842681273688776322e+00,5.073233192057912018e-04
8.910000000000006803e-01,7.728222588087841904e-01,6.331579355723045976e-01,3.981949974589121144e+00,-4.867843136409353733e+00,5.078933454028106663e-04
8.920000000000006812e-01,7.767888850011832602e-01,6.282775916091739576e-01,3.951276164823187109e+00,-4.892812648189863722e+00,5.084633715998154941e-04
8.930000000000006821e-01,7.807247588498694713e-01,6.233723747253803182e-01,3.920445489897123270e+00,-4.917588812241818097e+00,5.090333977968056851e-04
8.940000000000006830e-01,7.846297240989387189e-01,6.184424787638554966e-01,3.889459169374091640e+00,-4.942170639439142477e+00,5.096034239937812394e-04
8.950000000000006839e-01,7.885036257151956107e-01,6.134880985528092801e-01,3.858318429100327407e+00,-4.966557148358974771e+00,5.101734501907421570e-04
8.960000000000006848e-01,7.923463098944122374e-01,6.085094298980057159e-01,3.827024501156345071e+00,-4.990747365322151019e+00,5.107434763876883294e-04
8.970000000000006857e-01,7.961576240675378724e-01,6.035066695749993215e-01,3.795578623807878138e+00,-5.014740324433386576e+00,5.113135025846198651e-04
8.980000000000006866e-01,7.999374169068594886e-01,5.984800153213314378e-01,3.763982041456550576e+00,-5.038535067621140229e+00,5.118835287815366557e-04
8.990000000000006875e-01,8.036855383321130919e-01,5.934296658286867254e-01,3.732236004590285816e+00,-5.062130644677164781e+00,5.124535549784388095e-04
9.000000000000006883e-01,8.074018395165449835e-01,5.883558207350098046e-01,3.700341769733452413e+00,-5.085526113295740558e+00,5.130235811753262182e-04
9.010000000000006892e-01,8.110861728929231740e-01,5.832586806165837023e-01,3.668300599396750794e+00,-5.108720539112594494e+00,5.135936073721988817e-04
9.020000000000006901e-01,8.147383921594986145e-01,5.781384469800688874e-01,3.636113762026842000e+00,-5.131712995743494155e+00,5.141636335690566917e-04
9.030000000000006910e-01,8.183583522859158021e-01,5.729953222545040026e-01,3.603782531955718405e+00,-5.154502564822522004e+00,5.147336597658997565e-04
9.040000000000006919e-01,8.219459095190725373e-01,5.678295097832686267e-01,3.571308189349823525e+00,-5.177088336040027272e+00,5.153036859627280761e-04
9.050000000000006928e-01,8.255009213889292763e-01,5.626412138160082899e-01,3.538692020158918261e+00,-5.199469407180251856e+00,5.158737121595415422e-04
9.060000000000006937e-01,8.290232467142661932e-01,5.574306395005217407e-01,3.505935316064698881e+00,-5.221644884158628486e+00,5.164437383563401547e-04
9.070000000000006946e-01,8.325127456083898370e-01,5.521979928746111321e-01,3.473039374429165882e+00,-5.243613881058749371e+00,5.170137645531239137e-04
9.080000000000006954e-01,8.359692794847872754e-01,5.469434808578957918e-01,3.440005498242748594e+00,-5.265375520169006229e+00,5.175837907498928190e-04
9.090000000000006963e-01,8.393927110627285026e-01,5.416673112435891335e-01,3.406834996072186428e+00,-5.286928932018896354e+00,5.181538169466468708e-04
9.100000000000006972e-01,8.427829043728165548e-01,5.363696926902394857e-01,3.373529182008168537e+00,-5.308273255414996505e+00,5.187238431433859607e-04
9.110000000000006981e-01,8.461397247624852236e-01,5.310508347134351714e-01,3.340089375612735889e+00,-5.329407637476599291e+00,5.192938693401101969e-04
9.120000000000006990e-01,8.494630389014440341e-01,5.257109476774741719e-01,3.306516901866445313e+00,-5.350331233671012043e+00,5.198638955368194712e-04
9.130000000000006999e-01,8.527527147870702651e-01,5.203502427869985958e-01,3.272813091115299056e+00,-5.371043207848519963e+00,5.204339217335137834e-04
9.140000000000007008e-01,8.560086217497475669e-01,5.149689320785941771e-01,3.238979279017443869e+00,-5.391542732277004646e+00,5.210039479301931337e-04
9.150000000000007017e-01,8.592306304581517340e-01,5.095672284123559104e-01,3.205016806489638270e+00,-5.411828987676220670e+00,5.215739741268575220e-04
9.160000000000007025e-01,8.624186129244821863e-01,5.041453454634188258e-01,3.170927019653491996e+00,-5.431901163251732889e+00,5.221440003235068399e-04
9.170000000000007034e-01,8.655724425096397168e-01,4.987034977134554570e-01,3.136711269781481626e+00,-5.451758456728502900e+00,5.227140265201411957e-04
9.180000000000007043e-01,8.686919939283506142e-01,4.932419004421398911e-01,3.102370913242740613e+00,-5.471400074384130008e+00,5.232840527167604812e-04
9.190000000000007052e-01,8.717771432542359422e-01,4.877607697185784574e-01,3.067907311448630825e+00,-5.490825231081745805e+00,5.238540789133646963e-04
9.200000000000007061e-01,8.748277679248265271e-01,4.822603223927081073e-01,3.033321830798093366e+00,-5.510033150302556137e+00,5.244241051099539494e-04
9.210000000000007070e-01,8.778437467465228794e-01,4.767407760866620992e-01,2.998615842622783134e+00,-5.529023064178032243e+00,5.249941313065280236e-04
9.220000000000007079e-01,8.808249598995007146e-01,4.712023491861038194e-01,2.963790723131991101e+00,-5.547794213521748397e+00,5.255641575030870274e-04
9.230000000000007088e-01,8.837712889425608509e-01,4.656452608315288511e-01,2.928847853357353426e+00,-5.566345847860864282e+00,5.261341836996309609e-04
9.240000000000007097e-01,8.866826168179238188e-01,4.600697309095358456e-01,2.893788619097349635e+00,-5.584677225467254758e+00,5.267042098961597155e-04
9.250000000000007105e-01,8.895588278559687367e-01,4.544759800440664743e-01,2.858614410861597843e+00,-5.602787613388275467e+00,5.272742360926733996e-04
9.260000000000007114e-01,8.923998077799166762e-01,4.488642295876145161e-01,2.823326623814940817e+00,-5.620676287477175848e+00,5.278442622891719050e-04
9.270000000000007123e-01,8.952054437104578488e-01,4.432347016124050798e-01,2.787926657721332635e+00,-5.638342532423147091e+00,5.284142884856552315e-04
9.280000000000007132e-01,8.979756241703223951e-01,4.375876189015436846e-01,2.752415916887524183e+00,-5.655785641781010398e+00,5.289843146821233792e-04
9.290000000000007141e-01,9.007102390887951060e-01,4.319232049401360296e-01,2.716795810106550579e+00,-5.673004918000541075e+00,5.295543408785762397e-04
9.300000000000007150e-01,9.034091798061734124e-01,4.262416839063784546e-01,2.681067750601024979e+00,-5.689999672455428481e+00,5.301243670750139213e-04
9.310000000000007159e-01,9.060723390781684206e-01,4.205432806626197562e-01,2.645233155966238758e+00,-5.706769225471868268e+00,5.306943932714363156e-04
9.320000000000007168e-01,9.086996110802491033e-01,4.148282207463944160e-01,2.609293448113069847e+00,-5.723312906356789576e+00,5.312644194678434227e-04
9.330000000000007176e-01,9.112908914119290937e-01,4.090967303614280737e-01,2.573250053210706323e+00,-5.739630053425711864e+00,5.318344456642352426e-04
9.340000000000007185e-01,9.138460771009966344e-01,4.033490363686151325e-01,2.537104401629181272e+00,-5.755720014030229592e+00,5.324044718606117752e-04
9.350000000000007194e-01,9.163650666076862406e-01,3.975853662769688879e-01,2.500857927881727338e+00,-5.771582144585130081e+00,5.329744980569730206e-04
9.360000000000007203e-01,9.188477598287932979e-01,3.918059482345452871e-01,2.464512070566948321e+00,-5.787215810595135679e+00,5.335445242533189787e-04
9.370000000000007212e-01,9.212940581017302621e-01,3.860110110193394339e-01,2.428068272310814457e+00,-5.802620386681271114e+00,5.341145504496495411e-04
9.380000000000007221e-01,9.237038642085250162e-01,3.802007840301564467e-01,2.391527979708481855e+00,-5.817795256606857812e+00,5.346845766459648163e-04
9.390000000000007230e-01,9.260770823797609408e-01,3.743754972774563372e-01,2.354892643265936947e+00,-5.832739813303130738e+00,5.352546028422646958e-04
9.400000000000007239e-01,9.284136182984583652e-01,3.685353813741733542e-01,2.318163717341473529e+00,-5.847453458894477762e+00,5.358246290385491797e-04
9.410000000000007248e-01,9.307133791038976200e-01,3.626806675265104030e-01,2.281342660086999263e+00,-5.861935604723297999e+00,5.363946552348182678e-04
9.420000000000007256e-01,9.329762733953832488e-01,3.568115875247088176e-01,2.244430933389176097e+00,-5.876185671374484443e+00,5.369646814310718519e-04
9.430000000000007265e-01,9.352022112359492656e-01,3.509283737337936526e-01,2.207430002810401248e+00,-5.890203088699519363e+00,5.375347076273100403e-04
9.440000000000007274e-01,9.373911041560052393e-01,3.450312590842953830e-01,2.170341337529622550e+00,-5.903987295840194882e+00,5.381047338235327247e-04
9.450000000000007283e-01,9.395428651569233125e-01,3.391204770629476783e-01,2.133166410283000580e+00,-5.917537741251942762e+00,5.386747600197400133e-04
9.460000000000007292e-01,9.416574087145656025e-01,3.331962617033625285e-01,2.095906697304412702e+00,-5.930853882726782267e+00,5.392447862159317979e-04
9.470000000000007301e-01,9.437346507827522046e-01,3.272588475766820548e-01,2.058563678265803887e+00,-5.943935187415884336e+00,5.398148124121080783e-04
9.480000000000007310e-01,9.457745087966690223e-01,3.213084697822084501e-01,2.021138836217389656e+00,-5.956781131851744959e+00,5.403848386082688547e-04
9.490000000000007319e-01,9.477769016762165322e-01,3.153453639380116025e-01,1.983633657527709371e+00,-5.969391201969974858e+00,5.409548648044140186e-04
9.500000000000007327e-01,9.497417498292979321e-01,3.093697661715154035e-01,1.946049631823534298e+00,-5.981764893130696592e+00,5.415248910005436784e-04
9.510000000000007336e-01,9.516689751550470033e-01,3.033819131100624622e-01,1.908388251929634905e+00,-5.993901710139554417e+00,5.420949171966577256e-04
9.520000000000007345e-01,9.535585010469963541e-01,2.973820418714585023e-01,1.870651013808406260e+00,-6.005801167268329799e+00,5.426649433927561604e-04
9.530000000000007354e-01,9.554102523961844895e-01,2.913703900544958314e-01,1.832839416499357998e+00,-6.017462788275168784e+00,5.432349695888390910e-04
9.540000000000007363e-01,9.572241555942027080e-01,2.853471957294572703e-01,1.794954962058467496e+00,-6.028886106424414137e+00,5.438049957849063008e-04
9.550000000000007372e-01,9.590001385361812680e-01,2.793126974285999875e-01,1.756999155497403153e+00,-6.040070664506045794e+00,5.443750219809578980e-04
9.560000000000007381e-01,9.607381306237146035e-01,2.732671341366204598e-01,1.718973504722616896e+00,-6.051016014854722513e+00,5.449450481769938827e-04
9.570000000000007390e-01,9.624380627677253663e-01,2.672107452811003370e-01,1.680879520474310329e+00,-6.061721719368431849e+00,5.455150743730141465e-04
9.580000000000007399e-01,9.640998673912679617e-01,2.611437707229339877e-01,1.642718716265276768e+00,-6.072187349526741329e+00,5.460851005690187977e-04
9.590000000000007407e-01,9.657234784322703547e-01,2.550664507467380604e-01,1.604492608319622260e+00,-6.082412486408652619e+00,5.466551267650077281e-04
9.600000000000007416e-01,9.673088313462147037e-01,2.489790260512430853e-01,1.566202715511366472e+00,-6.092396720710056890e+00,5.472251529609809375e-04
9.610000000000007425e-01,9.688558631087563766e-01,2.428817377396681743e-01,1.527850559302929456e+00,-6.102139652760793176e+00,5.477951791569384259e-04
9.620000000000007434e-01,9.703645122182819049e-01,2.367748273100786782e-01,1.489437663683502722e+00,-6.111640892541303494e+00,5.483652053528800851e-04
9.630000000000007443e-01,9.718347186984045427e-01,2.306585366457274133e-01,1.450965555107311733e+00,-6.120900059698890061e+00,5.489352315488060232e-04
9.640000000000007452e-01,9.732664241003985417e-01,2.245331080053798167e-01,1.412435762431768715e+00,-6.129916783563568394e+00,5.495052577447161321e-04
9.650000000000007461e-01,9.746595715055713649e-01,2.183987840136235314e-01,1.373849816855520878e+00,-6.138690703163519835e+00,5.500752839406105200e-04
9.660000000000007470e-01,9.760141055275738386e-01,2.122558076511626424e-01,1.335209251856395607e+00,-6.147221467240140846e+00,5.506453101364890785e-04
9.670000000000007478e-01,9.773299723146483542e-01,2.061044222450970909e-01,1.296515603129245964e+00,-6.155508734262687298e+00,5.512153363323518077e-04
9.680000000000007487e-01,9.786071195518147858e-01,1.999448714591877119e-01,1.257770408523698924e+00,-6.163552172442515520e+00,5.517853625281985992e-04
9.690000000000007496e-01,9.798454964629939035e-01,1.937773992841071158e-01,1.218975207981808584e+00,-6.171351459746918344e+00,5.523553887240295612e-04
9.700000000000007505e-01,9.810450538130689457e-01,1.876022500276770533e-01,1.180131543475618106e+00,-6.178906283912552588e+00,5.529254149198445855e-04
9.710000000000007514e-01,9.822057439098839104e-01,1.814196683050925130e-01,1.141240958944632622e+00,-6.186216342458465078e+00,5.534954411156437805e-04
9.720000000000007523e-01,9.833275206061801166e-01,1.752298990291329406e-01,1.102305000233205101e+00,-6.193281342698705672e+00,5.540654673114270377e-04
9.730000000000007532e-01,9.844103393014694836e-01,1.690331874003611623e-01,1.063325215027839388e+00,-6.200101001754537933e+00,5.546354935071943571e-04
9.740000000000007541e-01,9.854541569438453052e-01,1.628297788973101512e-01,1.024303152794411975e+00,-6.206675046566236809e+00,5.552055197029457387e-04
9.750000000000007550e-01,9.864589320317302956e-01,1.566199192666583861e-01,9.852403647153157307e-01,-6.213003213904480404e+00,5.557755458986811826e-04
9.760000000000007558e-01,9.874246246155616857e-01,1.504038545133938309e-01,9.461384036265280129e-01,-6.219085250381332308e+00,5.563455720944005803e-04
9.770000000000007567e-01,9.883511962994130373e-01,1.441818308909672830e-01,9.069988239546064035e-01,-6.224920912460811806e+00,5.569155982901040402e-04
9.780000000000007576e-01,9.892386102425536620e-01,1.379540948914353138e-01,8.678231816536147170e-01,-6.230509966469055527e+00,5.574856244857914539e-04
9.790000000000007585e-01,9.900868311609442030e-01,1.317208932355932172e-01,8.286130341419817302e-01,-6.235852188604066981e+00,5.580556506814628214e-04
9.800000000000007594e-01,9.908958253286698215e-01,1.254824728630984099e-01,7.893699402392952980e-01,-6.240947364945057529e+00,5.586256768771181427e-04
9.810000000000007603e-01,9.916655605793092132e-01,1.192390809225847836e-01,7.500954601030356272e-01,-6.245795291461369025e+00,5.591957030727574178e-04
9.820000000000007612e-01,9.923960063072413407e-01,1.129909647617682450e-01,7.107911551652490445e-01,-6.250395774020991446e+00,5.597657292683806468e-04
9.830000000000007621e-01,9.930871334688879948e-01,1.067383719175439977e-01,6.714585880691662512e-01,-6.254748628398663968e+00,5.603357554639877211e-04
9.840000000000007629e-01,9.937389145838934068e-01,1.004815501060759286e-01,6.320993226057668446e-01,-6.258853680283562149e+00,5.609057816595787492e-04
9.850000000000007638e-01,9.943513237362401336e-01,9.422074721287844457e-02,5.927149236502941010e-01,-6.262710765286575665e+00,5.614758078551536228e-04
9.860000000000007647e-01,9.949243365753016599e-01,8.795621128289136947e-02,5.533069570987214636e-01,-6.266319728947165935e+00,5.620458340507123417e-04
9.870000000000007656e-01,9.954579303168312743e-01,8.168819051054804214e-02,5.138769898041744000e-01,-6.269680426739816959e+00,5.626158602462549060e-04
9.880000000000007665e-01,9.959520837438876617e-01,7.541693322983730741e-02,4.744265895133104038e-01,-6.272792724080066051e+00,5.631858864417813157e-04
9.890000000000007674e-01,9.964067772076962148e-01,6.914268790435956769e-02,4.349573248026593064e-01,-6.275656496330120682e+00,5.637559126372914623e-04
9.900000000000007683e-01,9.968219926284472843e-01,6.286570311737749162e-02,3.954707650149273945e-01,-6.278271628804062310e+00,5.643259388327854544e-04
9.910000000000007692e-01,9.971977134960304801e-01,5.658622756186174052e-02,3.559684801952678335e-01,-6.280638016772634558e+00,5.648959650282631834e-04
9.920000000000007701e-01,9.975339248707052464e-01,5.030451003053204584e-02,3.164520410275200035e-01,-6.282755565467614822e+00,5.654659912237246493e-04
9.930000000000007709e-01,9.978306133837075986e-01,4.402079940589417872e-02,2.769230187704208590e-01,-6.284624190085769335e+00,5.660360174191698523e-04
9.940000000000007718e-01,9.980877672377931331e-01,3.773534465027316570e-02,2.373829851937912516e-01,-6.286243815792393441e+00,5.666060436145987922e-04
9.950000000000007727e-01,9.983053762077163107e-01,3.144839479584314590e-02,1.978335125146993001e-01,-6.287614377724437986e+00,5.671760698100114691e-04
9.960000000000007736e-01,9.984834316406455690e-01,2.516019893465434171e-02,1.582761733336045251e-01,-6.288735820993214709e+00,5.677460960054077745e-04
9.970000000000007745e-01,9.986219264565149301e-01,1.887100620865750367e-02,1.187125405704848868e-01,-6.289608100686689518e+00,5.683161222007878169e-04
9.980000000000007754e-01,9.987208551483115482e-01,1.258106579972629452e-02,7.914418740094986138e-02,-6.290231181871356547e+00,5.688861483961514878e-04
9.990000000000007763e-01,9.987802137822994197e-01,6.290626919677996635e-03,3.957268719234225546e-02,-6.290605039593696546e+00,5.694561745914987873e-04
1.000000000000000666e+00,9.987999999981790333e-01,-6.119970703821753233e-08,-3.865601684235886459e-07,-6.290729658881219599e+00,5.700262007868297153e-04
