tau,x,y,u,v,theta1
0.000000000000000000e+00,9.999839999999999840e-01,-0.000000000000000000e+00,0.000000000000000000e+00,-6.283285838948762247e+00,0.000000000000000000e+00
1.000000000000000021e-03,9.999642602248621781e-01,-6.283244494600151962e-03,-3.947942038026329425e-02,-6.283161806311044373e+00,6.248538954285287722e-07
2.000000000000000042e-03,9.999050416788168860e-01,-1.256624092555738703e-02,-7.895728203092389208e-02,-6.282789713295433565e+00,1.249707790857053521e-06
3.000000000000000062e-03,9.998063466999353999e-01,-1.884874123902380294e-02,-1.184320262839387017e-01,-6.282169574594346884e+00,1.874561686285569482e-06
4.000000000000000083e-03,9.996681791849008070e-01,-2.513049740074112595e-02,-1.579020945943815368e-01,-6.281301414694504537e+00,2.499415581714072314e-06
5.000000000000000104e-03,9.994905445888535578e-01,-3.141126140583457016e-02,-1.973659286019953940e-01,-6.280185267875957322e+00,3.124269477142557358e-06
6.000000000000000125e-03,9.992734499251767488e-01,-3.769078528860551891e-02,-2.368219701927375687e-01,-6.278821178210735710e+00,3.749123372571021226e-06
7.000000000000000146e-03,9.990169037652185668e-01,-4.396882113232266492e-02,-2.762686615603148765e-01,-6.277209199561108122e+00,4.373977267999458837e-06
8.000000000000000167e-03,9.987209162379540039e-01,-5.024512107901121793e-02,-3.157044452677069124e-01,-6.275349395577451972e+00,4.998831163427865954e-06
9.000000000000001055e-03,9.983854990295848442e-01,-5.651943733923978086e-02,-3.551277643086745428e-01,-6.273241839695739230e+00,5.623685058856238343e-06
1.000000000000000194e-02,9.980106653830780328e-01,-6.279152220190455103e-02,-3.945370621692513846e-01,-6.270886615134634745e+00,6.248538954284570921e-06
1.100000000000000283e-02,9.975964300976427612e-01,-6.906112804401036420e-02,-4.339307828892158270e-01,-6.268283814892209982e+00,6.873392849712860300e-06
1.200000000000000372e-02,9.971428095281460457e-01,-7.532800734044832469e-02,-4.733073711235413761e-01,-6.265433541742266854e+00,7.498246745141102246e-06
1.300000000000000461e-02,9.966498215844666886e-01,-8.159191267376952883e-02,-5.126652722038221865e-01,-6.262335908230278747e+00,8.123100640569291676e-06
1.400000000000000550e-02,9.961174857307879549e-01,-8.785259674395454188e-02,-5.520029321996723359e-01,-6.258991036668942520e+00,8.747954535997425201e-06
1.500000000000000638e-02,9.955458229848288543e-01,-9.410981237817823974e-02,-5.913187979800956784e-01,-6.255399059133347706e+00,9.372808431425497740e-06
1.600000000000000727e-02,9.949348559170143602e-01,-1.003633125405696269e-01,-6.306113172748242235e-01,-6.251560117455756682e+00,9.997662326853504211e-06
1.700000000000000816e-02,9.942846086495836788e-01,-1.066128503419662421e-01,-6.698789387356220981e-01,-6.247474363220002935e+00,1.062251622228144122e-05
1.800000000000000905e-02,9.935951068556375665e-01,-1.128581790496627629e-01,-7.091201119975536482e-01,-6.243141957755500293e+00,1.124737011770930370e-05
1.900000000000000994e-02,9.928663777581248073e-01,-1.190990520971534350e-01,-7.483332877402123495e-01,-6.238563072130871134e+00,1.187222401313708825e-05
2.000000000000001082e-02,9.920984501287666291e-01,-1.253352230938679090e-01,-7.875169177489081962e-01,-6.233737887147185575e+00,1.249707790856478979e-05
2.100000000000001171e-02,9.912913542869208339e-01,-1.315664458349002086e-01,-8.266694549758116795e-01,-6.228666593330820511e+00,1.312193180399240493e-05
2.200000000000001260e-02,9.904451220983838677e-01,-1.377924743107302175e-01,-8.657893536010518032e-01,-6.223349390925929647e+00,1.374678569941992859e-05
2.300000000000001349e-02,9.895597869741328267e-01,-1.440130627169376454e-01,-9.048750690937649166e-01,-6.217786489886535151e+00,1.437163959484735569e-05
2.400000000000001438e-02,9.886353838690057350e-01,-1.502279654639076534e-01,-9.439250582730932537e-01,-6.211978109868229403e+00,1.499649349027468284e-05
2.500000000000001527e-02,9.876719492803210931e-01,-1.564369371865282077e-01,-9.829377793691296272e-01,-6.205924480219499273e+00,1.562134738570190496e-05
2.600000000000001615e-02,9.866695212464363651e-01,-1.626397327538784410e-01,-1.021911692083806722e+00,-6.199625839972664032e+00,1.624620128112901866e-05
2.700000000000001704e-02,9.856281393452458461e-01,-1.688361072789078265e-01,-1.060845257651727769e+00,-6.193082437834431353e+00,1.687105517655602054e-05
2.800000000000001793e-02,9.845478446926175797e-01,-1.750258161281056379e-01,-1.099736938900936600e+00,-6.186294532176072281e+00,1.749590907198290385e-05
2.900000000000001882e-02,9.834286799407695456e-01,-1.812086149311604721e-01,-1.138585200313625867e+00,-6.179262391023211620e+00,1.812076296740966518e-05
3.000000000000001971e-02,9.822706892765852293e-01,-1.873842595906093089e-01,-1.177388508086777641e+00,-6.171986292045240852e+00,1.874561686283630115e-05
3.100000000000002059e-02,9.810739184198684626e-01,-1.935525062914758843e-01,-1.216145330192738738e+00,-6.164466522544347349e+00,1.937047075826280499e-05
3.200000000000002148e-02,9.798384146215378676e-01,-1.997131115108977950e-01,-1.254854136439723655e+00,-6.156703379444161683e+00,1.999532465368917668e-05
3.300000000000002237e-02,9.785642266617606833e-01,-2.058658320277421128e-01,-1.293513398532246228e+00,-6.148697169278028340e+00,2.062017854911540608e-05
3.400000000000002326e-02,9.772514048480263060e-01,-2.120104249322090906e-01,-1.332121590131476241e+00,-6.140448208176896294e+00,2.124503244454149317e-05
3.500000000000002415e-02,9.759000010131596570e-01,-2.181466476354235184e-01,-1.370677186915518098e+00,-6.131956821856826778e+00,2.186988633996743119e-05
3.600000000000002504e-02,9.745100685132738194e-01,-2.242742578790134778e-01,-1.409178666639609778e+00,-6.123223345606127133e+00,2.249474023539321674e-05
3.700000000000002592e-02,9.730816622256631687e-01,-2.303930137446759951e-01,-1.447624509196240528e+00,-6.114248124272102736e+00,2.311959413081884644e-05
3.800000000000002681e-02,9.716148385466357729e-01,-2.365026736637292071e-01,-1.486013196675182835e+00,-6.105031512247432346e+00,2.374444802624431689e-05
3.900000000000002770e-02,9.701096553892865071e-01,-2.426029964266507855e-01,-1.524343213423438703e+00,-6.095573873456169522e+00,2.436930192166962132e-05
4.000000000000002859e-02,9.685661721812095504e-01,-2.486937411926022079e-01,-1.562613046105095993e+00,-6.085875581339361240e+00,2.499415581709475635e-05
4.100000000000002948e-02,9.669844498621517070e-01,-2.547746674989383453e-01,-1.600821183761092836e+00,-6.075937018840296133e+00,2.561900971251971520e-05
4.200000000000003036e-02,9.653645508816053322e-01,-2.608455352707022001e-01,-1.638966117868889016e+00,-6.065758578389376154e+00,2.624386360794449786e-05
4.300000000000003125e-02,9.637065391963423044e-01,-2.669061048301042960e-01,-1.677046342402040313e+00,-6.055340661888609866e+00,2.686871750336909757e-05
4.400000000000003214e-02,9.620104802678881573e-01,-2.729561369059863019e-01,-1.715060353889674483e+00,-6.044683680695736250e+00,2.749357139879351092e-05
4.500000000000003303e-02,9.602764410599368139e-01,-2.789953926432688358e-01,-1.753006651475865985e+00,-6.033788055607971934e+00,2.811842529421773116e-05
4.600000000000003392e-02,9.585044900357059250e-01,-2.850236336123824765e-01,-1.790883736978907237e+00,-6.022654216845387154e+00,2.874327918964175488e-05
4.700000000000003481e-02,9.566946971552329204e-01,-2.910406218186822880e-01,-1.828690114950474621e+00,-6.011282604033908683e+00,2.936813308506557870e-05
4.800000000000003569e-02,9.548471338726124413e-01,-2.970461197118449137e-01,-1.866424292734686130e+00,-5.999673666187951504e+00,2.999298698048919923e-05
4.900000000000003658e-02,9.529618731331741532e-01,-3.030398901952483515e-01,-1.904084780527048437e+00,-5.987827861692678333e+00,3.061784087591260970e-05
5.000000000000003747e-02,9.510389893706020503e-01,-3.090216966353335759e-01,-1.941670091433291390e+00,-5.975745658285891437e+00,3.124269477133581011e-05
5.100000000000003836e-02,9.490785585039946959e-01,-3.149913028709479534e-01,-1.979178741528087482e+00,-5.963427533039552308e+00,3.186754866675878690e-05
5.200000000000003925e-02,9.470806579348671761e-01,-3.209484732226701165e-01,-2.016609249913653645e+00,-5.950873972340935403e+00,3.249240256218154685e-05
5.300000000000004013e-02,9.450453665440942119e-01,-3.268929725021155752e-01,-2.053960138778234690e+00,-5.938085471873410626e+00,3.311725645760407640e-05
5.400000000000004102e-02,9.429727646887949843e-01,-3.328245660212231782e-01,-2.091229933454461953e+00,-5.925062536596862550e+00,3.374211035302637557e-05
5.500000000000004191e-02,9.408629341991594508e-01,-3.387430196015215889e-01,-2.128417162477590718e+00,-5.911805680727737489e+00,3.436696424844844433e-05
5.600000000000004280e-02,9.387159583752169301e-01,-3.446480995833757777e-01,-2.165520357643608840e+00,-5.898315427718731740e+00,3.499181814387026916e-05
5.700000000000004369e-02,9.365319219835460673e-01,-3.505395728352128648e-01,-2.202538054067217921e+00,-5.884592310238110358e+00,3.561667203929185004e-05
5.800000000000004458e-02,9.343109112539275118e-01,-3.564172067627273122e-01,-2.239468790239681706e+00,-5.870636870148661757e+00,3.624152593471318697e-05
5.900000000000004546e-02,9.320530138759380856e-01,-3.622807693180647437e-01,-2.276311108086543022e+00,-5.856449658486293508e+00,3.686637983013426641e-05
6.000000000000004635e-02,9.297583189954882199e-01,-3.681300290089841165e-01,-2.313063553025202612e+00,-5.842031235438259529e+00,3.749123372555508834e-05
6.100000000000004724e-02,9.274269172113008830e-01,-3.739647549079982425e-01,-2.349724674022362070e+00,-5.827382170321030230e+00,3.811608762097565278e-05
6.200000000000004813e-02,9.250589005713338864e-01,-3.797847166614915504e-01,-2.386293023651324674e+00,-5.812503041557801176e+00,3.874094151639595295e-05
6.300000000000004208e-02,9.226543625691445705e-01,-3.855896844988155325e-01,-2.422767158149154998e+00,-5.797394436655642025e+00,3.936579541181598206e-05
6.400000000000004297e-02,9.202133981401975360e-01,-3.913794292413610987e-01,-2.459145637473693302e+00,-5.782056952182283993e+00,3.999064930723574012e-05
6.500000000000004385e-02,9.177361036581155318e-01,-3.971537223116072823e-01,-2.495427025360421602e+00,-5.766491193742554699e+00,4.061550320265521359e-05
6.600000000000004474e-02,9.152225769308732772e-01,-4.029123357421466878e-01,-2.531609889379183187e+00,-5.750697775954449753e+00,4.124035709807440922e-05
6.700000000000004563e-02,9.126729171969349963e-01,-4.086550421846863457e-01,-2.567692800990746704e+00,-5.734677322424853507e+00,4.186521099349331347e-05
6.800000000000004652e-02,9.100872251213352193e-01,-4.143816149190243103e-01,-2.603674335603220147e+00,-5.718430465724903655e+00,4.249006488891192635e-05
6.900000000000004741e-02,9.074656027917030743e-01,-4.200918278620015545e-01,-2.639553072628306740e+00,-5.701957847364997889e+00,4.311491878433024784e-05
7.000000000000004829e-02,9.048081537142308450e-01,-4.257854555764284954e-01,-2.675327595537402292e+00,-5.685260117769452393e+00,4.373977267974826441e-05
7.100000000000004918e-02,9.021149828095863521e-01,-4.314622732799862082e-01,-2.710996491917534001e+00,-5.668337936250805953e+00,4.436462657516597604e-05
7.200000000000005007e-02,8.993861964087692673e-01,-4.371220568541014928e-01,-2.746558353527133622e+00,-5.651191970983773238e+00,4.498948047058338274e-05
7.300000000000005096e-02,8.966219022489119173e-01,-4.427645828527960181e-01,-2.782011776351648535e+00,-5.633822898978848137e+00,4.561433436600047096e-05
7.400000000000005185e-02,8.938222094690246866e-01,-4.483896285115087088e-01,-2.817355360658984953e+00,-5.616231406055557152e+00,4.623918826141724746e-05
7.500000000000005274e-02,8.909872286056856883e-01,-4.539969717558912654e-01,-2.852587711054780151e+00,-5.598418186815367292e+00,4.686404215683369871e-05
7.600000000000005362e-02,8.881170715886755884e-01,-4.595863912105763727e-01,-2.887707436537505057e+00,-5.580383944614244029e+00,4.748889605224982470e-05
7.700000000000005451e-02,8.852118517365572536e-01,-4.651576662079183189e-01,-2.922713150553392758e+00,-5.562129391534866407e+00,4.811374994766561865e-05
7.800000000000005540e-02,8.822716837522006639e-01,-4.707105767967058596e-01,-2.957603471051191146e+00,-5.543655248358493104e+00,4.873860384308108056e-05
7.900000000000005629e-02,8.792966837182529805e-01,-4.762449037508463268e-01,-2.992377020536737486e+00,-5.524962244536491873e+00,4.936345773849619688e-05
8.000000000000005718e-02,8.762869690925543242e-01,-4.817604285780215378e-01,-3.027032426127351794e+00,-5.506051118161519042e+00,4.998831163391097439e-05
8.100000000000005806e-02,8.732426587034992638e-01,-4.872569335283144509e-01,-3.061568319606049915e+00,-5.486922615938363279e+00,5.061316552932539954e-05
8.200000000000005895e-02,8.701638727453437916e-01,-4.927342016028066762e-01,-3.095983337475571417e+00,-5.467577493154445634e+00,5.123801942473947232e-05
8.300000000000005984e-02,8.670507327734590097e-01,-4.981920165621460117e-01,-3.130276121012219637e+00,-5.448016513649982073e+00,5.186287332015319273e-05
8.400000000000006073e-02,8.639033616995305254e-01,-5.036301629350844467e-01,-3.164445316319514756e+00,-5.428240449787809396e+00,5.248772721556654722e-05
8.500000000000006162e-02,8.607218837867045558e-01,-5.090484260269853012e-01,-3.198489574381655043e+00,-5.408250082422872751e+00,5.311258111097953580e-05
8.600000000000006251e-02,8.575064246446806315e-01,-5.144465919283001121e-01,-3.232407551116785793e+00,-5.388046200871377422e+00,5.373743500639215846e-05
8.700000000000006339e-02,8.542571112247508980e-01,-5.198244475230142658e-01,-3.266197907430072433e+00,-5.367629602879607553e+00,5.436228890180440842e-05
8.800000000000006428e-02,8.509740718147867922e-01,-5.251817804970613235e-01,-3.299859309266577334e+00,-5.347001094592413573e+00,5.498714279721627891e-05
8.900000000000006517e-02,8.476574360341729841e-01,-5.305183793467058706e-01,-3.333390427663936340e+00,-5.326161490521362118e+00,5.561199669262776316e-05
9.000000000000006606e-02,8.443073348286880275e-01,-5.358340333868938377e-01,-3.366789938804835458e+00,-5.305111613512564439e+00,5.623685058803886116e-05
9.100000000000006695e-02,8.409239004653338290e-01,-5.411285327595710681e-01,-3.400056524069282826e+00,-5.283852294714165510e+00,5.686170448344956614e-05
9.200000000000006783e-02,8.375072665271117156e-01,-5.464016684419689129e-01,-3.433188870086675948e+00,-5.262384373543514293e+00,5.748655837885987809e-05
9.300000000000006872e-02,8.340575679077473215e-01,-5.516532322548568512e-01,-3.466185668787661101e+00,-5.240708697654001824e+00,5.811141227426979024e-05
9.400000000000006961e-02,8.305749408063634043e-01,-5.568830168707619155e-01,-3.499045617455783130e+00,-5.218826122901575104e+00,5.873626616967929582e-05
9.500000000000007050e-02,8.270595227221014811e-01,-5.620908158221541440e-01,-3.531767418778924306e+00,-5.196737513310928591e+00,5.936112006508839482e-05
9.600000000000007139e-02,8.235114524486916165e-01,-5.672764235095986152e-01,-3.564349780900528675e+00,-5.174443741041372391e+00,5.998597396049708047e-05
9.700000000000007228e-02,8.199308700689712515e-01,-5.724396352098725105e-01,-3.596791417470611041e+00,-5.151945686352377152e+00,6.061082785590534599e-05
9.800000000000007316e-02,8.163179169493535170e-01,-5.775802470840482039e-01,-3.629091047696549222e+00,-5.129244237568804543e+00,6.123568175131319138e-05
9.900000000000007405e-02,8.126727357342442559e-01,-5.826980561855410468e-01,-3.661247396393655151e+00,-5.106340291045810886e+00,6.186053564672060309e-05
1.000000000000000749e-01,8.089954703404090841e-01,-5.877928604681218472e-01,-3.693259194035524384e+00,-5.083234751133441698e+00,6.248538954212759467e-05
1.010000000000000758e-01,8.052862659512901589e-01,-5.928644587938940447e-01,-3.725125176804163551e+00,-5.059928530140905600e+00,6.311024343753413902e-05
1.020000000000000767e-01,8.015452690112723211e-01,-5.979126509412348023e-01,-3.756844086639890890e+00,-5.036422548300535595e+00,6.373509733294024969e-05
1.030000000000000776e-01,7.977726272199004987e-01,-6.029372376127002386e-01,-3.788414671291009395e+00,-5.012717733731438585e+00,6.435995122834591313e-05
1.040000000000000785e-01,7.939684895260465947e-01,-6.079380204428935786e-01,-3.819835684363249939e+00,-4.988815022402830479e+00,6.498480512375112933e-05
1.050000000000000794e-01,7.901330061220275258e-01,-6.129148020062969993e-01,-3.851105885368983461e+00,-4.964715358097063991e+00,6.560965901915589830e-05
1.060000000000000803e-01,7.862663284376741890e-01,-6.178673858250659512e-01,-3.882224039776200453e+00,-4.940419692372345573e+00,6.623451291456020648e-05
1.070000000000000812e-01,7.823686091343512450e-01,-6.227955763767863973e-01,-3.913188919057252857e+00,-4.915928984525148593e+00,6.685936680996405388e-05
1.080000000000000820e-01,7.784400020989287183e-01,-6.276991791021943046e-01,-3.943999300737361491e+00,-4.891244201552318316e+00,6.748422070536744049e-05
1.090000000000000829e-01,7.744806624377048587e-01,-6.325780004128565004e-01,-3.974653968442880547e+00,-4.866366318112872236e+00,6.810907460077035276e-05
1.100000000000000838e-01,7.704907464702808184e-01,-6.374318476988141136e-01,-4.005151711949324955e+00,-4.841296316489500207e+00,6.873392849617279070e-05
1.110000000000000847e-01,7.664704117233878122e-01,-6.422605293361864920e-01,-4.035491327229152603e+00,-4.816035186549763480e+00,6.935878239157475429e-05
1.120000000000000856e-01,7.624198169246664269e-01,-6.470638546947368175e-01,-4.065671616499300534e+00,-4.790583925706990875e+00,6.998363628697623000e-05
1.130000000000000865e-01,7.583391219963983021e-01,-6.518416341453980856e-01,-4.095691388268475563e+00,-4.764943538880880958e+00,7.060849018237721781e-05
1.140000000000000874e-01,7.542284880491907373e-01,-6.565936790677594503e-01,-4.125549457384199314e+00,-4.739115038457805795e+00,7.123334407777771773e-05
1.150000000000000883e-01,7.500880773756146702e-01,-6.613198018575132675e-01,-4.155244645079595678e+00,-4.713099444250820724e+00,7.185819797317771621e-05
1.160000000000000892e-01,7.459180534437958032e-01,-6.660198159338616142e-01,-4.184775779019932251e+00,-4.686897783459378353e+00,7.248305186857721325e-05
1.170000000000000900e-01,7.417185808909591005e-01,-6.706935357468821746e-01,-4.214141693348904205e+00,-4.660511090628756570e+00,7.310790576397620884e-05
1.180000000000000909e-01,7.374898255169275441e-01,-6.753407767848538246e-01,-4.243341228734663240e+00,-4.633940407609189904e+00,7.373275965937468944e-05
1.190000000000000918e-01,7.332319542775744825e-01,-6.799613555815410271e-01,-4.272373232415589861e+00,-4.607186783514717554e+00,7.435761355477265504e-05
1.200000000000000927e-01,7.289451352782309046e-01,-6.845550897234370380e-01,-4.301236558245801866e+00,-4.580251274681741869e+00,7.498246745017010564e-05
1.210000000000000936e-01,7.246295377670469717e-01,-6.891217978569651459e-01,-4.329930066740406147e+00,-4.553134944627300840e+00,7.560732134556704125e-05
1.220000000000000945e-01,7.202853321283084753e-01,-6.936612996956386112e-01,-4.358452625120484925e+00,-4.525838864007061701e+00,7.623217524096344831e-05
1.230000000000000954e-01,7.159126898757084412e-01,-6.981734160271780842e-01,-4.386803107357817311e+00,-4.498364110573026764e+00,7.685702913635932682e-05
1.240000000000000963e-01,7.115117836455742140e-01,-7.026579687205866120e-01,-4.414980394219332638e+00,-4.470711769130964797e+00,7.748188303175466323e-05
1.250000000000000833e-01,7.070827871900502437e-01,-7.071147807331820134e-01,-4.442983373311298223e+00,-4.442882931497559085e+00,7.810673692714945754e-05
1.260000000000000842e-01,7.026258753702367965e-01,-7.115436761175863989e-01,-4.470810939123234462e+00,-4.414878696457280149e+00,7.873159082254370974e-05
1.270000000000000850e-01,6.981412241492847004e-01,-7.159444800286721700e-01,-4.498461993071557252e+00,-4.386700169718986686e+00,7.935644471793741985e-05
1.280000000000000859e-01,6.936290105854469035e-01,-7.203170187304643868e-01,-4.525935443542951298e+00,-4.358348463872247613e+00,7.998129861333057430e-05
1.290000000000000868e-01,6.890894128250865114e-01,-7.246611196029999480e-01,-4.553230205937461861e+00,-4.329824698343397671e+00,8.060615250872317310e-05
1.300000000000000877e-01,6.845226100956420812e-01,-7.289766111491420286e-01,-4.580345202711312069e+00,-4.301129999351318567e+00,8.123100640411520270e-05
1.310000000000000886e-01,6.799287826985501715e-01,-7.332633230013503312e-01,-4.607279363419443996e+00,-4.272265499862955451e+00,8.185586029950667664e-05
1.320000000000000895e-01,6.753081120021253714e-01,-7.375210859284070386e-01,-4.634031624757772860e+00,-4.243232339548566046e+00,8.248071419489758137e-05
1.330000000000000904e-01,6.706607804343983625e-01,-7.417497318420973595e-01,-4.660600930605165892e+00,-4.214031664736703320e+00,8.310556809028790334e-05
1.340000000000000913e-01,6.659869714759121262e-01,-7.459490938038454422e-01,-4.686986232065132540e+00,-4.184664628368937933e+00,8.373042198567764256e-05
1.350000000000000921e-01,6.612868696524765166e-01,-7.501190060313045471e-01,-4.713186487507232236e+00,-4.155132389954318661e+00,8.435527588106679902e-05
1.360000000000000930e-01,6.565606605278816454e-01,-7.542593039049015902e-01,-4.739200662608191728e+00,-4.125436115523572589e+00,8.498012977645537272e-05
1.370000000000000939e-01,6.518085306965702985e-01,-7.583698239743358327e-01,-4.765027730392737304e+00,-4.095576977583050393e+00,8.560498367184335010e-05
1.380000000000000948e-01,6.470306677762697189e-01,-7.624504039650316090e-01,-4.790666671274133925e+00,-4.065556155068411393e+00,8.622983756723073118e-05
1.390000000000000957e-01,6.422272604005826446e-01,-7.665008827845440909e-01,-4.816116473094432138e+00,-4.035374833298061681e+00,8.685469146261751594e-05
1.400000000000000966e-01,6.373984982115389331e-01,-7.705211005289186454e-01,-4.841376131164426333e+00,-4.005034203926332026e+00,8.747954535800369085e-05
1.410000000000000975e-01,6.325445718521065519e-01,-7.745108984890033410e-01,-4.866444648303309251e+00,-3.974535464896415071e+00,8.810439925338925588e-05
1.420000000000000984e-01,6.276656729586638228e-01,-7.784701191567142686e-01,-4.891321034878037821e+00,-3.943879820393044966e+00,8.872925314877421106e-05
1.430000000000000993e-01,6.227619941534318082e-01,-7.823986062312531242e-01,-4.916004308842397030e+00,-3.913068480794937187e+00,8.935410704415855637e-05
1.440000000000001001e-01,6.178337290368682844e-01,-7.862962046252774950e-01,-4.940493495775764465e+00,-3.882102662626981893e+00,8.997896093954227826e-05
1.450000000000001010e-01,6.128810721800228567e-01,-7.901627604710227404e-01,-4.964787628921572882e+00,-3.850983588512193467e+00,9.060381483492536319e-05
1.460000000000001019e-01,6.079042191168535503e-01,-7.939981211263764660e-01,-4.988885749225470789e+00,-3.819712487123420708e+00,9.122866873030782470e-05
1.470000000000001028e-01,6.029033663365060969e-01,-7.978021351809035933e-01,-5.012786905373179280e+00,-3.788290593134818973e+00,9.185352262568964924e-05
1.480000000000001037e-01,5.978787112755546973e-01,-8.015746524618236890e-01,-5.036490153828041549e+00,-3.756719147173083417e+00,9.247837652107083681e-05
1.490000000000001046e-01,5.928304523102058132e-01,-8.053155240399387793e-01,-5.059994558868265102e+00,-3.724999395768449073e+00,9.310323041645137386e-05
1.500000000000001055e-01,5.877587887484649887e-01,-8.090246022355125355e-01,-5.083299192623856655e+00,-3.693132591305456458e+00,9.372808431183126039e-05
1.510000000000001064e-01,5.826639208222664790e-01,-8.127017406240995001e-01,-5.106403135113247060e+00,-3.661119991973488030e+00,9.435293820721049639e-05
1.520000000000001072e-01,5.775460496795667975e-01,-8.163467940423254632e-01,-5.129305474279600929e+00,-3.628962861717073718e+00,9.497779210258908188e-05
1.530000000000001081e-01,5.724053773764019581e-01,-8.199596185936175452e-01,-5.152005306026817166e+00,-3.596662470185970850e+00,9.560264599796700329e-05
1.540000000000001090e-01,5.672421068689087464e-01,-8.235400716538843202e-01,-5.174501734255212426e+00,-3.564220092685017161e+00,9.622749989334426063e-05
1.550000000000001099e-01,5.620564420053106858e-01,-8.270880118771457568e-01,-5.196793870896890155e+00,-3.531637010123763076e+00,9.685235378872084034e-05
1.560000000000001108e-01,5.568485875178686983e-01,-8.306032992011126437e-01,-5.218880835950792552e+00,-3.498914508965880188e+00,9.747720768409675598e-05
1.570000000000001117e-01,5.516187490147970163e-01,-8.340857948527153898e-01,-5.240761757517430119e+00,-3.466053881178352558e+00,9.810206157947198044e-05
1.580000000000001126e-01,5.463671329721438985e-01,-8.375353613535817532e-01,-5.262435771833296805e+00,-3.433056424180450428e+00,9.872691547484652727e-05
1.590000000000001135e-01,5.410939467256391522e-01,-8.409518625254636115e-01,-5.283902023304959172e+00,-3.399923440792487206e+00,9.935176937022038293e-05
1.600000000000001144e-01,5.357993984625069039e-01,-8.443351634956121066e-01,-5.305159664542824061e+00,-3.366656239184366850e+00,9.997662326559354740e-05
1.610000000000001152e-01,5.304836972132448425e-01,-8.476851307021017190e-01,-5.326207856394584716e+00,-3.333256132823916307e+00,1.006014771609660207e-04
1.620000000000001161e-01,5.251470528433705987e-01,-8.510016318991020512e-01,-5.347045767978334752e+00,-3.299724440425010563e+00,1.012263310563377893e-04
1.630000000000001170e-01,5.197896760451348186e-01,-8.542845361620979849e-01,-5.367672576715365018e+00,-3.266062485895492085e+00,1.018511849517088531e-04
1.640000000000001179e-01,5.144117783292017076e-01,-8.575337138930572145e-01,-5.388087468362622090e+00,-3.232271598284882863e+00,1.024760388470792122e-04
1.650000000000001188e-01,5.090135720162973776e-01,-8.607490368255462654e-01,-5.408289637044845222e+00,-3.198353111731895293e+00,1.031008927424488530e-04
1.660000000000001197e-01,5.035952702288259974e-01,-8.639303780297927782e-01,-5.428278285286370242e+00,-3.164308365411741875e+00,1.037257466378177756e-04
1.670000000000001206e-01,4.981570868824543585e-01,-8.670776119176959451e-01,-5.448052624042599490e+00,-3.130138703483245521e+00,1.043506005331859798e-04
1.680000000000001215e-01,4.926992366776654642e-01,-8.701906142477834338e-01,-5.467611872731141354e+00,-3.095845475035754468e+00,1.049754544285534522e-04
1.690000000000001223e-01,4.872219350912807556e-01,-8.732692621301152425e-01,-5.486955259262613183e+00,-3.061430034035861780e+00,1.056003083239201928e-04
1.700000000000001232e-01,4.817253983679517515e-01,-8.763134340311344861e-01,-5.506082020071112915e+00,-3.026893739273933015e+00,1.062251622192862015e-04
1.710000000000001241e-01,4.762098435116216000e-01,-8.793230097784641153e-01,-5.524991400144347864e+00,-2.992237954310442927e+00,1.068500161146514649e-04
1.720000000000001250e-01,4.706754882769565995e-01,-8.822978705656501219e-01,-5.543682653053431331e+00,-2.957464047422124764e+00,1.074748700100159829e-04
1.730000000000001259e-01,4.651225511607477991e-01,-8.852378989568508993e-01,-5.562155040982334597e+00,-2.922573391547933497e+00,1.080997239053797554e-04
1.740000000000001268e-01,4.595512513932837884e-01,-8.881429788914724233e-01,-5.580407834757003194e+00,-2.887567364234823852e+00,1.087245778007427826e-04
1.750000000000001277e-01,4.539618089296942327e-01,-8.910129956887486991e-01,-5.598440313874131213e+00,-2.852447347583348503e+00,1.093494316961050509e-04
1.760000000000001286e-01,4.483544444412647656e-01,-8.938478360522685850e-01,-5.616251766529590128e+00,-2.817214728193075501e+00,1.099742855914665602e-04
1.770000000000001295e-01,4.427293793067240135e-01,-8.966473880744471048e-01,-5.633841489646516543e+00,-2.781870897107828533e+00,1.105991394868272970e-04
1.780000000000001303e-01,4.370868356035020885e-01,-8.994115412409424692e-01,-5.651208788903054447e+00,-2.746417249760752188e+00,1.112239933821872613e-04
1.790000000000001312e-01,4.314270360989621578e-01,-9.021401864350174771e-01,-5.668352978759751082e+00,-2.710855185919203159e+00,1.118488472775464531e-04
1.800000000000001321e-01,4.257502042416042576e-01,-9.048332159418466247e-01,-5.685273382486606408e+00,-2.675186109629471343e+00,1.124737011729048724e-04
1.810000000000001330e-01,4.200565641522426286e-01,-9.074905234527670395e-01,-5.701969332189774420e+00,-2.639411429161333089e+00,1.130985550682625057e-04
1.820000000000001339e-01,4.143463406151562389e-01,-9.101120040694740121e-01,-5.718440168837917170e+00,-2.603532556952435240e+00,1.137234089636193529e-04
1.830000000000001348e-01,4.086197590692133286e-01,-9.126975543081613518e-01,-5.734685242288204421e+00,-2.567550909552517968e+00,1.143482628589754006e-04
1.840000000000001357e-01,4.028770455989699739e-01,-9.152470721036053414e-01,-5.750703911311966010e+00,-2.531467907567472420e+00,1.149731167543306486e-04
1.850000000000001366e-01,3.971184269257432842e-01,-9.177604568131928486e-01,-5.766495543619990727e+00,-2.495284975603241584e+00,1.155979706496850970e-04
1.860000000000001374e-01,3.913441303986595066e-01,-9.202376092208932601e-01,-5.782059515887471690e+00,-2.459003542209560855e+00,1.162228245450387459e-04
1.870000000000001383e-01,3.855543839856771515e-01,-9.226784315411740156e-01,-5.797395213778598233e+00,-2.422625039823543602e+00,1.168476784403915816e-04
1.880000000000001392e-01,3.797494162645859705e-01,-9.250828274228598547e-01,-5.812502031970793404e+00,-2.386150904713114862e+00,1.174725323357436041e-04
1.890000000000001401e-01,3.739294564139817312e-01,-9.274507019529353302e-01,-5.827379374178592641e+00,-2.349582576920293153e+00,1.180973862310948135e-04
1.900000000000001410e-01,3.680947342042172332e-01,-9.297819616602902570e-01,-5.842026653177169848e+00,-2.312921500204322189e+00,1.187222401264451962e-04
1.910000000000001419e-01,3.622454799883301213e-01,-9.320765145194085388e-01,-5.856443290825499304e+00,-2.276169121984658705e+00,1.193470940217947521e-04
1.920000000000001428e-01,3.563819246929477158e-01,-9.343342699539998186e-01,-5.870628718089166753e+00,-2.239326893283814179e+00,1.199719479171434814e-04
1.930000000000001437e-01,3.505042998091690287e-01,-9.365551388405740640e-01,-5.884582375062814563e+00,-2.202396268670054003e+00,1.205968018124913704e-04
1.940000000000001446e-01,3.446128373834246861e-01,-9.387390335119583096e-01,-5.898303710992227167e+00,-2.165378706199958536e+00,1.212216557078384192e-04
1.950000000000001454e-01,3.387077700083148679e-01,-9.408858677607564447e-01,-5.911792184296057684e+00,-2.128275667360846946e+00,1.218465096031846277e-04
1.960000000000001463e-01,3.327893308134258210e-01,-9.429955568427508261e-01,-5.925047262587190389e+00,-2.091088617013062922e+00,1.224713634985299959e-04
1.970000000000001472e-01,3.268577534561249442e-01,-9.450680174802468247e-01,-5.938068422693739912e+00,-2.053819023332131177e+00,1.230962173938744968e-04
1.980000000000001481e-01,3.209132721123353349e-01,-9.471031678653585306e-01,-5.950855150679688066e+00,-2.016468357750779816e+00,1.237210712892181303e-04
1.990000000000001490e-01,3.149561214672897402e-01,-9.491009276632373926e-01,-5.963406941865152078e+00,-1.979038094900837486e+00,1.243459251845609236e-04
2.000000000000001499e-01,3.089865367062644141e-01,-9.510612180152417938e-01,-5.975723300846292219e+00,-1.941529712555002174e+00,1.249707790799028495e-04
2.010000000000001508e-01,3.030047535052931562e-01,-9.529839615420490073e-01,-5.987803741514849953e+00,-1.903944691568487224e+00,1.255956329752439080e-04
2.020000000000001517e-01,2.970110080218623660e-01,-9.548690823467084199e-01,-5.999647787077318384e+00,-1.866284515820546108e+00,1.262204868705840721e-04
2.030000000000001525e-01,2.910055368855866686e-01,-9.567165060176362479e-01,-6.011254970073747650e+00,-1.828550672155877299e+00,1.268453407659233688e-04
2.040000000000001534e-01,2.849885771888662211e-01,-9.585261596315517441e-01,-6.022624832396179073e+00,-1.790744650325913012e+00,1.274701946612617710e-04
2.050000000000001543e-01,2.789603664775254788e-01,-9.602979717563544515e-01,-6.033756925306711594e+00,-1.752867942929992928e+00,1.280950485565993059e-04
2.060000000000001552e-01,2.729211427414344748e-01,-9.620318724539425048e-01,-6.044650809455196061e+00,-1.714922045356426228e+00,1.287199024519359463e-04
2.070000000000001561e-01,2.668711444051122816e-01,-9.637277932829724225e-01,-6.055306054896562706e+00,-1.676908455723443048e+00,1.293447563472716923e-04
2.080000000000001570e-01,2.608106103183133739e-01,-9.653856673015591694e-01,-6.065722241107772028e+00,-1.638828674820039355e+00,1.299696102426065166e-04
2.090000000000001579e-01,2.547397797465973390e-01,-9.670054290699174881e-01,-6.075898957004396195e+00,-1.600684206046715907e+00,1.305944641379404466e-04
2.100000000000001588e-01,2.486588923618821556e-01,-9.685870146529435010e-01,-6.085835800956830077e+00,-1.562476555356114627e+00,1.312193180332734549e-04
2.110000000000001597e-01,2.425681882329813466e-01,-9.701303616227373583e-01,-6.095532380806123030e+00,-1.524207231193554613e+00,1.318441719286055688e-04
2.120000000000001605e-01,2.364679078161256165e-01,-9.716354090610660466e-01,-6.104988313879443851e+00,-1.485877744437469783e+00,1.324690258239367611e-04
2.130000000000001614e-01,2.303582919454691125e-01,-9.731020975617666879e-01,-6.114203227005162944e+00,-1.447489608339750378e+00,1.330938797192670318e-04
2.140000000000001623e-01,2.242395818235809191e-01,-9.745303692330901102e-01,-6.123176756527566766e+00,-1.409044338465992308e+00,1.337187336145963809e-04
2.150000000000001632e-01,2.181120190119218427e-01,-9.759201676999846864e-01,-6.131908548321192143e+00,-1.370543452635653914e+00,1.343435875099247814e-04
2.160000000000001641e-01,2.119758454213071797e-01,-9.772714381063202227e-01,-6.140398257804784876e+00,-1.331988470862124574e+00,1.349684414052522603e-04
2.170000000000001650e-01,2.058313033023557725e-01,-9.785841271170518940e-01,-6.148645549954883549e+00,-1.293380915292707822e+00,1.355932953005787906e-04
2.180000000000001659e-01,1.996786352359254391e-01,-9.798581829203240057e-01,-6.156650099319021407e+00,-1.254722310148518760e+00,1.362181491959043721e-04
2.190000000000001668e-01,1.935180841235356608e-01,-9.810935552295138029e-01,-6.164411590028556986e+00,-1.216014181664301530e+00,1.368430030912290050e-04
2.200000000000001676e-01,1.873498931777773935e-01,-9.822901952852151064e-01,-6.171929715811117489e+00,-1.177258058028166854e+00,1.374678569865526892e-04
2.210000000000001685e-01,1.811743059127108313e-01,-9.834480558571614406e-01,-6.179204180002672686e+00,-1.138455469321251856e+00,1.380927108818754247e-04
2.220000000000001694e-01,1.749915661342510975e-01,-9.845670912460885438e-01,-6.186234695559222452e+00,-1.099607947457307722e+00,1.387175647771971844e-04
2.230000000000001703e-01,1.688019179305426110e-01,-9.856472572855372594e-01,-6.193020985068105944e+00,-1.060717026122212747e+00,1.393424186725179684e-04
2.240000000000001712e-01,1.626056056623222112e-01,-9.866885113435950316e-01,-6.199562780758933300e+00,-1.021784240713417446e+00,1.399672725678378037e-04
2.250000000000001721e-01,1.564028739532715706e-01,-9.876908123245773385e-01,-6.205859824514133649e+00,-9.828111282793212666e-01,1.405921264631566632e-04
2.260000000000001730e-01,1.501939676803592527e-01,-9.886541206706481733e-01,-6.211911867879122973e+00,-9.437992274585854657e-01,1.412169803584745469e-04
2.270000000000001739e-01,1.439791319641728351e-01,-9.895783983633800185e-01,-6.217718672072090058e+00,-9.047500784193825973e-01,1.418418342537914277e-04
2.280000000000001747e-01,1.377586121592413726e-01,-9.904636089252530917e-01,-6.223280007993399643e+00,-8.656652227985862647e-01,1.424666881491073328e-04
2.290000000000001756e-01,1.315326538443487292e-01,-9.913097174210933060e-01,-6.228595656234615419e+00,-8.265462036409031432e-01,1.430915420444222349e-04
2.300000000000001765e-01,1.253015028128379449e-01,-9.921166904594498348e-01,-6.233665407087140231e+00,-7.873945653379497145e-01,1.437163959397361342e-04
2.310000000000001774e-01,1.190654050629073035e-01,-9.928844961939117253e-01,-6.238489060550469922e+00,-7.482118535672761528e-01,1.443412498350490577e-04
2.320000000000001783e-01,1.128246067878982406e-01,-9.936131043243627836e-01,-6.243066426340067920e+00,-7.089996152313394751e-01,1.449661037303609512e-04
2.330000000000001792e-01,1.065793543665756321e-01,-9.943024860981765078e-01,-6.247397323894853471e+00,-6.697593983964291731e-01,1.455909576256718418e-04
2.340000000000001801e-01,1.003298943534007004e-01,-9.949526143113491816e-01,-6.251481582384307067e+00,-6.304927522315466604e-01,1.462158115209817295e-04
2.350000000000001810e-01,9.407647346879710604e-02,-9.955634633095716834e-01,-6.255319040715192180e+00,-5.912012269472415316e-01,1.468406654162905873e-04
2.360000000000001819e-01,8.781933858941044779e-02,-9.961350089892410109e-01,-6.258909547537891527e+00,-5.518863737344071874e-01,1.474655193115984150e-04
2.370000000000001827e-01,8.155873673836162852e-02,-9.966672287984096323e-01,-6.262252961252357863e+00,-5.125497447030380460e-01,1.480903732069052399e-04
2.380000000000001836e-01,7.529491507549448959e-02,-9.971601017376738874e-01,-6.265349150013681978e+00,-4.731928928209508944e-01,1.487152271022110347e-04
2.390000000000001845e-01,6.902812088761803300e-02,-9.976136083610014360e-01,-6.268197991737274322e+00,-4.338173718524719336e-01,1.493400809975157725e-04
2.400000000000001854e-01,6.275860157874366130e-02,-9.980277307764969796e-01,-6.270799374103662061e+00,-3.944247362970937920e-01,1.499649348928194803e-04
2.410000000000001863e-01,5.648660466031785871e-02,-9.984024526471065863e-01,-6.273153194562897106e+00,-3.550165413281027305e-01,1.505897887881221310e-04
2.420000000000001872e-01,5.021237774145059091e-02,-9.987377591912610653e-01,-6.275259360338584891e+00,-3.155943427311803662e-01,1.512146426834237516e-04
2.430000000000001881e-01,4.393616851913990928e-02,-9.990336371834573903e-01,-6.277117788431520573e+00,-2.761596968429810284e-01,1.518394965787243152e-04
2.440000000000001890e-01,3.765822476849310652e-02,-9.992900749547791728e-01,-6.278728405622945097e+00,-2.367141604896878526e-01,1.524643504740238217e-04
2.450000000000001898e-01,3.137879433294480519e-02,-9.995070623933554055e-01,-6.280091148477408680e+00,-1.972592909255498350e-01,1.530892043693222711e-04
2.460000000000001907e-01,2.509812511447236105e-02,-9.996845909447575895e-01,-6.281205963345255050e+00,-1.577966457714021775e-01,1.537140582646196363e-04
2.470000000000001916e-01,1.881646506380900766e-02,-9.998226536123357988e-01,-6.282072806364713102e+00,-1.183277829531725889e-01,1.543389121599159444e-04
2.480000000000001925e-01,1.253406217065507894e-02,-9.999212449574931272e-01,-6.282691643463607534e+00,-7.885426064037576177e-02,1.549637660552111683e-04
2.490000000000001934e-01,6.251164453887722572e-03,-9.999803610998980741e-01,-6.283062450360678675e+00,-3.937763718459852402e-02,1.555886199505053080e-04
2.500000000000001665e-01,-3.198004823052377071e-05,-9.999999997176362010e-01,-6.283185212566517741e+00,1.005289420218588581e-04,1.562134738457983635e-04
2.510000000000001674e-01,-6.315123287843878684e-03,-9.999801600472999485e-01,-6.283059925384114841e+00,3.957867920832386366e-02,1.568383277410903347e-04
2.520000000000001683e-01,-1.259801721729583712e-02,-9.999208428840167251e-01,-6.282686593909022399e+00,7.905525508564992254e-02,1.574631816363812218e-04
2.530000000000001692e-01,-1.888041379892164973e-02,-9.998220505814157111e-01,-6.282065233029128670e+00,1.185286981093742475e-01,1.580880355316709976e-04
2.540000000000001701e-01,-2.516206501484037975e-02,-9.996837870515331570e-01,-6.281195867424047563e+00,1.579974499404278310e-01,1.587128894269596892e-04
2.550000000000001710e-01,-3.144272287674617500e-02,-9.995060577646557309e-01,-6.280078531564119437e+00,1.974599524268181860e-01,1.593377433222472694e-04
2.560000000000001719e-01,-3.772213943569831945e-02,-9.992888697491032479e-01,-6.278713269709028211e+00,2.369146476651413646e-01,1.599625972175337384e-04
2.570000000000001728e-01,-4.400006679190973657e-02,-9.990322315909486717e-01,-6.277100135906029443e+00,2.763599780620840107e-01,1.605874511128190961e-04
2.580000000000001736e-01,-5.027625710453350466e-02,-9.987361534336778313e-01,-6.275239193987793840e+00,3.157943863959126185e-01,1.612123050081033424e-04
2.590000000000001745e-01,-5.655046260144704073e-02,-9.984006469777868542e-01,-6.273130517569863507e+00,3.552163158779481078e-01,1.618371589033864503e-04
2.600000000000001754e-01,-6.282243558903352620e-02,-9.980257254803184264e-01,-6.270774190047721852e+00,3.946242102140228858e-01,1.624620127986684470e-04
2.610000000000001763e-01,-6.909192846196024473e-02,-9.976114037543364343e-01,-6.268170304593478015e+00,4.340165136659179801e-01,1.630868666939493052e-04
2.620000000000001772e-01,-7.535869371295336738e-02,-9.971576981683395458e-01,-6.265318964152164938e+00,4.733916711127780785e-01,1.637117205892290250e-04
2.630000000000001781e-01,-8.162248394256886586e-02,-9.966646266456129499e-01,-6.262220281437653746e+00,5.127481281125019219e-01,1.643365744845076064e-04
2.640000000000001790e-01,-8.788305186895917220e-02,-9.961322086635189255e-01,-6.258874378928177329e+00,5.520843309631054963e-01,1.649614283797850493e-04
2.650000000000001799e-01,-9.414015033763510620e-02,-9.955604652527263454e-01,-6.255281388861474667e+00,5.913987267640556933e-01,1.655862822750613268e-04
2.660000000000001807e-01,-1.003935323312228206e-01,-9.949494189963781210e-01,-6.251441453229546141e+00,6.306897634775722183e-01,1.662111361703364658e-04
2.670000000000001816e-01,-1.066429509792152786e-01,-9.942990940291981383e-01,-6.247354723773024254e+00,6.699558899898950814e-01,1.668359900656104394e-04
2.680000000000001825e-01,-1.128881595677178745e-01,-9.936095160365364665e-01,-6.243021361975160666e+00,7.091955561725150625e-01,1.674608439608832474e-04
2.690000000000001834e-01,-1.191289115491879352e-01,-9.928807122533536145e-01,-6.238441539055426865e+00,7.484072129433653187e-01,1.680856978561548899e-04
2.700000000000001843e-01,-1.253649605521675592e-01,-9.921127114631433930e-01,-6.233615435962733820e+00,7.875893123279713581e-01,1.687105517514253669e-04
2.710000000000001852e-01,-1.315960603910094895e-01,-9.913055439967949356e-01,-6.228543243368264370e+00,8.267403075205568275e-01,1.693354056466946783e-04
2.720000000000001861e-01,-1.378219650755956871e-01,-9.904592417313932140e-01,-6.223225161657922833e+00,8.658586529451028913e-01,1.699602595419627972e-04
2.730000000000001870e-01,-1.440424288210480630e-01,-9.895738380889591568e-01,-6.217661400924400894e+00,9.049428043163589841e-01,1.705851134372297234e-04
2.740000000000001878e-01,-1.502572060574311752e-01,-9.886493680351278179e-01,-6.211852180958861602e+00,9.439912187008020483e-01,1.712099673324954841e-04
2.750000000000001887e-01,-1.564660514394463631e-01,-9.876858680777668154e-01,-6.205797731242239657e+00,9.830023545775424809e-01,1.718348212277600521e-04
2.760000000000001896e-01,-1.626687198561170278e-01,-9.866833762655328188e-01,-6.199498290936158895e+00,1.021974671899173348e+00,1.724596751230234005e-04
2.770000000000001905e-01,-1.688649664404646145e-01,-9.856419321863679750e-01,-6.192954108873468755e+00,1.060906632152562423e+00,1.730845290182855562e-04
2.780000000000001914e-01,-1.750545465791749355e-01,-9.845615769659349370e-01,-6.186165443548397924e+00,1.099796698419581498e+00,1.737093829135465193e-04
2.790000000000001923e-01,-1.812372159222544743e-01,-9.834423532659918310e-01,-6.179132563106326970e+00,1.138643335437774073e+00,1.743342368088062627e-04
2.800000000000001932e-01,-1.874127303926762522e-01,-9.822843052827061605e-01,-6.171855745333181709e+00,1.177445009660957220e+00,1.749590907040647863e-04
2.810000000000001941e-01,-1.935808461960149551e-01,-9.810874787449082035e-01,-6.164335277644442890e+00,1.216200189319754266e+00,1.755839445993220903e-04
2.820000000000001950e-01,-1.997413198300707904e-01,-9.798519209122840135e-01,-6.156571457073778397e+00,1.254907344482057985e+00,1.762087984945781745e-04
2.830000000000001958e-01,-2.058939080944818534e-01,-9.785776805735079131e-01,-6.148564590261294427e+00,1.293564947113421404e+00,1.768336523898330389e-04
2.840000000000001967e-01,-2.120383681003245313e-01,-9.772648080443148144e-01,-6.140314993441409186e+00,1.332171471137371999e+00,1.774585062850866566e-04
2.850000000000001976e-01,-2.181744572797015835e-01,-9.759133551655119199e-01,-6.131822992430346453e+00,1.370725392495649730e+00,1.780833601803390545e-04
2.860000000000001985e-01,-2.243019333953175654e-01,-9.745233753009305833e-01,-6.123088922613250773e+00,1.409225189208364259e+00,1.787082140755902055e-04
2.870000000000001994e-01,-2.304205545500410679e-01,-9.730949233353177741e-01,-6.114113128930925178e+00,1.447669341434070223e+00,1.793330679708401098e-04
2.880000000000002003e-01,-2.365300791964537186e-01,-9.716280556721677009e-01,-6.104895965866194985e+00,1.486056331529757690e+00,1.799579218660887672e-04
2.890000000000002012e-01,-2.426302661463851096e-01,-9.701228302314933716e-01,-6.095437797429890558e+00,1.524384644110756026e+00,1.805827757613361778e-04
2.900000000000002021e-01,-2.487208745804337096e-01,-9.685793064475384240e-01,-6.085738997146454388e+00,1.562652766110546931e+00,1.812076296565823144e-04
2.910000000000002029e-01,-2.548016640574730651e-01,-9.669975452664290039e-01,-6.075799948039176002e+00,1.600859186840487780e+00,1.818324835518272042e-04
2.920000000000002038e-01,-2.608723945241431807e-01,-9.653776091437662465e-01,-6.065621042615050307e+00,1.639002398049439035e+00,1.824573374470708201e-04
2.930000000000002047e-01,-2.669328263243264665e-01,-9.637195620421586950e-01,-6.055202682849260221e+00,1.677080893983296184e+00,1.830821913423131620e-04
2.940000000000002056e-01,-2.729827202086079763e-01,-9.620234694286957655e-01,-6.044545280169288048e+00,1.715093171444422193e+00,1.837070452375542300e-04
2.950000000000002065e-01,-2.790218373437196031e-01,-9.602893982723614830e-01,-6.033649255438652936e+00,1.753037729850979609e+00,1.843318991327940241e-04
2.960000000000002074e-01,-2.850499393219679267e-01,-9.585174170413893746e-01,-6.022515038940274401e+00,1.790913071296158288e+00,1.849567530280325442e-04
2.970000000000002083e-01,-2.910667881706450744e-01,-9.567075957005573006e-01,-6.011143070359467266e+00,1.828717700607297436e+00,1.855816069232697632e-04
2.980000000000002092e-01,-2.970721463614223734e-01,-9.548600057084243309e-01,-5.999533798766562676e+00,1.866450125404900184e+00,1.862064608185056813e-04
2.990000000000002101e-01,-3.030657768197267399e-01,-9.529747200145077812e-01,-5.987687682599159622e+00,1.904108856161536911e+00,1.868313147137402983e-04
3.000000000000002109e-01,-3.090474429340986928e-01,-9.510518130564020733e-01,-5.975605189644008775e+00,1.941692406260635551e+00,1.874561686089736142e-04
3.010000000000002118e-01,-3.150169085655323831e-01,-9.490913607568379762e-01,-5.963286797018525043e+00,1.979199292055157544e+00,1.880810225042056291e-04
3.020000000000002127e-01,-3.209739380567969702e-01,-9.470934405206844486e-01,-5.950732991151931550e+00,2.016628032926155889e+00,1.887058763994363430e-04
3.030000000000002136e-01,-3.269182962417386262e-01,-9.450581312318908633e-01,-5.937944267766037676e+00,2.053977151341213059e+00,1.893307302946657287e-04
3.040000000000002145e-01,-3.328497484545635543e-01,-9.429855132503713877e-01,-5.924921131855652945e+00,2.091245172912757688e+00,1.899555841898938134e-04
3.050000000000002154e-01,-3.387680605391009681e-01,-9.408756684088311895e-01,-5.911664097668627882e+00,2.128430626456256025e+00,1.905804380851205699e-04
3.060000000000002163e-01,-3.446729988580459203e-01,-9.387286800095341333e-01,-5.898173688685536042e+00,2.165532044048276816e+00,1.912052919803459983e-04
3.070000000000002172e-01,-3.505643303021819257e-01,-9.365446328210128568e-01,-5.884450437598989225e+00,2.202547961084428074e+00,1.918301458755700985e-04
3.080000000000002180e-01,-3.564418222995822672e-01,-9.343236130747208934e-01,-5.870494886292591197e+00,2.239476916337161061e+00,1.924549997707928706e-04
3.090000000000002189e-01,-3.623052428247904855e-01,-9.320657084616268406e-01,-5.856307585819525485e+00,2.276317452013442821e+00,1.930798536660142874e-04
3.100000000000002198e-01,-3.681543604079789422e-01,-9.297710081287509087e-01,-5.841889096380782576e+00,2.313068113812291049e+00,1.937047075612343761e-04
3.110000000000002207e-01,-3.739889441440858442e-01,-9.274396026756446254e-01,-5.827239987303029167e+00,2.349727450982171284e+00,1.943295614564531095e-04
3.120000000000002216e-01,-3.798087637019293972e-01,-9.250715841508121429e-01,-5.812360837016112391e+00,2.386294016378254224e+00,1.949544153516704877e-04
3.130000000000002225e-01,-3.856135893332998110e-01,-9.226670460480755898e-01,-5.797252233030209645e+00,2.422766366519530479e+00,1.955792692468865106e-04
3.140000000000002234e-01,-3.914031918820279898e-01,-9.202260833028822473e-01,-5.781914771912615159e+00,2.459143061645780115e+00,1.962041231421011512e-04
3.150000000000002243e-01,-3.971773427930307965e-01,-9.177487922885556593e-01,-5.766349059264173960e+00,2.495422665774395199e+00,1.968289770373144365e-04
3.160000000000002252e-01,-4.029358141213328914e-01,-9.152352708124894543e-01,-5.750555709695357010e+00,2.531603746757052686e+00,1.974538309325263395e-04
3.170000000000002260e-01,-4.086783785410640357e-01,-9.126856181122848799e-01,-5.734535346801981071e+00,2.567684876336236766e+00,1.980786848277368872e-04
3.180000000000002269e-01,-4.144048093544322464e-01,-9.100999348518319376e-01,-5.718288603140574189e+00,2.603664630201605767e+00,1.987035387229460525e-04
3.190000000000002278e-01,-4.201148805006720277e-01,-9.074783231173338960e-01,-5.701816120203387683e+00,2.639541588046204534e+00,1.993283926181538355e-04
3.200000000000002287e-01,-4.258083665649674554e-01,-9.048208864132758489e-01,-5.685118548393055526e+00,2.675314333622518692e+00,1.999532465133602361e-04
3.210000000000002296e-01,-4.314850427873497263e-01,-9.021277296583374294e-01,-5.668196546996902896e+00,2.710981454798365942e+00,2.005781004085652273e-04
3.220000000000002305e-01,-4.371446850715688948e-01,-8.993989591812495688e-01,-5.651050784160902118e+00,2.746541543612628367e+00,2.012029543037688361e-04
3.230000000000002314e-01,-4.427870699939392973e-01,-8.966346827165956324e-01,-5.633681936863282225e+00,2.781993196330816875e+00,2.018278081989710354e-04
3.240000000000002323e-01,-4.484119748121585536e-01,-8.938350094005571567e-01,-5.616090690887787673e+00,2.817335013500469998e+00,2.024526620941718253e-04
3.250000000000002331e-01,-4.540191774740994779e-01,-8.910000497666038521e-01,-5.598277740796590685e+00,2.852565600006383928e+00,2.030775159893712057e-04
3.260000000000002340e-01,-4.596084566265748461e-01,-8.881299157411293166e-01,-5.580243789902855411e+00,2.887683565125668927e+00,2.037023698845691767e-04
3.270000000000002349e-01,-4.651795916240745177e-01,-8.852247206390309042e-01,-5.561989550242961045e+00,2.922687522582635200e+00,2.043272237797657382e-04
3.280000000000002358e-01,-4.707323625374746912e-01,-8.822845791592351938e-01,-5.543515742548375869e+00,2.957576090603500685e+00,2.049520776749608631e-04
3.290000000000002367e-01,-4.762665501627186826e-01,-8.793096073801689450e-01,-5.524823096217192031e+00,2.992347891970922547e+00,2.055769315701545515e-04
3.300000000000002376e-01,-4.817819360294692821e-01,-8.762999227551754311e-01,-5.505912349285315699e+00,3.027001554078346146e+00,2.062017854653468304e-04
3.310000000000002385e-01,-4.872783024097318560e-01,-8.732556441078763720e-01,-5.486784248397319708e+00,3.061535708984175486e+00,2.068266393605376727e-04
3.320000000000002394e-01,-4.927554323264485281e-01,-8.701768916274802423e-01,-5.467439548776951597e+00,3.095948993465756249e+00,2.074514932557270513e-04
3.330000000000002403e-01,-4.982131095620622729e-01,-8.670637868640361789e-01,-5.447879014197309466e+00,3.130240049073173658e+00,2.080763471509149934e-04
3.340000000000002411e-01,-5.036511186670512563e-01,-8.639164527236345981e-01,-5.428103416950675886e+00,3.164407522182861587e+00,2.087012010461014990e-04
3.350000000000002420e-01,-5.090692449684328658e-01,-8.607350134635539662e-01,-5.408113537818016070e+00,3.198450064051021169e+00,2.093260549412865408e-04
3.360000000000002429e-01,-5.144672745782370438e-01,-8.575195946873545028e-01,-5.387910166038143878e+00,3.232366330866846660e+00,2.099509088364701190e-04
3.370000000000002438e-01,-5.198449944019483127e-01,-8.542703233399185914e-01,-5.367494099276552966e+00,3.266154983805555023e+00,2.105757627316522335e-04
3.380000000000002447e-01,-5.252021921469169907e-01,-8.509873277024384564e-01,-5.346866143593913101e+00,3.299814689081220997e+00,2.112006166268328843e-04
3.390000000000002456e-01,-5.305386563307384895e-01,-8.476707373873507700e-01,-5.326027113414238734e+00,3.333344117999411438e+00,2.118254705220120715e-04
3.400000000000002465e-01,-5.358541762896005256e-01,-8.443206833332191907e-01,-5.304977831492727169e+00,3.366741947009618929e+00,2.124503244171897678e-04
3.410000000000002474e-01,-5.411485421865979140e-01,-8.409372977995640541e-01,-5.283719128883264560e+00,3.400006857757491563e+00,2.130751783123660005e-04
3.420000000000002482e-01,-5.464215450200151647e-01,-8.375207143616402172e-01,-5.262251844905610376e+00,3.433137537136858430e+00,2.137000322075407425e-04
3.430000000000002491e-01,-5.516729766315756622e-01,-8.340710679051631660e-01,-5.240576827112250591e+00,3.466132677341547286e+00,2.143248861027139936e-04
3.440000000000002500e-01,-5.569026297146576487e-01,-8.305884946209829423e-01,-5.218694931254928449e+00,3.498990975916993929e+00,2.149497399978857540e-04
3.450000000000002509e-01,-5.621102978224767899e-01,-8.270731319997068898e-01,-5.196607021250851943e+00,3.531711135811637536e+00,2.155745938930560236e-04
3.460000000000002518e-01,-5.672957753762344346e-01,-8.235251188262712185e-01,-5.174313969148577996e+00,3.564291865428105499e+00,2.161994477882247753e-04
3.470000000000002527e-01,-5.724588576732319023e-01,-8.199445951744610550e-01,-5.151816655093579556e+00,3.596731878674181537e+00,2.168243016833920362e-04
3.480000000000002536e-01,-5.775993408949497976e-01,-8.163317024013800882e-01,-5.129115967293486733e+00,3.629029895013555773e+00,2.174491555785577792e-04
3.490000000000002545e-01,-5.827170221150929086e-01,-8.126865831418692565e-01,-5.106212801983015304e+00,3.661184639516356309e+00,2.180740094737220044e-04
3.500000000000002554e-01,-5.878116993075995778e-01,-8.090093813028751413e-01,-5.083108063388577236e+00,3.693194842909459652e+00,2.186988633688847117e-04
3.510000000000002562e-01,-5.928831713546156568e-01,-8.053002420577681786e-01,-5.059802663692575919e+00,3.725059241626576423e+00,2.193237172640459011e-04
3.520000000000002571e-01,-5.979312380544321570e-01,-8.015593118406110218e-01,-5.036297522997386977e+00,3.756776577858112809e+00,2.199485711592055726e-04
3.530000000000002580e-01,-6.029557001293874841e-01,-7.977867383403768331e-01,-5.012593569289026441e+00,3.788345599600804192e+00,2.205734250543636991e-04
3.540000000000002589e-01,-6.079563592337325906e-01,-7.939826704951181702e-01,-4.988691738400509834e+00,3.819765060707119630e+00,2.211982789495202807e-04
3.550000000000002598e-01,-6.129330179614596030e-01,-7.901472584860869119e-01,-4.964592973974900403e+00,3.851033720934434967e+00,2.218231328446753443e-04
3.560000000000002607e-01,-6.178854798540931448e-01,-7.862806537318045574e-01,-4.940298227428048250e+00,3.882150345993972351e+00,2.224479867398288630e-04
3.570000000000002616e-01,-6.228135494084445778e-01,-7.823830088820843409e-01,-4.915808457911025720e+00,3.913113707599506164e+00,2.230728406349808096e-04
3.580000000000002625e-01,-6.277170320843279416e-01,-7.784544778120040531e-01,-4.891124632272255468e+00,3.943922583515829139e+00,2.236976945301312112e-04
3.590000000000002633e-01,-6.325957343122387000e-01,-7.744952156158311229e-01,-4.866247725019334780e+00,3.974575757606982229e+00,2.243225484252800678e-04
3.600000000000002642e-01,-6.374494635009934074e-01,-7.705053786008994043e-01,-4.841178718280560567e+00,4.005072019884242884e+00,2.249474023204273523e-04
3.610000000000002651e-01,-6.422780280453311841e-01,-7.664851242814378907e-01,-4.815918601766148832e+00,4.035410166553869971e+00,2.255722562155730647e-04
3.620000000000002660e-01,-6.470812373334758894e-01,-7.624346113723520224e-01,-4.790468372729161928e+00,4.065589000064603553e+00,2.261971101107172050e-04
3.630000000000002669e-01,-6.518589017546595477e-01,-7.583539997829574775e-01,-4.764829035926131162e+00,4.095607329154920428e+00,2.268219640058597732e-04
3.640000000000002678e-01,-6.566108327066060291e-01,-7.542434506106672210e-01,-4.739001603577388977e+00,4.125463968900039191e+00,2.274468179010007694e-04
3.650000000000002687e-01,-6.613368426029747615e-01,-7.501031261346309265e-01,-4.712987095327102693e+00,4.155157740758674834e+00,2.280716717961401663e-04
3.660000000000002696e-01,-6.660367448807643642e-01,-7.459331898093284341e-01,-4.686786538203018715e+00,4.184687472619543769e+00,2.286965256912779911e-04
3.670000000000002705e-01,-6.707103540076763126e-01,-7.417338062581166902e-01,-4.660400966575914516e+00,4.214051998847612168e+00,2.293213795864142168e-04
3.680000000000002713e-01,-6.753574854894371926e-01,-7.375051412667302797e-01,-4.633831422118760202e+00,4.243250160330092058e+00,2.299462334815488432e-04
3.690000000000002722e-01,-6.799779558770806531e-01,-7.332473617767364393e-01,-4.607078953765590512e+00,4.272280804522173625e+00,2.305710873766818705e-04
3.700000000000002731e-01,-6.845715827741876147e-01,-7.289606358789442186e-01,-4.580144617670097063e+00,4.301142785492507059e+00,2.311959412718132985e-04
3.710000000000002740e-01,-6.891381848440851776e-01,-7.246451328067684550e-01,-4.553029477163927474e+00,4.329834963968414385e+00,2.318207951669431003e-04
3.720000000000002749e-01,-6.936775818170034524e-01,-7.203010229295486733e-01,-4.525734602714705623e+00,4.358356207380845504e+00,2.324456490620713028e-04
3.730000000000002758e-01,-6.981895944971908685e-01,-7.159284777458229110e-01,-4.498261071883772999e+00,4.386705389909064223e+00,2.330705029571978790e-04
3.740000000000002767e-01,-7.026740447699859615e-01,-7.115276698765572450e-01,-4.470609969283644958e+00,4.414881392525073167e+00,2.336953568523228290e-04
3.750000000000002776e-01,-7.071307556088478607e-01,-7.070987730583310205e-01,-4.442782386535190753e+00,4.442883103037764236e+00,2.343202107474461526e-04
3.760000000000002784e-01,-7.115595510823427006e-01,-7.026419621364780044e-01,-4.414779422224540895e+00,4.470709416136803505e+00,2.349450646425678500e-04
3.770000000000002793e-01,-7.159602563610871773e-01,-6.981574130581835735e-01,-4.386602181859713845e+00,4.498359233436245219e+00,2.355699185376878939e-04
3.780000000000002802e-01,-7.203326977246489182e-01,-6.936453028655389375e-01,-4.358251777826973594e+00,4.525831463517868691e+00,2.361947724328063115e-04
3.790000000000002811e-01,-7.246767025684026642e-01,-6.891058096885516182e-01,-4.329729329346915456e+00,4.553125021974243403e+00,2.368196263279230757e-04
3.800000000000002820e-01,-7.289920994103424867e-01,-6.845391127381132979e-01,-4.301035962430281856e+00,4.580238831451513448e+00,2.374444802230381865e-04
3.810000000000002829e-01,-7.332787178978497078e-01,-6.799453922989251442e-01,-4.272172809833509888e+00,4.607171821691910196e+00,2.380693341181516439e-04
3.820000000000002838e-01,-7.375363888144164104e-01,-6.753248297223803931e-01,-4.243141011014014197e+00,4.633922929575978067e+00,2.386941880132634479e-04
3.830000000000002847e-01,-7.417649440863236521e-01,-6.706776074194050752e-01,-4.213941712085204294e+00,4.660491099164520534e+00,2.393190419083735985e-04
3.840000000000002855e-01,-7.459642167892753806e-01,-6.660039088532567764e-01,-4.184576065771238973e+00,4.686875281740265464e+00,2.399438958034820686e-04
3.850000000000002864e-01,-7.501340411549858311e-01,-6.613039185322824309e-01,-4.155045231361524039e+00,4.713074435849241794e+00,2.405687496985888852e-04
3.860000000000002873e-01,-7.542742525777222928e-01,-6.565778220026339262e-01,-4.125350374664944475e+00,4.739087527341871109e+00,2.411936035936940214e-04
3.870000000000002882e-01,-7.583846876208016896e-01,-6.518258058409435174e-01,-4.095492667963846145e+00,4.764913529413772331e+00,2.418184574887974770e-04
3.880000000000002891e-01,-7.624651840230404209e-01,-6.470480576469584966e-01,-4.065473289967757253e+00,4.790551422646272428e+00,2.424433113838992521e-04
3.890000000000002900e-01,-7.665155807051589054e-01,-6.422447660361351174e-01,-4.035293425766858455e+00,4.816000195046629351e+00,2.430681652789993196e-04
3.900000000000002909e-01,-7.705357177761384957e-01,-6.374161206321927731e-01,-4.004954266785202499e+00,4.841258842087960090e+00,2.436930191740977066e-04
3.910000000000002918e-01,-7.745254365395319862e-01,-6.325623120596283178e-01,-3.974457010733682516e+00,4.866326366748875643e+00,2.443178730691943860e-04
3.920000000000002927e-01,-7.784845794997267143e-01,-6.276835319361907528e-01,-3.943802861562751616e+00,4.891201779552816653e+00,2.449427269642893848e-04
3.930000000000002935e-01,-7.824129903681604770e-01,-6.227799728653170552e-01,-3.912993029414898682e+00,4.915884098607095076e+00,2.455675808593826490e-04
3.940000000000002944e-01,-7.863105140694897077e-01,-6.178518284285287043e-01,-3.882028730576878583e+00,4.940372349641632965e+00,2.461924347544742326e-04
3.950000000000002953e-01,-7.901769967477098033e-01,-6.128992931777900166e-01,-3.850911187431701244e+00,4.964665566047403722e+00,2.468172886495640815e-04
3.960000000000002962e-01,-7.940122857722270444e-01,-6.079225626278278449e-01,-3.819641628410377354e+00,4.988762788914567814e+00,2.474421425446521956e-04
3.970000000000002971e-01,-7.978162297438826656e-01,-6.029218332484135301e-01,-3.788221287943430493e+00,5.012663067070306511e+00,2.480669964397386293e-04
3.980000000000002980e-01,-8.015886785009278537e-01,-5.978973024566069938e-01,-3.756651406412167660e+00,5.036365457116349198e+00,2.486918503348233282e-04
3.990000000000002989e-01,-8.053294831249500074e-01,-5.928491686089637502e-01,-3.724933230099718884e+00,5.059869023466196047e+00,2.493167042299062925e-04
4.000000000000002998e-01,-8.090384959467502579e-01,-5.877776309937045029e-01,-3.693068011141842799e+00,5.083172838382030712e+00,2.499415581249875219e-04
4.010000000000003006e-01,-8.127155705521710294e-01,-5.826828898228481046e-01,-3.661057007477499958e+00,5.106275982011320380e+00,2.505664120200670167e-04
4.020000000000003015e-01,-8.163605617878747500e-01,-5.775651462243082124e-01,-3.628901482799199663e+00,5.129177542423111191e+00,2.511912659151447225e-04
4.030000000000003024e-01,-8.199733257670723807e-01,-5.724246022339537499e-01,-3.596602706503119862e+00,5.151876615644005675e+00,2.518161198102206936e-04
4.040000000000003033e-01,-8.235537198752019838e-01,-5.672614607876331760e-01,-3.564161953638999236e+00,5.174372305693827556e+00,2.524409737052949300e-04
4.050000000000003042e-01,-8.271016027755571098e-01,-5.620759257131638931e-01,-3.531580504859810343e+00,5.196663724620972147e+00,2.530658276003673775e-04
4.060000000000003051e-01,-8.306168344148648908e-01,-5.568682017222860159e-01,-3.498859646371209386e+00,5.218749992537439653e+00,2.536906814954380902e-04
4.070000000000003060e-01,-8.340992760288133967e-01,-5.516384944025812809e-01,-3.466000669880766605e+00,5.240630237653546963e+00,2.543155353905070140e-04
4.080000000000003069e-01,-8.375487901475279218e-01,-5.463870102093577596e-01,-3.433004872546981723e+00,5.262303596312326803e+00,2.549403892855742031e-04
4.090000000000003078e-01,-8.409652406009963110e-01,-5.411139564574998229e-01,-3.399873556928083129e+00,5.283769213023598255e+00,2.555652431806396032e-04
4.100000000000003086e-01,-8.443484925244433281e-01,-5.358195413132845752e-01,-3.366608030930615225e+00,5.305026240497720202e+00,2.561900970757032144e-04
4.110000000000003095e-01,-8.476984123636527313e-01,-5.305039737861645399e-01,-3.333209607757812609e+00,5.326073839679018818e+00,2.568149509707650367e-04
4.120000000000003104e-01,-8.510148678802382793e-01,-5.251674637205171470e-01,-3.299679605857768205e+00,5.346911179778889966e+00,2.574398048658250700e-04
4.130000000000003113e-01,-8.542977281568626680e-01,-5.198102217873611375e-01,-3.266019348871393557e+00,5.367537438308578324e+00,2.580646587608833144e-04
4.140000000000003122e-01,-8.575468636024040636e-01,-5.144324594760407710e-01,-3.232230165580173065e+00,5.387951801111625194e+00,2.586895126559397699e-04
4.150000000000003131e-01,-8.607621459570706790e-01,-5.090343890858769482e-01,-3.198313389853717492e+00,5.408153462395988598e+00,2.593143665509944364e-04
4.160000000000003140e-01,-8.639434482974622798e-01,-5.036162237177873591e-01,-3.164270360597115861e+00,5.428141624765834727e+00,2.599392204460472598e-04
4.170000000000003149e-01,-8.670906450415797329e-01,-4.981781772658741003e-01,-3.130102421698089277e+00,5.447915499252996341e+00,2.605640743410982943e-04
4.180000000000003157e-01,-8.702036119537805980e-01,-4.927204644089807628e-01,-3.095810921973948027e+00,5.467474305348100749e+00,2.611889282361474856e-04
4.190000000000003166e-01,-8.732822261496824279e-01,-4.872433006022180990e-01,-3.061397215118353277e+00,5.486817271031361187e+00,2.618137821311948880e-04
4.200000000000003175e-01,-8.763263661010124439e-01,-4.817469020684590486e-01,-3.026862659647889142e+00,5.505943632803035115e+00,2.624386360262404472e-04
4.210000000000003184e-01,-8.793359116404034781e-01,-4.762314857898037324e-01,-2.992208618848441581e+00,5.524852635713545013e+00,2.630634899212842175e-04
4.220000000000003193e-01,-8.823107439661365126e-01,-4.706972694990143591e-01,-2.957436460721392546e+00,5.543543533393264333e+00,2.636883438163261447e-04
4.230000000000003202e-01,-8.852507456468292624e-01,-4.651444716709204896e-01,-2.922547557929624507e+00,5.562015588081961504e+00,2.643131977113662287e-04
4.240000000000003211e-01,-8.881558006260703575e-01,-4.595733115137951019e-01,-2.887543287743343789e+00,5.580268070657907309e+00,2.649380516064044695e-04
4.250000000000003220e-01,-8.910257942269997899e-01,-4.539840089607016238e-01,-2.852425031985721837e+00,5.598300260666637662e+00,2.655629055014408673e-04
4.260000000000003229e-01,-8.938606131568344049e-01,-4.483767846608124330e-01,-2.817194176978356612e+00,5.616111446349378866e+00,2.661877593964754219e-04
4.270000000000003237e-01,-8.966601455113389907e-01,-4.427518599706992131e-01,-2.781852113486556810e+00,5.633700924671126486e+00,2.668126132915081333e-04
4.280000000000003246e-01,-8.994242807792428573e-01,-4.371094569455951651e-01,-2.746400236664450212e+00,5.651068001348381387e+00,2.674374671865389474e-04
4.290000000000003255e-01,-9.021529098466007923e-01,-4.314497983306297413e-01,-2.710839945999920175e+00,5.668211990876539375e+00,2.680623210815679183e-04
4.300000000000003264e-01,-9.048459250010992827e-01,-4.257731075520363451e-01,-2.675172645259370263e+00,5.685132216556937124e+00,2.686871749765949919e-04
4.310000000000003273e-01,-9.075032199363074481e-01,-4.200796087083328856e-01,-2.639399742432321005e+00,5.701828010523545487e+00,2.693120288716202224e-04
4.320000000000003282e-01,-9.101246897558723514e-01,-4.143695265614760204e-01,-2.603522649675839684e+00,5.718298713769321751e+00,2.699368827666435555e-04
4.330000000000003291e-01,-9.127102309776587985e-01,-4.086430865279890856e-01,-2.567542783258806249e+00,5.734543676172203064e+00,2.705617366616650454e-04
4.340000000000003300e-01,-9.152597415378328494e-01,-4.029005146700642692e-01,-2.531461563506015811e+00,5.750562256520758808e+00,2.711865905566846380e-04
4.350000000000003308e-01,-9.177731207948901515e-01,-3.971420376866394153e-01,-2.495280414742123476e+00,5.766353822539484142e+00,2.718114444517023332e-04
4.360000000000003317e-01,-9.202502695336274297e-01,-3.913678829044494045e-01,-2.459000765235429320e+00,5.781917750913745380e+00,2.724362983467181311e-04
4.370000000000003326e-01,-9.226910899690580203e-01,-3.855782782690531096e-01,-2.422624047141509251e+00,5.797253427314368324e+00,2.730611522417320317e-04
4.380000000000003335e-01,-9.250954857502711182e-01,-3.797734523358357039e-01,-2.386151696446691783e+00,5.812360246421876653e+00,2.736860061367440348e-04
4.390000000000003344e-01,-9.274633619642338456e-01,-3.739536342609869890e-01,-2.349585152911385144e+00,5.827237611950368823e+00,2.743108600317541407e-04
4.400000000000003353e-01,-9.297946251395371453e-01,-3.681190537924561301e-01,-2.312925860013253399e+00,5.841884936671044137e+00,2.749357139267623491e-04
4.410000000000003362e-01,-9.320891832500844965e-01,-3.622699412608829106e-01,-2.276175264890248240e+00,5.856301642435367327e+00,2.755605678217686060e-04
4.420000000000003371e-01,-9.343469457187237870e-01,-3.564065275705058933e-01,-2.239334818283495565e+00,5.870487160197879639e+00,2.761854217167729656e-04
4.430000000000003380e-01,-9.365678234208215658e-01,-3.505290441900482112e-01,-2.202405974480038608e+00,5.884440930038644879e+00,2.768102756117753736e-04
4.440000000000003388e-01,-9.387517286877806733e-01,-3.446377231435810429e-01,-2.165390191255444297e+00,5.898162401185338410e+00,2.774351295067758842e-04
4.450000000000003397e-01,-9.408985753104996963e-01,-3.387327970013649381e-01,-2.128288929816269714e+00,5.911651032034978215e+00,2.780599834017744433e-04
4.460000000000003406e-01,-9.430082785427753578e-01,-3.328144988706698282e-01,-2.091103654742394014e+00,5.924906290175287360e+00,2.786848372967710508e-04
4.470000000000003415e-01,-9.450807551046467303e-01,-3.268830623865738305e-01,-2.053835833929217536e+00,5.937927652405699419e+00,2.793096911917657610e-04
4.480000000000003424e-01,-9.471159231856819405e-01,-3.209387217027411809e-01,-2.016486938529729489e+00,5.950714604757998849e+00,2.799345450867585195e-04
4.490000000000003433e-01,-9.491137024482068085e-01,-3.149817114821796826e-01,-1.979058442896448833e+00,5.963266642516597216e+00,2.805593989817493266e-04
4.500000000000003442e-01,-9.510740140304750900e-01,-3.090122668879781154e-01,-1.941551824523237046e+00,5.975583270238442601e+00,2.811842528767381820e-04
4.510000000000003451e-01,-9.529967805497807642e-01,-3.030306235740237719e-01,-1.903968563986988105e+00,5.987664001772566635e+00,2.818091067717250859e-04
4.520000000000003459e-01,-9.548819261055120355e-01,-2.970370176757010094e-01,-1.866310144889197220e+00,5.999508360279261154e+00,2.824339606667099841e-04
4.530000000000003468e-01,-9.567293762821462710e-01,-2.910316858005703722e-01,-1.828578053797409675e+00,6.011115878248890709e+00,2.830588145616929306e-04
4.540000000000003477e-01,-9.585390581521872067e-01,-2.850148650190292288e-01,-1.790773780186552866e+00,6.022486097520333814e+00,2.836836684566739256e-04
4.550000000000003486e-01,-9.603109002790425341e-01,-2.789867928549543685e-01,-1.752898816380153990e+00,6.033618569299060042e+00,2.843085223516529148e-04
4.560000000000003495e-01,-9.620448327198434235e-01,-2.729477072763263346e-01,-1.714954657491445378e+00,6.044512854174831418e+00,2.849333762466299525e-04
4.570000000000003504e-01,-9.637407870282043154e-01,-2.668978466858366039e-01,-1.676942801364359692e+00,6.055168522139040554e+00,2.855582301416049844e-04
4.580000000000003513e-01,-9.653986962569244268e-01,-2.608374499114773371e-01,-1.638864748514417213e+00,6.065585152601669527e+00,2.861830840365780105e-04
4.590000000000003522e-01,-9.670184949606297486e-01,-2.547667561971144190e-01,-1.600722002069508987e+00,6.075762334407886378e+00,2.868079379315490850e-04
4.600000000000003531e-01,-9.686001191983554248e-01,-2.486860051930442905e-01,-1.562516067710575163e+00,6.085699665854262363e+00,2.874327918265181538e-04
4.610000000000003539e-01,-9.701435065360692889e-01,-2.425954369465344596e-01,-1.524248453612184750e+00,6.095396754704619724e+00,2.880576457214852168e-04
4.620000000000003548e-01,-9.716485960491360041e-01,-2.364952918923485248e-01,-1.485920670383015008e+00,6.104853218205503751e+00,2.886824996164502740e-04
4.630000000000003557e-01,-9.731153283247209185e-01,-2.303858108432558782e-01,-1.447534231006236460e+00,6.114068683101284485e+00,2.893073535114133255e-04
4.640000000000003566e-01,-9.745436454641350776e-01,-2.242672349805264753e-01,-1.409090650779803777e+00,6.123042785648878272e+00,2.899322074063743712e-04
4.650000000000003575e-01,-9.759334910851198419e-01,-2.181398058444110888e-01,-1.370591447256654938e+00,6.131775171632098953e+00,2.905570613013333569e-04
4.660000000000003584e-01,-9.772848103240719952e-01,-2.120037653246074072e-01,-1.332038140184822694e+00,6.140265496375631571e+00,2.911819151962903368e-04
4.670000000000003593e-01,-9.785975498382091242e-01,-2.058593556507122835e-01,-1.293432251447457881e+00,6.148513424758627721e+00,2.918067690912453109e-04
4.680000000000003602e-01,-9.798716578076743788e-01,-1.997068193826606886e-01,-1.254775305002769903e+00,6.156518631227928751e+00,2.924316229861982251e-04
4.690000000000003610e-01,-9.811070839375815034e-01,-1.935463994011515365e-01,-1.216068826823885063e+00,6.164280799810904377e+00,2.930564768811491335e-04
4.700000000000003619e-01,-9.823037794599999151e-01,-1.873783388980608811e-01,-1.177314344838624738e+00,6.171799624127920048e+00,2.936813307760979819e-04
4.710000000000003628e-01,-9.834616971358789428e-01,-1.812028813668428717e-01,-1.138513388869208054e+00,6.179074807404423275e+00,2.943061846710447703e-04
4.720000000000003637e-01,-9.845807912569122244e-01,-1.750202705929187752e-01,-1.099667490571877959e+00,6.186106062482649826e+00,2.949310385659894987e-04
4.730000000000003646e-01,-9.856610176473414864e-01,-1.688307506440545058e-01,-1.060778183376456907e+00,6.192893111832952435e+00,2.955558924609321672e-04
4.740000000000003655e-01,-9.867023336656999266e-01,-1.626345658607269706e-01,-1.021847002425830819e+00,6.199435687564748498e+00,2.961807463558727756e-04
4.750000000000003664e-01,-9.877046982064947578e-01,-1.564319608464797007e-01,-9.828754845153669928e-01,6.205733531437089390e+00,2.968056002508113241e-04
4.760000000000003673e-01,-9.886680717018296871e-01,-1.502231804582681296e-01,-9.438651680322660553e-01,6.211786394868845207e+00,2.974304541457478126e-04
4.770000000000003681e-01,-9.895924161229661120e-01,-1.440084697967947969e-01,-9.048175928948515301e-01,6.217594038948513813e+00,2.980553080406822411e-04
4.780000000000003690e-01,-9.904776949818241416e-01,-1.377880741968349754e-01,-8.657343004917988916e-01,6.223156234443642632e+00,2.986801619356146097e-04
4.790000000000003699e-01,-9.913238733324222229e-01,-1.315622392175530841e-01,-8.266168336213065571e-01,6.228472761809873859e+00,2.993050158305448640e-04
4.800000000000003708e-01,-9.921309177722565931e-01,-1.253312106328102193e-01,-7.874667364302114780e-01,6.233543411199604201e+00,2.999298697254730584e-04
4.810000000000003717e-01,-9.928987964436190028e-01,-1.190952344214632752e-01,-7.482855543530516629e-01,6.238367982470261808e+00,3.005547236203991385e-04
4.820000000000003726e-01,-9.936274790348544883e-01,-1.128545567576558634e-01,-7.090748340510777403e-01,6.242946285192204847e+00,3.011795775153231587e-04
4.830000000000003735e-01,-9.943169367815569704e-01,-1.066094240011016409e-01,-6.698361233512162283e-01,6.247278138656230162e+00,3.018044314102450647e-04
4.840000000000003744e-01,-9.949671424677049014e-01,-1.003600826873602553e-01,-6.305709711849868393e-01,6.251363371880704456e+00,3.024292853051648564e-04
4.850000000000003753e-01,-9.955780704267349623e-01,-9.410677951810637876e-02,-5.912809275273762655e-01,6.255201823618307344e+00,3.030541392000825340e-04
4.860000000000003761e-01,-9.961496965425551409e-01,-8.784976135139216380e-02,-5.519675433356709959e-01,6.258793342362392487e+00,3.036789930949981516e-04
4.870000000000003770e-01,-9.966819982504963038e-01,-8.158927519190360689e-02,-5.126323704882510546e-01,6.262137786352966806e+00,3.043038469899116008e-04
4.880000000000003779e-01,-9.971749545382028179e-01,-7.532556818121098619e-02,-4.732769617233477111e-01,6.265235023582279794e+00,3.049287008848229358e-04
4.890000000000003788e-01,-9.976285459464614425e-01,-6.905888758801403959e-02,-4.339028705777672190e-01,6.268084931800031789e+00,3.055535547797321567e-04
4.900000000000003797e-01,-9.980427545699698255e-01,-6.278948079838204965e-02,-3.945116513255830237e-01,6.270687398518196787e+00,3.061784086746392633e-04
4.910000000000003806e-01,-9.984175640580424949e-01,-5.651759530598932796e-02,-3.551048589167990488e-01,6.273042321015459777e+00,3.068032625695442557e-04
4.920000000000003815e-01,-9.987529596152565636e-01,-5.024347870234643909e-02,-3.156840489159862262e-01,6.275149606341269504e+00,3.074281164644470797e-04
4.930000000000003824e-01,-9.990489280020352636e-01,-4.396737866702756653e-02,-2.762507774408947681e-01,6.277009171319503977e+00,3.080529703593477896e-04
4.940000000000003832e-01,-9.993054575351706381e-01,-3.768954295789442993e-02,-2.368066011010446781e-01,6.278620942551753181e+00,3.086778242542463310e-04
4.950000000000003841e-01,-9.995225380882846178e-01,-3.141021940131706602e-02,-1.973530769362969450e-01,6.279984856420212758e+00,3.093026781491427040e-04
4.960000000000003850e-01,-9.997001610922284787e-01,-2.512965588239196926e-02,-1.578917623554077498e-01,6.281100859090194888e+00,3.099275320440369628e-04
4.970000000000003859e-01,-9.998383195354211272e-01,-1.884810033515784897e-02,-1.184242150745679761e-01,6.281968906512251039e+00,3.105523859389290532e-04
4.980000000000003868e-01,-9.999370079641257680e-01,-1.256580073280950602e-02,-7.895199305593082750e-02,6.282588964423911015e+00,3.111772398338189752e-04
4.990000000000003877e-01,-9.999962224826650647e-01,-6.283005077910144842e-03,-3.947665444612961233e-02,6.282961008351032994e+00,3.118020937287067289e-04
5.000000000000003331e-01,-1.000015960753575017e+00,3.860739747254399168e-08,2.424852117502429572e-07,6.283085023608770747e+00,3.124269476235923141e-04
5.010000000000003340e-01,-9.999962219976969990e-01,6.283082291180640960e-03,3.947713940697295670e-02,6.282961005302150070e+00,3.130518015184757309e-04
5.020000000000003348e-01,-9.999370069942088435e-01,1.256587794150671594e-02,7.895247798803410599e-02,6.282588958326265960e+00,3.136766554133569793e-04
5.030000000000003357e-01,-9.998383180805936465e-01,1.884817753623311415e-02,1.184246999587723892e-01,6.281968897366085436e+00,3.143015093082360050e-04
5.040000000000003366e-01,-9.997001591525478403e-01,2.512973307279693647e-02,1.578922471725564269e-01,6.281100846895870227e+00,3.149263632031128624e-04
5.050000000000003375e-01,-9.995225356638275382e-01,3.141029657800380182e-02,1.973535616672356663e-01,6.279984841178212207e+00,3.155512170979874972e-04
5.060000000000003384e-01,-9.993054546260328186e-01,3.768962011781554211e-02,2.368070857266226514e-01,6.278620924262679814e+00,3.161760709928599635e-04
5.070000000000003393e-01,-9.990489246083316122e-01,4.396745580713633250e-02,2.762512619419654203e-01,6.277009149984080771e+00,3.168009248877302073e-04
5.080000000000003402e-01,-9.987529557371211952e-01,5.024355581959691341e-02,3.156845332734079523e-01,6.275149581960340228e+00,3.174257787825982826e-04
5.090000000000003411e-01,-9.984175596956287313e-01,5.651767239733647419e-02,3.551053431114358228e-01,6.273042293589989882e+00,3.180506326774641354e-04
5.100000000000003419e-01,-9.980427497234499734e-01,6.278955786078185830e-02,3.945121353383053697e-01,6.270687368049270738e+00,3.186754865723277655e-04
5.110000000000003428e-01,-9.976285406160270153e-01,6.905896461842363221e-02,4.339033543894529332e-01,6.268084898288855733e+00,3.193003404671891730e-04
5.120000000000003437e-01,-9.971749487240643139e-01,7.532564517658876801e-02,4.732774453148825833e-01,6.265234987030179781e+00,3.199251943620483579e-04
5.130000000000003446e-01,-9.966819919528835392e-01,8.158935214920935708e-02,5.126328538405294788e-01,6.262137746761388790e+00,3.205500482569053201e-04
5.140000000000003455e-01,-9.961496897617168056e-01,8.784983826758717418e-02,5.519680264295969696e-01,6.258793299732902327e+00,3.211749021517600598e-04
5.150000000000003464e-01,-9.955780631629389532e-01,9.410685639015355097e-02,5.912814103438640556e-01,6.255201777952591691e+00,3.217997560466125226e-04
5.160000000000003473e-01,-9.949671347212382111e-01,1.003601595122242673e-01,6.305714537049617041e-01,6.251363323180570752e+00,3.224246099414627628e-04
5.170000000000003482e-01,-9.943169285527256873e-01,1.066095007757490165e-01,6.698366055556153054e-01,6.247278086923604867e+00,3.230494638363107804e-04
5.180000000000003491e-01,-9.936274703239836859e-01,1.128546334790551248e-01,7.090753159208506018e-01,6.242946230429134324e+00,3.236743177311565212e-04
5.190000000000003499e-01,-9.928987872510528501e-01,1.190953110865850401e-01,7.482860358691612035e-01,6.238367924678913212e+00,3.242991716260000394e-04
5.200000000000003508e-01,-9.921309080983581330e-01,1.253312872386273258e-01,7.874672175736346924e-01,6.233543350382263704e+00,3.249240255208412807e-04
5.210000000000003517e-01,-9.913238631775738163e-01,1.315623157610407434e-01,8.266173143730352058e-01,6.228472697968948424e+00,3.255488794156802452e-04
5.220000000000003526e-01,-9.904776843464269120e-01,1.377881506749708551e-01,8.657347808328403893e-01,6.223156167581657350e+00,3.261737333105169329e-04
5.230000000000003535e-01,-9.895924050074402789e-01,1.440085462065591460e-01,9.048180728062295008e-01,6.217593969068114568e+00,3.267985872053513438e-04
5.240000000000003544e-01,-9.886680601066143437e-01,1.502232567966438892e-01,9.438656474950212205e-01,6.211786321972796898e+00,3.274234411001834778e-04
5.250000000000003553e-01,-9.877046861320479820e-01,1.564320371104526430e-01,9.828759635105578374e-01,6.205733455528275044e+00,3.280482949950133350e-04
5.260000000000003562e-01,-9.867023211124987814e-01,1.626346420472858101e-01,1.021847480934534591e+00,6.199435608646171936e+00,3.286731488898409154e-04
5.270000000000003570e-01,-9.856610046158819083e-01,1.688308267501910376e-01,1.060778661379770060e+00,6.192893029907735603e+00,3.292980027846662190e-04
5.280000000000003579e-01,-9.845807777477090239e-01,1.750203466156279863e-01,1.099667968050916933e+00,6.186105977554034574e+00,3.299228566794892457e-04
5.290000000000003588e-01,-9.834616831494658040e-01,1.812029573031229968e-01,1.138513865805110159e+00,6.179074719475769584e+00,3.305477105743099414e-04
5.300000000000003597e-01,-9.823037649969295071e-01,1.873784147449136239e-01,1.177314821212549045e+00,6.171799533202706911e+00,3.311725644691283603e-04
5.310000000000003606e-01,-9.811070689984251469e-01,1.935464751555821261e-01,1.216069302617012626e+00,6.164280705892728918e+00,3.317974183639444481e-04
5.320000000000003615e-01,-9.798716423930222685e-01,1.997068950416780175e-01,1.254775780196305313e+00,6.156518534320506220e+00,3.324222722587582592e-04
5.330000000000003624e-01,-9.785975339486703284e-01,2.058594312113289915e-01,1.293432726022629264e+00,6.148513324865792384e+00,3.330471261535697391e-04
5.340000000000003633e-01,-9.772847939602742340e-01,2.120038407838400474e-01,1.332038614122882825e+00,6.140265393501334046e+00,3.336719800483788881e-04
5.350000000000003642e-01,-9.759334742477094871e-01,2.181398811992802111e-01,1.370591920538881681e+00,6.131775065780409761e+00,3.342968339431857060e-04
5.360000000000003650e-01,-9.745436281537773748e-01,2.242673102280567654e-01,1.409091123387501199e+00,6.123042676823984287e+00,3.349216878379901929e-04
5.370000000000003659e-01,-9.731153105420997651e-01,2.303858859804762682e-01,1.447534702920735494e+00,6.114068571307491595e+00,3.355465417327923488e-04
5.380000000000003668e-01,-9.716485777949538383e-01,2.364953669162923044e-01,1.485921141585674121e+00,6.104853103447234197e+00,3.361713956275921736e-04
5.390000000000003677e-01,-9.701434878110473115e-01,2.425955118542394151e-01,1.524248924084390611e+00,6.095396636986412986e+00,3.367962495223896673e-04
5.400000000000003686e-01,-9.686001000032333774e-01,2.486860799815527878e-01,1.562516537433743524e+00,6.085699545180775161e+00,3.374211034171848301e-04
5.410000000000003695e-01,-9.670184752961660246e-01,2.547668308634735701e-01,1.600722471025085136e+00,6.075762210783892669e+00,3.380459573119776076e-04
5.420000000000003704e-01,-9.653986761238958492e-01,2.608375244527390557e-01,1.638865216683877080e+00,6.065585026032059623e+00,3.386708112067680541e-04
5.430000000000003713e-01,-9.637407664274061370e-01,2.668979210990577999e-01,1.676943268729210290e+00,6.055168392628821117e+00,3.392956651015561153e-04
5.440000000000003721e-01,-9.620448116520895487e-01,2.729477815585689138e-01,1.714955124033226141e+00,6.044512721729126348e+00,3.399205189963418455e-04
5.450000000000003730e-01,-9.603108787451652972e-01,2.789868670032853992e-01,1.752899282080436549e+00,6.033618433923107816e+00,3.405453728911251904e-04
5.460000000000003739e-01,-9.585390361530372605e-01,2.850149390305211639e-01,1.790774245026942380e+00,6.022485959219490148e+00,3.411702267859061501e-04
5.470000000000003748e-01,-9.567293538185926982e-01,2.910317596723010491e-01,1.828578517759545496e+00,6.011115737028625894e+00,3.417950806806847245e-04
5.480000000000003757e-01,-9.548819031784422373e-01,2.970370914047538169e-01,1.866310607954753786e+00,5.999508216145161832e+00,3.424199345754609680e-04
5.490000000000003766e-01,-9.529967571601005716e-01,3.030306971574876496e-01,1.903969026137675158e+00,5.987663854730334023e+00,3.430447884702348261e-04
5.500000000000003775e-01,-9.510739901791084305e-01,3.090123403229478316e-01,1.941552285740800743e+00,5.975583120293893380e+00,3.436696423650062449e-04
5.510000000000003784e-01,-9.491136781360959285e-01,3.149817847657558900e-01,1.979058903162672634e+00,5.963266489675661752e+00,3.442944962597752783e-04
5.520000000000003793e-01,-9.471158984137872938e-01,3.209387948320304718e-01,2.016487397826434158e+00,5.950714449026722974e+00,3.449193501545419266e-04
5.530000000000003801e-01,-9.450807298739468676e-01,3.268831353586889588e-01,2.053836292238262473e+00,5.937927493790242650e+00,3.455442040493061895e-04
5.540000000000003810e-01,-9.430082528542670373e-01,3.328145716827297096e-01,2.091104112045678143e+00,5.924906128681923789e+00,3.461690579440680131e-04
5.550000000000003819e-01,-9.408985491651976618e-01,3.387328696504948722e-01,2.128289386095731484e+00,5.911650867670095622e+00,3.467939118388274513e-04
5.560000000000003828e-01,-9.387517020867177653e-01,3.446377956269127685e-01,2.165390646493063009e+00,5.898162233955438261e+00,3.474187657335844502e-04
5.570000000000003837e-01,-9.365677963650486104e-01,3.505291165047200175e-01,2.202406428657834869e+00,5.884440759950340549e+00,3.480436196283390638e-04
5.580000000000003846e-01,-9.343469182093095959e-01,3.564065997136626751e-01,2.239335271383532167e+00,5.870486987257899081e+00,3.486684735230912379e-04
5.590000000000003855e-01,-9.320891552881158670e-01,3.622700132296764464e-01,2.276175716894631051e+00,5.856301466650550402e+00,3.492933274178409726e-04
5.600000000000003864e-01,-9.297945967261186384e-01,3.681191255840450260e-01,2.312926310904130922e+00,5.841884758048343507e+00,3.499181813125882678e-04
5.610000000000003872e-01,-9.274633331004878967e-01,3.739537058725368457e-01,2.349585602670950735e+00,5.827237430496849058e+00,3.505430352073331235e-04
5.620000000000003881e-01,-9.250954564373379263e-01,3.797735237645192830e-01,2.386152145057183649e+00,5.812360062144714234e+00,3.511678891020755399e-04
5.630000000000003890e-01,-9.226910602080954371e-01,3.855783495120504445e-01,2.422624494585210897e+00,5.797253240220851644e+00,3.517927429968155167e-04
5.640000000000003899e-01,-9.202502393258110702e-01,3.913679539589478007e-01,2.459001211494670880e+00,5.781917561011272966e+00,3.524175968915530541e-04
5.650000000000003908e-01,-9.177730901414133946e-01,3.971421085498336723e-01,2.495280859799281714e+00,5.766353629835567318e+00,3.530424507862881521e-04
5.660000000000003917e-01,-9.152597104399065042e-01,4.029005853391567360e-01,2.531462007343515452e+00,5.750562061023018146e+00,3.536673046810207563e-04
5.670000000000003926e-01,-9.127101994365113269e-01,4.086431570001897717e-01,2.567543225859120426e+00,5.734543477888370155e+00,3.542921585757509212e-04
5.680000000000003935e-01,-9.101246577727497566e-01,4.143695968340027624e-01,2.603523091021490821e+00,5.718298512707238324e+00,3.549170124704785923e-04
5.690000000000003944e-01,-9.075031875124729419e-01,4.200796787784114028e-01,2.639400182505880821e+00,5.701827806691163403e+00,3.555418663652038240e-04
5.700000000000003952e-01,-9.048458921378337294e-01,4.257731774169003502e-01,2.675173084043461547e+00,5.685132009962315713e+00,3.561667202599265621e-04
5.710000000000003961e-01,-9.021528765452023757e-01,4.314498679875210518e-01,2.710840383477216786e+00,5.668211781527848991e+00,3.567915741546468064e-04
5.720000000000003970e-01,-8.994242470410269696e-01,4.371095263917638141e-01,2.746400672817677524e+00,5.651067789253900742e+00,3.574164280493645571e-04
5.730000000000003979e-01,-8.966601113376383436e-01,4.427519292034036158e-01,2.781852548298492600e+00,5.633700709839242649e+00,3.580412819440798684e-04
5.740000000000003988e-01,-8.938605785489988076e-01,4.483768536773193869e-01,2.817194610431831947e+00,5.616111228788587262e+00,3.586661358387926860e-04
5.750000000000003997e-01,-8.910257591863963711e-01,4.539840777582864750e-01,2.852425464063621963e+00,5.598300040385541188e+00,3.592909897335029557e-04
5.760000000000004006e-01,-8.881557651540832321e-01,4.595733800897419674e-01,2.887543718428608575e+00,5.580267847665216330e+00,3.599158436282107318e-04
5.770000000000004015e-01,-8.852507097448595319e-01,4.651445400225221460e-01,2.922547987205248887e+00,5.562015362386493855e+00,3.605406975229160141e-04
5.780000000000004023e-01,-8.823107076356022649e-01,4.706973376235724649e-01,2.957436888570427413e+00,5.543543305003943544e+00,3.611655514176188029e-04
5.790000000000004032e-01,-8.793358748827397875e-01,4.762315536846289943e-01,2.992209045253994226e+00,5.524852404639402081e+00,3.617904053123190437e-04
5.800000000000004041e-01,-8.763263289176712600e-01,4.817469697308711662e-01,3.026863084593124142e+00,5.505943399053206733e+00,3.624152592070167909e-04
5.810000000000004050e-01,-8.732821885421324648e-01,4.872433680295459868e-01,3.061397638586493386e+00,5.486817034615089739e+00,3.630401131017119902e-04
5.820000000000004059e-01,-8.702035739235072231e-01,4.927205315985626610e-01,3.095811343948274619e+00,5.467474066274733424e+00,3.636649669964046958e-04
5.830000000000004068e-01,-8.670906065900851889e-01,4.981782442150575752e-01,3.130102842161942789e+00,5.447915257531986022e+00,3.642898208910948536e-04
5.840000000000004077e-01,-8.639434094262653518e-01,5.036162904239295246e-01,3.164270779533896238e+00,5.428141380406738215e+00,3.649146747857824635e-04
5.850000000000004086e-01,-8.607621066677065835e-01,5.090344555463446330e-01,3.198313807246885521e+00,5.408153215408467496e+00,3.655395286804675255e-04
5.860000000000004095e-01,-8.575468238964247814e-01,5.144325256882102959e-01,3.232230581413251258e+00,5.387951551505444137e+00,3.661643825751500396e-04
5.870000000000004103e-01,-8.542976880358364999e-01,5.198102877486188156e-01,3.266019763127965714e+00,5.367537186093605861e+00,3.667892364698300059e-04
5.880000000000004112e-01,-8.510148273457499579e-01,5.251675294282590611e-01,3.299680018521480740e+00,5.346910924965097678e+00,3.674140903645074243e-04
5.890000000000004121e-01,-8.476983714173031981e-01,5.305040392377969871e-01,3.333210018812374997e+00,5.326073582276480423e+00,3.680389442591822948e-04
5.900000000000004130e-01,-8.443484511678498450e-01,5.358196065062239555e-01,3.366608440359800891e+00,5.305025980516612449e+00,3.686637981538546174e-04
5.910000000000004139e-01,-8.409651988357923491e-01,5.411140213891726392e-01,3.399873964715729890e+00,5.283768950474198256e+00,3.692886520485243380e-04
5.920000000000004148e-01,-8.375487479753630504e-01,5.463870748772009511e-01,3.433005278676992233e+00,5.262303331205013812e+00,3.699135059431915107e-04
5.930000000000004157e-01,-8.340992334513532835e-01,5.516385588040421117e-01,3.466001074337109689e+00,5.240629969998801485e+00,3.705383598378560813e-04
5.940000000000004166e-01,-8.306167914337911906e-01,5.568682658548222975e-01,3.498860049137920036e+00,5.218749722345841668e+00,3.711632137325181040e-04
5.950000000000004174e-01,-8.271015593925673537e-01,5.620759895742442058e-01,3.531580905920990610e+00,5.196663451903202890e+00,3.717880676271775246e-04
5.960000000000004183e-01,-8.235536760920096899e-01,5.672615243747366476e-01,3.564162352978818227e+00,5.174372030460667737e+00,3.724129215218343432e-04
5.970000000000004192e-01,-8.199732815854068324e-01,5.724246655445703880e-01,3.596603104105815518e+00,5.151876337906334591e+00,3.730377754164885596e-04
5.980000000000004201e-01,-8.163605172094808848e-01,5.775652092559390161e-01,3.628901878649078760e+00,5.129177262191907616e+00,3.736626293111401740e-04
5.990000000000004210e-01,-8.127155255788094390e-01,5.826829525730050641e-01,3.661057401558938107e+00,5.106275699297660786e+00,3.742874832057891863e-04
6.000000000000004219e-01,-8.090384505801971882e-01,5.877776934599107106e-01,3.693068403439286218e+00,5.083172553197090160e+00,3.749123371004355965e-04
6.010000000000004228e-01,-8.053294373669972472e-01,5.928492307887536228e-01,3.724933620597684403e+00,5.059868735821247299e+00,3.755371909950794046e-04
6.020000000000004237e-01,-8.015886323533826241e-01,5.978973643475261612e-01,3.756651795095243163e+00,5.036365167022760936e+00,3.761620448897206107e-04
6.030000000000004245e-01,-7.978161832085675087e-01,6.029218948480190576e-01,3.788221674796275806e+00,5.012662774539545119e+00,3.767868987843592146e-04
6.040000000000004254e-01,-7.940122388509798235e-01,6.079226239336883442e-01,3.819642013417725135e+00,4.988762493958195599e+00,3.774117526789951623e-04
6.050000000000004263e-01,-7.901769494423835916e-01,6.128993541874856454e-01,3.850911570578356979e+00,4.964665268677078025e+00,3.780366065736285078e-04
6.060000000000004272e-01,-7.863104663819527884e-01,6.178518891396513890e-01,3.882029111847721925e+00,4.940372049869107052e+00,3.786614604682591971e-04
6.070000000000004281e-01,-7.824129423002962325e-01,6.227800332754704904e-01,3.912993408794882555e+00,4.915883796444215470e+00,3.792863143628872301e-04
6.080000000000004290e-01,-7.784845310534335150e-01,6.276835920429905125e-01,3.943803239036904884e+00,4.891201475011525801e+00,3.799111682575126610e-04
6.090000000000004299e-01,-7.745253877167230794e-01,6.325623718607019663e-01,3.974457386287109095e+00,4.866326059841209251e+00,3.805360221521354356e-04
6.100000000000004308e-01,-7.705356685787420057e-01,6.374161801251800874e-01,4.004954640403082244e+00,4.841258532826048011e+00,3.811608760467555539e-04
6.110000000000004317e-01,-7.665155311351177225e-01,6.422448252186878648e-01,4.035293797434448493e+00,4.815999883442692919e+00,3.817857299413730159e-04
6.120000000000004325e-01,-7.624651340823122014e-01,6.470481165167408788e-01,4.065473659670391093e+00,4.790551108712626238e+00,3.824105838359878216e-04
6.130000000000004334e-01,-7.583846373113587447e-01,6.518258643956319487e-01,4.095493035686935457e+00,4.764913213162822458e+00,3.830354377305999710e-04
6.140000000000004343e-01,-7.542742019015514776e-01,6.565778802399173664e-01,4.125350740393979088e+00,4.739087208786114225e+00,3.836602916252094641e-04
6.150000000000004352e-01,-7.501339901140883226e-01,6.613039764498623851e-01,4.155045595082072829e+00,4.713074115001266051e+00,3.842851455198162468e-04
6.160000000000004361e-01,-7.459641653856668997e-01,6.660039664488474065e-01,4.184576427468950754e+00,4.686874958612749609e+00,3.849099994144203731e-04
6.170000000000004370e-01,-7.417648923220342416e-01,6.706776646907330885e-01,4.213942071745807816e+00,4.660490773770233019e+00,3.855348533090217889e-04
6.180000000000004379e-01,-7.375363366914902130e-01,6.753248866671854866e-01,4.243141368623319032e+00,4.633922601927776164e+00,3.861597072036205484e-04
6.190000000000004388e-01,-7.332786654183451880e-01,6.799454489149598935e-01,4.272173165377406434e+00,4.607171491802740881e+00,3.867845610982165974e-04
6.200000000000004396e-01,-7.289920465763319868e-01,6.845391690231431570e-01,4.301036315894742224e+00,4.580238499334411628e+00,3.874094149928099902e-04
6.210000000000004405e-01,-7.246766493819726263e-01,6.891058656403552529e-01,4.329729680717994356e+00,4.553124687642331025e+00,3.880342688874006724e-04
6.220000000000004414e-01,-7.203326441878996622e-01,6.936453584819082252e-01,4.358252127090808337e+00,4.525831126984356523e+00,3.886591227819886441e-04
6.230000000000004423e-01,-7.159602024761327899e-01,6.981574683369234924e-01,4.386602529002525230e+00,4.498358894714429290e+00,3.892839766765739053e-04
6.240000000000004432e-01,-7.115594968513110352e-01,7.026420170754069661e-01,4.414779767232633212e+00,4.470709075240066888e+00,3.899088305711564560e-04
6.250000000000004441e-01,-7.071307010338805377e-01,7.070988276552808705e-01,4.442782729394953556e+00,4.442882759979575269e+00,3.905336844657362962e-04
6.260000000000004450e-01,-7.026739898532380346e-01,7.115277241293731514e-01,4.470610309981552177e+00,4.414881047318986340e+00,3.911585383603134259e-04
6.270000000000004459e-01,-6.981895392408309364e-01,7.159285316523638087e-01,4.498261410406384719e+00,4.386705042568717516e+00,3.917833922548877908e-04
6.280000000000004468e-01,-6.936775262232135475e-01,7.203010764876871530e-01,4.525734939048667194e+00,4.358355857919961274e+00,3.924082461494594453e-04
6.290000000000004476e-01,-6.891381289150605438e-01,7.246451860143908741e-01,4.553029811295971285e+00,4.329834612400798477e+00,3.930331000440283893e-04
6.300000000000004485e-01,-6.845715265121368187e-01,7.289606887339508123e-01,4.580144949587042547e+00,4.301142431832048807e+00,3.936579539385945685e-04
6.310000000000004494e-01,-6.799778992842253622e-01,7.332474142770413206e-01,4.607079283454345031e+00,4.272280448782844076e+00,3.942828078331580373e-04
6.320000000000004503e-01,-6.753574285680120637e-01,7.375051934102616613e-01,4.633831749566318159e+00,4.243249802525943970e+00,3.949076617277187413e-04
6.330000000000004512e-01,-6.707102967599289922e-01,7.417338580428167738e-01,4.660401291769360910e+00,4.214051638992780902e+00,3.955325156222766806e-04
6.340000000000004521e-01,-6.660366873089554884e-01,7.459332412331536322e-01,4.686786861129525583e+00,4.184687110728243731e+00,3.961573695168318552e-04
6.350000000000004530e-01,-6.613367847093775120e-01,7.501031771955519734e-01,4.712987415973932670e+00,4.155157376845202144e+00,3.967822234113842651e-04
6.360000000000004539e-01,-6.566107744935064661e-01,7.542435013066690619e-01,4.739001921931895289e+00,4.125463602978769018e+00,3.974070773059339644e-04
6.370000000000004547e-01,-6.518588432243562769e-01,7.583540501120396016e-01,4.764829351975757632e+00,4.095606961240306099e+00,3.980319312004808449e-04
6.380000000000004556e-01,-6.470811784882800621e-01,7.624346613325282407e-01,4.790468686461442971e+00,4.065588630171177442e+00,3.986567850950249606e-04
6.390000000000004565e-01,-6.422779688875663862e-01,7.664851738707366691e-01,4.815918913168710347e+00,4.035409794696242614e+00,3.992816389895663116e-04
6.400000000000004574e-01,-6.374494040329955480e-01,7.705054278173638638e-01,4.841179027341120822e+00,4.005071646077102088e+00,3.999064928841048979e-04
6.410000000000004583e-01,-6.325956745363557898e-01,7.744952644575191503e-01,4.866248031725705303e+00,3.974575381865092627e+00,4.005313467786406653e-04
6.420000000000004592e-01,-6.277169720029202038e-01,7.784545262769883012e-01,4.891124936612340157e+00,3.943922205854031748e+00,4.011562006731736680e-04
6.430000000000004601e-01,-6.228134890238843369e-01,7.823830569684523395e-01,4.915808759872822620e+00,3.913113328032717497e+00,4.017810545677038517e-04
6.440000000000004610e-01,-6.178854191687647157e-01,7.862807014376588244e-01,4.940298526999648665e+00,3.882149964537183529e+00,4.024059084622312707e-04
6.450000000000004619e-01,-6.129329569777590692e-01,7.901473058095449531e-01,4.964593271144490672e+00,3.851033337602711271e+00,4.030307623567558708e-04
6.460000000000004627e-01,-6.079562979540678036e-01,7.939827174343125904e-01,4.988692033156370442e+00,3.819764675515600505e+00,4.036556162512776520e-04
6.470000000000004636e-01,-6.029556385561779530e-01,7.977867848934554473e-01,5.012593861619533797e+00,3.788345212564701914e+00,4.042804701457966142e-04
6.480000000000004645e-01,-5.979311761901090483e-01,8.015593580057369660e-01,5.036297812891013415e+00,3.756776188992712484e+00,4.049053240403127575e-04
6.490000000000004654e-01,-5.928831092016215720e-01,8.053002878331197989e-01,5.059802951137889693e+00,3.725058850947235101e+00,4.055301779348260819e-04
6.500000000000004663e-01,-5.878116368683885540e-01,8.090094266866461048e-01,5.083108348374243413e+00,3.693194450431605880e+00,4.061550318293365874e-04
6.510000000000004672e-01,-5.827169593921301960e-01,8.126866281322688845e-01,5.106213084497796650e+00,3.661184245255489245e+00,4.067798857238442739e-04
6.520000000000004681e-01,-5.775992778907118597e-01,8.163317469966331341e-01,5.129116247326243716e+00,3.629029498985244739e+00,4.074047396183491415e-04
6.530000000000004690e-01,-5.724587943902063047e-01,8.199446393728079263e-01,5.151816932633270341e+00,3.596731480894065580e+00,4.080295935128511902e-04
6.540000000000004698e-01,-5.672957118169198454e-01,8.235251626259678659e-01,5.174314244184259337e+00,3.564291465911892498e+00,4.086544474073503658e-04
6.550000000000004707e-01,-5.621102339893825350e-01,8.270731753990251400e-01,5.196607293771679181e+00,3.531710734575103317e+00,4.092793013018467224e-04
6.560000000000004716e-01,-5.569025656103039346e-01,8.305885376182103874e-01,5.218695201250157290e+00,3.498990572975982261e+00,4.099041551963402059e-04
6.570000000000004725e-01,-5.516729122584934641e-01,8.340711104986032742e-01,5.240577094571235328e+00,3.466132272711968998e+00,4.105290090908308162e-04
6.580000000000004734e-01,-5.464214803807460052e-01,8.375207565496124440e-01,5.262252109817806556e+00,3.433137130834690076e+00,4.111538629853186077e-04
6.590000000000004743e-01,-5.411484772836938628e-01,8.409373395804037310e-01,5.283719391238227203e+00,3.400006449798776753e+00,4.117787168798035260e-04
6.600000000000004752e-01,-5.358541111256239775e-01,8.443207247052778586e-01,5.304978091280112551e+00,3.366741537410465668e+00,4.124035707742855711e-04
6.610000000000004761e-01,-5.305385909082621643e-01,8.476707783489960679e-01,5.326027370623805268e+00,3.333343706775992121e+00,4.130284246687647431e-04
6.620000000000004770e-01,-5.252021264685237112e-01,8.509873682520542326e-01,5.346866398215520455e+00,3.299814276249771527e+00,4.136532785632410420e-04
6.630000000000004778e-01,-5.198449284702311157e-01,8.542703634759050146e-01,5.367494351300162947e+00,3.266154569382375250e+00,4.142781324577144678e-04
6.640000000000004787e-01,-5.144672083957989583e-01,8.575196344081279509e-01,5.387910415453821322e+00,3.232365914868299051e+00,4.149029863521849662e-04
6.650000000000004796e-01,-5.090691785378868017e-01,8.607350527675473595e-01,5.408113784615927955e+00,3.198449646493529919e+00,4.155278402466525915e-04
6.660000000000004805e-01,-5.036510519910197825e-01,8.639164916092971769e-01,5.428103661121093104e+00,3.164407103082911732e+00,4.161526941411173436e-04
6.670000000000004814e-01,-4.982130426431777281e-01,8.670638253298337261e-01,5.447879255730606829e+00,3.130239628447311517e+00,4.167775480355791684e-04
6.680000000000004823e-01,-4.927553651673527990e-01,8.701769296718950830e-01,5.467439787663607831e+00,3.095948571330587651e+00,4.174024019300381200e-04
6.690000000000004832e-01,-4.872782350130763218e-01,8.732556817294075957e-01,5.486784484627917458e+00,3.061535285356365765e+00,4.180272558244941443e-04
6.700000000000004841e-01,-4.817818683979146477e-01,8.762999599523386696e-01,5.505912582850544190e+00,3.027001128974619260e+00,4.186521097189472413e-04
6.710000000000004849e-01,-4.762664822989349789e-01,8.793096441514967054e-01,5.524823327107843518e+00,2.992347465408060625e+00,4.192769636133974651e-04
6.720000000000004858e-01,-4.707322944441409973e-01,8.822846155032767479e-01,5.543515970755349187e+00,2.957575662598343147e+00,4.199018175078447616e-04
6.730000000000004867e-01,-4.651795233038790167e-01,8.852247565543523988e-01,5.561989775757261611e+00,2.922687093152077864e+00,4.205266714022891307e-04
6.740000000000004876e-01,-4.596083880822146583e-01,8.881299512263138851e-01,5.580244012715594337e+00,2.887683134286663567e+00,4.211515252967305725e-04
6.750000000000004885e-01,-4.540191087082806054e-01,8.910000848202515034e-01,5.598277960898984773e+00,2.852565167775938271e+00,4.217763791911690869e-04
6.760000000000004894e-01,-4.484119058275957137e-01,8.938350440212849968e-01,5.616090908271162085e+00,2.817334579895645952e+00,4.224012330856046198e-04
6.770000000000004903e-01,-4.427870007933557561e-01,8.966347169030378650e-01,5.633682151519068704e+00,2.781992761368730527e+00,4.230260869800372254e-04
6.780000000000004912e-01,-4.371446156576964670e-01,8.993989929320573840e-01,5.651050996080640765e+00,2.746541107310449092e+00,4.236509408744669036e-04
6.790000000000004921e-01,-4.314849731629286644e-01,9.021277629721794478e-01,5.668196756172241280e+00,2.710981017173315522e+00,4.242757947688936002e-04
6.800000000000004929e-01,-4.258082967327463386e-01,9.048209192888377883e-01,5.685118754815749575e+00,2.675313894691870864e+00,4.249006486633173695e-04
6.810000000000004938e-01,-4.201148104634075953e-01,9.074783555533189050e-01,5.701816323865301683e+00,2.639541147827284995e+00,4.255255025577381572e-04
6.820000000000004947e-01,-4.144047391148892867e-01,9.100999668469603732e-01,5.718288804033681672e+00,2.603664188711789951e+00,4.261503564521560176e-04
6.830000000000004956e-01,-4.086783081020153308e-01,9.126856496652945294e-01,5.734535544918364813e+00,2.567684433592950732e+00,4.267752103465708964e-04
6.840000000000004965e-01,-4.029357434855590503e-01,9.152353019221355357e-01,5.750555905027209036e+00,2.531603302777771347e+00,4.274000642409827937e-04
6.850000000000004974e-01,-3.971772719633202553e-01,9.177488229536110431e-01,5.766349251803796427e+00,2.495422220576641870e+00,4.280249181353917094e-04
6.860000000000004983e-01,-3.914031208611767343e-01,9.202261135221372346e-01,5.781914961652420359e+00,2.459142615247126518e+00,4.286497720297976436e-04
6.870000000000004992e-01,-3.856135181241114873e-01,9.226670758203380229e-01,5.797252419962720893e+00,2.422765918937594964e+00,4.292746259242005962e-04
6.880000000000005000e-01,-3.798086923072149790e-01,9.250716134749076280e-01,5.812361021133963135e+00,2.386293567630701773e+00,4.298994798186005673e-04
6.890000000000005009e-01,-3.739888725666636327e-01,9.274396315504163102e-01,5.827240168598962988e+00,2.349727001086712619e+00,4.305243337129975568e-04
6.900000000000005018e-01,-3.681542886506744550e-01,9.297710365530598153e-01,5.841889274847654967e+00,2.313067662786682188e+00,4.311491876073915105e-04
6.910000000000005027e-01,-3.623051708904362345e-01,9.320657364343516438e-01,5.856307761450303850e+00,2.276316999875483749e+00,4.317740415017824827e-04
6.920000000000005036e-01,-3.564417501910178698e-01,9.343236405947582535e-01,5.870495059080354849e+00,2.239476463104695725e+00,4.323988953961704191e-04
6.930000000000005045e-01,-3.505642580222538274e-01,9.365446598872770867e-01,5.884450607536929390e+00,2.202547506775343056e+00,4.330237492905553739e-04
6.940000000000005054e-01,-3.446729264096072831e-01,9.387287066209575315e-01,5.898173855766956741e+00,2.165531588680501773e+00,4.336486031849372930e-04
6.950000000000005063e-01,-3.387679879250116155e-01,9.408756945643641512e-01,5.911664261886945937e+00,2.128430170047761472e+00,4.342734570793162305e-04
6.960000000000005071e-01,-3.328496756776898602e-01,9.429855389489822937e-01,5.924921293204397088e+00,2.091244715481554994e+00,4.348983109736921323e-04
6.970000000000005080e-01,-3.269182233049533481e-01,9.450581564725659689e-01,5.937944426238850326e+00,2.053976692905354007e+00,4.355231648680649983e-04
6.980000000000005089e-01,-3.209738649629791940e-01,9.470934653024281058e-01,5.950733146742567925e+00,2.016627573503731341e+00,4.361480187624348285e-04
6.990000000000005098e-01,-3.150168353175673563e-01,9.490913850786726336e-01,5.963286949720855823e+00,1.979198831664297442e+00,4.367728726568016230e-04
7.000000000000005107e-01,-3.090473695348777139e-01,9.510518369173683872e-01,5.975605339452017439e+00,1.941691944919507806e+00,4.373977265511653817e-04
7.010000000000005116e-01,-3.030657032721471578e-01,9.529747434136646156e-01,5.987687829506942450e+00,1.904108393888346740e+00,4.380225804455261046e-04
7.020000000000005125e-01,-2.970720726683873103e-01,9.548600286448486463e-01,5.999533942768332295e+00,1.866449662217889216e+00,4.386474343398837376e-04
7.030000000000005134e-01,-2.910667143350633701e-01,9.567076181733444873e-01,6.011143211449549995e+00,1.828717236524743051e+00,4.392722882342383348e-04
7.040000000000005143e-01,-2.850498653467540833e-01,9.585174390496530306e-01,6.022515177113111129e+00,1.790912606336373392e+00,4.398971421285898420e-04
7.050000000000005151e-01,-2.790217632317935625e-01,9.602894198152336358e-01,6.033649390688800018e+00,1.753037264032311304e+00,4.405219960229383135e-04
7.060000000000005160e-01,-2.729826459628951207e-01,9.620234905053266505e-01,6.044545412491416414e+00,1.715092704785251332e+00,4.411468499172836949e-04
7.070000000000005169e-01,-2.669327519477574517e-01,9.637195826517170882e-01,6.055202812238157151e+00,1.677080426502036481e+00,4.417717038116260406e-04
7.080000000000005178e-01,-2.608723200196537695e-01,9.653776292854392427e-01,6.065621169065618545e+00,1.639001929764536625e+00,4.423965577059652964e-04
7.090000000000005187e-01,-2.548015894280040716e-01,9.669975649394221273e-01,6.075800071546433756e+00,1.600858717770420103e+00,4.430214116003014621e-04
7.100000000000005196e-01,-2.487207998289309163e-01,9.685793256510757399e-01,6.085739117705535328e+00,1.562652296273822516e+00,4.436462654946345379e-04
7.110000000000005205e-01,-2.426301912757991008e-01,9.701228489648174858e-01,6.095437915036045595e+00,1.524384173525913377e+00,4.442711193889645237e-04
7.120000000000005214e-01,-2.365300042097397415e-01,9.716280739345397599e-01,6.104896080514791379e+00,1.486055860215364621e+00,4.448959732832914195e-04
7.130000000000005222e-01,-2.304204794501589493e-01,9.730949411260175763e-01,6.114113240617445655e+00,1.447668869408723191e+00,4.455208271776152254e-04
7.140000000000005231e-01,-2.243018581852316007e-01,9.745233926192564677e-01,6.123089031333295296e+00,1.409224716490687701e+00,4.461456810719359413e-04
7.150000000000005240e-01,-2.181743819623804259e-01,9.759133720107808774e-01,6.131823098179632225e+00,1.370724919104295170e+00,4.467705349662535129e-04
7.160000000000005249e-01,-2.120382926787409972e-01,9.772648244158624875e-01,6.140315096215770652e+00,1.332170997091017384e+00,4.473953888605679947e-04
7.170000000000005258e-01,-2.058938325716129225e-01,9.785776964706887071e-01,6.148564690056682380e+00,1.293564472430770218e+00,4.480202427548793322e-04
7.180000000000005267e-01,-1.997412442088974116e-01,9.798519363344709854e-01,6.156571553886261761e+00,1.254906869181838802e+00,4.486450966491875797e-04
7.190000000000005276e-01,-1.935807704795219630e-01,9.810874936914931732e-01,6.164335371470208713e+00,1.216199713420719863e+00,4.492699505434926831e-04
7.200000000000005285e-01,-1.874126545838522284e-01,9.822843197530997106e-01,6.171855836168533394e+00,1.177444533181883912e+00,4.498948044377946423e-04
7.210000000000005294e-01,-1.812371400240916364e-01,9.834423672596233068e-01,6.179132650947686933e+00,1.138642858397460822e+00,4.505196583320935115e-04
7.220000000000005302e-01,-1.750544705946690538e-01,9.845615904822524467e-01,6.186165528392305824e+00,1.099796220836849248e+00,4.511445122263892365e-04
7.230000000000005311e-01,-1.688648903726148176e-01,9.856419452248385005e-01,6.192954190716582374e+00,1.060906154046253658e+00,4.517693661206818173e-04
7.240000000000005320e-01,-1.626686437079257197e-01,9.866833888256423268e-01,6.199498369775255036e+00,1.021974193288150978e+00,4.523942200149712540e-04
7.250000000000005329e-01,-1.564659752139191118e-01,9.876858801590199244e-01,6.205797807074212358e+00,9.830018754806889580e-01,4.530190739092575464e-04
7.260000000000005338e-01,-1.502571297575766296e-01,9.886493796370482423e-01,6.211852253780724809e+00,9.439907391370191414e-01,4.536439278035406405e-04
7.270000000000005347e-01,-1.440423524498777863e-01,9.895738492110893736e-01,6.217661470733285789e+00,9.049423243045666698e-01,4.542687816978205903e-04
7.280000000000005356e-01,-1.378218886361240458e-01,9.904592523732946852e-01,6.223225228451079616e+00,8.658581725042386878e-01,4.548936355920973960e-04
7.290000000000005365e-01,-1.315959838862535425e-01,9.913055541580479968e-01,6.228543307143062258e+00,8.267398266695751285e-01,4.555184894863710033e-04
7.300000000000005373e-01,-1.253648839851469188e-01,9.921127211433474757e-01,6.233615496716661042e+00,7.875888310858426555e-01,4.561433433806414664e-04
7.310000000000005382e-01,-1.191288349229246979e-01,9.928807214521270241e-01,6.238441596786089782e+00,7.484067313290754253e-01,4.567681972749087311e-04
7.320000000000005391e-01,-1.128880828852364543e-01,9.936095247535166042e-01,6.243021416680286428e+00,7.091950742050643353e-01,4.573930511691728516e-04
7.330000000000005400e-01,-1.066428742435423099e-01,9.942991022640413901e-01,6.247354775450459030e+00,6.699554076882977549e-01,4.580179050634337738e-04
7.340000000000005409e-01,-1.003934555453870336e-01,9.949494267487598576e-01,6.251441501877254225e+00,6.306892808608556278e-01,4.586427589576914975e-04
7.350000000000005418e-01,-9.414007350466718771e-02,9.955604725223409224e-01,6.255281434477540259e+00,5.913982438512593864e-01,4.592676128519460228e-04
7.360000000000005427e-01,-8.788297499189168249e-02,9.961322154500797943e-01,6.258874421510803643e+00,5.520838477732807892e-01,4.598924667461973498e-04
7.370000000000005436e-01,-8.162240702443609996e-02,9.966646329488525469e-01,6.262220320985163902e+00,5.127476446647110109e-01,4.605173206404454783e-04
7.380000000000005445e-01,-7.535861675679123017e-02,9.971577039880095139e-01,6.265319000663001958e+00,4.733911874260930963e-01,4.611421745346904084e-04
7.390000000000005453e-01,-6.909185147080615375e-02,9.976114090902074016e-01,6.268170338066203051e+00,4.340160297594205518e-01,4.617670284289320860e-04
7.400000000000005462e-01,-6.282235856592625900e-02,9.980257303321801166e-01,6.270774220481017736e+00,3.946237261068032409e-01,4.623918823231705651e-04
7.410000000000005471e-01,-5.655038554942663775e-02,9.984006513454480869e-01,6.273130544962532085e+00,3.552158315891043028e-01,4.630167362174058459e-04
7.420000000000005480e-01,-5.027618002664115820e-02,9.987361573169665219e-01,6.275239218338755975e+00,3.157939019445497597e-01,4.636415901116378740e-04
7.430000000000005489e-01,-4.399998969118763814e-02,9.990322349897118315e-01,6.277100157214326792e+00,2.763594934673136994e-01,4.642664440058667037e-04
7.440000000000005498e-01,-3.772206231518957648e-02,9.992888726632069840e-01,6.278713287973821444e+00,2.369141629460807530e-01,4.648912979000922809e-04
7.450000000000005507e-01,-3.144264573949466512e-02,9.995060601939853573e-01,6.280078546784690019e+00,1.974594676025892837e-01,4.655161517943146054e-04
7.460000000000005516e-01,-2.516198786389064329e-02,9.996837889959930834e-01,6.281195879599795973e+00,1.579969650301567829e-01,4.661410056885336773e-04
7.470000000000005524e-01,-1.888033663731876130e-02,9.998220520409294432e-01,6.282065242159576179e+00,1.185282131321905574e-01,4.667658595827495508e-04
7.480000000000005533e-01,-1.259794004808529461e-02,9.999208438585268643e-01,6.282686599993809295e+00,7.905477006068570289e-02,4.673907134769621718e-04
7.490000000000005542e-01,-6.315046114071475730e-03,9.999801605367683033e-01,6.283059928423002205e+00,3.957819415471307972e-02,4.680155673711715401e-04
7.500000000000005551e-01,-3.190287294223530939e-05,9.999999997220436754e-01,6.283185212559386557e+00,1.000438788995999806e-04,4.686404212653776016e-04
7.510000000000005560e-01,6.251241627645863497e-03,9.999803606192447791e-01,6.283062447307529830e+00,-3.937812223809680073e-02,4.692652751595804105e-04
7.520000000000005569e-01,1.253413933983709913e-02,9.999212439917982698e-01,6.282691637364561821e+00,-7.885474566511499472e-02,4.698901290537799667e-04
7.530000000000005578e-01,1.881654222536911433e-02,9.998226521616377926e-01,6.282072797220011218e+00,-1.183282679300188545e-01,4.705149829479762704e-04
7.540000000000005587e-01,2.509820226536506327e-02,9.996845890091137221e-01,6.281205951155257594e+00,-1.577971306812234187e-01,4.711398368421692673e-04
7.550000000000005596e-01,3.137887147012503875e-02,9.995070599728423932e-01,6.280091133242597046e+00,-1.972597757492166592e-01,4.717646907363590115e-04
7.560000000000005604e-01,3.765830188891634150e-02,9.992900720494927169e-01,6.278728387343919692e+00,-2.367146452080742536e-01,4.723895446305454490e-04
7.570000000000005613e-01,4.393624561976226806e-02,9.990336337935122879e-01,6.277117767109001711e+00,-2.761601814369651353e-01,4.730143985247285796e-04
7.580000000000005622e-01,5.021245481922898685e-02,9.987377553167913202e-01,6.275259335973412789e+00,-3.155948271816452211e-01,4.736392524189084034e-04
7.590000000000005631e-01,5.648668171221010725e-02,9.984024482882652984e-01,6.273153167156032772e+00,-3.550170256159370097e-01,4.742641063130849746e-04
7.600000000000005640e-01,6.275867860170859791e-02,9.980277259334563444e-01,6.270799343656184632e+00,-3.944252204031925002e-01,4.748889602072582389e-04
7.610000000000005649e-01,6.902819787861562417e-02,9.976136030339527450e-01,6.268197958250384616e+00,-4.338178557577372918e-01,4.755138141014281965e-04
7.620000000000005658e-01,7.529499203148597164e-02,9.971600959268274167e-01,6.265349113488698940e+00,-4.731933765062928954e-01,4.761386679955948473e-04
7.630000000000005667e-01,8.155881365630961166e-02,9.966672225039948652e-01,6.262252921690721230e+00,-5.125502281493754531e-01,4.767635218897581370e-04
7.640000000000005675e-01,8.781941546627902717e-02,9.961350022115065261e-01,6.258909504941160051e+00,-5.518868569226680343e-01,4.773883757839181199e-04
7.650000000000005684e-01,9.407655030155202824e-02,9.955634560487850448e-01,6.255318995085044520e+00,-5.912017098583641772e-01,4.780132296780747960e-04
7.660000000000005693e-01,1.003299711390094190e-01,9.949526065677970488e-01,6.251481533722540895e+00,-6.304932348464802327e-01,4.786380835722281110e-04
7.670000000000005702e-01,1.065794311020074742e-01,9.943024778721646362e-01,6.247397272203386365e+00,-6.697598806961343465e-01,4.792629374663781193e-04
7.680000000000005711e-01,1.128246834701245177e-01,9.936130956162159134e-01,6.243066371620937360e+00,-7.090000971967893584e-01,4.798877913605247665e-04
7.690000000000005720e-01,1.190654816889014089e-01,9.928844870039735815e-01,6.238489002805831518e+00,-7.482123351794569555e-01,4.805126452546681069e-04
7.700000000000005729e-01,1.253015793795755062e-01,9.921166807880832383e-01,6.233665346319269496e+00,-7.873950465778616348e-01,4.811374991488080862e-04
7.710000000000005738e-01,1.315327303488076915e-01,9.913097072686799516e-01,6.228595592445906881e+00,-8.265466844895609233e-01,4.817623530429447046e-04
7.720000000000005747e-01,1.377586885984021514e-01,9.904635982921937698e-01,6.223279941186365960e+00,-8.656657032370199678e-01,4.823872069370779619e-04
7.730000000000005755e-01,1.439792083350183993e-01,9.895783872500945044e-01,6.217718602249364679e+00,-9.047505584286383851e-01,4.830120608312078582e-04
7.740000000000005764e-01,1.501940439798752636e-01,9.886541090775750051e-01,6.211911795043456586e+00,-9.437997070197263749e-01,4.836369147253343935e-04
7.750000000000005773e-01,1.564029501784465204e-01,9.876908002521741503e-01,6.205859748668395959e+00,-9.828116073734278757e-01,4.842617686194575677e-04
7.760000000000005782e-01,1.626056818101475065e-01,9.866884987923383310e-01,6.199562701906112139e+00,-1.021784719321588764e+00,4.848866225135773809e-04
7.770000000000005791e-01,1.688019939980126838e-01,9.856472442559224278e-01,6.193020903211308159e+00,-1.060717504225566765e+00,4.855114764076937789e-04
7.780000000000005800e-01,1.749916421183635717e-01,9.845670777386298367e-01,6.186234610701673908e+00,-1.099608425036982196e+00,4.861363303018068158e-04
7.790000000000005809e-01,1.811743818104666059e-01,9.834480418723918760e-01,6.179204092147717375e+00,-1.138455946358405191e+00,4.867611841959164918e-04
7.800000000000005818e-01,1.873499689861808093e-01,9.822901808236866872e-01,6.171929624962216643e+00,-1.177258534503978771e+00,4.873860380900227524e-04
7.810000000000005826e-01,1.935181598395945279e-01,9.810935402917971837e-01,6.164411496189289963e+00,-1.216014657559973955e+00,4.880108919841255979e-04
7.820000000000005835e-01,1.996787108566512314e-01,9.798581675070087149e-01,6.156650002493085694e+00,-1.254722785445275823e+00,4.886357458782250281e-04
7.830000000000005844e-01,2.058313788247637111e-01,9.785841112287463339e-01,6.148645450146093872e+00,-1.293381389971797635e+00,4.892605997723210431e-04
7.840000000000005853e-01,2.119759208424163710e-01,9.772714217436514472e-01,6.140398155017074089e+00,-1.331988944904819450e+00,4.898854536664136970e-04
7.850000000000005862e-01,2.181120943287553349e-01,9.759201508635984013e-01,6.131908442558610339e+00,-1.370543926023251036e+00,4.905103075605029899e-04
7.860000000000005871e-01,2.242396570331659511e-01,9.745303519236507839e-01,6.123176647794281280e+00,-1.409044811179814616e+00,4.911351614545888134e-04
7.870000000000005880e-01,2.303583670448370868e-01,9.731020797799573296e-01,6.114203115305457459e+00,-1.447490080361147236e+00,4.917600153486711674e-04
7.880000000000005889e-01,2.364679828023122932e-01,9.716353908075884283e-01,6.104988199217720179e+00,-1.485878215747817643e+00,4.923848692427501604e-04
7.890000000000005898e-01,2.425682631030269820e-01,9.701303428983119037e-01,6.095532263186899335e+00,-1.524207701774258128e+00,4.930097231368256840e-04
7.900000000000005906e-01,2.486589671128315304e-01,9.685869954583090635e-01,6.085835680384739987e+00,-1.562477025188606872e+00,4.936345770308978465e-04
7.910000000000005915e-01,2.547398543754999523e-01,9.670054094058315730e-01,6.075898833484190575e+00,-1.600684675112459265e+00,4.942594309249665396e-04
7.920000000000005924e-01,2.608106848222235263e-01,9.653856471687978225e-01,6.065722114644318097e+00,-1.638829143100526409e+00,4.948842848190317632e-04
7.930000000000005933e-01,2.668712187810892145e-01,9.637277726823301194e-01,6.055305925494844033e+00,-1.676908923200197243e+00,4.955091387130935174e-04
7.940000000000005942e-01,2.729212169865424809e-01,9.620318513862321508e-01,6.044650677120310789e+00,-1.714922512011002542e+00,4.961339926071519106e-04
7.950000000000005951e-01,2.789604405888339578e-01,9.602979502224074926e-01,6.033756790043874219e+00,-1.752868408743978756e+00,4.967588465012068343e-04
7.960000000000005960e-01,2.849886511634498465e-01,9.585261376322179450e-01,6.022624694210719554e+00,-1.790745115280928390e+00,4.973837003952582885e-04
7.970000000000005969e-01,2.910056107205255538e-01,9.567164835537836920e-01,6.011254828971111408e+00,-1.828551136233576235e+00,4.980085542893062734e-04
7.980000000000005977e-01,2.970110817142420645e-01,9.548690594192236203e-01,5.999647643063065416e+00,-1.866284979002617028e+00,4.986334081833507887e-04
7.990000000000005986e-01,3.030048270522048837e-01,9.529839381518367958e-01,5.987803594594654832e+00,-1.903945153836653637e+00,4.992582620773918347e-04
8.000000000000005995e-01,3.089866101048051039e-01,9.510611941632252098e-01,5.975723151025944979e+00,-1.941530173891023558e+00,4.998831159714294111e-04
8.010000000000006004e-01,3.149561947145622098e-01,9.491009033503576831e-01,5.963406789150555554e+00,-1.979038555286509959e+00,5.005079698654635182e-04
8.020000000000006013e-01,3.209133452054482860e-01,9.471031430925751504e-01,5.950854995076859666e+00,-2.016468817167936578e+00,5.011328237594940473e-04
8.030000000000006022e-01,3.268578263921931848e-01,9.450679922485372142e-01,5.938068264208811620e+00,-2.053819481762643839e+00,5.017576776535211070e-04
8.040000000000006031e-01,3.327894035895703762e-01,9.429955311531107442e-01,5.925047101226406987e+00,-2.091089074438841511e+00,5.023825315475446973e-04
8.050000000000006040e-01,3.387078426216630911e-01,9.408858416141996361e-01,5.911792020065778530e+00,-2.128276123763841010e+00,5.030073854415648181e-04
8.060000000000006048e-01,3.446129098311102590e-01,9.387390069095166156e-01,5.898303543898924417e+00,-2.165379161562158039e+00,5.036322393355813611e-04
8.070000000000006057e-01,3.505043720883322389e-01,9.365551117832972006e-01,5.884582205113073172e+00,-2.202396722973489318e+00,5.042570932295944346e-04
8.080000000000006066e-01,3.563819968007354566e-01,9.343342424429555981e-01,5.870628545289683586e+00,-2.239327346510557870e+00,5.048819471236040387e-04
8.090000000000006075e-01,3.622455519218960585e-01,9.320764865556825374e-01,5.856443115183084025e+00,-2.276169574116825078e+00,5.055068010176100649e-04
8.100000000000006084e-01,3.680948059607218603e-01,9.297819332449860363e-01,5.842026474698744032e+00,-2.312921951224068629e+00,5.061316549116126216e-04
8.110000000000006093e-01,3.739295279905925362e-01,9.274506730871742155e-01,5.827379192871190661e+00,-2.349583026809820563e+00,5.067565088056116005e-04
8.120000000000006102e-01,3.797494876584775469e-01,9.250827981077809348e-01,5.812501847841559766e+00,-2.386151353454669000e+00,5.073813626996071099e-04
8.130000000000006111e-01,3.855544551940312537e-01,9.226784017779340319e-01,5.797395026834789356e+00,-2.422625487399415078e+00,5.080062165935990415e-04
8.140000000000006120e-01,3.913442014186652718e-01,9.202375790106668285e-01,5.782059326136455013e+00,-2.459003988602086022e+00,5.086310704875873952e-04
8.150000000000006128e-01,3.971184977545972328e-01,9.177604261571721267e-01,5.766495351069244713e+00,-2.495285420794803422e+00,5.092559243815722794e-04
8.160000000000006137e-01,4.028771162338761203e-01,9.152470410030001391e-01,5.750703715969079255e+00,-2.531468351540500983e+00,5.098807782755535858e-04
8.170000000000006146e-01,4.086198295073834030e-01,9.126975227641989097e-01,5.734685044160875655e+00,-2.567551352289490829e+00,5.105056321695313143e-04
8.180000000000006155e-01,4.143464108538096879e-01,9.101119720833991122e-01,5.718439967933955259e+00,-2.603532998435879264e+00,5.111304860635054650e-04
8.190000000000006164e-01,4.200566341886067256e-01,9.074904910258418944e-01,5.701969128517097474e+00,-2.639411869373823993e+00,5.117553399574761462e-04
8.200000000000006173e-01,4.257502740729143254e-01,9.048331830753509886e-01,5.685273176053240896e+00,-2.675186548553635024e+00,5.123801938514432495e-04
8.210000000000006182e-01,4.314271057224615125e-01,9.021401531302482013e-01,5.668352769573834493e+00,-2.710855623537715697e+00,5.130050477454067750e-04
8.220000000000006191e-01,4.370869050164423175e-01,8.994115074992139469e-01,5.651208576972831743e+00,-2.746417686056341179e+00,5.136299016393667226e-04
8.230000000000006199e-01,4.427294485063649754e-01,8.966473538970909374e-01,5.633841274980340152e+00,-2.781871332063273528e+00,5.142547555333230923e-04
8.240000000000006208e-01,4.483545134248747566e-01,8.938478014406333605e-01,5.616251549135920840e+00,-2.817215161791208455e+00,5.148796094272758842e-04
8.250000000000006217e-01,4.539618776945499867e-01,8.910129606442003247e-01,5.598440093761538172e+00,-2.852447779807055106e+00,5.155044633212250982e-04
8.260000000000006226e-01,4.595513199366707546e-01,8.881429434153939040e-01,5.580407611934162126e+00,-2.887567795067043530e+00,5.161293172151707343e-04
8.270000000000006235e-01,4.651226194799600866e-01,8.852378630506423374e-01,5.562154815458027812e+00,-2.922573820971660741e+00,5.167541711091126842e-04
8.280000000000006244e-01,4.706755563692971434e-01,8.822978342307283839e-01,5.543682424836549494e+00,-2.957464475420409133e+00,5.173790250030510561e-04
8.290000000000006253e-01,4.762099113744023282e-01,8.793229730162630542e-01,5.524991169243886446e+00,-2.992238380866389935e+00,5.180038788969858502e-04
8.300000000000006262e-01,4.817254659984935850e-01,8.763133968431049414e-01,5.506081786496173081e+00,-3.026894164370705020e+00,5.186287327909170665e-04
8.310000000000006271e-01,4.872220024869138300e-01,8.732692245177247070e-01,5.486955023022402678e+00,-3.061430457656678428e+00,5.192535866848445964e-04
8.320000000000006279e-01,4.926993038357291854e-01,8.701905762125162758e-01,5.467611633834971840e+00,-3.095845897163893135e+00,5.198784405787685485e-04
8.330000000000006288e-01,4.981571538002974031e-01,8.670775734610531860e-01,5.448052382499889212e+00,-3.130139124102042647e+00,5.205032944726889228e-04
8.340000000000006297e-01,5.035953369038065341e-01,8.639303391532920928e-01,5.428278041106640472e+00,-3.164308784504593408e+00,5.211281483666056107e-04
8.350000000000006306e-01,5.090136384457832897e-01,8.607489975307218710e-01,5.408289390237722039e+00,-3.198353529282256691e+00,5.217530022605187208e-04
8.360000000000006315e-01,5.144118445105704263e-01,8.575336741814598707e-01,5.388087218937834599e+00,-3.232272014276270422e+00,5.223778561544281445e-04
8.370000000000006324e-01,5.197897419757735449e-01,8.542844960352947714e-01,5.367672324682746243e+00,-3.266062900311483386e+00,5.230027100483339905e-04
8.380000000000006333e-01,5.251471185206764147e-01,8.510015913586767011e-01,5.347045513347820744e+00,-3.299724853249244916e+00,5.236275639422361501e-04
8.390000000000006342e-01,5.304837626346249335e-01,8.476850897496540638e-01,5.326207599176212781e+00,-3.333256544040095637e+00,5.242524178361346234e-04
8.400000000000006350e-01,5.357994636253784471e-01,8.443351221327582978e-01,5.305159404746735419e+00,-3.366656648776257033e+00,5.248772717300295189e-04
8.410000000000006359e-01,5.410940116274295386e-01,8.409518207538360102e-01,5.283901760941395409e+00,-3.399923848743917176e+00,5.255021256239207281e-04
8.420000000000006368e-01,5.463671976102907335e-01,8.375353191748289294e-01,5.262435506912602534e+00,-3.433056830475313514e+00,5.261269795178082510e-04
8.430000000000006377e-01,5.516188133867484522e-01,8.340857522685019010e-01,5.240761490050050320e+00,-3.466054285800607815e+00,5.267518334116921960e-04
8.440000000000006386e-01,5.568486516210833237e-01,8.306032562131191455e-01,5.218880565947271677e+00,-3.498914911899552393e+00,5.273766873055724547e-04
8.450000000000006395e-01,5.620565058372576361e-01,8.270879684870687809e-01,5.196793598367873912e+00,-3.531637411352943179e+00,5.280015411994490272e-04
8.460000000000006404e-01,5.672421704270679266e-01,8.235400278634362747e-01,5.174501459211445997e+00,-3.564220492193863166e+00,5.286263950933219134e-04
8.470000000000006413e-01,5.724054406582640420e-01,8.199595744045267143e-01,5.152005028479145210e+00,-3.596662867958708265e+00,5.292512489871911132e-04
8.480000000000006422e-01,5.775461126826333391e-01,8.163467494563357851e-01,5.129305194238966692e+00,-3.628963257737996884e+00,5.298761028810566268e-04
8.490000000000006430e-01,5.826639835440500237e-01,8.127016956429705674e-01,5.106402852590692376e+00,-3.661120386226959678e+00,5.305009567749184541e-04
8.500000000000006439e-01,5.877588511864891840e-01,8.090245568610197058e-01,5.083298907630521057e+00,-3.693132983775909040e+00,5.311258106687765951e-04
8.510000000000006448e-01,5.928305144620055200e-01,8.053154782738728423e-01,5.059994271415385825e+00,-3.724999786440385208e+00,5.317506645626310499e-04
8.520000000000006457e-01,5.978787731386759896e-01,8.015746063059907556e-01,5.036489863926954413e+00,-3.756719536031076334e+00,5.323755184564818183e-04
8.530000000000006466e-01,6.029034279085064840e-01,7.978020886371253173e-01,5.012786613035315142e+00,-3.788290980163513400e+00,5.330003723503287921e-04
8.540000000000006475e-01,6.079042803953019769e-01,7.939980741964898225e-01,4.988885454462357316e+00,-3.819712872307533313e+00,5.336252262441720795e-04
8.550000000000006484e-01,6.128811331624998138e-01,7.901627131568799145e-01,4.964787331744833665e+00,-3.850983971836513309e+00,5.342500801380116807e-04
8.560000000000006493e-01,6.178337897209660312e-01,7.862961569287458818e-01,4.940493196197118131e+00,-3.882103044076371745e+00,5.348749340318474871e-04
8.570000000000006501e-01,6.227620545367542615e-01,7.823985581542152179e-01,4.916004006873657239e+00,-3.913068860354333101e+00,5.354997879256796073e-04
8.580000000000006510e-01,6.276657330388268896e-01,7.784700707010675513e-01,4.891320730531112382e+00,-3.943880198047457153e+00,5.361246418195080412e-04
8.590000000000006519e-01,6.325446316267380187e-01,7.745108496566602829e-01,4.866444341590201006e+00,-3.974535840630929240e+00,5.367494957133326803e-04
8.600000000000006528e-01,6.373985576782786877e-01,7.705210513218065937e-01,4.841375822097231385e+00,-4.005034577726109823e+00,5.373743496071536332e-04
8.610000000000006537e-01,6.422273195570826765e-01,7.665008332046051587e-01,4.816116161685338959e+00,-4.035375205148339361e+00,5.379992035009707914e-04
8.620000000000006546e-01,6.470307266201942298e-01,7.624503540142226754e-01,4.790666357535423359e+00,-4.065556524954503814e+00,5.386240573947842633e-04
8.630000000000006555e-01,6.518085892255959246e-01,7.583697736546283208e-01,4.765027414336783451e+00,-4.095577345490348797e+00,5.392489112885939405e-04
8.640000000000006564e-01,6.565607187396973465e-01,7.542592532182815779e-01,4.739200344247459284e+00,-4.125436481437546377e+00,5.398737651823998229e-04
8.650000000000006573e-01,6.612869275447837980e-01,7.501189549797726563e-01,4.713186166854276493e+00,-4.155132753860514505e+00,5.404986190762020191e-04
8.660000000000006581e-01,6.659870290464250386e-01,7.459490423894166167e-01,4.686985909132601158e+00,-4.184664990252983330e+00,5.411234729700004206e-04
8.670000000000006590e-01,6.706608376808437244e-01,7.417496800668008650e-01,4.660600605405795349e+00,-4.214032024584303926e+00,5.417483268637950274e-04
8.680000000000006599e-01,6.753081689222427686e-01,7.375210337942864625e-01,4.634031297304390229e+00,-4.243232697345508342e+00,5.423731807575858394e-04
8.690000000000006608e-01,6.799288392900919575e-01,7.332632705104634718e-01,4.607279033724964279e+00,-4.272265855595106743e+00,5.429980346513729652e-04
8.700000000000006617e-01,6.845226663563737102e-01,7.289765583035606733e-01,4.580344870788739975e+00,-4.301130353004626983e+00,5.436228885451562963e-04
8.710000000000006626e-01,6.890894687527863161e-01,7.246610664048099837e-01,4.553229871799889139e+00,-4.329825049903893941e+00,5.442477424389358326e-04
8.720000000000006635e-01,6.936290661779065392e-01,7.203169651817654673e-01,4.525935107203558516e+00,-4.358348813326045068e+00,5.448725963327115743e-04
8.730000000000006644e-01,6.981412794043090342e-01,7.159444261315779379e-01,4.498461654543611132e+00,-4.386700517052280368e+00,5.454974502264835212e-04
8.740000000000006652e-01,7.026259302856439071e-01,7.115436218742242636e-01,4.470810598420088766e+00,-4.414879041656350367e+00,5.461223041202516735e-04
8.750000000000006661e-01,7.070828417636716434e-01,7.071147261456929289e-01,4.442983030446392867e+00,-4.442883274548768746e+00,5.467471580140160310e-04
8.760000000000006670e-01,7.115118378752548489e-01,7.026579137911252992e-01,4.414980049206192803e+00,-4.470712110020762076e+00,5.473720119077765938e-04
8.770000000000006679e-01,7.159127437593069132e-01,6.981733607579126977e-01,4.386802760210052554e+00,-4.498364449287945099e+00,5.479968658015332535e-04
8.780000000000006688e-01,7.202853856636970420e-01,6.936612440887507391e-01,4.358452275851790070e+00,-4.525839200533718909e+00,5.486217196952861185e-04
8.790000000000006697e-01,7.246295909521115464e-01,6.891217419146496992e-01,4.329929715364559506e+00,-4.553135278952402665e+00,5.492465735890351888e-04
8.800000000000006706e-01,7.289451881108711673e-01,6.845550334479021393e-01,4.301236204776665240e+00,-4.580251606792080210e+00,5.498714274827804643e-04
8.810000000000006715e-01,7.332320067557041021e-01,6.799612989750081216e-01,4.272372876867108538e+00,-4.607187113397171352e+00,5.504962813765218368e-04
8.820000000000006724e-01,7.374898776384741783e-01,6.753407198495572361e-01,4.243340871120864222e+00,-4.633940735250725140e+00,5.511211352702594145e-04
8.830000000000006732e-01,7.417186326538645069e-01,6.706934784850693276e-01,4.214141333683895319e+00,-4.660511416016428932e+00,5.517459891639931975e-04
8.840000000000006741e-01,7.459181048460158392e-01,6.660197583477928118e-01,4.184775417317903923e+00,-4.686898106580331458e+00,5.523708430577230774e-04
8.850000000000006750e-01,7.500881284151194039e-01,6.613197439494616914e-01,4.155244281354818270e+00,-4.713099765092287896e+00,5.529956969514491626e-04
8.860000000000006759e-01,7.542285387239646699e-01,6.565936208400108276e-01,4.125549091651023126e+00,-4.739115357007110951e+00,5.536205508451713447e-04
8.870000000000006768e-01,7.583391723044402566e-01,6.518415756002509109e-01,4.095691020541330829e+00,-4.764943855125436833e+00,5.542454047388897321e-04
8.880000000000006777e-01,7.624198668639896592e-01,6.470637958345021312e-01,4.065671246792695648e+00,-4.790584239634301689e+00,5.548702586326042163e-04
8.890000000000006786e-01,7.664704612920201221e-01,6.422604701631876578e-01,4.035490955557675896e+00,-4.816035498147424931e+00,5.554951125263147974e-04
8.900000000000006795e-01,7.704907956662646606e-01,6.374317882153869297e-01,4.005151338327641142e+00,-4.841296625745199478e+00,5.561199664200215838e-04
8.910000000000006803e-01,7.744807112590974540e-01,6.325779406213490885e-01,3.974653592885731168e+00,-4.866366625014388880e+00,5.567448203137244670e-04
8.920000000000006812e-01,7.784400505438019424e-01,6.276991190049669989e-01,3.943998923259565359e+00,-4.891244506087525146e+00,5.573696742074234472e-04
8.930000000000006821e-01,7.823686572007918505e-01,6.227955159762115223e-01,3.913188539673705169e+00,-4.915929286682011679e+00,5.579945281011185242e-04
8.940000000000006830e-01,7.862663761237839166e-01,6.178673251235278219e-01,3.882223658501871455e+00,-4.940419992138924243e+00,5.586193819948096981e-04
8.950000000000006839e-01,7.901330534259231042e-01,6.129147410061918100e-01,3.851105502218918453e+00,-4.964715655461512611e+00,5.592442358884970773e-04
8.960000000000006848e-01,7.939685364458598515e-01,6.079379591466294031e-01,3.819835299352568381e+00,-4.988815317353397560e+00,5.598690897821805533e-04
8.970000000000006857e-01,7.977726737537783608e-01,6.029371760226968080e-01,3.788414284434904911e+00,-5.012718026256467674e+00,5.604939436758601262e-04
8.980000000000006866e-01,8.015453151573770363e-01,5.979125890599233939e-01,3.756843697953629491e+00,-5.036422838388465273e+00,5.611187975695357960e-04
8.990000000000006875e-01,8.052863117077991850e-01,5.928643966237174823e-01,3.725124786303083635e+00,-5.059928817780271260e+00,5.617436514632075627e-04
9.000000000000006883e-01,8.089955157055154222e-01,5.877927980115345008e-01,3.693258801735036734e+00,-5.083235036312876431e+00,5.623685053568754262e-04
9.010000000000006892e-01,8.126727807061561171e-01,5.826979934450084997e-01,3.661247002309242049e+00,-5.106340573754043710e+00,5.629933592505392782e-04
9.020000000000006901e-01,8.163179615262947664e-01,5.775801840620472527e-01,3.629090651843763116e+00,-5.129244517794662173e+00,5.636182131441992271e-04
9.030000000000006910e-01,8.199309142491814084e-01,5.724395719088909429e-01,3.596791019865074546e+00,-5.151945964084784002e+00,5.642430670378552728e-04
9.040000000000006919e-01,8.235114962304256325e-01,5.672763599321354322e-01,3.564349381557933683e+00,-5.174444016269350577e+00,5.648679209315074154e-04
9.050000000000006928e-01,8.270595661036302948e-01,5.620907519707192268e-01,3.531767017715031987e+00,-5.196737786023600592e+00,5.654927748251556549e-04
9.060000000000006937e-01,8.305749837859734974e-01,5.568829527478759145e-01,3.499045214686422156e+00,-5.218826393088161097e+00,5.661176287187998828e-04
9.070000000000006946e-01,8.340576104837411631e-01,5.516531678630512969e-01,3.466185264328728088e+00,-5.240708965303822353e+00,5.667424826124402076e-04
9.080000000000006954e-01,8.375073086978078729e-01,5.464016037837858830e-01,3.433188463954134573e+00,-5.262384638645990265e+00,5.673673365060765209e-04
9.090000000000006963e-01,8.409239422290666344e-01,5.411284678375631874e-01,3.400056116279162932e+00,-5.283852557258817306e+00,5.679921903997089310e-04
9.100000000000006972e-01,8.443073761838079117e-01,5.358339682036241669e-01,3.366789529373232615e+00,-5.305111873489014584e+00,5.686170442933373296e-04
9.110000000000006981e-01,8.476574769790464758e-01,5.305183139047476848e-01,3.333390016607010953e+00,-5.326161747919334388e+00,5.692418981869618250e-04
9.120000000000006990e-01,8.509741123477967406e-01,5.251817147989982226e-01,3.299858896600554647e+00,-5.347001349401732107e+00,5.698667520805823089e-04
9.130000000000006999e-01,8.542571513442962505e-01,5.198243815714399529e-01,3.266197493171241195e+00,-5.367629855090200408e+00,5.704916059741988897e-04
9.140000000000007008e-01,8.575064643491768779e-01,5.144465257258182822e-01,3.232407135281497812e+00,-5.388046450473273907e+00,5.711164598678114589e-04
9.150000000000007017e-01,8.607219230745833949e-01,5.090483595762096414e-01,3.198489156986324744e+00,-5.408250329406206092e+00,5.717413137614200166e-04
9.160000000000007025e-01,8.639034005692400875e-01,5.036300962386384139e-01,3.164444897380618293e+00,-5.428240694142815848e+00,5.723661676550246711e-04
9.170000000000007034e-01,8.670507712234639675e-01,4.981919496226627775e-01,3.130275700546294892e+00,-5.448016755367000918e+00,5.729910215486253141e-04
9.180000000000007043e-01,8.701639107741254708e-01,4.927341344229289599e-01,3.095982915499216226e+00,-5.467577732223920961e+00,5.736158754422219456e-04
9.190000000000007052e-01,8.732426963095555328e-01,4.872568661106945753e-01,3.061567896135922062e+00,-5.486922852350843982e+00,5.742407293358145655e-04
9.200000000000007061e-01,8.762870062743998156e-01,4.817603609253211516e-01,3.027032001180168130e+00,-5.506051351907658820e+00,5.748655832294031738e-04
9.210000000000007070e-01,8.792967204744189802e-01,4.762448358657364045e-01,2.992376594129273926e+00,-5.524962475607048340e+00,5.754904371229877707e-04
9.220000000000007079e-01,8.822717200812353333e-01,4.707105086818665907e-01,2.957603043200281334e+00,-5.543655476744331345e+00,5.761152910165683559e-04
9.230000000000007088e-01,8.852118876370256295e-01,4.651575978660389410e-01,2.922712721275927183e+00,-5.562129617226956313e+00,5.767401449101449296e-04
9.240000000000007097e-01,8.881171070591594718e-01,4.595863226443550609e-01,2.887707005850431052e+00,-5.580384167603662959e+00,5.773649988037174918e-04
9.250000000000007105e-01,8.909872636447839778e-01,4.539969029680351875e-01,2.852587278975101004e+00,-5.598418407093297411e+00,5.779898526972860424e-04
9.260000000000007114e-01,8.938222440753533782e-01,4.483895595047336924e-01,2.817354927203759019e+00,-5.616231623613289869e+00,5.786147065908505815e-04
9.270000000000007123e-01,8.966219364211039933e-01,4.427645136298265505e-01,2.782011341537988791e+00,-5.633823113807780558e+00,5.792395604844111090e-04
9.280000000000007132e-01,8.993862301454748076e-01,4.371219874176706099e-01,2.746557917372206781e+00,-5.651192183075411712e+00,5.798644143779676250e-04
9.290000000000007141e-01,9.021150161094727560e-01,4.314622036328354393e-01,2.710996054438560510e+00,-5.668338145596764299e+00,5.804892682715201294e-04
9.300000000000007150e-01,9.048081865759827203e-01,4.257853857213076965e-01,2.675327156751654556e+00,-5.685260324361452788e+00,5.811141221650685139e-04
9.310000000000007159e-01,9.074656352140222371e-01,4.200917578016687415e-01,2.639552632553109124e+00,-5.701958051194870869e+00,5.817389760586128868e-04
9.320000000000007168e-01,9.100872571029409164e-01,4.143815446562457150e-01,2.603673894255948085e+00,-5.718430666784589889e+00,5.823638299521532481e-04
9.330000000000007176e-01,9.126729487365639049e-01,4.086549717222361378e-01,2.567692358388826257e+00,-5.734677520706402021e+00,5.829886838456894895e-04
9.340000000000007185e-01,9.152226080272793940e-01,4.029122650828069196e-01,2.531609445540090153e+00,-5.750697971450018819e+00,5.836135377392217194e-04
9.350000000000007194e-01,9.177361343100703950e-01,3.971536514581678334e-01,2.495426580301681074e+00,-5.766491386444414502e+00,5.842383916327498292e-04
9.360000000000007203e-01,9.202134283464903364e-01,3.913793581966194535e-01,2.459145191212878334e+00,-5.782057142082813961e+00,5.848632455262739276e-04
9.370000000000007212e-01,9.226543923285820403e-01,3.855896132655768360e-01,2.422766710703886606e+00,-5.797394623747331721e+00,5.854880994197939059e-04
9.380000000000007221e-01,9.250589298827405216e-01,3.797846452425683306e-01,2.386292575039270503e+00,-5.812503225833252074e+00,5.861129533133097643e-04
9.390000000000007230e-01,9.274269460735187209e-01,3.739646833062104103e-01,2.349724224261236394e+00,-5.827382351772954827e+00,5.867378072068216112e-04
9.400000000000007239e-01,9.297583474073769505e-01,3.681299572271587994e-01,2.313063102132765447e+00,-5.842031414059482231e+00,5.873626611003293380e-04
9.410000000000007248e-01,9.320530418363753844e-01,3.622806973590361745e-01,2.276310656080598793e+00,-5.856449834269750632e+00,5.879875149938329449e-04
9.420000000000007256e-01,9.343109387618087069e-01,3.564171346293367737e-01,2.239468337138079690e+00,-5.870637043087400642e+00,5.886123688873325403e-04
9.430000000000007265e-01,9.365319490377845835e-01,3.505395005303085232e-01,2.202537599887850028e+00,-5.884592480325291142e+00,5.892372227808280157e-04
9.440000000000007274e-01,9.387159849747438445e-01,3.446480271098125714e-01,2.165519902404410502e+00,-5.898315594947628249e+00,5.898620766743193711e-04
9.450000000000007283e-01,9.408629603429239374e-01,3.387429469621611178e-01,2.128416706196539110e+00,-5.911805845091734568e+00,5.904869305678066066e-04
9.460000000000007292e-01,9.429727903757642027e-01,3.328244932189335925e-01,2.091229476149575550e+00,-5.925062698089459623e+00,5.911117844612897220e-04
9.470000000000007301e-01,9.450453917732534181e-01,3.268928995397714643e-01,2.053959680467572824e+00,-5.938085630488220801e+00,5.917366383547687176e-04
9.480000000000007310e-01,9.470806827052195009e-01,3.209484001031523981e-01,2.016608790615315616e+00,-5.950874128071684588e+00,5.923614922482435931e-04
9.490000000000007319e-01,9.490785828145615888e-01,3.149912295971438181e-01,1.979178281260211225e+00,-5.963427685880080986e+00,5.929863461417143487e-04
9.500000000000007327e-01,9.510390132204230573e-01,3.090216232101362648e-01,1.941669630214053921e+00,-5.975745808230154665e+00,5.936112000351809843e-04
9.510000000000007336e-01,9.529618965213070281e-01,3.030398166215571565e-01,1.904084318374664297e+00,-5.987828008734744856e+00,5.942360539286435000e-04
9.520000000000007345e-01,9.548471567981331454e-01,2.970460459925648999e-01,1.866423829667406942e+00,-5.999673810322005529e+00,5.948609078221018956e-04
9.530000000000007354e-01,9.566947196172357337e-01,2.910405479567243492e-01,1.828689650986588200e+00,-6.011282745254248994e+00,5.954857617155560629e-04
9.540000000000007363e-01,9.585045120333033353e-01,2.850235596106631686e-01,1.790883272136737148e+00,-6.022654355146427108e+00,5.961106156090061102e-04
9.550000000000007372e-01,9.602764625922597386e-01,2.789953185047101547e-01,1.753006185773770653e+00,-6.033788190984241240e+00,5.967354695024520376e-04
9.560000000000007381e-01,9.620105013340858324e-01,2.729560626335157392e-01,1.715059887346046530e+00,-6.044683813141880080e+00,5.973603233958938450e-04
9.570000000000007390e-01,9.637065597955823959e-01,2.669060304266546169e-01,1.677045875035305667e+00,-6.055340791399388856e+00,5.979851772893314240e-04
9.580000000000007399e-01,9.653645710130739355e-01,2.608454607392113322e-01,1.638965649697506244e+00,-6.065758704959667291e+00,5.986100311827648830e-04
9.590000000000007407e-01,9.669844695250534583e-01,2.547745928423493234e-01,1.600820714803552480e+00,-6.075937142465091867e+00,5.992348850761941136e-04
9.600000000000007416e-01,9.685661913747676266e-01,2.486936664138629516e-01,1.562612576379919904e+00,-6.085875702013771260e+00,5.998597389696192243e-04
9.610000000000007425e-01,9.701096741127424039e-01,2.426029215287140994e-01,1.524342742949179152e+00,-6.095573991175419870e+00,6.004845928630401066e-04
9.620000000000007434e-01,9.716148567992497487e-01,2.365025986495525867e-01,1.486012725470421847e+00,-6.105031627006866302e+00,6.011094467564568689e-04
9.630000000000007443e-01,9.730816800067140226e-01,2.303929386172215710e-01,1.447624037279589215e+00,-6.114248236067179931e+00,6.017343006498694028e-04
9.640000000000007452e-01,9.745100858220590023e-01,2.242741826412478212e-01,1.409178194029707454e+00,-6.123223454432425328e+00,6.023591545432777083e-04
9.650000000000007461e-01,9.759000178489952715e-01,2.181465722903175586e-01,1.370676713631031607e+00,-6.131956927710040084e+00,6.029840084366818939e-04
9.660000000000007470e-01,9.772514212102471065e-01,2.120103494827380308e-01,1.332121116191099297e+00,-6.140448311052836949e+00,6.036088623300818511e-04
9.670000000000007478e-01,9.785642425497200758e-01,2.058657564768852644e-01,1.293512923954698302e+00,-6.148697269172625823e+00,6.042337162234775799e-04
9.680000000000007487e-01,9.798384300346081321e-01,1.997130358616384938e-01,1.254853661243749752e+00,-6.156703476353463600e+00,6.048585701168690803e-04
9.690000000000007496e-01,9.810739333574405308e-01,1.935524305468013517e-01,1.216144854397108510e+00,-6.164466616464520321e+00,6.054834240102564607e-04
9.700000000000007505e-01,9.822707037380687956e-01,1.873841837535105415e-01,1.177388031710284499e+00,-6.171986382972568741e+00,6.061082779036396128e-04
9.710000000000007514e-01,9.834286939255931781e-01,1.812085390046321298e-01,1.138584723375086094e+00,-6.179262478954096416e+00,6.067331317970185364e-04
9.720000000000007523e-01,9.845478582002286094e-01,1.750257401151459336e-01,1.099736461419189126e+00,-6.186294617107034988e+00,6.073579856903932317e-04
9.730000000000007532e-01,9.856281523751104778e-01,1.688360311825183868e-01,1.060844779645632618e+00,-6.193082519762111993e+00,6.079828395837636986e-04
9.740000000000007541e-01,9.866695337980397884e-01,1.626396565770641955e-01,1.021911213572245458e+00,-6.199625918893819865e+00,6.086076934771299371e-04
9.750000000000007550e-01,9.876719613531672604e-01,1.564368609322972503e-01,9.829373003710033530e-01,-6.205924556131008352e+00,6.092325473704919472e-04
9.760000000000007558e-01,9.886353954626175833e-01,1.502278891352711587e-01,9.439245788073223897e-01,-6.211978182767087020e+00,6.098574012638496205e-04
9.770000000000007567e-01,9.895597980880520561e-01,1.440129863169097024e-01,9.048745891792887575e-01,-6.217786559769857391e+00,6.104822551572030654e-04
9.780000000000007576e-01,9.904451327321712739e-01,1.377923978423277740e-01,8.657888732568272960e-01,-6.223349457790950723e+00,6.111071090505522819e-04
9.790000000000007585e-01,9.912913644401561974e-01,1.315663693011428770e-01,8.266689742208128688e-01,-6.228666657174893651e+00,6.117319629438972700e-04
9.800000000000007594e-01,9.920984598010487154e-01,1.253351464977779384e-01,7.875164366021254470e-01,-6.233737947967784798e+00,6.123568168372379213e-04
9.810000000000007603e-01,9.928663869490712557e-01,1.190989754417555030e-01,7.483328062206516806e-01,-6.238563129925589479e+00,6.129816707305743443e-04
9.820000000000007612e-01,9.935951155648851119e-01,1.128581023379839066e-01,7.091196301242358446e-01,-6.243142012522050699e+00,6.136065246239065388e-04
9.830000000000007621e-01,9.942846168767880410e-01,1.066127735770357327e-01,6.698784565275819336e-01,-6.247474414956217359e+00,6.142313785172343965e-04
9.840000000000007629e-01,9.949348636618504660e-01,1.003632357254188312e-01,6.306108347511097945e-01,-6.251560166159587872e+00,6.148562324105580259e-04
9.850000000000007638e-01,9.955458302469905041e-01,9.410973551584052299e-02,5.913183151597677378e-01,-6.255399104802868315e+00,6.154810863038773184e-04
9.860000000000007647e-01,9.961174925099880451e-01,8.785251983746514282e-02,5.520024491018032942e-01,-6.258991079302345106e+00,6.161059401971923826e-04
9.870000000000007656e-01,9.966498278804373223e-01,8.159183572616542091e-02,5.126647888474955561e-01,-6.262335947825874882e+00,6.167307940905031099e-04
9.880000000000007665e-01,9.971428153406382000e-01,7.532793035476811894e-02,4.733068875278508836e-01,-6.265433578298488904e+00,6.173556479838096089e-04
9.890000000000007674e-01,9.975964354264266198e-01,6.906105102329417045e-02,4.339302990732647469e-01,-6.268283848407611103e+00,6.179805018771117710e-04
9.900000000000007683e-01,9.980106702279428754e-01,6.279144514919386688e-02,3.945365781521517068e-01,-6.270886645607887999e+00,6.186053557704095963e-04
9.910000000000007692e-01,9.983855033903391574e-01,5.651936025757738069e-02,3.551272801095463061e-01,-6.273241867125637583e+00,6.192302096637030849e-04
9.920000000000007701e-01,9.987209201144253701e-01,5.024504397144100715e-02,3.157039609056773721e-01,-6.275349419962909181e+00,6.198550635569923450e-04
9.930000000000007709e-01,9.990169071572535531e-01,4.396874400188958976e-02,2.762681770545177828e-01,-6.277209220901158737e+00,6.204799174502772683e-04
9.940000000000007718e-01,9.992734528326412402e-01,3.769070813835542072e-02,2.368214855623123893e-01,-6.278821196504534186e+00,6.211047713435578549e-04
9.950000000000007727e-01,9.994905470116324242e-01,3.141118423881408134e-02,1.973654438660865651e-01,-6.280185283122778017e+00,6.217296252368341046e-04
9.960000000000007736e-01,9.996681811228981251e-01,2.513042021999753808e-02,1.579016097721376577e-01,-6.281301426893743489e+00,6.223544791301060175e-04
9.970000000000007745e-01,9.998063481530744534e-01,1.884866404760495578e-02,1.184315413945118411e-01,-6.282169583745520924e+00,6.229793330233735936e-04
9.980000000000007754e-01,9.999050426470399433e-01,1.256616372651154362e-02,7.895679709346876962e-02,-6.282789719398178541e+00,6.236041869166368328e-04
9.990000000000007763e-01,9.999642607081309365e-01,6.283167290975875431e-03,3.947893541393655142e-02,-6.283161809365118700e+00,6.242290408098957353e-04
1.000000000000000666e+00,9.999839999982951255e-01,-7.720515396089644433e-08,-4.849760405628567028e-07,-6.283285838954043356e+00,6.248538947031503010e-04
