tau,x,y,u,v,theta1
0.000000000000000000e+00,9.985999999999999321e-01,-0.000000000000000000e+00,0.000000000000000000e+00,-6.291987932760833679e+00,0.000000000000000000e+00
1.000000000000000021e-03,9.985802054796640848e-01,-6.291946358764771013e-03,-3.958890933046473048e-02,-6.291863211187297189e+00,3.047613679711610606e-06
2.000000000000000042e-03,9.985208227066990627e-01,-1.258364327605142330e-02,-7.917624258315626717e-02,-6.291489051473545757e+00,6.095227359420715688e-06
3.000000000000000062e-03,9.984218540451974544e-01,-1.887484132039548429e-02,-1.187604237446200778e-01,-6.290865468639926128e+00,9.142841039124811417e-06
4.000000000000000083e-03,9.982833034352062151e-01,-2.516529108035932272e-02,-1.583398769300361220e-01,-6.289992487719644920e+00,1.219045471882139058e-05
5.000000000000000104e-03,9.981051763925661291e-01,-3.145474317454452495e-02,-1.979130264475289502e-01,-6.288870143757715248e+00,1.523806839850794934e-05
6.000000000000000125e-03,9.978874800086865449e-01,-3.774294826160299460e-02,-2.374782968624690183e-01,-6.287498481809479678e+00,1.828568207818198217e-05
7.000000000000000146e-03,9.976302229502560515e-01,-4.402965705024637633e-02,-2.770341130617627323e-01,-6.285877556938713973e+00,2.133329575784098187e-05
8.000000000000000167e-03,9.973334154588887612e-01,-5.031462030925334949e-02,-3.165789003181278538e-01,-6.284007434215303611e+00,2.438090943748244798e-05
9.000000000000001055e-03,9.969970693507063109e-01,-5.659758887747440986e-02,-3.561110843543520144e-01,-6.281888188712506427e+00,2.742852311710387329e-05
1.000000000000000194e-02,9.966211980158559136e-01,-6.287831367383370229e-02,-3.956290914075306087e-01,-6.279519905503787136e+00,3.047613679670275059e-05
1.100000000000000283e-02,9.962058164179636854e-01,-6.915654570732746032e-02,-4.351313482932821497e-01,-6.276902679659234430e+00,3.352375047627657943e-05
1.200000000000000372e-02,9.957509410935241334e-01,-7.543203608701866403e-02,-4.746162824699374227e-01,-6.274036616241557063e+00,3.657136415582284581e-05
1.300000000000000461e-02,9.952565901512252511e-01,-8.170453603202748605e-02,-5.140823221027001066e-01,-6.270921830301656286e+00,3.961897783533905270e-05
1.400000000000000550e-02,9.947227832712098872e-01,-8.797379688151710231e-02,-5.535278961277757537e-01,-6.267558446873781719e+00,4.266659151482269285e-05
1.500000000000000638e-02,9.941495417042721661e-01,-9.423957010467443052e-02,-5.929514343164661305e-01,-6.263946600970260903e+00,4.571420519427125907e-05
1.600000000000000727e-02,9.935368882709909588e-01,-1.005016073106854008e-01,-6.323513673392265888e-01,-6.260086437575816731e+00,4.876181887368225091e-05
1.700000000000000816e-02,9.928848473607982950e-01,-1.067596602587043420e-01,-6.717261268296828014e-01,-6.255978111641457673e+00,5.180943255305316115e-05
1.800000000000000905e-02,9.921934449309843806e-01,-1.130134808678170399e-01,-7.110741454486045887e-01,-6.251621788077954101e+00,5.485704623238148257e-05
1.900000000000000994e-02,9.914627085056383349e-01,-1.192628212269970372e-01,-7.503938569478342258e-01,-6.247017641748890071e+00,5.790465991166471473e-05
2.000000000000001082e-02,9.906926671745254209e-01,-1.255074336050548134e-01,-7.896836962341652333e-01,-6.242165857463302103e+00,6.095227359090034364e-05
2.100000000000001171e-02,9.898833515918998849e-01,-1.317470704605794019e-01,-8.289420994331702097e-01,-6.237066629967892517e+00,6.399988727008587563e-05
2.200000000000001260e-02,9.890347939752546225e-01,-1.379814844518719719e-01,-8.681675039529740401e-01,-6.231720163938833323e+00,6.704750094921878994e-05
2.300000000000001349e-02,9.881470281040064529e-01,-1.442104284468710418e-01,-9.073583485479694843e-01,-6.226126673973142900e+00,7.009511462829659968e-05
2.400000000000001438e-02,9.872200893181182213e-01,-1.504336555330687553e-01,-9.465130733824729248e-01,-6.220286384579654104e+00,7.314272830731678406e-05
2.500000000000001527e-02,9.862540145166568406e-01,-1.566509190274181507e-01,-9.856301200943171636e-01,-6.214199530169558727e+00,7.619034198627684944e-05
2.600000000000001615e-02,9.852488421562882737e-01,-1.628619724862305218e-01,-1.024707931858378052e+00,-6.207866355046540718e+00,7.923795566517428859e-05
2.700000000000001704e-02,9.842046122497086769e-01,-1.690665697150627866e-01,-1.063744953450032948e+00,-6.201287113396489303e+00,8.228556934400659429e-05
2.800000000000001793e-02,9.831213663640121503e-01,-1.752644647785944754e-01,-1.102739631308547130e+00,-6.194462069276799987e+00,8.533318302277125933e-05
2.900000000000001882e-02,9.819991476189950941e-01,-1.814554120104936163e-01,-1.141690413600386700e+00,-6.187391496605259000e+00,8.838079670146577649e-05
3.000000000000001971e-02,9.808380006853976152e-01,-1.876391660232714087e-01,-1.180595750282453338e+00,-6.180075679148514745e+00,9.142841038008763855e-05
3.100000000000002059e-02,9.796379717830813183e-01,-1.938154817181252376e-01,-1.219454093165240005e+00,-6.172514910510132680e+00,9.447602405863435185e-05
3.200000000000002148e-02,9.783991086791442582e-01,-1.999841142947693107e-01,-1.258263895975903379e+00,-6.164709494118241651e+00,9.752363773710340917e-05
3.300000000000002237e-02,9.771214606859728313e-01,-2.061448192612529984e-01,-1.297023614421251247e+00,-6.156659743212762770e+00,1.005712514154923033e-04
3.400000000000002326e-02,9.758050786592303849e-01,-2.122973524437659909e-01,-1.335731706250641082e+00,-6.148365980832232403e+00,1.036188650937985270e-04
3.500000000000002415e-02,9.744500149957836532e-01,-2.184414699964301876e-01,-1.374386631318787355e+00,-6.139828539800205931e+00,1.066664787720195731e-04
3.600000000000002504e-02,9.730563236315656894e-01,-2.245769284110777086e-01,-1.412986851648475817e+00,-6.131047762711259175e+00,1.097140924501529343e-04
3.700000000000002592e-02,9.716240600393767357e-01,-2.307034845270147794e-01,-1.451530831493180074e+00,-6.122024001916574143e+00,1.127617061281961170e-04
3.800000000000002681e-02,9.701532812266221439e-01,-2.368208955407709870e-01,-1.490017037399578914e+00,-6.112757619509118001e+00,1.158093198061466004e-04
3.900000000000002770e-02,9.686440457329880127e-01,-2.429289190158334111e-01,-1.528443938269972158e+00,-6.103248987308414364e+00,1.188569334840018909e-04
4.000000000000002859e-02,9.670964136280543189e-01,-2.490273128923654600e-01,-1.566810005424590369e+00,-6.093498486844906026e+00,1.219045471617594812e-04
4.100000000000002948e-02,9.655104465088458765e-01,-2.551158354969097486e-01,-1.605113712663797321e+00,-6.083506509343909130e+00,1.249521608394168776e-04
4.200000000000003036e-02,9.638862074973212346e-01,-2.611942455520748219e-01,-1.643353536330182330e+00,-6.073273455709163215e+00,1.279997745169715595e-04
4.300000000000003125e-02,9.622237612377994020e-01,-2.672623021862051695e-01,-1.681527955370538452e+00,-6.062799736505977144e+00,1.310473881944210195e-04
4.400000000000003214e-02,9.605231738943247333e-01,-2.733197649430342269e-01,-1.719635451397725223e+00,-6.052085771943968240e+00,1.340950018717627641e-04
4.500000000000003303e-02,9.587845131479699745e-01,-2.793663937913197781e-01,-1.757674508752412379e+00,-6.041131991859397310e+00,1.371426155489942724e-04
4.600000000000003392e-02,9.570078481940775816e-01,-2.854019491344617632e-01,-1.795643614564702784e+00,-6.029938835697105759e+00,1.401902292261130508e-04
4.700000000000003481e-02,9.551932497394396426e-01,-2.914261918201015433e-01,-1.833541258815629682e+00,-6.018506752492043255e+00,1.432378429031165785e-04
4.800000000000003569e-02,9.533407899994159607e-01,-2.974388831497026819e-01,-1.871365934398529163e+00,-6.006836200850401042e+00,1.462854565800023618e-04
4.900000000000003658e-02,9.514505426949916300e-01,-3.034397848881124626e-01,-1.909116137180280726e+00,-5.994927648930342912e+00,1.493330702567679071e-04
5.000000000000003747e-02,9.495225830497723285e-01,-3.094286592731041452e-01,-1.946790366062417066e+00,-5.982781574422335602e+00,1.523806839334106936e-04
5.100000000000003836e-02,9.475569877869196578e-01,-3.154052690248993485e-01,-1.984387123042098855e+00,-5.970398464529085736e+00,1.554282976099282277e-04
5.200000000000003925e-02,9.455538351260247554e-01,-3.213693773556699496e-01,-2.021904913272950299e+00,-5.957778815945072637e+00,1.584759112863180156e-04
5.300000000000004013e-02,9.435132047799217325e-01,-3.273207479790194996e-01,-2.059342245125757032e+00,-5.944923134835691236e+00,1.615235249625775367e-04
5.400000000000004102e-02,9.414351779514400498e-01,-3.332591451194436005e-01,-2.096697630249018118e+00,-5.931831936815997963e+00,1.645711386387042701e-04
5.500000000000004191e-02,9.393198373300966075e-01,-3.391843335217686883e-01,-2.133969583629354183e+00,-5.918505746929060507e+00,1.676187523146957222e-04
5.600000000000004280e-02,9.371672670887275514e-01,-3.450960784605691667e-01,-2.171156623651766093e+00,-5.904945099623918559e+00,1.706663659905493992e-04
5.700000000000004369e-02,9.349775528800597924e-01,-3.509941457495621142e-01,-2.208257272159744655e+00,-5.891150538733150199e+00,1.737139796662627805e-04
5.800000000000004458e-02,9.327507818332224643e-01,-3.568783017509794542e-01,-2.245270054515224434e+00,-5.877122617450046604e+00,1.767615933418333724e-04
5.900000000000004546e-02,9.304870425501986508e-01,-3.627483133849170871e-01,-2.282193499658381697e+00,-5.862861898305399500e+00,1.798092070172586541e-04
6.000000000000004635e-02,9.281864251022172718e-01,-3.686039481386606531e-01,-2.319026140167275152e+00,-5.848368953143899596e+00,1.828568206925361319e-04
6.100000000000004724e-02,9.258490210260854614e-01,-3.744449740759874801e-01,-2.355766512317323702e+00,-5.833644363100146002e+00,1.859044343676633123e-04
6.200000000000004813e-02,9.234749233204615493e-01,-3.802711598464442178e-01,-2.392413156140620778e+00,-5.818688718574271945e+00,1.889520480426376743e-04
6.300000000000004208e-02,9.210642264420688674e-01,-3.860822746946002693e-01,-2.428964615485082135e+00,-5.803502619207182356e+00,1.919996617174567243e-04
6.400000000000004297e-02,9.186170263018501592e-01,-3.918780884692756872e-01,-2.465419438073423120e+00,-5.788086673855412201e+00,1.950472753921179416e-04
6.500000000000004385e-02,9.161334202610635913e-01,-3.976583716327444229e-01,-2.501776175561967186e+00,-5.772441500565597572e+00,1.980948890666188325e-04
6.600000000000004474e-02,9.136135071273198127e-01,-4.034228952699112081e-01,-2.538033383599276771e+00,-5.756567726548568409e+00,2.011425027409568763e-04
6.700000000000004563e-02,9.110573871505605048e-01,-4.091714310974628455e-01,-2.574189621884608759e+00,-5.740465988153060195e+00,2.041901164151295792e-04
6.800000000000004652e-02,9.084651620189783117e-01,-4.149037514729926879e-01,-2.610243454226191862e+00,-5.724136930839047288e+00,2.072377300891344476e-04
6.900000000000004741e-02,9.058369348548789279e-01,-4.206196294040984163e-01,-2.646193448599318820e+00,-5.707581209150698776e+00,2.102853437629689608e-04
7.000000000000004829e-02,9.031728102104852329e-01,-4.263188385574526174e-01,-2.682038177204257412e+00,-5.690799486688958631e+00,2.133329574366306250e-04
7.100000000000004918e-02,9.004728940636832490e-01,-4.320011532678456057e-01,-2.717776216523973165e+00,-5.673792436083748392e+00,2.163805711101169196e-04
7.200000000000005007e-02,8.977372938137107017e-01,-4.376663485472003789e-01,-2.753406147381662006e+00,-5.656560738965801249e+00,2.194281847834253507e-04
7.300000000000005096e-02,8.949661182767879586e-01,-4.433142000935592075e-01,-2.788926554998091500e+00,-5.639105085938120432e+00,2.224757984565534248e-04
7.400000000000005185e-02,8.921594776816922368e-01,-4.489444843000415242e-01,-2.824336029048748919e+00,-5.621426176547068110e+00,2.255234121294986212e-04
7.500000000000005274e-02,8.893174836652740778e-01,-4.545569782637725598e-01,-2.859633163720790794e+00,-5.603524719253084818e+00,2.285710258022584189e-04
7.600000000000005362e-02,8.864402492679173129e-01,-4.601514597947826690e-01,-2.894816557769792631e+00,-5.585401431401041172e+00,2.316186394748303515e-04
7.700000000000005451e-02,8.835278889289425175e-01,-4.657277074248768467e-01,-2.929884814576299679e+00,-5.567057039190223655e+00,2.346662531472118712e-04
7.800000000000005540e-02,8.805805184819536224e-01,-4.712855004164739348e-01,-2.964836542202170300e+00,-5.548492277643954473e+00,2.377138668194005112e-04
7.900000000000005629e-02,8.775982551501287920e-01,-4.768246187714152429e-01,-2.999670353446715954e+00,-5.529707890578849927e+00,2.407614804913937509e-04
8.000000000000005718e-02,8.745812175414547918e-01,-4.823448432397425267e-01,-3.034384865902628459e+00,-5.510704630573713736e+00,2.438090941631890695e-04
8.100000000000005806e-02,8.715295256439057336e-01,-4.878459553284442696e-01,-3.068978702011698978e+00,-5.491483258938072431e+00,2.468567078347840005e-04
8.200000000000005895e-02,8.684433008205663107e-01,-4.933277373101705998e-01,-3.103450489120322064e+00,-5.472044545680351924e+00,2.499043215061759688e-04
8.300000000000005984e-02,8.653226658046994091e-01,-4.987899722319161788e-01,-3.137798859534783880e+00,-5.452389269475695244e+00,2.529519351773625350e-04
8.400000000000006073e-02,8.621677446947588752e-01,-5.042324439236705036e-01,-3.172022450576331032e+00,-5.432518217633425017e+00,2.559995488483411512e-04
8.500000000000006162e-02,8.589786629493467718e-01,-5.096549370070359020e-01,-3.206119904636019591e+00,-5.412432186064150663e+00,2.590471625191093780e-04
8.600000000000006251e-02,8.557555473821164549e-01,-5.150572369038121101e-01,-3.240089869229340280e+00,-5.392131979246527429e+00,2.620947761896646674e-04
8.700000000000006339e-02,8.524985261566210282e-01,-5.204391298445475433e-01,-3.273930997050618075e+00,-5.371618410193656601e+00,2.651423898600044717e-04
8.800000000000006428e-02,8.492077287811072850e-01,-5.258004028770568716e-01,-3.307641946027185753e+00,-5.350892300419145542e+00,2.681900035301263514e-04
8.900000000000006517e-02,8.458832861032554717e-01,-5.311408438749042338e-01,-3.341221379373324751e+00,-5.329954479902810682e+00,2.712376172000277585e-04
9.000000000000006606e-02,8.425253303048658715e-01,-5.364602415458522566e-01,-3.374667965643975087e+00,-5.308805787056042114e+00,2.742852308697061995e-04
9.100000000000006695e-02,8.391339948964912088e-01,-5.417583854402763244e-01,-3.407980378788210807e+00,-5.287447068686819129e+00,2.773328445391591806e-04
9.200000000000006783e-02,8.357094147120157634e-01,-5.470350659595433207e-01,-3.441157298202476955e+00,-5.265879179964383816e+00,2.803804582083842083e-04
9.300000000000006872e-02,8.322517259031817494e-01,-5.522900743643550658e-01,-3.474197408783590735e+00,-5.244102984383576249e+00,2.834280718773787887e-04
9.400000000000006961e-02,8.287610659340622909e-01,-5.575232027830562265e-01,-3.507099400981497084e+00,-5.222119353728825075e+00,2.864756855461403741e-04
9.500000000000007050e-02,8.252375735754819974e-01,-5.627342442199053663e-01,-3.539861970851784001e+00,-5.199929168037805916e+00,2.895232992146664708e-04
9.600000000000007139e-02,8.216813888993855786e-01,-5.679229925633102471e-01,-3.572483820107950514e+00,-5.177533315564761374e+00,2.925709128829545851e-04
9.700000000000007228e-02,8.180926532731532808e-01,-5.730892425940256052e-01,-3.604963656173426401e+00,-5.154932692743486200e+00,2.956185265510022234e-04
9.800000000000007316e-02,8.144715093538655859e-01,-5.782327899933142890e-01,-3.637300192233343665e+00,-5.132128204149982054e+00,2.986661402188068378e-04
9.900000000000007405e-02,8.108181010825153967e-01,-5.833534313510704283e-01,-3.669492147286053552e+00,-5.109120762464780086e+00,3.017137538863659345e-04
1.000000000000000749e-01,8.071325736781693738e-01,-5.884509641739054109e-01,-3.701538246194390425e+00,-5.085911288434934896e+00,3.047613675536770201e-04
1.010000000000000758e-01,8.034150736320778696e-01,-5.935251868931946673e-01,-3.733437219736678081e+00,-5.062500710835692530e+00,3.078089812207376007e-04
1.020000000000000767e-01,7.996657487017337917e-01,-5.985758988730871533e-01,-3.765187804657478488e+00,-5.038889966431833400e+00,3.108565948875451827e-04
1.030000000000000776e-01,7.958847479048816176e-01,-6.036029004184748636e-01,-3.796788743718078951e+00,-5.015079999938691024e+00,3.139042085540972183e-04
1.040000000000000785e-01,7.920722215134750055e-01,-6.086059927829242655e-01,-3.828238785746716832e+00,-4.991071763982850129e+00,3.169518222203912138e-04
1.050000000000000794e-01,7.882283210475852231e-01,-6.135849781765674305e-01,-3.859536685688539137e+00,-4.966866219062524124e+00,3.199994358864246755e-04
1.060000000000000803e-01,7.843531992692590604e-01,-6.185396597739538649e-01,-3.890681204655294323e+00,-4.942464333507615493e+00,3.230470495521951097e-04
1.070000000000000812e-01,7.804470101763278933e-01,-6.234698417218621502e-01,-3.921671109974757208e+00,-4.917867083439461773e+00,3.260946632176999686e-04
1.080000000000000820e-01,7.765099089961665646e-01,-6.283753291470708380e-01,-3.952505175239879875e+00,-4.893075452730267116e+00,3.291422768829368128e-04
1.090000000000000829e-01,7.725420521794040818e-01,-6.332559281640891546e-01,-3.983182180357672131e+00,-4.868090432962218550e+00,3.321898905479030942e-04
1.100000000000000838e-01,7.685435973935852427e-01,-6.381114458828465175e-01,-4.013700911597805288e+00,-4.842913023386299365e+00,3.352375042125963194e-04
1.110000000000000847e-01,7.645147035167836336e-01,-6.429416904163403057e-01,-4.044060161640938844e+00,-4.817544230880787204e+00,3.382851178770139404e-04
1.120000000000000856e-01,7.604555306311666651e-01,-6.477464708882423317e-01,-4.074258729626768272e+00,-4.791985069909449280e+00,3.413327315411535177e-04
1.130000000000000865e-01,7.563662400165125366e-01,-6.525255974404635673e-01,-4.104295421201793914e+00,-4.766236562479436500e+00,3.443803452050125035e-04
1.140000000000000874e-01,7.522469941436799035e-01,-6.572788812406761272e-01,-4.134169048566803006e+00,-4.740299738098869398e+00,3.474279588685884042e-04
1.150000000000000883e-01,7.480979566680296955e-01,-6.620061344897928413e-01,-4.163878430524069252e+00,-4.714175633734128290e+00,3.504755725318787259e-04
1.160000000000000892e-01,7.439192924228003045e-01,-6.667071704294043055e-01,-4.193422392524265518e+00,-4.687865293766845021e+00,3.535231861948809752e-04
1.170000000000000900e-01,7.397111674124356995e-01,-6.713818033491721904e-01,-4.222799766713088765e+00,-4.661369769950598041e+00,3.565707998575926040e-04
1.180000000000000909e-01,7.354737488058675776e-01,-6.760298485941795832e-01,-4.252009391977591868e+00,-4.634690121367312621e+00,3.596184135200111189e-04
1.190000000000000918e-01,7.312072049297504428e-01,-6.806511225722375880e-01,-4.281050113992223238e+00,-4.607827414383370623e+00,3.626660271821340259e-04
1.200000000000000927e-01,7.269117052616517194e-01,-6.852454427611471832e-01,-4.309920785264575116e+00,-4.580782722605429846e+00,3.657136408439588316e-04
1.210000000000000936e-01,7.225874204231957920e-01,-6.898126277159178921e-01,-4.338620265180834323e+00,-4.553557126835955593e+00,3.687612545054830423e-04
1.220000000000000945e-01,7.182345221731625262e-01,-6.943524970759409332e-01,-4.367147420050932816e+00,-4.526151715028466249e+00,3.718088681667041100e-04
1.230000000000000954e-01,7.138531834005413801e-01,-6.988648715721177407e-01,-4.395501123153402467e+00,-4.498567582242496421e+00,3.748564818276195411e-04
1.240000000000000963e-01,7.094435781175405520e-01,-7.033495730339435204e-01,-4.423680254779924326e+00,-4.470805830598276742e+00,3.779040954882268420e-04
1.250000000000000833e-01,7.050058814525512751e-01,-7.078064243965449531e-01,-4.451683702279578547e+00,-4.442867569231138347e+00,3.809517091485235189e-04
1.260000000000000842e-01,7.005402696430688136e-01,-7.122352497076724909e-01,-4.479510360102785249e+00,-4.414753914245634014e+00,3.839993228085070241e-04
1.270000000000000850e-01,6.960469200285691604e-01,-7.166358741346466887e-01,-4.507159129844943379e+00,-4.386465988669388416e+00,3.870469364681749179e-04
1.280000000000000859e-01,6.915260110433423257e-01,-7.210081239712577972e-01,-4.534628920289756948e+00,-4.358004922406675696e+00,3.900945501275246527e-04
1.290000000000000868e-01,6.869777222092825486e-01,-7.253518266446192797e-01,-4.561918647452253062e+00,-4.329371852191724379e+00,3.931421637865537347e-04
1.300000000000000877e-01,6.824022341286355431e-01,-7.296668107219741461e-01,-4.589027234621486429e+00,-4.300567921541754934e+00,3.961897774452596160e-04
1.310000000000000886e-01,6.777997284767033337e-01,-7.339529059174546566e-01,-4.615953612402934780e+00,-4.271594280709750002e+00,3.992373911036398572e-04
1.320000000000000895e-01,6.731703879945066804e-01,-7.382099430987939526e-01,-4.642696718760573660e+00,-4.242452086636962605e+00,4.022850047616919104e-04
1.330000000000000904e-01,6.685143964814056483e-01,-7.424377542939907260e-01,-4.669255499058636794e+00,-4.213142502905158793e+00,4.053326184194132819e-04
1.340000000000000913e-01,6.638319387876786548e-01,-7.466361726979258151e-01,-4.695628906103058497e+00,-4.183666699688604496e+00,4.083802320768014781e-04
1.350000000000000921e-01,6.591232008070603277e-01,-7.508050326789302842e-01,-4.721815900182597225e+00,-4.154025853705791249e+00,4.114278457338539511e-04
1.360000000000000930e-01,6.543883694692379516e-01,-7.549441697853057631e-01,-4.747815449109632269e+00,-4.124221148170910567e+00,4.144754593905682614e-04
1.370000000000000939e-01,6.496276327323078359e-01,-7.590534207517954934e-01,-4.773626528260645152e+00,-4.094253772745071629e+00,4.175230730469418612e-04
1.380000000000000948e-01,6.448411795751909370e-01,-7.631326235060069685e-01,-4.799248120616368851e+00,-4.064124923487269392e+00,4.205706867029722568e-04
1.390000000000000957e-01,6.400291999900088458e-01,-7.671816171747849467e-01,-4.824679216801616377e+00,-4.033835802805105786e+00,4.236183003586569545e-04
1.400000000000000966e-01,6.351918849744198070e-01,-7.712002420905356148e-01,-4.849918815124778071e+00,-4.003387619405262221e+00,4.266659140139934065e-04
1.410000000000000975e-01,6.303294265239154370e-01,-7.751883397975006806e-01,-4.874965921616989384e+00,-3.972781588243730955e+00,4.297135276689791191e-04
1.420000000000000984e-01,6.254420176240788054e-01,-7.791457530579815050e-01,-4.899819550070973584e+00,-3.942018930475801319e+00,4.327611413236116529e-04
1.430000000000000993e-01,6.205298522428033259e-01,-7.830723258585134960e-01,-4.924478722079543402e+00,-3.911100873405809697e+00,4.358087549778884057e-04
1.440000000000001001e-01,6.155931253224735666e-01,-7.869679034159899889e-01,-4.948942467073777607e+00,-3.880028650436650128e+00,4.388563686318069381e-04
1.450000000000001010e-01,6.106320327721082020e-01,-7.908323321837352760e-01,-4.973209822360854737e+00,-3.848803501019052664e+00,4.419039822853647564e-04
1.460000000000001019e-01,6.056467714594651053e-01,-7.946654598575271233e-01,-4.997279833161558216e+00,-3.817426670600626792e+00,4.449515959385593128e-04
1.470000000000001028e-01,6.006375392031089167e-01,-7.984671353815679939e-01,-5.021151552647435956e+00,-3.785899410574676605e+00,4.479992095913881136e-04
1.480000000000001037e-01,5.956045347644420840e-01,-8.022372089544052010e-01,-5.044824041977626017e+00,-3.754222978228786811e+00,4.510468232438486652e-04
1.490000000000001046e-01,5.905479578396988227e-01,-8.059755320347991026e-01,-5.068296370335341194e+00,-3.722398636693184937e+00,4.540944368959384195e-04
1.500000000000001055e-01,5.854680090519029934e-01,-8.096819573475402265e-01,-5.091567614964007227e+00,-3.690427654888879694e+00,4.571420505476549373e-04
1.510000000000001064e-01,5.803648899427902297e-01,-8.133563388892135482e-01,-5.114636861203063489e+00,-3.658311307475577756e+00,4.601896641989956706e-04
1.520000000000001072e-01,5.752388029646936518e-01,-8.169985319339114760e-01,-5.137503202523414636e+00,-3.626050874799383816e+00,4.632372778499581258e-04
1.530000000000001081e-01,5.700899514723952732e-01,-8.206083930388938796e-01,-5.160165740562539405e+00,-3.593647642840284373e+00,4.662848915005398092e-04
1.540000000000001090e-01,5.649185397149418808e-01,-8.241857800501954934e-01,-5.182623585159251256e+00,-3.561102903159417465e+00,4.693325051507381729e-04
1.550000000000001099e-01,5.597247728274262757e-01,-8.277305521081806949e-01,-5.204875854388108181e+00,-3.528417952846131911e+00,4.723801188005507775e-04
1.560000000000001108e-01,5.545088568227346526e-01,-8.312425696530453267e-01,-5.226921674593477896e+00,-3.495594094464836044e+00,4.754277324499750750e-04
1.570000000000001117e-01,5.492709985832598951e-01,-8.347216944302647823e-01,-5.248760180423246879e+00,-3.462632636001643505e+00,4.784753460990085719e-04
1.580000000000001126e-01,5.440114058525814533e-01,-8.381677894959892461e-01,-5.270390514862180353e+00,-3.429534890810812087e+00,4.815229597476487744e-04
1.590000000000001135e-01,5.387302872271115817e-01,-8.415807192223846434e-01,-5.291811829264928768e+00,-3.396302177560981850e+00,4.845705733958931348e-04
1.600000000000001144e-01,5.334278521477094914e-01,-8.449603493029205215e-01,-5.313023283388680795e+00,-3.362935820181216062e+00,4.876181870437391592e-04
1.610000000000001152e-01,5.281043108912623074e-01,-8.483065467576029750e-01,-5.334024045425456606e+00,-3.329437147806841857e+00,4.906658006911844084e-04
1.620000000000001161e-01,5.227598745622346055e-01,-8.516191799381540584e-01,-5.354813292034048544e+00,-3.295807494725100373e+00,4.937134143382262801e-04
1.630000000000001170e-01,5.173947550841854204e-01,-8.548981185331361310e-01,-5.375390208371602974e+00,-3.262048200320603275e+00,4.967610279848623349e-04
1.640000000000001179e-01,5.120091651912546116e-01,-8.581432335730221350e-01,-5.395753988124843303e+00,-3.228160609020600091e+00,4.998086416310900792e-04
1.650000000000001188e-01,5.066033184196174766e-01,-8.613543974352106947e-01,-5.415903833540930634e+00,-3.194146070240058144e+00,5.028562552769069108e-04
1.660000000000001197e-01,5.011774290989092773e-01,-8.645314838489862597e-01,-5.435838955457968247e+00,-3.160005938326560404e+00,5.059038689223104446e-04
1.670000000000001206e-01,4.957317123436191242e-01,-8.676743679004242926e-01,-5.455558573335138384e+00,-3.125741572505018162e+00,5.089514825672980785e-04
1.680000000000001215e-01,4.902663840444540511e-01,-8.707829260372406122e-01,-5.475061915282481095e+00,-3.091354336822207838e+00,5.119990962118674271e-04
1.690000000000001223e-01,4.847816608596732801e-01,-8.738570360735855580e-01,-5.494348218090303604e+00,-3.056845600091127046e+00,5.150467098560158885e-04
1.700000000000001232e-01,4.792777602063935105e-01,-8.768965771947823118e-01,-5.513416727258229955e+00,-3.022216735835179247e+00,5.180943234997409689e-04
1.710000000000001241e-01,4.737549002518651742e-01,-8.799014299620094848e-01,-5.532266697023882074e+00,-2.987469122232184304e+00,5.211419371430401747e-04
1.720000000000001250e-01,4.682132999047202704e-01,-8.828714763169271951e-01,-5.550897390391191344e+00,-2.952604142058221637e+00,5.241895507859110123e-04
1.730000000000001259e-01,4.626531788061920558e-01,-8.858065995862473008e-01,-5.569308079158346914e+00,-2.917623182631304157e+00,5.272371644283509878e-04
1.740000000000001268e-01,4.570747573213069237e-01,-8.887066844862471227e-01,-5.587498043945372750e+00,-2.882527635754888351e+00,5.302847780703574994e-04
1.750000000000001277e-01,4.514782565300490824e-01,-8.915716171272266566e-01,-5.605466574221333431e+00,-2.847318897661223147e+00,5.333323917119281617e-04
1.760000000000001286e-01,4.458638982184978117e-01,-8.944012850179088314e-01,-5.623212968331173123e+00,-2.811998368954538918e+00,5.363800053530603726e-04
1.770000000000001295e-01,4.402319048699385728e-01,-8.971955770697830346e-01,-5.640736533522179741e+00,-2.776567454554078385e+00,5.394276189937517469e-04
1.780000000000001303e-01,4.345824996559474740e-01,-8.999543836013915721e-01,-5.658036585970076970e+00,-2.741027563636975195e+00,5.424752326339996825e-04
1.790000000000001312e-01,4.289159064274498667e-01,-9.026775963425590632e-01,-5.675112450804745912e+00,-2.705380109580977521e+00,5.455228462738016858e-04
1.800000000000001321e-01,4.232323497057536854e-01,-9.053651084385641035e-01,-5.691963462135568363e+00,-2.669626509907025547e+00,5.485704599131552631e-04
1.810000000000001330e-01,4.175320546735571958e-01,-9.080168144542540842e-01,-5.708588963076400624e+00,-2.633768186221678853e+00,5.516180735520579206e-04
1.820000000000001339e-01,4.118152471659323743e-01,-9.106326103781015036e-01,-5.724988305770166264e+00,-2.597806564159401699e+00,5.546656871905071649e-04
1.830000000000001348e-01,4.060821536612836402e-01,-9.132123936262033226e-01,-5.741160851413076749e+00,-2.561743073324704856e+00,5.577133008285003937e-04
1.840000000000001357e-01,4.003330012722826070e-01,-9.157560630462218132e-01,-5.757105970278472817e+00,-2.525579147234150224e+00,5.607609144660352218e-04
1.850000000000001366e-01,3.945680177367791308e-01,-9.182635189212676741e-01,-5.772823041740288375e+00,-2.489316223258215111e+00,5.638085281031091555e-04
1.860000000000001374e-01,3.887874314086892102e-01,-9.207346629737246380e-01,-5.788311454296136915e+00,-2.452955742563026398e+00,5.668561417397195929e-04
1.870000000000001383e-01,3.829914712488600159e-01,-9.231693983690161254e-01,-5.803570605590017806e+00,-2.416499150051958811e+00,5.699037553758640401e-04
1.880000000000001392e-01,3.771803668159121048e-01,-9.255676297193132784e-01,-5.818599902434643312e+00,-2.379947894307107514e+00,5.729513690115400036e-04
1.890000000000001401e-01,3.713543482570598186e-01,-9.279292630871840419e-01,-5.833398760833385488e+00,-2.343303427530631922e+00,5.759989826467449897e-04
1.900000000000001410e-01,3.655136462989098112e-01,-9.302542059891842907e-01,-5.847966606001839374e+00,-2.306567205485976046e+00,5.790465962814765047e-04
1.910000000000001419e-01,3.596584922382382032e-01,-9.325423673993893381e-01,-5.862302872389009600e+00,-2.269740687438966731e+00,5.820942099157320549e-04
1.920000000000001428e-01,3.537891179327467550e-01,-9.347936577528669355e-01,-5.876407003698107978e+00,-2.232825336098794189e+00,5.851418235495091467e-04
1.930000000000001437e-01,3.479057557917982768e-01,-9.370079889490910974e-01,-5.890278452906976270e+00,-2.195822617558874423e+00,5.881894371828052864e-04
1.940000000000001446e-01,3.420086387671321670e-01,-9.391852743552966398e-01,-5.903916682288117279e+00,-2.158734001237599287e+00,5.912370508156178719e-04
1.950000000000001454e-01,3.360980003435596886e-01,-9.413254288097745448e-01,-5.917321163428348463e+00,-2.121560959818973746e+00,5.942846644479445181e-04
1.960000000000001463e-01,3.301740745296402046e-01,-9.434283686251078160e-01,-5.930491377248067408e+00,-2.084304969193144785e+00,5.973322780797826227e-04
1.970000000000001472e-01,3.242370958483378751e-01,-9.454940115913479382e-01,-5.943426814020132731e+00,-2.046967508396824620e+00,6.003798917111296922e-04
1.980000000000001481e-01,3.182872993276601448e-01,-9.475222769791313837e-01,-5.956126973388362167e+00,-2.009550059553610435e+00,6.034275053419832328e-04
1.990000000000001490e-01,3.123249204912775800e-01,-9.495130855427369454e-01,-5.968591364385640752e+00,-1.972054107814200652e+00,6.064751189723407510e-04
2.000000000000001499e-01,3.063501953491259422e-01,-9.514663595230825610e-01,-5.980819505451645313e+00,-1.934481141296515716e+00,6.095227326021997530e-04
2.010000000000001508e-01,3.003633603879906078e-01,-9.533820226506627415e-01,-5.992810924450182597e+00,-1.896832651025720962e+00,6.125703462315577452e-04
2.020000000000001517e-01,2.943646525620740584e-01,-9.552600001484258252e-01,-6.004565158686136606e+00,-1.859110130874156219e+00,6.156179598604122338e-04
2.030000000000001525e-01,2.883543092835464949e-01,-9.571002187345909462e-01,-6.016081754922032232e+00,-1.821315077501174828e+00,6.186655734887606169e-04
2.040000000000001534e-01,2.823325684130798541e-01,-9.589026066254051628e-01,-6.027360269394208991e+00,-1.783448990292894498e+00,6.217131871166005092e-04
2.050000000000001543e-01,2.762996682503663926e-01,-9.606670935378396337e-01,-6.038400267828607504e+00,-1.745513371301861572e+00,6.247608007439293086e-04
2.060000000000001552e-01,2.702558475246211178e-01,-9.623936106922262868e-01,-6.049201325456166067e+00,-1.707509725186632910e+00,6.278084143707446298e-04
2.070000000000001561e-01,2.642013453850693416e-01,-9.640820908148333146e-01,-6.059763027027827320e+00,-1.669439559151276287e+00,6.308560279970438708e-04
2.080000000000001570e-01,2.581364013914193012e-01,-9.657324681403806066e-01,-6.070084966829157658e+00,-1.631304382884793513e+00,6.339036416228245379e-04
2.090000000000001579e-01,2.520612555043204583e-01,-9.673446784144941191e-01,-6.080166748694576739e+00,-1.593105708500467399e+00,6.369512552480841375e-04
2.100000000000001588e-01,2.459761480758076158e-01,-9.689186588960999602e-01,-6.090007986021196196e+00,-1.554845050475135659e+00,6.399988688728201758e-04
2.110000000000001597e-01,2.398813198397315161e-01,-9.704543483597576348e-01,-6.099608301782268427e+00,-1.516523925588394661e+00,6.430464824970300508e-04
2.120000000000001605e-01,2.337770119021761184e-01,-9.719516870979322265e-01,-6.108967328540243713e+00,-1.478143852861735219e+00,6.460940961207113772e-04
2.130000000000001614e-01,2.276634657318629962e-01,-9.734106169232057404e-01,-6.118084708459440080e+00,-1.439706353497612445e+00,6.491417097438616614e-04
2.140000000000001623e-01,2.215409231505434118e-01,-9.748310811704279377e-01,-6.126960093318319700e+00,-1.401212950818454317e+00,6.521893233664783013e-04
2.150000000000001632e-01,2.154096263233780673e-01,-9.762130246988053317e-01,-6.135593144521372722e+00,-1.362665170205608067e+00,6.552369369885588032e-04
2.160000000000001641e-01,2.092698177493053646e-01,-9.775563938939298980e-01,-6.143983533110613848e+00,-1.324064539038230404e+00,6.582845506101007819e-04
2.170000000000001650e-01,2.031217402513983139e-01,-9.788611366697461680e-01,-6.152130939776686347e+00,-1.285412586632121545e+00,6.613321642311016354e-04
2.180000000000001659e-01,1.969656369672104779e-01,-9.801272024704572594e-01,-6.160035054869570814e+00,-1.246710844178507083e+00,6.643797778515588698e-04
2.190000000000001668e-01,1.908017513391114250e-01,-9.813545422723697342e-01,-6.167695578408909363e+00,-1.207960844682770318e+00,6.674273914714699916e-04
2.200000000000001676e-01,1.846303271046121353e-01,-9.825431085856770608e-01,-6.175112220093930127e+00,-1.169164122903135983e+00,6.704750050908323987e-04
2.210000000000001685e-01,1.784516082866805520e-01,-9.836928554561819027e-01,-6.182284699312985410e+00,-1.130322215289309984e+00,6.735226187096437058e-04
2.220000000000001694e-01,1.722658391840478920e-01,-9.848037384669565686e-01,-6.189212745152698147e+00,-1.091436659921075858e+00,6.765702323279014193e-04
2.230000000000001703e-01,1.660732643615059345e-01,-9.858757147399427323e-01,-6.195896096406712239e+00,-1.052508996446852141e+00,6.796178459456029370e-04
2.240000000000001712e-01,1.598741286401958173e-01,-9.869087429374892029e-01,-6.202334501584053861e+00,-1.013540766022211770e+00,6.826654595627457654e-04
2.250000000000001721e-01,1.536686770878886166e-01,-9.879027832638281881e-01,-6.208527718917101978e+00,-9.745335112483669571e-01,6.857130731793275192e-04
2.260000000000001730e-01,1.474571550092582117e-01,-9.888577974664903847e-01,-6.214475516369162733e+00,-9.354887761106215338e-01,6.887606867953455963e-04
2.270000000000001739e-01,1.412398079361466552e-01,-9.897737488376582293e-01,-6.220177671641656580e+00,-8.964081059167937626e-01,6.918083004107975029e-04
2.280000000000001747e-01,1.350168816178226872e-01,-9.906506022154574209e-01,-6.225633972180909304e+00,-8.572930472356119491e-01,6.948559140256807456e-04
2.290000000000001756e-01,1.287886220112336166e-01,-9.914883239851872698e-01,-6.230844215184553114e+00,-8.181451478350849627e-01,6.979035276399928305e-04
2.300000000000001765e-01,1.225552752712509158e-01,-9.922868820804889856e-01,-6.235808207607538733e+00,-7.789659566208506636e-01,7.009511412537311557e-04
2.310000000000001774e-01,1.163170877409100967e-01,-9.930462459844525691e-01,-6.240525766167749566e+00,-7.397570235745050127e-01,7.039987548668933358e-04
2.320000000000001783e-01,1.100743059416451342e-01,-9.937663867306618659e-01,-6.244996717351227744e+00,-7.005198996919136389e-01,7.070463684794768772e-04
2.330000000000001792e-01,1.038271765635178367e-01,-9.944472769041781124e-01,-6.249220897417011145e+00,-6.612561369215084195e-01,7.100939820914791778e-04
2.340000000000001801e-01,9.757594645544262479e-02,-9.950888906424614211e-01,-6.253198152401572507e+00,-6.219672881025727351e-01,7.131415957028977440e-04
2.350000000000001810e-01,9.132086261540701966e-02,-9.956912036362309815e-01,-6.256928338122873079e+00,-5.826549069035162898e-01,7.161892093137301905e-04
2.360000000000001819e-01,8.506217218068830299e-02,-9.962541931302631992e-01,-6.260411320184023687e+00,-5.433205477601431577e-01,7.192368229239739152e-04
2.370000000000001827e-01,7.880012241806667872e-02,-9.967778379241282183e-01,-6.263646973976553234e+00,-5.039657658139150564e-01,7.222844365336264245e-04
2.380000000000001836e-01,7.253496071403539580e-02,-9.972621183728648253e-01,-6.266635184683286397e+00,-4.645921168502123444e-01,7.253320501426851162e-04
2.390000000000001845e-01,6.626693456500819257e-02,-9.977070163875932929e-01,-6.269375847280834080e+00,-4.252011572365952952e-01,7.283796637511476052e-04
2.400000000000001854e-01,5.999629156752440268e-02,-9.981125154360670493e-01,-6.271868866541690402e+00,-3.857944438610683702e-01,7.314272773590113977e-04
2.410000000000001863e-01,5.372327940845220140e-02,-9.984786005431617317e-01,-6.274114157035939776e+00,-3.463735340703495424e-01,7.344748909662740001e-04
2.420000000000001872e-01,4.744814585519031153e-02,-9.988052582913036215e-01,-6.276111643132576745e+00,-3.069399856081473366e-01,7.375225045729328103e-04
2.430000000000001881e-01,4.117113874586861288e-02,-9.990924768208353512e-01,-6.277861259000433236e+00,-2.674953565534483046e-01,7.405701181789853347e-04
2.440000000000001890e-01,3.489250597954798166e-02,-9.993402458303204394e-01,-6.279362948608717687e+00,-2.280412052588168537e-01,7.436177317844291880e-04
2.450000000000001898e-01,2.861249550641982789e-02,-9.995485565767860958e-01,-6.280616665727166925e+00,-1.885790902887103937e-01,7.466653453892617680e-04
2.460000000000001907e-01,2.233135531800564330e-02,-9.997174018759041880e-01,-6.281622373925807246e+00,-1.491105703578119168e-01,7.497129589934805813e-04
2.470000000000001916e-01,1.604933343735698986e-02,-9.998467761021108124e-01,-6.282380046574326471e+00,-1.096372042693828097e-01,7.527605725970831340e-04
2.480000000000001925e-01,9.766677909256317458e-03,-9.999366751886638038e-01,-6.282889666841063203e+00,-7.016055085363789856e-02,7.558081862000669325e-04
2.490000000000001934e-01,3.483636790418985496e-03,-9.999870966276391826e-01,-6.283151227691600837e+00,-3.068216890614556408e-02,7.588557998024293748e-04
2.500000000000001665e-01,-2.799541860303129959e-03,-9.999980394698654296e-01,-6.283164731886980547e+00,8.796382873744817976e-03,7.619034134041680756e-04
2.510000000000001674e-01,-9.082609991716030645e-03,-9.999695043247965875e-01,-6.282930191981525248e+00,4.827354594444573793e-02,7.649510270052804328e-04
2.520000000000001683e-01,-1.536531957007562788e-02,-9.999014933603238564e-01,-6.282447630320277199e+00,8.774776198364211965e-02,7.679986406057640611e-04
2.530000000000001692e-01,-2.164742258887702650e-02,-9.997940103025255709e-01,-6.281717079036049256e+00,1.272174729497673740e-01,7.710462542056163585e-04
2.540000000000001701e-01,-2.792867107864065168e-02,-9.996470604353554501e-01,-6.280738580046093311e+00,1.666811211434422457e-01,7.740938678048348313e-04
2.550000000000001710e-01,-3.420881711669487152e-02,-9.994606506002701174e-01,-6.279512185048377937e+00,2.061371492688744145e-01,7.771414814034169859e-04
2.560000000000001719e-01,-4.048761283695467839e-02,-9.992347891957944483e-01,-6.278037955517487667e+00,2.455840004952161704e-01,7.801890950013603285e-04
2.570000000000001728e-01,-4.676481043969611673e-02,-9.989694861770263001e-01,-6.276315962700135920e+00,2.850201185178777852e-01,7.832367085986623656e-04
2.580000000000001736e-01,-5.304016220132598547e-02,-9.986647530550794016e-01,-6.274346287610292450e+00,3.244439476197942818e-01,7.862843221953206034e-04
2.590000000000001745e-01,-5.931342048414651319e-02,-9.983206028964651813e-01,-6.272129021023929774e+00,3.638539327326433259e-01,7.893319357913325483e-04
2.600000000000001754e-01,-6.558433774611456546e-02,-9.979370503224137545e-01,-6.269664263473387678e+00,4.032485194980114929e-01,7.923795493866955982e-04
2.610000000000001763e-01,-7.185266655059505125e-02,-9.975141115081329612e-01,-6.266952125241354032e+00,4.426261543285069378e-01,7.954271629814073678e-04
2.620000000000001772e-01,-7.811815957610807049e-02,-9.970518041820073396e-01,-6.263992726354463692e+00,4.819852844688157223e-01,7.984747765754652551e-04
2.630000000000001781e-01,-8.438056962606953204e-02,-9.965501476247350388e-01,-6.260786196576519913e+00,5.213243580566999658e-01,8.015223901688667664e-04
2.640000000000001790e-01,-9.063964963852476353e-02,-9.960091626684047794e-01,-6.257332675401331201e+00,5.606418241839349337e-01,8.045700037616094081e-04
2.650000000000001799e-01,-9.689515269587478663e-02,-9.954288716955108640e-01,-6.253632312045171560e+00,5.999361329571828438e-01,8.076176173536906864e-04
2.660000000000001807e-01,-1.031468320345948347e-01,-9.948092986379083458e-01,-6.249685265438862380e+00,6.392057355588012246e-01,8.106652309451081078e-04
2.670000000000001816e-01,-1.093944410549448076e-01,-9.941504689757065805e-01,-6.245491704219470641e+00,6.784490843075835498e-01,8.137128445358591785e-04
2.680000000000001825e-01,-1.156377333306711774e-01,-9.934524097361028261e-01,-6.241051806721635842e+00,7.176646327194294850e-01,8.167604581259414048e-04
2.690000000000001834e-01,-1.218764626187000821e-01,-9.927151494921545583e-01,-6.236365760968516803e+00,7.568508355679426369e-01,8.198080717153521848e-04
2.700000000000001843e-01,-1.281103828688212043e-01,-9.919387183614915005e-01,-6.231433764662360097e+00,7.960061489449532512e-01,8.228556853040891331e-04
2.710000000000001852e-01,-1.343392482333618798e-01,-9.911231480049673692e-01,-6.226256025174698117e+00,8.351290303209644161e-01,8.259032988921496477e-04
2.720000000000001861e-01,-1.405628130768514783e-01,-9.902684716252508901e-01,-6.220832759536166101e+00,8.742179386055179968e-01,8.289509124795313433e-04
2.730000000000001870e-01,-1.467808319856750976e-01,-9.893747239653564174e-01,-6.215164194425947919e+00,9.132713342074794127e-01,8.319985260662316178e-04
2.740000000000001878e-01,-1.529930597777167944e-01,-9.884419413071148242e-01,-6.209250566160849694e+00,9.522876790952379267e-01,8.350461396522479776e-04
2.750000000000001887e-01,-1.591992515119915463e-01,-9.874701614695837737e-01,-6.203092120683996846e+00,9.912654368568214469e-01,8.380937532375779290e-04
2.760000000000001896e-01,-1.653991624982657505e-01,-9.864594238073981503e-01,-6.196689113553162542e+00,1.030203072759921401e+00,8.411413668222189784e-04
2.770000000000001905e-01,-1.715925483066659263e-01,-9.854097692090602045e-01,-6.190041809928722216e+00,1.069099053811828126e+00,8.441889804061685236e-04
2.780000000000001914e-01,-1.777791647772750949e-01,-9.843212400951701913e-01,-6.183150484561238613e+00,1.107951848819272334e+00,8.472365939894241794e-04
2.790000000000001923e-01,-1.839587680297166405e-01,-9.831938804165970547e-01,-6.176015421778676462e+00,1.146759928448171539e+00,8.502842075719834521e-04
2.800000000000001932e-01,-1.901311144727250990e-01,-9.820277356525892731e-01,-6.168636915473251214e+00,1.185521765283278572e+00,8.533318211538437397e-04
2.810000000000001941e-01,-1.962959608137037903e-01,-9.808228528088265286e-01,-6.161015269087904755e+00,1.224235833887730829e+00,8.563794347350025486e-04
2.820000000000001950e-01,-2.024530640682685179e-01,-9.795792804154112021e-01,-6.153150795602416956e+00,1.262900610862496720e+00,8.594270483154574933e-04
2.830000000000001958e-01,-2.086021815697773896e-01,-9.782970685248012499e-01,-6.145043817519150409e+00,1.301514574905718646e+00,8.624746618952059719e-04
2.840000000000001967e-01,-2.147430709788460679e-01,-9.769762687096830156e-01,-6.136694666848429236e+00,1.340076206871948949e+00,8.655222754742454908e-04
2.850000000000001976e-01,-2.208754902928483088e-01,-9.756169340607855345e-01,-6.128103685093551967e+00,1.378583989831277057e+00,8.685698890525735561e-04
2.860000000000001985e-01,-2.269991978554012912e-01,-9.742191191846354403e-01,-6.119271223235443813e+00,1.417036409128346275e+00,8.716175026301875659e-04
2.870000000000001994e-01,-2.331139523658353474e-01,-9.727828802012528087e-01,-6.110197641716942130e+00,1.455431952441257115e+00,8.746651162070851349e-04
2.880000000000002003e-01,-2.392195128886479560e-01,-9.713082747417883800e-01,-6.100883310426723938e+00,1.493769109840355380e+00,8.777127297832637695e-04
2.890000000000002012e-01,-2.453156388629413598e-01,-9.697953619461020525e-01,-6.091328608682867518e+00,1.532046373846902787e+00,8.807603433587208675e-04
2.900000000000002021e-01,-2.514020901118436124e-01,-9.682442024602825326e-01,-6.081533925216058734e+00,1.570262239491628575e+00,8.838079569334540437e-04
2.910000000000002029e-01,-2.574786268519125843e-01,-9.666548584341088102e-01,-6.071499658152434087e+00,1.608415204373158547e+00,8.868555705074606960e-04
2.920000000000002038e-01,-2.635450097025227034e-01,-9.650273935184530139e-01,-6.061226214996067618e+00,1.646503768716320204e+00,8.899031840807383308e-04
2.930000000000002047e-01,-2.696009996952341004e-01,-9.633618728626248684e-01,-6.050714012611101644e+00,1.684526435430323099e+00,8.929507976532844544e-04
2.940000000000002056e-01,-2.756463582831434334e-01,-9.616583631116587538e-01,-6.039963477203518671e+00,1.722481710166809510e+00,8.959984112250965731e-04
2.950000000000002065e-01,-2.816808473502165899e-01,-9.599169324035419226e-01,-6.028975044302558040e+00,1.760368101377775218e+00,8.990460247961721933e-04
2.960000000000002074e-01,-2.877042292206024032e-01,-9.581376503663854294e-01,-6.017749158741780846e+00,1.798184120373358841e+00,9.020936383665088213e-04
2.970000000000002083e-01,-2.937162666679273837e-01,-9.563205881155371069e-01,-6.006286274639778711e+00,1.835928281379495708e+00,9.051412519361038550e-04
2.980000000000002092e-01,-2.997167229245710218e-01,-9.544658182506369215e-01,-5.994586855380532597e+00,1.873599101595434968e+00,9.081888655049549092e-04
2.990000000000002101e-01,-3.057053616909211624e-01,-9.525734148526150413e-01,-5.982651373593418143e+00,1.911195101251119022e+00,9.112364790730593817e-04
3.000000000000002109e-01,-3.116819471446092837e-01,-9.506434534806325054e-01,-5.970480311132863704e+00,1.948714803664421069e+00,9.142840926404147790e-04
3.010000000000002118e-01,-3.176462439497251267e-01,-9.486760111689646058e-01,-5.958074159057655805e+00,1.986156735298240772e+00,9.173317062070187157e-04
3.020000000000002127e-01,-3.235980172660107290e-01,-9.466711664238276480e-01,-5.945433417609899962e+00,2.023519425817454032e+00,9.203793197728685899e-04
3.030000000000002136e-01,-3.295370327580329772e-01,-9.446289992201484242e-01,-5.932558596193632461e+00,2.060801408145717328e+00,9.234269333379619077e-04
3.040000000000002145e-01,-3.354630566043347306e-01,-9.425495909982768428e-01,-5.919450213353085744e+00,2.098001218522121292e+00,9.264745469022961756e-04
3.050000000000002154e-01,-3.413758555065639633e-01,-9.404330246606427135e-01,-5.906108796750611845e+00,2.135117396557694391e+00,9.295221604658687915e-04
3.060000000000002163e-01,-3.472751966985807015e-01,-9.382793845683551348e-01,-5.892534883144259439e+00,2.172148485291752973e+00,9.325697740286773701e-04
3.070000000000002172e-01,-3.531608479555414792e-01,-9.360887565377464803e-01,-5.878729018365008940e+00,2.209093031248097638e+00,9.356173875907194178e-04
3.080000000000002180e-01,-3.590325776029605898e-01,-9.338612278368596531e-01,-5.864691757293669205e+00,2.245949584491049755e+00,9.386650011519923325e-04
3.090000000000002189e-01,-3.648901545257483559e-01,-9.315968871818798291e-01,-5.850423663837427846e+00,2.282716698681332090e+00,9.417126147124937289e-04
3.100000000000002198e-01,-3.707333481772255857e-01,-9.292958247335098010e-01,-5.835925310906071140e+00,2.319392931131786462e+00,9.447602282722210049e-04
3.110000000000002207e-01,-3.765619285881140477e-01,-9.269581320932903656e-01,-5.821197280387856665e+00,2.355976842862928411e+00,9.478078418311716670e-04
3.120000000000002216e-01,-3.823756663755029095e-01,-9.245839022998650902e-01,-5.806240163125056419e+00,2.392466998658337118e+00,9.508554553893432213e-04
3.130000000000002225e-01,-3.881743327517903075e-01,-9.221732298251891224e-01,-5.791054558889162429e+00,2.428861967119879672e+00,9.539030689467331743e-04
3.140000000000002234e-01,-3.939576995335999365e-01,-9.197262105706839330e-01,-5.775641076355754855e+00,2.465160320722764364e+00,9.569506825033390323e-04
3.150000000000002243e-01,-3.997255391506726041e-01,-9.172429418633359921e-01,-5.760000333079042356e+00,2.501360635870423899e+00,9.599982960591581932e-04
3.160000000000002252e-01,-4.054776246547318608e-01,-9.147235224517414887e-01,-5.744132955466066726e+00,2.537461492949226738e+00,9.630459096141882717e-04
3.170000000000002260e-01,-4.112137297283238735e-01,-9.121680525020962049e-01,-5.728039578750578897e+00,2.573461476383011703e+00,9.660935231684267743e-04
3.180000000000002269e-01,-4.169336286936308755e-01,-9.095766335941304348e-01,-5.711720846966584553e+00,2.609359174687448046e+00,9.691411367218710987e-04
3.190000000000002278e-01,-4.226370965212580821e-01,-9.069493687169905005e-01,-5.695177412921563764e+00,2.645153180524216552e+00,9.721887502745187514e-04
3.200000000000002287e-01,-4.283239088389937388e-01,-9.042863622650655353e-01,-5.678409938169358462e+00,2.680842090755009011e+00,9.752363638263673471e-04
3.210000000000002296e-01,-4.339938419405415804e-01,-9.015877200337604203e-01,-5.661419092982741930e+00,2.716424506495346503e+00,9.782839773774141753e-04
3.220000000000002305e-01,-4.396466727942260344e-01,-8.988535492152153195e-01,-5.644205556325657902e+00,2.751899033168212494e+00,9.813315909276568508e-04
3.230000000000002314e-01,-4.452821790516694467e-01,-8.960839583939713693e-01,-5.626770015825139026e+00,2.787264280557502083e+00,9.843792044770928798e-04
3.240000000000002323e-01,-4.509001390564408851e-01,-8.932790575425830770e-01,-5.609113167742904693e+00,2.822518862861281175e+00,9.874268180257198772e-04
3.250000000000002331e-01,-4.565003318526765219e-01,-8.904389580171778729e-01,-5.591235716946637346e+00,2.857661398744855585e+00,9.904744315735350239e-04
3.260000000000002340e-01,-4.620825371936710946e-01,-8.875637725529621491e-01,-5.573138376880938161e+00,2.892690511393650965e+00,9.935220451205361517e-04
3.270000000000002349e-01,-4.676465355504401677e-01,-8.846536152596747860e-01,-5.554821869537968304e+00,2.927604828565897321e+00,9.965696586667204416e-04
3.280000000000002358e-01,-4.731921081202529744e-01,-8.817086016169882745e-01,-5.536286925427771344e+00,2.962402982645119032e+00,9.996172722120857251e-04
3.290000000000002367e-01,-4.787190368351351699e-01,-8.787288484698568825e-01,-5.517534283548282126e+00,2.997083610692428124e+00,1.002664885756629183e-03
3.300000000000002376e-01,-4.842271043703416655e-01,-8.757144740238135272e-01,-5.498564691355022127e+00,3.031645354498617273e+00,1.005712499300348431e-03
3.310000000000002385e-01,-4.897160941527989864e-01,-8.726655978402138025e-01,-5.479378904730479505e+00,3.066086860636054734e+00,1.008760112843241083e-03
3.320000000000002394e-01,-4.951857903695167651e-01,-8.695823408314284908e-01,-5.459977687953183612e+00,3.100406780510374105e+00,1.011807726385304538e-03
3.330000000000002403e-01,-5.006359779759681494e-01,-8.664648252559847830e-01,-5.440361813666464208e+00,3.134603770411962476e+00,1.014855339926536192e-03
3.340000000000002411e-01,-5.060664427044389013e-01,-8.633131747136556511e-01,-5.420532062846907806e+00,3.168676491567240294e+00,1.017902953466933661e-03
3.350000000000002420e-01,-5.114769710723446883e-01,-8.601275141404983726e-01,-5.400489224772503150e+00,3.202623610189736070e+00,1.020950567006494343e-03
3.360000000000002429e-01,-5.168673503905165667e-01,-8.569079698038418735e-01,-5.380234096990484716e+00,3.236443797530949240e+00,1.023998180545215853e-03
3.370000000000002438e-01,-5.222373687714538804e-01,-8.536546692972235562e-01,-5.359767485284868016e+00,3.270135729931003876e+00,1.027045794083095587e-03
3.380000000000002447e-01,-5.275868151375447956e-01,-8.503677415352752789e-01,-5.339090203643688248e+00,3.303698088869088334e+00,1.030093407620131163e-03
3.390000000000002456e-01,-5.329154792292536413e-01,-8.470473167485593757e-01,-5.318203074225933413e+00,3.337129561013681300e+00,1.033141021156319976e-03
3.400000000000002465e-01,-5.382231516132754967e-01,-8.436935264783540500e-01,-5.297106927328179005e+00,3.370428838272560235e+00,1.036188634691659642e-03
3.410000000000002474e-01,-5.435096236906565847e-01,-8.403065035713894737e-01,-5.275802601350926935e+00,3.403594617842593983e+00,1.039236248226147559e-03
3.420000000000002482e-01,-5.487746877048816918e-01,-8.368863821745337050e-01,-5.254290942764642480e+00,3.436625602259313794e+00,1.042283861759781124e-03
3.430000000000002491e-01,-5.540181367499265042e-01,-8.334332977294293121e-01,-5.232572806075502569e+00,3.469520499446264505e+00,1.045331475292557953e-03
3.440000000000002500e-01,-5.592397647782766379e-01,-8.299473869670808135e-01,-5.210649053790846530e+00,3.502278022764131471e+00,1.048379088824475443e-03
3.450000000000002509e-01,-5.644393666089110306e-01,-8.264287879023931582e-01,-5.188520556384332849e+00,3.534896891059644997e+00,1.051426702355531210e-03
3.460000000000002518e-01,-5.696167379352508053e-01,-8.228776398286611338e-01,-5.166188192260811718e+00,3.567375828714256514e+00,1.054474315885722650e-03
3.470000000000002527e-01,-5.747716753330727180e-01,-8.192940833120107014e-01,-5.143652847720900922e+00,3.599713565692587380e+00,1.057521929415047380e-03
3.480000000000002536e-01,-5.799039762683871890e-01,-8.156782601857913706e-01,-5.120915416925280184e+00,3.631908837590649863e+00,1.060569542943502796e-03
3.490000000000002545e-01,-5.850134391052803640e-01,-8.120303135449210563e-01,-5.097976801858693285e+00,3.663960385683834975e+00,1.063617156471086513e-03
3.500000000000002554e-01,-5.900998631137202022e-01,-8.083503877401825299e-01,-5.074837912293673092e+00,3.695866956974669382e+00,1.066664769997795930e-03
3.510000000000002562e-01,-5.951630484773255958e-01,-8.046386283724727972e-01,-5.051499665753976132e+00,3.727627304240336503e+00,1.069712383523628444e-03
3.520000000000002571e-01,-6.002027963010997391e-01,-8.008951822870046255e-01,-5.027962987477739176e+00,3.759240186079963575e+00,1.072759997048581670e-03
3.530000000000002580e-01,-6.052189086191255285e-01,-7.971201975674609974e-01,-5.004228810380355164e+00,3.790704366961670679e+00,1.075807610572653006e-03
3.540000000000002589e-01,-6.102111884022243249e-01,-7.933138235301027130e-01,-4.980298075017072890e+00,3.822018617269379970e+00,1.078855224095840067e-03
3.550000000000002598e-01,-6.151794395655770797e-01,-7.894762107178294741e-01,-4.956171729545315152e+00,3.853181713349385973e+00,1.081902837618140250e-03
3.560000000000002607e-01,-6.201234669763072693e-01,-7.856075108941942275e-01,-4.931850729686725110e+00,3.884192437556683419e+00,1.084950451139551171e-03
3.570000000000002616e-01,-6.250430764610264145e-01,-7.817078770373711016e-01,-4.907336038688938196e+00,3.915049578301051270e+00,1.087998064660070227e-03
3.580000000000002625e-01,-6.299380748133405206e-01,-7.777774633340782673e-01,-4.882628627287079581e+00,3.945751930092891602e+00,1.091045678179695033e-03
3.590000000000002633e-01,-6.348082698013183256e-01,-7.738164251734539478e-01,-4.857729473664995190e+00,3.976298293588823807e+00,1.094093291698422987e-03
3.600000000000002642e-01,-6.396534701749204688e-01,-7.698249191408877978e-01,-4.832639563416210038e+00,4.006687475637027873e+00,1.097140905216251487e-03
3.610000000000002651e-01,-6.444734856733896899e-01,-7.658031030118067628e-01,-4.807359889504621897e+00,4.036918289322340314e+00,1.100188518733178147e-03
3.620000000000002660e-01,-6.492681270326013943e-01,-7.617511357454157528e-01,-4.781891452224924954e+00,4.066989554011100516e+00,1.103236132249200583e-03
3.630000000000002669e-01,-6.540372059923742487e-01,-7.576691774783942401e-01,-4.756235259162776785e+00,4.096900095395739960e+00,1.106283745764315976e-03
3.640000000000002678e-01,-6.587805353037415879e-01,-7.535573895185476712e-01,-4.730392325154692656e+00,4.126648745539123198e+00,1.109331359278522156e-03
3.650000000000002687e-01,-6.634979287361817413e-01,-7.494159343384149130e-01,-4.704363672247688477e+00,4.156234342918630809e+00,1.112378972791816306e-03
3.660000000000002696e-01,-6.681892010848085039e-01,-7.452449755688319577e-01,-4.678150329658659956e+00,4.185655732469984791e+00,1.115426586304196256e-03
3.670000000000002705e-01,-6.728541681775204175e-01,-7.410446779924518834e-01,-4.651753333733501528e+00,4.214911765630817264e+00,1.118474199815659188e-03
3.680000000000002713e-01,-6.774926468821091952e-01,-7.368152075372208509e-01,-4.625173727905974808e+00,4.244001300383980713e+00,1.121521813326202717e-03
3.690000000000002722e-01,-6.821044551133272904e-01,-7.325567312698119116e-01,-4.598412562656320368e+00,4.272923201300595331e+00,1.124569426835824457e-03
3.700000000000002731e-01,-6.866894118399129443e-01,-7.282694173890148504e-01,-4.571470895469615492e+00,4.301676339582835240e+00,1.127617040344521806e-03
3.710000000000002740e-01,-6.912473370915747095e-01,-7.239534352190840627e-01,-4.544349790793882349e+00,4.330259593106450922e+00,1.130664653852292163e-03
3.720000000000002749e-01,-6.957780519659330087e-01,-7.196089552030437986e-01,-4.517050319997945707e+00,4.358671846463026966e+00,1.133712267359133141e-03
3.730000000000002758e-01,-7.002813786354198378e-01,-7.152361488959512181e-01,-4.489573561329044615e+00,4.386911991001971600e+00,1.136759880865042139e-03
3.740000000000002767e-01,-7.047571403541359469e-01,-7.108351889581179250e-01,-4.461920599870198068e+00,4.414978924872242416e+00,1.139807494370016772e-03
3.750000000000002776e-01,-7.092051614646649460e-01,-7.064062491482893114e-01,-4.434092527497322855e+00,4.442871553063800327e+00,1.142855107874054437e-03
3.760000000000002784e-01,-7.136252674048449984e-01,-7.019495043167833792e-01,-4.406090442836114285e+00,4.470588787448790846e+00,1.145902721377152749e-03
3.770000000000002793e-01,-7.180172847144968840e-01,-6.974651303985875961e-01,-4.377915451218681753e+00,4.498129546822461577e+00,1.148950334879309107e-03
3.780000000000002802e-01,-7.223810410421083184e-01,-6.929533044064157821e-01,-4.349568664639946292e+00,4.525492756943797268e+00,1.151997948380520907e-03
3.790000000000002811e-01,-7.267163651514751965e-01,-6.884142044237241409e-01,-4.321051201713800971e+00,4.552677350575887516e+00,1.155045561880785766e-03
3.800000000000002820e-01,-7.310230869282984267e-01,-6.838480095976868789e-01,-4.292364187629035932e+00,4.579682267526017370e+00,1.158093175380101297e-03
3.810000000000002829e-01,-7.353010373867367999e-01,-6.792549001321322999e-01,-4.263508754105028942e+00,4.606506454685479923e+00,1.161140788878464898e-03
3.820000000000002838e-01,-7.395500486759151171e-01,-6.746350572804389323e-01,-4.234486039347204134e+00,4.633148866069109140e+00,1.164188402375873968e-03
3.830000000000002847e-01,-7.437699540863880188e-01,-6.699886633383923540e-01,-4.205297188002256270e+00,4.659608462854540001e+00,1.167236015872326121e-03
3.840000000000002855e-01,-7.479605880565586284e-01,-6.653159016370028267e-01,-4.175943351113153845e+00,4.685884213421181776e+00,1.170283629367818755e-03
3.850000000000002864e-01,-7.521217861790525649e-01,-6.606169565352840722e-01,-4.146425686073908601e+00,4.711975093388912406e+00,1.173331242862349485e-03
3.860000000000002873e-01,-7.562533852070458806e-01,-6.558920134129938573e-01,-4.116745356584121218e+00,4.737880085656488660e+00,1.176378856355915709e-03
3.870000000000002882e-01,-7.603552230605480355e-01,-6.511412586633358313e-01,-4.086903532603304079e+00,4.763598180439673868e+00,1.179426469848514824e-03
3.880000000000002891e-01,-7.644271388326387973e-01,-6.463648796856235057e-01,-4.056901390304983757e+00,4.789128375309080532e+00,1.182474083340144446e-03
3.890000000000002900e-01,-7.684689727956593996e-01,-6.415630648779067080e-01,-4.026740112030579688e+00,4.814469675227723400e+00,1.185521696830802189e-03
3.900000000000002909e-01,-7.724805664073569611e-01,-6.367360036295606207e-01,-3.996420886243068349e+00,4.839621092588289208e+00,1.188569310320485451e-03
3.910000000000002918e-01,-7.764617623169831617e-01,-6.318838863138372952e-01,-3.965944907480427606e+00,4.864581647250112439e+00,1.191616923809191630e-03
3.920000000000002927e-01,-7.804124043713455139e-01,-6.270069042803809722e-01,-3.935313376308868349e+00,4.889350366575866857e+00,1.194664537296918341e-03
3.930000000000002935e-01,-7.843323376208124476e-01,-6.221052498477064319e-01,-3.904527499275852964e+00,4.913926285467961286e+00,1.197712150783662981e-03
3.940000000000002944e-01,-7.882214083252706560e-01,-6.171791162956409282e-01,-3.873588488862901524e+00,4.938308446404647611e+00,1.200759764269423166e-03
3.950000000000002953e-01,-7.920794639600357012e-01,-6.122286978577307082e-01,-3.842497563438190156e+00,4.962495899475830363e+00,1.203807377754196294e-03
3.960000000000002962e-01,-7.959063532217148795e-01,-6.072541897136114475e-01,-3.811255947208940231e+00,4.986487702418585855e+00,1.206854991237979761e-03
3.970000000000002971e-01,-7.997019260340222369e-01,-6.022557879813434933e-01,-3.779864870173602398e+00,5.010282920652383787e+00,1.209902604720771184e-03
3.980000000000002980e-01,-8.034660335535459552e-01,-5.972336897097120234e-01,-3.748325568073836767e+00,5.033880627314013090e+00,1.212950218202568176e-03
3.990000000000002989e-01,-8.071985281754673336e-01,-5.921880928704922331e-01,-3.716639282346291928e+00,5.057279903292210221e+00,1.215997831683368136e-03
4.000000000000002998e-01,-8.108992635392316961e-01,-5.871191963506803280e-01,-3.684807260074180135e+00,5.080479837261987264e+00,1.219045445163168461e-03
4.010000000000003006e-01,-8.145680945341705614e-01,-5.820271999446902100e-01,-3.652830753938658859e+00,5.103479525718664256e+00,1.222093058641966767e-03
4.020000000000003015e-01,-8.182048773050754065e-01,-5.769123043465161915e-01,-3.620711022170010285e+00,5.126278073011594216e+00,1.225140672119760452e-03
4.030000000000003024e-01,-8.218094692577219140e-01,-5.717747111418621797e-01,-3.588449328498631186e+00,5.148874591377591514e+00,1.228188285596547129e-03
4.040000000000003033e-01,-8.253817290643458149e-01,-5.666146228002379992e-01,-3.556046942105824726e+00,5.171268200974055596e+00,1.231235899072324197e-03
4.050000000000003042e-01,-8.289215166690689918e-01,-5.614322426670217414e-01,-3.523505137574405310e+00,5.193458029911790952e+00,1.234283512547089054e-03
4.060000000000003051e-01,-8.324286932932762895e-01,-5.562277749554906947e-01,-3.490825194839110246e+00,5.215443214287522444e+00,1.237331126020839531e-03
4.070000000000003060e-01,-8.359031214409425870e-01,-5.510014247388189679e-01,-3.458008399136827116e+00,5.237222898216105094e+00,1.240378739493572810e-03
4.080000000000003069e-01,-8.393446649039097984e-01,-5.457533979420433612e-01,-3.425056040956633296e+00,5.258796233862423897e+00,1.243426352965286506e-03
4.090000000000003078e-01,-8.427531887671141364e-01,-5.404839013339977072e-01,-3.391969415989652070e+00,5.280162381472990774e+00,1.246473966435978015e-03
4.100000000000003086e-01,-8.461285594137630817e-01,-5.351931425192154590e-01,-3.358749825078727103e+00,5.301320509407229764e+00,1.249521579905644953e-03
4.110000000000003095e-01,-8.494706445304617271e-01,-5.298813299298011925e-01,-3.325398574167916621e+00,5.322269794168452250e+00,1.252569193374284719e-03
4.120000000000003104e-01,-8.527793131122886061e-01,-5.245486728172713553e-01,-3.291916974251808625e+00,5.343009420434523093e+00,1.255616806841894926e-03
4.130000000000003113e-01,-8.560544354678211176e-01,-5.191953812443648175e-01,-3.258306341324660682e+00,5.363538581088213242e+00,1.258664420308472972e-03
4.140000000000003122e-01,-8.592958832241094358e-01,-5.138216660768225585e-01,-3.224567996329363861e+00,5.383856477247243255e+00,1.261712033774016473e-03
4.150000000000003131e-01,-8.625035293315995721e-01,-5.084277389751380438e-01,-3.190703265106235254e+00,5.403962318294007972e+00,1.264759647238522825e-03
4.160000000000003140e-01,-8.656772480690052562e-01,-5.030138123862776256e-01,-3.156713478341639068e+00,5.423855321904992977e+00,1.267807260701989645e-03
4.170000000000003149e-01,-8.688169150481279690e-01,-4.975800995353720779e-01,-3.122599971516438533e+00,5.443534714079870440e+00,1.270854874164414330e-03
4.180000000000003157e-01,-8.719224072186259056e-01,-4.921268144173788772e-01,-3.088364084854280822e+00,5.462999729170283203e+00,1.273902487625794278e-03
4.190000000000003166e-01,-8.749936028727306470e-01,-4.866541717887159502e-01,-3.054007163269716774e+00,5.482249609908310006e+00,1.276950101086127103e-03
4.200000000000003175e-01,-8.780303816499120950e-01,-4.811623871588672774e-01,-3.019530556316157632e+00,5.501283607434610978e+00,1.279997714545410203e-03
4.210000000000003184e-01,-8.810326245414912272e-01,-4.756516767819601865e-01,-2.984935618133669255e+00,5.520100981326258704e+00,1.283045328003641194e-03
4.220000000000003193e-01,-8.840002138952005595e-01,-4.701222576483153337e-01,-2.950223707396609107e+00,5.538700999624247778e+00,1.286092941460817473e-03
4.230000000000003202e-01,-8.869330334196924293e-01,-4.645743474759690406e-01,-2.915396187261102501e+00,5.557082938860682830e+00,1.289140554916936654e-03
4.240000000000003211e-01,-8.898309681889939871e-01,-4.590081647021687083e-01,-2.880454425312364730e+00,5.575246084085647702e+00,1.292188168371996137e-03
4.250000000000003220e-01,-8.926939046469103411e-01,-4.534239284748416976e-01,-2.845399793511870890e+00,5.593189728893751322e+00,1.295235781825993318e-03
4.260000000000003229e-01,-8.955217306113739673e-01,-4.478218586440374516e-01,-2.810233668144370256e+00,5.610913175450350288e+00,1.298283395278925813e-03
4.270000000000003237e-01,-8.983143352787417157e-01,-4.422021757533439734e-01,-2.774957429764753236e+00,5.628415734517450808e+00,1.301331008730791236e-03
4.280000000000003246e-01,-9.010716092280381950e-01,-4.365651010312782132e-01,-2.739572463144769099e+00,5.645696725479284694e+00,1.304378622181586985e-03
4.290000000000003255e-01,-9.037934444251458643e-01,-4.309108563826511973e-01,-2.704080157219598046e+00,5.662755476367558494e+00,1.307426235631310458e-03
4.300000000000003264e-01,-9.064797342269418357e-01,-4.252396643799082332e-01,-2.668481905034278956e+00,5.679591323886380216e+00,1.310473849079959270e-03
4.310000000000003273e-01,-9.091303733853808300e-01,-4.195517482544439125e-01,-2.632779103689994127e+00,5.696203613436858326e+00,1.313521462527530818e-03
4.320000000000003282e-01,-9.117452580515242877e-01,-4.138473318878931884e-01,-2.596973154290214136e+00,5.712591699141372104e+00,1.316569075974022719e-03
4.330000000000003291e-01,-9.143242857795158551e-01,-4.081266398033980281e-01,-2.561065461886702810e+00,5.728754943867517824e+00,1.319616689419432368e-03
4.340000000000003300e-01,-9.168673555305024703e-01,-4.023898971568502514e-01,-2.525057435425388519e+00,5.744692719251720092e+00,1.322664302863757165e-03
4.350000000000003308e-01,-9.193743676765014916e-01,-3.966373297281111654e-01,-2.488950487692097813e+00,5.760404405722522547e+00,1.325711916306994724e-03
4.360000000000003317e-01,-9.218452240042135371e-01,-3.908691639122078842e-01,-2.452746035258157153e+00,5.775889392523540167e+00,1.328759529749142659e-03
4.370000000000003326e-01,-9.242798277187803668e-01,-3.850856267105069453e-01,-2.416445498425864979e+00,5.791147077736084725e+00,1.331807143190198370e-03
4.380000000000003335e-01,-9.266780834474888096e-01,-3.792869457218654428e-01,-2.380050301173833205e+00,5.806176868301460736e+00,1.334854756630159253e-03
4.390000000000003344e-01,-9.290398972434198432e-01,-3.734733491337599576e-01,-2.343561871102202598e+00,5.820978180042925665e+00,1.337902370069022923e-03
4.400000000000003353e-01,-9.313651765890421652e-01,-3.676450657133938371e-01,-2.306981639377732929e+00,5.835550437687320624e+00,1.340949983506786779e-03
4.410000000000003362e-01,-9.336538303997519161e-01,-3.618023247987829372e-01,-2.270311040678770986e+00,5.849893074886365341e+00,1.343997596943448435e-03
4.420000000000003371e-01,-9.359057690273562269e-01,-3.559453562898201584e-01,-2.233551513140095590e+00,5.864005534237620054e+00,1.347045210379005289e-03
4.430000000000003380e-01,-9.381209042635021422e-01,-3.500743906393193328e-01,-2.196704498297644470e+00,5.877887267305115238e+00,1.350092823813454739e-03
4.440000000000003388e-01,-9.402991493430502556e-01,-3.441896588440385707e-01,-2.159771441033123907e+00,5.891537734639642032e+00,1.353140437246794399e-03
4.450000000000003397e-01,-9.424404189473927218e-01,-3.382913924356834023e-01,-2.122753789518503797e+00,5.904956405798710506e+00,1.356188050679021885e-03
4.460000000000003406e-01,-9.445446292077154249e-01,-3.323798234718904343e-01,-2.085652995160397261e+00,5.918142759366169514e+00,1.359235664110134594e-03
4.470000000000003415e-01,-9.466116977082050798e-01,-3.264551845271910779e-01,-2.048470512544330990e+00,5.931096282971492606e+00,1.362283277540129924e-03
4.480000000000003424e-01,-9.486415434892000453e-01,-3.205177086839566813e-01,-2.011207799378905037e+00,5.943816473308721093e+00,1.365330890969005491e-03
4.490000000000003433e-01,-9.506340870502856255e-01,-3.145676295233243436e-01,-1.973866316439845781e+00,5.956302836155075831e+00,1.368378504396758691e-03
4.500000000000003442e-01,-9.525892503533329725e-01,-3.086051811161048541e-01,-1.936447527513952327e+00,5.968554886389225267e+00,1.371426117823387140e-03
4.510000000000003451e-01,-9.545069568254822556e-01,-3.026305980136720364e-01,-1.898952899342940537e+00,5.980572148009217770e+00,1.374473731248888235e-03
4.520000000000003459e-01,-9.563871313620693204e-01,-2.966441152388347158e-01,-1.861383901567184473e+00,5.992354154150071999e+00,1.377521344673259592e-03
4.530000000000003468e-01,-9.582297003294962812e-01,-2.906459682766909247e-01,-1.823742006669359261e+00,6.003900447101029769e+00,1.380568958096498608e-03
4.540000000000003477e-01,-9.600345915680454922e-01,-2.846363930654653984e-01,-1.786028689917984913e+00,6.015210578322465196e+00,1.383616571518602682e-03
4.550000000000003486e-01,-9.618017343946372311e-01,-2.786156259873298624e-01,-1.748245429310875787e+00,6.026284108462456324e+00,1.386664184939569427e-03
4.560000000000003495e-01,-9.635310596055306487e-01,-2.725839038592074437e-01,-1.710393705518495899e+00,6.037120607373013037e+00,1.389711798359396459e-03
4.570000000000003504e-01,-9.652224994789679879e-01,-2.665414639235606509e-01,-1.672475001827221419e+00,6.047719654125962130e+00,1.392759411778080958e-03
4.580000000000003513e-01,-9.668759877777622913e-01,-2.604885438391637553e-01,-1.634490804082515458e+00,6.058080837028493093e+00,1.395807025195620757e-03
4.590000000000003522e-01,-9.684914597518277102e-01,-2.544253816718597405e-01,-1.596442600632012709e+00,6.068203753638359288e+00,1.398854638612013037e-03
4.600000000000003531e-01,-9.700688521406535259e-01,-2.483522158853024575e-01,-1.558331882268520374e+00,6.078088010778732730e+00,1.401902252027255628e-03
4.610000000000003539e-01,-9.716081031757205499e-01,-2.422692853316837647e-01,-1.520160142172933604e+00,6.087733224552722255e+00,1.404949865441345713e-03
4.620000000000003548e-01,-9.731091525828607924e-01,-2.361768292424465121e-01,-1.481928875857070116e+00,6.097139020357539962e+00,1.407997478854280905e-03
4.630000000000003557e-01,-9.745719415845595091e-01,-2.300750872189835095e-01,-1.443639581106424208e+00,6.106305032898329266e+00,1.411045092266058820e-03
4.640000000000003566e-01,-9.759964129022006274e-01,-2.239642992233228658e-01,-1.405293757922843056e+00,6.115230906201643002e+00,1.414092705676676855e-03
4.650000000000003575e-01,-9.773825107582541083e-01,-2.178447055687999234e-01,-1.366892908467127521e+00,6.123916293628577812e+00,1.417140319086132409e-03
4.660000000000003584e-01,-9.787301808784062418e-01,-2.117165469107163134e-01,-1.328438537001558561e+00,6.132360857887566574e+00,1.420187932494423096e-03
4.670000000000003593e-01,-9.800393704936323225e-01,-2.055800642369863540e-01,-1.289932149832351271e+00,6.140564271046819123e+00,1.423235545901546314e-03
4.680000000000003602e-01,-9.813100283422118153e-01,-1.994354988587712096e-01,-1.251375255252040075e+00,6.148526214546418345e+00,1.426283159307499679e-03
4.690000000000003610e-01,-9.825421046716859008e-01,-1.932830924011011420e-01,-1.212769363481794871e+00,6.156246379210070785e+00,1.429330772712280586e-03
4.700000000000003619e-01,-9.837355512407572888e-01,-1.871230867934861042e-01,-1.174115986613671447e+00,6.163724465256509966e+00,1.432378386115886653e-03
4.710000000000003628e-01,-9.848903213211318564e-01,-1.809557242605152050e-01,-1.135416638552798396e+00,6.170960182310550657e+00,1.435425999518315275e-03
4.720000000000003637e-01,-9.860063696993032201e-01,-1.747812473124451815e-01,-1.096672834959500964e+00,6.177953249413795866e+00,1.438473612919564069e-03
4.730000000000003646e-01,-9.870836526782786891e-01,-1.685998987357784917e-01,-1.057886093191366061e+00,6.184703395034997442e+00,1.441521226319630433e-03
4.740000000000003655e-01,-9.881221280792477080e-01,-1.624119215838310537e-01,-1.019057932245248210e+00,6.191210357080065840e+00,1.444568839718511763e-03
4.750000000000003664e-01,-9.891217552431919025e-01,-1.562175591672902708e-01,-9.801898726992199773e-01,6.197473882901731734e+00,1.447616453116205675e-03
4.760000000000003673e-01,-9.900824950324375040e-01,-1.500170550447634810e-01,-9.412834366544683418e-01,6.203493729308861226e+00,1.450664066512709566e-03
4.770000000000003681e-01,-9.910043098321492661e-01,-1.438106530133173577e-01,-9.023401476771388818e-01,6.209269662575417570e+00,1.453711679908021052e-03
4.780000000000003690e-01,-9.918871635517662044e-01,-1.375985970990084573e-01,-8.633615307401296679e-01,6.214801458449077387e+00,1.456759293302137531e-03
4.790000000000003699e-01,-9.927310216263793841e-01,-1.313811315474053554e-01,-8.243491121648376385e-01,6.220088902159494282e+00,1.459806906695056616e-03
4.800000000000003708e-01,-9.935358510180513081e-01,-1.251585008141026800e-01,-7.853044195628582358e-01,6.225131788426214285e+00,1.462854520086775707e-03
4.810000000000003717e-01,-9.943016202170766871e-01,-1.189309495552273582e-01,-7.462289817776414091e-01,6.229929921466241360e+00,1.465902133477292417e-03
4.820000000000003726e-01,-9.950282992431853657e-01,-1.126987226179376050e-01,-7.071243288261054305e-01,6.234483115001249409e+00,1.468949746866604145e-03
4.830000000000003735e-01,-9.957158596466866296e-01,-1.064620650309147237e-01,-6.679919918402108525e-01,6.238791192264447005e+00,1.471997360254708289e-03
4.840000000000003744e-01,-9.963642745095547815e-01,-1.002212219948483418e-01,-6.288335030084956090e-01,6.242853986007091294e+00,1.475044973641602463e-03
4.850000000000003753e-01,-9.969735184464564304e-01,-9.397643887291519393e-02,-5.896503955175751432e-01,6.246671338504647508e+00,1.478092587027284282e-03
4.860000000000003761e-01,-9.975435676057197165e-01,-8.772796118125203435e-02,-5.504442034936076755e-01,6.250243101562601211e+00,1.481140200411750927e-03
4.870000000000003770e-01,-9.980743996702441390e-01,-8.147603457942281802e-02,-5.112164619437274959e-01,6.253569136521917038e+00,1.484187813795000230e-03
4.880000000000003779e-01,-9.985659938583525408e-01,-7.522090486088064964e-02,-4.719687066974485590e-01,6.256649314264146611e+00,1.487235427177029373e-03
4.890000000000003788e-01,-9.990183309245839194e-01,-6.896281794342480620e-02,-4.327024743480394897e-01,6.259483515216185623e+00,1.490283040557835968e-03
4.900000000000003797e-01,-9.994313931604279500e-01,-6.270201985965313807e-02,-3.934193021938729995e-01,6.262071629354676539e+00,1.493330653937417632e-03
4.910000000000003806e-01,-9.998051643950008893e-01,-5.643875674741027221e-02,-3.541207281797509321e-01,6.264413556210061351e+00,1.496378267315771763e-03
4.920000000000003815e-01,-1.000139629995662416e+00,-5.017327484023195033e-02,-3.148082908382073275e-01,6.266509204870283511e+00,1.499425880692895974e-03
4.930000000000003824e-01,-1.000434776868574405e+00,-4.390582045778580050e-02,-2.754835292307914463e-01,6.268358493984135471e+00,1.502473494068787448e-03
4.940000000000003832e-01,-1.000690593459200084e+00,-3.763663999630897927e-02,-2.361479828893328636e-01,6.269961351764254509e+00,1.505521107443444015e-03
4.950000000000003841e-01,-1.000907069752745349e+00,-3.136597991904295502e-02,-1.968031917571902156e-01,6.271317715989766839e+00,1.508568720816863074e-03
4.960000000000003850e-01,-1.001084197274540566e+00,-2.509408674666586611e-02,-1.574506961304862340e-01,6.272427534008579109e+00,1.511616334189042022e-03
4.970000000000003859e-01,-1.001221969090364095e+00,-1.882120704772272807e-02,-1.180920365993304855e-01,6.273290762739317294e+00,1.514663947559978475e-03
4.980000000000003868e-01,-1.001320379806706962e+00,-1.254758742905389551e-02,-7.872875398903229904e-02,6.273907368672913876e+00,1.517711560929669830e-03
4.990000000000003877e-01,-1.001379425570978698e+00,-6.273474526222102589e-03,-3.936238930130542962e-02,6.274277327873841514e+00,1.520759174298113485e-03
5.000000000000003331e-01,-1.001399104071654333e+00,8.850060615314334078e-07,5.516344533010308915e-06,6.274400625980994128e+00,1.523806787665307272e-03
5.010000000000003340e-01,-1.001379414538362100e+00,6.275244503512233778e-03,3.937342177036789320e-02,6.274277258208216246e+00,1.526854401031248372e-03
5.020000000000003348e-01,-1.001320357741913636e+00,1.254935730184663679e-02,7.873978579809327860e-02,6.273907229344478864e+00,1.529902014395934399e-03
5.030000000000003357e-01,-1.001221935994274226e+00,1.882297674635784873e-02,1.181030673084196292e-01,6.273290553753702703e+00,1.532949627759362752e-03
5.040000000000003366e-01,-1.001084153148473987e+00,2.509585620149016802e-02,1.574617252996790284e-01,6.272427255374231514e+00,1.535997241121531045e-03
5.050000000000003375e-01,-1.000907014598461986e+00,3.136774906041309152e-02,1.968142189466264846e-01,6.271317367717947455e+00,1.539044854482436893e-03
5.060000000000003384e-01,-1.000690527278899511e+00,3.763840875459427415e-02,2.361590076592350318e-01,6.269960933869038300e+00,1.542092467842077477e-03
5.070000000000003393e-01,-1.000434699664896065e+00,4.390758876337106514e-02,2.754945511414829684e-01,6.268358006482411149e+00,1.545140081200450412e-03
5.080000000000003402e-01,-1.000139541771685181e+00,5.017504262352028704e-02,3.148193094501309242e-01,6.266508647781753538e+00,1.548187694557553312e-03
5.090000000000003411e-01,-9.998050651542432776e-01,5.644052393882589141e-02,3.541317430534871025e-01,6.264412929557239273e+00,1.551235307913383576e-03
5.100000000000003419e-01,-9.994312829068479065e-01,6.270378638964417550e-02,3.934303128901581736e-01,6.262070933162886988e+00,1.554282921267938818e-03
5.110000000000003428e-01,-9.990182096625784824e-01,6.896458374246612621e-02,4.327134804277844027e-01,6.259482749513563427e+00,1.557330534621216437e-03
5.120000000000003437e-01,-9.985658615927577308e-01,7.522266985947664852e-02,4.719797077217565695e-01,6.256648479081635017e+00,1.560378147973213829e-03
5.130000000000003446e-01,-9.980742564063347366e-01,8.147779870811024117e-02,5.112274574739129607e-01,6.253568231893265938e+00,1.563425761323928610e-03
5.140000000000003455e-01,-9.975434133492090405e-01,8.772972437060277962e-02,5.504551930912142677e-01,6.250242127524367142e+00,1.566473374673358178e-03
5.150000000000003464e-01,-9.969733532034961154e-01,9.397820105353912878e-02,5.896613787443939492e-01,6.246670295096190983e+00,1.569520988021500148e-03
5.160000000000003473e-01,-9.963640982867346674e-01,1.002229830973960789e-01,6.288444794265836135e-01,6.242852873270574143e+00,1.572568601368351917e-03
5.170000000000003482e-01,-9.957156724510343171e-01,1.064638249860804520e-01,6.680029610119090355e-01,6.238790010244832374e+00,1.575616214713911100e-03
5.180000000000003491e-01,-9.950281010821659944e-01,1.127004813564618513e-01,7.071352903140571966e-01,6.234481863746297314e+00,1.578663828058175095e-03
5.190000000000003499e-01,-9.943014110985924914e-01,1.189327070078998322e-01,7.462399351448104623e-01,6.229928601026509583e+00,1.581711441401141517e-03
5.200000000000003508e-01,-9.935356309504415062e-01,1.251602569117650499e-01,7.853153643725472310e-01,6.225130398855053926e+00,1.584759054742807764e-03
5.210000000000003517e-01,-9.927307906184196229e-01,1.313828862209540094e-01,8.243600479807060566e-01,6.220087443513047099e+00,1.587806668083171233e-03
5.220000000000003526e-01,-9.918869216126683375e-01,1.376003502793973210e-01,8.633724571262120229e-01,6.214799930786275795e+00,1.590854281422229540e-03
5.230000000000003535e-01,-9.910040569715609093e-01,1.438124046315606974e-01,9.023510641978629288e-01,6.209268065957979310e+00,1.593901894759980082e-03
5.240000000000003544e-01,-9.900822312604415920e-01,1.500188050319387068e-01,9.412943428746732843e-01,6.203492063801287593e+00,1.596949508096420474e-03
5.250000000000003553e-01,-9.891214805703063551e-01,1.562193074545406568e-01,9.802007681841744535e-01,6.197472148571304906e+00,1.599997121431548115e-03
5.260000000000003562e-01,-9.881218425164248753e-01,1.624136681023685413e-01,1.019068816560668500e+00,6.191208553996845332e+00,1.603044734765360618e-03
5.270000000000003570e-01,-9.870833562369051295e-01,1.686016434168864653e-01,1.057896965903434072e+00,6.184701523271817436e+00,1.606092348097855381e-03
5.280000000000003579e-01,-9.860060623911990341e-01,1.747829900874812437e-01,1.096683695634881994e+00,6.177951309046261663e+00,1.609139961429030020e-03
5.290000000000003588e-01,-9.848900031585502424e-01,1.809574650609139246e-01,1.135427486758659565e+00,6.170958173417035120e+00,1.612187574758881933e-03
5.300000000000003597e-01,-9.837352222363838772e-01,1.871248255507618752e-01,1.174126821917699459e+00,6.163722387918150858e+00,1.615235188087408517e-03
5.310000000000003606e-01,-9.825417648386385316e-01,1.932848290468508201e-01,1.212780185452213999e+00,6.156244233510765440e+00,1.618282801414607387e-03
5.320000000000003615e-01,-9.813096776940396504e-01,1.994372333246769435e-01,1.251386063457630149e+00,6.148524000572821890e+00,1.621330414740476157e-03
5.330000000000003624e-01,-9.800390090443156232e-01,2.055817964548183052e-01,1.289942943842465439e+00,6.140561988888340039e+00,1.624378028065012010e-03
5.340000000000003633e-01,-9.787298086423555921e-01,2.117182768123354597e-01,1.328449316386141499e+00,6.132358507636361367e+00,1.627425641388212775e-03
5.350000000000003642e-01,-9.773821277503097482e-01,2.178464330861607512e-01,1.366903672796732971e+00,6.123913875379548344e+00,1.630473254710075636e-03
5.360000000000003650e-01,-9.759960191376320093e-01,2.239660242884761454e-01,1.405304506768651596e+00,6.115228420052431169e+00,1.633520868030598422e-03
5.370000000000003659e-01,-9.745715370790645204e-01,2.300768097640790155e-01,1.443650314040261229e+00,6.106302478949314327e+00,1.636568481349778316e-03
5.380000000000003668e-01,-9.731087373525652007e-01,2.361785491997357433e-01,1.481939592451423371e+00,6.097136398711831440e+00,1.639616094667612932e-03
5.390000000000003677e-01,-9.716076772371774473e-01,2.422710026335227473e-01,1.520170842000970968e+00,6.087730535316157265e+00,1.642663707984099884e-03
5.400000000000003686e-01,-9.700684155108423301e-01,2.483539304641543821e-01,1.558342564904107386e+00,6.078085254059871545e+00,1.645711321299236571e-03
5.410000000000003695e-01,-9.684910124481536098e-01,2.544270934602976819e-01,1.596453265649730557e+00,6.068200929548479117e+00,1.648758934613020390e-03
5.420000000000003704e-01,-9.668755298180555791e-01,2.604902527698734760e-01,1.634501451057678301e+00,6.058077945681583643e+00,1.651806547925448957e-03
5.430000000000003713e-01,-9.652220308814832839e-01,2.665431699293432377e-01,1.672485630335893925e+00,6.047716695638720275e+00,1.654854161236519669e-03
5.440000000000003721e-01,-9.635305803889460119e-01,2.725856068729820558e-01,1.710404315137510789e+00,6.037117581864838378e+00,1.657901774546230141e-03
5.450000000000003730e-01,-9.618012445780536046e-01,2.786173259421363402e-01,1.748256019617851376e+00,6.026281016055444972e+00,1.660949387854577771e-03
5.460000000000003739e-01,-9.600340911709858149e-01,2.846380898944670945e-01,1.786039260491342429e+00,6.015207419141404444e+00,1.663997001161560173e-03
5.470000000000003748e-01,-9.582291893719045994e-01,2.906476619131773131e-01,1.823752557088340387e+00,6.003897221273392759e+00,1.667044614467174746e-03
5.480000000000003757e-01,-9.563866098643100111e-01,2.966458056162240009e-01,1.861394431411868666e+00,5.992350861806013285e+00,1.670092227771418887e-03
5.490000000000003766e-01,-9.545064248083392489e-01,3.026322850655140395e-01,1.898963408194262126e+00,5.980568789281564435e+00,1.673139841074290212e-03
5.500000000000003775e-01,-9.525887078380087525e-01,3.086068647760834560e-01,1.936458014953717832e+00,5.968551461413474257e+00,1.676187454375786335e-03
5.510000000000003784e-01,-9.506335340584004534e-01,3.145693097252603709e-01,1.973876782050751455e+00,5.956299345069385964e+00,1.679235067675904653e-03
5.520000000000003793e-01,-9.486409800427910710e-01,3.205193853618103494e-01,2.011218242744553741e+00,5.943812916253907730e+00,1.682282680974642565e-03
5.530000000000003801e-01,-9.466111238297254538e-01,3.264568576150647661e-01,2.048480933249249070e+00,5.931092660091020541e+00,1.685330294271997686e-03
5.540000000000003810e-01,-9.445440449200331878e-01,3.323814929040312949e-01,2.085663392790052306e+00,5.918139070806147650e+00,1.688377907567967413e-03
5.550000000000003819e-01,-9.424398242737900278e-01,3.382930581464860254e-01,2.122764163659320857e+00,5.904952651707883859e+00,1.691425520862549145e-03
5.560000000000003828e-01,-9.402985443072223726e-01,3.441913207680475928e-01,2.159781791272503249e+00,5.891533915169387292e+00,1.694473134155740713e-03
5.570000000000003837e-01,-9.381202888895563419e-01,3.500760487112321573e-01,2.196714824223977569e+00,5.877883382609431884e+00,1.697520747447539297e-03
5.580000000000003846e-01,-9.359051433398108966e-01,3.559470104444894534e-01,2.233561814342783336e+00,5.864001584473125028e+00,1.700568360737942514e-03
5.590000000000003855e-01,-9.336531944235356706e-01,3.618039749712192443e-01,2.270321316748239227e+00,5.849889060212285052e+00,1.703615974026947977e-03
5.600000000000003864e-01,-9.313645303494925143e-01,3.676467118387682920e-01,2.306991889905449344e+00,5.835546358265484734e+00,1.706663587314552867e-03
5.610000000000003872e-01,-9.290392407662823038e-01,3.734749911474067874e-01,2.343572095680694023e+00,5.820974036037759092e+00,1.709711200600755017e-03
5.620000000000003881e-01,-9.266774167589160172e-01,3.792885835592845756e-01,2.380060499396702500e+00,5.806172659879977438e+00,1.712758813885551824e-03
5.630000000000003890e-01,-9.242791508453306326e-01,3.850872603073666744e-01,2.416455669887806579e+00,5.791142805067879706e+00,1.715806427168940686e-03
5.640000000000003899e-01,-9.218445369728500705e-01,3.908707932043473665e-01,2.452756179554974381e+00,5.775885055780781485e+00,1.718854040450919001e-03
5.650000000000003908e-01,-9.193736705145910681e-01,3.966389546515429743e-01,2.488960604420718870e+00,5.760400005079945096e+00,1.721901653731484601e-03
5.660000000000003917e-01,-9.168666482658142103e-01,4.023915176477630418e-01,2.525067524183883805e+00,5.744688254886615830e+00,1.724949267010634666e-03
5.670000000000003926e-01,-9.143235684402204466e-01,4.081282557981589787e-01,2.561075522274300464e+00,5.728750415959728670e+00,1.727996880288366812e-03
5.680000000000003935e-01,-9.117445306661925430e-01,4.138489433230505554e-01,2.596983185907316471e+00,5.712587107873283720e+00,1.731044493564678653e-03
5.690000000000003944e-01,-9.091296359829824647e-01,4.195533550667296385e-01,2.632789106138194057e+00,5.696198958993389461e+00,1.734092106839567370e-03
5.700000000000003952e-01,-9.064789868368444692e-01,4.252412665062404451e-01,2.668491877916375987e+00,5.679586606454977371e+00,1.737139720113030795e-03
5.710000000000003961e-01,-9.037926870771136878e-01,4.309124537601367599e-01,2.704090100139614705e+00,5.662750696138184381e+00,1.740187333385066325e-03
5.720000000000003970e-01,-9.010708419522307500e-01,4.365666935972151164e-01,2.739582375707966921e+00,5.645691882644412907e+00,1.743234946655671360e-03
5.730000000000003979e-01,-8.983135581057126728e-01,4.422037634452240518e-01,2.774967311577648754e+00,5.628410829272055160e+00,1.746282559924843512e-03
5.740000000000003988e-01,-8.955209435720699052e-01,4.478234413995486607e-01,2.810243518814750541e+00,5.610908207991896823e+00,1.749330173192580181e-03
5.750000000000003997e-01,-8.926931077726693031e-01,4.534255062318707230e-01,2.845409612648809983e+00,5.593184699422190320e+00,1.752377786458878765e-03
5.760000000000004006e-01,-8.898301615115443708e-01,4.590097373988034635e-01,2.880464212526238743e+00,5.575240992803404794e+00,1.755425399723736877e-03
5.770000000000004015e-01,-8.869322169711515436e-01,4.645759150505011092e-01,2.915405942163606046e+00,5.557077785972649231e+00,1.758473012987152133e-03
5.780000000000004023e-01,-8.839993877080734030e-01,4.701238200392424127e-01,2.950233429600771284e+00,5.538695785337772293e+00,1.761520626249121931e-03
5.790000000000004032e-01,-8.810317886486690453e-01,4.756532339279884725e-01,2.984945307253868307e+00,5.520095705851137957e+00,1.764568239509643668e-03
5.800000000000004041e-01,-8.780295360846711583e-01,4.811639389989140203e-01,3.019540211968136489e+00,5.501278270983080532e+00,1.767615852768714959e-03
5.810000000000004050e-01,-8.749927476687306971e-01,4.866557182619118960e-01,3.054016785070599926e+00,5.482244212695035479e+00,1.770663466026333203e-03
5.820000000000004059e-01,-8.719215424099089340e-01,4.921283554630705992e-01,3.088373672422587646e+00,5.462994271412349612e+00,1.773711079282496014e-03
5.830000000000004068e-01,-8.688160406691166626e-01,4.975816350931244747e-01,3.122609524472100606e+00,5.443529195996773318e+00,1.776758692537200790e-03
5.840000000000004077e-01,-8.656763641545016652e-01,5.030153423958763081e-01,3.156722996306013940e+00,5.423849743718629490e+00,1.779806305790445145e-03
5.850000000000004086e-01,-8.625026359167837775e-01,5.084292633765916669e-01,3.190712747702122432e+00,5.403956680228666265e+00,1.782853919042226478e-03
5.860000000000004095e-01,-8.592949803445378842e-01,5.138231848103652633e-01,3.224577443181019909e+00,5.383850779529593567e+00,1.785901532292542187e-03
5.870000000000004103e-01,-8.560535231594252892e-01,5.191968942504585627e-01,3.258315752057814318e+00,5.363532823947297246e+00,1.788949145541389885e-03
5.880000000000004112e-01,-8.527783914113734598e-01,5.245501800366083600e-01,3.291926348493674936e+00,5.343003604101743242e+00,1.791996758788767189e-03
5.890000000000004121e-01,-8.494697134737043687e-01,5.298828313033062676e-01,3.325407911547212603e+00,5.322263918877563782e+00,1.795044372034671496e-03
5.900000000000004130e-01,-8.461276190382112095e-01,5.351946379880484495e-01,3.358759125225686315e+00,5.301314575394329154e+00,1.798091985279100203e-03
5.910000000000004139e-01,-8.427522391101842647e-01,5.404853908395556017e-01,3.391978678536039737e+00,5.280156388976505966e+00,1.801139598522050926e-03
5.920000000000004148e-01,-8.393437060033859254e-01,5.457548814259627346e-01,3.425065265535760517e+00,5.258790183123102757e+00,1.804187211763521063e-03
5.930000000000004157e-01,-8.359021533349747513e-01,5.510029021429783125e-01,3.458017585383565518e+00,5.237216789477006529e+00,1.807234825003508011e-03
5.940000000000004166e-01,-8.324277160203787940e-01,5.562292462220127520e-01,3.490834342389907086e+00,5.215437047794004854e+00,1.810282438242009602e-03
5.950000000000004174e-01,-8.289205302681188492e-01,5.614337077382756114e-01,3.523514246067296796e+00,5.193451805911501573e+00,1.813330051479023017e-03
5.960000000000004183e-01,-8.253807335745813045e-01,5.666160816188416938e-01,3.556056011180451559e+00,5.171261919716921618e+00,1.816377664714545872e-03
5.970000000000004192e-01,-8.218084647187408054e-01,5.717761636506848433e-01,3.588458357796251885e+00,5.148868253115806759e+00,1.819425277948575562e-03
5.980000000000004201e-01,-8.182038637568334050e-01,5.769137504886800993e-01,3.620720011333516286e+00,5.126271677999609366e+00,1.822472891181109705e-03
5.990000000000004210e-01,-8.145670720169796430e-01,5.820286396635734327e-01,3.652839702612587836e+00,5.103473074213176197e+00,1.825520504412145913e-03
6.000000000000004219e-01,-8.108982320937583310e-01,5.871206295899186189e-01,3.684816167904730655e+00,5.080473329521926651e+00,1.828568117641681369e-03
6.010000000000004228e-01,-8.071974878427311539e-01,5.921895195739813600e-01,3.716648148981336774e+00,5.057273339578730820e+00,1.831615730869713904e-03
6.020000000000004237e-01,-8.034649843749178677e-01,5.972351098216100995e-01,3.748334393162938039e+00,5.033874007890482005e+00,1.834663344096240699e-03
6.030000000000004245e-01,-7.997008680512227574e-01,6.022572014460730871e-01,3.779873653368023501e+00,5.010276245784369031e+00,1.837710957321259369e-03
6.040000000000004254e-01,-7.959052864768123570e-01,6.072555964758616920e-01,3.811264688161661862e+00,4.986480972373844800e+00,1.840758570544767528e-03
6.050000000000004263e-01,-7.920783884954446519e-01,6.122300978624597434e-01,3.842506261803921852e+00,4.962489114524297307e+00,1.843806183766762575e-03
6.060000000000004272e-01,-7.882203241837498764e-01,6.171805094880777887e-01,3.873597144298095873e+00,4.938301606818424005e+00,1.846853796987241907e-03
6.070000000000004281e-01,-7.843312448454635710e-01,6.221066361733533778e-01,3.904536111438719370e+00,4.913919391521303304e+00,1.849901410206203139e-03
6.080000000000004290e-01,-7.804113030056110123e-01,6.270082836850155994e-01,3.935321944859386356e+00,4.889343418545172959e+00,1.852949023423643886e-03
6.090000000000004299e-01,-7.764606524046446800e-01,6.318852587435146440e-01,3.965953432080360219e+00,4.864574645413913601e+00,1.855996636639561329e-03
6.100000000000004308e-01,-7.724794479925334301e-01,6.367373690306152856e-01,3.996429366555974916e+00,4.839614037227233823e+00,1.859044249853953300e-03
6.110000000000004317e-01,-7.684678459228052594e-01,6.415644231969551692e-01,4.026748547721830107e+00,4.814462566624568396e+00,1.862091863066816979e-03
6.120000000000004325e-01,-7.644260035465423320e-01,6.463662308695657943e-01,4.056909781041770025e+00,4.789121213748676276e+00,1.865139476278149981e-03
6.130000000000004334e-01,-7.603540794063292640e-01,6.511426026593580829e-01,4.086911878054653613e+00,4.763590966208954391e+00,1.868187089487949922e-03
6.140000000000004343e-01,-7.562522332301550021e-01,6.558933501685700884e-01,4.116753656420910623e+00,4.737872819044458339e+00,1.871234702696214199e-03
6.150000000000004352e-01,-7.521206259252679605e-01,6.606182859981781785e-01,4.146433939968876103e+00,4.711967774686635302e+00,1.874282315902940426e-03
6.160000000000004361e-01,-7.479594195719849736e-01,6.653172237552710255e-01,4.175951558740911729e+00,4.685876842921766539e+00,1.877329929108125786e-03
6.170000000000004370e-01,-7.437687774174543964e-01,6.699899780603849608e-01,4.205305349039302421e+00,4.659601040853129206e+00,1.880377542311768109e-03
6.180000000000004379e-01,-7.395488638693732408e-01,6.746363645548023591e-01,4.234494153471937139e+00,4.633141392862865082e+00,1.883425155513864793e-03
6.190000000000004388e-01,-7.352998444896590158e-01,6.792561999078110535e-01,4.263516820997758749e+00,4.606498930573574846e+00,1.886472768714413236e-03
6.200000000000004396e-01,-7.310218859880757147e-01,6.838493018239256704e-01,4.292372206971995396e+00,4.579674692809618364e+00,1.889520381913411054e-03
6.210000000000004405e-01,-7.267151562158153943e-01,6.884154890500699953e-01,4.321059173191160951e+00,4.552669725558144087e+00,1.892567995110855644e-03
6.220000000000004414e-01,-7.223798241590342339e-01,6.929545813827197032e-01,4.349576587937825423e+00,4.525485081929828901e+00,1.895615608306744403e-03
6.230000000000004423e-01,-7.180160599323440751e-01,6.974663996750066763e-01,4.377923326025158879e+00,4.498121822119345303e+00,1.898663221501074947e-03
6.240000000000004432e-01,-7.136240347722601074e-01,7.019507658437829090e-01,4.406098268841240895e+00,4.470581013365547918e+00,1.901710834693844891e-03
6.250000000000004441e-01,-7.092039210306033681e-01,7.064075028766444442e-01,4.434100304393134628e+00,4.442863729911381121e+00,1.904758447885051631e-03
6.260000000000004450e-01,-7.047558921678601651e-01,7.108364348389156762e-01,4.461928327350726420e+00,4.414971052963517550e+00,1.907806061074692567e-03
6.270000000000004459e-01,-7.002801227464973133e-01,7.152373868805925738e-01,4.489581239090330023e+00,4.386904070651714171e+00,1.910853674262765313e-03
6.280000000000004468e-01,-6.957767884242340717e-01,7.196101852432453816e-01,4.517057947738047474e+00,4.358663877987902779e+00,1.913901287449267267e-03
6.290000000000004476e-01,-6.912460659472706714e-01,7.239546572668801305e-01,4.544357368212891046e+00,4.330251576825004278e+00,1.916948900634196044e-03
6.300000000000004485e-01,-6.866881331434739888e-01,7.282706313967590717e-01,4.571478422269664499e+00,4.301668275815473841e+00,1.919996513817549041e-03
6.310000000000004494e-01,-6.821031689155204747e-01,7.325579371901793646e-01,4.598420038541595645e+00,4.272915090369578728e+00,1.923044126999323873e-03
6.320000000000004503e-01,-6.774913532339964517e-01,7.368164053232097999e-01,4.625181152582728217e+00,4.243993142613406100e+00,1.926091740179517939e-03
6.330000000000004512e-01,-6.728528671304562225e-01,7.410458675973855547e-01,4.651760706910061494e+00,4.214903561346605265e+00,1.929139353358128852e-03
6.340000000000004521e-01,-6.681878926904381011e-01,7.452461569463605384e-01,4.678157651045442122e+00,4.185647481999867026e+00,1.932186966535153795e-03
6.350000000000004530e-01,-6.634966130464388101e-01,7.494171074425169943e-01,4.704370941557206365e+00,4.156226046592135681e+00,1.935234579710590598e-03
6.360000000000004539e-01,-6.587792123708462455e-01,7.535585543035324685e-01,4.730399542101568322e+00,4.126640403687561687e+00,1.938282192884436660e-03
6.370000000000004547e-01,-6.540358758688309404e-01,7.576703338989030367e-01,4.756242423463752367e+00,4.096891708352191408e+00,1.941329806056689379e-03
6.380000000000004556e-01,-6.492667897711966729e-01,7.617522837564237870e-01,4.781898563598874219e+00,4.066981122110401081e+00,1.944377419227346368e-03
6.390000000000004565e-01,-6.444721413271903288e-01,7.658042425686250043e-01,4.807366947672558233e+00,4.036909812901066097e+00,1.947425032396405027e-03
6.400000000000004574e-01,-6.396521187972710187e-01,7.698260501991647242e-01,4.832646568101299778e+00,4.006678955033482481e+00,1.950472645563862970e-03
6.410000000000004583e-01,-6.348069114458391171e-01,7.738175476891770987e-01,4.857736424592565605e+00,3.976289729143024143e+00,1.953520258729717594e-03
6.420000000000004592e-01,-6.299367095339256650e-01,7.777785772635761319e-01,4.882635524184630427e+00,3.945743322146552767e+00,1.956567871893966516e-03
6.430000000000004601e-01,-6.250417043118412508e-01,7.817089823373147839e-01,4.907342881286152370e+00,3.915040927197573239e+00,1.959615485056606914e-03
6.440000000000004610e-01,-6.201220880117863654e-01,7.856086075215988895e-01,4.931857517715477535e+00,3.884183743641136832e+00,1.962663098217636622e-03
6.450000000000004619e-01,-6.151780538404220122e-01,7.894772986300563344e-01,4.956178462739683432e+00,3.853172976968497476e+00,1.965710711377053038e-03
6.460000000000004627e-01,-6.102097959714015696e-01,7.933149026848603791e-01,4.980304753113347083e+00,3.822009838771518009e+00,1.968758324534853558e-03
6.470000000000004636e-01,-6.052175095378640179e-01,7.971212679228073528e-01,5.004235433117047549e+00,3.790695546696831286e+00,1.971805937691035581e-03
6.480000000000004645e-01,-6.002013906248889752e-01,8.008962438013484952e-01,5.027969554595594026e+00,3.759231324399755714e+00,1.974853550845596939e-03
6.490000000000004654e-01,-5.951616362619130962e-01,8.046396810045751691e-01,5.051506176995980368e+00,3.727618401497967415e+00,1.977901163998535029e-03
6.500000000000004663e-01,-5.900984444151092800e-01,8.083514314491585528e-01,5.074844367405064283e+00,3.695858013524929930e+00,1.980948777149847250e-03
6.510000000000004672e-01,-5.850120139797282404e-01,8.120313482902413726e-01,5.097983200586968522e+00,3.663951401883085435e+00,1.983996390299530999e-03
6.520000000000004681e-01,-5.799025447724022175e-01,8.156792859272837815e-01,5.120921759020207631e+00,3.631899813796804821e+00,1.987044003447584108e-03
6.530000000000004690e-01,-5.747702375234123862e-01,8.192951000098617209e-01,5.143659132934527811e+00,3.599704502265101080e+00,1.990091616594003542e-03
6.540000000000004698e-01,-5.696152938689195144e-01,8.228786474434175435e-01,5.166194420347473226e+00,3.567366726014108202e+00,1.993139229738787131e-03
6.550000000000004707e-01,-5.644379163431576529e-01,8.264297863949633394e-01,5.188526727100660985e+00,3.534887749449324268e+00,1.996186842881932707e-03
6.560000000000004716e-01,-5.592383083705921853e-01,8.299483762987365232e-01,5.210655166895779900e+00,3.502268842607622723e+00,1.999234456023437235e-03
6.570000000000004725e-01,-5.540166742580419079e-01,8.334342778618070158e-01,5.232578861330295261e+00,3.469511281109032286e+00,2.002282069163298546e-03
6.580000000000004734e-01,-5.487732191867654707e-01,8.368873530696360197e-01,5.254296939932872057e+00,3.436616346108288589e+00,2.005329682301513605e-03
6.590000000000004743e-01,-5.435081492045126250e-01,8.403074651915866111e-01,5.275808540198503316e+00,3.403585324246156230e+00,2.008377295438080242e-03
6.600000000000004752e-01,-5.382216712175404982e-01,8.436944787863853712e-01,5.297112807623353348e+00,3.370419507600526110e+00,2.011424908572996290e-03
6.610000000000004761e-01,-5.329139929825948974e-01,8.470482597075347231e-01,5.318208895739305220e+00,3.337120193637286736e+00,2.014472521706258713e-03
6.620000000000004770e-01,-5.275853230988578613e-01,8.503686751086765305e-01,5.339095966148216021e+00,3.303688685160974359e+00,2.017520134837865343e-03
6.630000000000004778e-01,-5.222358709998601300e-01,8.536555934489058473e-01,5.359773188555875478e+00,3.270126290265201074e+00,2.020567747967813577e-03
6.640000000000004787e-01,-5.168658469453608628e-01,8.569088844980351505e-01,5.380239740805669690e+00,3.236434322282862652e+00,2.023615361096100813e-03
6.650000000000004796e-01,-5.114754620131930496e-01,8.601284193418086144e-01,5.400494808911945555e+00,3.202614099736130537e+00,2.026662974222724883e-03
6.660000000000004805e-01,-5.060649280910759495e-01,8.633140703870663124e-01,5.420537587093076759e+00,3.168666946286224473e+00,2.029710587347682751e-03
6.670000000000004814e-01,-5.006344578683949997e-01,8.664657113668580157e-01,5.440367277804227797e+00,3.134594190682973291e+00,2.032758200470972249e-03
6.680000000000004823e-01,-4.951842648279484171e-01,8.695832173455065872e-01,5.459983091769815111e+00,3.100397166714162545e+00,2.035805813592590774e-03
6.690000000000004832e-01,-4.897145632376618818e-01,8.726664647236204164e-01,5.479384248015666259e+00,3.066077213154668524e+00,2.038853426712535725e-03
6.700000000000004841e-01,-4.842255681422714120e-01,8.757153312430551173e-01,5.498569973900870878e+00,3.031635673715387114e+00,2.041901039830804933e-03
6.710000000000004849e-01,-4.787174953549740430e-01,8.787296959918237116e-01,5.517539505149328782e+00,2.997073896991951258e+00,2.044948652947395796e-03
6.720000000000004858e-01,-4.731905614490475309e-01,8.817094394089559639e-01,5.536292085880986313e+00,2.962393236413244146e+00,2.047996266062305712e-03
6.730000000000004867e-01,-4.676449837494386919e-01,8.846544432893054255e-01,5.554826968642765372e+00,2.927595050189708115e+00,2.051043879175532079e-03
6.740000000000004876e-01,-4.620809803243212666e-01,8.875645907883054075e-01,5.573143414439181598e+00,2.892680701261451937e+00,2.054091492287072294e-03
6.750000000000004885e-01,-4.564987699766229756e-01,8.904397664266724410e-01,5.591240692762647235e+00,2.857651557246155161e+00,2.057139105396924190e-03
6.760000000000004894e-01,-4.508985722355226544e-01,8.932798560950576672e-01,5.609118081623465812e+00,2.822508990386776606e+00,2.060186718505085165e-03
6.770000000000004903e-01,-4.452806073479175786e-01,8.960847470586459362e-01,5.626774867579505290e+00,2.787254377499063462e+00,2.063234331611552615e-03
6.780000000000004912e-01,-4.396450962698610354e-01,8.988543279617025039e-01,5.644210345765562131e+00,2.751889099918866766e+00,2.066281944716323940e-03
6.790000000000004921e-01,-4.339922606579710296e-01,9.015884888320662149e-01,5.661423819922401179e+00,2.716414543449262808e+00,2.069329557819396970e-03
6.800000000000004929e-01,-4.283223228608097899e-01,9.042871210855908393e-01,5.678414602425479352e+00,2.680832098307481814e+00,2.072377170920769104e-03
6.810000000000004938e-01,-4.226355059102348544e-01,9.069501175305318963e-01,5.695182014313349583e+00,2.645143159071649652e+00,2.075424784020437740e-03
6.820000000000004947e-01,-4.169320335127220112e-01,9.095773723718815207e-01,5.711725385315743253e+00,2.609349124627339034e+00,2.078472397118400275e-03
6.830000000000004956e-01,-4.112121300406601510e-01,9.121687812156485942e-01,5.728044053881326647e+00,2.573451398113936417e+00,2.081520010214654107e-03
6.840000000000004965e-01,-4.054760205236185300e-01,9.147242410730860307e-01,5.744137367205135902e+00,2.537451386870823278e+00,2.084567623309197069e-03
6.850000000000004974e-01,-3.997239306395869440e-01,9.172436503648635497e-01,5.760004681255686876e+00,2.501350502383376195e+00,2.087615236402026557e-03
6.860000000000004983e-01,-3.939560867061887017e-01,9.197269089251867147e-01,5.775645360801756389e+00,2.465150160228785747e+00,2.090662849493139970e-03
6.870000000000004992e-01,-3.881727156718671745e-01,9.221739180058614593e-01,5.791058779438835735e+00,2.428851780021697770e+00,2.093710462582534706e-03
6.880000000000005000e-01,-3.823740451070460344e-01,9.245845802803045466e-01,5.806244319615255556e+00,2.392456785359677873e+00,2.096758075670208596e-03
6.890000000000005009e-01,-3.765603031952634017e-01,9.269587998474987378e-01,5.821201372657979434e+00,2.355966603768499201e+00,2.099805688756159038e-03
6.900000000000005018e-01,-3.707317187242804568e-01,9.292964822358940058e-01,5.835929338798067079e+00,2.319382666647261004e+00,2.102853301840383431e-03
6.910000000000005027e-01,-3.648885210771648513e-01,9.315975344072531250e-01,5.850427627195801783e+00,2.282706409213333121e+00,2.105900914922879171e-03
6.920000000000005036e-01,-3.590309402233490266e-01,9.338618647604421952e-01,5.864695655965486587e+00,2.245939270447133485e+00,2.108948528003643658e-03
6.930000000000005045e-01,-3.531592067096638310e-01,9.360893831351664307e-01,5.878732852199902048e+00,2.209082693036737766e+00,2.111996141082674722e-03
6.940000000000005054e-01,-3.472735516513479892e-01,9.382800008156496618e-01,5.892538651994430943e+00,2.172138123322324255e+00,2.115043754159969761e-03
6.950000000000005063e-01,-3.413742067230337573e-01,9.404336305342588798e-01,5.906112500470841020e+00,2.135107011240456210e+00,2.118091367235526174e-03
6.960000000000005071e-01,-3.354614041497085419e-01,9.425501864750723824e-01,5.919453851800732913e+00,2.097990810268202111e+00,2.121138980309341358e-03
6.970000000000005080e-01,-3.295353766976536480e-01,9.446295842773925200e-01,5.932562169228644322e+00,2.060790977367097820e+00,2.124186593381413145e-03
6.980000000000005089e-01,-3.235963576653598239e-01,9.466717410392019305e-01,5.945436925094814029e+00,2.023508972926950644e+00,2.127234206451738933e-03
6.990000000000005098e-01,-3.176445808744203791e-01,9.486765753205639307e-01,5.958077600857603962e+00,1.986146260709489964e+00,2.130281819520316120e-03
7.000000000000005107e-01,-3.116802806604019871e-01,9.506440071469657305e-01,5.970483687115578419e+00,1.948704307791862878e+00,2.133329432587142103e-03
7.010000000000005116e-01,-3.057036918636936718e-01,9.525739580126060257e-01,5.982654683629236914e+00,1.911184584509980411e+00,2.136377045652214281e-03
7.020000000000005125e-01,-2.997150498203339231e-01,9.544663508836249699e-01,5.994590099342400613e+00,1.873588564401713619e+00,2.139424658715530485e-03
7.030000000000005134e-01,-2.937145903528171065e-01,9.563211102012779685e-01,6.006289452403254181e+00,1.835917724149943586e+00,2.142472271777088114e-03
7.040000000000005143e-01,-2.877025497608784455e-01,9.581381618850519644e-01,6.017752270185038554e+00,1.798173543525465989e+00,2.145519884836884564e-03
7.050000000000005151e-01,-2.816791648122590197e-01,9.599174333357247679e-01,6.028978089306393784e+00,1.760357505329753325e+00,2.148567497894917234e-03
7.060000000000005160e-01,-2.756446727334501690e-01,9.616588534383672116e-01,6.039966455651352817e+00,1.722471095337575475e+00,2.151615110951183955e-03
7.070000000000005169e-01,-2.695993112004183567e-01,9.633623525652874608e-01,6.050716924388983564e+00,1.684515802239482385e+00,2.154662724005682126e-03
7.080000000000005178e-01,-2.635433183293102721e-01,9.650278625789181497e-01,6.061229059992678359e+00,1.646493117584150401e+00,2.157710337058409145e-03
7.090000000000005187e-01,-2.574769326671393355e-01,9.666553168346456726e-01,6.071502436259090807e+00,1.608404535720592943e+00,2.160757950109362408e-03
7.100000000000005196e-01,-2.514003931824527749e-01,9.682446501835814123e-01,6.081536636326719147e+00,1.570251553740240169e+00,2.163805563158539749e-03
7.110000000000005205e-01,-2.453139392559808563e-01,9.697957989752751251e-01,6.091331252694130782e+00,1.532035671418886968e+00,2.166853176205938130e-03
7.120000000000005214e-01,-2.392178106712677665e-01,9.713087010603704829e-01,6.100885887237835981e+00,1.493758391158513943e+00,2.169900789251555384e-03
7.130000000000005222e-01,-2.331122476052849002e-01,9.727832957932017743e-01,6.110200151229798315e+00,1.455421217928981603e+00,2.172948402295388909e-03
7.140000000000005231e-01,-2.269974906190267983e-01,9.742195240343327622e-01,6.119273665354590719e+00,1.417025659209601551e+00,2.175996015337436536e-03
7.150000000000005240e-01,-2.208737806480901289e-01,9.756173281530369223e-01,6.128106059726192711e+00,1.378573224930584429e+00,2.179043628377695229e-03
7.160000000000005249e-01,-2.147413589932359868e-01,9.769766520297190615e-01,6.136696973904425256e+00,1.340065427414369958e+00,2.182091241416162820e-03
7.170000000000005258e-01,-2.086004673109360108e-01,9.782974410582777613e-01,6.145046056911024124e+00,1.301503781316838415e+00,2.185138854452836708e-03
7.180000000000005267e-01,-2.024513476039025983e-01,9.795796421484098682e-01,6.153152967245353544e+00,1.262889803568407299e+00,2.188186467487714289e-03
7.190000000000005276e-01,-1.962942422116035757e-01,9.808232037278553639e-01,6.161017372899756595e+00,1.224225013315014765e+00,2.191234080520793395e-03
7.200000000000005285e-01,-1.901293938007616313e-01,9.820280757445831732e-01,6.168638951374539658e+00,1.185510931858992256e+00,2.194281693552071425e-03
7.210000000000005294e-01,-1.839570453558391216e-01,9.831942096689181287e-01,6.176017389692594506e+00,1.146749082599828329e+00,2.197329306581545343e-03
7.220000000000005302e-01,-1.777774401695081941e-01,9.843215584956083175e-01,6.183152384413652669e+00,1.107940990974826345e+00,2.200376919609213413e-03
7.230000000000005311e-01,-1.715908218331070878e-01,9.854100767458334742e-01,6.190043641648174777e+00,1.069088184399657360e+00,2.203424532635072600e-03
7.240000000000005320e-01,-1.653974342270825570e-01,9.864597204691532006e-01,6.196690877070873960e+00,1.030192192208811308e+00,2.206472145659120736e-03
7.250000000000005329e-01,-1.591975215114189990e-01,9.874704472453962323e-01,6.203093815933867106e+00,9.912545455959483887e-01,2.209519758681354785e-03
7.260000000000005338e-01,-1.529913281160547034e-01,9.884422161864896417e-01,6.209252193079460191e+00,9.522767775541522983e-01,2.212567371701772579e-03
7.270000000000005347e-01,-1.467790987312853068e-01,9.893749879382283119e-01,6.215165752952565015e+00,9.132604228160889903e-01,2.215614984720371949e-03
7.280000000000005356e-01,-1.405610782981552287e-01,9.902687246819846800e-01,6.220834249612741118e+00,8.742070177940717279e-01,2.218662597737149859e-03
7.290000000000005365e-01,-1.343375119988371447e-01,9.911233901363583065e-01,6.226257446745869117e+00,8.351181005200352114e-01,2.221710210752104141e-03
7.300000000000005373e-01,-1.281086452469999415e-01,9.919389495587653816e-01,6.231435117675453661e+00,7.959952105854216642e-01,2.224757823765232193e-03
7.310000000000005382e-01,-1.218747236781656113e-01,9.927153697469683902e-01,6.236367045373548912e+00,7.568398890809800994e-01,2.227805436776531412e-03
7.320000000000005391e-01,-1.156359931400554181e-01,9.934526190405449375e-01,6.241053022471314549e+00,7.176536785364818760e-01,2.230853049785999197e-03
7.330000000000005400e-01,-1.093926996829256426e-01,9.941506673222967327e-01,6.245492851269196066e+00,6.784381228603543201e-01,2.233900662793633380e-03
7.340000000000005409e-01,-1.031450895498934039e-01,9.948094860195981770e-01,6.249686343746728490e+00,6.391947672792347435e-01,2.236948275799431358e-03
7.350000000000005418e-01,-9.689340916725278086e-02,9.954290481056842221e-01,6.253633321571967052e+00,5.999251582774479674e-01,2.239995888803390529e-03
7.360000000000005427e-01,-9.063790513478173216e-02,9.960093281008776112e-01,6.257333616110539509e+00,5.606308435364082410e-01,2.243043501805508291e-03
7.370000000000005436e-01,-8.437882421604020466e-02,9.965503020737558337e-01,6.260787068434321867e+00,5.213133718739489941e-01,2.246091114805782475e-03
7.380000000000005445e-01,-7.811641332865965071e-02,9.970519476422571303e-01,6.263993529329737520e+00,4.819742931835824251e-01,2.249138727804210047e-03
7.390000000000005453e-01,-7.185091953462451053e-02,9.975142439747257672e-01,6.266952859305674473e+00,4.426151583736910866e-01,2.252186340800788836e-03
7.400000000000005462e-01,-6.558259003054595082e-02,9.979371717908964712e-01,6.269664928601028642e+00,4.032375193066539687e-01,2.255233953795516676e-03
7.410000000000005471e-01,-5.931167213792824799e-02,9.983207133628179131e-01,6.272129617191862572e+00,3.638429287379094657e-01,2.258281566788390531e-03
7.420000000000005480e-01,-5.303841329342817018e-02,9.986648525157153511e-01,6.274346814798188454e+00,3.244329402549572250e-01,2.261329179779408231e-03
7.430000000000005489e-01,-4.676306103910783663e-02,9.989695746287921008e-01,6.276316420890365677e+00,2.850091082163019873e-01,2.264376792768566741e-03
7.440000000000005498e-01,-4.048586301268129739e-02,9.992348666359700537e-01,6.278038344695120898e+00,2.455729876903406383e-01,2.267424405755864326e-03
7.450000000000005507e-01,-3.420706693775532603e-02,9.994607170265689122e-01,6.279512505201184425e+00,2.061261343941961088e-01,2.270472018741297952e-03
7.460000000000005516e-01,-2.792692061406476869e-02,9.996471158459244721e-01,6.280738831164542013e+00,1.666701046324994551e-01,2.273519631724865014e-03
7.470000000000005524e-01,-2.164567190770281049e-02,9.997940546959452890e-01,6.281717261113308304e+00,1.272064552361231449e-01,2.276567244706563346e-03
7.480000000000005533e-01,-1.536356874134656506e-02,9.999015267356083925e-01,6.282447743352213010e+00,8.773674350086760332e-02,2.279614857686390345e-03
7.490000000000005542e-01,-9.080859084478389714e-03,9.999695266813936056e-01,6.282930235966704302e+00,4.826252712610355072e-02,2.282662470664343409e-03
7.500000000000005551e-01,-2.797790943603266356e-03,9.999980508076561359e-01,6.283164706826666723e+00,8.785364153372554608e-03,2.285710083640420370e-03
7.510000000000005560e-01,3.485387647537331428e-03,9.999870969469383253e-01,6.283151133589756299e+00,-3.069318709505201165e-02,2.288757696614618191e-03
7.520000000000005569e-01,9.768428637754714497e-03,9.999366644902195622e-01,6.282889503704346623e+00,-7.017156807764088344e-02,2.291805309586934705e-03
7.530000000000005578e-01,1.605108396820500993e-02,9.998467543871046859e-01,6.282379814412093033e+00,-1.096482200951195141e-01,2.294852922557367308e-03
7.540000000000005587e-01,2.233310558218356764e-02,9.997173691459511069e-01,6.281622072750106867e+00,-1.491215843520108941e-01,2.297900535525913834e-03
7.550000000000005596e-01,2.861424543492133155e-02,9.995485128339341996e-01,6.280616295552746031e+00,-1.885901020182081389e-01,2.300948148492571246e-03
7.560000000000005604e-01,3.489425550338283444e-02,9.993401910770509655e-01,6.279362509453014773e+00,-2.280522142905743455e-01,2.303995761457337376e-03
7.570000000000005613e-01,4.117288779606536470e-02,9.990924110600625241e-01,6.277860750883578866e+00,-2.675063624545675478e-01,2.307043374420209621e-03
7.580000000000005622e-01,4.744989436279899858e-02,9.988051815263745414e-01,6.276111066077394440e+00,-3.069509879458878765e-01,2.310090987381185380e-03
7.590000000000005631e-01,5.372502730454702113e-02,9.984785127778560421e-01,6.274113511067941573e+00,-3.463845324121449520e-01,2.313138600340262051e-03
7.600000000000005640e-01,5.999803878320641298e-02,9.981124166745968251e-01,6.271868151689076853e+00,-3.858054377745428476e-01,2.316186213297437464e-03
7.610000000000005649e-01,6.626868103140798327e-02,9.977069066346030413e-01,6.269375063574493367e+00,-4.252121462895799842e-01,2.319233826252709019e-03
7.620000000000005658e-01,7.253670636231580870e-02,9.972619976334309300e-01,6.266634332156792553e+00,-4.646031006107619876e-01,2.322281439206074112e-03
7.630000000000005667e-01,7.880186717942545827e-02,9.967777062037590508e-01,6.263646052666163477e+00,-5.039767438503243158e-01,2.325329052157530142e-03
7.640000000000005675e-01,8.506391598636078855e-02,9.962540504348986747e-01,6.260410330128677536e+00,-5.433315196409631564e-01,2.328376665107074941e-03
7.650000000000005684e-01,9.132260539666883781e-02,9.956910499722422259e-01,6.256927279364189687e+00,-5.826658721975710442e-01,2.331424278054705906e-03
7.660000000000005693e-01,9.757768814361235388e-02,9.950887260166506598e-01,6.253197024983849772e+00,-6.219782463789755855e-01,2.334471891000420435e-03
7.670000000000005702e-01,1.038289170899596991e-01,9.944471013237783374e-01,6.249219701387223047e+00,-6.612670877496784616e-01,2.337519503944215926e-03
7.680000000000005711e-01,1.100760452377716608e-01,9.937662002033365027e-01,6.244995452759022569e+00,-7.005308426415919332e-01,2.340567116886089778e-03
7.690000000000005720e-01,1.163188257381848056e-01,9.930460485182950325e-01,6.240524433065445464e+00,-7.397679582157712375e-01,2.343614729826039821e-03
7.700000000000005729e-01,1.225570119011909764e-01,9.922866736840225688e-01,6.235806806050125495e+00,-7.789768825241391026e-01,2.346662342764063453e-03
7.710000000000005738e-01,1.287903572054125145e-01,9.914881046673645892e-01,6.230842745229685953e+00,-8.181560645712012692e-01,2.349709955700158073e-03
7.720000000000005747e-01,1.350186153078729023e-01,9.906503719856600831e-01,6.225632433888907968e+00,-8.573039543757493552e-01,2.352757568634321079e-03
7.730000000000005755e-01,1.412415400537622989e-01,9.897735077056963870e-01,6.220176065075503580e+00,-8.964190030325491776e-01,2.355805181566550301e-03
7.740000000000005764e-01,1.474588854861977605e-01,9.888575454426025146e-01,6.214473841594498005e+00,-9.354996627740119752e-01,2.358852794496843139e-03
7.750000000000005773e-01,1.536704058559774655e-01,9.879025203586804249e-01,6.208525976002222002e+00,-9.745443870318459822e-01,2.361900407425196989e-03
7.760000000000005782e-01,1.598758556313290002e-01,9.869084691621750061e-01,6.202332690599908993e+00,-1.013551630498685352e+00,2.364948020351609250e-03
7.770000000000005791e-01,1.660749895076507610e-01,9.858754301059825531e-01,6.195894217426902273e+00,-1.052519849189695211e+00,2.367995633276077320e-03
7.780000000000005800e-01,1.722675624172465836e-01,9.848034429862970729e-01,6.189210798253470536e+00,-1.091447500504148627e+00,2.371043246198599030e-03
7.790000000000005809e-01,1.784533295390529350e-01,9.836925491411957490e-01,6.182282684573231712e+00,-1.130333043286973815e+00,2.374090859119171778e-03
7.800000000000005818e-01,1.846320463083582220e-01,9.825427914491623449e-01,6.175110137595181570e+00,-1.169174937890269605e+00,2.377138472037792962e-03
7.810000000000005826e-01,1.908034684265140779e-01,9.813542143275492124e-01,6.167693428235335951e+00,-1.207971646234786256e+00,2.380186084954459980e-03
7.820000000000005835e-01,1.969673518706380466e-01,9.801268637309781262e-01,6.160032837107975112e+00,-1.246721631871367642e+00,2.383233697869170664e-03
7.830000000000005844e-01,2.031234529033072722e-01,9.788607871496793900e-01,6.152128654516500816e+00,-1.285423360042354801e+00,2.386281310781922411e-03
7.840000000000005853e-01,2.092715280822429191e-01,9.775560336077696588e-01,6.143981180443899071e+00,-1.324075297742946633e+00,2.389328923692712620e-03
7.850000000000005862e-01,2.154113342699847944e-01,9.762126536614683658e-01,6.135590724542810293e+00,-1.362675913782515291e+00,2.392376536601538688e-03
7.860000000000005871e-01,2.215426286435558945e-01,9.748306993972528645e-01,6.126957606125211342e+00,-1.401223678845874732e+00,2.395424149508398014e-03
7.870000000000005880e-01,2.276651687041164329e-01,9.734102244299526197e-01,6.118082154151702312e+00,-1.439717065554498410e+00,2.398471762413288428e-03
7.880000000000005889e-01,2.337787122866069045e-01,9.719512839007817817e-01,6.108964707220403412e+00,-1.478154548527685019e+00,2.401519375316207329e-03
7.890000000000005898e-01,2.398830175693799083e-01,9.704539344753108088e-01,6.099605613555460160e+00,-1.516534604443668943e+00,2.404566988217152115e-03
7.900000000000005906e-01,2.459778430838202856e-01,9.689182343413770271e-01,6.090005230995156893e+00,-1.554855712100672749e+00,2.407614601116120183e-03
7.910000000000005915e-01,2.520629477239531013e-01,9.673442432069340180e-01,6.080163926979640365e+00,-1.593116352477899733e+00,2.410662214013109365e-03
7.920000000000005924e-01,2.581380907560392735e-01,9.657320222978403867e-01,6.070082078538253434e+00,-1.631315008796463406e+00,2.413709826908117060e-03
7.930000000000005933e-01,2.642030318281582413e-01,9.640816343555872470e-01,6.059760072276473508e+00,-1.669450166580251693e+00,2.416757439801140665e-03
7.940000000000005942e-01,2.702575309797773384e-01,9.623931436349651980e-01,6.049198304362466416e+00,-1.707520313716723415e+00,2.419805052692177577e-03
7.950000000000005951e-01,2.763013486513076766e-01,9.606666159016702400e-01,6.038397180513245033e+00,-1.745523940517634154e+00,2.422852665581225629e-03
7.960000000000005960e-01,2.823342456936459577e-01,9.589021184298491818e-01,6.027357115980441549e+00,-1.783459539779689074e+00,2.425900278468281785e-03
7.970000000000005969e-01,2.883559833777016856e-01,9.570997199995843197e-01,6.016078535535688943e+00,-1.821325606845120459e+00,2.428947891353343876e-03
7.980000000000005977e-01,2.943663234039097798e-01,9.552594908943179419e-01,6.004561873455612542e+00,-1.859120639662186436e+00,2.431995504236409301e-03
7.990000000000005986e-01,3.003650279117279220e-01,9.533815028982157713e-01,5.992807573506432561e+00,-1.896843138845589749e+00,2.435043117117475890e-03
8.000000000000005995e-01,3.063518594891181390e-01,9.514658292934704553e-01,5.980816088928180285e+00,-1.934491607736813057e+00,2.438090729996540609e-03
8.010000000000006004e-01,3.123265811820127857e-01,9.495125448575446603e-01,5.968587882418519897e+00,-1.972064552464368070e+00,2.441138342873601288e-03
8.020000000000006013e-01,3.182889565037637647e-01,9.475217258603539916e-01,5.956123426116191055e+00,-2.009560482003956761e+00,2.444185955748655326e-03
8.030000000000006022e-01,3.242387494445752028e-01,9.454934500613896287e-01,5.943423201584056237e+00,-2.046977908238541755e+00,2.447233568621700120e-03
8.040000000000006031e-01,3.301757244809189751e-01,9.434277967067813409e-01,5.930487699791763490e+00,-2.084315346018322579e+00,2.450281181492733502e-03
8.050000000000006040e-01,3.360996465849325765e-01,9.413248465262999964e-01,5.917317421098024610e+00,-2.121571313220616428e+00,2.453328794361752871e-03
8.060000000000006048e-01,3.420102812337992848e-01,9.391846817303006745e-01,5.903912875232502522e+00,-2.158744330809640566e+00,2.456376407228755623e-03
8.070000000000006057e-01,3.479073944191097834e-01,9.370073860066059357e-01,5.890274581277316734e+00,-2.195832922896192585e+00,2.459424020093739158e-03
8.080000000000006066e-01,3.537907526562052429e-01,9.347930445173294745e-01,5.876403067648160672e+00,-2.232835616797227640e+00,2.462471632956700872e-03
8.090000000000006075e-01,3.596601229935013078e-01,9.325417438956401517e-01,5.862298872075037082e+00,-2.269750943095329987e+00,2.465519245817638597e-03
8.100000000000006084e-01,3.655152730217926527e-01,9.302535722424666309e-01,5.847962541582602647e+00,-2.306577435698074385e+00,2.468566858676549299e-03
8.110000000000006093e-01,3.713559708835375561e-01,9.279286191231428393e-01,5.833394632470138674e+00,-2.343313631897276927e+00,2.471614471533431241e-03
8.120000000000006102e-01,3.771819852821223784e-01,9.255669755639941432e-01,5.818595710291126544e+00,-2.379958072428132621e+00,2.474662084388281388e-03
8.130000000000006111e-01,3.829930854911055005e-01,9.231687340488643478e-01,5.803566349832451898e+00,-2.416509301528233955e+00,2.477709697241097138e-03
8.140000000000006120e-01,3.887890413634399467e-01,9.207339885155840786e-01,5.788307135093216260e+00,-2.452965866996474009e+00,2.480757310091876323e-03
8.150000000000006128e-01,3.945696233406751352e-01,9.182628343523797643e-01,5.772818659263175611e+00,-2.489326320251824765e+00,2.483804922940616340e-03
8.160000000000006137e-01,4.003346024621363131e-01,9.157553683942244449e-01,5.757101524700790840e+00,-2.525589216391993741e+00,2.486852535787314588e-03
8.170000000000006146e-01,4.060837503740823418e-01,9.132116889191297382e-01,5.741156342910902488e+00,-2.561753114251952290e+00,2.489900148631968464e-03
8.180000000000006155e-01,4.118168393388405568e-01,9.106318956443792967e-01,5.724983734522023582e+00,-2.597816576462334659e+00,2.492947761474575800e-03
8.190000000000006164e-01,4.175336422439192008e-01,9.080160897227038674e-01,5.708584329263254098e+00,-2.633778169507707378e+00,2.495995374315133995e-03
8.200000000000006173e-01,4.232339326110959865e-01,9.053643737383987311e-01,5.691958765940816178e+00,-2.669636463784701874e+00,2.499042987153640445e-03
8.210000000000006182e-01,4.289174846054835677e-01,9.026768517033820771e-01,5.675107692414212757e+00,-2.705390033660011184e+00,2.502090599990092548e-03
8.220000000000006191e-01,4.345840730445706956e-01,8.999536290531963134e-01,5.658031765572007821e+00,-2.741037457528248122e+00,2.505138212824488137e-03
8.230000000000006199e-01,4.402334734072389510e-01,8.971948126429513115e-01,5.640731651307230976e+00,-2.776577317869660000e+00,2.508185825656824609e-03
8.240000000000006208e-01,4.458654618427547733e-01,8.944005107432098090e-01,5.623208024492406309e+00,-2.812008201307700794e+00,2.511233438487098929e-03
8.250000000000006217e-01,4.514798151797363435e-01,8.915708330358156353e-01,5.605461568954207330e+00,-2.847328698666454105e+00,2.514281051315309361e-03
8.260000000000006226e-01,4.570763109350948761e-01,8.887058906096642064e-01,5.587492977447736209e+00,-2.882537405027908228e+00,2.517328664141452871e-03
8.270000000000006235e-01,4.626547273229500434e-01,8.858057959564162864e-01,5.569302951630431764e+00,-2.917632919789079793e+00,2.520376276965527289e-03
8.280000000000006244e-01,4.682148432635191426e-01,8.828706629661543515e-01,5.550892202035603518e+00,-2.952613846718980639e+00,2.523423889787530013e-03
8.290000000000006253e-01,4.737564383919795619e-01,8.799006069229822202e-01,5.532261448045595387e+00,-2.987478794015429706e+00,2.526471502607458442e-03
8.300000000000006262e-01,4.792792930673041574e-01,8.768957445005678419e-01,5.513411417864577224e+00,-3.022226374361704160e+00,2.529519115425309973e-03
8.310000000000006271e-01,4.847831883810694298e-01,8.738561937576296845e-01,5.494342848490968656e+00,-3.056855204983029761e+00,2.532566728241082005e-03
8.320000000000006279e-01,4.902679061662358340e-01,8.707820741333663905e-01,5.475056485689491659e+00,-3.091363907702905589e+00,2.535614341054772368e-03
8.330000000000006288e-01,4.957332290058998892e-01,8.676735064428306998e-01,5.455553083962858096e+00,-3.125751108999262229e+00,2.538661953866378461e-03
8.340000000000006297e-01,5.011789402420178119e-01,8.645306128722467509e-01,5.435833406523086886e+00,-3.160015440060449432e+00,2.541709566675897682e-03
8.350000000000006306e-01,5.066048239841005607e-01,8.613535169742719821e-01,5.415898225262457011e+00,-3.194155536841053689e+00,2.544757179483327861e-03
8.360000000000006315e-01,5.120106651178791823e-01,8.581423436632028556e-01,5.395748320724097269e+00,-3.228170040117540385e+00,2.547804792288665965e-03
8.370000000000006324e-01,5.173962493139407925e-01,8.548972192101254031e-01,5.375384482072206538e+00,-3.262057595543717436e+00,2.550852405091909823e-03
8.380000000000006333e-01,5.227613630363348030e-01,8.516182712380099273e-01,5.354807507061916994e+00,-3.295816853706022176e+00,2.553900017893056835e-03
8.390000000000006342e-01,5.281057935511486168e-01,8.483056287167513032e-01,5.334018202008790510e+00,-3.329446470178624828e+00,2.556947630692104831e-03
8.400000000000006350e-01,5.334293289350523493e-01,8.449594219581532117e-01,5.313017381757957125e+00,-3.362945105578347249e+00,2.559995243489050776e-03
8.410000000000006359e-01,5.387317580838131281e-01,8.415797826108585289e-01,5.291805869652891126e+00,-3.396311425619396029e+00,2.563042856283892501e-03
8.420000000000006368e-01,5.440128707207776415e-01,8.381668436552244250e-01,5.270384497503831867e+00,-3.429544101167904646e+00,2.566090469076627405e-03
8.430000000000006377e-01,5.492724574053229336e-01,8.347207393981433965e-01,5.248754105555840432e+00,-3.462641808296285983e+00,2.569138081867252885e-03
8.440000000000006386e-01,5.545103095412750038e-01,8.312416054678097854e-01,5.226915542456507247e+00,-3.495603228337389012e+00,2.572185694655766339e-03
8.450000000000006395e-01,5.597262193852949874e-01,8.277295788084322314e-01,5.204869665223299080e+00,-3.528427047938459182e+00,2.575233307442165599e-03
8.460000000000006404e-01,5.649199800552329176e-01,8.241847976748927218e-01,5.182617339210550789e+00,-3.561111959114900305e+00,2.578280920226448062e-03
8.470000000000006413e-01,5.700913855384476259e-01,8.206074016273513516e-01,5.160159438076108884e+00,-3.593656659303834378e+00,2.581328533008611127e-03
8.480000000000006422e-01,5.752402307000935577e-01,8.169975315257980153e-01,5.137496843747618058e+00,-3.626059851417457125e+00,2.584376145788652192e-03
8.490000000000006430e-01,5.803663112913733935e-01,8.133553295245508075e-01,5.114630446388460427e+00,-3.658320243896188817e+00,2.587423758566569088e-03
8.500000000000006439e-01,5.854694239577569181e-01,8.096809390667010220e-01,5.091561144363342173e+00,-3.690436550761614587e+00,2.590471371342359212e-03
8.510000000000006448e-01,5.905493662471645866e-01,8.059745048785058597e-01,5.068289844203532901e+00,-3.722407491669215140e+00,2.593518984116019964e-03
8.520000000000006457e-01,5.956059366181170045e-01,8.022361729637282890e-01,5.044817460571759504e+00,-3.754231791960882081e+00,2.596566596887548740e-03
8.530000000000006466e-01,6.006389344478484382e-01,7.984660905979242829e-01,5.021144916226750965e+00,-3.785908182717219184e+00,2.599614209656942940e-03
8.540000000000006475e-01,6.056481600403847976e-01,7.946644063226783183e-01,4.997273141987442102e+00,-3.817435400809624291e+00,2.602661822424200393e-03
8.550000000000006484e-01,6.106334146345863134e-01,7.908312699397862522e-01,4.973203076696829150e+00,-3.848812188952151825e+00,2.605709435189318499e-03
8.560000000000006493e-01,6.155945004121526898e-01,7.869668325053871261e-01,4.948935667185490495e+00,-3.880037295753149706e+00,2.608757047952294655e-03
8.570000000000006501e-01,6.205312205055929509e-01,7.830712463240431243e-01,4.924471868234759242e+00,-3.911109475766673782e+00,2.611804660713126260e-03
8.580000000000006510e-01,6.254433790061572074e-01,7.791446649427680171e-01,4.899812642539561836e+00,-3.942027489543672658e+00,2.614852273471811143e-03
8.590000000000006519e-01,6.303307809717317856e-01,7.751872431450050893e-01,4.874958960670915609e+00,-3.972790103682943386e+00,2.617899886228346705e-03
8.600000000000006528e-01,6.351932324346962755e-01,7.711991369445537758e-01,4.849911801038091497e+00,-4.003396090881854441e+00,2.620947498982730342e-03
8.610000000000006537e-01,6.400305404097427209e-01,7.671805035794456717e-01,4.824672149850442793e+00,-4.033844229986834229e+00,2.623995111734959453e-03
8.620000000000006546e-01,6.448425129016566171e-01,7.631315015057704709e-01,4.799241001078895508e+00,-4.064133306043620664e+00,2.627042724485031434e-03
8.630000000000006555e-01,6.496289589130589404e-01,7.590522903914517228e-01,4.773619356417114545e+00,-4.094262110347275829e+00,2.630090337232944119e-03
8.640000000000006564e-01,6.543896884521094304e-01,7.549430311099725177e-01,4.747808225242329705e+00,-4.124229440491954612e+00,2.633137949978694905e-03
8.650000000000006573e-01,6.591245125401704597e-01,7.508038857340515460e-01,4.721808624575839275e+00,-4.154034100420429532e+00,2.636185562722281189e-03
8.660000000000006581e-01,6.638332432194309352e-01,7.466350175292698621e-01,4.695621579043183225e+00,-4.183674900473373093e+00,2.639233175463700370e-03
8.670000000000006590e-01,6.685156935604908979e-01,7.424365909476484671e-01,4.669248120833992211e+00,-4.213150657438388791e+00,2.642280788202950280e-03
8.680000000000006599e-01,6.731716776699052662e-01,7.382087716211769290e-01,4.642689289661507956e+00,-4.242460194598790757e+00,2.645328400940028316e-03
8.690000000000006608e-01,6.778010106976868343e-01,7.339517263552934878e-01,4.615946132721783890e+00,-4.271602341782132939e+00,2.648376013674931875e-03
8.700000000000006617e-01,6.824035088447687469e-01,7.296656231223165312e-01,4.589019704652562481e+00,-4.300575935408480710e+00,2.651423626407658357e-03
8.710000000000006626e-01,6.869789893704256745e-01,7.253506310548282210e-01,4.561911067491834615e+00,-4.329379818538424907e+00,2.654471239138205159e-03
8.720000000000006635e-01,6.915272705996527991e-01,7.210069204390097131e-01,4.534621290636078328e+00,-4.358012840920839182e+00,2.657518851866570112e-03
8.730000000000006644e-01,6.960481719305037229e-01,7.166346627079296372e-01,4.507151450798180470e+00,-4.386473859040370904e+00,2.660566464592750615e-03
8.740000000000006652e-01,7.005415138413851883e-01,7.122340304347841711e-01,4.479502631965045722e+00,-4.414761736164672712e+00,2.663614077316744065e-03
8.750000000000006661e-01,7.050071178983103870e-01,7.078051973260908181e-01,4.451675925354891206e+00,-4.442875342391363169e+00,2.666661690038548294e-03
8.760000000000006670e-01,7.094448067621083043e-01,7.033483382148351115e-01,4.423672429374225779e+00,-4.470813554694721859e+00,2.669709302758160267e-03
8.770000000000006679e-01,7.138544041955905417e-01,6.988636290535705786e-01,4.395493249574525585e+00,-4.498575256972111802e+00,2.672756915475577814e-03
8.780000000000006688e-01,7.182357350706745081e-01,6.943512469074725191e-01,4.367139498608596959e+00,-4.526159340090131877e+00,2.675804528190798334e-03
8.790000000000006697e-01,7.225886253754628674e-01,6.898113699473459315e-01,4.338612296186630246e+00,-4.553564701930491232e+00,2.678852140903819224e-03
8.800000000000006706e-01,7.269129022212785785e-01,6.852441774425874765e-01,4.309912769031956081e+00,-4.580790247435606588e+00,2.681899753614638317e-03
8.810000000000006715e-01,7.312083938496560798e-01,6.806498497541023651e-01,4.281042050836491697e+00,-4.607834888653923322e+00,2.684947366323252576e-03
8.820000000000006724e-01,7.354749296392874003e-01,6.760285683271753943e-01,4.252001282215887912e+00,-4.634697544784951440e+00,2.687994979029659833e-03
8.830000000000006732e-01,7.397123401129230835e-01,6.713805156842976851e-01,4.222791610664376805e+00,-4.661377142224019998e+00,2.691042591733857486e-03
8.840000000000006741e-01,7.439204569442283699e-01,6.667058754179485680e-01,4.193414190509321848e+00,-4.687872614606745536e+00,2.694090204435843367e-03
8.850000000000006750e-01,7.480991129645934157e-01,6.620048321833331695e-01,4.163870182865472280e+00,-4.714182902853212731e+00,2.697137817135614440e-03
8.860000000000006759e-01,7.522481421698976600e-01,6.572775716910761457e-01,4.134160755588919045e+00,-4.740306955211863738e+00,2.700185429833168536e-03
8.870000000000006768e-01,7.563673797272280064e-01,6.525242806998712286e-01,4.104287083230765631e+00,-4.766243727303099753e+00,2.703233042528503053e-03
8.880000000000006777e-01,7.604566619815503747e-01,6.477451470090876962e-01,4.074250346990500482e+00,-4.791992182162583269e+00,2.706280655221615389e-03
8.890000000000006786e-01,7.645158264623350686e-01,6.429403594513336540e-01,4.044051734669086962e+00,-4.817551290284247223e+00,2.709328267912503377e-03
8.900000000000006795e-01,7.685447118901344021e-01,6.381101078849762409e-01,4.013692440621762891e+00,-4.842920029663007497e+00,2.712375880601164413e-03
8.910000000000006803e-01,7.725431581831131433e-01,6.332545831866196462e-01,3.983173665710558087e+00,-4.868097385837172553e+00,2.715423493287595896e-03
8.920000000000006812e-01,7.765110064635316611e-01,6.283739772435404936e-01,3.952496617256525457e+00,-4.893082351930551965e+00,2.718471105971795223e-03
8.930000000000006821e-01,7.804480990641810001e-01,6.234684829460812594e-01,3.921662508991693663e+00,-4.917873928694261210e+00,2.721518718653759793e-03
8.940000000000006830e-01,7.843542795347694385e-01,6.185382941800025014e-01,3.890672561010739550e+00,-4.942471124548220907e+00,2.724566331333487437e-03
8.950000000000006839e-01,7.882293926482610846e-01,6.135836058187931208e-01,3.859527999722384362e+00,-4.966872955622347874e+00,2.727613944010975552e-03
8.960000000000006848e-01,7.920732844071655121e-01,6.086046137159402125e-01,3.828230057800514174e+00,-4.991078445797433538e+00,2.730661556686221538e-03
8.970000000000006857e-01,7.958858020497781016e-01,6.036015146971577261e-01,3.796779974135027658e+00,-5.015086626745715925e+00,2.733709169359222792e-03
8.980000000000006866e-01,7.996667940563717547e-01,5.985745065525747144e-01,3.765178993782412054e+00,-5.038896537971131906e+00,2.736756782029976711e-03
8.990000000000006875e-01,8.034161101553383144e-01,5.935237880288839474e-01,3.733428367916050927e+00,-5.062507226849258579e+00,2.739804394698481128e-03
9.000000000000006883e-01,8.071336013292806921e-01,5.884495588214501138e-01,3.701529353776264575e+00,-5.085917748666934024e+00,2.742852007364733440e-03
9.010000000000006892e-01,8.108191198210547013e-01,5.833520195663792762e-01,3.669483214620084865e+00,-5.109127166661559194e+00,2.745899620028731045e-03
9.020000000000006901e-01,8.144725191397605979e-01,5.782313718325482466e-01,3.637291219670768516e+00,-5.132134552060080068e+00,2.748947232690471774e-03
9.030000000000006910e-01,8.180936540666836621e-01,5.730878181135963256e-01,3.604954644067048797e+00,-5.154938984117642953e+00,2.751994845349952593e-03
9.040000000000006919e-01,8.216823806611845971e-01,5.679215618198774074e-01,3.572474768812127888e+00,-5.177539550155928261e+00,2.755042458007171333e-03
9.050000000000006928e-01,8.252385562665380814e-01,5.627328072703745576e-01,3.539852880722413442e+00,-5.199935345601156556e+00,2.758090070662125391e-03
9.060000000000006937e-01,8.287620395157203612e-01,5.575217596845766233e-01,3.507090272376001572e+00,-5.222125474021763303e+00,2.761137683314812165e-03
9.070000000000006946e-01,8.322526903371451068e-01,5.522886251743175379e-01,3.474188242060905818e+00,-5.244109047165747661e+00,2.764185295965229487e-03
9.080000000000006954e-01,8.357103699603471991e-01,5.470336107355777688e-01,3.441148093723036094e+00,-5.265885184997683766e+00,2.767232908613374755e-03
9.090000000000006963e-01,8.391349409216147803e-01,5.417569242402497931e-01,3.407971136913932053e+00,-5.287453015735402495e+00,2.770280521259245367e-03
9.100000000000006972e-01,8.425262670695683465e-01,5.364587744278664916e-01,3.374658686738247315e+00,-5.308811675886333958e+00,2.773328133902838721e-03
9.110000000000006981e-01,8.458842135706876597e-01,5.311393708972933503e-01,3.341212063800992116e+00,-5.329960310283513358e+00,2.776375746544152215e-03
9.120000000000006990e-01,8.492086469147857031e-01,5.257989240983851342e-01,3.307632594154535255e+00,-5.350898072121250237e+00,2.779423359183183680e-03
9.130000000000006999e-01,8.524994349204291222e-01,5.204376453236071454e-01,3.273921609245364905e+00,-5.371624122990452221e+00,2.782470971819930514e-03
9.140000000000007008e-01,8.557564467403059316e-01,5.150557466996206202e-01,3.240080445860612723e+00,-5.392137632913607703e+00,2.785518584454390115e-03
9.150000000000007017e-01,8.589795528665393753e-01,5.096534411788343766e-01,3.206110446074346143e+00,-5.412437780379424801e+00,2.788566197086559881e-03
9.160000000000007025e-01,8.621686251359474973e-01,5.042309425309208226e-01,3.172012957193624860e+00,-5.432523752377125703e+00,2.791613809716437643e-03
9.170000000000007034e-01,8.653235367352495322e-01,4.987884653342988250e-01,3.137789331704328610e+00,-5.452394744430389295e+00,2.794661422344020367e-03
9.180000000000007043e-01,8.684441622062173405e-01,4.933262249675823830e-01,3.103440927216757572e+00,-5.472049960630946508e+00,2.797709034969305883e-03
9.190000000000007052e-01,8.715303774507724421e-01,4.878444376009958283e-01,3.068969106411006731e+00,-5.491488613671824837e+00,2.800756647592291589e-03
9.200000000000007061e-01,8.745820597360286497e-01,4.823433201877561083e-01,3.034375236982116864e+00,-5.510709924880240251e+00,2.803804260212975318e-03
9.210000000000007070e-01,8.775990876992791900e-01,4.768230904554222604e-01,2.999660691585005701e+00,-5.529713124250133838e+00,2.806851872831354032e-03
9.220000000000007079e-01,8.805813413529292033e-01,4.712839668972126361e-01,2.964826847779179708e+00,-5.548497450474354942e+00,2.809899485447425564e-03
9.230000000000007088e-01,8.835287020893725085e-01,4.657261687632899827e-01,2.929875087973229153e+00,-5.567062150976481938e+00,2.812947098061187312e-03
9.240000000000007097e-01,8.864410526858127470e-01,4.601499160520149956e-01,2.894806799369111783e+00,-5.585406481942292167e+00,2.815994710672637107e-03
9.250000000000007105e-01,8.893182773090291260e-01,4.545554295011685619e-01,2.859623373906221122e+00,-5.603529708350862393e+00,2.819042323281771914e-03
9.260000000000007114e-01,8.921602615200854292e-01,4.489429305791429181e-01,2.824326208205250932e+00,-5.621431104005314872e+00,2.822089935888589564e-03
9.270000000000007123e-01,8.949668922789832948e-01,4.433126414761025536e-01,2.788916703511847839e+00,-5.639109951563193945e+00,2.825137548493087455e-03
9.280000000000007132e-01,8.977380579492589829e-01,4.376647850951146390e-01,2.753396265640064122e+00,-5.656565542566482918e+00,2.828185161095262985e-03
9.290000000000007141e-01,9.004736483025234106e-01,4.319995850432497564e-01,2.717766304915605335e+00,-5.673797177471251452e+00,2.831232773695113985e-03
9.300000000000007150e-01,9.031735545229452322e-01,4.263172656226532631e-01,2.682028236118881193e+00,-5.690804165676934367e+00,2.834280386292637420e-03
9.310000000000007159e-01,9.058376692116770768e-01,4.206180518215872355e-01,2.646183478427858837e+00,-5.707585825555245407e+00,2.837327998887831122e-03
9.320000000000007168e-01,9.084658863912244975e-01,4.149021693054440463e-01,2.610233455360719823e+00,-5.724141484478717068e+00,2.840375611480692487e-03
9.330000000000007176e-01,9.110581015097573010e-01,4.091698444077312979e-01,2.574179594718328357e+00,-5.740470478848866520e+00,2.843423224071219349e-03
9.340000000000007185e-01,9.136142114453634777e-01,4.034213041210291117e-01,2.538023328526508138e+00,-5.756572154123992924e+00,2.846470836659408671e-03
9.350000000000007194e-01,9.161341145102451788e-01,3.976567760879193836e-01,2.501766092978131795e+00,-5.772445864846597274e+00,2.849518449245258284e-03
9.360000000000007203e-01,9.186177104548567396e-01,3.918764885918881169e-01,2.465409328375028242e+00,-5.788090974670427435e+00,2.852566061828765587e-03
9.370000000000007212e-01,9.210649004719846378e-01,3.860806705482008883e-01,2.428954479069704853e+00,-5.803506856387142143e+00,2.855613674409927978e-03
9.380000000000007221e-01,9.234755872007687216e-01,3.802695514947516120e-01,2.392402993406893774e+00,-5.818692891952602864e+00,2.858661286988742854e-03
9.390000000000007230e-01,9.258496747306653729e-01,3.744433615828854922e-01,2.355756323664917939e+00,-5.833648472512777516e+00,2.861708899565208047e-03
9.400000000000007239e-01,9.281870686053514952e-01,3.686023315681959955e-01,2.319015925996885219e+00,-5.848372998429270275e+00,2.864756512139320956e-03
9.410000000000007248e-01,9.304876758265699932e-01,3.627466928012967329e-01,2.282183260371709821e+00,-5.862865879304464123e+00,2.867804124711078977e-03
9.420000000000007256e-01,9.327514048579159667e-01,3.568766772185681946e-01,2.245259790514964937e+00,-5.877126534006283265e+00,2.870851737280479508e-03
9.430000000000007265e-01,9.349781656285636178e-01,3.509925173328800052e-01,2.208246983849567968e+00,-5.891154390692565634e+00,2.873899349847520383e-03
9.440000000000007274e-01,9.371678695369339840e-01,3.450944462242889754e-01,2.171146311436302767e+00,-5.904948886835055255e+00,2.876946962412198997e-03
9.450000000000007283e-01,9.393204294543030519e-01,3.391826975307133396e-01,2.133959247914179347e+00,-5.918509469243002030e+00,2.879994574974512750e-03
9.460000000000007292e-01,9.414357597283500301e-01,3.332575054385837343e-01,2.096687271440635492e+00,-5.931835594086376062e+00,2.883042187534459039e-03
9.470000000000007301e-01,9.435137761866456696e-01,3.273191046734708065e-01,2.059331863631582937e+00,-5.944926726918691173e+00,2.886089800092035262e-03
9.480000000000007310e-01,9.455543961400808550e-01,3.213677304906906729e-01,2.021894509501297676e+00,-5.957782342699437628e+00,2.889137412647239250e-03
9.490000000000007319e-01,9.475575383862350209e-01,3.154036186658876750e-01,1.984376697402161049e+00,-5.970401925816125832e+00,2.892185025200068402e-03
9.500000000000007327e-01,9.495231232126836174e-01,3.094270054855956520e-01,1.946779918964252287e+00,-5.982784970105930356e+00,2.895232637750520116e-03
9.510000000000007336e-01,9.514510724002459563e-01,3.034381277377775632e-01,1.909105669034795172e+00,-5.994930978876948480e+00,2.898280250298592223e-03
9.520000000000007345e-01,9.533413092261718846e-01,2.974372227023441284e-01,1.871355445617461477e+00,-6.006839464929055517e+00,2.901327862844281687e-03
9.530000000000007354e-01,9.551937584672677284e-01,2.914245281416516509e-01,1.833530749811534299e+00,-6.018509950574371992e+00,2.904375475387586340e-03
9.540000000000007363e-01,9.570083464029613962e-01,2.854002822909799675e-01,1.795633085750933944e+00,-6.029941967657325819e+00,2.907423087928503579e-03
9.550000000000007372e-01,9.587850008183068651e-01,2.793647238489899709e-01,1.757663960543108139e+00,-6.041135057574323675e+00,2.910470700467030804e-03
9.560000000000007381e-01,9.605236510069264932e-01,2.733180919681622578e-01,1.719624884207790361e+00,-6.052088771293017366e+00,2.913518313003165845e-03
9.570000000000007390e-01,9.622242277738931593e-01,2.672606262452161263e-01,1.681517369615629143e+00,-6.062802669371174069e+00,2.916565925536905666e-03
9.580000000000007399e-01,9.638866634385502286e-01,2.611925667115104766e-01,1.643342932426688829e+00,-6.073276321975144221e+00,2.919613538068248099e-03
9.590000000000007407e-01,9.655108918372700133e-01,2.551141538234258932e-01,1.605103091028827977e+00,-6.083509308897927070e+00,2.922661150597190543e-03
9.600000000000007416e-01,9.670968483261509485e-01,2.490256284527293529e-01,1.566799366475955413e+00,-6.093501219576836547e+00,2.925708763123730828e-03
9.610000000000007425e-01,9.686444697836527062e-01,2.429272318769211125e-01,1.528433282426166828e+00,-6.103251653110757680e+00,2.928756375647865919e-03
9.620000000000007434e-01,9.701536946131692485e-01,2.368192057695647224e-01,1.490006365079767248e+00,-6.112760218277004221e+00,2.931803988169593648e-03
9.630000000000007443e-01,9.716244627455400407e-01,2.307017921906003577e-01,1.451520143117178252e+00,-6.122026533547769489e+00,2.934851600688911412e-03
9.640000000000007452e-01,9.730567156414992036e-01,2.245752335766418306e-01,1.412976147636735513e+00,-6.131050227106167760e+00,2.937899213205816609e-03
9.650000000000007461e-01,9.744503962940621600e-01,2.184397727312578641e-01,1.374375912092379304e+00,-6.139830936861875088e+00,2.940946825720307072e-03
9.660000000000007470e-01,9.758054492308499972e-01,2.122956528152378508e-01,1.335720972231238202e+00,-6.148368310466356235e+00,2.943994438232379763e-03
9.670000000000007478e-01,9.771218205163516579e-01,2.061431173368426240e-01,1.297012866031112432e+00,-6.156662005327685705e+00,2.947042050742032515e-03
9.680000000000007487e-01,9.783994577541229587e-01,1.999824101420406286e-01,1.258253133637856402e+00,-6.164711688624961994e+00,2.950089663249263160e-03
9.690000000000007496e-01,9.796383100889235473e-01,1.938137754047298267e-01,1.219443317302665086e+00,-6.172517037322307942e+00,2.953137275754068661e-03
9.700000000000007505e-01,9.808383282087906885e-01,1.876374576169459185e-01,1.180584961319266490e+00,-6.180077738182463420e+00,2.956184888256446850e-03
9.710000000000007514e-01,9.819994643470506546e-01,1.814537015790569918e-01,1.141679611961022633e+00,-6.187393487779965007e+00,2.959232500756394692e-03
9.720000000000007523e-01,9.831216722842663902e-01,1.752627523899453754e-01,1.102728817417942597e+00,-6.194463992513915329e+00,2.962280113253910017e-03
9.730000000000007532e-01,9.842049073501231149e-01,1.690648554371768642e-01,1.063734127733610091e+00,-6.201288968620336739e+00,2.965327725748990659e-03
9.740000000000007541e-01,9.852491264252499770e-01,1.628602563871577591e-01,1.024697094742027526e+00,-6.207868142184119087e+00,2.968375338241633580e-03
9.750000000000007550e-01,9.862542879429789799e-01,1.566492011752802227e-01,9.856192720043813749e-01,-6.214201249150543838e+00,2.971422950731836612e-03
9.760000000000007558e-01,9.872203518910406261e-01,1.504319359960563096e-01,9.465022147457289314e-01,-6.220288035336401400e+00,2.974470563219597154e-03
9.770000000000007567e-01,9.881472798131958335e-01,1.442087072932410063e-01,9.073474797916123435e-01,-6.226128256440692788e+00,2.977518175704912604e-03
9.780000000000007576e-01,9.890350348108051248e-01,1.379797617499449458e-01,8.681566255045998215e-01,-6.231721678054910285e+00,2.980565788187780358e-03
9.790000000000007585e-01,9.898835815443334241e-01,1.317453462787368523e-01,8.289312117207590092e-01,-6.237068075672911327e+00,2.983613400668198249e-03
9.800000000000007594e-01,9.906928862347921250e-01,1.255057080117364665e-01,7.896727996860642973e-01,-6.242167234700366940e+00,2.986661013146163675e-03
9.810000000000007603e-01,9.914629166651168779e-01,1.192610942906981858e-01,7.503829519927410763e-01,-6.247018950463799847e+00,2.989708625621674033e-03
9.820000000000007612e-01,9.921936421814822049e-01,1.130117526570858372e-01,7.110632325155499256e-01,-6.251623028219201572e+00,2.992756238094726722e-03
9.830000000000007621e-01,9.928850336945521660e-01,1.067579308421390816e-01,6.717152063480134050e-01,-6.255979283160233884e+00,2.995803850565319573e-03
9.840000000000007629e-01,9.935370636806669653e-01,1.004998767569318247e-01,6.323404397385887776e-01,-6.260087540426012787e+00,2.998851463033449551e-03
9.850000000000007638e-01,9.941497061829662751e-01,9.423783848242306416e-02,5.929405000267882198e-01,-6.263947635108468859e+00,3.001899075499114486e-03
9.860000000000007647e-01,9.947229368124481663e-01,8.797206425950052089e-02,5.535169555792512908e-01,-6.267559412259297247e+00,3.004946687962311777e-03
9.870000000000007656e-01,9.952567327489640903e-01,8.170280247901760828e-02,5.140713757257709959e-01,-6.270922726896480448e+00,3.007994300423039256e-03
9.880000000000007665e-01,9.957510727421503560e-01,7.543030167182405987e-02,4.746053306952764950e-01,-6.274037444010396314e+00,3.011041912881293886e-03
9.890000000000007674e-01,9.962059371122951035e-01,6.915481049879064479e-02,4.351203915517763976e-01,-6.276903438569503280e+00,3.014089525337073500e-03
9.900000000000007683e-01,9.966213077511411056e-01,6.287657774082841544e-02,3.956181301302639230e-01,-6.279520595525609927e+00,3.017137137790375494e-03
9.910000000000007692e-01,9.969971681226251770e-01,5.659585228890290365e-02,3.561001189725881977e-01,-6.281888809818718222e+00,3.020184750241197702e-03
9.920000000000007701e-01,9.973335032635524122e-01,5.031288313404369550e-02,3.165679312632935227e-01,-6.284007986381451083e+00,3.023232362689537087e-03
9.930000000000007709e-01,9.976302997842072529e-01,4.402791935734973877e-02,2.770231407654302203e-01,-6.285878040143056289e+00,3.026279975135391480e-03
9.940000000000007718e-01,9.978875458688997169e-01,3.774121011999092418e-02,2.374673217563393057e-01,-6.287498896032989393e+00,3.029327587578758280e-03
9.950000000000007727e-01,9.981052312764473466e-01,3.145300465320623878e-02,1.979020489634145119e-01,-6.288870488984078300e+00,3.032375200019634884e-03
9.960000000000007736e-01,9.982833473405934299e-01,2.516355224829899817e-02,1.583288974998438015e-01,-6.289992763935264186e+00,3.035422812458018690e-03
9.970000000000007745e-01,9.984218869703604948e-01,1.887310224662953895e-02,1.187494428003339625e-01,-6.290865675833918758e+00,3.038470424893907531e-03
9.980000000000007754e-01,9.985208446503399671e-01,1.258190402960580184e-02,7.916526055682063245e-02,-6.291489189637744950e+00,3.041518037327298803e-03
9.990000000000007763e-01,9.985802164409167681e-01,6.290207008672222579e-03,3.957792665416684508e-02,-6.291863280316252194e+00,3.044565649758189906e-03
1.000000000000000666e+00,9.985999999784305192e-01,-1.739384702631463497e-06,-1.098289414695058364e-05,-6.291987932851811571e+00,3.047613262186578235e-03
