tau,x,y,u,v,theta1
0.000000000000000000e+00,9.712000000000000632e-01,-0.000000000000000000e+00,0.000000000000000000e+00,-6.466823521431069643e+00,0.000000000000000000e+00
1.000000000000000021e-03,9.711790729207554485e-01,-6.466777072650447232e-03,-4.185399518958809323e-02,-6.466684175654518363e+00,1.044252361586210100e-05
2.000000000000000042e-03,9.711162926628120751e-01,-1.293327545626845113e-02,-8.370603081125263523e-02,-6.466266145886806704e+00,2.088504723160240545e-05
3.000000000000000062e-03,9.710116621654715230e-01,-1.939921647694520593e-02,-1.255541474314442185e-01,-6.465569454813027583e+00,3.132757084709913032e-05
4.000000000000000083e-03,9.708651863273455307e-01,-2.586432149101774991e-02,-1.673963858853439457e-01,-6.464594140239304565e+00,4.177009446223046551e-05
5.000000000000000104e-03,9.706768720060205968e-01,-3.232831190018834594e-02,-2.092307874111839772e-01,-6.463340255089241815e+00,5.221261807687462800e-05
6.000000000000000125e-03,9.704467280175872457e-01,-3.879090916663958943e-02,-2.510553937845146910e-01,-6.461807867398960070e+00,6.265514169090982124e-05
7.000000000000000146e-03,9.701747651360361768e-01,-4.525183482814384983e-02,-2.928682474524004764e-01,-6.459997060310710637e+00,7.309766530421424866e-05
8.000000000000000167e-03,9.698609960925190787e-01,-5.171081051316562399e-02,-3.346673916675261262e-01,-6.457907932065077183e+00,8.354018891666612726e-05
9.000000000000001055e-03,9.695054355744764374e-01,-5.816755795595537903e-02,-3.764508706221967871e-01,-6.455540595991759112e+00,9.398271252814364692e-05
1.000000000000000194e-02,9.691081002246308973e-01,-6.462179901163346563e-02,-4.182167295822127318e-01,-6.452895180498944505e+00,1.044252361385250246e-04
1.100000000000000283e-02,9.686690086398467292e-01,-7.107325567126271393e-02,-4.599630150206019397e-01,-6.449971829061271755e+00,1.148677597476884638e-04
1.200000000000000372e-02,9.681881813698559602e-01,-7.752165007690826892e-02,-5.016877747511926389e-01,-6.446770700206380766e+00,1.253102833555121815e-04
1.300000000000000461e-02,9.676656409158507222e-01,-8.396670453668329814e-02,-5.433890580620077682e-01,-6.443291967500058171e+00,1.357528069618743811e-04
1.400000000000000550e-02,9.671014117289427059e-01,-9.040814153977910772e-02,-5.850649158484644285e-01,-6.439535819529979221e+00,1.461953305666532389e-04
1.500000000000000638e-02,9.664955202084888342e-01,-9.684568377147829976e-02,-6.267134007463602829e-01,-6.435502459888048143e+00,1.566378541697269991e-04
1.600000000000000727e-02,9.658479947002848176e-01,-1.032790541281496527e-01,-6.683325672646293070e-01,-6.431192107151344040e+00,1.670803777709738516e-04
1.700000000000000816e-02,9.651588654946257062e-01,-1.097079757322231147e-01,-7.099204719178497935e-01,-6.426604994861667031e+00,1.775229013702719861e-04
1.800000000000000905e-02,9.644281648242338800e-01,-1.161321719471437725e-01,-7.514751733584872362e-01,-6.421741371503698836e+00,1.879654249674996198e-04
1.900000000000000994e-02,9.636559268620554786e-01,-1.225513663923031987e-01,-7.929947325088542165e-01,-6.416601500481776021e+00,1.984079485625349696e-04
2.000000000000001082e-02,9.628421877189244915e-01,-1.289652829579469584e-01,-8.344772126927705314e-01,-6.411185660095279459e+00,2.088504721552562524e-04
2.100000000000001171e-02,9.619869854410955101e-01,-1.353736458200567316e-01,-8.759206797669063516e-01,-6.405494143512648009e+00,2.192929957455416582e-04
2.200000000000001260e-02,9.610903600076455833e-01,-1.417761794552058197e-01,-9.173232022517909812e-01,-6.399527258744019065e+00,2.297355193332693770e-04
2.300000000000001349e-02,9.601523533277446232e-01,-1.481726086553865895e-01,-9.586828514624705644e-01,-6.393285328612500429e+00,2.401780429183176255e-04
2.400000000000001438e-02,9.591730092377961370e-01,-1.545626585428085398e-01,-9.999977016387974205e-01,-6.386768690724079711e+00,2.506205665005646209e-04
2.500000000000001527e-02,9.581523734984470630e-01,-1.609460545846655710e-01,-1.041265830075334575e+00,-6.379977697436178374e+00,2.610630900798885531e-04
2.600000000000001615e-02,9.570904937914687105e-01,-1.673225226078710604e-01,-1.082485317250857948e+00,-6.372912715824853080e+00,2.715056136561676660e-04
2.700000000000001704e-02,9.559874197165073584e-01,-1.736917888137596011e-01,-1.123654246957440428e+00,-6.365574127650648784e+00,2.819481372292801497e-04
2.800000000000001793e-02,9.548432027877071793e-01,-1.800535797927538817e-01,-1.164770706429101521e+00,-6.357962329323119555e+00,2.923906607991041940e-04
2.900000000000001882e-02,9.536578964302038219e-01,-1.864076225389953434e-01,-1.205832786470003581e+00,-6.350077731864009145e+00,3.028331843655179888e-04
3.000000000000001971e-02,9.524315559764905403e-01,-1.927536444649374237e-01,-1.246838581582182304e+00,-6.341920760869109941e+00,3.132757079283997781e-04
3.100000000000002059e-02,9.511642386626565360e-01,-1.990913734158999693e-01,-1.287786190092791827e+00,-6.333491856468800307e+00,3.237182314876277519e-04
3.200000000000002148e-02,9.498560036244984017e-01,-2.054205376845836262e-01,-1.328673714280849349e+00,-6.324791473287272758e+00,3.341607550430801001e-04
3.300000000000002237e-02,9.485069118935053334e-01,-2.117408660255425956e-01,-1.369499260503464377e+00,-6.315820080400454728e+00,3.446032785946350667e-04
3.400000000000002326e-02,9.471170263927177757e-01,-2.180520876696148691e-01,-1.410260939321535290e+00,-6.306578161292632601e+00,3.550458021421708417e-04
3.500000000000002415e-02,9.456864119324612794e-01,-2.243539323383083872e-01,-1.450956865624897452e+00,-6.297066213811786106e+00,3.654883256855656149e-04
3.600000000000002504e-02,9.442151352059552361e-01,-2.306461302581417905e-01,-1.491585158756908669e+00,-6.287284750123644628e+00,3.759308492246975762e-04
3.700000000000002592e-02,9.427032647847970459e-01,-2.369284121749387073e-01,-1.532143942638454881e+00,-6.277234296664464530e+00,3.863733727594449697e-04
3.800000000000002681e-02,9.411508711143232730e-01,-2.432005093680741081e-01,-1.572631345891361443e+00,-6.266915394092548830e+00,3.968158962896859853e-04
3.900000000000002770e-02,9.395580265088467886e-01,-2.494621536646716708e-01,-1.613045501961195338e+00,-6.256328597238505651e+00,4.072584198152988670e-04
4.000000000000002859e-02,9.379248051467721226e-01,-2.557130774537506035e-01,-1.653384549239441448e+00,-6.245474475054259678e+00,4.177009433361617507e-04
4.100000000000002948e-02,9.362512830655888019e-01,-2.619530137003210357e-01,-1.693646631185039997e+00,-6.234353610560831704e+00,4.281434668521528803e-04
4.200000000000003036e-02,9.345375381567431194e-01,-2.681816959594263694e-01,-1.733829896445269414e+00,-6.222966600794880954e+00,4.385859903631504999e-04
4.300000000000003125e-02,9.327836501603899988e-01,-2.743988583901318390e-01,-1.773932498975959948e+00,-6.211314056754035917e+00,4.490285138690327453e-04
4.400000000000003214e-02,9.309897006600242886e-01,-2.806042357694574774e-01,-1.813952598161023388e+00,-6.199396603341010170e+00,4.594710373696778605e-04
4.500000000000003303e-02,9.291557730769932633e-01,-2.867975635062549045e-01,-1.853888358931284897e+00,-6.187214879306524473e+00,4.699135608649640354e-04
4.600000000000003392e-02,9.272819526648908850e-01,-2.929785776550262177e-01,-1.893737951882603410e+00,-6.174769537191031610e+00,4.803560843547695141e-04
4.700000000000003481e-02,9.253683265038337158e-01,-2.991470149296840964e-01,-1.933499553393265069e+00,-6.162061243265271493e+00,4.907986078389724866e-04
4.800000000000003569e-02,9.234149834946201452e-01,-3.053026127172518422e-01,-1.973171345740637683e+00,-6.149090677469648547e+00,5.012411313174510883e-04
4.900000000000003658e-02,9.214220143527732665e-01,-3.114451090915024145e-01,-2.012751517217070685e+00,-6.135858533352459787e+00,5.116836547900836720e-04
5.000000000000003747e-02,9.193895116024685121e-01,-3.175742428265347916e-01,-2.052238262245028366e+00,-6.122365518006969154e+00,5.221261782567482648e-04
5.100000000000003836e-02,9.173175695703459365e-01,-3.236897534102869955e-01,-2.091629781491443740e+00,-6.108612352007347646e+00,5.325687017173232193e-04
5.200000000000003925e-02,9.152062843792091451e-01,-3.297913810579846672e-01,-2.130924281981277701e+00,-6.094599769343491680e+00,5.430112251716866711e-04
5.300000000000004013e-02,9.130557539416107593e-01,-3.358788667255235838e-01,-2.170119977210272388e+00,-6.080328517354724127e+00,5.534537486197168643e-04
5.400000000000004102e-02,9.108660779533256369e-01,-3.419519521227855074e-01,-2.209215087256884757e+00,-6.065799356662395780e+00,5.638962720612919347e-04
5.500000000000004191e-02,9.086373578867124046e-01,-3.480103797268860322e-01,-2.248207838893389710e+00,-6.051013061101396140e+00,5.743387954962902347e-04
5.600000000000004280e-02,9.063696969839646345e-01,-3.540538927953535975e-01,-2.287096465696139003e+00,-6.035970417650585063e+00,5.847813189245897915e-04
5.700000000000004369e-02,9.040632002502517750e-01,-3.600822353792379471e-01,-2.325879208154961741e+00,-6.020672226362158597e+00,5.952238423460689577e-04
5.800000000000004458e-02,9.017179744467513913e-01,-3.660951523361479776e-01,-2.364554313781699335e+00,-6.005119300289963213e+00,6.056663657606058690e-04
5.900000000000004546e-02,8.993341280835736029e-01,-3.720923893432169782e-01,-2.403120037217860272e+00,-5.989312465416763764e+00,6.161088891680787695e-04
6.000000000000004635e-02,8.969117714125773855e-01,-3.780736929099947075e-01,-2.441574640341380054e+00,-5.973252560580485593e+00,6.265514125683657948e-04
6.100000000000004724e-02,8.944510164200814017e-01,-3.840388103912653617e-01,-2.479916392372482736e+00,-5.956940437399440569e+00,6.369939359613451891e-04
6.200000000000004813e-02,8.919519768194694720e-01,-3.899874899997901045e-01,-2.518143569978624097e+00,-5.940376960196546818e+00,6.474364593468951963e-04
6.300000000000004208e-02,8.894147680436906844e-01,-3.959194808189733794e-01,-2.556254457378512424e+00,-5.923563005922559910e+00,6.578789827248939523e-04
6.400000000000004297e-02,8.868395072376569210e-01,-4.018345328154519502e-01,-2.594247346445192282e+00,-5.906499464078323491e+00,6.683215060952197011e-04
6.500000000000004385e-02,8.842263132505372436e-01,-4.077323968516056718e-01,-2.632120536808181477e+00,-5.889187236636060696e+00,6.787640294577505784e-04
6.600000000000004474e-02,8.815753066279506944e-01,-4.136128246979892675e-01,-2.669872335954651454e+00,-5.871627237959707202e+00,6.892065528123649367e-04
6.700000000000004563e-02,8.788866096040586218e-01,-4.194755690456835606e-01,-2.707501059329640469e+00,-5.853820394724313481e+00,6.996490761589409116e-04
6.800000000000004652e-02,8.761603460935569743e-01,-4.253203835185661585e-01,-2.745005030435289761e+00,-5.835767645834518014e+00,7.100915994973566389e-04
6.900000000000004741e-02,8.733966416835700075e-01,-4.311470226854997589e-01,-2.782382580929093407e+00,-5.817469942342111011e+00,7.205341228274903627e-04
7.000000000000004829e-02,8.705956236254461800e-01,-4.369552420724376884e-01,-2.819632050721151639e+00,-5.798928247362704624e+00,7.309766461492203269e-04
7.100000000000004918e-02,8.677574208264575706e-01,-4.427447981744458416e-01,-2.856751788070417408e+00,-5.780143535991514980e+00,7.414191694624247759e-04
7.200000000000005007e-02,8.648821638414030399e-01,-4.485154484676396325e-01,-2.893740149679930873e+00,-5.761116795218280018e+00,7.518616927669818451e-04
7.300000000000005096e-02,8.619699848641171336e-01,-4.542669514210357917e-01,-2.930595500791028041e+00,-5.741849023841319344e+00,7.623042160627697787e-04
7.400000000000005185e-02,8.590210177188849494e-01,-4.599990665083174002e-01,-2.967316215276518676e+00,-5.722341232380756537e+00,7.727467393496667124e-04
7.500000000000005274e-02,8.560353978517647455e-01,-4.657115542195122138e-01,-3.003900675732823267e+00,-5.702594442990913670e+00,7.831892626275508903e-04
7.600000000000005362e-02,8.530132623218183996e-01,-4.714041760725826147e-01,-3.040347273571061049e+00,-5.682609689371894035e+00,7.936317858963005565e-04
7.700000000000005451e-02,8.499547497922518291e-01,-4.770766946249267448e-01,-3.076654409107081989e+00,-5.662388016680366398e+00,8.040743091557938467e-04
7.800000000000005540e-02,8.468600005214655946e-01,-4.827288734847902663e-01,-3.112820491650434285e+00,-5.641930481439571210e+00,8.145168324059091133e-04
7.900000000000005629e-02,8.437291563540172401e-01,-4.883604773225875828e-01,-3.148843939592258057e+00,-5.621238151448551434e+00,8.249593556465243836e-04
8.000000000000005718e-02,8.405623607114962592e-01,-4.939712718821319681e-01,-3.184723180492103900e+00,-5.600312105690637310e+00,8.354018788775180102e-04
8.100000000000005806e-02,8.373597585833123524e-01,-4.995610239917737116e-01,-3.220456651163660311e+00,-5.579153434241187703e+00,8.458444020987681286e-04
8.200000000000005895e-02,8.341214965173994189e-01,-5.051295015754457829e-01,-3.256042797759392649e+00,-5.557763238174609377e+00,8.562869253101528747e-04
8.300000000000005984e-02,8.308477226108343938e-01,-5.106764736636161262e-01,-3.291480075854077647e+00,-5.536142629470668375e+00,8.667294485115506009e-04
8.400000000000006073e-02,8.275385865003741515e-01,-5.162017104041457527e-01,-3.326766950527237032e+00,-5.514292730920104191e+00,8.771719717028394429e-04
8.500000000000006162e-02,8.241942393529095856e-01,-5.217049830730524640e-01,-3.361901896444454252e+00,-5.492214676029570697e+00,8.876144948838975363e-04
8.600000000000006251e-02,8.208148338558395318e-01,-5.271860640851785407e-01,-3.396883397937575655e+00,-5.469909608925907385e+00,8.980570180546032337e-04
8.700000000000006339e-02,8.174005242073648647e-01,-5.326447270047632854e-01,-3.431709949083788125e+00,-5.447378684259766679e+00,9.084995412148345623e-04
8.800000000000006428e-02,8.139514661067041024e-01,-5.380807465559181990e-01,-3.466380053783565174e+00,-5.424623067108605312e+00,9.189420643644698747e-04
8.900000000000006517e-02,8.104678167442315173e-01,-5.434938986330047905e-01,-3.500892225837480609e+00,-5.401643932879057530e+00,9.293845875033873065e-04
9.000000000000006606e-02,8.069497347915393082e-01,-5.488839603109150200e-01,-3.535244989021881779e+00,-5.378442467208707001e+00,9.398271106314651019e-04
9.100000000000006695e-02,8.033973803914241651e-01,-5.542507098552528211e-01,-3.569436877163419286e+00,-5.355019865867269857e+00,9.502696337485815048e-04
9.200000000000006783e-02,7.998109151478005607e-01,-5.595939267324163691e-01,-3.603466434212426073e+00,-5.331377334657204869e+00,9.607121568546146510e-04
9.300000000000006872e-02,7.961905021155404327e-01,-5.649133916195810956e-01,-3.637332214315145418e+00,-5.307516089313768504e+00,9.711546799494427847e-04
9.400000000000006961e-02,7.925363057902420350e-01,-5.702088864145822278e-01,-3.671032781884800755e+00,-5.283437355404527302e+00,9.815972030329440413e-04
9.500000000000007050e-02,7.888484920979276227e-01,-5.754801942456967412e-01,-3.704566711671504198e+00,-5.259142368228341802e+00,9.920397261049967736e-04
9.600000000000007139e-02,7.851272283846721933e-01,-5.807270994813238385e-01,-3.737932588831001546e+00,-5.234632372713844184e+00,1.002482249165479117e-03
9.700000000000007228e-02,7.813726834061641702e-01,-5.859493877395635097e-01,-3.771129008992247567e+00,-5.209908623317416776e+00,1.012924772214269208e-03
9.800000000000007316e-02,7.775850273171984739e-01,-5.911468458976936180e-01,-3.804154578323810210e+00,-5.184972383920691819e+00,1.023367295251245181e-03
9.900000000000007405e-02,7.737644316611044237e-01,-5.963192621015432904e-01,-3.837007913599101983e+00,-5.159824927727587607e+00,1.033809818276285389e-03
1.000000000000000749e-01,7.699110693591089127e-01,-6.014664257747635023e-01,-3.869687642260433158e+00,-5.134467537160891659e+00,1.044252341289267968e-03
1.010000000000000758e-01,7.660251146996357452e-01,-6.065881276279944112e-01,-3.902192402481886813e+00,-5.108901503758414897e+00,1.054694864290071270e-03
1.020000000000000767e-01,7.621067433275430236e-01,-6.116841596679279958e-01,-3.934520843231009479e+00,-5.083128128068723939e+00,1.065137387278573431e-03
1.030000000000000776e-01,7.581561322332993624e-01,-6.167543152062665568e-01,-3.966671624329321411e+00,-5.057148719546472826e+00,1.075579910254652587e-03
1.040000000000000785e-01,7.541734597421000386e-01,-6.217983888685763016e-01,-3.998643416511638460e+00,-5.030964596447343951e+00,1.086022433218186874e-03
1.050000000000000794e-01,7.501589055029245223e-01,-6.268161766030357906e-01,-4.030434901484209576e+00,-5.004577085722620389e+00,1.096464956169054643e-03
1.060000000000000803e-01,7.461126504775366097e-01,-6.318074756890785793e-01,-4.062044771981661917e+00,-4.977987522913398521e+00,1.106907479107134031e-03
1.070000000000000812e-01,7.420348769294280444e-01,-6.367720847459300559e-01,-4.093471731822761583e+00,-4.951197252044458708e+00,1.117350002032303389e-03
1.080000000000000820e-01,7.379257684127068506e-01,-6.417098037410378097e-01,-4.124714495964977523e+00,-4.924207625517810882e+00,1.127792524944440855e-03
1.090000000000000829e-01,7.337855097609320421e-01,-6.466204339983956384e-01,-4.155771790557857948e+00,-4.897020004005931071e+00,1.138235047843424563e-03
1.100000000000000838e-01,7.296142870758952625e-01,-6.515037782067604200e-01,-4.186642352995217031e+00,-4.869635756344696809e+00,1.148677570729132649e-03
1.110000000000000847e-01,7.254122877163508010e-01,-6.563596404277618479e-01,-4.217324931966121682e+00,-4.842056259426046338e+00,1.159120093601443465e-03
1.120000000000000856e-01,7.211797002866955353e-01,-6.611878261039049187e-01,-4.247818287504694368e+00,-4.814282898090367802e+00,1.169562616460235148e-03
1.130000000000000865e-01,7.169167146255993606e-01,-6.659881420664641727e-01,-4.278121191038718685e+00,-4.786317065018642403e+00,1.180005139305386050e-03
1.140000000000000874e-01,7.126235217945877665e-01,-6.707603965432704651e-01,-4.308232425437056534e+00,-4.758160160624349544e+00,1.190447662136774089e-03
1.150000000000000883e-01,7.083003140665774522e-01,-6.755043991663892688e-01,-4.338150785055868930e+00,-4.729813592945151690e+00,1.200890184954277618e-03
1.160000000000000892e-01,7.039472849143666444e-01,-6.802199609796905078e-01,-4.367875075783653749e+00,-4.701278777534372288e+00,1.211332707757774990e-03
1.170000000000000900e-01,6.995646289990804512e-01,-6.849068944463100328e-01,-4.397404115085087106e+00,-4.672557137352287171e+00,1.221775230547144124e-03
1.180000000000000909e-01,6.951525421585734721e-01,-6.895650134560020739e-01,-4.426736732043679901e+00,-4.643650102657234768e+00,1.232217753322263588e-03
1.190000000000000918e-01,6.907112213957899982e-01,-6.941941333323828900e-01,-4.455871767403248640e+00,-4.614559110896566452e+00,1.242660276083011302e-03
1.200000000000000927e-01,6.862408648670835776e-01,-6.987940708400649514e-01,-4.484808073608195222e+00,-4.585285606597452990e+00,1.253102798829265618e-03
1.210000000000000936e-01,6.817416718704967238e-01,-7.033646441916823200e-01,-4.513544514842609878e+00,-4.555831041257556002e+00,1.263545321560904672e-03
1.220000000000000945e-01,6.772138428340020999e-01,-7.079056730548063392e-01,-4.542079967068188395e+00,-4.526196873235584839e+00,1.273987844277806600e-03
1.230000000000000954e-01,6.726575793037065099e-01,-7.124169785587520787e-01,-4.570413318060972507e+00,-4.496384567641746877e+00,1.284430366979849754e-03
1.240000000000000963e-01,6.680730839320186965e-01,-7.168983833012747553e-01,-4.598543467446909006e+00,-4.466395596228111664e+00,1.294872889666912269e-03
1.250000000000000833e-01,6.634605604657822786e-01,-7.213497113551569084e-01,-4.626469326736239118e+00,-4.436231437278900458e+00,1.305315412338872282e-03
1.260000000000000842e-01,6.588202137343742715e-01,-7.257707882746856631e-01,-4.654189819356712832e+00,-4.405893575500715365e+00,1.315757934995608145e-03
1.270000000000000850e-01,6.541522496377720763e-01,-7.301614411020200812e-01,-4.681703880685635255e+00,-4.375383501912721407e+00,1.326200457636997994e-03
1.280000000000000859e-01,6.494568751345880520e-01,-7.345214983734490444e-01,-4.709010458080748585e+00,-4.344702713736798394e+00,1.336642980262919963e-03
1.290000000000000868e-01,6.447342982300739989e-01,-7.388507901255387811e-01,-4.736108510909949665e+00,-4.313852714287675028e+00,1.347085502873252407e-03
1.300000000000000877e-01,6.399847279640969999e-01,-7.431491479011710366e-01,-4.762997010579848478e+00,-4.282835012863056789e+00,1.357528025467873460e-03
1.310000000000000886e-01,6.352083743990865061e-01,-7.474164047554707757e-01,-4.789674940563173777e+00,-4.251651124633764489e+00,1.367970548046661258e-03
1.320000000000000895e-01,6.304054486079554431e-01,-7.516523952616247506e-01,-4.816141296425024088e+00,-4.220302570533895903e+00,1.378413070609493937e-03
1.330000000000000904e-01,6.255761626619946725e-01,-7.558569555165896015e-01,-4.842395085847974734e+00,-4.188790877151025605e+00,1.388855593156249849e-03
1.340000000000000913e-01,6.207207296187439161e-01,-7.600299231466906003e-01,-4.868435328656036454e+00,-4.157117576616452759e+00,1.399298115686807347e-03
1.350000000000000921e-01,6.158393635098384777e-01,-7.641711373131103713e-01,-4.894261056837480695e+00,-4.125284206495512862e+00,1.409740638201044350e-03
1.360000000000000930e-01,6.109322793288342046e-01,-7.682804387172683658e-01,-4.919871314566528042e+00,-4.093292309677969421e+00,1.420183160698839210e-03
1.370000000000000939e-01,6.059996930190112430e-01,-7.723576696060902025e-01,-4.945265158223905111e+00,-4.061143434268489116e+00,1.430625683180070063e-03
1.380000000000000948e-01,6.010418214611574772e-01,-7.764026737771682063e-01,-4.970441656416279663e+00,-4.028839133477228884e+00,1.441068205644615262e-03
1.390000000000000957e-01,5.960588824613335390e-01,-7.804152965838119238e-01,-4.995399889994574849e+00,-3.996380965510529570e+00,1.451510728092352941e-03
1.400000000000000966e-01,5.910510947386198310e-01,-7.843953849399899481e-01,-5.020138952071167004e+00,-3.963770493461744149e+00,1.461953250523161238e-03
1.410000000000000975e-01,5.860186779128467860e-01,-7.883427873251622753e-01,-5.044657948035975892e+00,-3.931009285202206271e+00,1.472395772936918503e-03
1.420000000000000984e-01,5.809618524923100269e-01,-7.922573537890036377e-01,-5.068955995571451822e+00,-3.898098913272350696e+00,1.482838295333502874e-03
1.430000000000000993e-01,5.758808398614704283e-01,-7.961389359560188117e-01,-5.093032224666462326e+00,-3.865040954773001136e+00,1.493280817712792485e-03
1.440000000000001001e-01,5.707758622686416317e-01,-7.999873870300480139e-01,-5.116885777629086363e+00,-3.831836991256837077e+00,1.503723340074665472e-03
1.450000000000001010e-01,5.656471428136644608e-01,-8.038025617986651605e-01,-5.140515809098324951e+00,-3.798488608620050666e+00,1.514165862419000188e-03
1.460000000000001019e-01,5.604949054355709004e-01,-8.075843166374669924e-01,-5.163921486054728227e+00,-3.764997396994206547e+00,1.524608384745674769e-03
1.470000000000001028e-01,5.553193749002376389e-01,-8.113325095142545074e-01,-5.187101987829948690e+00,-3.731364950638316191e+00,1.535050907054567567e-03
1.480000000000001037e-01,5.501207767880305077e-01,-8.150469999931064802e-01,-5.210056506115227748e+00,-3.697592867831138275e+00,1.545493429345556717e-03
1.490000000000001046e-01,5.448993374814411483e-01,-8.187276492383456228e-01,-5.232784244968819998e+00,-3.663682750763717522e+00,1.555935951618520356e-03
1.500000000000001055e-01,5.396552841527167965e-01,-8.223743200183970536e-01,-5.255284420822363245e+00,-3.629636205432174023e+00,1.566378473873336619e-03
1.510000000000001064e-01,5.343888447514841822e-01,-8.259868767095401854e-01,-5.277556262486197802e+00,-3.595454841530751011e+00,1.576820996109883858e-03
1.520000000000001072e-01,5.291002479923683222e-01,-8.295651852995530318e-01,-5.299599011153649286e+00,-3.561140272345137969e+00,1.587263518328040210e-03
1.530000000000001081e-01,5.237897233426080934e-01,-8.331091133912507107e-01,-5.321411920404272244e+00,-3.526694114646073963e+00,1.597706040527684026e-03
1.540000000000001090e-01,5.184575010096686976e-01,-8.366185302059175877e-01,-5.342994256206070602e+00,-3.492117988583247179e+00,1.608148562708693226e-03
1.550000000000001099e-01,5.131038119288526822e-01,-8.400933065866329486e-01,-5.364345296916695816e+00,-3.457413517579499551e+00,1.618591084870946379e-03
1.560000000000001108e-01,5.077288877509099629e-01,-8.435333150014914239e-01,-5.385464333283631611e+00,-3.422582328225344916e+00,1.629033607014321403e-03
1.570000000000001117e-01,5.023329608296484006e-01,-8.469384295467183854e-01,-5.406350668443378638e+00,-3.387626050173816683e+00,1.639476129138696652e-03
1.580000000000001126e-01,4.969162642095453775e-01,-8.503085259496797610e-01,-5.427003617919633705e+00,-3.352546316035649898e+00,1.649918651243950261e-03
1.590000000000001135e-01,4.914790316133622605e-01,-8.536434815717873770e-01,-5.447422509620487574e+00,-3.317344761274810150e+00,1.660361173329960366e-03
1.600000000000001144e-01,4.860214974297616397e-01,-8.569431754113003841e-01,-5.467606683834635106e+00,-3.282023024104381292e+00,1.670803695396605318e-03
1.610000000000001152e-01,4.805438967009290629e-01,-8.602074881060222111e-01,-5.487555493226611958e+00,-3.246582745382817770e+00,1.681246217443763255e-03
1.620000000000001161e-01,4.750464651101999336e-01,-8.634363019358944902e-01,-5.507268302831067608e+00,-3.211025568510575745e+00,1.691688739471312528e-03
1.630000000000001170e-01,4.695294389696926807e-01,-8.666295008254872867e-01,-5.526744490046079150e+00,-3.175353139327129703e+00,1.702131261479131056e-03
1.640000000000001179e-01,4.639930552079491455e-01,-8.697869703463868563e-01,-5.545983444625512959e+00,-3.139567106008384734e+00,1.712573783467097191e-03
1.650000000000001188e-01,4.584375513575829619e-01,-8.729085977194811496e-01,-5.564984568670449327e+00,-3.103669118964493823e+00,1.723016305435089287e-03
1.660000000000001197e-01,4.528631655429368741e-01,-8.759942718171428444e-01,-5.583747276619669186e+00,-3.067660830738092148e+00,1.733458827382985262e-03
1.670000000000001206e-01,4.472701364677504343e-01,-8.790438831653112350e-01,-5.602270995239218898e+00,-3.031543895902950148e+00,1.743901349310663469e-03
1.680000000000001215e-01,4.416587034028381376e-01,-8.820573239454728709e-01,-5.620555163611060223e+00,-2.995319970963064460e+00,1.754343871218002259e-03
1.690000000000001223e-01,4.360291061737796570e-01,-8.850344879965416078e-01,-5.638599233120807241e+00,-2.958990714252185850e+00,1.764786393104879553e-03
1.700000000000001232e-01,4.303815851486226252e-01,-8.879752708166381847e-01,-5.656402667444571541e+00,-2.922557785833798327e+00,1.775228914971173702e-03
1.710000000000001241e-01,4.247163812255992377e-01,-8.908795695647703239e-01,-5.673964942534910350e+00,-2.886022847401557900e+00,1.785671436816763059e-03
1.720000000000001250e-01,4.190337358208569563e-01,-8.937472830624129116e-01,-5.691285546605899803e+00,-2.849387562180194955e+00,1.796113958641525543e-03
1.730000000000001259e-01,4.133338908562050884e-01,-8.965783117949902570e-01,-5.708363980117330705e+00,-2.812653594826894032e+00,1.806556480445339506e-03
1.740000000000001268e-01,4.076170887468771320e-01,-8.993725579132589854e-01,-5.725199755758044518e+00,-2.775822611333154111e+00,1.816999002228083301e-03
1.750000000000001277e-01,4.018835723893104395e-01,-9.021299252345937880e-01,-5.741792398428413158e+00,-2.738896278927140493e+00,1.827441523989634846e-03
1.760000000000001286e-01,3.961335851489439230e-01,-9.048503192441752496e-01,-5.758141445221974131e+00,-2.701876265976535407e+00,1.837884045729872495e-03
1.770000000000001295e-01,3.903673708480343008e-01,-9.075336470960811974e-01,-5.774246445406231665e+00,-2.664764241891891761e+00,1.848326567448674599e-03
1.780000000000001303e-01,3.845851737534921599e-01,-9.101798176142813501e-01,-5.790106960402626513e+00,-2.627561877030502924e+00,1.858769089145919078e-03
1.790000000000001312e-01,3.787872385647382267e-01,-9.127887412935362654e-01,-5.805722563765694844e+00,-2.590270842600789436e+00,1.869211610821484284e-03
1.800000000000001321e-01,3.729738104015812850e-01,-9.153603303002006975e-01,-5.821092841161411791e+00,-2.552892810567216397e+00,1.879654132475248353e-03
1.810000000000001330e-01,3.671451347921175778e-01,-9.178944984729325851e-01,-5.836217390344742739e+00,-2.515429453555742434e+00,1.890096654107089637e-03
1.820000000000001339e-01,3.613014576606536354e-01,-9.203911613233073385e-01,-5.851095821136402364e+00,-2.477882444759809566e+00,1.900539175716886272e-03
1.830000000000001348e-01,3.554430253156524167e-01,-9.228502360363386448e-01,-5.865727755398832954e+00,-2.440253457846882856e+00,1.910981697304516393e-03
1.840000000000001357e-01,3.495700844377037653e-01,-9.252716414709059034e-01,-5.880112827011415355e+00,-2.402544166865541175e+00,1.921424218869858353e-03
1.850000000000001366e-01,3.436828820675203455e-01,-9.276552981600891812e-01,-5.894250681844918738e+00,-2.364756246153128849e+00,1.931866740412790289e-03
1.860000000000001374e-01,3.377816655939592794e-01,-9.300011283114119065e-01,-5.908140977735195420e+00,-2.326891370243973967e+00,1.942309261933190334e-03
1.870000000000001383e-01,3.318666827420705401e-01,-9.323090558069924150e-01,-5.921783384456141164e+00,-2.288951213778180005e+00,1.952751783430936843e-03
1.880000000000001392e-01,3.259381815611727129e-01,-9.345790062036041235e-01,-5.935177583691917391e+00,-2.250937451410992107e+00,1.963194304905907950e-03
1.890000000000001401e-01,3.199964104129569553e-01,-9.368109067326457762e-01,-5.948323269008456649e+00,-2.212851757722750445e+00,1.973636826357981575e-03
1.900000000000001410e-01,3.140416179596197122e-01,-9.390046863000217625e-01,-5.961220145824252192e+00,-2.174695807129430669e+00,1.984079347787036287e-03
1.910000000000001419e-01,3.080740531520250736e-01,-9.411602754859331732e-01,-5.973867931380445917e+00,-2.136471273793778991e+00,1.994521869192950221e-03
1.920000000000001428e-01,3.020939652178974977e-01,-9.432776065445803715e-01,-5.986266354710226167e+00,-2.098179831537049012e+00,2.004964390575601513e-03
1.930000000000001437e-01,2.961016036500451198e-01,-9.453566134037778568e-01,-5.998415156607538101e+00,-2.059823153751339841e+00,2.015406911934868300e-03
1.940000000000001446e-01,2.900972181946150918e-01,-9.473972316644810876e-01,-6.010314089595125253e+00,-2.021402913312545735e+00,2.025849433270629149e-03
1.950000000000001454e-01,2.840810588393809510e-01,-9.493993986002274843e-01,-6.021962917891905853e+00,-1.982920782493920786e+00,2.036291954582761764e-03
1.960000000000001463e-01,2.780533758020631296e-01,-9.513630531564905013e-01,-6.033361417379697222e+00,-1.944378432880260688e+00,2.046734475871144713e-03
1.970000000000001472e-01,2.720144195186828817e-01,-9.532881359499486562e-01,-6.044509375569293574e+00,-1.905777535282709101e+00,2.057176997135656132e-03
1.980000000000001481e-01,2.659644406319505161e-01,-9.551745892676695160e-01,-6.055406591565915875e+00,-1.867119759654191080e+00,2.067619518376174158e-03
1.990000000000001490e-01,2.599036899796885458e-01,-9.570223570662096391e-01,-6.066052876034030206e+00,-1.828406775005478435e+00,2.078062039592576925e-03
2.000000000000001499e-01,2.538324185832903090e-01,-9.588313849706302516e-01,-6.076448051161560393e+00,-1.789640249321890586e+00,2.088504560784743003e-03
2.010000000000001508e-01,2.477508776362145893e-01,-9.606016202734309894e-01,-6.086591950623492231e+00,-1.750821849480635350e+00,2.098947081952550094e-03
2.020000000000001517e-01,2.416593184925170945e-01,-9.623330119334001509e-01,-6.096484419544882627e+00,-1.711953241168792994e+00,2.109389603095876767e-03
2.030000000000001525e-01,2.355579926554190462e-01,-9.640255105743843478e-01,-6.106125314463287879e+00,-1.673036088801946208e+00,2.119832124214601158e-03
2.040000000000001534e-01,2.294471517659137372e-01,-9.656790684839763328e-01,-6.115514503290616410e+00,-1.634072055443461791e+00,2.130274645308601403e-03
2.050000000000001543e-01,2.233270475914114483e-01,-9.672936396121225577e-01,-6.124651865274417517e+00,-1.595062802724424467e+00,2.140717166377755637e-03
2.060000000000001552e-01,2.171979320144234726e-01,-9.688691795696515729e-01,-6.133537290958613220e+00,-1.556009990764227746e+00,2.151159687421942430e-03
2.070000000000001561e-01,2.110600570212855243e-01,-9.704056456267223796e-01,-6.142170682143689220e+00,-1.516915278091824693e+00,2.161602208441039483e-03
2.080000000000001570e-01,2.049136746909213935e-01,-9.719029967111953994e-01,-6.150551951846349397e+00,-1.477780321567640609e+00,2.172044729434925367e-03
2.090000000000001579e-01,1.987590371836469860e-01,-9.733611934069246185e-01,-6.158681024258642722e+00,-1.438606776306150969e+00,2.182487250403478216e-03
2.100000000000001588e-01,1.925963967300157731e-01,-9.747801979519737925e-01,-6.166557834706581254e+00,-1.399396295599126594e+00,2.192929771346576167e-03
2.110000000000001597e-01,1.864260056197056536e-01,-9.761599742367552679e-01,-6.174182329608245645e+00,-1.360150530839549621e+00,2.203372292264097355e-03
2.120000000000001605e-01,1.802481161904480322e-01,-9.775004878020935317e-01,-6.181554466431402162e+00,-1.320871131446200941e+00,2.213814813155919915e-03
2.130000000000001614e-01,1.740629808169995851e-01,-9.788017058372134871e-01,-6.188674213650625866e+00,-1.281559744788922650e+00,2.224257334021922418e-03
2.140000000000001623e-01,1.678708519001569921e-01,-9.800635971776546773e-01,-6.195541550703957512e+00,-1.242218016114557066e+00,2.234699854861982998e-03
2.150000000000001632e-01,1.616719818558154387e-01,-9.812861323031113470e-01,-6.202156467949084373e+00,-1.202847588473562768e+00,2.245142375675979358e-03
2.160000000000001641e-01,1.554666231040710278e-01,-9.824692833351995613e-01,-6.208518966619072543e+00,-1.163450102647312523e+00,2.255584896463790068e-03
2.170000000000001650e-01,1.492550280583677114e-01,-9.836130240351523835e-01,-6.214629058777646264e+00,-1.124027197076071571e+00,2.266027417225293696e-03
2.180000000000001659e-01,1.430374491146891858e-01,-9.847173298014426646e-01,-6.220486767274033824e+00,-1.084580507787659132e+00,2.276469937960367944e-03
2.190000000000001668e-01,1.368141386407961402e-01,-9.857821776673354464e-01,-6.226092125697383572e+00,-1.045111668326795140e+00,2.286912458668891382e-03
2.200000000000001676e-01,1.305853489655093014e-01,-9.868075462983697532e-01,-6.231445178330763390e+00,-1.005622309685131777e+00,2.297354979350741712e-03
2.210000000000001685e-01,1.243513323680387056e-01,-9.877934159897707733e-01,-6.236545980104749809e+00,-9.661140602319719939e-01,2.307797500005797503e-03
2.220000000000001694e-01,1.181123410673595303e-01,-9.887397686637933170e-01,-6.241394596550619234e+00,-9.265885456456759428e-01,2.318240020633936891e-03
2.230000000000001703e-01,1.118686272116349717e-01,-9.896465878669967742e-01,-6.245991103753150142e+00,-8.870473888457558465e-01,2.328682541235038012e-03
2.240000000000001712e-01,1.056204428676865287e-01,-9.905138587674524597e-01,-6.250335588303042478e+00,-8.474922099256598784e-01,2.339125061808979434e-03
2.250000000000001721e-01,9.936804001051198487e-02,-9.913415681518844558e-01,-6.254428147248969339e+00,-8.079246260862463780e-01,2.349567582355638860e-03
2.260000000000001730e-01,9.311167051285158813e-02,-9.921297044227439521e-01,-6.258268888049262735e+00,-7.683462515699477358e-01,2.360010102874894860e-03
2.270000000000001739e-01,8.685158613480267742e-02,-9.928782575952180833e-01,-6.261857928523253847e+00,-7.287586975956255042e-01,2.370452623366625568e-03
2.280000000000001747e-01,8.058803851348318725e-02,-9.935872192941743730e-01,-6.265195396802263339e+00,-6.891635722941159559e-01,2.380895143830709122e-03
2.290000000000001756e-01,7.432127915274425178e-02,-9.942565827510403409e-01,-6.268281431280261273e+00,-6.495624806444669774e-01,2.391337664267023655e-03
2.300000000000001765e-01,6.805155941293242194e-02,-9.948863428006204934e-01,-6.271116180564202836e+00,-6.099570244108654116e-01,2.401780184675447304e-03
2.310000000000001774e-01,6.177913050070158590e-02,-9.954764958778499206e-01,-6.273699803424046983e+00,-5.703488020802561786e-01,2.412222705055858205e-03
2.320000000000001783e-01,5.550424345887512712e-02,-9.960270400144864977e-01,-6.276032468742469561e+00,-5.307394088006509580e-01,2.422665225408134927e-03
2.330000000000001792e-01,4.922714915635845179e-02,-9.965379748357411360e-01,-6.278114355464277985e+00,-4.911304363201278722e-01,2.433107745732155606e-03
2.340000000000001801e-01,4.294809827810228131e-02,-9.970093015568477490e-01,-6.279945652545539048e+00,-4.515234729265208413e-01,2.443550266027798377e-03
2.350000000000001810e-01,3.666734131511695249e-02,-9.974410229795729332e-01,-6.281526558902424284e+00,-4.119201033877981089e-01,2.453992786294941376e-03
2.360000000000001819e-01,3.038512855453797540e-02,-9.978331434886668072e-01,-6.282857283359787992e+00,-3.723219088931294385e-01,2.464435306533462738e-03
2.370000000000001827e-01,2.410171006974320615e-02,-9.981856690482550087e-01,-6.283938044599478800e+00,-3.327304669946410387e-01,2.474877826743241034e-03
2.380000000000001836e-01,1.781733571052177695e-02,-9.984986071981727385e-01,-6.284769071108403438e+00,-2.931473515498577154e-01,2.485320346924153965e-03
2.390000000000001845e-01,1.153225509329511983e-02,-9.987719670502417380e-01,-6.285350601126340031e+00,-2.535741326648305316e-01,2.495762867076080100e-03
2.400000000000001854e-01,5.246717591390284534e-03,-9.990057592844905354e-01,-6.285682882593520482e+00,-2.140123766379497527e-01,2.506205387198897575e-03
2.410000000000001863e-01,-1.039027674634208399e-03,-9.991999961453191803e-01,-6.285766173097981024e+00,-1.744636459044412724e-01,2.516647907292484526e-03
2.420000000000001872e-01,-7.324731846609759851e-03,-9.993546914376083556e-01,-6.285600739822696070e+00,-1.349294989815454371e-01,2.527090427356719522e-03
2.430000000000001881e-01,-1.361014633832610676e-02,-9.994698605227745336e-01,-6.285186859492502442e+00,-9.541149041437693712e-02,2.537532947391480265e-03
2.440000000000001890e-01,-1.989502284504656576e-02,-9.995455203147708412e-01,-6.284524818320817552e+00,-5.591117072246421654e-02,2.547975467396645325e-03
2.450000000000001898e-01,-2.617911335296988287e-02,-9.995816892760351902e-01,-6.283614911956167504e+00,-1.643008634696686149e-02,2.558417987372092403e-03
2.460000000000001907e-01,-3.246217014863853750e-02,-9.995783874133856717e-01,-6.282457445428527798e+00,2.303022040143076765e-02,2.568860507317700069e-03
2.470000000000001916e-01,-3.874394582829328304e-02,-9.995356362738643252e-01,-6.281052733095484619e+00,6.246821139395130479e-02,2.579303027233346458e-03
2.480000000000001925e-01,-4.502419330717376267e-02,-9.994534589405299485e-01,-6.279401098588230035e+00,1.018823527344835250e-01,2.589745547118910141e-03
2.490000000000001934e-01,-5.130266582876506776e-02,-9.993318800282002812e-01,-6.277502874757394657e+00,1.412711148096707225e-01,2.600188066974268818e-03
2.500000000000001665e-01,-5.757911697398999246e-02,-9.991709256791442284e-01,-6.275358403618723102e+00,1.806329723383303110e-01,2.610630586799301059e-03
2.510000000000001674e-01,-6.385330067034696022e-02,-9.989706235587254568e-01,-6.272968036298609107e+00,2.199664044202069013e-01,2.621073106593884566e-03
2.520000000000001683e-01,-7.012497120099335512e-02,-9.987310028509975846e-01,-6.270332132979490325e+00,2.592698945840609115e-01,2.631515626357897909e-03
2.530000000000001692e-01,-7.639388321377421631e-02,-9.984520942542509658e-01,-6.267451062845112553e+00,2.985419308350951151e-01,2.641958146091219223e-03
2.540000000000001701e-01,-8.265979173019614989e-02,-9.981339299765130679e-01,-6.264325204025672278e+00,3.377810057017213152e-01,2.652400665793727078e-03
2.550000000000001710e-01,-8.892245215434625705e-02,-9.977765437310021079e-01,-6.260954943542842877e+00,3.769856162816697109e-01,2.662843185465299176e-03
2.560000000000001719e-01,-9.518162028175612688e-02,-9.973799707315349483e-01,-6.257340677254696892e+00,4.161542642874435094e-01,2.673285705105814085e-03
2.570000000000001728e-01,-1.014370523082106235e-01,-9.969442476878898063e-01,-6.253482809800524400e+00,4.552854560911213655e-01,2.683728224715149508e-03
2.580000000000001736e-01,-1.076885048385014809e-01,-9.964694128011247765e-01,-6.249381754545561662e+00,4.943777027685100078e-01,2.694170744293184015e-03
2.590000000000001745e-01,-1.139357348951255816e-01,-9.959555057588519444e-01,-6.245037933525632745e+00,5.334295201426503263e-01,2.704613263839795740e-03
2.600000000000001754e-01,-1.201784999269278342e-01,-9.954025677304689790e-01,-6.240451777391714749e+00,5.724394288266796416e-01,2.715055783354863254e-03
2.610000000000001763e-01,-1.264165578176885962e-01,-9.948106413623477584e-01,-6.235623725354431990e+00,6.114059542660522650e-01,2.725498302838264258e-03
2.620000000000001772e-01,-1.326496668946554602e-01,-9.941797707729810307e-01,-6.230554225128484447e+00,6.503276267801225696e-01,2.735940822289877321e-03
2.630000000000001781e-01,-1.388775859370196541e-01,-9.935100015480883284e-01,-6.225243732877021152e+00,6.892029816030926792e-01,2.746383341709580147e-03
2.640000000000001790e-01,-1.451000741843365138e-01,-9.928013807356805831e-01,-6.219692713155963837e+00,7.280305589243282194e-01,2.756825861097251303e-03
2.650000000000001799e-01,-1.513168913448905417e-01,-9.920539568410854381e-01,-6.213901638858287946e+00,7.668089039280450159e-01,2.767268380452768926e-03
2.660000000000001807e-01,-1.575277976040044547e-01,-9.912677798219322600e-01,-6.207870991158265461e+00,8.055365668323706263e-01,2.777710899776011152e-03
2.670000000000001816e-01,-1.637325536322926656e-01,-9.904429010830996249e-01,-6.201601259455680193e+00,8.442121029277830369e-01,2.788153419066856549e-03
2.680000000000001825e-01,-1.699309205938588918e-01,-9.895793734716235024e-01,-6.195092941320018198e+00,8.828340726149306317e-01,2.798595938325182820e-03
2.690000000000001834e-01,-1.761226601544378934e-01,-9.886772512715685801e-01,-6.188346542434644881e+00,9.214010414418369876e-01,2.809038457550868534e-03
2.700000000000001843e-01,-1.823075344894814764e-01,-9.877365901988626185e-01,-6.181362576540968767e+00,9.599115801404924930e-01,2.819480976743791827e-03
2.710000000000001852e-01,-1.884853062921886535e-01,-9.867574473960943893e-01,-6.174141565382603503e+00,9.983642646628386741e-01,2.829923495903830834e-03
2.720000000000001861e-01,-1.946557387814798479e-01,-9.857398814272759768e-01,-6.166684038649532518e+00,1.036757676216146562e+00,2.840366015030863691e-03
2.730000000000001870e-01,-2.008185957099153929e-01,-9.846839522725699956e-01,-6.158990533922282573e+00,1.075090401297794207e+00,2.850808534124768968e-03
2.740000000000001878e-01,-2.069736413715581591e-01,-9.835897213229822800e-01,-6.151061596616110627e+00,1.113361031729446449e+00,2.861251053185424366e-03
2.750000000000001887e-01,-2.131206406097804207e-01,-9.824572513750210456e-01,-6.142897779925215573e+00,1.151568164690640383e+00,2.871693572212708455e-03
2.760000000000001896e-01,-2.192593588250148773e-01,-9.812866066253220776e-01,-6.134499644766973958e+00,1.189710402751781304e+00,2.882136091206499370e-03
2.770000000000001905e-01,-2.253895619824499708e-01,-9.800778526652419442e-01,-6.125867759726209449e+00,1.227786353906552108e+00,2.892578610166675248e-03
2.780000000000001914e-01,-2.315110166196694408e-01,-9.788310564754184595e-01,-6.117002700999501386e+00,1.265794631603739839e+00,2.903021129093114223e-03
2.790000000000001923e-01,-2.376234898542363694e-01,-9.775462864203001701e-01,-6.107905052339537733e+00,1.303733854778484469e+00,2.913463647985694432e-03
2.800000000000001932e-01,-2.437267493912213534e-01,-9.762236122426444229e-01,-6.098575404999518668e+00,1.341602647882952581e+00,2.923906166844294444e-03
2.810000000000001941e-01,-2.498205635306753325e-01,-9.748631050579852353e-01,-6.089014357677615230e+00,1.379399640916441294e+00,2.934348685668791961e-03
2.820000000000001950e-01,-2.559047011750467671e-01,-9.734648373490717432e-01,-6.079222516461490144e+00,1.417123469454915075e+00,2.944791204459065552e-03
2.830000000000001958e-01,-2.619789318365434716e-01,-9.720288829602763414e-01,-6.069200494772884369e+00,1.454772774679980341e+00,2.955233723214993353e-03
2.840000000000001967e-01,-2.680430256444388815e-01,-9.705553170919752892e-01,-6.058948913312275586e+00,1.492346203407302285e+00,2.965676241936453499e-03
2.850000000000001976e-01,-2.740967533523233635e-01,-9.690442162949005622e-01,-6.048468400003616630e+00,1.529842408114467256e+00,2.976118760623324561e-03
2.860000000000001985e-01,-2.801398863452999599e-01,-9.674956584644640589e-01,-6.037759589939152072e+00,1.567260046968296017e+00,2.986561279275484239e-03
2.870000000000001994e-01,-2.861721966471250655e-01,-9.659097228350551623e-01,-6.026823125324324515e+00,1.604597783851610782e+00,2.997003797892811103e-03
2.880000000000002003e-01,-2.921934569272942595e-01,-9.642864899743115448e-01,-6.015659655422775032e+00,1.641854288389461569e+00,3.007446316475183290e-03
2.890000000000002012e-01,-2.982034405080729589e-01,-9.626260417773637723e-01,-6.004269836501437752e+00,1.679028235974815431e+00,3.017888835022478934e-03
2.900000000000002021e-01,-3.042019213714723391e-01,-9.609284614610551500e-01,-5.992654331775740140e+00,1.716118307793713216e+00,3.028331353534576172e-03
2.910000000000002029e-01,-3.101886741661704638e-01,-9.591938335581361441e-01,-5.980813811354907195e+00,1.753123190849898094e+00,3.038773872011353138e-03
2.920000000000002038e-01,-3.161634742143787369e-01,-9.574222439114344896e-01,-5.968748952187380219e+00,1.790041577988920718e+00,3.049216390452688403e-03
2.930000000000002047e-01,-3.221260975186539532e-01,-9.556137796680015395e-01,-5.956460438006350167e+00,1.826872167921724577e+00,3.059658908858459668e-03
2.940000000000002056e-01,-3.280763207686557825e-01,-9.537685292732355213e-01,-5.943948959275412669e+00,1.863613665247716877e+00,3.070101427228545503e-03
2.950000000000002065e-01,-3.340139213478501290e-01,-9.518865824649815899e-01,-5.931215213134347408e+00,1.900264780477329385e+00,3.080543945562824043e-03
2.960000000000002074e-01,-3.399386773401582018e-01,-9.499680302676095645e-01,-5.918259903345029826e+00,1.936824230054073004e+00,3.090986463861173424e-03
2.970000000000002083e-01,-3.458503675365516838e-01,-9.480129649860704610e-01,-5.905083740237474288e+00,1.973290736376091203e+00,3.101428982123472216e-03
2.980000000000002092e-01,-3.517487714415938327e-01,-9.460214801999308198e-01,-5.891687440656015795e+00,2.009663027817217174e+00,3.111871500349598120e-03
2.990000000000002101e-01,-3.576336692799271244e-01,-9.439936707573871599e-01,-5.878071727905635591e+00,2.045939838747538708e+00,3.122314018539429706e-03
3.000000000000002109e-01,-3.635048420027069960e-01,-9.419296327692591175e-01,-5.864237331698433309e+00,2.082119909553475257e+00,3.132756536692845109e-03
3.010000000000002118e-01,-3.693620712939822415e-01,-9.398294636029638216e-01,-5.850184988100246564e+00,2.118201986657373581e+00,3.143199054809722465e-03
3.020000000000002127e-01,-3.752051395770222841e-01,-9.376932618764698413e-01,-5.835915439477428635e+00,2.154184822536623134e+00,3.153641572889939911e-03
3.030000000000002136e-01,-3.810338300205909356e-01,-9.355211274522333698e-01,-5.821429434443782469e+00,2.190067175742299810e+00,3.164084090933375580e-03
3.040000000000002145e-01,-3.868479265451675309e-01,-9.333131614311147572e-01,-5.806727727807654560e+00,2.225847810917339853e+00,3.174526608939907610e-03
3.050000000000002154e-01,-3.926472138291150493e-01,-9.310694661462782795e-01,-5.791811080519201127e+00,2.261525498814250135e+00,3.184969126909414569e-03
3.060000000000002163e-01,-3.984314773147956679e-01,-9.287901451570736988e-01,-5.776680259617814173e+00,2.297099016312359687e+00,3.195411644841774593e-03
3.070000000000002172e-01,-4.042005032146336330e-01,-9.264753032429010604e-01,-5.761336038179729613e+00,2.332567146434614713e+00,3.205854162736865819e-03
3.080000000000002180e-01,-4.099540785171261192e-01,-9.241250463970586138e-01,-5.745779195265803274e+00,2.367928678363925510e+00,3.216296680594566380e-03
3.090000000000002189e-01,-4.156919909928017964e-01,-9.217394818205753015e-01,-5.730010515869473409e+00,2.403182407459067971e+00,3.226739198414754414e-03
3.100000000000002198e-01,-4.214140292001274379e-01,-9.193187179160268174e-01,-5.714030790864899956e+00,2.438327135270144552e+00,3.237181716197308490e-03
3.110000000000002207e-01,-4.271199824913627929e-01,-9.168628642813367868e-01,-5.697840816955295651e+00,2.473361669553608255e+00,3.247624233942106309e-03
3.120000000000002216e-01,-4.328096410183639442e-01,-9.143720317035631817e-01,-5.681441396621441875e+00,2.508284824286858505e+00,3.258066751649026441e-03
3.130000000000002225e-01,-4.384827957383350960e-01,-9.118463321526700804e-01,-5.664833338070398128e+00,2.543095419682409375e+00,3.268509269317947021e-03
3.140000000000002234e-01,-4.441392384195293475e-01,-9.092858787752857719e-01,-5.648017455184406899e+00,2.577792282201636365e+00,3.278951786948746186e-03
3.150000000000002243e-01,-4.497787616468984506e-01,-9.066907858884473148e-01,-5.630994567469998380e+00,2.612374244568107517e+00,3.289394304541302504e-03
3.160000000000002252e-01,-4.554011588276917211e-01,-9.040611689733314416e-01,-5.613765500007292353e+00,2.646840145780502418e+00,3.299836822095493678e-03
3.170000000000002260e-01,-4.610062241970042662e-01,-9.013971446689735822e-01,-5.596331083399508799e+00,2.681188831125125294e+00,3.310279339611198277e-03
3.180000000000002269e-01,-4.665937528232750875e-01,-8.986988307659740105e-01,-5.578692153722679237e+00,2.715419152188014884e+00,3.320721857088294003e-03
3.190000000000002278e-01,-4.721635406137346669e-01,-8.959663462001921097e-01,-5.560849552475572999e+00,2.749529966866658626e+00,3.331164374526659425e-03
3.200000000000002287e-01,-4.777153843198029270e-01,-8.931998110464293150e-01,-5.542804126529830455e+00,2.783520139381312042e+00,3.341606891926172680e-03
3.210000000000002296e-01,-4.832490815424371200e-01,-8.903993465121009532e-01,-5.524556728080315615e+00,2.817388540285933995e+00,3.352049409286712335e-03
3.220000000000002305e-01,-4.887644307374303665e-01,-8.875650749308969800e-01,-5.506108214595678341e+00,2.851134046478736916e+00,3.362491926608156094e-03
3.230000000000002314e-01,-4.942612312206607905e-01,-8.846971197564329481e-01,-5.487459448769142156e+00,2.884755541212359553e+00,3.372934443890382526e-03
3.240000000000002323e-01,-4.997392831732916929e-01,-8.817956055558903161e-01,-5.468611298469511439e+00,2.918251914103666689e+00,3.383376961133269332e-03
3.250000000000002331e-01,-5.051983876469224866e-01,-8.788606580036476545e-01,-5.449564636692398878e+00,2.951622061143181597e+00,3.393819478336695082e-03
3.260000000000002340e-01,-5.106383465686915590e-01,-8.758924038749023033e-01,-5.430320341511683857e+00,2.984864884704153898e+00,3.404261995500537912e-03
3.270000000000002349e-01,-5.160589627463300078e-01,-8.728909710392835919e-01,-5.410879296031192887e+00,3.017979293551268594e+00,3.414704512624676391e-03
3.280000000000002358e-01,-5.214600398731678021e-01,-8.698564884544567333e-01,-5.391242388336614511e+00,3.050964202849002493e+00,3.425147029708988222e-03
3.290000000000002367e-01,-5.268413825330914291e-01,-8.667890861597191687e-01,-5.371410511447644254e+00,3.083818534169631143e+00,3.435589546753351972e-03
3.300000000000002376e-01,-5.322027962054544092e-01,-8.636888952695891408e-01,-5.351384563270363159e+00,3.116541215500891138e+00,3.446032063757645779e-03
3.310000000000002385e-01,-5.375440872699396300e-01,-8.605560479673863838e-01,-5.331165446549849918e+00,3.149131181253302714e+00,3.456474580721747344e-03
3.320000000000002394e-01,-5.428650630113750486e-01,-8.573906774988055979e-01,-5.310754068823034579e+00,3.181587372267159264e+00,3.466917097645535670e-03
3.330000000000002403e-01,-5.481655316245017673e-01,-8.541929181654835945e-01,-5.290151342371784970e+00,3.213908735819184237e+00,3.477359614528888459e-03
3.340000000000002411e-01,-5.534453022186958115e-01,-8.509629053185596703e-01,-5.269358184176240023e+00,3.246094225628866070e+00,3.487802131371683847e-03
3.350000000000002420e-01,-5.587041848226431684e-01,-8.477007753522296518e-01,-5.248375515868380248e+00,3.278142801864470268e+00,3.498244648173800403e-03
3.360000000000002429e-01,-5.639419903889685282e-01,-8.444066656972942786e-01,-5.227204263685843344e+00,3.310053431148737069e+00,3.508687164935116263e-03
3.370000000000002438e-01,-5.691585307988177300e-01,-8.410807148147021461e-01,-5.205845358425986724e+00,3.341825086564267355e+00,3.519129681655509129e-03
3.380000000000002447e-01,-5.743536188663949105e-01,-8.377230621890872087e-01,-5.184299735400193399e+00,3.373456747658603483e+00,3.529572198334858003e-03
3.390000000000002456e-01,-5.795270683434536885e-01,-8.343338483223013968e-01,-5.162568334388425662e+00,3.404947400449006345e+00,3.540014714973040589e-03
3.400000000000002465e-01,-5.846786939237429426e-01,-8.309132147269425728e-01,-5.140652099594031021e+00,3.436296037426939343e+00,3.550457231569935021e-03
3.410000000000002474e-01,-5.898083112474079570e-01,-8.274613039198782660e-01,-5.118551979598793267e+00,3.467501657562255701e+00,3.560899748125419869e-03
3.420000000000002482e-01,-5.949157369053463817e-01,-8.239782594157654128e-01,-5.096268927318240216e+00,3.498563266307102460e+00,3.571342264639372835e-03
3.430000000000002491e-01,-6.000007884435196726e-01,-8.204642257205660982e-01,-5.073803899957197494e+00,3.529479875599538463e+00,3.581784781111672488e-03
3.440000000000002500e-01,-6.050632843672204553e-01,-8.169193483250599686e-01,-5.051157858965601655e+00,3.560250503866875693e+00,3.592227297542196964e-03
3.450000000000002509e-01,-6.101030441452953701e-01,-8.133437736983534228e-01,-5.028331769994563771e+00,3.590874176028746589e+00,3.602669813930824833e-03
3.460000000000002518e-01,-6.151198882143247282e-01,-8.097376492813859183e-01,-5.005326602852689710e+00,3.621349923499902701e+00,3.613112330277433795e-03
3.470000000000002527e-01,-6.201136379827578704e-01,-8.061011234804336123e-01,-4.982143331462655311e+00,3.651676784192748659e+00,3.623554846581902422e-03
3.480000000000002536e-01,-6.250841158350061155e-01,-8.024343456606102265e-01,-4.958782933818039140e+00,3.681853802519616359e+00,3.633997362844108413e-03
3.490000000000002545e-01,-6.300311451354917436e-01,-7.987374661393666919e-01,-4.935246391940412813e+00,3.711880029394782898e+00,3.644439879063930340e-03
3.500000000000002554e-01,-6.349545502326547908e-01,-7.950106361799876842e-01,-4.911534691836689781e+00,3.741754522236239389e+00,3.654882395241246338e-03
3.510000000000002562e-01,-6.398541564629173228e-01,-7.912540079850873820e-01,-4.887648823456730796e+00,3.771476344967212846e+00,3.665324911375934976e-03
3.520000000000002571e-01,-6.447297901546051868e-01,-7.874677346901037822e-01,-4.863589780651211392e+00,3.801044568017446057e+00,3.675767427467873955e-03
3.530000000000002580e-01,-6.495812786318276855e-01,-7.836519703567912387e-01,-4.839358561129748715e+00,3.830458268324239857e+00,3.686209943516941846e-03
3.540000000000002589e-01,-6.544084502183159513e-01,-7.798068699667126680e-01,-4.814956166419286809e+00,3.859716529333263146e+00,3.696652459523016351e-03
3.550000000000002598e-01,-6.592111342412195762e-01,-7.759325894147310887e-01,-4.790383601822744808e+00,3.888818440999134651e+00,3.707094975485976038e-03
3.560000000000002607e-01,-6.639891610348618300e-01,-7.720292855025000511e-01,-4.765641876377924468e+00,3.917763099785779524e+00,3.717537491405699043e-03
3.570000000000002616e-01,-6.687423619444542444e-01,-7.680971159319546215e-01,-4.740732002816680613e+00,3.946549608666567899e+00,3.727980007282063503e-03
3.580000000000002625e-01,-6.734705693297702300e-01,-7.641362392988017005e-01,-4.715654997524351799e+00,3.975177077124237179e+00,3.738422523114947986e-03
3.590000000000002633e-01,-6.781736165687786144e-01,-7.601468150860108963e-01,-4.690411880499455677e+00,4.003644621150603378e+00,3.748865038904230194e-03
3.600000000000002642e-01,-6.828513380612364347e-01,-7.561290036573056206e-01,-4.665003675313641018e+00,4.031951363246066400e+00,3.759307554649788698e-03
3.610000000000002651e-01,-6.875035692322426506e-01,-7.520829662506549607e-01,-4.639431409071907098e+00,4.060096432418913714e+00,3.769750070351501631e-03
3.620000000000002660e-01,-6.921301465357511118e-01,-7.480088649717661076e-01,-4.613696112373083302e+00,4.088078964184422404e+00,3.780192586009247131e-03
3.630000000000002669e-01,-6.967309074580452233e-01,-7.439068627875778938e-01,-4.587798819270569872e+00,4.115898100563772921e+00,3.790635101622903333e-03
3.640000000000002678e-01,-7.013056905211727532e-01,-7.397771235197556638e-01,-4.561740567233340649e+00,4.143552990082770116e+00,3.801077617192348806e-03
3.650000000000002687e-01,-7.058543352863421161e-01,-7.356198118381870321e-01,-4.535522397107211390e+00,4.171042787770376847e+00,3.811520132717461252e-03
3.660000000000002696e-01,-7.103766823572799094e-01,-7.314350932544798622e-01,-4.509145353076365659e+00,4.198366655157073524e+00,3.821962648198119240e-03
3.670000000000002705e-01,-7.148725733835501472e-01,-7.272231341154615780e-01,-4.482610482625143611e+00,4.225523760273031115e+00,3.832405163634200907e-03
3.680000000000002713e-01,-7.193418510638354135e-01,-7.229841015966804729e-01,-4.455918836500094571e+00,4.252513277646119860e+00,3.842847679025584388e-03
3.690000000000002722e-01,-7.237843591491802675e-01,-7.187181636959087960e-01,-4.429071468672288070e+00,4.279334388299743885e+00,3.853290194372147818e-03
3.700000000000002731e-01,-7.281999424461971238e-01,-7.144254892266487245e-01,-4.402069436299885119e+00,4.305986279750514178e+00,3.863732709673769333e-03
3.710000000000002740e-01,-7.325884468202343847e-01,-7.101062478116402232e-01,-4.374913799690975935e+00,4.332468146005759912e+00,3.874175224930327503e-03
3.720000000000002749e-01,-7.369497191985081574e-01,-7.057606098763716806e-01,-4.347605622266668135e+00,4.358779187560879897e+00,3.884617740141700463e-03
3.730000000000002758e-01,-7.412836075731970009e-01,-7.013887466425930972e-01,-4.320145970524444046e+00,4.384918611396549259e+00,3.895060255307765916e-03
3.740000000000002767e-01,-7.455899610044999237e-01,-6.969908301218326052e-01,-4.292535914001770259e+00,4.410885630975768912e+00,3.905502770428402864e-03
3.750000000000002776e-01,-7.498686296236583004e-01,-6.925670331089153198e-01,-4.264776525239972749e+00,4.436679466240775582e+00,3.915945285503488575e-03
3.760000000000002784e-01,-7.541194646359418163e-01,-6.881175291754858536e-01,-4.236868879748360683e+00,4.462299343609810620e+00,3.926387800532902053e-03
3.770000000000002793e-01,-7.583423183235986631e-01,-6.836424926635340515e-01,-4.208814055968617573e+00,4.487744495973748471e+00,3.936830315516521434e-03
3.780000000000002802e-01,-7.625370440487699852e-01,-6.791420986789238334e-01,-4.180613135239442890e+00,4.513014162692599029e+00,3.947272830454224418e-03
3.790000000000002811e-01,-7.667034962563696876e-01,-6.746165230849262562e-01,-4.152267201761452142e+00,4.538107589591871438e+00,3.957715345345889577e-03
3.800000000000002820e-01,-7.708415304769287157e-01,-6.700659424957555732e-01,-4.123777342562331860e+00,4.563024028958821532e+00,3.968157860191395478e-03
3.810000000000002829e-01,-7.749510033294046973e-01,-6.654905342701094018e-01,-4.095144647462249488e+00,4.587762739538572276e+00,3.978600374990619824e-03
3.820000000000002838e-01,-7.790317725239573887e-01,-6.608904765047132202e-01,-4.066370209039517292e+00,4.612322986530116964e+00,3.989042889743440318e-03
3.830000000000002847e-01,-7.830836968646898155e-01,-6.562659480278681956e-01,-4.037455122596509405e+00,4.636704041582210500e+00,3.999485404449736395e-03
3.840000000000002855e-01,-7.871066362523551074e-01,-6.516171283930034530e-01,-4.008400486125829332e+00,4.660905182789148782e+00,4.009927919109385758e-03
3.850000000000002864e-01,-7.911004516870302483e-01,-6.469441978722331177e-01,-3.979207400276731033e+00,4.684925694686440600e+00,4.020370433722266108e-03
3.860000000000002873e-01,-7.950650052707559645e-01,-6.422473374499167997e-01,-3.949876968321789583e+00,4.708764868246379187e+00,4.030812948288256016e-03
3.870000000000002882e-01,-7.990001602101433065e-01,-6.375267288162254076e-01,-3.920410296123820970e+00,4.732422000873511614e+00,4.041255462807234050e-03
3.880000000000002891e-01,-8.029057808189475898e-01,-6.327825543607111802e-01,-3.890808492103048799e+00,4.755896396400011383e+00,4.051697977279077913e-03
3.890000000000002900e-01,-8.067817325206094736e-01,-6.280149971658821606e-01,-3.861072667204521025e+00,4.779187365080962202e+00,4.062140491703666173e-03
3.900000000000002909e-01,-8.106278818507636208e-01,-6.232242410007819977e-01,-3.831203934865770044e+00,4.802294223589550271e+00,4.072583006080876533e-03
3.910000000000002918e-01,-8.144440964597150501e-01,-6.184104703145740789e-01,-3.801203410984719699e+00,4.825216295012171308e+00,4.083025520410587562e-03
3.920000000000002927e-01,-8.182302451148836253e-01,-6.135738702301308800e-01,-3.771072213887836089e+00,4.847952908843458530e+00,4.093468034692676963e-03
3.930000000000002935e-01,-8.219861977032167921e-01,-6.087146265376282006e-01,-3.740811464298519073e+00,4.870503400981225361e+00,4.103910548927023304e-03
3.940000000000002944e-01,-8.257118252335707842e-01,-6.038329256881445062e-01,-3.710422285305738033e+00,4.892867113721342420e+00,4.114353063113505155e-03
3.950000000000002953e-01,-8.294069998390606324e-01,-5.989289547872655994e-01,-3.679905802332906095e+00,4.915043395752533684e+00,4.124795577252000217e-03
3.960000000000002962e-01,-8.330715947793790876e-01,-5.940029015886943986e-01,-3.649263143106992846e+00,4.937031602151109588e+00,4.135238091342387061e-03
3.970000000000002971e-01,-8.367054844430847904e-01,-5.890549544878659338e-01,-3.618495437627876843e+00,4.958831094375634407e+00,4.145680605384544255e-03
3.980000000000002980e-01,-8.403085443498601315e-01,-5.840853025155675615e-01,-3.587603818137931722e+00,4.980441240261531455e+00,4.156123119378349502e-03
3.990000000000002989e-01,-8.438806511527385812e-01,-5.790941353315652851e-01,-3.556589419091850335e+00,5.001861414015626117e+00,4.166565633323680504e-03
4.000000000000002998e-01,-8.474216826403018210e-01,-5.740816432182348494e-01,-3.525453377126698484e+00,5.023090996210639148e+00,4.177008147220415829e-03
4.010000000000003006e-01,-8.509315177388475648e-01,-5.690480170741986088e-01,-3.494196831032205353e+00,5.044129373779624892e+00,4.187450661068434048e-03
4.020000000000003015e-01,-8.544100365145271825e-01,-5.639934484079679455e-01,-3.462820921721279976e+00,5.064975940010360667e+00,4.197893174867613729e-03
4.030000000000003024e-01,-8.578571201754544573e-01,-5.589181293315915733e-01,-3.431326792200759979e+00,5.085630094539689061e+00,4.208335688617831707e-03
4.040000000000003033e-01,-8.612726510737847008e-01,-5.538222525543091690e-01,-3.399715587542387230e+00,5.106091243347819386e+00,4.218778202318967420e-03
4.050000000000003042e-01,-8.646565127077655566e-01,-5.487060113762108893e-01,-3.367988454854009550e+00,5.126358798752587376e+00,4.229220715970898568e-03
4.060000000000003051e-01,-8.680085897237586057e-01,-5.435695996819026599e-01,-3.336146543251005347e+00,5.146432179403680252e+00,4.239663229573503722e-03
4.070000000000003060e-01,-8.713287679182326606e-01,-5.384132119341772382e-01,-3.304191003827934292e+00,5.166310810276825372e+00,4.250105743126660583e-03
4.080000000000003069e-01,-8.746169342397290825e-01,-5.332370431676910494e-01,-3.272122989630406931e+00,5.185994122667950457e+00,4.260548256630247721e-03
4.090000000000003078e-01,-8.778729767907986759e-01,-5.280412889826469058e-01,-3.239943655627174568e+00,5.205481554187314508e+00,4.270990770084142837e-03
4.100000000000003086e-01,-8.810967848299111616e-01,-5.228261455384827228e-01,-3.207654158682437640e+00,5.224772548753613854e+00,4.281433283488224502e-03
4.110000000000003095e-01,-8.842882487733364494e-01,-5.175918095475658953e-01,-3.175255657528370357e+00,5.243866556588064221e+00,4.291875796842371284e-03
4.120000000000003104e-01,-8.874472601969993768e-01,-5.123384782688937822e-01,-3.142749312737859402e+00,5.262763034208467694e+00,4.302318310146460885e-03
4.130000000000003113e-01,-8.905737118383068029e-01,-5.070663495018002953e-01,-3.110136286697455343e+00,5.281461444423260154e+00,4.312760823400371875e-03
4.140000000000003122e-01,-8.936674975979478353e-01,-5.017756215796678188e-01,-3.077417743580537213e+00,5.299961256325543602e+00,4.323203336603981956e-03
4.150000000000003131e-01,-8.967285125416670777e-01,-4.964664933636460664e-01,-3.044594849320682695e+00,5.318261945287111381e+00,4.333645849757169696e-03
4.160000000000003140e-01,-8.997566529020118997e-01,-4.911391642363759358e-01,-3.011668771585250148e+00,5.336362992952461859e+00,4.344088362859813666e-03
4.170000000000003149e-01,-9.027518160800529490e-01,-4.857938340957200229e-01,-2.978640679749162690e+00,5.354263887232806773e+00,4.354530875911791568e-03
4.180000000000003157e-01,-9.057139006470787956e-01,-4.804307033484987999e-01,-2.945511744868898329e+00,5.371964122300079580e+00,4.364973388912981103e-03
4.190000000000003166e-01,-9.086428063462643756e-01,-4.750499729042330088e-01,-2.912283139656681730e+00,5.389463198580936698e+00,4.375415901863261708e-03
4.200000000000003175e-01,-9.115384340943142316e-01,-4.696518441688918855e-01,-2.878956038454874911e+00,5.406760622750770295e+00,4.385858414762510218e-03
4.210000000000003184e-01,-9.144006859830796641e-01,-4.642365190386473217e-01,-2.845531617210567354e+00,5.423855907727715753e+00,4.396300927610606070e-03
4.220000000000003193e-01,-9.172294652811507909e-01,-4.588041998936342458e-01,-2.812011053450361953e+00,5.440748572666674221e+00,4.406743440407426965e-03
4.230000000000003202e-01,-9.200246764354238493e-01,-4.533550895917167756e-01,-2.778395526255355463e+00,5.457438142953339621e+00,4.417185953152851473e-03
4.240000000000003211e-01,-9.227862250726429627e-01,-4.478893914622604222e-01,-2.744686216236310816e+00,5.473924150198242522e+00,4.427628465846757295e-03
4.250000000000003220e-01,-9.255140180009174822e-01,-4.424073092999102341e-01,-2.710884305509020376e+00,5.490206132230802893e+00,4.438070978489022135e-03
4.260000000000003229e-01,-9.282079632112151257e-01,-4.369090473583748246e-01,-2.676990977669856164e+00,5.506283633093405072e+00,4.448513491079525428e-03
4.270000000000003237e-01,-9.308679698788299151e-01,-4.313948103442165061e-01,-2.643007417771508383e+00,5.522156203035487820e+00,4.458956003618144877e-03
4.280000000000003246e-01,-9.334939483648269087e-01,-4.258648034106469749e-01,-2.608934812298907335e+00,5.537823398507658368e+00,4.469398516104758183e-03
4.290000000000003255e-01,-9.360858102174619555e-01,-4.203192321513292140e-01,-2.574774349145326546e+00,5.553284782155831323e+00,4.479841028539243916e-03
4.300000000000003264e-01,-9.386434681735786878e-01,-4.147583025941850576e-01,-2.540527217588667064e+00,5.568539922815388898e+00,4.490283540921480646e-03
4.310000000000003273e-01,-9.411668361599810906e-01,-4.091822211952086952e-01,-2.506194608267919399e+00,5.583588395505376667e+00,4.500726053251346073e-03
4.320000000000003282e-01,-9.436558292947829774e-01,-4.035911948322858378e-01,-2.471777713159802214e+00,5.598429781422722407e+00,4.511168565528718769e-03
4.330000000000003291e-01,-9.461103638887339295e-01,-3.979854307990186579e-01,-2.437277725555573316e+00,5.613063667936492251e+00,4.521611077753477301e-03
4.340000000000003300e-01,-9.485303574465225873e-01,-3.923651367985566130e-01,-2.402695840038012953e+00,5.627489648582182369e+00,4.532053589925499372e-03
4.350000000000003308e-01,-9.509157286680566257e-01,-3.867305209374328201e-01,-2.368033252458576765e+00,5.641707323056042611e+00,4.542496102044662684e-03
4.360000000000003317e-01,-9.532663974497199710e-01,-3.810817917194060933e-01,-2.333291159914716140e+00,5.655716297209444576e+00,4.552938614110845807e-03
4.370000000000003326e-01,-9.555822848856075913e-01,-3.754191580393086980e-01,-2.298470760727362450e+00,5.669516183043287860e+00,4.563381126123927309e-03
4.380000000000003335e-01,-9.578633132687378593e-01,-3.697428291768995456e-01,-2.263573254418576042e+00,5.683106598702449830e+00,4.573823638083784893e-03
4.390000000000003344e-01,-9.601094060922426010e-01,-3.640530147907228842e-01,-2.228599841689354211e+00,5.696487168470280693e+00,4.584266149990297128e-03
4.400000000000003353e-01,-9.623204880505348280e-01,-3.583499249119727614e-01,-2.193551724397598157e+00,5.709657522763142978e+00,4.594708661843342583e-03
4.410000000000003362e-01,-9.644964850404547096e-01,-3.526337699383625957e-01,-2.158430105536237154e+00,5.722617298125006968e+00,4.605151173642798960e-03
4.420000000000003371e-01,-9.666373241623938961e-01,-3.469047606280001861e-01,-2.123236189211504144e+00,5.735366137222086991e+00,4.615593685388544830e-03
4.430000000000003380e-01,-9.687429337213979696e-01,-3.411631080932682747e-01,-2.087971180621365441e+00,5.747903688837538105e+00,4.626036197080457893e-03
4.440000000000003388e-01,-9.708132432282473578e-01,-3.354090237947101594e-01,-2.052636286034099200e+00,5.760229607866204304e+00,4.636478708718416719e-03
4.450000000000003397e-01,-9.728481834005170414e-01,-3.296427195349206363e-01,-2.017232712767019098e+00,5.772343555309422669e+00,4.646921220302299010e-03
4.460000000000003406e-01,-9.748476861636149460e-01,-3.238644074524420491e-01,-1.981761669165345463e+00,5.784245198269883481e+00,4.657363731831983336e-03
4.470000000000003415e-01,-9.768116846517995722e-01,-3.180743000156654454e-01,-1.946224364581216504e+00,5.795934209946556059e+00,4.667806243307348266e-03
4.480000000000003424e-01,-9.787401132091763101e-01,-3.122726100167368957e-01,-1.910622009352840989e+00,5.807410269629669664e+00,4.678248754728271501e-03
4.490000000000003433e-01,-9.806329073906731031e-01,-3.064595505654686969e-01,-1.874955814783788144e+00,5.818673062695760123e+00,4.688691266094631611e-03
4.500000000000003442e-01,-9.824900039629955728e-01,-3.006353350832554616e-01,-1.839226993122412779e+00,5.829722280602779527e+00,4.699133777406306299e-03
4.510000000000003451e-01,-9.843113409055614937e-01,-2.948001772969952028e-01,-1.803436757541413638e+00,5.840557620885276080e+00,4.709576288663174133e-03
4.520000000000003459e-01,-9.860968574114151730e-01,-2.889542912330149704e-01,-1.767586322117521647e+00,5.851178787149637017e+00,4.720018799865113683e-03
4.530000000000003468e-01,-9.878464938881211799e-01,-2.830978912110015955e-01,-1.731676901811317615e+00,5.861585489069401689e+00,4.730461311012002651e-03
4.540000000000003477e-01,-9.895601919586382023e-01,-2.772311918379366524e-01,-1.695709712447174500e+00,5.871777442380649248e+00,4.740903822103718739e-03
4.550000000000003486e-01,-9.912378944621730303e-01,-2.713544080020361959e-01,-1.659685970693323576e+00,5.881754368877452954e+00,4.751346333140141383e-03
4.560000000000003495e-01,-9.928795454550141120e-01,-2.654677548666952158e-01,-1.623606894042041393e+00,5.891515996407411748e+00,4.761788844121148286e-03
4.570000000000003504e-01,-9.944850902113462343e-01,-2.595714478644360890e-01,-1.587473700789955311e+00,5.901062058867256432e+00,4.772231355046617149e-03
4.580000000000003513e-01,-9.960544752240446664e-01,-2.536657026908616941e-01,-1.551287610018465379e+00,5.910392296198533124e+00,4.782673865916426542e-03
4.590000000000003522e-01,-9.975876482054503169e-01,-2.477507352986127453e-01,-1.515049841574278799e+00,5.919506454383361316e+00,4.793116376730455035e-03
4.600000000000003531e-01,-9.990845580881255739e-01,-2.418267618913292893e-01,-1.478761616050056737e+00,5.928404285440273647e+00,4.803558887488580328e-03
4.610000000000003539e-01,-1.000545155025590160e+00,-2.358939989176163377e-01,-1.442424154765169275e+00,5.937085547420136500e+00,4.814001398190680993e-03
4.620000000000003548e-01,-1.001969390393038895e+00,-2.299526630650135239e-01,-1.406038679746556719e+00,5.945550004402150535e+00,4.824443908836634730e-03
4.630000000000003557e-01,-1.003357216788039130e+00,-2.240029712539687856e-01,-1.369606413709693937e+00,5.953797426489934708e+00,4.834886419426320109e-03
4.640000000000003566e-01,-1.004708588031210104e+00,-2.180451406318157925e-01,-1.333128580039656841e+00,5.961827589807696448e+00,4.845328929959614832e-03
4.650000000000003575e-01,-1.006023459166883294e+00,-2.120793885667552892e-01,-1.296606402772287225e+00,5.969640276496481768e+00,4.855771440436397468e-03
4.660000000000003584e-01,-1.007301786463743243e+00,-2.061059326418400728e-01,-1.260041106575453318e+00,5.977235274710518631e+00,4.866213950856546587e-03
4.670000000000003593e-01,-1.008543527415450836e+00,-2.001249906489636354e-01,-1.223433916730405135e+00,5.984612378613642036e+00,4.876656461219939891e-03
4.680000000000003602e-01,-1.009748640741247039e+00,-1.941367805828522752e-01,-1.186786059113219771e+00,5.991771388375811469e+00,4.887098971526455948e-03
4.690000000000003610e-01,-1.010917086386538655e+00,-1.881415206350606772e-01,-1.150098760176335944e+00,5.998712110169713618e+00,4.897541481775973329e-03
4.700000000000003619e-01,-1.012048825523465423e+00,-1.821394291879708804e-01,-1.113373246930174698e+00,6.005434356167461907e+00,4.907983991968369736e-03
4.710000000000003628e-01,-1.013143820551449137e+00,-1.761307248087944366e-01,-1.076610746924843376e+00,6.011937944537382172e+00,4.918426502103522870e-03
4.720000000000003637e-01,-1.014202035097723442e+00,-1.701156262435777611e-01,-1.039812488231920851e+00,6.018222699440892498e+00,4.928869012181312168e-03
4.730000000000003646e-01,-1.015223434017847204e+00,-1.640943524112105645e-01,-1.002979699426320703e+00,6.024288451029478075e+00,4.939311522201614464e-03
4.740000000000003655e-01,-1.016207983396198111e+00,-1.580671223974372541e-01,-9.661136095682307801e-01,6.030135035441756663e+00,4.949754032164309196e-03
4.750000000000003664e-01,-1.017155650546449186e+00,-1.520341554488712499e-01,-9.292154481851262471e-01,6.035762294800644412e+00,4.960196542069274066e-03
4.760000000000003673e-01,-1.018066404012027082e+00,-1.459956709670120756e-01,-8.922864452538527003e-01,6.041170077210613165e+00,4.970639051916386775e-03
4.770000000000003681e-01,-1.018940213566552622e+00,-1.399518885022650871e-01,-8.553278311827777758e-01,6.046358236755045468e+00,4.981081561705525892e-03
4.780000000000003690e-01,-1.019777050214263348e+00,-1.339030277479638653e-01,-8.183408367940085970e-01,6.051326633493689044e+00,4.991524071436569988e-03
4.790000000000003699e-01,-1.020576886190418531e+00,-1.278493085343950786e-01,-7.813266933056717267e-01,6.056075133460208093e+00,5.001966581109396764e-03
4.800000000000003708e-01,-1.021339694961685751e+00,-1.217909508228257887e-01,-7.442866323142539597e-01,6.060603608659834052e+00,5.012409090723884790e-03
4.810000000000003717e-01,-1.022065451226511490e+00,-1.157281746995329624e-01,-7.072218857770006251e-01,6.064911937067114067e+00,5.022851600279912634e-03
4.820000000000003726e-01,-1.022754130915471960e+00,-1.096612003698352600e-01,-6.701336859943690660e-01,6.069000002623764267e+00,5.033294109777358000e-03
4.830000000000003735e-01,-1.023405711191608836e+00,-1.035902481521269181e-01,-6.330232655925353003e-01,6.072867695236618069e+00,5.043736619216098588e-03
4.840000000000003744e-01,-1.024020170450744782e+00,-9.751553847191356261e-02,-5.958918575059497513e-01,6.076514910775681066e+00,5.054179128596012968e-03
4.850000000000003753e-01,-1.024597488321784544e+00,-9.143729185585001973e-02,-5.587406949599412753e-01,6.079941551072285399e+00,5.064621637916979710e-03
4.860000000000003761e-01,-1.025137645666995834e+00,-8.535572892577986126e-02,-5.215710114533652630e-01,6.083147523917346255e+00,5.075064147178877383e-03
4.870000000000003770e-01,-1.025640624582275118e+00,-7.927107039277661582e-02,-4.843840407412942084e-01,6.086132743059724959e+00,5.085506656381583689e-03
4.880000000000003779e-01,-1.026106408397394532e+00,-7.318353705118664509e-02,-4.471810168177479672e-01,6.088897128204688869e+00,5.095949165524976329e-03
4.890000000000003788e-01,-1.026534981676232805e+00,-6.709334977267343569e-02,-4.099631738984606533e-01,6.091440605012484077e+00,5.106391674608933874e-03
4.900000000000003797e-01,-1.026926330216987981e+00,-6.100072950026327878e-02,-3.727317464036818406e-01,6.093763105097003141e+00,5.116834183633334893e-03
4.910000000000003806e-01,-1.027280441052373705e+00,-5.490589724239228198e-02,-3.354879689410096288e-01,6.095864566024566500e+00,5.127276692598057087e-03
4.920000000000003815e-01,-1.027597302449797301e+00,-4.880907406695448453e-02,-2.982330762882525743e-01,6.097744931312801597e+00,5.137719201502979026e-03
4.930000000000003824e-01,-1.027876903911522088e+00,-4.271048109535106885e-02,-2.609683033763180449e-01,6.099404150429631244e+00,5.148161710347979279e-03
4.940000000000003832e-01,-1.028119236174811713e+00,-3.661033949654053654e-02,-2.236948852721244163e-01,6.100842178792367676e+00,5.158604219132935549e-03
4.950000000000003841e-01,-1.028324291212057595e+00,-3.050887048108970670e-02,-1.864140571615342523e-01,6.102058977766909642e+00,5.169046727857725537e-03
4.960000000000003850e-01,-1.028492062230889514e+00,-2.440629529522550870e-02,-1.491270543323061082e-01,6.103054514667051400e+00,5.179489236522227813e-03
4.970000000000003859e-01,-1.028622543674268863e+00,-1.830283521488737866e-02,-1.118351121570622664e-01,6.103828762753890302e+00,5.189931745126320946e-03
4.980000000000003868e-01,-1.028715731220564811e+00,-1.219871153978020761e-02,-7.453946607626937837e-02,6.104381701235348068e+00,5.200374253669883505e-03
4.990000000000003877e-01,-1.028771621783614032e+00,-6.094145587427715442e-03,-3.724135158123000056e-02,6.104713315265793305e+00,5.210816762152793193e-03
5.000000000000003331e-01,-1.028790213512762675e+00,1.064131277385416130e-05,5.799580291806355481e-05,6.104823595945775061e+00,5.221259270574927711e-03
5.010000000000003340e-01,-1.028771505792891894e+00,6.115427825501827154e-03,3.735734053419716150e-02,6.104712540321859393e+00,5.231701778936165628e-03
5.020000000000003348e-01,-1.028715499244426068e+00,1.221999261545307289e-02,7.465544707078247688e-02,6.104380151386576969e+00,5.242144287236385515e-03
5.030000000000003357e-01,-1.028622195723324584e+00,1.832411435328999347e-02,1.119510798879947422e-01,6.103826438078471917e+00,5.252586795475465073e-03
5.040000000000003366e-01,-1.028491598321055633e+00,2.442757172158660506e-02,1.492430034952955120e-01,6.103051415282264358e+00,5.263029303653282871e-03
5.050000000000003375e-01,-1.028323711364553583e+00,3.053014342077483775e-02,1.865299824532878070e-01,6.102055103829114202e+00,5.273471811769717479e-03
5.060000000000003384e-01,-1.028118540416159910e+00,3.663160817509114597e-02,2.238107813907246058e-01,6.100837530496993288e+00,5.283914319824646599e-03
5.070000000000003393e-01,-1.027876092273546149e+00,4.273174473852356381e-02,2.610841650215279253e-01,6.099398728011167670e+00,5.294356827817947933e-03
5.080000000000003402e-01,-1.027596374969619974e+00,4.883033190075928426e-02,2.983488981618210301e-01,6.097738735044779368e+00,5.304799335749500917e-03
5.090000000000003411e-01,-1.027279397772414837e+00,5.492714849313284908e-02,3.356037457469766561e-01,6.095857596219541819e+00,5.315241843619182387e-03
5.100000000000003419e-01,-1.026925171184962071e+00,6.102197339457513664e-02,3.728474728486834144e-01,6.093755362106535678e+00,5.325684351426871778e-03
5.110000000000003428e-01,-1.026533706945146118e+00,6.711458553756316503e-02,4.100788446920335950e-01,6.091432089227114766e+00,5.336126859172446793e-03
5.120000000000003437e-01,-1.026105018025542437e+00,7.320476391407085281e-02,4.472966266726344786e-01,6.088887840053915035e+00,5.346569366855785134e-03
5.130000000000003446e-01,-1.025639118633238311e+00,7.929228758152084833e-02,4.844995843737462393e-01,6.086122683011971013e+00,5.357011874476766237e-03
5.140000000000003455e-01,-1.025136024209637231e+00,8.537693566873755247e-02,5.216864835834487124e-01,6.083136692479933494e+00,5.367454382035266938e-03
5.150000000000003464e-01,-1.024595751430244839e+00,9.145848738190136273e-02,5.588560903118398038e-01,6.079929948791398253e+00,5.377896889531166673e-03
5.160000000000003473e-01,-1.024018318204438227e+00,9.753672201050435364e-02,5.960071708082682607e-01,6.076502538236332462e+00,5.388339396964342276e-03
5.170000000000003482e-01,-1.023403743675218580e+00,1.036114189333073587e-01,6.331384915786032463e-01,6.072854553062610350e+00,5.398781904334673185e-03
5.180000000000003491e-01,-1.022752048218945609e+00,1.096823576242987458e-01,6.702488194025434387e-01,6.068986091477648337e+00,5.409224411642037100e-03
5.190000000000003499e-01,-1.022063253445055331e+00,1.157493176586547740e-01,7.073369213509683728e-01,6.064897257650145868e+00,5.419666918886312593e-03
5.200000000000003508e-01,-1.021337382195760091e+00,1.218120787187018106e-01,7.444015648033344146e-01,6.060588161711928379e+00,5.430109426067377364e-03
5.210000000000003517e-01,-1.020574458545731034e+00,1.278704205998804078e-01,7.814415174651179186e-01,6.056058919759891523e+00,5.440551933185109983e-03
5.220000000000003526e-01,-1.019774507801763486e+00,1.339241232167114326e-01,8.184555473853091234e-01,6.051309653858047533e+00,5.450994440239388152e-03
5.230000000000003535e-01,-1.018937556502425013e+00,1.399729666087641544e-01,8.554424229739574503e-01,6.046340492039671943e+00,5.461436947230090440e-03
5.240000000000003544e-01,-1.018063632417685049e+00,1.460167309466267327e-01,8.924009130197729789e-01,6.041151568309550690e+00,5.471879454157095417e-03
5.250000000000003553e-01,-1.017152764548527655e+00,1.520551965378788284e-01,9.293297867077854324e-01,6.035743022646327560e+00,5.482321961020280784e-03
5.260000000000003562e-01,-1.016204983126546280e+00,1.580881438330666855e-01,9.662278136370632264e-01,6.030115001004951125e+00,5.492764467819525112e-03
5.270000000000003570e-01,-1.015220319613520994e+00,1.641153534316806828e-01,1.003093763838496022e+00,6.024267655319215820e+00,5.503206974554706102e-03
5.280000000000003579e-01,-1.014198806700977507e+00,1.701366060881355502e-01,1.039926407792642227e+00,6.018201143504407824e+00,5.513649481225702323e-03
5.290000000000003588e-01,-1.013140478309728865e+00,1.761516827177531663e-01,1.076724516447645108e+00,6.011915629460041544e+00,5.524091987832391477e-03
5.300000000000003597e-01,-1.012045369589398502e+00,1.821603644027482427e-01,1.113486861237219516e+00,6.005411283072692896e+00,5.534534494374652135e-03
5.310000000000003606e-01,-1.010913516917925747e+00,1.881624323982167557e-01,1.150212214098712105e+00,5.998688280218932078e+00,5.544977000852362864e-03
5.320000000000003615e-01,-1.009744957901053564e+00,1.941576681381275704e-01,1.186899347491236600e+00,5.991746802768344260e+00,5.555419507265401367e-03
5.330000000000003624e-01,-1.008539731371797199e+00,2.001458532413168956e-01,1.223547034413888790e+00,5.984587038586650642e+00,5.565862013613646214e-03
5.340000000000003633e-01,-1.007297877389894847e+00,2.061267695174860970e-01,1.260154048424040774e+00,5.977209181538914784e+00,5.576304519896975974e-03
5.350000000000003642e-01,-1.006019437241240988e+00,2.121001989732026194e-01,1.296719163655720930e+00,5.969613431492847511e+00,5.586747026115268348e-03
5.360000000000003650e-01,-1.004704453437299971e+00,2.180659238179043502e-01,1.333241154838077591e+00,5.961799994322196206e+00,5.597189532268401040e-03
5.370000000000003659e-01,-1.003352969714501608e+00,2.240237264699073971e-01,1.369718797313933312e+00,5.953769081910227357e+00,5.607632038356252617e-03
5.380000000000003668e-01,-1.001965031033618114e+00,2.299733895624173907e-01,1.406150867058429066e+00,5.945520912153297921e+00,5.618074544378701650e-03
5.390000000000003677e-01,-1.000540683579122847e+00,2.359146959495443951e-01,1.442536140697762592e+00,5.937055708964511069e+00,5.628517050335626708e-03
5.400000000000003686e-01,-9.990799747585297208e-01,2.418474287123214550e-01,1.478873395528022661e+00,5.928373702277462520e+00,5.638959556226904625e-03
5.410000000000003695e-01,-9.975829532017134182e-01,2.477713711647270833e-01,1.515161409534122372e+00,5.919475128050066814e+00,5.649402062052414838e-03
5.420000000000003704e-01,-9.960496687602115040e-01,2.536863068597114967e-01,1.551398961408833266e+00,5.910360228268474181e+00,5.659844567812035050e-03
5.430000000000003713e-01,-9.944801725065067766e-01,2.595920195952268195e-01,1.587584830571923344e+00,5.901029250951062899e+00,5.670287073505643829e-03
5.440000000000003721e-01,-9.928745167332909682e-01,2.654882934202614231e-01,1.623717797189401235e+00,5.891482450152521366e+00,5.680729579133118878e-03
5.450000000000003730e-01,-9.912327549527084614e-01,2.713749126408782075e-01,1.659796642192869154e+00,5.881720085968002998e+00,5.691172084694338766e-03
5.460000000000003739e-01,-9.895549418955811305e-01,2.772516618262571564e-01,1.695820147298986447e+00,5.871742424537365501e+00,5.701614590189181195e-03
5.470000000000003748e-01,-9.878411335106136448e-01,2.831183258147423887e-01,1.731787095029047485e+00,5.861549738049484759e+00,5.712057095617524734e-03
5.480000000000003757e-01,-9.860913869635786755e-01,2.889746897198931519e-01,1.767696268728674580e+00,5.851142304746649536e+00,5.722499600979247952e-03
5.490000000000003766e-01,-9.843057606364830070e-01,2.948205389365395335e-01,1.803546452587630800e+00,5.840520408929024576e+00,5.732942106274228553e-03
5.500000000000003775e-01,-9.824843141267132207e-01,3.006556591468427242e-01,1.839336431659752025e+00,5.829684340959193634e+00,5.743384611502345104e-03
5.510000000000003784e-01,-9.806271082461616162e-01,3.064798363263594450e-01,1.875064991883004017e+00,5.818634397266771785e+00,5.753827116663475308e-03
5.520000000000003793e-01,-9.787342050203321486e-01,3.122928567501117025e-01,1.910730920099663832e+00,5.807370880353087905e+00,5.764269621757497734e-03
5.530000000000003801e-01,-9.768056676874259381e-01,3.180945069986604867e-01,1.946333004076630235e+00,5.795894098795939087e+00,5.774712126784290953e-03
5.540000000000003810e-01,-9.748415606974062397e-01,3.238845739641849075e-01,1.981870032525864245e+00,5.784204367254410784e+00,5.785154631743732664e-03
5.550000000000003819e-01,-9.728419497110434300e-01,3.296628448565658842e-01,2.017340795124963115e+00,5.772302006473762681e+00,5.795597136635701439e-03
5.560000000000003828e-01,-9.708069015989385653e-01,3.354291072094746085e-01,2.052744082537869108e+00,5.760187343290382067e+00,5.806039641460074979e-03
5.570000000000003837e-01,-9.687364844405271791e-01,3.411831488864664474e-01,2.088078686435715703e+00,5.747860710636796711e+00,5.816482146216731854e-03
5.580000000000003846e-01,-9.666307675230612073e-01,3.469247580870794545e-01,2.123343399517815033e+00,5.735322447546749913e+00,5.826924650905549764e-03
5.590000000000003855e-01,-9.644898213405703746e-01,3.526537233529380977e-01,2.158537015532786540e+00,5.722572899160338622e+00,5.837367155526407281e-03
5.600000000000003864e-01,-9.623137175928023757e-01,3.583698335738623175e-01,2.193658329299830623e+00,5.709612416729204831e+00,5.847809660079182972e-03
5.610000000000003872e-01,-9.601025291841414067e-01,3.640728779939816362e-01,2.228706136730148835e+00,5.696441357621784718e+00,5.858252164563754541e-03
5.620000000000003881e-01,-9.578563302225056031e-01,3.697626462178546514e-01,2.263679234848515520e+00,5.683060085328613731e+00,5.868694668980000556e-03
5.630000000000003890e-01,-9.555751960182222726e-01,3.754389282165938035e-01,2.298576421814997772e+00,5.669468969467681418e+00,5.879137173327798720e-03
5.640000000000003899e-01,-9.532592030828820340e-01,3.811015143339954170e-01,2.333396496946831711e+00,5.655668385789839547e+00,5.889579677607027601e-03
5.650000000000003908e-01,-9.509084291281705292e-01,3.867501952926754583e-01,2.368138260740454193e+00,5.641658716184259958e+00,5.900022181817565770e-03
5.660000000000003917e-01,-9.485229530646781537e-01,3.923847622002104574e-01,2.402800514893692174e+00,5.627440348683933280e+00,5.910464685959290927e-03
5.670000000000003926e-01,-9.461028550006873594e-01,3.980050065552841465e-01,2.437382062328114607e+00,5.613013677471220042e+00,5.920907190032081643e-03
5.680000000000003935e-01,-9.436482162409378649e-01,4.036107202538396499e-01,2.471881707211544210e+00,5.598379102883440872e+00,5.931349694035815620e-03
5.690000000000003944e-01,-9.411591192853689947e-01,4.092016955952372803e-01,2.506298254980737994e+00,5.583537031418509322e+00,5.941792197970371427e-03
5.700000000000003952e-01,-9.386356478278392590e-01,4.147777252884178312e-01,2.540630512364231652e+00,5.568487875740600224e+00,5.952234701835626765e-03
5.710000000000003961e-01,-9.360778867548232851e-01,4.203386024580718638e-01,2.574877287405355375e+00,5.553232054685861563e+00,5.962677205631461072e-03
5.720000000000003970e-01,-9.334859221440852117e-01,4.258841206508144350e-01,2.609037389485420633e+00,5.537769993268154778e+00,5.973119709357751182e-03
5.730000000000003979e-01,-9.308598412633293240e-01,4.314140738413657084e-01,2.643109629347081047e+00,5.522102122684829695e+00,5.983562213014375665e-03
5.740000000000003988e-01,-9.281997325688264855e-01,4.369282564387373946e-01,2.677092819117868228e+00,5.506228880322532326e+00,5.994004716601213090e-03
5.750000000000003997e-01,-9.255056857040179219e-01,4.424264632924248541e-01,2.710985772333906585e+00,5.490150709763038428e+00,6.004447220118142026e-03
5.760000000000004006e-01,-9.227777914980944685e-01,4.479084896986053610e-01,2.744787303963807990e+00,5.473868060789115475e+00,6.014889723565040175e-03
5.770000000000004015e-01,-9.200161419645520589e-01,4.533741314063417516e-01,2.778496230432748515e+00,5.457381389390404181e+00,6.025332226941785239e-03
5.780000000000004023e-01,-9.172208302997231222e-01,4.588231846237925127e-01,2.812111369646728587e+00,5.440691157769327546e+00,6.035774730248255789e-03
5.790000000000004032e-01,-9.143919508812834440e-01,4.642554460244273651e-01,2.845631541017021426e+00,5.423797834347014124e+00,6.046217233484330392e-03
5.800000000000004041e-01,-9.115295992667346026e-01,4.696707127532490089e-01,2.879055565484807122e+00,5.406701893769241707e+00,6.056659736649886751e-03
5.810000000000004050e-01,-9.086338721918617578e-01,4.750687824330206976e-01,2.912382265546000326e+00,5.389403816912393452e+00,6.067102239744803435e-03
5.820000000000004059e-01,-9.057048675691663497e-01,4.804494531704998628e-01,2.945610465276266243e+00,5.371904090889425554e+00,6.077544742768959014e-03
5.830000000000004068e-01,-9.027426844862737054e-01,4.858125235626776783e-01,2.978738990356234240e+00,5.354203209055848234e+00,6.087987245722231190e-03
5.840000000000004077e-01,-8.997474232043156661e-01,4.911577927030246205e-01,3.011766668096906407e+00,5.336301671015709402e+00,6.098429748604498532e-03
5.850000000000004086e-01,-8.967191851562871241e-01,4.964850601877419112e-01,3.044692327465263748e+00,5.318199982627585420e+00,6.108872251415638742e-03
5.860000000000004095e-01,-8.936580729453771355e-01,5.017941261220192350e-01,3.077514799110073973e+00,5.299898656010576303e+00,6.119314754155530389e-03
5.870000000000004103e-01,-8.905641903432744977e-01,5.070847911262980068e-01,3.110232915387900032e+00,5.281398209550293821e+00,6.129757256824051176e-03
5.880000000000004112e-01,-8.874376422884464599e-01,5.123568563425410227e-01,3.142845510389311592e+00,5.262699167904852260e+00,6.140199759421079671e-03
5.890000000000004121e-01,-8.842785348843916760e-01,5.176101234405080520e-01,3.175351419965304789e+00,5.243802062010852971e+00,6.150642261946494445e-03
5.900000000000004130e-01,-8.810869753978666230e-01,5.228443946240370899e-01,3.207749481753927601e+00,5.224707429089359145e+00,6.161084764400173198e-03
5.910000000000004139e-01,-8.778630722570850420e-01,5.280594726373318837e-01,3.240038535207114379e+00,5.205415812651857266e+00,6.171527266781994502e-03
5.920000000000004148e-01,-8.746069350498903994e-01,5.332551607712554542e-01,3.272217421617733546e+00,5.185927762506209682e+00,6.181969769091836056e-03
5.930000000000004157e-01,-8.713186745219015927e-01,5.384312628696292791e-01,3.304284984146845350e+00,5.166243834762588527e+00,6.192412271329576431e-03
5.940000000000004166e-01,-8.679984025746309007e-01,5.435875833355386932e-01,3.336240067851176772e+00,5.146364591839389213e+00,6.202854773495094197e-03
5.950000000000004174e-01,-8.646462322635743991e-01,5.487239271376439520e-01,3.368081519710810046e+00,5.126290602469121716e+00,6.213297275588267055e-03
5.960000000000004183e-01,-8.612622777962750664e-01,5.538400998164972888e-01,3.399808188657091890e+00,5.106022441704278769e+00,6.223739777608972706e-03
5.970000000000004192e-01,-8.578466545303568003e-01,5.589359074908658576e-01,3.431418925600761671e+00,5.085560690923175642e+00,6.234182279557090589e-03
5.980000000000004201e-01,-8.543994789715316784e-01,5.640111568640605588e-01,3.462912583460298954e+00,5.064905937835755267e+00,6.244624781432498405e-03
5.990000000000004210e-01,-8.509208687715771324e-01,5.690656552302704174e-01,3.494288017190496642e+00,5.044058776489366736e+00,6.255067283235073855e-03
6.000000000000004219e-01,-8.474109427262860317e-01,5.740992104809028440e-01,3.525544083811257057e+00,5.023019807274501147e+00,6.265509784964695510e-03
6.010000000000004228e-01,-8.438698207733863477e-01,5.791116311109296699e-01,3.556679642436614497e+00,5.001789636930487504e+00,6.275952286621241938e-03
6.020000000000004237e-01,-8.402976239904330624e-01,5.841027262252389551e-01,3.587693554303986065e+00,4.980368878551151290e+00,6.286394788204590842e-03
6.030000000000004245e-01,-8.366944745926696569e-01,5.890723055449921253e-01,3.618584682803649866e+00,4.958758151590420660e+00,6.296837289714620790e-03
6.040000000000004254e-01,-8.330604959308605117e-01,5.940201794139868818e-01,3.649351893508455902e+00,4.936958081867886428e+00,6.307279791151209486e-03
6.050000000000004263e-01,-8.293958124890934425e-01,5.989461588050255525e-01,3.679994054203768350e+00,4.914969301574311444e+00,6.317722292514235498e-03
6.060000000000004272e-01,-8.257005498825520373e-01,6.038500553262892145e-01,3.710510034917639643e+00,4.892792449277082234e+00,6.328164793803577395e-03
6.070000000000004281e-01,-8.219748348552579076e-01,6.087316812277169253e-01,3.740898707951222590e+00,4.870428169925601125e+00,6.338607295019112881e-03
6.080000000000004290e-01,-8.182187952777821849e-01,6.135908494073902819e-01,3.771158947909416526e+00,4.847877114856618874e+00,6.349049796160720523e-03
6.090000000000004299e-01,-8.144325601449262653e-01,6.184273734179235316e-01,3.801289631731751051e+00,4.825139941799503340e+00,6.359492297228278024e-03
6.100000000000004308e-01,-8.106162595733718002e-01,6.232410674728586786e-01,3.831289638723510027e+00,4.802217314881433552e+00,6.369934798221663953e-03
6.110000000000004317e-01,-8.067700247992992679e-01,6.280317464530661420e-01,3.861157850587094931e+00,4.779109904632530714e+00,6.380377299140756013e-03
6.120000000000004325e-01,-8.028939881759750152e-01,6.327992259131499653e-01,3.890893151453629351e+00,4.755818387990906615e+00,6.390819799985432773e-03
6.130000000000004334e-01,-7.989882831713065459e-01,6.375433220878582441e-01,3.920494427914806845e+00,4.732343448307637424e+00,6.401262300755572801e-03
6.140000000000004343e-01,-7.950530443653661683e-01,6.422638518984988831e-01,3.949960569054982606e+00,4.708685775351654890e+00,6.411704801451053801e-03
6.150000000000004352e-01,-7.910884074478820027e-01,6.469606329593594607e-01,3.979290466483509814e+00,4.684846065314551389e+00,6.422147302071754341e-03
6.160000000000004361e-01,-7.870945092156966805e-01,6.516334835841325335e-01,4.008483014367321573e+00,4.660825020815296149e+00,6.432589802617552123e-03
6.170000000000004370e-01,-7.830714875701935140e-01,6.562822227923453822e-01,4.037537109463761986e+00,4.636623350904860885e+00,6.443032303088325717e-03
6.180000000000004379e-01,-7.790194815146894713e-01,6.609066703157938649e-01,4.066451651153662361e+00,4.612241771070748619e+00,6.453474803483953692e-03
6.190000000000004388e-01,-7.749386311517950654e-01,6.655066466049817109e-01,4.095225541474670550e+00,4.587681003241419475e+00,6.463917303804313751e-03
6.200000000000004396e-01,-7.708290776807408262e-01,6.700819728355631444e-01,4.123857685154828090e+00,4.562941775790620547e+00,6.474359804049284461e-03
6.210000000000004405e-01,-7.666909633946697999e-01,6.746324709147908383e-01,4.152346989646397368e+00,4.538024823541601194e+00,6.484802304218743527e-03
6.220000000000004414e-01,-7.625244316778966303e-01,6.791579634879669758e-01,4.180692365159944579e+00,4.512930887771224420e+00,6.495244804312569516e-03
6.230000000000004423e-01,-7.583296270031318898e-01,6.836582739448991974e-01,4.208892724698673149e+00,4.487660716213960121e+00,6.505687304330640998e-03
6.240000000000004432e-01,-7.541066949286722165e-01,6.881332264263598786e-01,4.236946984093011181e+00,4.462215063065762877e+00,6.516129804272835675e-03
6.250000000000004441e-01,-7.498557820955557007e-01,6.925826458305498479e-01,4.264854062035453808e+00,4.436594688987825386e+00,6.526572304139032117e-03
6.260000000000004450e-01,-7.455770362246822991e-01,6.970063578195651033e-01,4.292612880115663110e+00,4.410800361110210233e+00,6.537014803929108026e-03
6.270000000000004459e-01,-7.412706061138990554e-01,7.014041888258677471e-01,4.320222362855819398e+00,4.384832853035349309e+00,6.547457303642941970e-03
6.280000000000004468e-01,-7.369366416350496829e-01,7.057759660587598072e-01,4.347681437746232724e+00,4.358692944841412675e+00,6.557899803280411652e-03
6.290000000000004476e-01,-7.325752937309886192e-01,7.101215175108607225e-01,4.374989035281213745e+00,4.332381423085537975e+00,6.568342302841395641e-03
6.300000000000004485e-01,-7.281867144125588887e-01,7.144406719645879367e-01,4.402144088995197713e+00,4.305899080806922186e+00,6.578784802325772507e-03
6.310000000000004494e-01,-7.237710567555339924e-01,7.187332589986401565e-01,4.429145535499129593e+00,4.279246717529765931e+00,6.589227301733419952e-03
6.320000000000004503e-01,-7.193284748975228293e-01,7.229991089944841631e-01,4.455992314517109421e+00,4.252425139266071241e+00,6.599669801064216544e-03
6.330000000000004512e-01,-7.148591240348383113e-01,7.272380531428436212e-01,4.482683368923296108e+00,4.225435158518285661e+00,6.610112300318039986e-03
6.340000000000004521e-01,-7.103631604193287874e-01,7.314499234501909974e-01,4.509217644779071499e+00,4.198277594281789149e+00,6.620554799494768848e-03
6.350000000000004530e-01,-7.058407413551718301e-01,7.356345527452415878e-01,4.535594091370465542e+00,4.170953272047223770e+00,6.630997298594281698e-03
6.360000000000004539e-01,-7.012920251956311635e-01,7.397917746854497656e-01,4.561811661245840810e+00,4.143463023802652856e+00,6.641439797616456239e-03
6.370000000000004547e-01,-6.967171713397750654e-01,7.439214237635075611e-01,4.587869310253839927e+00,4.115807688035556744e+00,6.651882296561171040e-03
6.380000000000004556e-01,-6.921163402291571343e-01,7.480233353138449059e-01,4.613765997581593226e+00,4.087988109734653541e+00,6.662324795428303803e-03
6.390000000000004565e-01,-6.874896933444585301e-01,7.520973455191318768e-01,4.639500685793189305e+00,4.060005140391544032e+00,6.672767294217733097e-03
6.400000000000004574e-01,-6.828373932020919135e-01,7.561432914167821595e-01,4.665072340868406719e+00,4.031859638002172730e+00,6.683209792929336625e-03
6.410000000000004583e-01,-6.781596033507658605e-01,7.601610109054581788e-01,4.690479932241706784e+00,4.003552467068107745e+00,6.693652291562992955e-03
6.420000000000004592e-01,-6.734564883680109748e-01,7.641503427515770053e-01,4.715722432841490175e+00,3.975084498597625693e+00,6.704094790118580657e-03
6.430000000000004601e-01,-6.687282138566658096e-01,7.681111265958178169e-01,4.740798819129616426e+00,3.946456610106609197e+00,6.714537288595977434e-03
6.440000000000004610e-01,-6.639749464413240432e-01,7.720432029596299150e-01,4.765708071141181001e+00,3.917669685619241893e+00,6.724979786995061853e-03
6.450000000000004619e-01,-6.591968537647407977e-01,7.759464132517409629e-01,4.790449172524559707e+00,3.888724615668502249e+00,6.735422285315711619e-03
6.460000000000004627e-01,-6.543941044841994348e-01,7.798205997746661122e-01,4.815021110581712449e+00,3.859622297296452675e+00,6.745864783557805298e-03
6.470000000000004636e-01,-6.495668682678376049e-01,7.836656057312173518e-01,4.839422876308748123e+00,3.830363634054314126e+00,6.756307281721221462e-03
6.480000000000004645e-01,-6.447153157909328858e-01,7.874812752310121899e-01,4.863653464436755058e+00,3.800949536002329765e+00,6.766749779805837813e-03
6.490000000000004654e-01,-6.398396187321471196e-01,7.912674532969830032e-01,4.887711873472886381e+00,3.771380919709404367e+00,6.777192277811532918e-03
6.500000000000004663e-01,-6.349399497697297834e-01,7.950239858718849417e-01,4.911597105741712710e+00,3.741658708252524779e+00,6.787634775738184481e-03
6.510000000000004672e-01,-6.300164825776796151e-01,7.987507198248039453e-01,4.935308167426832426e+00,3.711783831215947238e+00,6.798077273585671071e-03
6.520000000000004681e-01,-6.250693918218649392e-01,8.024475029576635388e-01,4.958844068612742184e+00,3.681757224690155539e+00,6.808519771353871257e-03
6.530000000000004690e-01,-6.200988531561015815e-01,8.061141840117300728e-01,4.982203823326968539e+00,3.651579831270579835e+00,6.818962269042662741e-03
6.540000000000004698e-01,-6.151050432181885963e-01,8.097506126741174093e-01,5.005386449582457153e+00,3.621252600056074300e+00,6.829404766651924093e-03
6.550000000000004707e-01,-6.100881396259016931e-01,8.133566395842890540e-01,5.028390969420224010e+00,3.590776486647147880e+00,6.839847264181533014e-03
6.560000000000004716e-01,-6.050483209729436984e-01,8.169321163405591779e-01,5.051216408952260650e+00,3.560152453143946349e+00,6.850289761631368074e-03
6.570000000000004725e-01,-5.999857668248518294e-01,8.204768955065909752e-01,5.073861798404700529e+00,3.529381468143976797e+00,6.860732259001306975e-03
6.580000000000004734e-01,-5.949006577148621133e-01,8.239908306178925779e-01,5.096326172161238510e+00,3.498464506739573210e+00,6.871174756291228286e-03
6.590000000000004743e-01,-5.897931751397299527e-01,8.274737761883109721e-01,5.118608568806810588e+00,3.467402550515097381e+00,6.881617253501010577e-03
6.600000000000004752e-01,-5.846635015555068371e-01,8.309255877165220294e-01,5.140708031171524972e+00,3.436196587543871583e+00,6.892059750630531549e-03
6.610000000000004761e-01,-5.795118203732732010e-01,8.343461216925183166e-01,5.162623606374848961e+00,3.404847612384836353e+00,6.902502247679669772e-03
6.620000000000004770e-01,-5.743383159548268724e-01,8.377352356040923542e-01,5.184354345870051617e+00,3.373356626078932052e+00,6.912944744648302949e-03
6.630000000000004778e-01,-5.691431736083267801e-01,8.410927879433170995e-01,5.205899305488892459e+00,3.341724636145195770e+00,6.923387241536309647e-03
6.640000000000004787e-01,-5.639265795838921402e-01,8.444186382130219881e-01,5.227257545486567736e+00,3.309952656576570895e+00,6.933829738343568437e-03
6.650000000000004796e-01,-5.586887210691564576e-01,8.477126469332643133e-01,5.248428130586903606e+00,3.278041707835425811e+00,6.944272235069957021e-03
6.660000000000004805e-01,-5.534297861847763400e-01,8.509746756477966079e-01,5.269410130027798012e+00,3.245992816848774609e+00,6.954714731715353968e-03
6.670000000000004814e-01,-5.481499639798941281e-01,8.542045869305285866e-01,5.290202617606910351e+00,3.213807017003197153e+00,6.965157228279636979e-03
6.680000000000004823e-01,-5.428494444275557829e-01,8.574022443919840919e-01,5.310804671727600734e+00,3.181485348139452274e+00,6.975599724762684625e-03
6.690000000000004832e-01,-5.375284184200815885e-01,8.605675126857523782e-01,5.331215375445109039e+00,3.149028856546779664e+00,6.986042221164374608e-03
6.700000000000004841e-01,-5.321870777643914474e-01,8.637002575149338446e-01,5.351433816512980890e+00,3.116438594956887798e+00,6.996484717484585496e-03
6.710000000000004849e-01,-5.268256151772831020e-01,8.668003456385789951e-01,5.371459087429734325e+00,3.083715622537619439e+00,7.006927213723195859e-03
6.720000000000004858e-01,-5.214442242806638372e-01,8.698676448781217374e-01,5.391290285485767164e+00,3.050861004886294303e+00,7.017369709880083399e-03
6.730000000000004867e-01,-5.160430995967347778e-01,8.729020241238050204e-01,5.410926512810503297e+00,3.017875814022719538e+00,7.027812205955126686e-03
6.740000000000004876e-01,-5.106224365431285550e-01,8.759033533410996997e-01,5.430366876419777888e+00,2.984761128381866246e+00,7.038254701948203421e-03
6.750000000000004885e-01,-5.051824314279987904e-01,8.788715035771161865e-01,5.449610488263452623e+00,2.951518032806208058e+00,7.048697197859192173e-03
6.760000000000004894e-01,-4.997232814450623950e-01,8.818063469670076593e-01,5.468656465273272538e+00,2.918147618537713317e+00,7.059139693687971513e-03
6.770000000000004903e-01,-4.942451846685935735e-01,8.847077567403656140e-01,5.487503929410945780e+00,2.884650983209489539e+00,7.069582189434419142e-03
6.780000000000004912e-01,-4.887483400483696450e-01,8.875756072276066444e-01,5.506152007716460517e+00,2.851029230837074824e+00,7.080024685098413630e-03
6.790000000000004921e-01,-4.832329474045686246e-01,8.904097738663502293e-01,5.524599832356625662e+00,2.817283471809367779e+00,7.090467180679832677e-03
6.800000000000004929e-01,-4.776992074226180107e-01,8.932101332077876377e-01,5.542846540673838973e+00,2.783414822879197725e+00,7.100909676178554855e-03
6.810000000000004938e-01,-4.721473216479947221e-01,8.959765629230407313e-01,5.560891275235074538e+00,2.749424407153524097e+00,7.111352171594458732e-03
6.820000000000004947e-01,-4.665774924809758528e-01,8.987089418095112192e-01,5.578733183881100288e+00,2.715313354083263242e+00,7.121794666927422010e-03
6.830000000000004956e-01,-4.609899231713402989e-01,9.014071497972193647e-01,5.596371419775903355e+00,2.681082799452738641e+00,7.132237162177323259e-03
6.840000000000004965e-01,-4.553848178130206481e-01,9.040710679551319240e-01,5.613805141456341019e+00,2.646733885368747430e+00,7.142679657344040180e-03
6.850000000000004974e-01,-4.497623813387054414e-01,9.067005784974789817e-01,5.631033512882003045e+00,2.612267760249238790e+00,7.153122152427451343e-03
6.860000000000004983e-01,-4.441228195143914759e-01,9.092955647900592409e-01,5.648055703485283630e+00,2.577685578811601541e+00,7.163564647427434449e-03
6.870000000000004992e-01,-4.384663389338857020e-01,9.118559113565334329e-01,5.664870888221664735e+00,2.542988502060554268e+00,7.174007142343868070e-03
6.880000000000005000e-01,-4.327931470132570513e-01,9.143815038847056265e-01,5.681478247620204591e+00,2.508177697275632223e+00,7.184449637176630772e-03
6.890000000000005009e-01,-4.271034519852375255e-01,9.168722292327913248e-01,5.697876967834233142e+00,2.473254337998268770e+00,7.194892131925600259e-03
6.900000000000005018e-01,-4.213974628935724387e-01,9.193279754356730171e-01,5.714066240692242893e+00,2.438219604018465603e+00,7.205334626590655100e-03
6.910000000000005027e-01,-4.156753895873197546e-01,9.217486317111416305e-01,5.730045263748984929e+00,2.403074681361045073e+00,7.215777121171672998e-03
6.920000000000005036e-01,-4.099374427150981881e-01,9.241340884661245481e-01,5.745813240336754113e+00,2.367820762271481971e+00,7.226219615668532520e-03
6.930000000000005045e-01,-4.041838337192839581e-01,9.264842373028988609e-01,5.761369379616868791e+00,2.332459045201310310e+00,7.236662110081112237e-03
6.940000000000005054e-01,-3.984147748301559711e-01,9.287989710252899656e-01,5.776712896631340577e+00,2.296990734793098454e+00,7.247104604409289851e-03
6.950000000000005063e-01,-3.926304790599891015e-01,9.310781836448548399e-01,5.791843012354730647e+00,2.261417041864987709e+00,7.257547098652943930e-03
6.960000000000005071e-01,-3.868311601970957359e-01,9.333217703870498871e-01,5.806758953746184559e+00,2.225739183394793042e+00,7.267989592811952178e-03
6.970000000000005080e-01,-3.810170327998150808e-01,9.355296276973823488e-01,5.821459953801653597e+00,2.189958382503656598e+00,7.278432086886193163e-03
6.980000000000005089e-01,-3.751883121904501239e-01,9.377016532475453969e-01,5.835945251606283968e+00,2.154075868439251806e+00,7.288874580875545454e-03
6.990000000000005098e-01,-3.693452144491523037e-01,9.398377459415356849e-01,5.850214092386988085e+00,2.118092876558534066e+00,7.299317074779886755e-03
7.000000000000005107e-01,-3.634879564077532765e-01,9.419378059217544674e-01,5.864265727565175723e+00,2.082010648310030465e+00,7.309759568599094766e-03
7.010000000000005116e-01,-3.576167556435439487e-01,9.440017345750894018e-01,5.878099414809658363e+00,2.045830431215666323e+00,7.320202062333048924e-03
7.020000000000005125e-01,-3.517318304730006062e-01,9.460294345389793635e-01,5.891714418089709859e+00,2.009553478852122765e+00,7.330644555981626932e-03
7.030000000000005134e-01,-3.458333999454579200e-01,9.480208097074590556e-01,5.905110007728288757e+00,1.973181050831721572e+00,7.341087049544706492e-03
7.040000000000005143e-01,-3.399216838367284943e-01,9.499757652371852990e-01,5.918285460455416036e+00,1.936714412782830630e+00,7.351529543022166172e-03
7.050000000000005151e-01,-3.339969026426691245e-01,9.518942075534430058e-01,5.931240059461696745e+00,1.900154836329787322e+00,7.361972036413884542e-03
7.060000000000005160e-01,-3.280592775726933197e-01,9.537760443561308366e-01,5.943973094451996175e+00,1.863503599072334982e+00,7.372414529719739304e-03
7.070000000000005169e-01,-3.221090305432301459e-01,9.556211846257260945e-01,5.956483861699254589e+00,1.826761984564566177e+00,7.382857022939609028e-03
7.080000000000005178e-01,-3.161463841711292244e-01,9.574295386292284160e-01,5.968771664098437846e+00,1.789931282293370618e+00,7.393299516073371415e-03
7.090000000000005187e-01,-3.101715617670117164e-01,9.592010179260815894e-01,5.980835811220627463e+00,1.753012787656380578e+00,7.403742009120905035e-03
7.100000000000005196e-01,-3.041847873285670190e-01,9.609355353740729466e-01,5.992675619367236806e+00,1.716007801939412269e+00,7.414184502082088457e-03
7.110000000000005205e-01,-2.981862855337953366e-01,9.626330051352102180e-01,6.004290411624354284e+00,1.678917632293394968e+00,7.424626994956799383e-03
7.120000000000005214e-01,-2.921762817341957419e-01,9.642933426815748499e-01,6.015679517917204677e+00,1.641743591710786987e+00,7.435069487744915516e-03
7.130000000000005222e-01,-2.861550019478997786e-01,9.659164648011513421e-01,6.026842275064732135e+00,1.604486999001471847e+00,7.445511980446316291e-03
7.140000000000005231e-01,-2.801226728527504428e-01,9.675022896036327147e-01,6.037778026834288880e+00,1.567149178768129980e+00,7.455954473060879412e-03
7.150000000000005240e-01,-2.740795217793262628e-01,9.690507365262004402e-01,6.048486123996435815e+00,1.529731461381084179e+00,7.466396965588482579e-03
7.160000000000005249e-01,-2.680257767039108119e-01,9.705617263392796179e-01,6.058965924379842605e+00,1.492235182952610373e+00,7.476839458029004362e-03
7.170000000000005258e-01,-2.619616662414069319e-01,9.720351811522676133e-01,6.069216792926288129e+00,1.454661685310713271e+00,7.487281950382323331e-03
7.180000000000005267e-01,-2.558874196381962784e-01,9.734710244192364970e-01,6.079238101745749745e+00,1.417012315972359993e+00,7.497724442648317188e-03
7.190000000000005276e-01,-2.498032667649434380e-01,9.748691809446085044e-01,6.089029230171582263e+00,1.379288428116168141e+00,7.508166934826864501e-03
7.200000000000005285e-01,-2.437094381093448670e-01,9.762295768888036296e-01,6.098589564815780406e+00,1.341491380554544977e+00,7.518609426917842974e-03
7.210000000000005294e-01,-2.376061647688226808e-01,9.775521397738594631e-01,6.107918499624315878e+00,1.303622537705271478e+00,7.529051918921131174e-03
7.220000000000005302e-01,-2.314936784431629591e-01,9.788367984890219420e-01,6.117015435932548151e+00,1.265683269562529079e+00,7.539494410836607673e-03
7.230000000000005311e-01,-2.253722114270985954e-01,9.800834832963072341e-01,6.125879782520702754e+00,1.227674951667364178e+00,7.549936902664150171e-03
7.240000000000005320e-01,-2.192419966028367195e-01,9.812921258360333132e-01,6.134510955669409071e+00,1.189598965077585557e+00,7.560379394403637238e-03
7.250000000000005329e-01,-2.131032674325304410e-01,9.824626591323215585e-01,6.142908379215294090e+00,1.151456696337092023e+00,7.570821886054946576e-03
7.260000000000005338e-01,-2.069562579506950550e-01,9.835950175985674893e-01,6.151071484606627671e+00,1.113249537444625403e+00,7.581264377617956754e-03
7.270000000000005347e-01,-2.008012027565685975e-01,9.846891370428793033e-01,6.158999710959012219e+00,1.074978885821944896e+00,7.591706869092546342e-03
7.280000000000005356e-01,-1.946383370064165841e-01,9.857449546734852186e-01,6.166692505111108780e+00,1.036646144281419213e+00,7.602149360478593042e-03
7.290000000000005365e-01,-1.884678964057811268e-01,9.867624091041072854e-01,6.174149321680399538e+00,9.982527209930326384e-01,7.612591851775975423e-03
7.300000000000005373e-01,-1.822901172016741789e-01,9.877414403593024472e-01,6.181369623118975198e+00,9.598000294508003405e-01,7.623034342984571186e-03
7.310000000000005382e-01,-1.761052361747150741e-01,9.886819898797692963e-01,6.188352879769345449e+00,9.212894884385905980e-01,7.633476834104258903e-03
7.320000000000005391e-01,-1.699134906312121385e-01,9.895840005276209661e-01,6.195098569920260978e+00,8.827225219953486191e-01,7.643919325134916273e-03
7.330000000000005400e-01,-1.637151183951885969e-01,9.904474165916222761e-01,6.201606179862549695e+00,8.441005593797197282e-01,7.654361816076422735e-03
7.340000000000005409e-01,-1.575103578003524962e-01,9.912721837923914592e-01,6.207875203944949405e+00,8.054250350340670384e-01,7.664804306928655123e-03
7.350000000000005418e-01,-1.512994476820109790e-01,9.920582492875659186e-01,6.213905144629943145e+00,7.666973885478809425e-01,7.675246797691492005e-03
7.360000000000005427e-01,-1.450826273689285184e-01,9.928055616769305702e-01,6.219695512549581196e+00,7.279190646205764281e-01,7.685689288364811952e-03
7.370000000000005436e-01,-1.388601366751295585e-01,9.935140710075089920e-01,6.225245826561285334e+00,6.890915130236744401e-01,7.696131778948493533e-03
7.380000000000005445e-01,-1.326322158916451444e-01,9.941837287786162713e-01,6.230555613803634429e+00,6.502161885623650717e-01,7.706574269442414450e-03
7.390000000000005453e-01,-1.263991057782039573e-01,9.948144879468733270e-01,6.235624409752118069e+00,6.112945510364478086e-01,7.717016759846452405e-03
7.400000000000005462e-01,-1.201610475548674922e-01,9.954063029311817079e-01,6.240451758274851102e+00,5.723280652006466074e-01,7.727459250160485967e-03
7.410000000000005471e-01,-1.139182828936096403e-01,9.959591296176584230e-01,6.245037211688252654e+00,5.333182007242956990e-01,7.737901740384393705e-03
7.420000000000005480e-01,-1.076710539098405389e-01,9.964729253645299156e-01,6.249380330812666529e+00,4.942664321503939528e-01,7.748344230518054189e-03
7.430000000000005489e-01,-1.014196031538748544e-01,9.969476490069852925e-01,6.253480685027933639e+00,4.551742388540236384e-01,7.758786720561345121e-03
7.440000000000005498e-01,-9.516417360234455391e-02,9.973832608619871420e-01,6.257337852328892502e+00,4.160431050001315301e-01,7.769229210514144203e-03
7.450000000000005507e-01,-8.890500864955613869e-02,9.977797227330401642e-01,6.260951419380814009e+00,3.768745195006686921e-01,7.779671700376330004e-03
7.460000000000005516e-01,-8.264235209879255972e-02,9.981369979149163907e-01,6.264320981574757141e+00,3.376699759710863336e-01,7.790114190147781094e-03
7.470000000000005524e-01,-7.637644815355980332e-02,9.984550511983366627e-01,6.267446143082840315e+00,2.984309726861850143e-01,7.800556679828375174e-03
7.480000000000005533e-01,-7.010754140877818730e-02,9.987338488746076992e-01,6.270326516913416803e+00,2.591590125353141483e-01,7.810999169417990814e-03
7.490000000000005542e-01,-6.383587684191861789e-02,9.989733587402138681e-01,6.272961724966154229e+00,2.198556029769194731e-01,7.821441658916506584e-03
7.500000000000005551e-01,-5.756169980408377268e-02,9.991735501013634391e-01,6.275351398087004817e+00,1.805222559924356540e-01,7.831884148323800185e-03
7.510000000000005560e-01,-5.128525601103436915e-02,9.993343937784880948e-01,6.277495176123061071e+00,1.411604880395215256e-01,7.842326637639750186e-03
7.520000000000005569e-01,-4.500679153416063671e-02,9.994558621106954810e-01,6.279392707977290655e+00,1.017718200046357768e-01,7.852769126864233423e-03
7.530000000000005578e-01,-3.872655279139916584e-02,9.995379289601742379e-01,6.281043651663136274e+00,6.235777715495029183e-02,7.863211615997130199e-03
7.540000000000005587e-01,-3.244478653809515500e-02,9.995805697165501824e-01,6.282447674358984102e+00,2.291988908959923660e-02,7.873654105038317350e-03
7.550000000000005596e-01,-2.616173985781030178e-02,9.995837613011937517e-01,6.283604452462482115e+00,-1.654031030973848737e-02,7.884096593987673443e-03
7.560000000000005604e-01,-1.987766015307645615e-02,9.995474821714772640e-01,6.284513671644705646e+00,-5.602128292892545602e-02,7.894539082845077049e-03
7.570000000000005613e-01,-1.359279513609516418e-02,9.994717123249825530e-01,6.285175026904164852e+00,-9.552148647212269084e-02,7.904981571610405003e-03
7.580000000000005622e-01,-7.307392819383313164e-03,9.993564333036566438e-01,6.285588222620637211e+00,-1.350393745132192902e-01,7.915424060283537608e-03
7.590000000000005631e-01,-1.021701506365007076e-03,9.992016281979161363e-01,6.285752972608825928e+00,-1.745733965479365213e-01,7.925866548864351699e-03
7.600000000000005640e-01,5.264030218090098336e-03,9.990072816506989639e-01,6.285669000171831833e+00,-2.141219980466083084e-01,7.936309037352725845e-03
7.610000000000005649e-01,1.154955349718185878e-02,9.987733798614633063e-01,6.285336038154430760e+00,-2.536836205076394846e-01,7.946751525748538617e-03
7.620000000000005658e-01,1.783461921174786524e-02,9.984999105901322114e-01,6.284753828996150204e+00,-2.932567015116437359e-01,7.957194014051666847e-03
7.630000000000005667e-01,2.411897798988464625e-02,9.981868631609842613e-01,6.283922124784133700e+00,-3.328396747762624175e-01,7.967636502261990841e-03
7.640000000000005675e-01,3.040238021662163004e-02,9.978342284664888373e-01,6.282840687305785821e+00,-3.724309702116658238e-01,7.978078990379387433e-03
7.650000000000005684e-01,3.668457604364763064e-02,9.974419989710855416e-01,6.281509288101191579e+00,-4.120290139767379678e-01,7.988521478403735193e-03
7.660000000000005693e-01,4.296531539908964026e-02,9.970101687149068859e-01,6.279927708515300466e+00,-4.516322285359465893e-01,7.998963966334910955e-03
7.670000000000005702e-01,4.924434799734367374e-02,9.965387333174442475e-01,6.278095739749860016e+00,-4.912390327168986159e-01,8.009406454172795023e-03
7.680000000000005711e-01,5.552142334895746045e-02,9.960276899811557616e-01,6.276013182915105126e+00,-5.308478417685829065e-01,8.019848941917264232e-03
7.690000000000005720e-01,6.179629077056462277e-02,9.954770374950150380e-01,6.273679849081175597e+00,-5.704570674203005565e-01,8.030291429568197151e-03
7.700000000000005729e-01,6.806869939487021626e-02,9.948867762380017021e-01,6.271095559329271651e+00,-6.100651179412840408e-01,8.040733917125472349e-03
7.710000000000005738e-01,7.433839818068722904e-02,9.942569081825309851e-01,6.268260144802524358e+00,-6.496703982010054723e-01,8.051176404588968397e-03
7.720000000000005747e-01,8.060513592302381847e-02,9.935874368978230287e-01,6.265173446756577391e+00,-6.892713097301745862e-01,8.061618891958562128e-03
7.730000000000005755e-01,8.686866126322104198e-02,9.928783675532111275e-01,6.261835316609876578e+00,-7.288662507824270609e-01,8.072061379234133846e-03
7.740000000000005764e-01,9.312872269914061751e-02,9.921297069213874664e-01,6.258245615993645927e+00,-7.684536163967036204e-01,8.082503866415560387e-03
7.750000000000005773e-01,9.938506859540258143e-02,9.913414633815863519e-01,6.254404216801552785e+00,-8.080317984603198056e-01,8.092946353502720319e-03
7.760000000000005782e-01,1.056374471936724346e-01,9.905136469227041607e-01,6.250311001239047926e+00,-8.475991857727266376e-01,8.103388840495490478e-03
7.770000000000005791e-01,1.118856066229974716e-01,9.896462691463546735e-01,6.245965861872369906e+00,-8.871541641099625064e-01,8.113831327393751167e-03
7.780000000000005800e-01,1.181292949101918899e-01,9.887393432698605711e-01,6.241368701677207476e+00,-9.266951162897957284e-01,8.124273814197379220e-03
7.790000000000005809e-01,1.243682599902704439e-01,9.877928841291782058e-01,6.236519434087012037e+00,-9.662204222375577745e-01,8.134716300906253209e-03
7.800000000000005818e-01,1.306022497169302132e-01,9.868069081817572030e-01,6.231417983040942410e+00,-1.005728459052666723e+00,8.145158787520251700e-03
7.810000000000005826e-01,1.368310118730801661e-01,9.857814335093328939e-01,6.226064283031447211e+00,-1.045217601075841163e+00,8.155601274039253265e-03
7.820000000000005835e-01,1.430542941814179903e-01,9.847164798206508030e-01,6.220458279151459102e+00,-1.084686219957001763e+00,8.166043760463134737e-03
7.830000000000005844e-01,1.492718443150541086e-01,9.836120684541234116e-01,6.214599927141205349e+00,-1.124132684723863074e+00,8.176486246791774687e-03
7.840000000000005853e-01,1.554834099081821297e-01,9.824682223804178660e-01,6.208489193434615139e+00,-1.163555361851212222e+00,8.186928733025051683e-03
7.850000000000005862e-01,1.616887385667956922e-01,9.812849662049737409e-01,6.202126055205320121e+00,-1.202952615330874719e+00,8.197371219162844294e-03
7.860000000000005871e-01,1.678875778794508833e-01,9.800623261704508593e-01,6.195510500412237498e+00,-1.242322806742364616e+00,8.207813705205031091e-03
7.870000000000005880e-01,1.740796754280741765e-01,9.788003301591060579e-01,6.188642527844725016e+00,-1.281664295324221436e+00,8.218256191151488907e-03
7.880000000000005889e-01,1.802647787988153061e-01,9.774990076950982321e-01,6.181522147167296310e+00,-1.320975438046027906e+00,8.228698677002098047e-03
7.890000000000005898e-01,1.864426355929445223e-01,9.761583899467206615e-01,6.174149378963893930e+00,-1.360254589681110682e+00,8.239141162756735345e-03
7.900000000000005906e-01,1.926129934377940611e-01,9.747785097285610600e-01,6.166524254781700520e+00,-1.399500102879920771e+00,8.249583648415277637e-03
7.910000000000005915e-01,1.987755999977429688e-01,9.733594015035872404e-01,6.158646817174488142e+00,-1.438710328244091841e+00,8.260026133977605226e-03
7.920000000000005924e-01,2.049302029852453355e-01,9.719011013851587277e-01,6.150517119745487982e+00,-1.477883614401175549e+00,8.270468619443594946e-03
7.930000000000005933e-01,2.110765501719008008e-01,9.704036471389630991e-01,6.142135227189779556e+00,-1.517018308080051003e+00,8.280911104813127102e-03
7.940000000000005942e-01,2.172143893995675534e-01,9.688670781848767177e-01,6.133501215336178092e+00,-1.556112754187006342e+00,8.291353590086076794e-03
7.950000000000005951e-01,2.233434685915166862e-01,9.672914355987489721e-01,6.124615171188619200e+00,-1.595165295882490675e+00,8.301796075262324326e-03
7.960000000000005960e-01,2.294635357636278516e-01,9.656767621141095770e-01,6.115477192967031961e+00,-1.634174274658533932e+00,8.312238560341748267e-03
7.970000000000005969e-01,2.355743390356254685e-01,9.640231021237979370e-01,6.106087390147680871e+00,-1.673138030416830180e+00,8.322681045324225452e-03
7.980000000000005977e-01,2.416756266423549793e-01,9.623305016815139057e-01,6.096445883502978447e+00,-1.712054901547485741e+00,8.333123530209634450e-03
7.990000000000005986e-01,2.477671469450987152e-01,9.605990085032902748e-01,6.086552805140748923e+00,-1.750923225008424566e+00,8.343566014997853830e-03
8.000000000000005995e-01,2.538486484429307022e-01,9.588286719688844384e-01,6.076408298542941289e+00,-1.789741336405451966e+00,8.354008499688762163e-03
8.010000000000006004e-01,2.599198797841098529e-01,9.570195431230906769e-01,6.066012518603775661e+00,-1.828507570072970045e+00,8.364450984282238016e-03
8.020000000000006013e-01,2.659805897775111561e-01,9.551716746769703947e-01,6.055365631667315007e+00,-1.867220259155345508e+00,8.374893468778158226e-03
8.030000000000006022e-01,2.720305274040940025e-01,9.532851210090017569e-01,6.044467815564456004e+00,-1.905877735688921826e+00,8.385335953176401361e-03
8.040000000000006031e-01,2.780694418284073155e-01,9.513599381661460574e-01,6.033319259649322142e+00,-1.944478330684676681e+00,8.395778437476845990e-03
8.050000000000006040e-01,2.840970824101306524e-01,9.493961838648317109e-01,6.021920164835053768e+00,-1.983020374211517778e+00,8.406220921679370683e-03
8.060000000000006048e-01,2.901131987156508885e-01,9.473939174918541983e-01,6.010270743628987944e+00,-2.021502195480215480e+00,8.416663405783852275e-03
8.070000000000006057e-01,2.961175405296738172e-01,9.453532001051920819e-01,5.998371220167208584e+00,-2.059922122927965393e+00,8.427105889790171070e-03
8.080000000000006066e-01,3.021098578668698353e-01,9.432740944347381973e-01,5.986221830248468656e+00,-2.098278484303580438e+00,8.437548373698203902e-03
8.090000000000006075e-01,3.080899009835532665e-01,9.411566648829449155e-01,5.973822821367465785e+00,-2.136569606753305539e+00,8.447990857507829340e-03
8.100000000000006084e-01,3.140574203893947702e-01,9.390009775253836954e-01,5.961174452747465935e+00,-2.174793816907250488e+00,8.458433341218924220e-03
8.110000000000006093e-01,3.200121668591658919e-01,9.368071001112175944e-01,5.948276995372260956e+00,-2.212949440966438086e+00,8.468875824831368845e-03
8.120000000000006102e-01,3.259538914445153091e-01,9.345751020635868489e-01,5.935130732017459110e+00,-2.251034804790462029e+00,8.479318308345040051e-03
8.130000000000006111e-01,3.318823454857759980e-01,9.323050544799060813e-01,5.921735957281088147e+00,-2.289048233985747860e+00,8.489760791759816405e-03
8.140000000000006120e-01,3.377972806238026537e-01,9.299970301320729105e-01,5.908092977613504715e+00,-2.326988053994416106e+00,8.500203275075576478e-03
8.150000000000006128e-01,3.436984488118386416e-01,9.276511034665878563e-01,5.894202111346606543e+00,-2.364852590183737391e+00,8.510645758292198840e-03
8.160000000000006137e-01,3.495856023274119817e-01,9.252673506045839824e-01,5.880063688722328763e+00,-2.402640167936178184e+00,8.521088241409560324e-03
8.170000000000006146e-01,3.554584937842591996e-01,9.228458493417667219e-01,5.865678051920417246e+00,-2.440349112740030080e+00,8.531530724427539500e-03
8.180000000000006155e-01,3.613168761442768218e-01,9.203866791482622212e-01,5.851045555085474525e+00,-2.477977750280615954e+00,8.541973207346014937e-03
8.190000000000006164e-01,3.671605027294992940e-01,9.178899211683745341e-01,5.836166564353261421e+00,-2.515524406532069879e+00,8.552415690164865206e-03
8.200000000000006173e-01,3.729891272341032127e-01,9.153556582202508896e-01,5.821041457876246383e+00,-2.552987407849681478e+00,8.562858172883968874e-03
8.210000000000006182e-01,3.788025037364362579e-01,9.127839747954538119e-01,5.805670625848398103e+00,-2.590365081062803387e+00,8.573300655503202777e-03
8.220000000000006191e-01,3.846003867110709407e-01,9.101749570584404259e-01,5.790054470529207187e+00,-2.627655753568308050e+00,8.583743138022445485e-03
8.230000000000006199e-01,3.903825310408816640e-01,9.075286928459483926e-01,5.774193406266924455e+00,-2.664857753424595632e+00,8.594185620441577300e-03
8.240000000000006208e-01,3.961486920291449332e-01,9.048452716662864770e-01,5.758087859521014096e+00,-2.701969409446142389e+00,8.604628102760473324e-03
8.250000000000006217e-01,4.018986254116612700e-01,9.021247846985316343e-01,5.741738268883807450e+00,-2.738989051298581057e+00,8.615070584979013860e-03
8.260000000000006226e-01,4.076320873688988322e-01,8.993673247916296187e-01,5.725145085101345899e+00,-2.775915009594309701e+00,8.625513067097075742e-03
8.270000000000006235e-01,4.133488345381569062e-01,8.965729864634004453e-01,5.708308771093411949e+00,-2.812745615988621939e+00,8.635955549114539276e-03
8.280000000000006244e-01,4.190486240257495498e-01,8.937418658994471521e-01,5.691229801972728097e+00,-2.849479203276348294e+00,8.646398031031281295e-03
8.290000000000006253e-01,4.247312134192076649e-01,8.908740609519676390e-01,5.673908665063323475e+00,-2.886114105489003379e+00,8.656840512847178634e-03
8.300000000000006262e-01,4.303963607994992224e-01,8.879696711384692520e-01,5.656345859918051389e+00,-2.922648657992432231e+00,8.667282994562111598e-03
8.310000000000006271e-01,4.360438247532663625e-01,8.850287976403856671e-01,5.638541898335258651e+00,-2.959081197584946477e+00,8.677725476175957020e-03
8.320000000000006279e-01,4.416733643850789814e-01,8.820515433015947426e-01,5.620497304374587166e+00,-2.995410062595943224e+00,8.688167957688593471e-03
8.330000000000006288e-01,4.472847393297035290e-01,8.790380126268382277e-01,5.602212614371902433e+00,-3.031633592984998238e+00,8.698610439099899519e-03
8.340000000000006297e-01,4.528777097643863492e-01,8.759883117800416619e-01,5.583688376953346300e+00,-3.067750130441426304e+00,8.709052920409753734e-03
8.350000000000006306e-01,4.584520364211505106e-01,8.729025485825347985e-01,5.564925153048494444e+00,-3.103758018484298997e+00,8.719495401618034686e-03
8.360000000000006315e-01,4.640074805991055706e-01,8.697808325111716643e-01,5.545923515902615009e+00,-3.139655602562912762e+00,8.729937882724619208e-03
8.370000000000006324e-01,4.695438041767689419e-01,8.666232746963496991e-01,5.526684051088024852e+00,-3.175441230157698413e+00,8.740380363729385871e-03
8.380000000000006333e-01,4.750607696243983047e-01,8.634299879199283101e-01,5.507207356514523866e+00,-3.211113250881562298e+00,8.750822844632213243e-03
8.390000000000006342e-01,4.805581400163339012e-01,8.602010866130451738e-01,5.487494042438908259e+00,-3.246670016581651996e+00,8.761265325432979895e-03
8.400000000000006350e-01,4.860356790433497665e-01,8.569366868538312865e-01,5.467544731473549469e+00,-3.282109881441535038e+00,8.771707806131562660e-03
8.410000000000006359e-01,4.914931510250134528e-01,8.536369063650232070e-01,5.447360058594030718e+00,-3.317431202083784836e+00,8.782150286727841842e-03
8.420000000000006368e-01,4.969303209220524709e-01,8.503018645114722718e-01,5.426940671145835005e+00,-3.352632337672961427e+00,8.792592767221694278e-03
8.430000000000006377e-01,5.023469543487271149e-01,8.469316822975514469e-01,5.406287228850074733e+00,-3.387711650018978116e+00,8.803035247612998535e-03
8.440000000000006386e-01,5.077428175852087833e-01,8.435264823644578192e-01,5.385400403808254133e+00,-3.422667503680846046e+00,8.813477727901633182e-03
8.450000000000006395e-01,5.131176775899620734e-01,8.400863889874115031e-01,5.364280880506061777e+00,-3.457498266070785142e+00,8.823920208087475056e-03
8.460000000000006404e-01,5.184713020121306526e-01,8.366115280727502990e-01,5.342929355816173675e+00,-3.492202307558692542e+00,8.834362688170402725e-03
8.470000000000006413e-01,5.238034592039251258e-01,8.331020271549196554e-01,5.321346539000073150e+00,-3.526778001576956534e+00,8.844805168150294758e-03
8.480000000000006422e-01,5.291139182330123480e-01,8.295580153933576062e-01,5.299533151708871515e+00,-3.561223724725608886e+00,8.855247648027029725e-03
8.490000000000006430e-01,5.344024488949050689e-01,8.259796235692742350e-01,5.277489927983122442e+00,-3.595537856877803584e+00,8.865690127800486195e-03
8.500000000000006439e-01,5.396688217253508002e-01,8.223669840823260024e-01,5.255217614251622926e+00,-3.629718781285608653e+00,8.876132607470542737e-03
8.510000000000006448e-01,5.449128080127192408e-01,8.187202309471836026e-01,5.232716969329199053e+00,-3.663764884686107060e+00,8.886575087037076187e-03
8.520000000000006457e-01,5.501341798103864811e-01,8.150394997899939042e-01,5.209988764413457929e+00,-3.697674557407787610e+00,8.897017566499965113e-03
8.530000000000006466e-01,5.553327099491159879e-01,8.113249278447349777e-01,5.187033783080512883e+00,-3.731446193477222728e+00,8.907460045859088085e-03
8.540000000000006475e-01,5.605081720494343722e-01,8.075766539494648733e-01,5.163852821279660610e+00,-3.765078190726016238e+00,8.917902525114321938e-03
8.550000000000006484e-01,5.656603405340014934e-01,8.037948185424627079e-01,5.140446687327014708e+00,-3.798568950898013163e+00,8.928345004265546975e-03
8.560000000000006493e-01,5.707889906399736812e-01,7.999795636582630598e-01,5.116816201898081395e+00,-3.831916879756759098e+00,8.938787483312640031e-03
8.570000000000006501e-01,5.758938984313589637e-01,7.961310329235821159e-01,5.092962198019276521e+00,-3.865120387193196727e+00,8.949229962255479676e-03
8.580000000000006510e-01,5.809748408113634133e-01,7.922493715531364611e-01,5.068885521058373200e+00,-3.898177887333588831e+00,8.959672441093944478e-03
8.590000000000006519e-01,5.860315955347270567e-01,7.883347263453537312e-01,5.044587028713874766e+00,-3.931087798647658005e+00,8.970114919827913008e-03
8.600000000000006528e-01,5.910639412200490161e-01,7.843872456779750202e-01,5.020067591003308571e+00,-3.963848544056926215e+00,8.980557398457262100e-03
8.610000000000006537e-01,5.960716573621002157e-01,7.804070795035488173e-01,4.995328090250431785e+00,-3.996458551043247542e+00,8.990999876981870323e-03
8.620000000000006546e-01,6.010545243441225427e-01,7.763943793448161435e-01,4.970369421071345606e+00,-4.028916251757516775e+00,9.001442355401616247e-03
8.630000000000006555e-01,6.060123234501141321e-01,7.723492982899874404e-01,4.945192490359512583e+00,-4.061220083128548097e+00,9.011884833716378440e-03
8.640000000000006564e-01,6.109448368770984406e-01,7.682719909879097697e-01,4.919798217269664597e+00,-4.093368486972103426e+00,9.022327311926035473e-03
8.650000000000006573e-01,6.158518477473773345e-01,7.641626136431256544e-01,4.894187533200610396e+00,-4.125359910100065086e+00,9.032769790030464180e-03
8.660000000000006581e-01,6.207331401207658583e-01,7.600213240108220081e-01,4.868361381776919572e+00,-4.157192804429735489e+00,9.043212268029543130e-03
8.670000000000006590e-01,6.255884990068085738e-01,7.558482813916701515e-01,4.842320718829492776e+00,-4.188865627093252719e+00,9.053654745923150893e-03
8.680000000000006599e-01,6.304177103769753598e-01,7.516436466265562499e-01,4.816066512375003938e+00,-4.220376840547110042e+00,9.064097223711166038e-03
8.690000000000006608e-01,6.352205611768367843e-01,7.474075820912021717e-01,4.789599742594213616e+00,-4.251724912681766000e+00,9.074539701393467134e-03
8.700000000000006617e-01,6.399968393382169385e-01,7.431402516906765454e-01,4.762921401809149025e+00,-4.282908316931329118e+00,9.084982178969931016e-03
8.710000000000006626e-01,6.447463337913222903e-01,7.388418208537964604e-01,4.736032494459144537e+00,-4.313925532383307448e+00,9.095424656440436254e-03
8.720000000000006635e-01,6.494688344768471122e-01,7.345124565274189221e-01,4.708934037075736434e+00,-4.344775043888407851e+00,9.105867133804861416e-03
8.730000000000006644e-01,6.541641323580524858e-01,7.301523271706229501e-01,4.681627058256414564e+00,-4.375455342170372575e+00,9.116309611063085072e-03
8.740000000000006652e-01,6.588320194328183277e-01,7.257616027487815424e-01,4.654112598637218490e+00,-4.405964923935840716e+00,9.126752088214985792e-03
8.750000000000006661e-01,6.634722887456683260e-01,7.213404547275238388e-01,4.626391710864182549e+00,-4.436302291984215884e+00,9.137194565260440410e-03
8.760000000000006670e-01,6.680847343997645682e-01,7.168890560665872602e-01,4.598465459563617408e+00,-4.466465955317532099e+00,9.147637042199327495e-03
8.770000000000006679e-01,6.726691515688729694e-01,7.124075812135602925e-01,4.570334921311232534e+00,-4.496454429250301033e+00,9.158079519031525617e-03
8.780000000000006688e-01,6.772253365092965049e-01,7.078962060975149129e-01,4.542001184600090724e+00,-4.526266235519326386e+00,9.168521995756913345e-03
8.790000000000006697e-01,6.817530865717761346e-01,7.033551081225292156e-01,4.513465349807395555e+00,-4.555899902393475642e+00,9.178964472375367514e-03
8.800000000000006706e-01,6.862522002133577548e-01,6.987844661611009034e-01,4.484728529160106447e+00,-4.585353964783387859e+00,9.189406948886768428e-03
8.810000000000006715e-01,6.907224770092242894e-01,6.941844605474503105e-01,4.455791846699378667e+00,-4.614626964351108640e+00,9.199849425290992921e-03
8.820000000000006724e-01,6.951637176644918092e-01,6.895552730707145139e-01,4.426656438243827374e+00,-4.643717449619637172e+00,9.210291901587919564e-03
8.830000000000006732e-01,6.995757240259679044e-01,6.848970869680313101e-01,4.397323451351609513e+00,-4.672623976082369346e+00,9.220734377777426924e-03
8.840000000000006741e-01,7.039582990938717533e-01,6.802100869175145004e-01,4.367794045281327975e+00,-4.701345106312423638e+00,9.231176853859391837e-03
8.850000000000006750e-01,7.083112470335146682e-01,6.754944590311193764e-01,4.338069390951749149e+00,-4.729879410071836432e+00,9.241619329833692872e-03
8.860000000000006759e-01,7.126343731869396736e-01,6.707503908473992915e-01,4.308150670900337431e+00,-4.758225464420608120e+00,9.252061805700210334e-03
8.870000000000006768e-01,7.169274840845188956e-01,6.659780713241533201e-01,4.278039079240599563e+00,-4.786381853825591115e+00,9.262504281458819322e-03
8.880000000000006777e-01,7.211903874565076533e-01,6.611776908309646705e-01,4.247735821618245033e+00,-4.814347170269198450e+00,9.272946757109400140e-03
8.890000000000006786e-01,7.254228922445544736e-01,6.563494411416315177e-01,4.217242115166152772e+00,-4.842120013357924080e+00,9.283389232651831358e-03
8.900000000000006795e-01,7.296248086131650323e-01,6.514935154264880346e-01,4.186559188458149450e+00,-4.869698990430658903e+00,9.293831708085989809e-03
8.910000000000006803e-01,7.337959479611195768e-01,6.466101082446183979e-01,4.155688281461598521e+00,-4.897082716666781188e+00,9.304274183411754065e-03
8.920000000000006812e-01,7.379361229328424976e-01,6.416994155359623253e-01,4.124630645488791103e+00,-4.924269815194016076e+00,9.314716658629002694e-03
8.930000000000006821e-01,7.420451474297219407e-01,6.367616346133124772e-01,4.093387543147152918e+00,-4.951258917196043718e+00,9.325159133737614264e-03
8.940000000000006830e-01,7.461228366213801255e-01,6.317969641542054982e-01,4.061960248288253972e+00,-4.978048662019839199e+00,9.335601608737465612e-03
8.950000000000006839e-01,7.501690069568910380e-01,6.268056041927044797e-01,4.030350045955625404e+00,-5.004637697282734443e+00,9.346044083628435306e-03
8.960000000000006848e-01,7.541834761759461658e-01,6.217877561110757290e-01,3.998558232331388851e+00,-5.031024678979184372e+00,9.356486558410401916e-03
8.970000000000006857e-01,7.581660633199654997e-01,6.167436226313579573e-01,3.966586114681689867e+00,-5.057208271587218640e+00,9.366929033083244011e-03
8.980000000000006866e-01,7.621165887431541330e-01,6.116734078068259972e-01,3.934435011300942975e+00,-5.083187148174570957e+00,9.377371507646840160e-03
8.990000000000006875e-01,7.660348741235021297e-01,6.065773170133479386e-01,3.902106251454887431e+00,-5.108959990504462922e+00,9.387813982101067198e-03
9.000000000000006883e-01,7.699207424737265493e-01,6.014555569406369040e-01,3.869601175322452846e+00,-5.134525489141036125e+00,9.398256456445805429e-03
9.010000000000006892e-01,7.737740181521554073e-01,5.963083355833976862e-01,3.836921133936438633e+00,-5.159882343554405892e+00,9.408698930680931688e-03
9.020000000000006901e-01,7.775945268735514615e-01,5.911358622323683587e-01,3.804067489123008183e+00,-5.185029262225332225e+00,9.419141404806324544e-03
9.030000000000006910e-01,7.813820957198743811e-01,5.859383474652575252e-01,3.771041613439997775e+00,-5.209964962749483952e+00,9.429583878821860832e-03
9.040000000000006919e-01,7.851365531509815199e-01,5.807160031375772080e-01,3.737844890114046414e+00,-5.234688171941287216e+00,9.440026352727420855e-03
9.050000000000006928e-01,7.888577290152646304e-01,5.754690423733725968e-01,3.704478712976543076e+00,-5.259197625937339637e+00,9.450468826522881449e-03
9.060000000000006937e-01,7.925454545602220735e-01,5.701976795558483246e-01,3.670944486398399764e+00,-5.283492070299374177e+00,9.460911300208121183e-03
9.070000000000006946e-01,7.961995624429653029e-01,5.649021303178919373e-01,3.637243625223648635e+00,-5.307570260116760252e+00,9.471353773783018626e-03
9.080000000000006954e-01,7.998198867406581813e-01,5.595826115324952221e-01,3.603377554701868046e+00,-5.331430960108521688e+00,9.481796247247450612e-03
9.090000000000006963e-01,8.034062629608883510e-01,5.542393413030738403e-01,3.569347710419441544e+00,-5.355072944724863504e+00,9.492238720601297447e-03
9.100000000000006972e-01,8.069585280519692150e-01,5.488725389536855959e-01,3.535155538229651118e+00,-5.378494998248183556e+00,9.502681193844435964e-03
9.110000000000006981e-01,8.104765204131713086e-01,5.434824250191478967e-01,3.500802494181609159e+00,-5.401695914893561934e+00,9.513123666976744733e-03
9.120000000000006990e-01,8.139600799048820612e-01,5.380692212350549619e-01,3.466290044448035346e+00,-5.424674498908705012e+00,9.523566139998102323e-03
9.130000000000006999e-01,8.174090478586930608e-01,5.326331505276956646e-01,3.431619665251876672e+00,-5.447429564673337055e+00,9.534008612908385569e-03
9.140000000000007008e-01,8.208232670874129333e-01,5.271744370038718985e-01,3.396792842791782174e+00,-5.469959936798012734e+00,9.544451085707474774e-03
9.150000000000007017e-01,8.242025818950051708e-01,5.216933059406186901e-01,3.361811073166431463e+00,-5.492264450222349659e+00,9.554893558395246775e-03
9.160000000000007025e-01,8.275468380864501317e-01,5.161899837748260556e-01,3.326675862297723718e+00,-5.514341950312654284e+00,9.565336030971580139e-03
9.170000000000007034e-01,8.308558829775293253e-01,5.106646980927641577e-01,3.291388725852833375e+00,-5.536191292958926979e+00,9.575778503436353437e-03
9.180000000000007043e-01,8.341295654045308705e-01,5.051176776195108742e-01,3.255951189165135595e+00,-5.557811344671240050e+00,9.586220975789443502e-03
9.190000000000007052e-01,8.373677357338763505e-01,4.995491522082842195e-01,3.220364787154007313e+00,-5.579200982675462051e+00,9.596663448030728905e-03
9.200000000000007061e-01,8.405702458716656222e-01,4.939593528296787883e-01,3.184631064243511833e+00,-5.600359095008320409e+00,9.607105920160089949e-03
9.210000000000007070e-01,8.437369492731408016e-01,4.883485115608076077e-01,3.148751574279970100e+00,-5.621284580611785486e+00,9.617548392177403468e-03
9.220000000000007079e-01,8.468677009520666488e-01,4.827168615743501201e-01,3.112727880448425299e+00,-5.641976349426760073e+00,9.627990864082546299e-03
9.230000000000007088e-01,8.499623574900271317e-01,4.770646371275065190e-01,3.076561555188009223e+00,-5.662433322486059240e+00,9.638433335875398744e-03
9.240000000000007097e-01,8.530207770456367244e-01,4.713920735508598803e-01,3.040254180106214399e+00,-5.682654432006670753e+00,9.648875807555837639e-03
9.250000000000007105e-01,8.560428193636653305e-01,4.656994072371459792e-01,3.003807345892080871e+00,-5.702638621481272097e+00,9.659318279123741552e-03
9.260000000000007114e-01,8.590283457840762749e-01,4.599868756299321793e-01,2.967222652228302060e+00,-5.722384845768995199e+00,9.669760750578989053e-03
9.270000000000007123e-01,8.619772192509752573e-01,4.542547172122060051e-01,2.930501707702261260e+00,-5.741892071185424662e+00,9.680203221921458712e-03
9.280000000000007132e-01,8.648893043214702647e-01,4.485031714948740089e-01,2.893646129716000992e+00,-5.761159275591814399e+00,9.690645693151029097e-03
9.290000000000007141e-01,8.677644671744406679e-01,4.427324790051717085e-01,2.856657544395138082e+00,-5.780185448483501354e+00,9.701088164267577044e-03
9.300000000000007150e-01,8.706025756192150578e-01,4.369428812749857061e-01,2.819537586496728920e+00,-5.798969591077515418e+00,9.711530635270981121e-03
9.310000000000007159e-01,8.734034991041559337e-01,4.311346208290885440e-01,2.782287899316092883e+00,-5.817510716399357129e+00,9.721973106161119899e-03
9.320000000000007168e-01,8.761671087251510226e-01,4.253079411732871851e-01,2.744910134592606799e+00,-5.835807849368936040e+00,9.732415576937871945e-03
9.330000000000007176e-01,8.788932772340098953e-01,4.194630867824860054e-01,2.707405952414472683e+00,-5.853860026885656431e+00,9.742858047601114097e-03
9.340000000000007185e-01,8.815818790467645494e-01,4.136003030886651333e-01,2.669777021122472949e+00,-5.871666297912633503e+00,9.753300518150724921e-03
9.350000000000007194e-01,8.842327902518736238e-01,4.077198364687749099e-01,2.632025017212719309e+00,-5.889225723560025827e+00,9.763742988586584723e-03
9.360000000000007203e-01,8.868458886183288037e-01,4.018219342325476395e-01,2.594151625238405590e+00,-5.906537377167472513e+00,9.774185458908568602e-03
9.370000000000007212e-01,8.894210536036618597e-01,3.959068446102271821e-01,2.556158537710572887e+00,-5.923600344385617333e+00,9.784627929116556863e-03
9.380000000000007221e-01,8.919581663618532108e-01,3.899748167402177224e-01,2.518047454997899059e+00,-5.940413723256713574e+00,9.795070399210428075e-03
9.390000000000007230e-01,8.944571097511383462e-01,3.840261006566521029e-01,2.479820085225521442e+00,-5.956976624294284761e+00,9.805512869190059072e-03
9.400000000000007239e-01,8.969177683417136615e-01,3.780609472768811652e-01,2.441478144172899878e+00,-5.973288170561840360e+00,9.815955339055328424e-03
9.410000000000007248e-01,8.993400284233393771e-01,3.720796083888848749e-01,2.403023355170736064e+00,-5.989347497750621585e+00,9.826397808806114700e-03
9.420000000000007256e-01,9.017237780128387614e-01,3.660823366386059541e-01,2.364457448996955868e+00,-6.005153754256374654e+00,9.836840278442296470e-03
9.430000000000007265e-01,9.040689068614926605e-01,3.600693855172075741e-01,2.325782163771766164e+00,-6.020706101255129283e+00,9.847282747963750568e-03
9.440000000000007274e-01,9.063753064623295552e-01,3.540410093482555531e-01,2.286999244851797286e+00,-6.036003712777974428e+00,9.857725217370355564e-03
9.450000000000007283e-01,9.086428700573080386e-01,3.479974632748262797e-01,2.248110444723343981e+00,-6.051045775784818836e+00,9.868167686661990026e-03
9.460000000000007292e-01,9.108714926443931548e-01,3.419390032465414730e-01,2.209117522894711971e+00,-6.065831490237122203e+00,9.878610155838532525e-03
9.470000000000007301e-01,9.130610709845240480e-01,3.358658860065307228e-01,2.170022245787686543e+00,-6.080360069169583603e+00,9.889052624899861629e-03
9.480000000000007310e-01,9.152115036084729205e-01,3.297783690783228083e-01,2.130826386628133395e+00,-6.094630738760776545e+00,9.899495093845854174e-03
9.490000000000007319e-01,9.173226908235937449e-01,3.236767107526669629e-01,2.091531725335740610e+00,-6.108642738402718209e+00,9.909937562676390463e-03
9.500000000000007327e-01,9.193945347204610652e-01,3.175611700742851373e-01,2.052140048412918638e+00,-6.122395320769358662e+00,9.920380031391347331e-03
9.510000000000007336e-01,9.214269391793964425e-01,3.114320068285562071e-01,2.012653148832868499e+00,-6.135887751883983832e+00,9.930822499990601612e-03
9.520000000000007345e-01,9.234198098768832130e-01,3.052894815281333996e-01,1.973072825926829976e+00,-6.149119311185511805e+00,9.941264968474033611e-03
9.530000000000007354e-01,9.253730542918676694e-01,2.991338553994960514e-01,1.933400885270523339e+00,-6.162089291593680684e+00,9.951707436841520163e-03
9.540000000000007363e-01,9.272865817119463339e-01,2.929653903694365846e-01,1.893639138569798375e+00,-6.174796999573105794e+00,9.962149905092941571e-03
9.550000000000007372e-01,9.291603032394387673e-01,2.867843490514840887e-01,1.853789403545503145e+00,-6.187241755196208004e+00,9.972592373228174670e-03
9.560000000000007381e-01,9.309941317973446928e-01,2.805909947322656195e-01,1.813853503817584256e+00,-6.199422892204987434e+00,9.983034841247098029e-03
9.570000000000007390e-01,9.327879821351846568e-01,2.743855913578059913e-01,1.773833268788435946e+00,-6.211339758071646955e+00,9.993477309149588483e-03
9.580000000000007399e-01,9.345417708347240060e-01,2.681684035197680060e-01,1.733730533525506434e+00,-6.222991714058040635e+00,1.000391977693552634e-02
9.590000000000007407e-01,9.362554163155788478e-01,2.619396964416334517e-01,1.693547138643180849e+00,-6.234378135273947130e+00,1.001436224460478842e-02
9.600000000000007416e-01,9.379288388407036603e-01,2.556997359648264800e-01,1.653284930183949841e+00,-6.245498410734151129e+00,1.002480471215725331e-02
9.610000000000007425e-01,9.395619605217596648e-01,2.494487885347806688e-01,1.612945759498881637e+00,-6.256351943414329320e+00,1.003524717959279958e-02
9.620000000000007434e-01,9.411547053243634053e-01,2.431871211869506277e-01,1.572531483127410201e+00,-6.266938150305721322e+00,1.004568964691130405e-02
9.630000000000007443e-01,9.427069990732147575e-01,2.369150015327696202e-01,1.532043962676453708e+00,-6.277256462468585596e+00,1.005613211411264703e-02
9.640000000000007452e-01,9.442187694571034795e-01,2.306326977455543104e-01,1.491485064698878649e+00,-6.287306325084427883e+00,1.006657458119670535e-02
9.650000000000007461e-01,9.456899460337945262e-01,2.243404785463579965e-01,1.450856660571324674e+00,-6.297087197506987089e+00,1.007701704816335760e-02
9.660000000000007470e-01,9.471204602347900181e-01,2.180386131897732727e-01,1.410160626371404158e+00,-6.306598553311976829e+00,1.008745951501248059e-02
9.670000000000007478e-01,9.485102453699689740e-01,2.117273714496858139e-01,1.369398842754292023e+00,-6.315839880345573754e+00,1.009790198174395463e-02
9.680000000000007487e-01,9.498592366321024771e-01,2.054070236049801434e-01,1.328573194828721604e+00,-6.324810680771635774e+00,1.010834444835765657e-02
9.690000000000007496e-01,9.511673711012454957e-01,1.990778404251989375e-01,1.287685572032400305e+00,-6.333510471117650198e+00,1.011878691485346669e-02
9.700000000000007505e-01,9.524345877490029144e-01,1.927400931561568109e-01,1.246737868006862593e+00,-6.341938782319402890e+00,1.012922938123126185e-02
9.710000000000007514e-01,9.536608274426707776e-01,1.863940535055104153e-01,1.205731980471774767e+00,-6.350095159764353347e+00,1.013967184749091886e-02
9.720000000000007523e-01,9.548460329492512999e-01,1.800399936282854330e-01,1.164669811098707264e+00,-6.357979163333715711e+00,1.015011431363231804e-02
9.730000000000007532e-01,9.559901489393414220e-01,1.736781861123624926e-01,1.123553265384390709e+00,-6.365590367443233255e+00,1.016055677965533623e-02
9.740000000000007541e-01,9.570931219908942467e-01,1.673089039639226450e-01,1.082384252523471480e+00,-6.372928361082645488e+00,1.017099924555985198e-02
9.750000000000007550e-01,9.581549005928534646e-01,1.609324205928542861e-01,1.041164685280784097e+00,-6.379992747853827417e+00,1.018144171134574387e-02
9.760000000000007558e-01,9.591754351486593277e-01,1.545490097981224720e-01,9.998964798631534423e-01,-6.386783146007610767e+00,1.019188417701289047e-02
9.770000000000007567e-01,9.601546779796261699e-01,1.481589457531021226e-01,9.585815557907482187e-01,-6.393299188479269368e+00,1.020232664256117035e-02
9.780000000000007576e-01,9.610925833281914743e-01,1.417625029908763379e-01,9.172218357679968737e-01,-6.399540522922664287e+00,1.021276910799046034e-02
9.790000000000007585e-01,9.619891073610352672e-01,1.353599563895013791e-01,8.758192455540864119e-01,-6.405506811743044260e+00,1.022321157330063901e-02
9.800000000000007594e-01,9.628442081720701706e-01,1.289515811572393977e-01,8.343757138330588630e-01,-6.411197732128495197e+00,1.023365403849158493e-02
9.810000000000007603e-01,9.636578457853008928e-01,1.225376528177604118e-01,7.928931720835227237e-01,-6.416612976080033448e+00,1.024409650356317668e-02
9.820000000000007612e-01,9.644299821575537113e-01,1.161184471953149722e-01,7.513735544479960282e-01,-6.421752250440334819e+00,1.025453896851529108e-02
9.830000000000007621e-01,9.651605811810747282e-01,1.096942403998786564e-01,7.098187976018984768e-01,-6.426615276921095798e+00,1.026498143334780844e-02
9.840000000000007629e-01,9.658496086859971186e-01,1.032653088122699320e-01,6.682308406222087216e-01,-6.431201792129022543e+00,1.027542389806060559e-02
9.850000000000007638e-01,9.664970324426771509e-01,9.683192906924276144e-02,6.266116248558052382e-01,-6.435511547590444081e+00,1.028586636265356111e-02
9.860000000000007647e-01,9.671028221638978684e-01,9.039437804855522673e-02,5.849630937875067715e-01,-6.439544309774538178e+00,1.029630882712655182e-02
9.870000000000007656e-01,9.676669495069409876e-01,8.395293285401564387e-02,5.432871929078302298e-01,-6.443299860115177857e+00,1.030675129147945804e-02
9.880000000000007665e-01,9.681893880755263471e-01,7.750787080050752786e-02,5.015858695804833456e-01,-6.446777995031381714e+00,1.031719375571215659e-02
9.890000000000007674e-01,9.686701134216189057e-01,7.105946939899479564e-02,4.598610729096089811e-01,-6.449978525946375107e+00,1.032763621982452605e-02
9.900000000000007683e-01,9.691091030471026269e-01,6.460800634150865029e-02,4.181147536067996717e-01,-6.452901279305248927e+00,1.033807868381644499e-02
9.910000000000007692e-01,9.695063364053210231e-01,5.815375948611739565e-02,3.763488638578984524e-01,-6.455546096591221250e+00,1.034852114768779197e-02
9.920000000000007701e-01,9.698617949024852525e-01,5.169700684188082568e-02,3.345653571896047285e-01,-6.457912834340493013e+00,1.035896361143844382e-02
9.930000000000007709e-01,9.701754618989479884e-01,4.523802655379038223e-02,2.927661883359020667e-01,-6.460001364155700365e+00,1.036940607506827913e-02
9.940000000000007718e-01,9.704473227103435073e-01,3.877709688769657298e-02,2.509533131043261145e-01,-6.461811572717953034e+00,1.037984853857717819e-02
9.950000000000007727e-01,9.706773646085949947e-01,3.231449621522506505e-02,2.091286882420896887e-01,-6.463343361797467601e+00,1.039029100196501611e-02
9.960000000000007736e-01,9.708655768227865135e-01,2.585050299868286994e-02,1.672942713020835470e-01,-6.464596648262780576e+00,1.040073346523167318e-02
9.970000000000007745e-01,9.710119505399023021e-01,1.938539577595597974e-02,1.254520205087697737e-01,-6.465571364088555484e+00,1.041117592837702797e-02
9.980000000000007754e-01,9.711164789054307356e-01,1.291945314539994644e-02,8.360389462398634675e-02,-6.466267456361963539e+00,1.042161839140095733e-02
9.990000000000007763e-01,9.711791570238347271e-01,6.452953750724763592e-03,4.175185281267997789e-02,-6.466684887287656558e+00,1.043206085430333982e-02
1.000000000000000666e+00,9.711999819588879035e-01,-1.382373412450385586e-05,-1.021454914143515857e-04,-6.466823634191315229e+00,1.044250331708405401e-02
