tau,x,y,u,v,theta1
0.000000000000000000e+00,9.986999999999999211e-01,-0.000000000000000000e+00,0.000000000000000000e+00,-6.291358764279322280e+00,0.000000000000000000e+00
1.000000000000000021e-03,9.986802094347173586e-01,-6.291317206935547086e-03,-3.958099932903536705e-02,-6.291234092662176813e+00,3.178699658794949082e-07
2.000000000000000042e-03,9.986208385262819176e-01,-1.258238507230310076e-02,-7.916042384047014546e-02,-6.290860082809621723e+00,6.357399317589869577e-07
3.000000000000000062e-03,9.985218896368960317e-01,-1.887295426453235517e-02,-1.187366987808198965e-01,-6.290236749718075338e+00,9.536098976384732897e-07
4.000000000000000083e-03,9.983833667034567316e-01,-2.516277547204795115e-02,-1.583082495248296084e-01,-6.289364118380869506e+00,1.271479863517951045e-06
5.000000000000000104e-03,9.982052752373955506e-01,-3.145159941326589048e-02,-1.978735016395813395e-01,-6.288242223787201546e+00,1.589349829397417472e-06
6.000000000000000125e-03,9.979876223244540379e-01,-3.773917684658872895e-02,-2.374308809485932703e-01,-6.286871110920666084e+00,1.907219795276869711e-06
7.000000000000000146e-03,9.977304166243952110e-01,-4.402525858039902512e-02,-2.769788135959074804e-01,-6.285250834757369454e+00,2.225089761156304798e-06
8.000000000000000167e-03,9.974336683706512829e-01,-5.030959548305077161e-02,-3.165157261101634312e-01,-6.283381460263623985e+00,2.542959727035719979e-06
9.000000000000001055e-03,9.970973893699066615e-01,-5.659193849285825556e-02,-3.560400454686543092e-01,-6.281263062393222185e+00,2.860829692915112714e-06
1.000000000000000194e-02,9.967215930016174452e-01,-6.287203862808199428e-02,-3.955501991613636914e-01,-6.278895726084296136e+00,3.178699658794479614e-06
1.100000000000000283e-02,9.963062942174668590e-01,-6.914964699691136807e-02,-4.350446152549792833e-01,-6.276279546255752351e+00,3.496569624673818139e-06
1.200000000000000372e-02,9.958515095407564077e-01,-7.542451480744337411e-02,-4.745217224568813452e-01,-6.273414627803293619e+00,3.814439590553125323e-06
1.300000000000000461e-02,9.953572570657330809e-01,-8.169639337765731424e-02,-5.139799501791022518e-01,-6.270301085595019863e+00,4.132309556432398203e-06
1.400000000000000550e-02,9.948235564568530531e-01,-8.796503414538479892e-02,-5.534177286022553544e-01,-6.266939044466611541e+00,4.450179522311634660e-06
1.500000000000000638e-02,9.942504289479808799e-01,-9.423018867827474832e-02,-5.928334887394292041e-01,-6.263328639216093841e+00,4.768049488190831307e-06
1.600000000000000727e-02,9.936378973415250782e-01,-1.004916086837529254e-01,-6.322256625000455266e-01,-6.259470014598186083e+00,5.085919454069984755e-06
1.700000000000000816e-02,9.929859860075102018e-01,-1.067490460189756685e-01,-6.715926827536767840e-01,-6.255363325318231915e+00,5.403789419949093310e-06
1.800000000000000905e-02,9.922947208825844134e-01,-1.130022527007772809e-01,-7.109329833938217158e-01,-6.251008736025712054e+00,5.721659385828153585e-06
1.900000000000000994e-02,9.915641294689638841e-01,-1.192509809156107464e-01,-7.502449994016352486e-01,-6.246406421307342249e+00,6.039529351707162190e-06
2.000000000000001082e-02,9.907942408333133555e-01,-1.254949830294813662e-01,-7.895271669096100009e-01,-6.241556565679753810e+00,6.357399317586116585e-06
2.100000000000001171e-02,9.899850856055628645e-01,-1.317340115978728188e-01,-8.287779232652073835e-01,-6.236459363581757565e+00,6.675269283465014230e-06
2.200000000000001260e-02,9.891366959776608514e-01,-1.379678193756652960e-01,-8.679957070944340769e-01,-6.231115019366193053e+00,6.993139249343852581e-06
2.300000000000001349e-02,9.882491057022642078e-01,-1.441961593270452702e-01,-9.071789583653626643e-01,-6.225523747291363819e+00,7.311009215222628253e-06
2.400000000000001438e-02,9.873223500913642647e-01,-1.504187846354065883e-01,-9.463261184515919799e-01,-6.219685771512053485e+00,7.628879181101338703e-06
2.500000000000001527e-02,9.863564660148493868e-01,-1.566354487132421702e-01,-9.854356301956459507e-01,-6.213601326070133268e+00,7.946749146979981390e-06
2.600000000000001615e-02,9.853514918990048388e-01,-1.628459052120262984e-01,-1.024505937972306713e+00,-6.207270654884751160e+00,8.264619112858552079e-06
2.700000000000001704e-02,9.843074677249482596e-01,-1.690499080320868042e-01,-1.063535487751880337e+00,-6.200694011742109879e+00,8.582489078737049924e-06
2.800000000000001793e-02,9.832244350270031852e-01,-1.752472113324668179e-01,-1.102522727163391947e+00,-6.193871660284831826e+00,8.900359044615469841e-06
2.900000000000001882e-02,9.821024368910084013e-01,-1.814375695407757227e-01,-1.141466105557706667e+00,-6.186803874000911030e+00,9.218229010493810138e-06
3.000000000000001971e-02,9.809415179525645678e-01,-1.876207373630288389e-01,-1.180364074070575198e+00,-6.179490936212252095e+00,9.536098976372069119e-06
3.100000000000002059e-02,9.797417243952178945e-01,-1.937964697934753955e-01,-1.219215085685599886e+00,-6.171933140062800582e+00,9.853968942250241703e-06
3.200000000000002148e-02,9.785031039485809767e-01,-1.999645221244145121e-01,-1.258017595297119096e+00,-6.164130788506260394e+00,1.017183890812832620e-05
3.300000000000002237e-02,9.772257058863903501e-01,-2.061246499559986067e-01,-1.296770059773007189e+00,-6.156084194293404366e+00,1.048970887400632090e-05
3.400000000000002326e-02,9.759095810245019820e-01,-2.122766092060239529e-01,-1.335470938017386588e+00,-6.147793679958969193e+00,1.080757883988422074e-05
3.500000000000002415e-02,9.745547817188233708e-01,-2.184201561197079422e-01,-1.374118691033250794e+00,-6.139259577808147128e+00,1.112544880576202402e-05
3.600000000000002504e-02,9.731613618631834717e-01,-2.245550472794526076e-01,-1.412711781984993253e+00,-6.130482229902669111e+00,1.144331877163972735e-05
3.700000000000002592e-02,9.717293768871403392e-01,-2.306810396145940190e-01,-1.451248676260841641e+00,-6.121461988046476677e+00,1.176118873751732903e-05
3.800000000000002681e-02,9.702588837537257094e-01,-2.367978904111371630e-01,-1.489727841535193109e+00,-6.112199213770990625e+00,1.207905870339482568e-05
3.900000000000002770e-02,9.687499409571279640e-01,-2.429053573214759176e-01,-1.528147747830849390e+00,-6.102694278319970245e+00,1.239692866927221391e-05
4.000000000000002859e-02,9.672026085203125900e-01,-2.490031983740976229e-01,-1.566506867581146656e+00,-6.092947562633971970e+00,1.271479863514949203e-05
4.100000000000002948e-02,9.656169479925805765e-01,-2.550911719832719693e-01,-1.604803675691979681e+00,-6.082959457334398579e+00,1.303266860102665665e-05
4.200000000000003036e-02,9.639930224470650844e-01,-2.611690369587236216e-01,-1.643036649603716981e+00,-6.072730362707147833e+00,1.335053856690370437e-05
4.300000000000003125e-02,9.623308964781657204e-01,-2.672365525152884391e-01,-1.681204269353003378e+00,-6.062260688685856991e+00,1.366840853278063181e-05
4.400000000000003214e-02,9.606306361989217502e-01,-2.732934782825526820e-01,-1.719305017634447763e+00,-6.051550854834743198e+00,1.398627849865743729e-05
4.500000000000003303e-02,9.588923092383231372e-01,-2.793395743144748700e-01,-1.757337379862193849e+00,-6.040601290331046869e+00,1.430414846453411740e-05
4.600000000000003392e-02,9.571159847385602992e-01,-2.853746010989896553e-01,-1.795299844231371011e+00,-6.029412433947070937e+00,1.462201843041067046e-05
4.700000000000003481e-02,9.553017333522125787e-01,-2.913983195675940441e-01,-1.833190901779421456e+00,-6.017984734031819549e+00,1.493988839628709307e-05
4.800000000000003569e-02,9.534496272393750971e-01,-2.974104911049145206e-01,-1.871009046447302593e+00,-6.006318648492244172e+00,1.525775836216338185e-05
4.900000000000003658e-02,9.515597400647247683e-01,-3.034108775582555206e-01,-1.908752775140560853e+00,-5.994414644774083811e+00,1.557562832803953342e-05
5.000000000000003747e-02,9.496321469945253613e-01,-3.093992412471285314e-01,-1.946420587790275381e+00,-5.982273199842314426e+00,1.589349829391554776e-05
5.100000000000003836e-02,9.476669246935713886e-01,-3.153753449727612623e-01,-1.984010987413866722e+00,-5.969894800161198667e+00,1.621136825979141980e-05
5.200000000000003925e-02,9.456641513220716000e-01,-3.213389520275869993e-01,-2.021522480175771630e+00,-5.957279941673943924e+00,1.652923822566714616e-05
5.300000000000004013e-02,9.436239065324715236e-01,-3.272898262047129192e-01,-2.058953575447976192e+00,-5.944429129781962473e+00,1.684710819154272343e-05
5.400000000000004102e-02,9.415462714662157229e-01,-3.332277318073680883e-01,-2.096302785870410190e+00,-5.931342879323740824e+00,1.716497815741815163e-05
5.500000000000004191e-02,9.394313287504497678e-01,-3.391524336583295329e-01,-2.133568627411196239e+00,-5.918021714553320045e+00,1.748284812329342397e-05
5.600000000000004280e-02,9.372791624946619216e-01,-3.450636971093269945e-01,-2.170749619426751487e+00,-5.904466169118377294e+00,1.780071808916854046e-05
5.700000000000004369e-02,9.350898582872648745e-01,-3.509612880504254795e-01,-2.207844284721741879e+00,-5.890676786037926327e+00,1.811858805504349771e-05
5.800000000000004458e-02,9.328635031921177490e-01,-3.568449729193852171e-01,-2.244851149608881435e+00,-5.876654117679622757e+00,1.843645802091829232e-05
5.900000000000004546e-02,9.306001857449879289e-01,-3.627145187109988012e-01,-2.281768743968581425e+00,-5.862398725736683858e+00,1.875432798679292431e-05
6.000000000000004635e-02,9.282999959499538267e-01,-3.685696929864050730e-01,-2.318595601308438336e+00,-5.847911181204422881e+00,1.907219795266738689e-05
6.100000000000004724e-02,9.259630252757479196e-01,-3.744102638823793017e-01,-2.355330258822563749e+00,-5.833192064356397921e+00,1.939006791854168006e-05
6.200000000000004813e-02,9.235893666520406109e-01,-3.802360001205993822e-01,-2.391971257450753008e+00,-5.818241964720172632e+00,1.970793788441580044e-05
6.300000000000004208e-02,9.211791144656651387e-01,-3.860466710168874993e-01,-2.428517141937486912e+00,-5.803061481052698589e+00,2.002580785028974463e-05
6.400000000000004297e-02,9.187323645567833097e-01,-3.918420464904270872e-01,-2.464966460890767763e+00,-5.787651221315314842e+00,2.034367781616350926e-05
6.500000000000004385e-02,9.162492142149927243e-01,-3.976218970729545332e-01,-2.501317766840785328e+00,-5.772011802648362888e+00,2.066154778203709092e-05
6.600000000000004474e-02,9.137297621753754928e-01,-4.033859939179254006e-01,-2.537569616298408715e+00,-5.756143851345426832e+00,2.097941774791048963e-05
6.700000000000004563e-02,9.111741086144879986e-01,-4.091341088096546175e-01,-2.573720569813505499e+00,-5.740048002827194296e+00,2.129728771378369860e-05
6.800000000000004652e-02,9.085823551462931524e-01,-4.148660141724301864e-01,-2.609769192033081886e+00,-5.723724901614936300e+00,2.161515767965671784e-05
6.900000000000004741e-02,9.059546048180340261e-01,-4.205814830796005821e-01,-2.645714051759243457e+00,-5.707175201303618550e+00,2.193302764552954395e-05
7.000000000000004829e-02,9.032909621060500882e-01,-4.262802892626347262e-01,-2.681553722006973395e+00,-5.690399564534631693e+00,2.225089761140217355e-05
7.100000000000004918e-02,9.005915329115352641e-01,-4.319622071201546509e-01,-2.717286780061725082e+00,-5.673398662968151207e+00,2.256876757727460325e-05
7.200000000000005007e-02,8.978564245562389301e-01,-4.376270117269402404e-01,-2.752911807536828626e+00,-5.656173177255127804e+00,2.288663754314683305e-05
7.300000000000005096e-02,8.950857457781093984e-01,-4.432744788429059946e-01,-2.788427390430705533e+00,-5.638723797008901251e+00,2.320450750901885618e-05
7.400000000000005185e-02,8.922796067268801146e-01,-4.489043849220489268e-01,-2.823832119183893763e+00,-5.621051220776452695e+00,2.352237747489067262e-05
7.500000000000005274e-02,8.894381189595992332e-01,-4.545165071213677077e-01,-2.859124588735875161e+00,-5.603156156009283073e+00,2.384024744076227901e-05
7.600000000000005362e-02,8.865613954361024618e-01,-4.601106233097526088e-01,-2.894303398581706599e+00,-5.585039319033927363e+00,2.415811740663367194e-05
7.700000000000005451e-02,8.836495505144290608e-01,-4.656865120768454158e-01,-2.929367152828452614e+00,-5.566701435022107347e+00,2.447598737250484803e-05
7.800000000000005540e-02,8.807026999461818884e-01,-4.712439527418696983e-01,-2.964314460251415095e+00,-5.548143237960514007e+00,2.479385733837580728e-05
7.900000000000005629e-02,8.777209608718309353e-01,-4.767827253624304928e-01,-2.999143934350157803e+00,-5.529365470620234646e+00,2.511172730424654292e-05
8.000000000000005718e-02,8.747044518159612370e-01,-4.823026107432832332e-01,-3.033854193404324828e+00,-5.510368884525814082e+00,2.542959727011705494e-05
8.100000000000005806e-02,8.716532926824650529e-01,-4.878033904450715941e-01,-3.068443860529249889e+00,-5.491154239923961455e+00,2.574746723598733995e-05
8.200000000000005895e-02,8.685676047496783125e-01,-4.932848467930339154e-01,-3.102911563731354239e+00,-5.471722305751896442e+00,2.606533720185739457e-05
8.300000000000005984e-02,8.654475106654618832e-01,-4.987467628856775970e-01,-3.137255935963330078e+00,-5.452073859605341077e+00,2.638320716772721541e-05
8.400000000000006073e-02,8.622931344422279931e-01,-5.041889226034216298e-01,-3.171475615179107699e+00,-5.432209687706153645e+00,2.670107713359680247e-05
8.500000000000006162e-02,8.591046014519115870e-01,-5.096111106172063199e-01,-3.205569244388604133e+00,-5.412130584869615291e+00,2.701894709946614897e-05
8.600000000000006251e-02,8.558820384208867260e-01,-5.150131123970700386e-01,-3.239535471712250647e+00,-5.391837354471361365e+00,2.733681706533525491e-05
8.700000000000006339e-02,8.526255734248293638e-01,-5.203947142206932774e-01,-3.273372950435299078e+00,-5.371330808413962821e+00,2.765468703120411691e-05
8.800000000000006428e-02,8.493353358835251665e-01,-5.257557031819083404e-01,-3.307080339061898577e+00,-5.350611767093161220e+00,2.797255699707273157e-05
8.900000000000006517e-02,8.460114565556238198e-01,-5.310958671991757862e-01,-3.340656301368948089e+00,-5.329681059363756468e+00,2.829042696294109551e-05
9.000000000000006606e-02,8.426540675333392683e-01,-5.364149950240261200e-01,-3.374099506459717457e+00,-5.308539522505148156e+00,2.860829692880920535e-05
9.100000000000006695e-02,8.392633022370967755e-01,-5.417128762494670680e-01,-3.407408628817236718e+00,-5.287188002186534952e+00,2.892616689467706107e-05
9.200000000000006783e-02,8.358392954101266925e-01,-5.469893013183557695e-01,-3.440582348357449138e+00,-5.265627352431773822e+00,2.924403686054465591e-05
9.300000000000006872e-02,8.323821831130047144e-01,-5.522440615317357748e-01,-3.473619350482130219e+00,-5.243858435583894639e+00,2.956190682641198986e-05
9.400000000000006961e-02,8.288921027181399559e-01,-5.574769490571385155e-01,-3.506518326131565111e+00,-5.221882122269280835e+00,2.987977679227905953e-05
9.500000000000007050e-02,8.253691929042100695e-01,-5.626877569368481380e-01,-3.539277971836986669e+00,-5.199699291361511655e+00,3.019764675814586155e-05
9.600000000000007139e-02,8.218135936505444050e-01,-5.678762790961310314e-01,-3.571896989772769260e+00,-5.177310829944870463e+00,3.051551672401239590e-05
9.700000000000007228e-02,8.182254462314545451e-01,-5.730423103514278305e-01,-3.604374087808376981e+00,-5.154717633277516420e+00,3.083338668987865920e-05
9.800000000000007316e-02,8.146048932105136586e-01,-5.781856464185086697e-01,-3.636707979560064530e+00,-5.131920604754330206e+00,3.115125665574464467e-05
9.900000000000007405e-02,8.109520784347836742e-01,-5.833060839205914672e-01,-3.668897384442328047e+00,-5.108920655869424010e+00,3.146912662161035232e-05
1.000000000000000749e-01,8.072671470289917162e-01,-5.884034203964220167e-01,-3.700941027719102827e+00,-5.085718706178329995e+00,3.178699658747577536e-05
1.010000000000000758e-01,8.035502453896549158e-01,-5.934774543083165543e-01,-3.732837640554709679e+00,-5.062315683259857479e+00,3.210486655334091380e-05
1.020000000000000767e-01,7.998015211791547063e-01,-5.985279850501658006e-01,-3.764585960064541936e+00,-5.038712522677627703e+00,3.242273651920576764e-05
1.030000000000000776e-01,7.960211233197606040e-01,-6.035548129554001440e-01,-3.796184729365496668e+00,-5.014910167941285302e+00,3.274060648507033010e-05
1.040000000000000785e-01,7.922092019876035840e-01,-6.085577393049166339e-01,-3.827632697626142999e+00,-4.990909570467390921e+00,3.305847645093460118e-05
1.050000000000000794e-01,7.883659086065994970e-01,-6.135365663349656717e-01,-3.858928620116630182e+00,-4.966711689539993202e+00,3.337634641679857410e-05
1.060000000000000803e-01,7.844913958423224143e-01,-6.184910972449989552e-01,-3.890071258258330555e+00,-4.942317492270884571e+00,3.369421638266224887e-05
1.070000000000000812e-01,7.805858175958290124e-01,-6.234211362054773442e-01,-3.921059379673213829e+00,-4.917727953559540843e+00,3.401208634852562548e-05
1.080000000000000820e-01,7.766493289974329972e-01,-6.283264883656379807e-01,-3.951891758232956686e+00,-4.892944056052750845e+00,3.432995631438869716e-05
1.090000000000000829e-01,7.726820864004313449e-01,-6.332069598612216632e-01,-3.982567174107778385e+00,-4.867966790103928965e+00,3.464782628025146391e-05
1.100000000000000838e-01,7.686842473747812488e-01,-6.380623578221588099e-01,-4.013084413815005469e+00,-4.842797153732123050e+00,3.496569624611391895e-05
1.110000000000000847e-01,7.646559707007288820e-01,-6.428924903802144541e-01,-4.043442270267361138e+00,-4.817436152580713227e+00,3.528356621197606229e-05
1.120000000000000856e-01,7.605974163623900886e-01,-6.476971666765919400e-01,-4.073639542820979287e+00,-4.791884799875806067e+00,3.560143617783788713e-05
1.130000000000000865e-01,7.565087455412827788e-01,-6.524761968694945402e-01,-4.103675037323137431e+00,-4.766144116384323226e+00,3.591930614369939350e-05
1.140000000000000874e-01,7.523901206098122518e-01,-6.572293921416454410e-01,-4.133547566159712083e+00,-4.740215130371788099e+00,3.623717610956058138e-05
1.150000000000000883e-01,7.482417051247092221e-01,-6.619565647077647608e-01,-4.163255948302350795e+00,-4.714098877559816714e+00,3.655504607542144399e-05
1.160000000000000892e-01,7.440636638204199960e-01,-6.666575278220044920e-01,-4.192799009355359985e+00,-4.687796401083306641e+00,3.687291604128198135e-05
1.170000000000000900e-01,7.398561626024510174e-01,-6.713320957853402549e-01,-4.222175581602305883e+00,-4.661308751447331034e+00,3.719078600714218667e-05
1.180000000000000909e-01,7.356193685406661187e-01,-6.759800839529198635e-01,-4.251384504052326818e+00,-4.634636986483742227e+00,3.750865597300205996e-05
1.190000000000000918e-01,7.313534498625381408e-01,-6.806013087413679274e-01,-4.280424622486159514e+00,-4.607782171307479580e+00,3.782652593886159443e-05
1.200000000000000927e-01,7.270585759463541464e-01,-6.851955876360474873e-01,-4.309294789501869616e+00,-4.580745378272588653e+00,3.814439590472079686e-05
1.210000000000000936e-01,7.227349173143756689e-01,-6.897627391982766865e-01,-4.337993864560290014e+00,-4.553527686927954399e+00,3.846226587057965371e-05
1.220000000000000945e-01,7.183826456259532200e-01,-6.943025830725012559e-01,-4.366520714030162509e+00,-4.526130183972746579e+00,3.878013583643816496e-05
1.230000000000000954e-01,7.140019336705957231e-01,-6.988149399934227013e-01,-4.394874211232987271e+00,-4.498553963211584517e+00,3.909800580229633063e-05
1.240000000000000963e-01,7.095929553609958695e-01,-7.032996317930811925e-01,-4.423053236487565876e+00,-4.470800125509417633e+00,3.941587576815415070e-05
1.250000000000000833e-01,7.051558857260104007e-01,-7.077564814078928235e-01,-4.451056677154249464e+00,-4.442869778746127096e+00,3.973374573401161841e-05
1.260000000000000842e-01,7.006909009035964253e-01,-7.121853128856423520e-01,-4.478883427678882256e+00,-4.414764037770853022e+00,4.005161569986872698e-05
1.270000000000000850e-01,6.961981781337045483e-01,-7.165859513924288660e-01,-4.506532389636440428e+00,-4.386484024356041900e+00,4.036948566572547641e-05
1.280000000000000859e-01,6.916778957511275916e-01,-7.209582232195664853e-01,-4.534002471774368104e+00,-4.358030867151226673e+00,4.068735563158186669e-05
1.290000000000000868e-01,6.871302331783066819e-01,-7.253019557904379910e-01,-4.561292590055599838e+00,-4.329405701636530601e+00,4.100522559743789106e-05
1.300000000000000877e-01,6.825553709180947060e-01,-7.296169776673021579e-01,-4.588401667701280218e+00,-4.300609670075905555e+00,4.132309556329354951e-05
1.310000000000000886e-01,6.779534905464763561e-01,-7.339031185580540129e-01,-4.615328635233168164e+00,-4.271643921470102079e+00,4.164096552914884204e-05
1.320000000000000895e-01,6.733247747052468757e-01,-7.381602093229379102e-01,-4.642072430515730375e+00,-4.242509611509378331e+00,4.195883549500376187e-05
1.330000000000000904e-01,6.686694070946482826e-01,-7.423880819812136433e-01,-4.668631998797921234e+00,-4.213207902525942572e+00,4.227670546085830224e-05
1.340000000000000913e-01,6.639875724659639600e-01,-7.465865697177741511e-01,-4.695006292754644761e+00,-4.183739963446137189e+00,4.259457542671246991e-05
1.350000000000000921e-01,6.592794566140723900e-01,-7.507555068897157069e-01,-4.721194272527900360e+00,-4.154106969742366040e+00,4.291244539256625133e-05
1.360000000000000930e-01,6.545452463699593659e-01,-7.548947290328600346e-01,-4.747194905767608830e+00,-4.124310103384766002e+00,4.323031535841965328e-05
1.370000000000000939e-01,6.497851295931900140e-01,-7.590040728682274640e-01,-4.773007167672119522e+00,-4.094350552792622722e+00,4.354818532427266899e-05
1.380000000000000948e-01,6.449992951643401806e-01,-7.630833763084620136e-01,-4.798630041028393300e+00,-4.064229512785539455e+00,4.386605529012529167e-05
1.390000000000000957e-01,6.401879329773876304e-01,-7.671324784642069572e-01,-4.824062516251862220e+00,-4.033948184534351888e+00,4.418392525597752133e-05
1.400000000000000966e-01,6.353512339320640523e-01,-7.711512196504314298e-01,-4.849303591425964122e+00,-4.003507775511800482e+00,4.450179522182935797e-05
1.410000000000000975e-01,6.304893899261675427e-01,-7.751394413927076288e-01,-4.874352272341351267e+00,-3.972909499442955905e+00,4.481966518768079480e-05
1.420000000000000984e-01,6.256025938478354531e-01,-7.790969864334382766e-01,-4.899207572534769461e+00,-3.942154576255403331e+00,4.513753515353183184e-05
1.430000000000000993e-01,6.206910395677793790e-01,-7.830236987380340130e-01,-4.923868513327607666e+00,-3.911244232029186474e+00,4.545540511938246908e-05
1.440000000000001001e-01,6.157549219314811806e-01,-7.869194235010409377e-01,-4.948334123864117196e+00,-3.880179698946514488e+00,4.577327508523269974e-05
1.450000000000001010e-01,6.107944367513514772e-01,-7.907840071522174163e-01,-4.972603441149297865e+00,-3.848962215241232609e+00,4.609114505108251705e-05
1.460000000000001019e-01,6.058097807988496175e-01,-7.946172973625601488e-01,-4.996675510086449279e+00,-3.817593025148060093e+00,4.640901501693192100e-05
1.470000000000001028e-01,6.008011517965670123e-01,-7.984191430502798337e-01,-5.020549383514388175e+00,-3.786073378851598115e+00,4.672688498278091161e-05
1.480000000000001037e-01,5.957687484102731634e-01,-8.021893943867254295e-01,-5.044224122244328257e+00,-3.754404532435108521e+00,4.704475494862948886e-05
1.490000000000001046e-01,5.907127702409249448e-01,-8.059279028022570124e-01,-5.067698795096421627e+00,-3.722587747829065208e+00,4.736262491447763921e-05
1.500000000000001055e-01,5.856334178166394677e-01,-8.096345209920672303e-01,-5.090972478935960943e+00,-3.690624292759485225e+00,4.768049488032536943e-05
1.510000000000001064e-01,5.805308925846310864e-01,-8.133091029219510215e-01,-5.114044258709240509e+00,-3.658515440696034293e+00,4.799836484617267274e-05
1.520000000000001072e-01,5.754053969031124316e-01,-8.169515038340228186e-01,-5.136913227479074529e+00,-3.626262470799916038e+00,4.831623481201954915e-05
1.530000000000001081e-01,5.702571340331605843e-01,-8.205615802523825719e-01,-5.159578486459973412e+00,-3.593866667871543630e+00,4.863410477786599188e-05
1.540000000000001090e-01,5.650863081305474989e-01,-8.241391899887281491e-01,-5.182039145052973694e+00,-3.561329322297996480e+00,4.895197474371200093e-05
1.550000000000001099e-01,5.598931242375365658e-01,-8.276841921479158870e-01,-5.204294320880123337e+00,-3.528651730000265108e+00,4.926984470955756952e-05
1.560000000000001108e-01,5.546777882746444233e-01,-8.311964471334680749e-01,-5.226343139818618866e+00,-3.495835192380286838e+00,4.958771467540269766e-05
1.570000000000001117e-01,5.494405070323686857e-01,-8.346758166530272582e-01,-5.248184736034593456e+00,-3.462881016267774115e+00,4.990558464124738534e-05
1.580000000000001126e-01,5.441814881628825873e-01,-8.381221637237572519e-01,-5.269818252016555071e+00,-3.429790513866836754e+00,5.022345460709162578e-05
1.590000000000001135e-01,5.389009401716958747e-01,-8.415353526776909732e-01,-5.291242838608478216e+00,-3.396565002702403024e+00,5.054132457293541899e-05
1.600000000000001144e-01,5.335990724092828374e-01,-8.449152491670242071e-01,-5.312457655042534199e+00,-3.363205805566439999e+00,5.085919453877875819e-05
1.610000000000001152e-01,5.282760950626780305e-01,-8.482617201693558595e-01,-5.333461868971478559e+00,-3.329714250463976732e+00,5.117706450462164338e-05
1.620000000000001161e-01,5.229322191470395786e-01,-8.515746339928735864e-01,-5.354254656500676113e+00,-3.296091670558930264e+00,5.149493447046406779e-05
1.630000000000001170e-01,5.175676564971807281e-01,-8.548538602814860221e-01,-5.374835202219774288e+00,-3.262339404119741548e+00,5.181280443630603141e-05
1.640000000000001179e-01,5.121826197590698682e-01,-8.580992700198997181e-01,-5.395202699234020294e+00,-3.228458794464818205e+00,5.213067440214753424e-05
1.650000000000001188e-01,5.067773223812994665e-01,-8.613107355386416808e-01,-5.415356349195216801e+00,-3.194451189907791200e+00,5.244854436798856951e-05
1.660000000000001197e-01,5.013519786065240291e-01,-8.644881305190275089e-01,-5.435295362332323243e+00,-3.160317943702584120e+00,5.276641433382913722e-05
1.670000000000001206e-01,4.959068034628681398e-01,-8.676313299980736859e-01,-5.455018957481692965e+00,-3.126060413988301256e+00,5.308428429966923059e-05
1.680000000000001215e-01,4.904420127553036357e-01,-8.707402103733553611e-01,-5.474526362116953315e+00,-3.091679963733933612e+00,5.340215426550884962e-05
1.690000000000001223e-01,4.849578230569979165e-01,-8.738146494078087301e-01,-5.493816812378520709e+00,-3.057177960682885942e+00,5.372002423134799432e-05
1.700000000000001232e-01,4.794544517006323336e-01,-8.768545262344772384e-01,-5.512889553102755080e+00,-3.022555777297329715e+00,5.403789419718665790e-05
1.710000000000001241e-01,4.739321167696918802e-01,-8.798597213612027179e-01,-5.531743837850749301e+00,-2.987814790702381540e+00,5.435576416302483359e-05
1.720000000000001250e-01,4.683910370897263475e-01,-8.828301166752602347e-01,-5.550378928936751777e+00,-2.952956382630111509e+00,5.467363412886252816e-05
1.730000000000001259e-01,4.628314322195828945e-01,-8.857655954479369820e-01,-5.568794097456226666e+00,-2.917981939363381017e+00,5.499150409469973484e-05
1.740000000000001268e-01,4.572535224426110823e-01,-8.886660423390549957e-01,-5.586988623313545510e+00,-2.882892851679517143e+00,5.530937406053644686e-05
1.750000000000001277e-01,4.516575287578402098e-01,-8.915313434014373595e-01,-5.604961795249310264e+00,-2.847690514793822736e+00,5.562724402637266420e-05
1.760000000000001286e-01,4.460436728711296706e-01,-8.943613860853177888e-01,-5.622712910867310399e+00,-2.812376328302923501e+00,5.594511399220838689e-05
1.770000000000001295e-01,4.404121771862923862e-01,-8.971560592426935932e-01,-5.640241276661106085e+00,-2.776951696127960112e+00,5.626298395804360812e-05
1.780000000000001303e-01,4.347632647961918173e-01,-8.999152531316219061e-01,-5.657546208040245439e+00,-2.741418026457621337e+00,5.658085392387832792e-05
1.790000000000001312e-01,4.290971594738131611e-01,-9.026388594204582949e-01,-5.674627029356107855e+00,-2.705776731691023951e+00,5.689872388971253949e-05
1.800000000000001321e-01,4.234140856633086814e-01,-9.053267711920390814e-01,-5.691483073927376957e+00,-2.670029228380442987e+00,5.721659385554624284e-05
1.810000000000001330e-01,4.177142684710178355e-01,-9.079788829478052659e-01,-5.708113684065139637e+00,-2.634176937173891897e+00,5.753446382137943120e-05
1.820000000000001339e-01,4.119979336564624783e-01,-9.105950906118699395e-01,-5.724518211097610276e+00,-2.598221282757558370e+00,5.785233378721210456e-05
1.830000000000001348e-01,4.062653076233174732e-01,-9.131752915350273003e-01,-5.740696015394483709e+00,-2.562163693798094499e+00,5.817020375304426293e-05
1.840000000000001357e-01,4.005166174103573229e-01,-9.157193844987043807e-01,-5.756646466390910710e+00,-2.526005602884766610e+00,5.848807371887589952e-05
1.850000000000001366e-01,3.947520906823787645e-01,-9.182272697188545996e-01,-5.772368942611096010e+00,-2.489748446471467869e+00,5.880594368470701435e-05
1.860000000000001374e-01,3.889719557211001044e-01,-9.206988488497934719e-01,-5.787862831691525045e+00,-2.453393664818592779e+00,5.912381365053760062e-05
1.870000000000001383e-01,3.831764414160374610e-01,-9.231340249879756987e-01,-5.803127530403806134e+00,-2.416942701934779336e+00,5.944168361636765834e-05
1.880000000000001392e-01,3.773657772553584699e-01,-9.255327026757146358e-01,-5.818162444677141387e+00,-2.380397005518520626e+00,5.975955358219718752e-05
1.890000000000001401e-01,3.715401933167135073e-01,-9.278947879048425884e-01,-5.832966989620414822e+00,-2.343758026899646296e+00,6.007742354802618137e-05
1.900000000000001410e-01,3.656999202580451525e-01,-9.302201881203129297e-01,-5.847540589543900325e+00,-2.307027220980679250e+00,6.039529351385463990e-05
1.910000000000001419e-01,3.598451893083761677e-01,-9.325088122237433774e-01,-5.861882677980594814e+00,-2.270206046178068870e+00,6.071316347968255632e-05
1.920000000000001428e-01,3.539762322585761067e-01,-9.347605705769006512e-01,-5.875992697707165036e+00,-2.233295964363303465e+00,6.103103344550993065e-05
1.930000000000001437e-01,3.480932814521076057e-01,-9.369753750051257324e-01,-5.889870100764516003e+00,-2.196298440803903240e+00,6.134890341133675609e-05
1.940000000000001446e-01,3.421965697757516911e-01,-9.391531388007006154e-01,-5.903514348477976625e+00,-2.159214944104298262e+00,6.166677337716303944e-05
1.950000000000001454e-01,3.362863306503136029e-01,-9.412937767261554400e-01,-5.916924911477104310e+00,-2.122046946146593616e+00,6.198464334298876713e-05
1.960000000000001463e-01,3.303627980213089121e-01,-9.433972050175166713e-01,-5.930101269715104984e+00,-2.084795922031222659e+00,6.230251330881393917e-05
1.970000000000001472e-01,3.244262063496300974e-01,-9.454633413874955483e-01,-5.943042912487871199e+00,-2.047463350017492800e+00,6.262038327463855555e-05
1.980000000000001481e-01,3.184767906021946371e-01,-9.474921050286171376e-01,-5.955749338452634767e+00,-2.010050711464025142e+00,6.293825324046261628e-05
1.990000000000001490e-01,3.125147862425745604e-01,-9.494834166162900990e-01,-5.968220055646234812e+00,-1.972559490769090651e+00,6.325612320628610781e-05
2.000000000000001499e-01,3.065404292216076798e-01,-9.514371983118161680e-01,-5.980454581503004796e+00,-1.934991175310847078e+00,6.357399317210903013e-05
2.010000000000001508e-01,3.005539559679914485e-01,-9.533533737653403506e-01,-5.992452442872267859e+00,-1.897347255387476395e+00,6.389186313793139679e-05
2.020000000000001517e-01,2.945556033788593875e-01,-9.552318681187408345e-01,-6.004213176035451127e+00,-1.859629224157227201e+00,6.420973310375318070e-05
2.030000000000001525e-01,2.885456088103405259e-01,-9.570726080084589471e-01,-6.015736326722811889e+00,-1.821838577578363649e+00,6.452760306957439540e-05
2.040000000000001534e-01,2.825242100681024104e-01,-9.588755215682693844e-01,-6.027021450129778302e+00,-1.783976814349025330e+00,6.484547303539502734e-05
2.050000000000001543e-01,2.764916453978779054e-01,-9.606405384319897101e-01,-6.038068110932900190e+00,-1.746045435846997007e+00,6.516334300121509008e-05
2.060000000000001552e-01,2.704481534759762273e-01,-9.623675897361301246e-01,-6.048875883305415257e+00,-1.708045946069395082e+00,6.548121296703457005e-05
2.070000000000001561e-01,2.643939733997787145e-01,-9.640566081224822836e-01,-6.059444350932428947e+00,-1.669979851572269913e+00,6.579908293285345372e-05
2.080000000000001570e-01,2.583293446782194969e-01,-9.657075277406482749e-01,-6.069773107025699055e+00,-1.631848661410128409e+00,6.611695289867175463e-05
2.090000000000001579e-01,2.522545072222516227e-01,-9.673202842505086441e-01,-6.079861754338041990e+00,-1.593653887075378472e+00,6.643482286448945922e-05
2.100000000000001588e-01,2.461697013352988628e-01,-9.688948148246300240e-01,-6.089709905177341120e+00,-1.555397042437698385e+00,6.675269283030658106e-05
2.110000000000001597e-01,2.400751677036939147e-01,-9.704310581506121469e-01,-6.099317181420172318e+00,-1.517079643683334256e+00,6.707056279612310659e-05
2.120000000000001605e-01,2.339711473871030345e-01,-9.719289544333737929e-01,-6.108683214525036931e+00,-1.478703209254325746e+00,6.738843276193902225e-05
2.130000000000001614e-01,2.278578818089376512e-01,-9.733884453973785655e-01,-6.117807645545205730e+00,-1.440269259787665845e+00,6.770630272775434160e-05
2.140000000000001623e-01,2.217356127467533244e-01,-9.748094742887989383e-01,-6.126690125141174725e+00,-1.401779318054394263e+00,6.802417269356905109e-05
2.150000000000001632e-01,2.156045823226364344e-01,-9.761919858776201275e-01,-6.135330313592729290e+00,-1.363234908898629305e+00,6.834204265938315071e-05
2.160000000000001641e-01,2.094650329935790756e-01,-9.775359264596826803e-01,-6.143727880810617492e+00,-1.324637559176539359e+00,6.865991262519664047e-05
2.170000000000001650e-01,2.033172075418424041e-01,-9.788412438586637787e-01,-6.151882506347836177e+00,-1.285988797695257091e+00,6.897778259100952037e-05
2.180000000000001659e-01,1.971613490653089107e-01,-9.801078874279978148e-01,-6.159793879410522699e+00,-1.247290155151738134e+00,6.929565255682177685e-05
2.190000000000001668e-01,1.909977009678239246e-01,-9.813358080527354588e-01,-6.167461698868457631e+00,-1.208543164071568032e+00,6.961352252263342346e-05
2.200000000000001676e-01,1.848265069495270141e-01,-9.825249581513417763e-01,-6.174885673265179342e+00,-1.169749358747719681e+00,6.993139248844444666e-05
2.210000000000001685e-01,1.786480109971732011e-01,-9.836752916774330613e-01,-6.182065520827701555e+00,-1.130910275179262348e+00,7.024926245425484645e-05
2.220000000000001694e-01,1.724624573744449052e-01,-9.847867641214521628e-01,-6.189000969475844549e+00,-1.092027451010026740e+00,7.056713242006460926e-05
2.230000000000001703e-01,1.662700906122545619e-01,-9.858593325122824158e-01,-6.195691756831175567e+00,-1.053102425467227876e+00,7.088500238587374866e-05
2.240000000000001712e-01,1.600711554990385810e-01,-9.868929554188006215e-01,-6.202137630225554865e+00,-1.014136739300047552e+00,7.120287235168225109e-05
2.250000000000001721e-01,1.538658970710429508e-01,-9.878875929513681875e-01,-6.208338346709290967e+00,-9.751319347181804931e-01,7.152074231749011655e-05
2.260000000000001730e-01,1.476545606026009039e-01,-9.888432067632606515e-01,-6.214293673058907785e+00,-9.360895553303448802e-01,7.183861228329734504e-05
2.270000000000001739e-01,1.414373915964028949e-01,-9.897597600520362526e-01,-6.220003385784519168e+00,-8.970111460827615568e-01,7.215648224910392301e-05
2.280000000000001747e-01,1.352146357737596116e-01,-9.906372175608426645e-01,-6.225467271136807312e+00,-8.578982531976029335e-01,7.247435221490986402e-05
2.290000000000001756e-01,1.289865390648579635e-01,-9.914755455796618877e-01,-6.230685125113619272e+00,-8.187524241114152446e-01,7.279222218071515450e-05
2.300000000000001765e-01,1.227533475990108536e-01,-9.922747119464940813e-01,-6.235656753466162883e+00,-7.795752074135159360e-01,7.311009214651979446e-05
2.310000000000001774e-01,1.165153076949008437e-01,-9.930346860484793314e-01,-6.240381971704817232e+00,-7.403681527843688492e-01,7.342796211232378390e-05
2.320000000000001783e-01,1.102726658508182689e-01,-9.937554388229582480e-01,-6.244860605104550544e+00,-7.011328109339401982e-01,7.374583207812710926e-05
2.330000000000001792e-01,1.040256687348940917e-01,-9.944369427584702770e-01,-6.249092488709946380e+00,-6.618707335400368930e-01,7.406370204392977055e-05
2.340000000000001801e-01,9.777456317532792762e-02,-9.950791718956910614e-01,-6.253077467339839046e+00,-6.225834731866307648e-01,7.438157200973178132e-05
2.350000000000001810e-01,9.151959615061167064e-02,-9.956821018283075198e-01,-6.256815395591559081e+00,-5.832725833021702444e-01,7.469944197553311446e-05
2.360000000000001819e-01,8.526101477974898368e-02,-9.962457097038315279e-01,-6.260306137844787955e+00,-5.439396180978828266e-01,7.501731194133378353e-05
2.370000000000001827e-01,7.899906631247122224e-02,-9.967699742243518735e-01,-6.263549568265018408e+00,-5.045861325060700953e-01,7.533518190713378853e-05
2.380000000000001836e-01,7.273399811945005511e-02,-9.972548756472244813e-01,-6.266545570806632881e+00,-4.652136821183980864e-01,7.565305187293311590e-05
2.390000000000001845e-01,6.646605768250717083e-02,-9.977003957857009109e-01,-6.269294039215581371e+00,-4.258238231241859850e-01,7.597092183873176564e-05
2.400000000000001854e-01,6.019549258482158327e-02,-9.981065180094952360e-01,-6.271794877031679150e+00,-3.864181122486943787e-01,7.628879180452973776e-05
2.410000000000001863e-01,5.392255050113473058e-02,-9.984732272452888635e-01,-6.274047997590505688e+00,-3.469981066914170631e-01,7.660666177032703225e-05
2.420000000000001872e-01,4.764747918795393666e-02,-9.988005099771742890e-01,-6.276053324024921665e+00,-3.075653640643774001e-01,7.692453173612363556e-05
2.430000000000001881e-01,4.137052647375455416e-02,-9.990883542470365697e-01,-6.277810789266190739e+00,-2.681214423304330574e-01,7.724240170191954769e-05
2.440000000000001890e-01,3.509194024918113608e-02,-9.993367496548731799e-01,-6.279320336044715845e+00,-2.286678997415905190e-01,7.756027166771476864e-05
2.450000000000001898e-01,2.881196845724810426e-02,-9.995456873590525815e-01,-6.280581916890386474e+00,-1.892062947773323345e-01,7.787814163350929842e-05
2.460000000000001907e-01,2.253085908354025488e-02,-9.997151600765108448e-01,-6.281595494132536039e+00,-1.497381860829595790e-01,7.819601159930313701e-05
2.470000000000001916e-01,1.624886014641348589e-02,-9.998451620828864295e-01,-6.282361039899509336e+00,-1.102651324079517992e-01,7.851388156509627088e-05
2.480000000000001925e-01,9.966219687196176819e-03,-9.999356892125936813e-01,-6.282878536117848078e+00,-7.078869254434694280e-02,7.883175153088870001e-05
2.490000000000001934e-01,3.683185760391546014e-03,-9.999867388588347117e-01,-6.283147974511082978e+00,-3.131042526514381946e-02,7.914962149668042441e-05
2.500000000000001665e-01,-2.599993576118560940e-03,-9.999983099735494374e-01,-6.283169356598139466e+00,8.168110737270695143e-03,7.946749146247144408e-05
2.510000000000001674e-01,-8.883070270868115986e-03,-9.999704030673041144e-01,-6.282942693691361491e+00,4.764535691266701817e-02,7.978536142826175902e-05
2.520000000000001683e-01,-1.516579628859917109e-02,-9.999030202091185870e-01,-6.282468006894142754e+00,8.711975491448854803e-02,8.010323139405135567e-05
2.530000000000001692e-01,-2.144792362005157327e-02,-9.997961650262318090e-01,-6.281745327098175125e+00,1.265897466613351841e-01,8.042110135984023404e-05
2.540000000000001701e-01,-2.772920429174970808e-02,-9.996498427038059686e-01,-6.280774694980309825e+00,1.660537743984122350e-01,8.073897132562839413e-05
2.550000000000001710e-01,-3.400939037578594448e-02,-9.994640599845689977e-01,-6.279556160999035797e+00,2.055102807589423985e-01,8.105684129141583593e-05
2.560000000000001719e-01,-4.028823399960035356e-02,-9.992388251683962386e-01,-6.278089785390570832e+00,2.449577088255383561e-01,8.137471125720254590e-05
2.570000000000001728e-01,-4.656548735575630898e-02,-9.989741481118300515e-01,-6.276375638164569004e+00,2.843945021915333937e-01,8.169258122298853758e-05
2.580000000000001736e-01,-5.284090271171162922e-02,-9.986700402275385802e-01,-6.274413799099445299e+00,3.238191050222681833e-01,8.201045118877379743e-05
2.590000000000001745e-01,-5.911423241958482788e-02,-9.983265144837130123e-01,-6.272204357737316549e+00,3.632299621163306846e-01,8.232832115455832544e-05
2.600000000000001754e-01,-6.538522892591613900e-02,-9.979435854034041098e-01,-6.269747413378556899e+00,4.026255189667470868e-01,8.264619112034210806e-05
2.610000000000001763e-01,-7.165364478142288718e-02,-9.975212690637965673e-01,-6.267043075075974912e+00,4.420042218221216235e-01,8.296406108612515884e-05
2.620000000000001772e-01,-7.791923265074886251e-02,-9.970595830954235295e-01,-6.264091461628607860e+00,4.813645177477225978e-01,8.328193105190746424e-05
2.630000000000001781e-01,-8.418174532220726314e-02,-9.965585466813188242e-01,-6.260892701575132335e+00,5.207048546865121752e-01,8.359980101768902424e-05
2.640000000000001790e-01,-9.044093571751690708e-02,-9.960181805561093560e-01,-6.257446933186896487e+00,5.600236815201179441e-01,8.391767098346983886e-05
2.650000000000001799e-01,-9.669655690153124150e-02,-9.954385070050454365e-01,-6.253754304460569458e+00,5.993194481297434706e-01,8.423554094924990809e-05
2.660000000000001807e-01,-1.029483620919598441e-01,-9.948195498629711642e-01,-6.249814973110416894e+00,6.385906054570159585e-01,8.455341091502921837e-05
2.670000000000001816e-01,-1.091961046690819864e-01,-9.941613345132334079e-01,-6.245629106560190991e+00,6.778356055647681844e-01,8.487128088080776972e-05
2.680000000000001825e-01,-1.154395381854519259e-01,-9.934638878865303946e-01,-6.241196881934645724e+00,7.170529016977527093e-01,8.518915084658556212e-05
2.690000000000001834e-01,-1.216784163755954967e-01,-9.927272384596992350e-01,-6.236518486050674603e+00,7.562409483432861457e-01,8.550702081236259558e-05
2.700000000000001843e-01,-1.279124931656976660e-01,-9.919514162544433855e-01,-6.231594115408068291e+00,7.953982012918205946e-01,8.582489077813887010e-05
2.710000000000001852e-01,-1.341415226832806395e-01,-9.911364528359988268e-01,-6.226423976179899178e+00,8.345231176974404752e-01,8.614276074391437213e-05
2.720000000000001861e-01,-1.403652592668721832e-01,-9.902823813117407337e-01,-6.221008284202530270e+00,8.736141561382820830e-01,8.646063070968910166e-05
2.730000000000001870e-01,-1.465834574756637587e-01,-9.893892363297287496e-01,-6.215347264965245699e+00,9.126697766768741005e-01,8.677850067546305870e-05
2.740000000000001878e-01,-1.527958720991581532e-01,-9.884570540771927538e-01,-6.209441153599509100e+00,9.516884409203961726e-01,8.709637064123624324e-05
2.750000000000001887e-01,-1.590022581668060486e-01,-9.874858722789580101e-01,-6.203290194867849827e+00,9.906686120808533280e-01,8.741424060700864174e-05
2.760000000000001896e-01,-1.652023709576314614e-01,-9.864757301958104740e-01,-6.196894643152372595e+00,1.029608755035164691e+00,8.773211057278026775e-05
2.770000000000001905e-01,-1.713959660098453297e-01,-9.854266686228014827e-01,-6.190254762442899406e+00,1.068507336385162709e+00,8.804998053855110770e-05
2.780000000000001914e-01,-1.775827991304471942e-01,-9.843387298874933800e-01,-6.183370826324734004e+00,1.107362824517502675e+00,8.836785050432116161e-05
2.790000000000001923e-01,-1.837626264048144442e-01,-9.832119578481443023e-01,-6.176243117966063068e+00,1.146173689663478434e+00,8.868572047009041592e-05
2.800000000000001932e-01,-1.899352042062786849e-01,-9.820463978918340109e-01,-6.168871930104980805e+00,1.184938403958742503e+00,8.900359043585888419e-05
2.810000000000001941e-01,-1.961002892056890046e-01,-9.808420969325295502e-01,-6.161257565036150297e+00,1.223655441502929708e+00,8.932146040162655285e-05
2.820000000000001950e-01,-2.022576383809617795e-01,-9.795991034090915095e-01,-6.153400334597090016e+00,1.262323278419179795e+00,8.963933036739342192e-05
2.830000000000001958e-01,-2.084070090266164632e-01,-9.783174672832208874e-01,-6.145300560154099756e+00,1.300940392913558785e+00,8.995720033315949139e-05
2.840000000000001967e-01,-2.145481587632971920e-01,-9.769972400373463373e-01,-6.136958572587815297e+00,1.339505265334375972e+00,9.027507029892476126e-05
2.850000000000001976e-01,-2.206808455472797359e-01,-9.756384746724524604e-01,-6.128374712278398917e+00,1.378016378231393890e+00,9.059294026468921797e-05
2.860000000000001985e-01,-2.268048276799635166e-01,-9.742412257058487013e-01,-6.119549329090364864e+00,1.416472216414929930e+00,9.091081023045286154e-05
2.870000000000001994e-01,-2.329198638173481939e-01,-9.728055491688794021e-01,-6.110482782357040676e+00,1.454871267014847147e+00,9.122868019621569195e-05
2.880000000000002003e-01,-2.390257129794945146e-01,-9.713315026045746814e-01,-6.101175440864664345e+00,1.493212019539432056e+00,9.154655016197770921e-05
2.890000000000002012e-01,-2.451221345599691459e-01,-9.698191450652426937e-01,-6.091627682836122659e+00,1.531492965934156292e+00,9.186442012773891332e-05
2.900000000000002021e-01,-2.512088883352731061e-01,-9.682685371100030469e-01,-6.081839895914322724e+00,1.569712600640322364e+00,9.218229009349929073e-05
2.910000000000002029e-01,-2.572857344742532359e-01,-9.666797408022618221e-01,-6.071812477145209108e+00,1.607869420653588177e+00,9.250016005925884143e-05
2.920000000000002038e-01,-2.633524335474966560e-01,-9.650528197071278624e-01,-6.061545832960415936e+00,1.645961925582370755e+00,9.281803002501756543e-05
2.930000000000002047e-01,-2.694087465367075440e-01,-9.633878388887708866e-01,-6.051040379159563720e+00,1.683988617706125179e+00,9.313589999077546272e-05
2.940000000000002056e-01,-2.754544348440662316e-01,-9.616848649077215372e-01,-6.040296540892199140e+00,1.721948002033498515e+00,9.345376995653253331e-05
2.950000000000002065e-01,-2.814892603015698991e-01,-9.599439658181128099e-01,-6.029314752639374220e+00,1.759838586360354729e+00,9.377163992228876364e-05
2.960000000000002074e-01,-2.875129851803547298e-01,-9.581652111648643055e-01,-6.018095458194873792e+00,1.797658881327669267e+00,9.408950988804415372e-05
2.970000000000002083e-01,-2.935253721999990240e-01,-9.563486719808079739e-01,-6.006639110646087687e+00,1.835407400479291296e+00,9.440737985379870354e-05
2.980000000000002092e-01,-2.995261845378072718e-01,-9.544944207837564587e-01,-5.994946172354526759e+00,1.873082660319571602e+00,9.472524981955241310e-05
2.990000000000002101e-01,-3.055151858380742436e-01,-9.526025315735137111e-01,-5.983017114935989866e+00,1.910683180370852829e+00,9.504311978530526886e-05
3.000000000000002109e-01,-3.114921402213292612e-01,-9.506730798288286488e-01,-5.970852419240376463e+00,1.948207483230822268e+00,9.536098975105727080e-05
3.010000000000002118e-01,-3.174568122935600423e-01,-9.487061425042908613e-01,-5.958452575331150136e+00,1.985654094629722755e+00,9.567885971680843249e-05
3.020000000000002127e-01,-3.234089671554158940e-01,-9.467017980271695832e-01,-5.945818082464449539e+00,2.023021543487420804e+00,9.599672968255872681e-05
3.030000000000002136e-01,-3.293483704113897570e-01,-9.446601262941958232e-01,-5.932949449067858261e+00,2.060308361970329738e+00,9.631459964830816733e-05
3.040000000000002145e-01,-3.352747881789788220e-01,-9.425812086682870961e-01,-5.919847192718816764e+00,2.097513085548186496e+00,9.663246961405674048e-05
3.050000000000002154e-01,-3.411879870978236085e-01,-9.404651279752159754e-01,-5.906511840122698587e+00,2.134634253050677000e+00,9.695033957980445983e-05
3.060000000000002163e-01,-3.470877343388247271e-01,-9.383119685002218047e-01,-5.892943927090533052e+00,2.171670406723912983e+00,9.726820954555131181e-05
3.070000000000002172e-01,-3.529737976132371613e-01,-9.361218159845662301e-01,-5.879143998516388692e+00,2.208620092286754932e+00,9.758607951129729644e-05
3.080000000000002180e-01,-3.588459451817420098e-01,-9.338947576220321123e-01,-5.865112608354412949e+00,2.245481858986977386e+00,9.790394947704240014e-05
3.090000000000002189e-01,-3.647039458634947495e-01,-9.316308820553667047e-01,-5.850850319595527260e+00,2.282254259657280127e+00,9.822181944278663649e-05
3.100000000000002198e-01,-3.705475690451504600e-01,-9.293302793726689881e-01,-5.836357704243786415e+00,2.318935850771138618e+00,9.853968940852999192e-05
3.110000000000002207e-01,-3.763765846898647904e-01,-9.269930411037208273e-01,-5.821635343292394182e+00,2.355525192498493237e+00,9.885755937427246644e-05
3.120000000000002216e-01,-3.821907633462710563e-01,-9.246192602162627283e-01,-5.806683826699379658e+00,2.392020848761275076e+00,9.917542934001406004e-05
3.130000000000002225e-01,-3.879898761574327448e-01,-9.222090311122140838e-01,-5.791503753362942319e+00,2.428421387288766553e+00,9.949329930575475918e-05
3.140000000000002234e-01,-3.937736948697712625e-01,-9.197624496238385738e-01,-5.776095731096456021e+00,2.464725379672795036e+00,9.981116927149456385e-05
3.150000000000002243e-01,-3.995419918419684246e-01,-9.172796130098536116e-01,-5.760460376603139032e+00,2.500931401422756828e+00,1.001290392372334876e-04
3.160000000000002252e-01,-4.052945400538434662e-01,-9.147606199514857206e-01,-5.744598315450391013e+00,2.537038032020470624e+00,1.004469092029715169e-04
3.170000000000002260e-01,-4.110311131152043496e-01,-9.122055705484706234e-01,-5.728510182043797805e+00,2.573043854974856881e+00,1.007647791687086382e-04
3.180000000000002269e-01,-4.167514852746727616e-01,-9.096145663149987071e-01,-5.712196619600805825e+00,2.608947457876443554e+00,1.010826491344448650e-04
3.190000000000002278e-01,-4.224554314284826306e-01,-9.069877101756064208e-01,-5.695658280124062500e+00,2.644747432451693747e+00,1.014005191001801837e-04
3.200000000000002287e-01,-4.281427271292518877e-01,-9.043251064610133838e-01,-5.678895824374435186e+00,2.680442374617153511e+00,1.017183890659145945e-04
3.210000000000002296e-01,-4.338131485947271382e-01,-9.016268609039048698e-01,-5.661909921843694349e+00,2.716030884533422007e+00,1.020362590316480973e-04
3.220000000000002305e-01,-4.394664727165006890e-01,-8.988930806346613345e-01,-5.644701250726877895e+00,2.751511566658936037e+00,1.023541289973806920e-04
3.230000000000002314e-01,-4.451024770686998755e-01,-8.961238741770333194e-01,-5.627270497894325985e+00,2.786883029803570722e+00,1.026719989631123651e-04
3.240000000000002323e-01,-4.507209399166481889e-01,-8.933193514437637317e-01,-5.609618358863393439e+00,2.822143887182054556e+00,1.029898689288431167e-04
3.250000000000002331e-01,-4.563216402254982040e-01,-8.904796237321560559e-01,-5.591745537769839736e+00,2.857292756467195716e+00,1.033077388945729467e-04
3.260000000000002340e-01,-4.619043576688353081e-01,-8.876048037195897189e-01,-5.573652747338900149e+00,2.892328259842917415e+00,1.036256088603018552e-04
3.270000000000002349e-01,-4.674688726372527303e-01,-8.846950054589827195e-01,-5.555340708856032705e+00,2.927249024057101856e+00,1.039434788260298420e-04
3.280000000000002358e-01,-4.730149662468969285e-01,-8.817503443742013003e-01,-5.536810152137353391e+00,2.962053680474241002e+00,1.042613487917568938e-04
3.290000000000002367e-01,-4.785424203479834437e-01,-8.787709372554169951e-01,-5.518061815499746281e+00,2.996740865127889730e+00,1.045792187574830239e-04
3.300000000000002376e-01,-4.840510175332823906e-01,-8.757569022544114956e-01,-5.499096445730664584e+00,3.031309218772923586e+00,1.048970887232082190e-04
3.310000000000002385e-01,-4.895405411465740819e-01,-8.727083588798292269e-01,-5.479914798057613723e+00,3.065757386937595808e+00,1.052149586889324654e-04
3.320000000000002394e-01,-4.950107752910734016e-01,-8.696254279923779640e-01,-5.460517636117323548e+00,3.100084019975393179e+00,1.055328286546557766e-04
3.330000000000002403e-01,-5.004615048378235898e-01,-8.665082317999780459e-01,-5.440905731924607913e+00,3.134287773116690712e+00,1.058506986203781392e-04
3.340000000000002411e-01,-5.058925154340587760e-01,-8.633568938528594083e-01,-5.421079865840913392e+00,3.168367306520198046e+00,1.061685685860995531e-04
3.350000000000002420e-01,-5.113035935115345376e-01,-8.601715390386078797e-01,-5.401040826542560680e+00,3.202321285324203792e+00,1.064864385518200183e-04
3.360000000000002429e-01,-5.166945262948269280e-01,-8.569522935771597405e-01,-5.380789410988678689e+00,3.236148379697607602e+00,1.068043085175395348e-04
3.370000000000002438e-01,-5.220651018095990858e-01,-8.536992850157459900e-01,-5.360326424388828670e+00,3.269847264890745731e+00,1.071221784832581027e-04
3.380000000000002447e-01,-5.274151088908352047e-01,-8.504126422237855421e-01,-5.339652680170330790e+00,3.303416621286001220e+00,1.074400484489757083e-04
3.390000000000002456e-01,-5.327443371910419723e-01,-8.470924953877277952e-01,-5.318768999945281628e+00,3.336855134448203586e+00,1.077579184146923517e-04
3.400000000000002465e-01,-5.380525771884167030e-01,-8.437389760058452426e-01,-5.297676213477272356e+00,3.370161495174812227e+00,1.080757883804080329e-04
3.410000000000002474e-01,-5.433396201949821647e-01,-8.403522168829756778e-01,-5.276375158647805819e+00,3.403334399545882683e+00,1.083936583461227518e-04
3.420000000000002482e-01,-5.486052583646874314e-01,-8.369323521252148845e-01,-5.254866681422415198e+00,3.436372548973813945e+00,1.087115283118364950e-04
3.430000000000002491e-01,-5.538492847014748754e-01,-8.334795171345594778e-01,-5.233151635816486014e+00,3.469274650252877290e+00,1.090293982775492624e-04
3.440000000000002500e-01,-5.590714930673128524e-01,-8.299938486035001173e-01,-5.211230883860780594e+00,3.502039415608520390e+00,1.093472682432610539e-04
3.450000000000002509e-01,-5.642716781901936374e-01,-8.264754845095662050e-01,-5.189105295566669440e+00,3.534665562746449829e+00,1.096651382089718698e-04
3.460000000000002518e-01,-5.694496356720966102e-01,-8.229245641098207331e-01,-5.166775748891069497e+00,3.567151814901488027e+00,1.099830081746817098e-04
3.470000000000002527e-01,-5.746051619969161361e-01,-8.193412279353072813e-01,-5.144243129701090211e+00,3.599496900886201889e+00,1.103008781403905605e-04
3.480000000000002536e-01,-5.797380545383540307e-01,-8.157256177854476098e-01,-5.121508331738389153e+00,3.631699555139304536e+00,1.106187481060984354e-04
3.490000000000002545e-01,-5.848481115677759412e-01,-8.120778767223916228e-01,-5.098572256583243423e+00,3.663758517773825218e+00,1.109366180718053210e-04
3.500000000000002554e-01,-5.899351322620320914e-01,-8.083981490653191493e-01,-5.075435813618326186e+00,3.695672534625049632e+00,1.112544880375112037e-04
3.510000000000002562e-01,-5.949989167112413879e-01,-8.046865803846936505e-01,-5.052099919992206090e+00,3.727440357298223095e+00,1.115723580032160970e-04
3.520000000000002571e-01,-6.000392659265388895e-01,-8.009433174964686319e-01,-5.028565500582557135e+00,3.759060743216022793e+00,1.118902279689199875e-04
3.530000000000002580e-01,-6.050559818477865281e-01,-7.971685084562464274e-01,-5.004833487959089666e+00,3.790532455665790224e+00,1.122080979346228887e-04
3.540000000000002589e-01,-6.100488673512463045e-01,-7.933623025533901307e-01,-4.980904822346197136e+00,3.821854263846526489e+00,1.125259679003247869e-04
3.550000000000002598e-01,-6.150177262572162906e-01,-7.895248503050885658e-01,-4.956780451585328429e+00,3.853024942915649120e+00,1.128438378660256687e-04
3.560000000000002607e-01,-6.199623633376288856e-01,-7.856563034503746268e-01,-4.932461331097075963e+00,3.884043274035505089e+00,1.131617078317255476e-04
3.570000000000002616e-01,-6.248825843236106570e-01,-7.817568149440968783e-01,-4.907948423842995567e+00,3.914908044419642241e+00,1.134795777974244101e-04
3.580000000000002625e-01,-6.297781959130041018e-01,-7.778265389508456362e-01,-4.883242700287143911e+00,3.945618047378836035e+00,1.137974477631222562e-04
3.590000000000002633e-01,-6.346490057778511051e-01,-7.738656308388328631e-01,-4.858345138357348603e+00,3.976172082366870697e+00,1.141153177288190858e-04
3.600000000000002642e-01,-6.394948225718369850e-01,-7.698742471737261006e-01,-4.833256723406206490e+00,4.006568955026072132e+00,1.144331876945148989e-04
3.610000000000002651e-01,-6.443154559376955692e-01,-7.658525457124374380e-01,-4.807978448171806640e+00,4.036807477232592589e+00,1.147510576602096821e-04
3.620000000000002660e-01,-6.491107165145750812e-01,-7.618006853968672942e-01,-4.782511312738193965e+00,4.066886467141444861e+00,1.150689276259034489e-04
3.630000000000002669e-01,-6.538804159453642795e-01,-7.577188263476026808e-01,-4.756856324495558397e+00,4.096804749231282905e+00,1.153867975915961856e-04
3.640000000000002678e-01,-6.586243668839784071e-01,-7.536071298575718336e-01,-4.731014498100164722e+00,4.126561154348931559e+00,1.157046675572878923e-04
3.650000000000002687e-01,-6.633423830026051737e-01,-7.494657583856534355e-01,-4.704986855434013293e+00,4.156154519753658683e+00,1.160225375229785556e-04
3.660000000000002696e-01,-6.680342789989104357e-01,-7.452948755502424305e-01,-4.678774425564247608e+00,4.185583689161193277e+00,1.163404074886681888e-04
3.670000000000002705e-01,-6.726998706032026876e-01,-7.410946461227715387e-01,-4.652378244702291887e+00,4.214847512787483375e+00,1.166582774543567784e-04
3.680000000000002713e-01,-6.773389745855566968e-01,-7.368652360211892516e-01,-4.625799356162738185e+00,4.243944847392198128e+00,1.169761474200443246e-04
3.690000000000002722e-01,-6.819514087628963939e-01,-7.326068123033946389e-01,-4.599038810321973259e+00,4.272874556321965223e+00,1.172940173857308271e-04
3.700000000000002731e-01,-6.865369920060355735e-01,-7.283195431606285242e-01,-4.572097664576549647e+00,4.301635509553349834e+00,1.176118873514162726e-04
3.710000000000002740e-01,-6.910955442466771848e-01,-7.240035979108225828e-01,-4.544976983301307172e+00,4.330226583735566237e+00,1.179297573171006746e-04
3.720000000000002749e-01,-6.956268864843707656e-01,-7.196591469919051409e-01,-4.517677837807237751e+00,4.358646662232928293e+00,1.182476272827840194e-04
3.730000000000002758e-01,-7.001308407934270228e-01,-7.152863619550651197e-01,-4.490201306299102413e+00,4.386894635167031709e+00,1.185654972484663072e-04
3.740000000000002767e-01,-7.046072303297907791e-01,-7.108854154579737905e-01,-4.462548473832802287e+00,4.414969399458668953e+00,1.188833672141475378e-04
3.750000000000002776e-01,-7.090558793378703983e-01,-7.064564812579645636e-01,-4.434720432272499124e+00,4.442869858869475053e+00,1.192012371798276978e-04
3.760000000000002784e-01,-7.134766131573245795e-01,-7.019997342051714773e-01,-4.406718280247493347e+00,4.470594924043304275e+00,1.195191071455068007e-04
3.770000000000002793e-01,-7.178692582298057401e-01,-6.975153502356266078e-01,-4.378543123108855184e+00,4.498143512547333245e+00,1.198369771111848330e-04
3.780000000000002802e-01,-7.222336421056602118e-01,-6.930035063643161797e-01,-4.350196072885820442e+00,4.525514548912892288e+00,1.201548470768617946e-04
3.790000000000002811e-01,-7.265695934505843612e-01,-6.884643806781960418e-01,-4.321678248241941134e+00,4.552706964676021428e+00,1.204727170425376720e-04
3.800000000000002820e-01,-7.308769420522368554e-01,-6.838981523291668418e-01,-4.292990774430998968e+00,4.579719698417751950e+00,1.207905870082124787e-04
3.810000000000002829e-01,-7.351555188268069641e-01,-6.793050015270090114e-01,-4.264134783252685246e+00,4.606551695804112612e+00,1.211084569738862012e-04
3.820000000000002838e-01,-7.394051558255377854e-01,-6.746851095322780045e-01,-4.235111413008042724e+00,4.633201909625851656e+00,1.214263269395588396e-04
3.830000000000002847e-01,-7.436256862412057300e-01,-6.700386586491595686e-01,-4.205921808454674782e+00,4.659669299837887912e+00,1.217441969052303937e-04
3.840000000000002855e-01,-7.478169444145541522e-01,-6.653658322182861573e-01,-4.176567120761726315e+00,4.685952833598473255e+00,1.220620668709008637e-04
3.850000000000002864e-01,-7.519787658406825726e-01,-6.606668146095141525e-01,-4.147048507464631939e+00,4.712051485308078824e+00,1.223799368365702494e-04
3.860000000000002873e-01,-7.561109871753901590e-01,-6.559417912146622287e-01,-4.117367132419638587e+00,4.737964236647992600e+00,1.226978068022385238e-04
3.870000000000002882e-01,-7.602134462414736893e-01,-6.511909484402113035e-01,-4.087524165758099848e+00,4.763690076618639857e+00,1.230156767679057141e-04
3.880000000000002891e-01,-7.642859820349796607e-01,-6.464144736999666296e-01,-4.057520783840550038e+00,4.789228001577610527e+00,1.233335467335717930e-04
3.890000000000002900e-01,-7.683284347314105478e-01,-6.416125554076813620e-01,-4.027358169210550010e+00,4.814577015277404115e+00,1.236514166992367877e-04
3.900000000000002909e-01,-7.723406456918845420e-01,-6.367853829696431545e-01,-3.997037510548319794e+00,4.839736128902885959e+00,1.239692866649006711e-04
3.910000000000002918e-01,-7.763224574692489943e-01,-6.319331467772232314e-01,-3.966560002624144765e+00,4.864704361108451280e+00,1.242871566305634432e-04
3.920000000000002927e-01,-7.802737138141471185e-01,-6.270560381993880439e-01,-3.935926846251569966e+00,4.889480738054905018e+00,1.246050265962251040e-04
3.930000000000002935e-01,-7.841942596810377308e-01,-6.221542495751749557e-01,-3.905139248240376837e+00,4.914064293446042342e+00,1.249228965618856535e-04
3.940000000000002944e-01,-7.880839412341676953e-01,-6.172279742061308472e-01,-3.874198421349347221e+00,4.938454068564942290e+00,1.252407665275450646e-04
3.950000000000002953e-01,-7.919426058534976276e-01,-6.122774063487148588e-01,-3.843105584238815986e+00,4.962649112309965638e+00,1.255586364932033644e-04
3.960000000000002962e-01,-7.957701021405793051e-01,-6.073027412066652753e-01,-3.811861961423011813e+00,4.986648481230457008e+00,1.258765064588605528e-04
3.970000000000002971e-01,-7.995662799243857810e-01,-6.023041749233307707e-01,-3.780468783222192375e+00,5.010451239562151216e+00,1.261943764245166029e-04
3.980000000000002980e-01,-8.033309902670932034e-01,-5.972819045739663490e-01,-3.748927285714572122e+00,5.034056459262283845e+00,1.265122463901715416e-04
3.990000000000002989e-01,-8.070640854698150068e-01,-5.922361281579946457e-01,-3.717238710688044900e+00,5.057463220044399854e+00,1.268301163558253420e-04
4.000000000000002998e-01,-8.107654190782871417e-01,-5.871670445912321457e-01,-3.685404305591705398e+00,5.080670609412867300e+00,1.271479863214780039e-04
4.010000000000003006e-01,-8.144348458885048991e-01,-5.820748536980813181e-01,-3.653425323487168530e+00,5.103677722697088193e+00,1.274658562871295274e-04
4.020000000000003015e-01,-8.180722219523111072e-01,-5.769597562036885563e-01,-3.621303022999690757e+00,5.126483663085405595e+00,1.277837262527799125e-04
4.030000000000003024e-01,-8.216774045829351447e-01,-5.718219537260684771e-01,-3.589038668269093346e+00,5.149087541658714073e+00,1.281015962184291592e-04
4.040000000000003033e-01,-8.252502523604832163e-01,-5.666616487681944703e-01,-3.556633528900491115e+00,5.171488477423758390e+00,1.284194661840772674e-04
4.050000000000003042e-01,-8.287906251373784450e-01,-5.614790447100567183e-01,-3.524088879914827110e+00,5.193685597346134664e+00,1.287373361497242102e-04
4.060000000000003051e-01,-8.322983840437522263e-01,-5.562743458006865760e-01,-3.491406001699215889e+00,5.215678036382982441e+00,1.290552061153700145e-04
4.070000000000003060e-01,-8.357733914927855112e-01,-5.510477571501489757e-01,-3.458586179957098050e+00,5.237464937515368568e+00,1.293730760810146534e-04
4.080000000000003069e-01,-8.392155111859997962e-01,-5.457994847215026368e-01,-3.425630705658204267e+00,5.259045451780369085e+00,1.296909460466581267e-04
4.090000000000003078e-01,-8.426246081184985970e-01,-5.405297353227277446e-01,-3.392540874988336341e+00,5.280418738302833148e+00,1.300088160123004616e-04
4.100000000000003086e-01,-8.460005485841582962e-01,-5.352387165986226547e-01,-3.359317989298961749e+00,5.301583964326846754e+00,1.303266859779416309e-04
4.110000000000003095e-01,-8.493432001807685872e-01,-5.299266370226690670e-01,-3.325963355056627435e+00,5.322540305246878489e+00,1.306445559435816348e-04
4.120000000000003104e-01,-8.526524318151220694e-01,-5.245937058888662241e-01,-3.292478283792191096e+00,5.343286944638618863e+00,1.309624259092204731e-04
4.130000000000003113e-01,-8.559281137080529955e-01,-5.192401333035342459e-01,-3.258864092049876593e+00,5.363823074289501669e+00,1.312802958748581189e-04
4.140000000000003122e-01,-8.591701173994253926e-01,-5.138661301770873768e-01,-3.225122101336151292e+00,5.384147894228917153e+00,1.315981658404945991e-04
4.150000000000003131e-01,-8.623783157530694465e-01,-5.084719082157770353e-01,-3.191253638068427989e+00,5.404260612758107207e+00,1.319160358061299138e-04
4.160000000000003140e-01,-8.655525829616668165e-01,-5.030576799134051091e-01,-3.157260033523594078e+00,5.424160446479746156e+00,1.322339057717640358e-04
4.170000000000003149e-01,-8.686927945515842131e-01,-4.976236585430078296e-01,-3.123142623786371974e+00,5.443846620327204455e+00,1.325517757373969924e-04
4.180000000000003157e-01,-8.717988273876555727e-01,-4.921700581485107806e-01,-3.088902749697506778e+00,5.463318367593497094e+00,1.328696457030287563e-04
4.190000000000003166e-01,-8.748705596779117188e-01,-4.866970935363546524e-01,-3.054541756801789187e+00,5.482574929959911358e+00,1.331875156686593276e-04
4.200000000000003175e-01,-8.779078709782586198e-01,-4.812049802670929077e-01,-3.020060995295912765e+00,5.501615557524317524e+00,1.335053856342887063e-04
4.210000000000003184e-01,-8.809106421971032441e-01,-4.756939346469612473e-01,-2.985461819976166442e+00,5.520439508829158903e+00,1.338232555999168923e-04
4.220000000000003193e-01,-8.838787555999265688e-01,-4.701641737194190984e-01,-2.950745590185967160e+00,5.539046050889120387e+00,1.341411255655438858e-04
4.230000000000003202e-01,-8.868120948138048520e-01,-4.646159152566635697e-01,-2.915913669763232186e+00,5.557434459218478118e+00,1.344589955311696866e-04
4.240000000000003211e-01,-8.897105448318773924e-01,-4.590493777511164830e-01,-2.880967426987593338e+00,5.575604017858121431e+00,1.347768654967942677e-04
4.250000000000003220e-01,-8.925739920177619968e-01,-4.534647804068843713e-01,-2.845908234527456226e+00,5.593554019402258604e+00,1.350947354624176561e-04
4.260000000000003229e-01,-8.954023241099171582e-01,-4.478623431311917757e-01,-2.810737469386904941e+00,5.611283765024793091e+00,1.354126054280398248e-04
4.270000000000003237e-01,-8.981954302259510525e-01,-4.422422865257887858e-01,-2.775456512852454871e+00,5.628792564505376461e+00,1.357304753936608010e-04
4.280000000000003246e-01,-9.009532008668773573e-01,-4.366048318783321003e-01,-2.740066750439655419e+00,5.646079736255138037e+00,1.360483453592805573e-04
4.290000000000003255e-01,-9.036755279213174452e-01,-4.309502011537409416e-01,-2.704569571839546605e+00,5.663144607342083248e+00,1.363662153248990940e-04
4.300000000000003264e-01,-9.063623046696492880e-01,-4.252786169855277132e-01,-2.668966370864965576e+00,5.679986513516169566e+00,1.366840852905164109e-04
4.310000000000003273e-01,-9.090134257881020696e-01,-4.195903026671035652e-01,-2.633258545396712336e+00,5.696604799234052052e+00,1.370019552561325081e-04
4.320000000000003282e-01,-9.116287873527971763e-01,-4.138854821430593689e-01,-2.597447497329572474e+00,5.712998817683501152e+00,1.373198252217473856e-04
4.330000000000003291e-01,-9.142082868437353405e-01,-4.081643800004226552e-01,-2.561534632518197796e+00,5.729167930807490094e+00,1.376376951873610162e-04
4.340000000000003300e-01,-9.167518231487293834e-01,-4.024272214598905162e-01,-2.525521360722851050e+00,5.745111509327951893e+00,1.379555651529734272e-04
4.350000000000003308e-01,-9.192592965672822247e-01,-3.966742323670388037e-01,-2.489409095555012108e+00,5.760828932769206823e+00,1.382734351185845912e-04
4.360000000000003317e-01,-9.217306088144114895e-01,-3.909056391835081801e-01,-2.453199254422851361e+00,5.776319589481059502e+00,1.385913050841945356e-04
4.370000000000003326e-01,-9.241656630244183823e-01,-3.851216689781674085e-01,-2.416893258476568995e+00,5.791582876661559354e+00,1.389091750498032331e-04
4.380000000000003335e-01,-9.265643637546023825e-01,-3.793225494182535518e-01,-2.380492532553604601e+00,5.806618200379432437e+00,1.392270450154106838e-04
4.390000000000003344e-01,-9.289266169889214275e-01,-3.735085087604904652e-01,-2.343998505123718878e+00,5.821424975596175777e+00,1.395449149810168877e-04
4.400000000000003353e-01,-9.312523301415962518e-01,-3.676797758421850304e-01,-2.307412608233947005e+00,5.836002626187822173e+00,1.398627849466218447e-04
4.410000000000003362e-01,-9.335414120606603250e-01,-3.618365800723019610e-01,-2.270736277453428098e+00,5.850350584966364842e+00,1.401806549122255549e-04
4.420000000000003371e-01,-9.357937730314542790e-01,-3.559791514225170705e-01,-2.233970951818112116e+00,5.864468293700851653e+00,1.404985248778280182e-04
4.430000000000003380e-01,-9.380093247800650458e-01,-3.501077204182500013e-01,-2.197118073775345959e+00,5.878355203138138307e+00,1.408163948434292348e-04
4.440000000000003388e-01,-9.401879804767094839e-01,-3.442225181296760805e-01,-2.160179089128340113e+00,5.892010773023306669e+00,1.411342648090291774e-04
4.450000000000003397e-01,-9.423296547390623834e-01,-3.383237761627180817e-01,-2.123155446980518946e+00,5.905434472119748257e+00,1.414521347746278731e-04
4.460000000000003406e-01,-9.444342636355287368e-01,-3.324117266500180023e-01,-2.086048599679757309e+00,5.918625778228904899e+00,1.417700047402252949e-04
4.470000000000003415e-01,-9.465017246884604996e-01,-3.264866022418893010e-01,-2.048860002762501242e+00,5.931584178209673652e+00,1.420878747058214428e-04
4.480000000000003424e-01,-9.485319568773169507e-01,-3.205486360972497617e-01,-2.011591114897780752e+00,5.944309167997472443e+00,1.424057446714163168e-04
4.490000000000003433e-01,-9.505248806417693208e-01,-3.145980618745357615e-01,-1.974243397831112246e+00,5.956800252622964642e+00,1.427236146370099168e-04
4.500000000000003442e-01,-9.524804178847492420e-01,-3.086351137225976649e-01,-1.936818316328294598e+00,5.969056946230444360e+00,1.430414846026022428e-04
4.510000000000003451e-01,-9.543984919754407992e-01,-3.026600262715772316e-01,-1.899317338119099308e+00,5.981078772095881568e+00,1.433593545681932950e-04
4.520000000000003459e-01,-9.562790277522164040e-01,-2.966730346237669846e-01,-1.861741933840858731e+00,5.992865262644623492e+00,1.436772245337830732e-04
4.530000000000003468e-01,-9.581219515255159358e-01,-2.906743743444522021e-01,-1.824093576981953069e+00,6.004415959468754060e+00,1.439950944993715503e-04
4.540000000000003477e-01,-9.599271910806695951e-01,-2.846642814527355902e-01,-1.786373743825197424e+00,6.015730413344114957e+00,1.443129644649587535e-04
4.550000000000003486e-01,-9.616946756806640240e-01,-2.786429924123451363e-01,-1.748583913391133837e+00,6.026808184246979394e+00,1.446308344305446557e-04
4.560000000000003495e-01,-9.634243360688515834e-01,-2.726107441224255856e-01,-1.710725567381225831e+00,6.037648841370382158e+00,1.449487043961292568e-04
4.570000000000003504e-01,-9.651161044716030091e-01,-2.665677739083135434e-01,-1.672800190120961927e+00,6.048251963140110377e+00,1.452665743617125840e-04
4.580000000000003513e-01,-9.667699146009025579e-01,-2.605143195122969213e-01,-1.634809268502867230e+00,6.058617137230345229e+00,1.455844443272946102e-04
4.590000000000003522e-01,-9.683857016568868659e-01,-2.544506190843588422e-01,-1.596754291929426417e+00,6.068743960578960817e+00,1.459023142928753353e-04
4.600000000000003531e-01,-9.699634023303261854e-01,-2.483769111729065560e-01,-1.558636752255919022e+00,6.078632039402475762e+00,1.462201842584547322e-04
4.610000000000003539e-01,-9.715029548050486685e-01,-2.422934347154852841e-01,-1.520458143733170342e+00,6.088280989210662852e+00,1.465380542240328281e-04
4.620000000000003548e-01,-9.730042987603071403e-01,-2.362004290294779374e-01,-1.482219962950219294e+00,6.097690434820806971e+00,1.468559241896096230e-04
4.630000000000003557e-01,-9.744673753730886956e-01,-2.300981338027905387e-01,-1.443923708776905013e+00,6.106860010371623737e+00,1.471737941551850897e-04
4.640000000000003566e-01,-9.758921273203665647e-01,-2.239867890845240461e-01,-1.405570882306374392e+00,6.115789359336822884e+00,1.474916641207592554e-04
4.650000000000003575e-01,-9.772784987812949131e-01,-2.178666352756326585e-01,-1.367162986797512803e+00,6.124478134538329677e+00,1.478095340863320930e-04
4.660000000000003584e-01,-9.786264354393456877e-01,-2.117379131195691599e-01,-1.328701527617299982e+00,6.132925998159156400e+00,1.481274040519036024e-04
4.670000000000003593e-01,-9.799358844843877314e-01,-2.056008636929175792e-01,-1.290188012183092425e+00,6.141132621755927445e+00,1.484452740174738107e-04
4.680000000000003602e-01,-9.812067946147083886e-01,-1.994557283960134153e-01,-1.251623949904835609e+00,6.149097686271052687e+00,1.487631439830426909e-04
4.690000000000003610e-01,-9.824391160389770450e-01,-1.933027489435519275e-01,-1.213010852127206496e+00,6.156820882044555354e+00,1.490810139486102429e-04
4.700000000000003619e-01,-9.836328004781511591e-01,-1.871421673551847131e-01,-1.174350232071689204e+00,6.164301908825547294e+00,1.493988839141764397e-04
4.710000000000003628e-01,-9.847878011673238952e-01,-1.809742259461050995e-01,-1.135643604778586280e+00,6.171540475783357849e+00,1.497167538797413084e-04
4.720000000000003637e-01,-9.859040728575138024e-01,-1.747991673176224614e-01,-1.096892487048966913e+00,6.178536301518309237e+00,1.500346238453048489e-04
4.730000000000003646e-01,-9.869815718173968744e-01,-1.686172343477260194e-01,-1.058098397386553868e+00,6.185289114072144656e+00,1.503524938108670341e-04
4.740000000000003655e-01,-9.880202558349797659e-01,-1.624286701816382572e-01,-1.019262855939551349e+00,6.191798650938105553e+00,1.506703637764278912e-04
4.750000000000003664e-01,-9.890200842192152786e-01,-1.562337182223586807e-01,-9.803873844424173534e-01,6.198064659070655402e+00,1.509882337419873931e-04
4.760000000000003673e-01,-9.899810178015596707e-01,-1.500326221211977229e-01,-9.414735061575796315e-01,6.204086894894854431e+00,1.513061037075455397e-04
4.770000000000003681e-01,-9.909030189374711250e-01,-1.438256257683017680e-01,-9.025227458170999029e-01,6.209865124315382623e+00,1.516239736731023310e-04
4.780000000000003690e-01,-9.917860515078505967e-01,-1.376129732831690156e-01,-8.635366295642865619e-01,6.215399122725211889e+00,1.519418436386577671e-04
4.790000000000003699e-01,-9.926300809204234854e-01,-1.313949090051571011e-01,-8.245166848952591998e-01,6.220688675013924751e+00,1.522597136042118480e-04
4.800000000000003708e-01,-9.934350741110633543e-01,-1.251716774839824464e-01,-7.854644406004662738e-01,6.225733575575678636e+00,1.525775835697645735e-04
4.810000000000003717e-01,-9.942009995450570292e-01,-1.189435234702117955e-01,-7.463814267061577024e-01,6.230533628316824668e+00,1.528954535353159168e-04
4.820000000000003726e-01,-9.949278272183111893e-01,-1.127106919057464379e-01,-7.072691744158152716e-01,6.235088646663166756e+00,1.532133235008659047e-04
4.830000000000003735e-01,-9.956155286584998931e-01,-1.064734279142992429e-01,-6.681292160515420742e-01,6.239398453566871616e+00,1.535311934664145104e-04
4.840000000000003744e-01,-9.962640769261544849e-01,-1.002319767918649629e-01,-6.289630849954134240e-01,6.243462881513023532e+00,1.538490634319617607e-04
4.850000000000003753e-01,-9.968734466156937701e-01,-9.398658399718423651e-02,-5.897723156307913550e-01,6.247281772525827392e+00,1.541669333975076287e-04
4.860000000000003761e-01,-9.974436138563961274e-01,-8.773749514220145762e-02,-5.505584432836041486e-01,6.250854978174458232e+00,1.544848033630521144e-04
4.870000000000003770e-01,-9.979745563133125552e-01,-8.148495598251706551e-02,-5.113230041635935530e-01,6.254182359578557282e+00,1.548026733285952177e-04
4.880000000000003779e-01,-9.984662531881214331e-01,-7.522921240783447816e-02,-4.720675353055318602e-01,6.257263787413371858e+00,1.551205432941369386e-04
4.890000000000003788e-01,-9.989186852199237743e-01,-6.897051043240204349e-02,-4.327935745104098397e-01,6.260099141914545307e+00,1.554384132596772772e-04
4.900000000000003797e-01,-9.993318346859801915e-01,-6.270909618545041087e-02,-3.935026602865985823e-01,6.262688312882547237e+00,1.557562832252162334e-04
4.910000000000003806e-01,-9.997056854023889105e-01,-5.644521590162562830e-02,-3.541963317909870290e-01,6.265031199686757368e+00,1.560741531907537802e-04
4.920000000000003815e-01,-1.000040222724704497e+00,-5.017911591141833993e-02,-3.148761287700969635e-01,6.267127711269186996e+00,1.563920231562899445e-04
4.930000000000003824e-01,-1.000335433548498854e+00,-4.391104263158945170e-02,-2.755435915011776316e-01,6.268977766147851405e+00,1.567098931218246995e-04
4.940000000000003832e-01,-1.000591306309861483e+00,-3.764124255559257726e-02,-2.362002607332822635e-01,6.270581292419786124e+00,1.570277630873580450e-04
4.950000000000003841e-01,-1.000807830985842362e+00,-3.136996224399365291e-02,-1.968476776283280549e-01,6.271938227763707019e+00,1.573456330528900081e-04
4.960000000000003850e-01,-1.000984999094835182e+00,-2.509744831488809266e-02,-1.574873837021420475e-01,6.273048519442318671e+00,1.576635030184205617e-04
4.970000000000003859e-01,-1.001122803696902208e+00,-1.882394743431578185e-02,-1.181209207654948523e-01,6.273912124304264815e+00,1.579813729839497059e-04
4.980000000000003868e-01,-1.001221239394039175e+00,-1.254970630667430823e-02,-7.874983086512407637e-02,6.274529008785727058e+00,1.582992429494774406e-04
4.990000000000003877e-01,-1.001280302330381788e+00,-6.274971665130783631e-03,-3.937565622474967914e-02,6.274899148911666558e+00,1.586171129150037388e-04
5.000000000000003331e-01,-1.001299990192353384e+00,9.737967422880633439e-09,6.081391675655245521e-08,6.275022530296710421e+00,1.589349828805286275e-04
5.010000000000003340e-01,-1.001280302208753747e+00,6.274991140682634541e-03,3.937577785016693060e-02,6.274899148145685501e+00,1.592528528460521067e-04
5.020000000000003348e-01,-1.001221239150788200e+00,1.254972578107719193e-02,7.874995248329258457e-02,6.274529007253796031e+00,1.595707228115741494e-04
5.030000000000003357e-01,-1.001122803332038069e+00,1.882396690680376850e-02,1.181210423715824687e-01,6.273912122006445102e+00,1.598885927770947555e-04
5.040000000000003366e-01,-1.000984998608372090e+00,2.509746778469533479e-02,1.574875052913170814e-01,6.273048516378702644e+00,1.602064627426139521e-04
5.050000000000003375e-01,-1.000807830377799634e+00,3.136998171035440541e-02,1.968477991957595097e-01,6.271938223934417245e+00,1.605243327081317122e-04
5.060000000000003384e-01,-1.000591305580263324e+00,3.764126201774123381e-02,2.362003822741400305e-01,6.270581287824975369e+00,1.608422026736480357e-04
5.070000000000003393e-01,-1.000335432697374349e+00,4.391106208876058292e-02,2.755437130106326848e-01,6.268977760787703524e+00,1.611600726391629226e-04
5.080000000000003402e-01,-1.000040221752087399e+00,5.017913536284670378e-02,3.148762502433214983e-01,6.267127705143916039e+00,1.614779426046763730e-04
5.090000000000003411e-01,-9.997056843083177435e-01,5.644523534654621172e-02,3.541964532231547946e-01,6.265031192796608472e+00,1.617958125701883596e-04
5.100000000000003419e-01,-9.993318334704985872e-01,6.270911562309847143e-02,3.935027816728849381e-01,6.262688305227795738e+00,1.621136825356989098e-04
5.110000000000003428e-01,-9.989186838830800275e-01,6.897052986201311631e-02,4.327936958459920325e-01,6.260099133495496737e+00,1.624315525012080233e-04
5.120000000000003437e-01,-9.984662517299686124e-01,7.522923182864442448e-02,4.720676565855891904e-01,6.257263778230363727e+00,1.627494224667156732e-04
5.130000000000003446e-01,-9.979745547339086142e-01,8.148497539376210741e-02,5.113231253833074863e-01,6.254182349631956406e+00,1.630672924322218594e-04
5.140000000000003455e-01,-9.974436121558037938e-01,8.773751454311819187e-02,5.505585644381587596e-01,6.250854967464662515e+00,1.633851623977265819e-04
5.150000000000003464e-01,-9.968734447939806564e-01,9.398660338700967620e-02,5.897724367153732716e-01,6.247281761053264937e+00,1.637030323632298679e-04
5.160000000000003473e-01,-9.962640749833929776e-01,1.002319961698365652e-01,6.289632060052121609e-01,6.243462869278153526e+00,1.640209023287316902e-04
5.170000000000003482e-01,-9.956155265947671529e-01,1.064734472796549369e-01,6.681293369817500327e-01,6.239398440570184334e+00,1.643387722942320217e-04
5.180000000000003491e-01,-9.949278250336891505e-01,1.127107112577246661e-01,7.072692952616281836e-01,6.235088632905181782e+00,1.646566422597308896e-04
5.190000000000003499e-01,-9.942009972396326223e-01,1.189435428080515139e-01,7.463815474627747415e-01,6.230533613798091785e+00,1.649745122252282937e-04
5.200000000000003508e-01,-9.934350716849280616e-01,1.251716968069231939e-01,7.854645612630901663e-01,6.225733560296777824e+00,1.652923821907242071e-04
5.210000000000003517e-01,-9.926300783736736744e-01,1.313949283124390133e-01,8.245168054590965578e-01,6.220688658975467078e+00,1.656102521562186568e-04
5.220000000000003526e-01,-9.917860488405875197e-01,1.376129925740328386e-01,8.635367500245478833e-01,6.215399105927839507e+00,1.659281221217116158e-04
5.230000000000003535e-01,-9.909030161498006972e-01,1.438256450419889143e-01,9.025228661690000154e-01,6.209865106759766995e+00,1.662459920872031110e-04
5.240000000000003544e-01,-9.899810148935925813e-01,1.500326413769502987e-01,9.414736263963376928e-01,6.204086876581697219e+00,1.665638620526931155e-04
5.250000000000003553e-01,-9.890200811910672130e-01,1.562337374594194861e-01,9.803875045632570728e-01,6.198064640000689351e+00,1.668817320181816292e-04
5.260000000000003562e-01,-9.880202526867709611e-01,1.624286893992508973e-01,1.019262975937701432e+00,6.191798631112093609e+00,1.671996019836686522e-04
5.270000000000003570e-01,-9.869815685492524526e-01,1.686172535451348209e-01,1.058098517257247684e+00,6.185289093490879075e+00,1.675174719491541843e-04
5.280000000000003579e-01,-9.859040694695635487e-01,1.747991864940725837e-01,1.096892606787443158e+00,6.178536280182613361e+00,1.678353419146381986e-04
5.290000000000003588e-01,-9.847877976597023686e-01,1.809742451008425068e-01,1.135643724380088981e+00,6.171540453694085215e+00,1.681532118801207221e-04
5.300000000000003597e-01,-9.836327968509978037e-01,1.871421864874562579e-01,1.174350351531467940e+00,6.164301885983580753e+00,1.684710818456017277e-04
5.310000000000003606e-01,-9.824391122924358566e-01,1.933027680526053782e-01,1.213010971440516617e+00,6.156820858450807954e+00,1.687889518110812425e-04
5.320000000000003615e-01,-9.812067907489282481e-01,1.994557474810974562e-01,1.251624069066938461e+00,6.149097661926467673e+00,1.691068217765592395e-04
5.330000000000003624e-01,-9.799358804995222938e-01,2.056008827532818384e-01,1.290188131189255349e+00,6.141132596661478260e+00,1.694246917420357186e-04
5.340000000000003633e-01,-9.786264313355532707e-01,2.117379321544642645e-01,1.328701646462796537e+00,6.132925972315846685e+00,1.697425617075106797e-04
5.350000000000003642e-01,-9.772784945587384975e-01,2.178666542843102627e-01,1.367163105477623430e+00,6.124478107947193273e+00,1.700604316729841230e-04
5.360000000000003650e-01,-9.758921229792139052e-01,2.239868080662368588e-01,1.405571000816385974e+00,6.115789331998922940e+00,1.703783016384560485e-04
5.370000000000003659e-01,-9.744673709135122097e-01,2.300981527567923512e-01,1.443923827112111313e+00,6.106859982288052713e+00,1.706961716039264560e-04
5.380000000000003668e-01,-9.730042941824840197e-01,2.362004479550236236e-01,1.482220081105921183e+00,6.097690405992687523e+00,1.710140415693953456e-04
5.390000000000003677e-01,-9.715029501091607678e-01,2.422934536118308557e-01,1.520458261704676017e+00,6.088280959639147838e+00,1.713319115348626903e-04
5.400000000000003686e-01,-9.699633975165600219e-01,2.483769300393091906e-01,1.558636870038544009e+00,6.078632009088747346e+00,1.716497815003285171e-04
5.410000000000003695e-01,-9.683856967254336201e-01,2.544506379200769386e-01,1.596754409518494233e+00,6.068743929524230474e+00,1.719676514657927989e-04
5.420000000000003704e-01,-9.667699095519581842e-01,2.605143383165900439e-01,1.634809385893708944e+00,6.058617105435854633e+00,1.722855214312555628e-04
5.430000000000003713e-01,-9.651160993053680137e-01,2.665677926804426168e-01,1.672800307308916601e+00,6.048251930607130511e+00,1.726033913967167817e-04
5.440000000000003721e-01,-9.634243307855312466e-01,2.726107628616527556e-01,1.710725684361640964e+00,6.037648808100213316e+00,1.729212613621764556e-04
5.450000000000003730e-01,-9.616946702804681779e-01,2.786430111179338809e-01,1.748584030159365144e+00,6.026808150240952067e+00,1.732391313276345846e-04
5.460000000000003739e-01,-9.599271855638127349e-01,2.846643001239507198e-01,1.786373860376609279e+00,6.015730378603588946e+00,1.735570012930911685e-04
5.470000000000003748e-01,-9.581219458922172194e-01,2.906743929805599147e-01,1.824093693311918285e+00,6.004415923995117588e+00,1.738748712585461804e-04
5.480000000000003757e-01,-9.562790220026996524e-01,2.966730532240348661e-01,1.861742049944759669e+00,5.992865226439294091e+00,1.741927412239996473e-04
5.490000000000003766e-01,-9.543984861099342742e-01,3.026600448352742556e-01,1.899317453992327209e+00,5.981078735160306969e+00,1.745106111894515421e-04
5.500000000000003775e-01,-9.524804119034858685e-01,3.086351322489943594e-01,1.936818431966250031e+00,5.969056908566100716e+00,1.748284811549018919e-04
5.510000000000003784e-01,-9.505248745449866865e-01,3.145980803629040978e-01,1.974243513229205549e+00,5.956800214231356527e+00,1.751463511203506696e-04
5.520000000000003793e-01,-9.485319506652573063e-01,3.205486545468632098e-01,2.011591230051431811e+00,5.944309128880135518e+00,1.754642210857978752e-04
5.530000000000003801e-01,-9.465017183613705365e-01,3.264866206520229408e-01,2.048860117667139491e+00,5.931584138368171111e+00,1.757820910512435087e-04
5.540000000000003810e-01,-9.444342571936598096e-01,3.324117450199484680e-01,2.086048714330822840e+00,5.918625737664829245e+00,1.760999610166875972e-04
5.550000000000003819e-01,-9.423296481826702875e-01,3.383237944917235618e-01,2.123155561373461619e+00,5.905434430834720416e+00,1.764178309821300865e-04
5.560000000000003828e-01,-9.401879738060546776e-01,3.442225364170364288e-01,2.160179203258620451e+00,5.892010731018975989e+00,1.767357009475710038e-04
5.570000000000003837e-01,-9.380093179954124283e-01,3.501077386632467925e-01,2.197118187638435138e+00,5.878355160416183445e+00,1.770535709130103489e-04
5.580000000000003846e-01,-9.357937661330731904e-01,3.559791696244335446e-01,2.233971065409491974e+00,5.864468250262979687e+00,1.773714408784480949e-04
5.590000000000003855e-01,-9.335414050488247684e-01,3.618365982304230233e-01,2.270736390768591573e+00,5.850350540814311273e+00,1.776893108438842687e-04
5.600000000000003864e-01,-9.312523230165846710e-01,3.676797939557974182e-01,2.307412721268398137e+00,5.836002581323350924e+00,1.780071808093188434e-04
5.610000000000003872e-01,-9.289266097510168185e-01,3.735085268288825811e-01,2.343998617872973256e+00,5.821424930021080080e+00,1.783250507747518459e-04
5.620000000000003881e-01,-9.265643564040921820e-01,3.793225674407156855e-01,2.380492645013189357e+00,5.806618154095533058e+00,1.786429207401832493e-04
5.630000000000003890e-01,-9.241656555615944679e-01,3.851216869539916821e-01,2.416893370642022809e+00,5.791582829670705479e+00,1.789607907056130535e-04
5.640000000000003899e-01,-9.217306012395702908e-01,3.909056571119886025e-01,2.453199366289725347e+00,5.776319541785127853e+00,1.792786606710412584e-04
5.650000000000003908e-01,-9.192592888807245011e-01,3.966742502474711607e-01,2.489409207118868927e+00,5.760828884370103431e+00,1.795965306364678642e-04
5.660000000000003917e-01,-9.167518153507603351e-01,4.024272392915726471e-01,2.525521471979265353e+00,5.745111460227610323e+00,1.799144006018928437e-04
5.670000000000003926e-01,-9.142082789346647198e-01,4.081643977826542868e-01,2.561534743462757113e+00,5.729167881007872332e+00,1.802322705673162239e-04
5.680000000000003935e-01,-9.116287793329389544e-01,4.138854998751422265e-01,2.597447607957876770e+00,5.712998767186596716e+00,1.805501405327380050e-04
5.690000000000003944e-01,-9.090134176577746583e-01,4.195903203483413724e-01,2.633258655704374451e+00,5.696604748041877109e+00,1.808680104981581598e-04
5.700000000000003952e-01,-9.063622964291756512e-01,4.252786346152261920e-01,2.668966480847611233e+00,5.679986461630768702e+00,1.811858804635766882e-04
5.710000000000003961e-01,-9.036755195710246547e-01,4.309502187312078680e-01,2.704569681492815292e+00,5.663144554765529470e+00,1.815037504289936175e-04
5.720000000000003970e-01,-9.009531924070970366e-01,4.366048494028774152e-01,2.740066859759199058e+00,5.646079682989531001e+00,1.818216203944089204e-04
5.730000000000003979e-01,-8.981954216570191551e-01,4.422423039967244840e-01,2.775456621833939153e+00,5.628792510552844242e+00,1.821394903598225971e-04
5.740000000000003988e-01,-8.954023154321738565e-01,4.478623605478320169e-01,2.810737578026009764e+00,5.611283710387489521e+00,1.824573603252346474e-04
5.750000000000003997e-01,-8.925739832315517930e-01,4.534647977685454245e-01,2.845908342819874370e+00,5.593553964082365937e+00,1.827752302906450444e-04
5.760000000000004006e-01,-8.897105359375491185e-01,4.590493950571168935e-01,2.880967534929032237e+00,5.575603961857848567e+00,1.830931002560538150e-04
5.770000000000004015e-01,-8.868120858117115590e-01,4.646159325063240475e-01,2.915913777349413039e+00,5.557434402540061491e+00,1.834109702214609594e-04
5.780000000000004023e-01,-8.838787464904257485e-01,4.701641909120626295e-01,2.950745697412625823e+00,5.539045993534823076e+00,1.837288401868664503e-04
5.790000000000004032e-01,-8.809106329805564961e-01,4.756939517819130936e-01,2.985461926839053426e+00,5.520439450801270631e+00,1.840467101522703149e-04
5.800000000000004041e-01,-8.779078616550319847e-01,4.812049973436806072e-01,3.020061101790793234e+00,5.501615498825155548e+00,1.843645801176725261e-04
5.810000000000004050e-01,-8.748705502483752339e-01,4.866971105539080744e-01,3.054541862924442963e+00,5.482574870591818694e+00,1.846824500830730840e-04
5.820000000000004059e-01,-8.717988178521836051e-01,4.921700751063622370e-01,3.088902855443728779e+00,5.463318307558844289e+00,1.850003200484719884e-04
5.830000000000004068e-01,-8.686927849105553490e-01,4.976236754404919638e-01,3.123142729151972219e+00,5.443846559628388704e+00,1.853181900138692394e-04
5.840000000000004077e-01,-8.655525732154636387e-01,5.030576967498588958e-01,3.157260138504398128e+00,5.424160385119190408e+00,1.856360599792648369e-04
5.850000000000004086e-01,-8.623783059020788677e-01,5.084719249905400584e-01,3.191253742660276504e+00,5.404260550738261060e+00,1.859539299446587811e-04
5.860000000000004095e-01,-8.591701074440384334e-01,5.138661468895014961e-01,3.225122205534901365e+00,5.384147831552255958e+00,1.862717999100510448e-04
5.870000000000004103e-01,-8.559281036486647842e-01,5.192401499529438746e-01,3.258864195851400858e+00,5.363823010958527426e+00,1.865896698754416550e-04
5.880000000000004112e-01,-8.526524216521319532e-01,5.245937224746183292e-01,3.292478387192378175e+00,5.343286880655859328e+00,1.869075398408305848e-04
5.890000000000004121e-01,-8.493431899145799102e-01,5.299266535441131687e-01,3.325963458051382382e+00,5.322540240614887175e+00,1.872254098062178611e-04
5.900000000000004130e-01,-8.460005382151785103e-01,5.352387330551107159e-01,3.359318091884206048e+00,5.301583899048202930e+00,1.875432797716034569e-04
5.910000000000004139e-01,-8.426245976471392618e-01,5.405297517136145036e-01,3.392540977160007021e+00,5.280418672380141842e+00,1.878611497369873722e-04
5.920000000000004148e-01,-8.392155006126765793e-01,5.457995010461453855e-01,3.425630807412256118e+00,5.259045385216261081e+00,1.881790197023696070e-04
5.930000000000004157e-01,-8.357733808179180768e-01,5.510477734079075596e-01,3.458586281289502296e+00,5.237464870312500409e+00,1.884968896677501613e-04
5.940000000000004166e-01,-8.322983732677642355e-01,5.562743619909235049e-01,3.491406102605961070e+00,5.215677968544034648e+00,1.888147596331290351e-04
5.950000000000004174e-01,-8.287906142606974447e-01,5.614790608321372778e-01,3.524088980391918202e+00,5.193685528873815294e+00,1.891326295985062012e-04
5.960000000000004183e-01,-8.252502413835408612e-01,5.666616648214867213e-01,3.556633628943951297e+00,5.171488408320798591e+00,1.894504995638816869e-04
5.970000000000004192e-01,-8.216773935061670864e-01,5.718219697099430343e-01,3.589038767874963121e+00,5.149087471927870752e+00,1.897683695292554920e-04
5.980000000000004201e-01,-8.180722107761568829e-01,5.769597721175190319e-01,3.621303122164027943e+00,5.126483592729461414e+00,1.900862394946275895e-04
5.990000000000004210e-01,-8.144348346134080430e-01,5.820748695412438778e-01,3.653425422206048712e+00,5.103677651718848907e+00,1.904041094599979794e-04
6.000000000000004219e-01,-8.107654077046950736e-01,5.871670603631059526e-01,3.685404403861222367e+00,5.080670537815164423e+00,1.907219794253666616e-04
6.010000000000004228e-01,-8.070640739981790324e-01,5.922361438579616388e-01,3.717238808504310210e+00,5.057463147830088879e+00,1.910398493907336634e-04
6.020000000000004237e-01,-8.033309786978685141e-01,5.972819202014113538e-01,3.748927383073715980e+00,5.034056386434245134e+00,1.913577193560989304e-04
6.030000000000004245e-01,-7.995662682580313430e-01,6.023041904776416100e-01,3.780468880120363639e+00,5.010451166123290001e+00,1.916755893214624898e-04
6.040000000000004254e-01,-7.957700903775581924e-01,6.073027566872325478e-01,3.811862057856377550e+00,4.986648407183701615e+00,1.919934592868243416e-04
6.050000000000004263e-01,-7.919425939942764670e-01,6.122774217549321607e-01,3.843105680203561914e+00,4.962649037658269258e+00,1.923113292521844858e-04
6.060000000000004272e-01,-7.880839292792169992e-01,6.172279895373946612e-01,3.874198516841678153e+00,4.938453993311281209e+00,1.926291992175428952e-04
6.070000000000004281e-01,-7.841942476308317866e-01,6.221542648308848733e-01,3.905139343256516238e+00,4.914064217593417716e+00,1.929470691828995971e-04
6.080000000000004290e-01,-7.802737016691640992e-01,6.270560533789466540e-01,3.935926940787760842e+00,4.889480661606341094e+00,1.932649391482545642e-04
6.090000000000004299e-01,-7.763224452299706257e-01,6.319331618800360095e-01,3.966560096676649660e+00,4.864704284066996287e+00,1.935828091136077966e-04
6.100000000000004308e-01,-7.723406333587964356e-01,6.367853979951187959e-01,3.997037604113420350e+00,4.839736051271611217e+00,1.939006790789593213e-04
6.110000000000004317e-01,-7.683284223050019790e-01,6.416125703552315596e-01,4.027358262284547408e+00,4.814576937059404926e+00,1.942185490443091114e-04
6.120000000000004325e-01,-7.642859695157435684e-01,6.464144885690061848e-01,4.057520876419765443e+00,4.789227922776004398e+00,1.945364190096571396e-04
6.130000000000004334e-01,-7.602134336299066764e-01,6.511909632301582374e-01,4.087524257838874853e+00,4.763689997236568274e+00,1.948542889750034331e-04
6.140000000000004343e-01,-7.561109744719924919e-01,6.559418059249375599e-01,4.117367223998333436e+00,4.737964156688619255e+00,1.951721589403479919e-04
6.150000000000004352e-01,-7.519787530459581815e-01,6.606668292395422304e-01,4.147048598537629083e+00,4.712051404774590502e+00,1.954900289056908159e-04
6.160000000000004361e-01,-7.478169315290105201e-01,6.653658467674944399e-01,4.176567211325426854e+00,4.685952752494080720e+00,1.958078988710318781e-04
6.170000000000004370e-01,-7.436256732653538926e-01,6.700386731169788446e-01,4.205921898505501133e+00,4.659669218165822357e+00,1.961257688363712056e-04
6.180000000000004379e-01,-7.394051427598924420e-01,6.746851239181421711e-01,4.235111502542437734e+00,4.633201827389368255e+00,1.964436388017087713e-04
6.190000000000004388e-01,-7.351555056718862557e-01,6.793050158303552966e-01,4.264134872267112186e+00,4.606551613006487855e+00,1.967615087670445751e-04
6.200000000000004396e-01,-7.308769288085625870e-01,6.838981665494356932e-01,4.292990862921942430e+00,4.579719615062285420e+00,1.970793787323786171e-04
6.210000000000004405e-01,-7.265695801186816682e-01,6.884643948148313486e-01,4.321678336205907023e+00,4.552706880766034025e+00,1.973972486977108973e-04
6.220000000000004414e-01,-7.222336286860578936e-01,6.930035204167650509e-01,4.350196160319335981e+00,4.525514464451728003e+00,1.977151186630414156e-04
6.230000000000004423e-01,-7.178692447230359264e-01,6.975153642033394830e-01,4.378543210008468023e+00,4.498143427538356498e+00,1.980329886283701722e-04
6.240000000000004432e-01,-7.134765995639229530e-01,7.019997480876022378e-01,4.406718366609773341e+00,4.470594838489900802e+00,1.983508585936971397e-04
6.250000000000004441e-01,-7.090558656583759722e-01,7.064564950545705324e-01,4.434720518094037445e+00,4.442869772775052795e+00,1.986687285590223455e-04
6.260000000000004450e-01,-7.046072165647460084e-01,7.108854291682157323e-01,4.462548559110211421e+00,4.414969312826657166e+00,1.989865985243457623e-04
6.270000000000004459e-01,-7.001308269433776932e-01,7.152863755784071298e-01,4.490201391029017053e+00,4.386894548000880967e+00,1.993044684896674173e-04
6.280000000000004468e-01,-6.956268725498659933e-01,7.196591605278147563e-01,4.517677921986314793e+00,4.358646574536110485e+00,1.996223384549872834e-04
6.290000000000004476e-01,-6.910955302282695278e-01,7.240036113587708932e-01,4.544977066926225717e+00,4.330226495511573681e+00,1.999402084203053605e-04
6.300000000000004485e-01,-6.865369779042808096e-01,7.283195565200900612e-01,4.572097747644011001e+00,4.301635420805696164e+00,2.002580783856216487e-04
6.310000000000004494e-01,-6.819513945783536313e-01,7.326068255738474866e-01,4.599038892828700931e+00,4.272874467054183611e+00,2.005759483509361480e-04
6.320000000000004503e-01,-6.773389603187882635e-01,7.368652492021151579e-01,4.625799438105478778e+00,4.243944757607843066e+00,2.008938183162488583e-04
6.330000000000004512e-01,-6.726998562547742422e-01,7.410946592136555822e-01,4.652378326077814208e+00,4.214847422490128892e+00,2.012116882815597797e-04
6.340000000000004521e-01,-6.680342645693908565e-01,7.452948885505734644e-01,4.678774506369342667e+00,4.185583598354434720e+00,2.015295582468688851e-04
6.350000000000004530e-01,-6.633423684925664476e-01,7.494657712949238659e-01,4.704986935665496084e+00,4.156154428441110937e+00,2.018474282121762015e-04
6.360000000000004539e-01,-6.586243522939957407e-01,7.536071426752777302e-01,4.731014577754871553e+00,4.126561062534229052e+00,2.021652981774817019e-04
6.370000000000004547e-01,-6.538804012760160989e-01,7.577188390732436662e-01,4.756856403570350444e+00,4.096804656918080489e+00,2.024831681427853862e-04
6.380000000000004556e-01,-6.491107017664428103e-01,7.618006980299466546e-01,4.782511391229954612e+00,4.066886374333416043e+00,2.028010381080872816e-04
6.390000000000004565e-01,-6.443154411113638513e-01,7.658525582524623454e-01,4.807978526077443249e+00,4.036807383933431304e+00,2.031189080733873610e-04
6.400000000000004574e-01,-6.394948076678934612e-01,7.698742596202071686e-01,4.833256800722650404e+00,4.006568861239490964e+00,2.034367780386856243e-04
6.410000000000004583e-01,-6.346489907968865252e-01,7.738656431912845912e-01,4.858345215081555146e+00,3.976171988096601773e+00,2.037546480039820716e-04
6.420000000000004592e-01,-6.297781808556121019e-01,7.778265512087861877e-01,4.883242776416090614e+00,3.945617952628630576e+00,2.040725179692766758e-04
6.430000000000004601e-01,-6.248825691903879820e-01,7.817568271070480801e-01,4.907948499373684825e+00,3.914907949193270120e+00,2.043903879345694639e-04
6.440000000000004610e-01,-6.199623481291753890e-01,7.856563155178623026e-01,4.932461406026534156e+00,3.884043178336754831e+00,2.047082578998604360e-04
6.450000000000004619e-01,-6.150177109741347126e-01,7.895248622766422031e-01,4.956780525910605029e+00,3.853024846748327903e+00,2.050261278651495649e-04
6.460000000000004627e-01,-6.100488519941422716e-01,7.933623144285429918e-01,4.980904896064366483e+00,3.821854167214459697e+00,2.053439978304368507e-04
6.470000000000004636e-01,-6.050559664172686647e-01,7.971685202345357713e-01,5.004833561067250081e+00,3.790532358572821447e+00,2.056618677957223204e-04
6.480000000000004645e-01,-6.000392504232185953e-01,8.009433291774354924e-01,5.028565573077832696e+00,3.759060645666014278e+00,2.059797377610059470e-04
6.490000000000004654e-01,-5.949989011357329494e-01,8.046865919678829471e-01,5.052099991871743967e+00,3.727440259295054403e+00,2.062976077262877305e-04
6.500000000000004663e-01,-5.899351166149526815e-01,8.083981605502796874e-01,5.075435884879299309e+00,3.695672436172618092e+00,2.066154776915676708e-04
6.510000000000004672e-01,-5.848480958497455084e-01,8.120778881086760936e-01,5.098572327222848699e+00,3.663758418876045919e+00,2.069333476568457680e-04
6.520000000000004681e-01,-5.797380387499952992e-01,8.157256290726125902e-01,5.121508401753849249e+00,3.631699455800109888e+00,2.072512176221219949e-04
6.530000000000004690e-01,-5.746051461388547166e-01,8.193412391229133451e-01,5.144243199089650886e+00,3.599496801109541622e+00,2.075690875873963787e-04
6.540000000000004698e-01,-5.694496197449606667e-01,8.229245751974323397e-01,5.166775817650004043e+00,3.567151714691329190e+00,2.078869575526689193e-04
6.550000000000004707e-01,-5.642716621946142208e-01,8.264754954967518108e-01,5.189105363693275130e+00,3.534665462106776346e+00,2.082048275179395897e-04
6.560000000000004716e-01,-5.590714770039236781e-01,8.299938594898322863e-01,5.211230951352379570e+00,3.502039314543332615e+00,2.085226974832083899e-04
6.570000000000004725e-01,-5.538492685709123231e-01,8.334795279196146600e-01,5.233151702670427063e+00,3.469274548766192456e+00,2.088405674484753469e-04
6.580000000000004734e-01,-5.486052421675904345e-01,8.369323628085736377e-01,5.254866747636071977e+00,3.436372447069665714e+00,2.091584374137404336e-04
6.590000000000004743e-01,-5.433396039319923210e-01,8.403522274642225565e-01,5.276375224218576854e+00,3.403334297228321148e+00,2.094763073790036501e-04
6.600000000000004752e-01,-5.380525608601781640e-01,8.437389864845687981e-01,5.297676278402582817e+00,3.370161392447903470e+00,2.097941773442649693e-04
6.610000000000004761e-01,-5.327443207982014428e-01,8.470925057635207978e-01,5.318769064222582443e+00,3.336855031316029674e+00,2.101120473095244182e-04
6.620000000000004770e-01,-5.274150924340420543e-01,8.504126524962447586e-01,5.339652743797098644e+00,3.303416517752660209e+00,2.104299172747819968e-04
6.630000000000004778e-01,-5.220650852895051264e-01,8.536992951844722954e-01,5.360326487362566006e+00,3.269847160960351218e+00,2.107477872400377052e-04
6.640000000000004787e-01,-5.166945097120864139e-01,8.569523036417581174e-01,5.380789473306914594e+00,3.236148275374288730e+00,2.110656572052915163e-04
6.650000000000004796e-01,-5.113035768668040548e-01,8.601715489986874186e-01,5.401040888202850887e+00,3.202321180612104801e+00,2.113835271705434300e-04
6.660000000000004805e-01,-5.058924987279974639e-01,8.633569037080335296e-01,5.421079926840838503e+00,3.168367201423478718e+00,2.117013971357934734e-04
6.670000000000004814e-01,-5.004614880710930302e-01,8.665082415498640556e-01,5.440905792261776064e+00,3.134287667639525488e+00,2.120192671010416195e-04
6.680000000000004823e-01,-4.950107584643375636e-01,8.696254376365976091e-01,5.460517695789368631e+00,3.100083914121971596e+00,2.123371370662878682e-04
6.690000000000004832e-01,-4.895405242604993212e-01,8.727083684180082512e-01,5.479914857062196276e+00,3.065757280712121169e+00,2.126550070315322196e-04
6.700000000000004841e-01,-4.840510005885373390e-01,8.757569116861800840e-01,5.499096504065472679e+00,3.031309112179614740e+00,2.129728769967746736e-04
6.710000000000004849e-01,-4.785424033452390091e-01,8.787709465804094400e-01,5.518061873162493747e+00,2.996740758170979291e+00,2.132907469620152032e-04
6.720000000000004858e-01,-4.730149491868263500e-01,8.817503535920560021e-01,5.536810209125781590e+00,2.962053573157975794e+00,2.136086169272538354e-04
6.730000000000004867e-01,-4.674688555205314122e-01,8.846950145693425194e-01,5.555340765167909645e+00,2.927248916385742472e+00,2.139264868924905703e-04
6.740000000000004876e-01,-4.619043404961409305e-01,8.876048127221015660e-01,5.573652802972020481e+00,2.892328151820738213e+00,2.142443568577253807e-04
6.750000000000004885e-01,-4.563216229975106120e-01,8.904796326264713402e-01,5.591745592722026537e+00,2.857292648098485266e+00,2.145622268229582666e-04
6.760000000000004894e-01,-4.507209226340493924e-01,8.933193602295381730e-01,5.609618413132495540e+00,2.822143778471114306e+00,2.148800967881892281e-04
6.770000000000004903e-01,-4.451024597321739940e-01,8.961238828539267454e-01,5.627270551478219751e+00,2.786882920754715443e+00,2.151979667534182922e-04
6.780000000000004912e-01,-4.394664553267340068e-01,8.988930892023379027e-01,5.644701303623467226e+00,2.751511457276493822e+00,2.155158367186454319e-04
6.790000000000004921e-01,-4.338131311524079936e-01,9.016268693620332897e-01,5.661909974050909788e+00,2.716030774821733829e+00,2.158337066838706200e-04
6.800000000000004929e-01,-4.281427096350706729e-01,9.043251148092665836e-01,5.678895875890235700e+00,2.680442264580572775e+00,2.161515766490938837e-04
6.810000000000004938e-01,-4.224554138831317918e-01,9.069877184136616588e-01,5.695658330946434589e+00,2.644747322094586739e+00,2.164694466143152229e-04
6.820000000000004947e-01,-4.167514676788467431e-01,9.096145744425375712e-01,5.712196669727763521e+00,2.608947347203188993e+00,2.167873165795346376e-04
6.830000000000004956e-01,-4.110310954695995389e-01,9.122055785651792537e-01,5.728510231473383563e+00,2.573043743989845478e+00,2.171051865447521008e-04
6.840000000000004965e-01,-4.052945223591581936e-01,9.147606278570545868e-01,5.744598364180673933e+00,2.537037920728105078e+00,2.174230565099676124e-04
6.850000000000004974e-01,-3.995419740989029633e-01,9.172796208039774024e-01,5.760460424632216636e+00,2.500931289827451831e+00,2.177409264751811995e-04
6.860000000000004983e-01,-3.937736770790277729e-01,9.197624573062166409e-01,5.776095778422453364e+00,2.464725267778977269e+00,2.180587964403928351e-04
6.870000000000004992e-01,-3.879898583197152195e-01,9.222090386825501085e-01,5.791503799984012879e+00,2.428421275100873800e+00,2.183766664056025191e-04
6.880000000000005000e-01,-3.821907454622853195e-01,9.246192676742648331e-01,5.806683872613704445e+00,2.392020736283756221e+00,2.186945363708102516e-04
6.890000000000005009e-01,-3.763765667603185539e-01,9.269930484491016864e-01,5.821635388498183517e+00,2.355525079735808713e+00,2.190124063360160325e-04
6.900000000000005018e-01,-3.705475510707531006e-01,9.293302866051457167e-01,5.836357748739278151e+00,2.318935737727759516e+00,2.193302763012198347e-04
6.910000000000005027e-01,-3.647039278449574762e-01,9.316308891746607479e-01,5.850850363378986785e+00,2.282254146337688638e+00,2.196481462664216853e-04
6.920000000000005036e-01,-3.588459271197776967e-01,9.338947646278694670e-01,5.865112651424134960e+00,2.245481745395666362e+00,2.199660162316215844e-04
6.930000000000005045e-01,-3.529737795085604035e-01,9.361218228766775562e-01,5.879144040870696308e+00,2.208619978428227437e+00,2.202838861968195049e-04
6.940000000000005054e-01,-3.470877161921517295e-01,9.383119752783420919e-01,5.892943968727777815e+00,2.171670292602682295e+00,2.206017561620154466e-04
6.950000000000005063e-01,-3.411879689098722968e-01,9.404651346390847655e-01,5.906511881041260459e+00,2.134634138671266168e+00,2.209196261272094368e-04
6.960000000000005071e-01,-3.352747699504686207e-01,9.425812152176484826e-01,5.919847232917104130e+00,2.097512970915129227e+00,2.212374960924014483e-04
6.970000000000005080e-01,-3.293483521430417560e-01,9.446601327287983407e-01,5.932949488544307926e+00,2.060308247088169065e+00,2.215553660575914812e-04
6.980000000000005089e-01,-3.234089488479527374e-01,9.467018043467664290e-01,5.945818121217527619e+00,2.023021428360709084e+00,2.218732360227795354e-04
6.990000000000005098e-01,-3.174567939477058176e-01,9.487061487086397849e-01,5.958452613359350281e+00,1.985653979263022118e+00,2.221911059879655838e-04
7.000000000000005107e-01,-3.114921218378096102e-01,9.506730859176919513e-01,5.970852456542223408e+00,1.948207367628703723e+00,2.225089759531496535e-04
7.010000000000005116e-01,-3.055151674176162513e-01,9.526025375466582457e-01,5.983017151510034992e+00,1.910683064537896270e+00,2.228268459183317446e-04
7.020000000000005125e-01,-2.995261660811394666e-01,9.544944266409537414e-01,5.994946208199351645e+00,1.873082544260365800e+00,2.231447158835118299e-04
7.030000000000005134e-01,-2.935253537078513220e-01,9.563486777218340729e-01,6.006639145760302334e+00,1.835407284198433686e+00,2.234625858486899365e-04
7.040000000000005143e-01,-2.875129666534584350e-01,9.581652167894998406e-01,6.018095492577118399e+00,1.797658764829765499e+00,2.237804558138660374e-04
7.050000000000005151e-01,-2.814892417406576475e-01,9.599439713261429530e-01,6.029314786288316519e+00,1.759838469650018888e+00,2.240983257790401324e-04
7.060000000000005160e-01,-2.754544162498719917e-01,9.616848702989362341e-01,6.040296573806537062e+00,1.721947885115352683e+00,2.244161957442122218e-04
7.070000000000005169e-01,-2.694087279099665611e-01,9.633878441629646350e-01,6.051040411338023617e+00,1.683988500584799208e+00,2.247340657093823053e-04
7.080000000000005178e-01,-2.633524148889454519e-01,9.650528248640998230e-01,6.061545864401752581e+00,1.645961808262502268e+00,2.250519356745503830e-04
7.090000000000005187e-01,-2.572857157846295539e-01,9.666797458418157074e-01,6.071812507848208362e+00,1.607869303139822570e+00,2.253698056397164550e-04
7.100000000000005196e-01,-2.512088696153158551e-01,9.682685420319473435e-01,6.081839925877798869e+00,1.569712482937311915e+00,2.256876756048804941e-04
7.110000000000005205e-01,-2.451221158104184283e-01,9.698191498693904400e-01,6.091627712058919286e+00,1.531492848046560384e+00,2.260055455700425275e-04
7.120000000000005214e-01,-2.390256942010915986e-01,9.713315072907435788e-01,6.101175469345655245e+00,1.493211901471917402e+00,2.263234155352025279e-04
7.130000000000005222e-01,-2.329198450108354579e-01,9.728055537368919259e-01,6.110482810095128059e+00,1.454871148772087119e+00,2.266412855003605226e-04
7.140000000000005231e-01,-2.268048088460843936e-01,9.742412301555319898e-01,6.119549356084481140e+00,1.416472098001604119e+00,2.269591554655164844e-04
7.150000000000005240e-01,-2.206808266867787138e-01,9.756384790036382038e-01,6.128374738527504917e+00,1.378016259652188769e+00,2.272770254306704133e-04
7.160000000000005249e-01,-2.145481398769197856e-01,9.769972442498711107e-01,6.136958598090902051e+00,1.339505146593983786e+00,2.275948953958223094e-04
7.170000000000005258e-01,-2.084069901151092141e-01,9.783174713769258179e-01,6.145300584910188491e+00,1.300940274016678000e+00,2.279127653609721725e-04
7.180000000000005267e-01,-2.022576194450721732e-01,9.795991073838224983e-01,6.153400358605230380e+00,1.262323159370514647e+00,2.282306353261200028e-04
7.190000000000005276e-01,-1.961002702461654423e-01,9.808421007881371612e-01,6.161257588295423027e+00,1.223655322307190207e+00,2.285485052912657731e-04
7.200000000000005285e-01,-1.899351852238704841e-01,9.820464016281734709e-01,6.168871952614495946e+00,1.184938284620643989e+00,2.288663752564095105e-04
7.210000000000005294e-01,-1.837626074002718102e-01,9.832119614650756123e-01,6.176243139724959086e+00,1.146173570187741353e+00,2.291842452215511880e-04
7.220000000000005302e-01,-1.775827801045211651e-01,9.843387333848812037e-01,6.183370847332180453e+00,1.107362704908852802e+00,2.295021151866908325e-04
7.230000000000005311e-01,-1.713959469632877486e-01,9.854266720005153690e-01,6.190254782698095148e+00,1.068507216648330482e+00,2.298199851518284171e-04
7.240000000000005320e-01,-1.652023518911949762e-01,9.864757334537245237e-01,6.196894662654546693e+00,1.029608635174885434e+00,2.301378551169639417e-04
7.250000000000005329e-01,-1.590022390812440845e-01,9.874858754169512087e-01,6.203290213616259763e+00,9.906684921018668044e-01,2.304557250820974063e-04
7.260000000000005338e-01,-1.527958529952248012e-01,9.884570570951487500e-01,6.209441171593444331e+00,9.516883208274463657e-01,2.307735950472288109e-04
7.270000000000005347e-01,-1.465834383541138597e-01,9.893892392275359660e-01,6.215347282204024104e+00,9.126696564747093232e-01,2.310914650123581555e-04
7.280000000000005356e-01,-1.403652401284612161e-01,9.902823840892923668e-01,6.221008300685499925e+00,8.736140358316544230e-01,2.314093349774854402e-04
7.290000000000005365e-01,-1.341415035287647495e-01,9.911364554931927362e-01,6.226423991906438360e+00,8.345229972911059058e-01,2.317272049426106649e-04
7.300000000000005373e-01,-1.279124739958336088e-01,9.919514187911822045e-01,6.231594130377584584e+00,7.953980807905386419e-01,2.320450749077338024e-04
7.310000000000005382e-01,-1.216783971911405693e-01,9.927272408758904820e-01,6.236518500262605791e+00,7.562408277518195554e-01,2.323629448728548800e-04
7.320000000000005391e-01,-1.154395189871639804e-01,9.934638901820861401e-01,6.241196895388459787e+00,7.170527810208675579e-01,2.326808148379738705e-04
7.330000000000005400e-01,-1.091960854577193885e-01,9.941613366880707181e-01,6.245629119255385220e+00,6.778354848072334349e-01,2.329986848030907740e-04
7.340000000000005409e-01,-1.029483428682814589e-01,9.948195519170117684e-01,6.249814985046519666e+00,6.385904846236035715e-01,2.333165547682055903e-04
7.350000000000005418e-01,-9.669653766629640601e-02,9.954385089382158380e-01,6.253754315637138461e+00,5.993193272252279602e-01,2.336344247333183195e-04
7.360000000000005427e-01,-9.044091647148536084e-02,9.960181823683408320e-01,6.257446943603519607e+00,5.600235605492762669e-01,2.339522946984289617e-04
7.370000000000005436e-01,-8.418172606613914810e-02,9.965585483725474258e-01,6.260892711231428542e+00,5.207047336541233973e-01,2.342701646635375167e-04
7.380000000000005445e-01,-7.791921338540469533e-02,9.970595846655900818e-01,6.264091470524224547e+00,4.813643966585679501e-01,2.345880346286439847e-04
7.390000000000005453e-01,-7.165362550756351756e-02,9.975212705128467805e-01,6.267043083210589671e+00,4.420041006809842243e-01,2.349059045937483385e-04
7.400000000000005462e-01,-6.538520964430270810e-02,9.979435867312883568e-01,6.269747420751877520e+00,4.026253977784116644e-01,2.352237745588506052e-04
7.410000000000005471e-01,-5.911421313097878216e-02,9.983265156903865511e-01,6.272204364349081906e+00,3.632298408855835214e-01,2.355416445239507577e-04
7.420000000000005480e-01,-5.284088341687464413e-02,9.986700413129612208e-01,6.274413804949423579e+00,3.238189837538968385e-01,2.358595144890488231e-04
7.430000000000005489e-01,-4.656546805545028200e-02,9.989741490759667109e-01,6.276375643252558589e+00,2.843943808903265369e-01,2.361773844541447743e-04
7.440000000000005498e-01,-4.028821469458736260e-02,9.992388260112164966e-01,6.278089789716400304e+00,2.449575874962855726e-01,2.364952544192386113e-04
7.450000000000005507e-01,-3.400937106682822703e-02,9.994640607060470971e-01,6.279556164562563048e+00,2.055101594064340786e-01,2.368131243843303341e-04
7.460000000000005516e-01,-2.772918497960963000e-02,9.996498433039210374e-01,6.280774697781423832e+00,1.660536530274392131e-01,2.371309943494199427e-04
7.470000000000005524e-01,-2.144790430549159757e-02,9.997961655049678598e-01,6.281745329136794176e+00,1.265896252766887109e-01,2.374488643145074372e-04
7.480000000000005533e-01,-1.516577697238183017e-02,9.999030205664642956e-01,6.282468008170216223e+00,8.711963352095999924e-02,2.377667342795927903e-04
7.490000000000005542e-01,-8.883050953755970008e-03,9.999704033032529304e-01,6.282942694204868062e+00,4.764523551504778326e-02,2.380846042446760292e-04
7.500000000000005551e-01,-2.599974258874180461e-03,9.999983100880996956e-01,6.283169356349088019e+00,8.167989340351927696e-03,2.384024742097571269e-04
7.510000000000005560e-01,3.683205077005614718e-03,9.999867388519895206e-01,6.283147973499512595e+00,-3.131054665657135444e-02,2.387203441748361103e-04
7.520000000000005569e-01,9.966239002417441248e-03,9.999356890843609236e-01,6.282878534343828036e+00,-7.078881392549306317e-02,2.390382141399129525e-04
7.530000000000005578e-01,1.624887945947953855e-02,9.998451618332787616e-01,6.282361037363138223e+00,-1.102652537740270999e-01,2.393560841049876533e-04
7.540000000000005587e-01,2.253087839368879755e-02,9.997151597055458083e-01,6.281595490833942641e+00,-1.497383074291756544e-01,2.396739540700602129e-04
7.550000000000005596e-01,2.881198776371698966e-02,9.995456868667523809e-01,6.280581912829730662e+00,-1.892064160989018751e-01,2.399918240351306311e-04
7.560000000000005604e-01,3.509195955120839039e-02,9.993367490412647935e-01,6.279320331222186802e+00,-2.286680210337275754e-01,2.403096940001989081e-04
7.570000000000005613e-01,4.137054577057840826e-02,9.990883535121518610e-01,6.277810783682007845e+00,-2.681215635883532067e-01,2.406275639652650166e-04
7.580000000000005622e-01,4.764749847881285388e-02,9.988005091210498954e-01,6.276053317679334498e+00,-3.075654852832979680e-01,2.409454339303289839e-04
7.590000000000005631e-01,5.392256978526743794e-02,9.984732262679661963e-01,6.274047990483794024e+00,-3.469982278665572073e-01,2.412633038953908098e-04
7.600000000000005640e-01,6.019551186146709920e-02,9.981065169110203694e-01,6.271794869164152075e+00,-3.864182333752754772e-01,2.415811738604504673e-04
7.610000000000005649e-01,6.646607695090483992e-02,9.977003945661249151e-01,6.269294030587578170e+00,-4.258239441974315809e-01,2.418990438255079565e-04
7.620000000000005658e-01,7.273401737883956886e-02,9.972548743066029786e-01,6.266545561418522148e+00,-4.652138031335342760e-01,2.422169137905632772e-04
7.630000000000005667e-01,7.899908556209267463e-02,9.967699727627454820e-01,6.263549558117199823e+00,-5.045862534583255288e-01,2.425347837556164567e-04
7.640000000000005675e-01,8.526103401884288502e-02,9.962457081213055288e-01,6.260306126937689619e+00,-5.439397389824891516e-01,2.428526537206674677e-04
7.650000000000005684e-01,9.151961537841896144e-02,9.956821001249319680e-01,6.256815383925641072e+00,-5.832727041143619395e-01,2.431705236857162832e-04
7.660000000000005693e-01,9.777458239109002025e-02,9.950791700715406751e-01,6.253077454915588973e+00,-6.225835939216455284e-01,2.434883936507629303e-04
7.670000000000005702e-01,1.040256879378528981e-01,9.944369408136246591e-01,6.249092475527882939e+00,-6.618708541931159761e-01,2.438062636158074090e-04
7.680000000000005711e-01,1.102726850402162423e-01,9.937554367575016645e-01,6.244860591165221742e+00,-7.011329315003284046e-01,2.441241335808496922e-04
7.690000000000005720e-01,1.165153268699810063e-01,9.930346838625009331e-01,6.240381957008801272e+00,-7.403682732593147575e-01,2.444420035458898070e-04
7.700000000000005729e-01,1.227533667590168104e-01,9.922747096400875710e-01,6.235656738014068168e+00,-7.795753277922720104e-01,2.447598735109277534e-04
7.710000000000005738e-01,1.289865582090339580e-01,9.914755431529258534e-01,6.230685108906083514e+00,-8.187525443892381682e-01,2.450777434759634772e-04
7.720000000000005747e-01,1.352146549013505117e-01,9.906372150138804678e-01,6.225467254174497533e+00,-8.578983733697537195e-01,2.453956134409970326e-04
7.730000000000005755e-01,1.414374107066542763e-01,9.897597573849559183e-01,6.220003368068132588e+00,-8.970112661445056590e-01,2.457134834060283653e-04
7.740000000000005764e-01,1.476545796947590361e-01,9.888432039761748671e-01,6.214293654589171823e+00,-9.360896752769525264e-01,2.460313533710575297e-04
7.750000000000005773e-01,1.538659161443548529e-01,9.878875900443945257e-01,6.208338327486960573e+00,-9.751320545449266852e-01,2.463492233360844714e-04
7.760000000000005782e-01,1.600711745527520491e-01,9.868929523920613178e-01,6.202137610251416966e+00,-1.014136859002212399e+00,2.466670933011092448e-04
7.770000000000005791e-01,1.662701096456181971e-01,9.858593293659043688e-01,6.195691736106045511e+00,-1.053102545040096816e+00,2.469849632661317955e-04
7.780000000000005800e-01,1.724624763867081134e-01,9.847867608555669339e-01,6.189000948000566993e+00,-1.092027570448890872e+00,2.473028332311521236e-04
7.790000000000005809e-01,1.786480299875862765e-01,9.836752882921770968e-01,6.182065498603150466e+00,-1.130910394479418102e+00,2.476207031961702291e-04
7.800000000000005818e-01,1.848265259173411112e-01,9.825249546468560746e-01,6.174885650292258887e+00,-1.169749477904469481e+00,2.479385731611861120e-04
7.810000000000005826e-01,1.909977199122911695e-01,9.813358044291657922e-01,6.167461675148101286e+00,-1.208543283080220077e+00,2.482564431261998265e-04
7.820000000000005835e-01,1.971613679856823176e-01,9.801078836854946186e-01,6.159793854943692359e+00,-1.247290274007606836e+00,2.485743130912113183e-04
7.830000000000005844e-01,2.033172264373760141e-01,9.788412399973822620e-01,6.151882481135523939e+00,-1.285988916393663306e+00,2.488921830562205876e-04
7.840000000000005853e-01,2.094650518635278735e-01,9.775359224797826041e-01,6.143727854853843873e+00,-1.324637677712810380e+00,2.492100530212276342e-04
7.850000000000005862e-01,2.156046011662564876e-01,9.761919817792659160e-01,6.135330286892545004e+00,-1.363235027268099087e+00,2.495279229862324040e-04
7.860000000000005871e-01,2.217356315633017549e-01,9.748094700721596784e-01,6.126690097698658910e+00,-1.401779436252403865e+00,2.498457929512349512e-04
7.870000000000005880e-01,2.278579005976726912e-01,9.733884410626281181e-01,6.117807617361466832e+00,-1.440269377809563434e+00,2.501636629162352758e-04
7.880000000000005889e-01,2.339711661472839987e-01,9.719289499806906818e-01,6.108683185601211818e+00,-1.478703327095466813e+00,2.504815328812333777e-04
7.890000000000005898e-01,2.400751864345812836e-01,9.704310535801793369e-01,6.099317151757428057e+00,-1.517079761339081401e+00,2.507994028462292571e-04
7.900000000000005906e-01,2.461697200361543103e-01,9.688948101366353649e-01,6.089709874776873200e+00,-1.555397159903421977e+00,2.511172728112228596e-04
7.910000000000005915e-01,2.522545258923380440e-01,9.673202794451444264e-01,6.079861723201075208e+00,-1.593654004346456654e+00,2.514351427762142395e-04
7.920000000000005924e-01,2.583293633168010084e-01,9.657075228181114523e-01,6.069773075153486630e+00,-1.631848778481947537e+00,2.517530127412033426e-04
7.930000000000005933e-01,2.643939920061206816e-01,9.640566030829743616e-01,6.059444318326252521e+00,-1.669979968440224338e+00,2.520708827061902231e-04
7.940000000000005942e-01,2.704481720493453478e-01,9.623675845798572714e-01,6.048875849966586671e+00,-1.708046062728887371e+00,2.523887526711748267e-04
7.950000000000005951e-01,2.764916639375422092e-01,9.606405331591627572e-01,6.038068076862758815e+00,-1.746045552293438607e+00,2.527066226361571535e-04
7.960000000000005960e-01,2.825242285733312597e-01,9.588755161791036041e-01,6.027021415329692822e+00,-1.783976930577836129e+00,2.530244926011372577e-04
7.970000000000005969e-01,2.885456272804046707e-01,9.570726025031742745e-01,6.015736291194179408e+00,-1.821838693584972635e+00,2.533423625661150851e-04
7.980000000000005977e-01,2.945556218130309656e-01,9.552318624975617567e-01,6.004213139779696284e+00,-1.859629339937072023e+00,2.536602325310906357e-04
7.990000000000005986e-01,3.005539743655440965e-01,9.533533680284959066e-01,5.992452405890844602e+00,-1.897347370936004252e+00,2.539781024960639094e-04
8.000000000000005995e-01,3.065404475818164221e-01,9.514371924595399488e-01,5.980454543797395495e+00,-1.934991290623514493e+00,2.542959724610349605e-04
8.010000000000006004e-01,3.125148045647159756e-01,9.494834106488201364e-01,5.968220017217950257e+00,-1.972559605841363695e+00,2.546138424260037348e-04
8.020000000000006013e-01,3.184768088855468027e-01,9.474920989461961263e-01,5.955749299303214173e+00,-2.010050826291379877e+00,2.549317123909702323e-04
8.030000000000006022e-01,3.244262245934726452e-01,9.454633351903707350e-01,5.943042872618882200e+00,-2.047463464595415061e+00,2.552495823559344530e-04
8.040000000000006031e-01,3.303628162249230837e-01,9.433971987059397435e-01,5.930101229128142748e+00,-2.084796036355208049e+00,2.555674523208963426e-04
8.050000000000006040e-01,3.362863488129822498e-01,9.412937703003825263e-01,5.916924870173791540e+00,-2.122047060212148395e+00,2.558853222858559553e-04
8.060000000000006048e-01,3.421965878967592189e-01,9.391531322609923960e-01,5.903514306459965333e+00,-2.159215057906938906e+00,2.562031922508132913e-04
8.070000000000006057e-01,3.480932995307401967e-01,9.369753683517474396e-01,5.889870058033485734e+00,-2.196298554339157327e+00,2.565210622157683504e-04
8.080000000000006066e-01,3.539762502941216082e-01,9.347605638101218473e-01,5.875992654264822868e+00,-2.233296077626709231e+00,2.568389321807210786e-04
8.090000000000006075e-01,3.598452073001240925e-01,9.325088053438381763e-01,5.861882633828675360e+00,-2.270206159165175208e+00,2.571568021456715298e-04
8.100000000000006084e-01,3.656999382052867897e-01,9.302201811275597754e-01,5.847540544684166619e+00,-2.307027333687046600e+00,2.574746721106197043e-04
8.110000000000006093e-01,3.715402112187419226e-01,9.278947807995244768e-01,5.832966944054657432e+00,-2.343758139320846201e+00,2.577925420755655477e-04
8.120000000000006102e-01,3.773657951114685605e-01,9.255326954581188925e-01,5.818162398407179303e+00,-2.380397117650136618e+00,2.581104120405091143e-04
8.130000000000006111e-01,3.831764592255259561e-01,9.231340176583940904e-01,5.803127483431484990e+00,-2.416942813772406051e+00,2.584282820054503499e-04
8.140000000000006120e-01,3.889719734832655651e-01,9.206988414085222061e-01,5.787862784018718010e+00,-2.453393776357836398e+00,2.587461519703892544e-04
8.150000000000006128e-01,3.947521083965216393e-01,9.182272621661943246e-01,5.772368894239703785e+00,-2.489748557707947452e+00,2.590640219353258821e-04
8.160000000000006137e-01,4.005166350757800031e-01,9.157193768349600749e-01,5.756646417322860643e+00,-2.526005713814112763e+00,2.593818919002601787e-04
8.170000000000006146e-01,4.062653252393242376e-01,9.131752837605082718e-01,5.740695965631730679e+00,-2.562163804415950263e+00,2.596997618651921444e-04
8.180000000000006155e-01,4.119979512223596041e-01,9.105950827268898262e-01,5.724518160642136699e+00,-2.598221393059579665e+00,2.600176318301217790e-04
8.190000000000006164e-01,4.177142859861135982e-01,9.079788749526821467e-01,5.708113632918954572e+00,-2.634177047155747076e+00,2.603355017950491367e-04
8.200000000000006173e-01,4.234141031269133548e-01,9.053267630870952543e-01,5.691483022092516997e+00,-2.670029338037813282e+00,2.606533717599741635e-04
8.210000000000006182e-01,4.290971768852391288e-01,9.026388512060203873e-01,5.674626976834635350e+00,-2.705776841019603474e+00,2.609712417248968592e-04
8.220000000000006191e-01,4.347632821547535165e-01,8.999152448080207645e-01,5.657546154834250274e+00,-2.741418135453117522e+00,2.612891116898172239e-04
8.230000000000006199e-01,4.404121944913063080e-01,8.971560508102645048e-01,5.640241222772705676e+00,-2.776951804786093714e+00,2.616069816547352033e-04
8.240000000000006208e-01,4.460436901219145267e-01,8.943613775444002600e-01,5.622712856298647921e+00,-2.812376436619428599e+00,2.619248516196508517e-04
8.250000000000006217e-01,4.516575459537167658e-01,8.915313347523751153e-01,5.604961740002555537e+00,-2.847690622764447177e+00,2.622427215845641690e-04
8.260000000000006226e-01,4.572535395829023797e-01,8.886660335821960910e-01,5.586988567390894111e+00,-2.882892959300022984e+00,2.625605915494751553e-04
8.270000000000006235e-01,4.628314493036141397e-01,8.857655865836335796e-01,5.568794040859901706e+00,-2.917982046629544080e+00,2.628784615143838106e-04
8.280000000000006244e-01,4.683910541168249675e-01,8.828301077038688272e-01,5.550378871669002123e+00,-2.952956489537721829e+00,2.631963314792900807e-04
8.290000000000006253e-01,4.739321337391875777e-01,8.798597122830839057e-01,5.531743779913849579e+00,-2.987814897247243362e+00,2.635142014441940197e-04
8.300000000000006262e-01,4.794544686118570875e-01,8.768545170499959518e-01,5.512889494499006560e+00,-3.022555883475261496e+00,2.638320714090955734e-04
8.310000000000006271e-01,4.849578399092860925e-01,8.738146401173338962e-01,5.493816753110250417e+00,-3.057178066489721235e+00,2.641499413739947962e-04
8.320000000000006279e-01,4.904420295479918757e-01,8.707402009772602369e-01,5.474526302186514926e+00,-3.091680069165521072e+00,2.644678113388916336e-04
8.330000000000006288e-01,4.959068201952954169e-01,8.676313204967355253e-01,5.455018896891465907e+00,-3.126060519040503749e+00,2.647856813037861401e-04
8.340000000000006297e-01,5.013519952780317590e-01,8.644881209128278954e-01,5.435295301084711816e+00,-3.160318048371280053e+00,2.651035512686782613e-04
8.350000000000006306e-01,5.067773389912314519e-01,8.613107258279661949e-01,5.415356287292651061e+00,-3.194451294188874080e+00,2.654214212335679972e-04
8.360000000000006315e-01,5.121826363067724097e-01,8.580992602051379370e-01,5.395202636678956054e+00,-3.228458898354197526e+00,2.657392911984553479e-04
8.370000000000006324e-01,5.175676729820025690e-01,8.548538503630316310e-01,5.374835139014692231e+00,-3.262339507613341905e+00,2.660571611633403676e-04
8.380000000000006333e-01,5.229322355683319046e-01,8.515746239711243781e-01,5.354254592648082678e+00,-3.296091773652692236e+00,2.663750311282230021e-04
8.390000000000006342e-01,5.282761114197946917e-01,8.482617100447137348e-01,5.333461804473905943e+00,-3.329714353153856443e+00,2.666929010931032512e-04
8.400000000000006350e-01,5.335990887015800155e-01,8.449152389398951746e-01,5.312457589902539468e+00,-3.363205907848410003e+00,2.670107710579811152e-04
8.410000000000006359e-01,5.389009563985324158e-01,8.415353423484848161e-01,5.291242772828643304e+00,-3.396565104572451865e+00,2.673286410228565939e-04
8.420000000000006368e-01,5.441815043236200022e-01,8.381221532928879725e-01,5.269818185599487670e+00,-3.429790615320969849e+00,2.676465109877296873e-04
8.430000000000006377e-01,5.494405231263710387e-01,8.346758061209127444e-01,5.248184668982924350e+00,-3.462881117302013312e+00,2.679643809526003413e-04
8.440000000000006386e-01,5.546778043012784432e-01,8.311964365005302113e-01,5.226343072135005485e+00,-3.495835292990670418e+00,2.682822509174686101e-04
8.450000000000006395e-01,5.598931401961716459e-01,8.276841814145805554e-01,5.204294252567246204e+00,-3.528651830182847782e+00,2.686001208823344936e-04
8.460000000000006404e-01,5.650863240205556970e-01,8.241391791554250057e-01,5.182039076113538201e+00,-3.561329422048850724e+00,2.689179908471979919e-04
8.470000000000006413e-01,5.702571498539167338e-01,8.205615693195453808e-01,5.159578416896708930e+00,-3.593866767186758793e+00,2.692358608120590507e-04
8.480000000000006422e-01,5.754054126539941416e-01,8.169514928020891187e-01,5.136913157294736187e+00,-3.626262569675598346e+00,2.695537307769177242e-04
8.490000000000006430e-01,5.805309082650185193e-01,8.133090917913622375e-01,5.114044187906606531e+00,-3.658515539128308180e+00,2.698716007417739583e-04
8.500000000000006439e-01,5.856334334259157837e-01,8.096345097632687837e-01,5.090972407517833531e+00,-3.690624390744492445e+00,2.701894707066278072e-04
8.510000000000006448e-01,5.907127857784759684e-01,8.059278914756980994e-01,5.067698723065626965e+00,-3.722587845362964831e+00,2.705073406714792166e-04
8.520000000000006457e-01,5.957687638754877169e-01,8.021893829628590211e-01,5.044224049603716509e+00,-3.754404629514077829e+00,2.708252106363282408e-04
8.530000000000006466e-01,6.008011671888366934e-01,7.984191315295627867e-01,5.020549310266833487e+00,-3.786073475471832595e+00,2.711430806011748255e-04
8.540000000000006475e-01,6.058097961175690216e-01,7.946172857454530947e-01,4.996675436234848888e+00,-3.817593121305772996e+00,2.714609505660189707e-04
8.550000000000006484e-01,6.107944519959179752e-01,7.907839954391848725e-01,4.972603366696572991e+00,-3.848962310932655839e+00,2.717788205308607308e-04
8.560000000000006493e-01,6.157549371012951411e-01,7.869194116925510851e-01,4.948334048813213037e+00,-3.880179794167898155e+00,2.720966904957000513e-04
8.570000000000006501e-01,6.206910546622440572e-01,7.830236868345585854e-01,4.923868437681490740e+00,-3.911244326776799785e+00,2.724145604605369324e-04
8.580000000000006510e-01,6.256026088663572127e-01,7.790969744354528936e-01,4.899207496296431152e+00,-3.942154670525533700e+00,2.727324304253713741e-04
8.590000000000006519e-01,6.304894048681556340e-01,7.751394293006917957e-01,4.874352195513805164e+00,-3.972909593231910286e+00,2.730503003902033763e-04
8.600000000000006528e-01,6.353512487969307232e-01,7.711512074648680937e-01,4.849303514012246907e+00,-4.003507868815904480e+00,2.733681703550329390e-04
8.610000000000006537e-01,6.401879477645481265e-01,7.671324661855828397e-01,4.824062438255033669e+00,-4.033948277349949763e+00,2.736860403198600623e-04
8.620000000000006546e-01,6.449993098732130781e-01,7.630833639372673893e-01,4.798629962451535391e+00,-4.064229605108995003e+00,2.740039102846847461e-04
8.630000000000006555e-01,6.497851442231967756e-01,7.590040604049562711e-01,4.773007088518337326e+00,-4.094350644620320168e+00,2.743217802495069363e-04
8.640000000000006564e-01,6.545452609205245631e-01,7.548947164780098751e-01,4.747194826040029625e+00,-4.124310194713108224e+00,2.746396502143266870e-04
8.650000000000006573e-01,6.592794710846238138e-01,7.507554942437877354e-01,4.721194192229673625e+00,-4.154107060567776344e+00,2.749575201791439982e-04
8.660000000000006581e-01,6.639875868559326211e-01,7.465865569812730751e-01,4.695006211888942182e+00,-4.183740053765058420e+00,2.752753901439588158e-04
8.670000000000006590e-01,6.686694214034681893e-01,7.423880691546477228e-01,4.668631917367936701e+00,-4.213207992334838004e+00,2.755932601087711939e-04
8.680000000000006599e-01,6.733247889323553670e-01,7.381601964068189581e-01,4.642072348524679093e+00,-4.242509700804730777e+00,2.759111300735811326e-04
8.690000000000006608e-01,6.779535046913139906e-01,7.339031055528972836e-01,4.615328552684287544e+00,-4.271644010248413892e+00,2.762290000383885776e-04
8.700000000000006617e-01,6.825553849801052619e-01,7.296169645736264586e-01,4.588401584597828986e+00,-4.300609758333700405e+00,2.765468700031935832e-04
8.710000000000006626e-01,6.871302471569372683e-01,7.253019426087655708e-01,4.561292506400858926e+00,-4.329405789370353475e+00,2.768647399679960951e-04
8.720000000000006635e-01,6.916779096458285370e-01,7.209582099504230346e-01,4.534002387571639758e+00,-4.358030954357642095e+00,2.771826099327961133e-04
8.730000000000006644e-01,6.961981919439296229e-01,7.165859380363435172e-01,4.506532304889048213e+00,-4.386484111031634825e+00,2.775004798975936921e-04
8.740000000000006652e-01,7.006909146288026191e-01,7.121852994431475681e-01,4.478883342390170164e+00,-4.414764123912230609e+00,2.778183498623887772e-04
8.750000000000006661e-01,7.051558993656580343e-01,7.077564678795246200e-01,4.451056591327582801e+00,-4.442869864349916931e+00,2.781362198271813686e-04
8.760000000000006670e-01,7.095929689145487052e-01,7.032996181793786938e-01,4.423053150126331268e+00,-4.470800210572268618e+00,2.784540897919714664e-04
8.770000000000006679e-01,7.140019471375208537e-01,6.988149262949285845e-01,4.394874124340591770e+00,-4.498554047730166872e+00,2.787719597567590705e-04
8.780000000000006688e-01,7.183826590057211803e-01,6.943025692897614176e-01,4.366520626610033595e+00,-4.526130267943751839e+00,2.790898297215441809e-04
8.790000000000006697e-01,7.227349306064605461e-01,6.897627253318403540e-01,4.337993776615875596e+00,-4.553527770348095416e+00,2.794076996863267977e-04
8.800000000000006706e-01,7.270585891502332476e-01,6.851955736864672186e-01,4.309294701036638919e+00,-4.580745461138601371e+00,2.797255696511069208e-04
8.810000000000006715e-01,7.313534629776924367e-01,6.806012947091995002e-01,4.280424533503600415e+00,-4.607782253616120371e+00,2.800434396158845503e-04
8.820000000000006724e-01,7.356193815665800217e-01,6.759800698387221640e-01,4.251384414555948510e+00,-4.634637068231789669e+00,2.803613095806596861e-04
8.830000000000006732e-01,7.398561755386124927e-01,6.713320815896756111e-01,4.222175491595637098e+00,-4.661308832631585908e+00,2.806791795454322740e-04
8.840000000000006741e-01,7.440636766663205615e-01,6.666575135454382295e-01,4.192798918841949884e+00,-4.687796481700591933e+00,2.809970495102023682e-04
8.850000000000006750e-01,7.482417178798438373e-01,6.619565503508654247e-01,4.163255857285767192e+00,-4.714098957606978502e+00,2.813149194749699688e-04
8.860000000000006759e-01,7.523901332736796510e-01,6.572293777049847963e-01,4.133547474643542330e+00,-4.740215209845693778e+00,2.816327894397350215e-04
8.870000000000006768e-01,7.565087581133850270e-01,6.524761823536473493e-01,4.103674945310989308e+00,-4.766144195281862395e+00,2.819506594044975806e-04
8.880000000000006777e-01,7.605974288422331364e-01,6.476971520821360739e-01,4.073639450316479227e+00,-4.791884878193892305e+00,2.822685293692575917e-04
8.890000000000006786e-01,7.646559830878221220e-01,6.428924757077308927e-01,4.043442177274154226e+00,-4.817436230316281431e+00,2.825863993340151092e-04
8.900000000000006795e-01,7.686842596686377371e-01,6.380623430722316414e-01,4.013084320336755439e+00,-4.842797230882132098e+00,2.829042692987700789e-04
8.910000000000006803e-01,7.726820986005679126e-01,6.332069450344379735e-01,3.982567080148168515e+00,-4.867966866665360826e+00,2.832221392635225548e-04
8.920000000000006812e-01,7.766493411033701388e-01,6.283264734625878534e-01,3.951891663795688903e+00,-4.892944132022610582e+00,2.835400092282724829e-04
8.930000000000006821e-01,7.805858296070908864e-01,6.234211212267538604e-01,3.921059284762008712e+00,-4.917728028934856610e+00,2.838578791930198631e-04
8.940000000000006830e-01,7.844914077584370649e-01,6.184910821911980827e-01,3.890071162876926891e+00,-4.942317567048707616e+00,2.841757491577646955e-04
8.950000000000006839e-01,7.883659204270985210e-01,6.135365512066863758e-01,3.858928524268784965e+00,-4.966711763717398753e+00,2.844936191225069799e-04
8.960000000000006848e-01,7.922092137120224642e-01,6.085577241027608775e-01,3.827632601315630989e+00,-4.990909644041478188e+00,2.848114890872467165e-04
8.970000000000006857e-01,7.960211349476384868e-01,6.035547976799726655e-01,3.796184632596110831e+00,-5.014910240909176586e+00,2.851293590519839052e-04
8.980000000000006866e-01,7.998015327100346239e-01,5.985279697020741141e-01,3.764585862840093000e+00,-5.038712595036468400e+00,2.854472290167185461e-04
8.990000000000006875e-01,8.035502568230837861e-01,5.934774388881712825e-01,3.732837542879026138e+00,-5.062315755006817852e+00,2.857650989814506390e-04
9.000000000000006883e-01,8.072671583645202320e-01,5.884034049048363357e-01,3.700940929596030493e+00,-5.085718777310603400e+00,2.860829689461801841e-04
9.010000000000006892e-01,8.109520896719663030e-01,5.833060683581814398e-01,3.668897285875730052e+00,-5.108920726384228672e+00,2.864008389109071813e-04
9.020000000000006901e-01,8.146049043489087538e-01,5.781856307858932453e-01,3.636707880553821326e+00,-5.131920674648908332e+00,2.867187088756316306e-04
9.030000000000006910e-01,8.182254572706244566e-01,5.730422946492286229e-01,3.604373988366385895e+00,-5.154717702549135971e+00,2.870365788403534779e-04
9.040000000000006919e-01,8.218136045900553688e-01,5.678762633249723191e-01,3.571896889898944494e+00,-5.177310898590821608e+00,2.873544488050727773e-04
9.050000000000006928e-01,8.253692037436322071e-01,5.626877410973568638e-01,3.539277871535259301e+00,-5.199699359379110319e+00,2.876723187697895288e-04
9.060000000000006937e-01,8.288921134570472748e-01,5.574769331499443981e-01,3.506518225405882649e+00,-5.221882189655866924e+00,2.879901887345036782e-04
9.070000000000006946e-01,8.323821937509753299e-01,5.522440455574711970e-01,3.473619249336456605e+00,-5.243858502336833816e+00,2.883080586992152797e-04
9.080000000000006954e-01,8.358393059467426056e-01,5.469892852776556680e-01,3.440582246795764743e+00,-5.265627418548456617e+00,2.886259286639242792e-04
9.090000000000006963e-01,8.392633126719439840e-01,5.417128601429690438e-01,3.407408526843537899e+00,-5.287188067664376767e+00,2.889437986286307308e-04
9.100000000000006972e-01,8.426540778660076558e-01,5.364149788523703277e-01,3.374099404078016562e+00,-5.308539587341588373e+00,2.892616685933345803e-04
9.110000000000006981e-01,8.460114667857074888e-01,5.310958509630048230e-01,3.340656198583273007e+00,-5.329681123556260225e+00,2.895795385580358277e-04
9.120000000000006990e-01,8.493353460106221053e-01,5.257556868818673568e-01,3.307080235876293184e+00,-5.350611830639219413e+00,2.898974085227344730e-04
9.130000000000006999e-01,8.526255834485416685e-01,5.203946978574299775e-01,3.273372846853822793e+00,-5.371330871311090327e+00,2.902152784874305704e-04
9.140000000000007008e-01,8.558820483408206004e-01,5.150130959712346801e-01,3.239535367738977989e+00,-5.391837416717099707e+00,2.905331484521240658e-04
9.150000000000007017e-01,8.591046112676772317e-01,5.096110941294514918e-01,3.205569140027624719e+00,-5.412130646461531747e+00,2.908510184168149591e-04
9.160000000000007025e-01,8.622931441534398278e-01,5.041889060544023637e-01,3.171475510434526690e+00,-5.432209748641840363e+00,2.911688883815032503e-04
9.170000000000007034e-01,8.654475202717383242e-01,4.987467462760513115e-01,3.137255830839266846e+00,-5.452073919882415964e+00,2.914867583461889394e-04
9.180000000000007043e-01,8.685676142506418840e-01,4.932848301234604160e-01,3.102911458231942810e+00,-5.471722365368004048e+00,2.918046283108720264e-04
9.190000000000007052e-01,8.716533020777426088e-01,4.878033737162130179e-01,3.068443754658638944e+00,-5.491154298876771200e+00,2.921224982755525113e-04
9.200000000000007061e-01,8.747044611051835172e-01,4.823025939558039932e-01,3.033854087166677704e+00,-5.510368942813022031e+00,2.924403682402303400e-04
9.210000000000007070e-01,8.777209700546330096e-01,4.767827085169973889e-01,2.999143827749652047e+00,-5.529365528239562622e+00,2.927582382049055665e-04
9.220000000000007079e-01,8.807027090222029342e-01,4.712439358391517508e-01,2.964314353292242021e+00,-5.548143294909710477e+00,2.930761081695781910e-04
9.230000000000007088e-01,8.836495594833125855e-01,4.656864951175138656e-01,2.929367045514817303e+00,-5.566701491298945648e+00,2.933939781342481592e-04
9.240000000000007097e-01,8.865614042974960807e-01,4.601106062944809172e-01,2.894303290917827898e+00,-5.585039374636208365e+00,2.937118480989155253e-04
9.250000000000007105e-01,8.894381277131548913e-01,4.545164900508315564e-01,2.859124480725986128e+00,-5.603156210934833403e+00,2.940297180635802893e-04
9.260000000000007114e-01,8.922796153722538648e-01,4.489043677969261070e-01,2.823832010832240336e+00,-5.621051275023126514e+00,2.943475880282423970e-04
9.270000000000007123e-01,8.950857543149616236e-01,4.432744616638764623e-01,2.788427281741546526e+00,-5.638723850574578478e+00,2.946654579929019026e-04
9.280000000000007132e-01,8.978564329842342318e-01,4.376269944946860613e-01,2.752911698514436178e+00,-5.656173230137715002e+00,2.949833279575587519e-04
9.290000000000007141e-01,9.005915412303425738e-01,4.319621898353598888e-01,2.717286670710384655e+00,-5.673398715165582473e+00,2.953011979222129450e-04
9.300000000000007150e-01,9.032909703153425562e-01,4.262802719259856099e-01,2.681553612330982883e+00,-5.690399616044866882e+00,2.956190678868645359e-04
9.310000000000007159e-01,9.059546129174891327e-01,4.205814656917852834e-01,2.645713941762913191e+00,-5.707175252124645048e+00,2.959369378515134706e-04
9.320000000000007168e-01,9.085823631355927077e-01,4.148659967341389310e-01,2.609769081720734185e+00,-5.723724951744768141e+00,2.962548078161597489e-04
9.330000000000007176e-01,9.111741164933182535e-01,4.091340913215795738e-01,2.573720459189475562e+00,-5.740048052263872158e+00,2.965726777808033710e-04
9.340000000000007185e-01,9.137297699434269171e-01,4.033859763807607357e-01,2.537569505367043732e+00,-5.756143900087019816e+00,2.968905477454443368e-04
9.350000000000007194e-01,9.162492218719601178e-01,3.976218794873962459e-01,2.501317655606444035e+00,-5.772011850692965851e+00,2.972084177100826462e-04
9.360000000000007203e-01,9.187323721023659129e-01,3.918420288571731191e-01,2.464966349357821329e+00,-5.787651268661051063e+00,2.975262876747182994e-04
9.370000000000007212e-01,9.211791218995665220e-01,3.860466533366376796e-01,2.428517030110317165e+00,-5.803061527697717992e+00,2.978441576393512963e-04
9.380000000000007221e-01,9.235893739739687858e-01,3.802359823940553718e-01,2.391971145333753768e+00,-5.818242010662652675e+00,2.981620276039816369e-04
9.390000000000007230e-01,9.259630324854152272e-01,3.744102461102445378e-01,2.355330146420139936e+00,-5.833192109594543595e+00,2.984798975686093212e-04
9.400000000000007239e-01,9.283000030470770492e-01,3.685696751693847695e-01,2.318595488625005530e+00,-5.847911225736466712e+00,2.987977675332343492e-04
9.410000000000007248e-01,9.306001927292882892e-01,3.627145008497999479e-01,2.281768631008566750e+00,-5.862398769560885903e+00,2.991156374978566667e-04
9.420000000000007256e-01,9.328635100633207999e-01,3.568449550147164695e-01,2.244851036376721787e+00,-5.876654160794270609e+00,2.994335074624763279e-04
9.430000000000007265e-01,9.350898650451007210e-01,3.509612701029972692e-01,2.207844171221885254e+00,-5.890676828441335999e+00,2.997513774270933328e-04
9.440000000000007274e-01,9.372791691388651092e-01,3.450636791198513631e-01,2.170749505663656542e+00,-5.904466210808891447e+00,3.000692473917076272e-04
9.450000000000007283e-01,9.394313352807592832e-01,3.391524156275201873e-01,2.133568513389330956e+00,-5.918021755529309758e+00,3.003871173563192653e-04
9.460000000000007292e-01,9.415462778823751044e-01,3.332277137359404007e-01,2.096302671594253209e+00,-5.931342919583605600e+00,3.007049873209281928e-04
9.470000000000007301e-01,9.436239128342286397e-01,3.272898080933838161e-01,2.058953460922015477e+00,-5.944429169324129347e+00,3.010228572855344099e-04
9.480000000000007310e-01,9.456641575091788710e-01,3.213389338770749060e-01,2.021522365404505361e+00,-5.957279980496868355e+00,3.013407272501379707e-04
9.490000000000007319e-01,9.476669307657857866e-01,3.153753267837862695e-01,1.984010872401802406e+00,-5.969894838263364534e+00,3.016585972147388210e-04
9.500000000000007327e-01,9.496321529516082993e-01,3.093992230204120619e-01,1.946420472541929403e+00,-5.982273237222232254e+00,3.019764671793369608e-04
9.510000000000007336e-01,9.515597459064423225e-01,3.034108592945206073e-01,1.908752659660459372e+00,-5.994414681430293435e+00,3.022943371439324443e-04
9.520000000000007345e-01,9.534496329654977842e-01,2.974104728048855839e-01,1.871008930739980203e+00,-6.006318684423313847e+00,3.026122071085252173e-04
9.530000000000007354e-01,9.553017389625154676e-01,2.913983012319969479e-01,1.833190785849421856e+00,-6.017984769236345066e+00,3.029300770731152797e-04
9.540000000000007363e-01,9.571159902328228997e-01,2.853745827285516512e-01,1.795299728083246338e+00,-6.029412468423677396e+00,3.032479470377026317e-04
9.550000000000007372e-01,9.588923146163296218e-01,2.793395559099245418e-01,1.757337263500504676e+00,-6.040601324078387790e+00,3.035658170022872732e-04
9.560000000000007381e-01,9.606306414604608435e-01,2.732934598446200014e-01,1.719304901063762880e+00,-6.051550887851499638e+00,3.038836869668692041e-04
9.570000000000007390e-01,9.623309016230306989e-01,2.672365340447045989e-01,1.681204152577900013e+00,-6.062260720970738426e+00,3.042015569314484246e-04
9.580000000000007399e-01,9.639930274750537764e-01,2.611690184562211470e-01,1.643036532628779911e+00,-6.072730394258893938e+00,3.045194268960248803e-04
9.590000000000007407e-01,9.656169529034954735e-01,2.550911534495846067e-01,1.604803558521801454e+00,-6.082959488151775673e+00,3.048372968605986256e-04
9.600000000000007416e-01,9.672026133139607351e-01,2.490031798099603677e-01,1.566506750220327371e+00,-6.092947592715776572e+00,3.051551668251696603e-04
9.610000000000007425e-01,9.687499456333210635e-01,2.429053387276249032e-01,1.528147630283996694e+00,-6.102694307665027296e+00,3.054730367897379845e-04
9.620000000000007434e-01,9.702588883122800212e-01,2.367978717883097439e-01,1.489727723806921755e+00,-6.112199242378153485e+00,3.057909067543035440e-04
9.630000000000007443e-01,9.717293813278767844e-01,2.306810209635286602e-01,1.451248558355773044e+00,-6.121462015914628019e+00,3.061087767188663930e-04
9.640000000000007452e-01,9.731613661859276343e-01,2.245550286008888841e-01,1.412711663907756154e+00,-6.130482257030719140e+00,3.064266466834264773e-04
9.650000000000007461e-01,9.745547859234052757e-01,2.184201374143864838e-01,1.374118572788480375e+00,-6.139259604195036246e+00,3.067445166479838511e-04
9.660000000000007470e-01,9.759095851107565389e-01,2.122765904746864440e-01,1.335470819609724691e+00,-6.147793705603666226e+00,3.070623866125384602e-04
9.670000000000007478e-01,9.772257098541569098e-01,2.061246311993877312e-01,1.296769941207101651e+00,-6.156084219194908336e+00,3.073802565770903045e-04
9.680000000000007487e-01,9.785031077977035530e-01,1.999645033432739527e-01,1.258017476577623972e+00,-6.164130812663597858e+00,3.076981265416394383e-04
9.690000000000007496e-01,9.797417281255452748e-01,1.937964509885498066e-01,1.219214966817175227e+00,-6.171933163475027406e+00,3.080159965061858075e-04
9.700000000000007505e-01,9.809415215639502028e-01,1.876207185350637907e-01,1.180363955057886827e+00,-6.179490958878453455e+00,3.083338664707294119e-04
9.710000000000007514e-01,9.821024403833102934e-01,1.814375506905177016e-01,1.141465986405425959e+00,-6.186803895920201413e+00,3.086517364352702516e-04
9.720000000000007523e-01,9.832244384000841109e-01,1.752471924606631704e-01,1.102522607876195604e+00,-6.193871681456355027e+00,3.089696063998083266e-04
9.730000000000007532e-01,9.843074709786755472e-01,1.690498891394857095e-01,1.063535368334450393e+00,-6.200694032165037228e+00,3.092874763643436368e-04
9.740000000000007541e-01,9.853514950332505906e-01,1.628458862993767686e-01,1.024505818429330084e+00,-6.207270674558285073e+00,3.096053463288761824e-04
9.750000000000007550e-01,9.863564690294905901e-01,1.566354297812939944e-01,9.854355105318144403e-01,-6.213601344993504583e+00,3.099232162934059632e-04
9.760000000000007558e-01,9.873223529862822367e-01,1.504187656849103050e-01,9.463259986716021643e-01,-6.219685789684523236e+00,3.102410862579329793e-04
9.770000000000007567e-01,9.882491084773452616e-01,1.441961403587521395e-01,9.071788384739155608e-01,-6.225523764712221464e+00,3.105589562224572307e-04
9.780000000000007576e-01,9.891366986327957411e-01,1.379678003903272721e-01,8.679955870962350328e-01,-6.231115036034757360e+00,3.108768261869787174e-04
9.790000000000007585e-01,9.899850881406472292e-01,1.317339925962425495e-01,8.287778031649657429e-01,-6.236459379497376609e+00,3.111946961514973852e-04
9.800000000000007594e-01,9.907942432482476081e-01,1.254949640123121102e-01,7.895270467120392155e-01,-6.241556580841805868e+00,3.115125661160132882e-04
9.810000000000007603e-01,9.915641317636529894e-01,1.192509618836563590e-01,7.502448791114525450e-01,-6.246406435715234018e+00,3.118304360805264266e-04
9.820000000000007612e-01,9.922947230569381105e-01,1.130022336547922140e-01,7.109328630157478734e-01,-6.251008749678879539e+00,3.121483060450367460e-04
9.830000000000007621e-01,9.929859880614430034e-01,1.067490269597149294e-01,6.715925622924359129e-01,-6.255363338216141322e+00,3.124661760095443007e-04
9.840000000000007629e-01,9.936378992749561601e-01,1.004915896119720209e-01,6.322255419603649562e-01,-6.259470026740332926e+00,3.127840459740490364e-04
9.850000000000007638e-01,9.942504307608341918e-01,9.423016959472968468e-02,5.928333681260393728e-01,-6.263328650602002945e+00,3.131019159385510075e-04
9.860000000000007647e-01,9.948235581490573187e-01,8.796501505083205441e-02,5.534176079198894760e-01,-6.266939055095837929e+00,3.134197859030501596e-04
9.870000000000007656e-01,9.953572586372215758e-01,8.169637427285378339e-02,5.139798294324963157e-01,-6.270301095467147867e+00,3.137376558675464928e-04
9.880000000000007665e-01,9.958515109914672925e-01,7.542449569314635394e-02,4.745216016507736723e-01,-6.273414636917935994e+00,3.140555258320400613e-04
9.890000000000007674e-01,9.963062955473429572e-01,6.914962787387854415e-02,4.350444943941106368e-01,-6.276279554612552047e+00,3.143733957965308108e-04
9.900000000000007683e-01,9.967215942106063542e-01,6.287201949707138526e-02,3.955500782504768886e-01,-6.278895733682926306e+00,3.146912657610187415e-04
9.910000000000007692e-01,9.970973904579607527e-01,5.659191935462816458e-02,3.560399245124941658e-01,-6.281263069233385288e+00,3.150091357255038532e-04
9.920000000000007701e-01,9.974336693377277019e-01,5.030957633835982101e-02,3.165156051134764836e-01,-6.283381466345051791e+00,3.153270056899861460e-04
9.930000000000007709e-01,9.977304174704558770e-01,4.402523943000607315e-02,2.769786925634418751e-01,-6.285250840079823931e+00,3.156448756544656198e-04
9.940000000000007718e-01,9.979876230494654221e-01,3.773915769125286285e-02,2.374307598850984302e-01,-6.286871115483937622e+00,3.159627456189422747e-04
9.950000000000007727e-01,9.982052758413290094e-01,3.145158025374639177e-02,1.978733805498079645e-01,-6.288242227591110733e+00,3.162806155834161108e-04
9.960000000000007736e-01,9.983833671862883952e-01,2.516275630910426095e-02,1.583081284135294531e-01,-6.289364121425267129e+00,3.165984855478871278e-04
9.970000000000007745e-01,9.985218899986066932e-01,1.887293509892405685e-02,1.187365776527455064e-01,-6.290236752002841492e+00,3.169163555123552718e-04
9.980000000000007754e-01,9.986208387668572550e-01,1.258236590478987657e-02,7.916030270037474614e-02,-6.290860084334665814e+00,3.172342254768205968e-04
9.990000000000007763e-01,9.986802095541477131e-01,6.291298038277157341e-03,3.958087818167263516e-02,-6.291234093427437557e+00,3.175520954412831029e-04
1.000000000000000666e+00,9.986999999982804077e-01,-1.916904374815731060e-08,-1.211498760686491316e-07,-6.291358764284768590e+00,3.178699654057427358e-04
