tau,x,y,u,v,theta1
0.000000000000000000e+00,9.996700000000000585e-01,-0.000000000000000000e+00,0.000000000000000000e+00,-6.285259100563322043e+00,0.000000000000000000e+00
1.000000000000000021e-03,9.996502480015406755e-01,-6.285217704058022881e-03,-3.950386669556619351e-02,-6.285134911457033624e+00,1.401416690378364388e-05
2.000000000000000042e-03,9.995909927874977452e-01,-1.257018703154435049e-02,-7.900617072747365133e-02,-6.284762349060803110e+00,2.802833380709706250e-05
3.000000000000000062e-03,9.994922367018433951e-01,-1.885465961573248861e-02,-1.185053494942651386e-01,-6.284141428142321573e+00,4.204250070947004923e-05
4.000000000000000083e-03,9.993539836510942909e-01,-2.513838710958592876e-02,-1.579998405188840493e-01,-6.283272173313749320e+00,5.605666761043238391e-05
5.000000000000000104e-03,9.991762391041558722e-01,-3.142112119560216965e-02,-1.974880815108681353e-01,-6.282154619030726472e+00,7.007083450951384466e-05
6.000000000000000125e-03,9.989590100921050819e-01,-3.770261359565552084e-02,-2.369685104285359778e-01,-6.280788809590990063e+00,8.408500140624421300e-05
7.000000000000000146e-03,9.987023052079100349e-01,-4.398261608083835900e-02,-2.764395655411630015e-01,-6.279174799132595020e+00,9.809916830015327045e-05
8.000000000000000167e-03,9.984061346060881803e-01,-5.026088048130038233e-02,-3.158996854911449437e-01,-6.277312651631741680e+00,1.121133351907707985e-04
9.000000000000001055e-03,9.980705100023022913e-01,-5.653715869608551270e-02,-3.553473093561458906e-01,-6.275202440900205403e+00,1.261275020776265652e-04
1.000000000000000194e-02,9.976954446728938386e-01,-6.281120270296601527e-02,-3.947808767112287454e-01,-6.272844250582373604e+00,1.401416689602503790e-04
1.100000000000000283e-02,9.972809534543546350e-01,-6.908276456827346090e-02,-4.341988276909651834e-01,-6.270238174151889332e+00,1.541558358381720081e-04
1.200000000000000372e-02,9.968270527427363081e-01,-7.535159645672614981e-02,-4.735996030515228217e-01,-6.267384314907893383e+00,1.681700027109212338e-04
1.300000000000000461e-02,9.963337604929977109e-01,-8.161745064125255911e-02,-5.129816442327268522e-01,-6.264282785970882728e+00,1.821841695780278378e-04
1.400000000000000550e-02,9.958010962182902714e-01,-8.788007951281046060e-02,-5.523433934200940865e-01,-6.260933710278163922e+00,1.961983364390216015e-04
1.500000000000000638e-02,9.952290809891809475e-01,-9.413923559020130616e-02,-5.916832936068359139e-01,-6.257337220578920167e+00,2.102125032934323064e-04
1.600000000000000727e-02,9.946177374328141196e-01,-1.003946715298794506e-01,-6.309997886558287306e-01,-6.253493459428879575e+00,2.242266701407897341e-04
1.700000000000000816e-02,9.939670897320104226e-01,-1.066461401357558930e-01,-6.702913233615486188e-01,-6.249402579184592632e+00,2.382408369806236661e-04
1.800000000000000905e-02,9.932771636243045155e-01,-1.128933943689960501e-01,-7.095563435119680573e-01,-6.245064741997316204e+00,2.522550038124639110e-04
1.900000000000000994e-02,9.925479864009205677e-01,-1.191361873578112712e-01,-7.487932959504119967e-01,-6.240480119806502302e+00,2.662691706358401690e-04
2.000000000000001082e-02,9.917795869056859059e-01,-1.253742724072435810e-01,-7.880006286373705260e-01,-6.235648894332894265e+00,2.802833374502823301e-04
2.100000000000001171e-02,9.909719955338832653e-01,-1.316074030089433855e-01,-8.271767907122662411e-01,-6.230571257071233937e+00,2.942975042553201215e-04
2.200000000000001260e-02,9.901252442310405355e-01,-1.378353328509396014e-01,-8.663202325551734306e-01,-6.225247409282571809e+00,3.083116710504833248e-04
2.300000000000001349e-02,9.892393664916596663e-01,-1.440578158274020693e-01,-9.054294058484859686e-01,-6.219677561986188152e+00,3.223258378353017215e-04
2.400000000000001438e-02,9.883143973578832897e-01,-1.502746060483954316e-01,-9.445027636385329162e-01,-6.213861935951121573e+00,3.363400046093050931e-04
2.500000000000001527e-02,9.873503734181000580e-01,-1.564854578496246429e-01,-9.835387603971375015e-01,-6.207800761687304991e+00,3.503541713720232211e-04
2.600000000000001615e-02,9.863473328054884748e-01,-1.626901258021711816e-01,-1.022535852083118479e+00,-6.201494279436314372e+00,3.643683381229858870e-04
2.700000000000001704e-02,9.853053151964992207e-01,-1.688883647222198803e-01,-1.061492496203730207e+00,-6.194942739161723999e+00,3.783825048617228725e-04
2.800000000000001793e-02,9.842243618092758606e-01,-1.750799296807760141e-01,-1.100407151876039658e+00,-6.188146400539070946e+00,3.923966715877639589e-04
2.900000000000001882e-02,9.831045154020142673e-01,-1.812645760133720640e-01,-1.139278279888238155e+00,-6.181105532945434078e+00,4.064108383006389278e-04
3.000000000000001971e-02,9.819458202712613160e-01,-1.874420593297638216e-01,-1.178104342760883938e+00,-6.173820415448618704e+00,4.204250049998775607e-04
3.100000000000002059e-02,9.807483222501514053e-01,-1.936121355236156694e-01,-1.216883804808074343e+00,-6.166291336795955758e+00,4.344391716850096391e-04
3.200000000000002148e-02,9.795120687065828058e-01,-1.997745607821742042e-01,-1.255615132198545147e+00,-6.158518595402712847e+00,4.484533383555649446e-04
3.300000000000002237e-02,9.782371085413321676e-01,-2.059290915959302859e-01,-1.294296793016692870e+00,-6.150502499340115392e+00,4.624675050110732587e-04
3.400000000000002326e-02,9.769234921861086329e-01,-2.120754847682689015e-01,-1.332927257323520687e+00,-6.142243366322981402e+00,4.764816716510643629e-04
3.500000000000002415e-02,9.755712716015465524e-01,-2.182134974251063175e-01,-1.371504997217501742e+00,-6.133741523696970788e+00,4.904958382750680386e-04
3.600000000000002504e-02,9.741805002751378062e-01,-2.243428870245144091e-01,-1.410028486895360533e+00,-6.124997308425446541e+00,5.045100048826140675e-04
3.700000000000002592e-02,9.727512332191031730e-01,-2.304634113663316664e-01,-1.448496202712767911e+00,-6.116011067075952212e+00,5.185241714732322310e-04
3.800000000000002681e-02,9.712835269682028594e-01,-2.365748286017604063e-01,-1.486906623244948156e+00,-6.106783155806301266e+00,5.325383380464523107e-04
3.900000000000002770e-02,9.697774395774870770e-01,-2.426768972429500237e-01,-1.525258229347195238e+00,-6.097313940350285399e+00,5.465525046018040881e-04
4.000000000000002859e-02,9.682330306199854464e-01,-2.487693761725655039e-01,-1.563549504215296038e+00,-6.087603796002998280e+00,5.605666711388173446e-04
4.100000000000002948e-02,9.666503611843362265e-01,-2.548520246533413913e-01,-1.601778933445858311e+00,-6.077653107605772931e+00,5.745808376570218619e-04
4.200000000000003036e-02,9.650294938723558147e-01,-2.609246023376202706e-01,-1.639945005096539843e+00,-6.067462269530740748e+00,5.885950041559474214e-04
4.300000000000003125e-02,9.633704927965472953e-01,-2.669868692768755936e-01,-1.678046209746177908e+00,-6.057031685665005050e+00,6.026091706351238047e-04
4.400000000000003214e-02,9.616734235775492579e-01,-2.730385859312187136e-01,-1.716081040554815473e+00,-6.046361769394436259e+00,6.166233370940807932e-04
4.500000000000003303e-02,9.599383533415247749e-01,-2.790795131788893491e-01,-1.754047993323621935e+00,-6.035452943587084285e+00,6.306375035323481685e-04
4.600000000000003392e-02,9.581653507174900941e-01,-2.851094123257293389e-01,-1.791945566554706160e+00,-6.024305640576210763e+00,6.446516699494557120e-04
4.700000000000003481e-02,9.563544858345841559e-01,-2.911280451146390780e-01,-1.829772261510818732e+00,-6.012920302142945594e+00,6.586658363449332055e-04
4.800000000000003569e-02,9.545058303192779370e-01,-2.971351737350167999e-01,-1.867526582274943170e+00,-6.001297379498560680e+00,6.726800027183104302e-04
4.900000000000003658e-02,9.526194572925245074e-01,-3.031305608321793743e-01,-1.905207035809769467e+00,-5.989437333266367958e+00,6.866941690691171678e-04
5.000000000000003747e-02,9.506954413668496917e-01,-3.091139695167655077e-01,-1.942812132017052384e+00,-5.977340633463240849e+00,7.007083353968833082e-04
5.100000000000003836e-02,9.487338586433833321e-01,-3.150851633741195701e-01,-1.980340383796848958e+00,-5.965007759480758232e+00,7.147225017011385245e-04
5.200000000000003925e-02,9.467347867088313773e-01,-3.210439064736569370e-01,-2.017790307106633207e+00,-5.952439200065974489e+00,7.287366679814125982e-04
5.300000000000004013e-02,9.446983046323891298e-01,-3.269899633782096249e-01,-2.055160421020286510e+00,-5.939635453301814749e+00,7.427508342372353108e-04
5.400000000000004102e-02,9.426244929625950952e-01,-3.329230991533521644e-01,-2.092449247786960953e+00,-5.926597026587094419e+00,7.567650004681364439e-04
5.500000000000004191e-02,9.405134337241266573e-01,-3.388430793767074345e-01,-2.129655312889813690e+00,-5.913324436616169244e+00,7.707791666736457789e-04
5.600000000000004280e-02,9.383652104145366879e-01,-3.447496701472317349e-01,-2.166777145104608060e+00,-5.899818209358210552e+00,7.847933328532930974e-04
5.700000000000004369e-02,9.361799080009314267e-01,-3.506426380944792642e-01,-2.203813276558180156e+00,-5.886078880036110128e+00,7.988074990066081809e-04
5.800000000000004458e-02,9.339576129165905183e-01,-3.565217503878450600e-01,-2.240762242786771719e+00,-5.872106993105015604e+00,8.128216651331208109e-04
5.900000000000004546e-02,9.316984130575283185e-01,-3.623867747457862332e-01,-2.277622582794220474e+00,-5.857903102230495485e+00,8.268358312323607689e-04
6.000000000000004635e-02,9.294023977789975799e-01,-3.682374794450214983e-01,-2.314392839110010147e+00,-5.843467770266336458e+00,8.408499973038578365e-04
6.100000000000004724e-02,9.270696578919344066e-01,-3.740736333297081107e-01,-2.351071557847178806e+00,-5.828801569231972124e+00,8.548641633471417952e-04
6.200000000000004813e-02,9.247002856593461440e-01,-3.798950058205959879e-01,-2.387657288760077545e+00,-5.813905080289546667e+00,8.688783293617424264e-04
6.300000000000004208e-02,9.222943747926409808e-01,-3.857013669241589060e-01,-2.424148585301983516e+00,-5.798778893720613503e+00,8.828924953471895118e-04
6.400000000000004297e-02,9.198520204479005979e-01,-3.914924872417020474e-01,-2.460544004682560626e+00,-5.783423608902466206e+00,8.969066613030129411e-04
6.500000000000004385e-02,9.173733192220947519e-01,-3.972681379784456790e-01,-2.496842107925168808e+00,-5.767839834284107958e+00,9.109208272287423877e-04
6.600000000000004474e-02,9.148583691492393477e-01,-4.030280909525848498e-01,-2.533041459924015637e+00,-5.752028187361859501e+00,9.249349931239076329e-04
6.700000000000004563e-02,9.123072696964967809e-01,-4.087721186043243304e-01,-2.569140629501151629e+00,-5.735989294654602944e+00,9.389491589880384582e-04
6.800000000000004652e-02,9.097201217602197687e-01,-4.144999940048884612e-01,-2.605138189463305665e+00,-5.719723791678666736e+00,9.529633248206646453e-04
6.900000000000004741e-02,9.070970276619384487e-01,-4.202114908655061876e-01,-2.641032716658557433e+00,-5.703232322922351827e+00,9.669774906213159755e-04
7.000000000000004829e-02,9.044380911442905235e-01,-4.259063835463698933e-01,-2.676822792032845122e+00,-5.686515541820096331e+00,9.809916563895222305e-04
7.100000000000004918e-02,9.017434173668954500e-01,-4.315844470655686438e-01,-2.712507000686307013e+00,-5.669574110726288474e+00,9.950058221248133002e-04
7.200000000000005007e-02,8.990131129021720069e-01,-4.372454571079947283e-01,-2.748083931929452994e+00,-5.652408700888717163e+00,1.009019987826718749e-03
7.300000000000005096e-02,8.962472857310999075e-01,-4.428891900342238341e-01,-2.783552179339165100e+00,-5.635019992421669954e+00,1.023034153494768467e-03
7.400000000000005185e-02,8.934460452389254570e-01,-4.485154228893677986e-01,-2.818910340814524851e+00,-5.617408674278680181e+00,1.037048319128492345e-03
7.500000000000005274e-02,8.906095022108118098e-01,-4.541239334119000493e-01,-2.854157018632462517e+00,-5.599575444224915266e+00,1.051062484727420055e-03
7.600000000000005362e-02,8.877377688274329381e-01,-4.597145000424535111e-01,-2.889290819503230967e+00,-5.581521008809219531e+00,1.065076650291081270e-03
7.700000000000005451e-02,8.848309586605129784e-01,-4.652869019325899247e-01,-2.924310354625697439e+00,-5.563246083335802616e+00,1.079090815819006097e-03
7.800000000000005540e-02,8.818891866683098435e-01,-4.708409189535409656e-01,-2.959214239742452346e+00,-5.544751391835578858e+00,1.093104981310723993e-03
7.900000000000005629e-02,8.789125691910442129e-01,-4.763763317049206081e-01,-2.994001095194734674e+00,-5.526037667037161150e+00,1.107119146765764848e-03
8.000000000000005718e-02,8.759012239462732330e-01,-4.818929215234079577e-01,-3.028669545977168642e+00,-5.507105650337504876e+00,1.121133312183658550e-03
8.100000000000005806e-02,8.728552700242100393e-01,-4.873904704914009400e-01,-3.063218221792312068e+00,-5.487956091772208111e+00,1.135147477563934774e-03
8.200000000000005895e-02,8.697748278829886548e-01,-4.928687614456399579e-01,-3.097645757105012443e+00,-5.468589749985468096e+00,1.149161642906123193e-03
8.300000000000005984e-02,8.666600193438744881e-01,-4.983275779858011290e-01,-3.131950791196569828e+00,-5.449007392199692212e+00,1.163175808209753912e-03
8.400000000000006073e-02,8.635109675864208745e-01,-5.037667044830593799e-01,-3.166131968218704351e+00,-5.429209794184768789e+00,1.177189973474356390e-03
8.500000000000006162e-02,8.603277971435718818e-01,-5.091859260886203442e-01,-3.200187937247324310e+00,-5.409197740226998619e+00,1.191204138699460515e-03
8.600000000000006251e-02,8.571106338967112714e-01,-5.145850287422210068e-01,-3.234117352336094875e+00,-5.388972023097682751e+00,1.205218303884596177e-03
8.700000000000006339e-02,8.538596050706579454e-01,-5.199637991805990955e-01,-3.267918872569805178e+00,-5.368533444021378997e+00,1.219232469029293050e-03
8.800000000000006428e-02,8.505748392286083259e-01,-5.253220249459299440e-01,-3.301591162117528455e+00,-5.347882812643816486e+00,1.233246634133081023e-03
8.900000000000006517e-02,8.472564662670256652e-01,-5.306594943942318787e-01,-3.335132890285578799e+00,-5.327020946999475370e+00,1.247260799195489770e-03
9.000000000000006606e-02,8.439046174104760656e-01,-5.359759967037385220e-01,-3.368542731570256521e+00,-5.305948673478836142e+00,1.261274964216048964e-03
9.100000000000006695e-02,8.405194252064125404e-01,-5.412713218832378992e-01,-3.401819365710383902e+00,-5.284666826795294092e+00,1.275289129194288494e-03
9.200000000000006783e-02,8.371010235199062288e-01,-5.465452607803793494e-01,-3.434961477739626901e+00,-5.263176249951743380e+00,1.289303294129738250e-03
9.300000000000006872e-02,8.336495475283254297e-01,-5.517976050899454643e-01,-3.467967758038604131e+00,-5.241477794206828911e+00,1.303317459021927907e-03
9.400000000000006961e-02,8.301651337159627886e-01,-5.570281473620913859e-01,-3.500836902386775140e+00,-5.219572319040873154e+00,1.317331623870387353e-03
9.500000000000007050e-02,8.266479198686104146e-01,-5.622366810105491330e-01,-3.533567612014112402e+00,-5.197460692121476988e+00,1.331345788674646261e-03
9.600000000000007139e-02,8.230980450680838167e-01,-5.674230003207972883e-01,-3.566158593652550834e+00,-5.175143789268789263e+00,1.345359953434234522e-03
9.700000000000007228e-02,8.195156496866943252e-01,-5.725869004581964905e-01,-3.598608559587213929e+00,-5.152622494420459276e+00,1.359374118148681809e-03
9.800000000000007316e-02,8.159008753816701098e-01,-5.777281774760889554e-01,-3.630916227707414290e+00,-5.129897699596261518e+00,1.373388282817517795e-03
9.900000000000007405e-02,8.122538650895267942e-01,-5.828466283238628032e-01,-3.663080321557427244e+00,-5.106970304862402443e+00,1.387402447440272369e-03
1.000000000000000749e-01,8.085747630203873326e-01,-5.879420508549807467e-01,-3.695099570387034404e+00,-5.083841218295508391e+00,1.401416612016475422e-03
1.010000000000000758e-01,8.048637146522510388e-01,-5.930142438349720324e-01,-3.726972709201835876e+00,-5.060511355946291090e+00,1.415430776545656627e-03
1.020000000000000767e-01,8.011208667252128768e-01,-5.980630069493886314e-01,-3.758698478813330190e+00,-5.036981641802899645e+00,1.429444941027345874e-03
1.030000000000000776e-01,7.973463672356325693e-01,-6.030881408117236830e-01,-3.790275625888756217e+00,-5.013253007753959878e+00,1.443459105461072835e-03
1.040000000000000785e-01,7.935403654302540799e-01,-6.080894469712939676e-01,-3.821702903000699258e+00,-4.989326393551295702e+00,1.457473269846367402e-03
1.050000000000000794e-01,7.897030118002754673e-01,-6.130667279210839649e-01,-3.852979068676457786e+00,-4.965202746772339637e+00,1.471487434182759246e-03
1.060000000000000803e-01,7.858344580753697795e-01,-6.180197871055524983e-01,-3.884102887447168140e+00,-4.940883022782236011e+00,1.485501598469778257e-03
1.070000000000000812e-01,7.819348572176564316e-01,-6.229484289284015208e-01,-3.915073129896686321e+00,-4.916368184695632415e+00,1.499515762706954110e-03
1.080000000000000820e-01,7.780043634156246224e-01,-6.278524587603063756e-01,-3.945888572710223308e+00,-4.891659203338163842e+00,1.513529926893816477e-03
1.090000000000000829e-01,7.740431320780072344e-01,-6.327316829466074211e-01,-3.976547998722734789e+00,-4.866757057207634851e+00,1.527544091029895464e-03
1.100000000000000838e-01,7.700513198276074389e-01,-6.375859088149625764e-01,-4.007050196967059996e+00,-4.841662732434892646e+00,1.541558255114720529e-03
1.110000000000000847e-01,7.660290844950765621e-01,-6.424149446829607868e-01,-4.037393962721811391e+00,-4.816377222744401720e+00,1.555572419147821777e-03
1.120000000000000856e-01,7.619765851126445444e-01,-6.472185998656955208e-01,-4.067578097559009898e+00,-4.790901529414517412e+00,1.569586583128728665e-03
1.130000000000000865e-01,7.578939819078029938e-01,-6.519966846832990770e-01,-4.097601409391464777e+00,-4.765236661237458371e+00,1.583600747056971300e-03
1.140000000000000874e-01,7.537814362969404991e-01,-6.567490104684361452e-01,-4.127462712519897714e+00,-4.739383634478983254e+00,1.597614910932079139e-03
1.150000000000000883e-01,7.496391108789315361e-01,-6.614753895737568445e-01,-4.157160827679808435e+00,-4.713343472837771664e+00,1.611629074753582070e-03
1.160000000000000892e-01,7.454671694286781891e-01,-6.661756353793094609e-01,-4.186694582088080097e+00,-4.687117207404510211e+00,1.625643238521009984e-03
1.170000000000000900e-01,7.412657768906056877e-01,-6.708495622999118835e-01,-4.216062809489321772e+00,-4.660705876620689025e+00,1.639657402233892555e-03
1.180000000000000909e-01,7.370350993721116462e-01,-6.754969857924816301e-01,-4.245264350201944481e+00,-4.634110526237104288e+00,1.653671565891759671e-03
1.190000000000000918e-01,7.327753041369692300e-01,-6.801177223633241287e-01,-4.274298051163976098e+00,-4.607332209272072099e+00,1.667685729494141006e-03
1.200000000000000927e-01,7.284865595986846909e-01,-6.847115895753795867e-01,-4.303162765978604476e+00,-4.580371985969359017e+00,1.681699893040566451e-03
1.210000000000000936e-01,7.241690353138097169e-01,-6.892784060554267844e-01,-4.331857354959453232e+00,-4.553230923755823056e+00,1.695714056530565677e-03
1.220000000000000945e-01,7.198229019752083735e-01,-6.938179915012454568e-01,-4.360380685175583970e+00,-4.525910097198773130e+00,1.709728219963668576e-03
1.230000000000000954e-01,7.154483314052793030e-01,-6.983301666887347103e-01,-4.388731630496227609e+00,-4.498410587963046048e+00,1.723742383339404820e-03
1.240000000000000963e-01,7.110454965491332935e-01,-7.028147534789894735e-01,-4.416909071635239492e+00,-4.470733484767802857e+00,1.737756546657304299e-03
1.250000000000000833e-01,7.066145714677265488e-01,-7.072715748253327606e-01,-4.444911896195278267e+00,-4.442879883343050729e+00,1.751770709916896903e-03
1.260000000000000842e-01,7.021557313309498838e-01,-7.117004547803049697e-01,-4.472738998711706770e+00,-4.414850886385881523e+00,1.765784873117712088e-03
1.270000000000000850e-01,6.976691524106742870e-01,-7.161012185026085497e-01,-4.500389280696210470e+00,-4.386647603516442118e+00,1.779799036259279961e-03
1.280000000000000859e-01,6.931550120737527410e-01,-7.204736922640093688e-01,-4.527861650680138794e+00,-4.358271151233627627e+00,1.793813199341129979e-03
1.290000000000000868e-01,6.886134887749790767e-01,-7.248177034561928966e-01,-4.555155024257556917e+00,-4.329722652870507282e+00,1.807827362362792248e-03
1.300000000000000877e-01,6.840447620500039738e-01,-7.291330805975761997e-01,-4.582268324128016879e+00,-4.301003238549476748e+00,1.821841525323796441e-03
1.310000000000000886e-01,6.794490125082081056e-01,-7.334196533400745288e-01,-4.609200480139040934e+00,-4.272114045137146654e+00,1.835855688223672231e-03
1.320000000000000895e-01,6.748264218255328739e-01,-7.376772524758229421e-01,-4.635950429328314470e+00,-4.243056216198966446e+00,1.849869851061949509e-03
1.330000000000000904e-01,6.701771727372696219e-01,-7.419057099438522984e-01,-4.662517115965589376e+00,-4.213830901953579122e+00,1.863884013838157947e-03
1.340000000000000913e-01,6.655014490308065467e-01,-7.461048588367198420e-01,-4.688899491594297864e+00,-4.184439259226920171e+00,1.877898176551827435e-03
1.350000000000000921e-01,6.607994355383342011e-01,-7.502745334070929362e-01,-4.715096515072869643e+00,-4.154882451406055388e+00,1.891912339202487647e-03
1.360000000000000930e-01,6.560713181295102503e-01,-7.544145690742872779e-01,-4.741107152615756881e+00,-4.125161648392757563e+00,1.905926501789668472e-03
1.370000000000000939e-01,6.513172837040829277e-01,-7.585248024307582604e-01,-4.766930377834158072e+00,-4.095278026556831819e+00,1.919940664312899583e-03
1.380000000000000948e-01,6.465375201844738573e-01,-7.626050712485457073e-01,-4.792565171776450583e+00,-4.065232768689183374e+00,1.933954826771710871e-03
1.390000000000000957e-01,6.417322165083211294e-01,-7.666552144856709772e-01,-4.818010522968314113e+00,-4.035027063954633952e+00,1.947968989165632225e-03
1.400000000000000966e-01,6.369015626209818537e-01,-7.706750722924876618e-01,-4.843265427452562832e+00,-4.004662107844491281e+00,1.961983151494193101e-03
1.410000000000000975e-01,6.320457494679952992e-01,-7.746644860179839887e-01,-4.868328888828666656e+00,-3.974139102128863676e+00,1.975997313756923824e-03
1.420000000000000984e-01,6.271649689875063993e-01,-7.786232982160378180e-01,-4.893199918291970540e+00,-3.943459254808735270e+00,1.990011475953353415e-03
1.430000000000000993e-01,6.222594141026508430e-01,-7.825513526516231222e-01,-4.917877534672610018e+00,-3.912623780067793877e+00,2.004025638083012199e-03
1.440000000000001001e-01,6.173292787139006421e-01,-7.864484943069690592e-01,-4.942360764474114987e+00,-3.881633898224015500e+00,2.018039800145430065e-03
1.450000000000001010e-01,6.123747576913713964e-01,-7.903145693876694189e-01,-4.966648641911708850e+00,-3.850490835681010360e+00,2.032053962140136470e-03
1.460000000000001019e-01,6.073960468670920321e-01,-7.941494253287441074e-01,-4.990740208950294132e+00,-3.819195824879129564e+00,2.046068124066661303e-03
1.470000000000001028e-01,6.023933430272359058e-01,-7.979529108006513383e-01,-5.014634515342125454e+00,-3.787750104246337290e+00,2.060082285924534455e-03
1.480000000000001037e-01,5.973668439043149370e-01,-8.017248757152505290e-01,-5.038330618664172533e+00,-3.756154918148846278e+00,2.074096447713285381e-03
1.490000000000001046e-01,5.923167481693362157e-01,-8.054651712317157930e-01,-5.061827584355164333e+00,-3.724411516841521497e+00,2.088110609432443972e-03
1.500000000000001055e-01,5.872432554239218616e-01,-8.091736497623995827e-01,-5.085124485752321455e+00,-3.692521156418055117e+00,2.102124771081540118e-03
1.510000000000001064e-01,5.821465661923924673e-01,-8.128501649786468164e-01,-5.108220404127765235e+00,-3.660485098760912770e+00,2.116138932660103708e-03
1.520000000000001072e-01,5.770268819138139049e-01,-8.164945718165580457e-01,-5.131114428724611543e+00,-3.628304611491052434e+00,2.130153094167664633e-03
1.530000000000001081e-01,5.718844049340084945e-01,-8.201067264827032188e-01,-5.153805656792743051e+00,-3.595980967917419946e+00,2.144167255603752348e-03
1.540000000000001090e-01,5.667193384975306447e-01,-8.236864864597840397e-01,-5.176293193624260880e+00,-3.563515446986223800e+00,2.158181416967896744e-03
1.550000000000001099e-01,5.615318867396067448e-01,-8.272337105122458123e-01,-5.198576152588609389e+00,-3.530909333229987901e+00,2.172195578259627710e-03
1.560000000000001108e-01,5.563222546780406397e-01,-8.307482586918381040e-01,-5.220653655167379448e+00,-3.498163916716388488e+00,2.186209739478474703e-03
1.570000000000001117e-01,5.510906482050840216e-01,-8.342299923431245601e-01,-5.242524830988784856e+00,-3.465280492996872574e+00,2.200223900623967613e-03
1.580000000000001126e-01,5.458372740792729605e-01,-8.376787741089404271e-01,-5.264188817861811920e+00,-3.432260363055066321e+00,2.214238061695636330e-03
1.590000000000001135e-01,5.405623399172300170e-01,-8.410944679357993392e-01,-5.285644761810039505e+00,-3.399104833254969371e+00,2.228252222693010744e-03
1.600000000000001144e-01,5.352660541854329379e-01,-8.444769390792472574e-01,-5.306891817105129583e+00,-3.365815215288940454e+00,2.242266383615620744e-03
1.610000000000001152e-01,5.299486261919498231e-01,-8.478260541091651170e-01,-5.327929146299985597e+00,-3.332392826125474716e+00,2.256280544462995787e-03
1.620000000000001161e-01,5.246102660781416516e-01,-8.511416809150182949e-01,-5.348755920261582197e+00,-3.298838987956778990e+00,2.270294705234665762e-03
1.630000000000001170e-01,5.192511848103317229e-01,-8.544236887110545631e-01,-5.369371318203454813e+00,-3.265155028146139671e+00,2.284308865930160561e-03
1.640000000000001179e-01,5.138715941714432356e-01,-8.576719480414484176e-01,-5.389774527717861474e+00,-3.231342279175093424e+00,2.298323026549009638e-03
1.650000000000001188e-01,5.084717067526044465e-01,-8.608863307853930058e-01,-5.409964744807603587e+00,-3.197402078590397156e+00,2.312337187090743318e-03
1.660000000000001197e-01,5.030517359447224113e-01,-8.640667101621385404e-01,-5.429941173917510078e+00,-3.163335768950802152e+00,2.326351347554891057e-03
1.670000000000001206e-01,4.976118959300253053e-01,-8.672129607359778669e-01,-5.449703027965584035e+00,-3.129144697773633244e+00,2.340365507940982744e-03
1.680000000000001215e-01,4.921524016735739915e-01,-8.703249584211779633e-01,-5.469249528373810065e+00,-3.094830217481176593e+00,2.354379668248547837e-03
1.690000000000001223e-01,4.866734689147425019e-01,-8.734025804868583709e-01,-5.488579905098618816e+00,-3.060393685346876502e+00,2.368393828477116658e-03
1.700000000000001232e-01,4.811753141586687099e-01,-8.764457055618150028e-01,-5.507693396661011320e+00,-3.025836463441346158e+00,2.382407988626218664e-03
1.710000000000001241e-01,4.756581546676748040e-01,-8.794542136392903275e-01,-5.526589250176338730e+00,-2.991159918578189192e+00,2.396422148695383746e-03
1.720000000000001250e-01,4.701222084526581191e-01,-8.824279860816894860e-01,-5.545266721383738329e+00,-2.956365422259642273e+00,2.410436308684141358e-03
1.730000000000001259e-01,4.645676942644528795e-01,-8.853669056252413405e-01,-5.563725074675224036e+00,-2.921454350622032514e+00,2.424450468592021825e-03
1.740000000000001268e-01,4.589948315851628546e-01,-8.882708563846053451e-01,-5.581963583124430528e+00,-2.886428084381059467e+00,2.438464628418554603e-03
1.750000000000001277e-01,4.534038406194654258e-01,-8.911397238574235713e-01,-5.599981528515010964e+00,-2.851288008776896366e+00,2.452478788163269582e-03
1.760000000000001286e-01,4.477949422858877315e-01,-8.939733949288173331e-01,-5.617778201368683000e+00,-2.816035513519119959e+00,2.466492947825696218e-03
1.770000000000001295e-01,4.421683582080545571e-01,-8.967717578758294117e-01,-5.635352900972927515e+00,-2.780671992731466702e+00,2.480507107405364835e-03
1.780000000000001303e-01,4.365243107059089689e-01,-8.995347023718102131e-01,-5.652704935408334741e+00,-2.745198844896419299e+00,2.494521266901804889e-03
1.790000000000001312e-01,4.308630227869055251e-01,-9.022621194907489706e-01,-5.669833621575602223e+00,-2.709617472799624505e+00,2.508535426314546270e-03
1.800000000000001321e-01,4.251847181371770090e-01,-9.049539017115487693e-01,-5.686738285222174838e+00,-2.673929283474146601e+00,2.522549585643118434e-03
1.810000000000001330e-01,4.194896211126743490e-01,-9.076099429222462822e-01,-5.703418260968534881e+00,-2.638135688144556124e+00,2.536563744887051705e-03
1.820000000000001339e-01,4.137779567302806716e-01,-9.102301384241751059e-01,-5.719872892334135983e+00,-2.602238102170859158e+00,2.550577904045875539e-03
1.830000000000001348e-01,4.080499506588994851e-01,-9.128143849360732531e-01,-5.736101531762982653e+00,-2.566237944992265874e+00,2.564592063119119827e-03
1.840000000000001357e-01,4.023058292105175515e-01,-9.153625805981338015e-01,-5.752103540648849211e+00,-2.530136640070804521e+00,2.578606222106314023e-03
1.850000000000001366e-01,3.965458193312425550e-01,-9.178746249760000309e-01,-5.767878289360146127e+00,-2.493935614834779546e+00,2.592620381006988453e-03
1.860000000000001374e-01,3.907701485923161799e-01,-9.203504190647027183e-01,-5.783425157264424854e+00,-2.457636300622078718e+00,2.606634539820672572e-03
1.870000000000001383e-01,3.849790451811029857e-01,-9.227898652925419221e-01,-5.798743532752523855e+00,-2.421240132623329711e+00,2.620648698546896270e-03
1.880000000000001392e-01,3.791727378920550784e-01,-9.251928675249108114e-01,-5.813832813262354016e+00,-2.384748549824910580e+00,2.634662857185189437e-03
1.890000000000001401e-01,3.733514561176534130e-01,-9.275593310680630976e-01,-5.828692405302324353e+00,-2.348162994951813243e+00,2.648677015735081530e-03
1.900000000000001410e-01,3.675154298393255581e-01,-9.298891626728228443e-01,-5.843321724474401790e+00,-2.311484914410366631e+00,2.662691174196102871e-03
1.910000000000001419e-01,3.616648896183409789e-01,-9.321822705382372121e-01,-5.857720195496814775e+00,-2.274715758230816842e+00,2.676705332567782484e-03
1.920000000000001428e-01,3.558000665866833390e-01,-9.344385643151716936e-01,-5.871887252226384746e+00,-2.237856980009771402e+00,2.690719490849650692e-03
1.930000000000001437e-01,3.499211924379010963e-01,-9.366579551098473955e-01,-5.885822337680500560e+00,-2.200910036852505414e+00,2.704733649041237385e-03
1.940000000000001446e-01,3.440284994179359512e-01,-9.388403554873209211e-01,-5.899524904058723429e+00,-2.163876389315136262e+00,2.718747807142072020e-03
1.950000000000001454e-01,3.381222203159301998e-01,-9.409856794749065223e-01,-5.912994412764025043e+00,-2.126757501346665524e+00,2.732761965151684486e-03
1.960000000000001463e-01,3.322025884550126040e-01,-9.430938425655394086e-01,-5.926230334423661539e+00,-2.089554840230892996e+00,2.746776123069604673e-03
1.970000000000001472e-01,3.262698376830641123e-01,-9.451647617210817698e-01,-5.939232148909679765e+00,-2.052269876528204140e+00,2.760790280895362037e-03
1.980000000000001481e-01,3.203242023634627622e-01,-9.471983553755703999e-01,-5.951999345359052285e+00,-2.014904084017232755e+00,2.774804438628486903e-03
1.990000000000001490e-01,3.143659173658088779e-01,-9.491945434384052582e-01,-5.964531422193445565e+00,-1.977458939636401736e+00,2.788818596268508726e-03
2.000000000000001499e-01,3.083952180566306711e-01,-9.511532472974804087e-01,-5.976827887138617790e+00,-1.939935923425345710e+00,2.802832753814956963e-03
2.010000000000001508e-01,3.024123402900706359e-01,-9.530743898222555632e-01,-5.988888257243444535e+00,-1.902336518466214654e+00,2.816846911267361937e-03
2.020000000000001517e-01,2.964175203985530693e-01,-9.549578953667693382e-01,-6.000712058898577617e+00,-1.864662210824864053e+00,2.830861068625253104e-03
2.030000000000001525e-01,2.904109951834330516e-01,-9.568036897725936685e-01,-6.012298827854725580e+00,-1.826914489491931803e+00,2.844875225888160355e-03
2.040000000000001534e-01,2.843930019056274960e-01,-9.586117003717287144e-01,-6.023648109240566484e+00,-1.789094846323805665e+00,2.858889383055613579e-03
2.050000000000001543e-01,2.783637782762282131e-01,-9.603818559894393703e-01,-6.034759457580288533e+00,-1.751204775983482786e+00,2.872903540127142667e-03
2.060000000000001552e-01,2.723235624470980443e-01,-9.621140869470321544e-01,-6.045632436810750576e+00,-1.713245775881323762e+00,2.886917697102277074e-03
2.070000000000001561e-01,2.662725930014495646e-01,-9.638083250645729239e-01,-6.056266620298274006e+00,-1.675219346115703889e+00,2.900931853980546690e-03
2.080000000000001570e-01,2.602111089444074099e-01,-9.654645036635450817e-01,-6.066661590855058073e+00,-1.637126989413563161e+00,2.914946010761481406e-03
2.090000000000001579e-01,2.541393496935544505e-01,-9.670825575694486087e-01,-6.076816940755218610e+00,-1.598970211070859460e+00,2.928960167444611112e-03
2.100000000000001588e-01,2.480575550694618381e-01,-9.686624231143388108e-01,-6.086732271750452838e+00,-1.560750518892924932e+00,2.942974324029465263e-03
2.110000000000001597e-01,2.419659652862039545e-01,-9.702040381393064461e-01,-6.096407195085322250e+00,-1.522469423134728439e+00,2.956988480515573749e-03
2.120000000000001605e-01,2.358648209418579000e-01,-9.717073419968969006e-01,-6.105841331512166903e+00,-1.484128436441048526e+00,2.971002636902466462e-03
2.130000000000001614e-01,2.297543630089885214e-01,-9.731722755534703007e-01,-6.115034311305632464e+00,-1.445729073786555796e+00,2.985016793189673289e-03
2.140000000000001623e-01,2.236348328251188955e-01,-9.745987811915015619e-01,-6.123985774276826888e+00,-1.407272852415810682e+00,2.999030949376724122e-03
2.150000000000001632e-01,2.175064720831870746e-01,-9.759868028118199312e-01,-6.132695369787094286e+00,-1.368761291783176626e+00,3.013045105463148417e-03
2.160000000000001641e-01,2.113695228219889810e-01,-9.773362858357889094e-01,-6.141162756761408659e+00,-1.330195913492651094e+00,3.027059261448476063e-03
2.170000000000001650e-01,2.052242274166083402e-01,-9.786471772074257780e-01,-6.149387603701392813e+00,-1.291578241237618663e+00,3.041073417332236517e-03
2.180000000000001659e-01,1.990708285688336521e-01,-9.799194253954605083e-01,-6.157369588697951812e+00,-1.252909800740527269e+00,3.055087573113960103e-03
2.190000000000001668e-01,1.929095692975627552e-01,-9.811529803953351614e-01,-6.165108399443528953e+00,-1.214192119692489191e+00,3.069101728793176276e-03
2.200000000000001676e-01,1.867406929291952900e-01,-9.823477937311420050e-01,-6.172603733243980706e+00,-1.175426727692810980e+00,3.083115884369414927e-03
2.210000000000001685e-01,1.805644430880135598e-01,-9.835038184575013442e-01,-6.179855297030068861e+00,-1.136615156188453879e+00,3.097130039842205945e-03
2.220000000000001694e-01,1.743810636865519847e-01,-9.846210091613791793e-01,-6.186862807368572525e+00,-1.097758938413426533e+00,3.111144195211078788e-03
2.230000000000001703e-01,1.681907989159557026e-01,-9.856993219638435777e-01,-6.193625990473018206e+00,-1.058859609328114404e+00,3.125158350475563777e-03
2.240000000000001712e-01,1.619938932363286510e-01,-9.867387145217610955e-01,-6.200144582214025313e+00,-1.019918705558545025e+00,3.139172505635190371e-03
2.250000000000001721e-01,1.557905913670714071e-01,-9.877391460294316916e-01,-6.206418328129271522e+00,-9.809377653355950688e-01,3.153186660689488025e-03
2.260000000000001730e-01,1.495811382772093412e-01,-9.887005772201632459e-01,-6.212446983433073555e+00,-9.419183284341391404e-01,3.167200815637987062e-03
2.270000000000001739e-01,1.433657791757113609e-01,-9.896229703677852374e-01,-6.218230313025584266e+00,-9.028619361121439368e-01,3.181214970480216939e-03
2.280000000000001747e-01,1.371447595017996068e-01,-9.905062892881012493e-01,-6.223768091501609589e+00,-8.637701310497095664e-01,3.195229125215707545e-03
2.290000000000001756e-01,1.309183249152505168e-01,-9.913504993402805221e-01,-6.229060103159036466e+00,-8.246444572880606838e-01,3.209243279843988772e-03
2.300000000000001765e-01,1.246867212866877850e-01,-9.921555674281886672e-01,-6.234106142006879736e+00,-7.854864601684903302e-01,3.223257434364590508e-03
2.310000000000001774e-01,1.184501946878672995e-01,-9.929214620016572068e-01,-6.238906011772943572e+00,-7.462976862712576986e-01,3.237271588777042210e-03
2.320000000000001783e-01,1.122089913819546841e-01,-9.936481530576919408e-01,-6.243459525911099206e+00,-7.070796833544436000e-01,3.251285743080873768e-03
2.330000000000001792e-01,1.059633578137958027e-01,-9.943356121416201399e-01,-6.247766507608178088e+00,-6.678340002927654062e-01,3.265299897275615072e-03
2.340000000000001801e-01,9.971354060018045029e-02,-9.949838123481766772e-01,-6.251826789790477790e+00,-6.285621870163533575e-01,3.279314051360796012e-03
2.350000000000001810e-01,9.345978652009984122e-02,-9.955927283225285418e-01,-6.255640215129885995e+00,-5.892657944494917865e-01,3.293328205335946043e-03
2.360000000000001819e-01,8.720234250499810102e-02,-9.961623362612387345e-01,-6.259206636049614580e+00,-5.499463744493271466e-01,3.307342359200595057e-03
2.370000000000001827e-01,8.094145562901822188e-02,-9.966926139131682127e-01,-6.262525914729552667e+00,-5.106054797445446214e-01,3.321356512954272942e-03
2.380000000000001836e-01,7.467737309924289690e-02,-9.971835405803167740e-01,-6.265597923111233314e+00,-4.712446638740172000e-01,3.335370666596509590e-03
2.390000000000001845e-01,6.841034224593053881e-02,-9.976350971186027650e-01,-6.268422542902411188e+00,-4.318654811254281078e-01,3.349384820126834455e-03
2.400000000000001854e-01,6.214061051274692021e-02,-9.980472659385809520e-01,-6.270999665581257432e+00,-3.924694864738700328e-01,3.363398973544777862e-03
2.410000000000001863e-01,5.586842544699283791e-02,-9.984200310060992178e-01,-6.273329192400168175e+00,-3.530582355204232026e-01,3.377413126849869267e-03
2.420000000000001872e-01,4.959403468982814811e-02,-9.987533778428940856e-01,-6.275411034389186682e+00,-3.136332844307146983e-01,3.391427280041638126e-03
2.430000000000001881e-01,4.331768596649254038e-02,-9.990472935271242916e-01,-6.277245112359036483e+00,-2.741961898734617264e-01,3.405441433119614763e-03
2.440000000000001890e-01,3.703962707652353609e-02,-9.993017666938430743e-01,-6.278831356903776140e+00,-2.347485089590006790e-01,3.419455586083328634e-03
2.450000000000001898e-01,3.076010588397196793e-02,-9.995167875354095122e-01,-6.280169708403057882e+00,-1.952917991778050921e-01,3.433469738932309629e-03
2.460000000000001907e-01,2.447937030761541261e-02,-9.996923478018373554e-01,-6.281260117024008771e+00,-1.558276183389945557e-01,3.447483891666087638e-03
2.470000000000001916e-01,1.819766831116995456e-02,-9.998284408010832403e-01,-6.282102542722718397e+00,-1.163575245088369625e-01,3.461498044284192117e-03
2.480000000000001925e-01,1.191524789350062452e-02,-9.999250613992731740e-01,-6.282696955245348214e+00,-7.688307594924656541e-02,3.475512196786153390e-03
2.490000000000001934e-01,5.632357078830947140e-03,-9.999822060208669594e-01,-6.283043334128845636e+00,-3.740583105628054322e-02,3.489526349171500914e-03
2.500000000000001665e-01,-6.507560930480542349e-04,-9.999998726487622225e-01,-6.283141668701281546e+00,2.072651701364058852e-03,3.503540501439764577e-03
2.510000000000001674e-01,-6.933843576568982092e-03,-9.999780608243357127e-01,-6.282991958081793449e+00,4.155081384385003740e-02,3.517554653590473836e-03
2.520000000000001683e-01,-1.321665733017893946e-02,-9.999167716474242074e-01,-6.282594211180148491e+00,8.102709694169438204e-02,3.531568805623159016e-03
2.530000000000001692e-01,-1.949894932612978790e-02,-9.998160077762429099e-01,-6.281948446695918342e+00,1.204999426772545845e-01,3.545582957537349571e-03
2.540000000000001701e-01,-2.578047156026737341e-02,-9.996757734272434526e-01,-6.281054693117267718e+00,1.599677929062046644e-01,3.559597109332575393e-03
2.550000000000001710e-01,-3.206097606181935317e-02,-9.994960743749091714e-01,-6.279912988719357436e+00,1.994290897189983647e-01,3.573611261008365937e-03
2.560000000000001719e-01,-3.834021490318122866e-02,-9.992769179514902067e-01,-6.278523381562364669e+00,2.388822755023173039e-01,3.587625412564251527e-03
2.570000000000001728e-01,-4.461794020970022423e-02,-9.990183130466762096e-01,-6.276885929489114169e+00,2.783257930005013647e-01,3.601639563999761619e-03
2.580000000000001736e-01,-5.089390416945657747e-02,-9.987202701072080968e-01,-6.275000700122326691e+00,3.177580853769592095e-01,3.615653715314426104e-03
2.590000000000001745e-01,-5.716785904304191174e-02,-9.983828011364282995e-01,-6.272867770861481951e+00,3.571775962755563971e-01,3.629667866507774870e-03
2.600000000000001754e-01,-6.343955717333424338e-02,-9.980059196937695054e-01,-6.270487228879295216e+00,3.965827698819786029e-01,3.643682017579337375e-03
2.610000000000001763e-01,-6.970875099526932517e-02,-9.975896408941823390e-01,-6.267859171117811101e+00,4.359720509850678605e-01,3.657696168528643509e-03
2.620000000000001772e-01,-7.597519304560783338e-02,-9.971339814075013130e-01,-6.264983704284114552e+00,4.753438850381286884e-01,3.671710319355223160e-03
2.630000000000001781e-01,-8.223863597269813475e-02,-9.966389594577499400e-01,-6.261860944845651922e+00,5.146967182202029090e-01,3.685724470058606220e-03
2.640000000000001790e-01,-8.849883254623411299e-02,-9.961045948223844482e-01,-6.258491019025176350e+00,5.540289974973096054e-01,3.699738620638322577e-03
2.650000000000001799e-01,-9.475553566700781194e-02,-9.955309088314758803e-01,-6.254874062795301448e+00,5.933391706836482760e-01,3.713752771093901690e-03
2.660000000000001807e-01,-1.010084983766564165e-01,-9.949179243668315742e-01,-6.251010221872678407e+00,6.326256865027629628e-01,3.727766921424873446e-03
2.670000000000001816e-01,-1.072574738674031969e-01,-9.942656658610551368e-01,-6.246899651711784962e+00,6.718869946486646372e-01,3.741781071630767737e-03
2.680000000000001825e-01,-1.135022154917920967e-01,-9.935741592965455782e-01,-6.242542517498334220e+00,7.111215458469100081e-01,3.755795221711114018e-03
2.690000000000001834e-01,-1.197424767724154931e-01,-9.928434322044349392e-01,-6.237938994142302462e+00,7.503277919156332576e-01,3.769809371665442613e-03
2.700000000000001843e-01,-1.259780114116348382e-01,-9.920735136634656337e-01,-6.233089266270571471e+00,7.895041858265299251e-01,3.783823521493282979e-03
2.710000000000001852e-01,-1.322085733012936803e-01,-9.912644342988061741e-01,-6.227993528219191610e+00,8.286491817657889447e-01,3.797837671194165005e-03
2.720000000000001861e-01,-1.384339165324228460e-01,-9.904162262808062778e-01,-6.222651984025262983e+00,8.677612351949713920e-01,3.811851820767618148e-03
2.730000000000001870e-01,-1.446537954049372798e-01,-9.895289233236909121e-01,-6.217064847418436457e+00,9.068388029118338300e-01,3.825865970213172731e-03
2.740000000000001878e-01,-1.508679644373241424e-01,-9.886025606841940538e-01,-6.211232341812031876e+00,9.458803431110924809e-01,3.839880119530358210e-03
2.750000000000001887e-01,-1.570761783763219288e-01,-9.876371751601310534e-01,-6.205154700293778802e+00,9.848843154451278892e-01,3.853894268718704476e-03
2.760000000000001896e-01,-1.632781922065900670e-01,-9.866328050889109358e-01,-6.198832165616178003e+00,1.023849181084625748e+00,3.867908417777741418e-03
2.770000000000001905e-01,-1.694737611603686911e-01,-9.855894903459874179e-01,-6.192264990186479245e+00,1.062773402779152887e+00,3.881922566706998493e-03
2.780000000000001914e-01,-1.756626407271282275e-01,-9.845072723432501949e-01,-6.185453436056286947e+00,1.101655444917665205e+00,3.895936715506005590e-03
2.790000000000001923e-01,-1.818445866632084906e-01,-9.833861940273550539e-01,-6.178397774910781237e+00,1.140493773588945992e+00,3.909950864174292599e-03
2.800000000000001932e-01,-1.880193550014465365e-01,-9.822262998779940357e-01,-6.171098288057566883e+00,1.179286856641971637e+00,3.923965012711389845e-03
2.810000000000001941e-01,-1.941867020607934979e-01,-9.810276359061047557e-01,-6.163555266415139400e+00,1.218033163746202518e+00,3.937979161116825916e-03
2.820000000000001950e-01,-2.003463844559195128e-01,-9.797902496520202176e-01,-6.155769010500979910e+00,1.256731166451796833e+00,3.951993309390131569e-03
2.830000000000001958e-01,-2.064981591068065780e-01,-9.785141901835577860e-01,-6.147739830419268969e+00,1.295379338249745160e+00,3.966007457530835827e-03
2.840000000000001967e-01,-2.126417832483289416e-01,-9.771995080940483192e-01,-6.139468045848229139e+00,1.333976154631923539e+00,3.980021605538469447e-03
2.850000000000001976e-01,-2.187770144398206718e-01,-9.758462555003055705e-01,-6.130953986027088298e+00,1.372520093151061271e+00,3.994035753412561451e-03
2.860000000000001985e-01,-2.249036105746300696e-01,-9.744544860405350839e-01,-6.122197989742671709e+00,1.411009633480623915e+00,4.008049901152641731e-03
2.870000000000001994e-01,-2.310213298896602319e-01,-9.730242548721835805e-01,-6.113200405315617481e+00,1.449443257474606339e+00,4.022064048758240175e-03
2.880000000000002003e-01,-2.371299309748959860e-01,-9.715556186697287266e-01,-6.103961590586222563e+00,1.487819449227235413e+00,4.036078196228886673e-03
2.890000000000002012e-01,-2.432291727829162531e-01,-9.700486356224089501e-01,-6.094481912899910370e+00,1.526136695132579213e+00,4.050092343564111116e-03
2.900000000000002021e-01,-2.493188146383917003e-01,-9.685033654318938590e-01,-6.084761749092332472e+00,1.564393483944059637e+00,4.064106490763443394e-03
2.910000000000002029e-01,-2.553986162475674337e-01,-9.669198693098953745e-01,-6.074801485474093710e+00,1.602588306833868659e+00,4.078120637826413396e-03
2.920000000000002038e-01,-2.614683377077301474e-01,-9.652982099757189127e-01,-6.064601517815109588e+00,1.640719657452283098e+00,4.092134784752550145e-03
2.930000000000002047e-01,-2.675277395166594241e-01,-9.636384516537560563e-01,-6.054162251328593314e+00,1.678786031986877036e+00,4.106148931541383530e-03
2.940000000000002056e-01,-2.735765825820629105e-01,-9.619406600709173860e-01,-6.043484100654672453e+00,1.716785929221629425e+00,4.120163078192444310e-03
2.950000000000002065e-01,-2.796146282309949216e-01,-9.602049024540068034e-01,-6.032567489843636110e+00,1.754717850595924888e+00,4.134177224705261507e-03
2.960000000000002074e-01,-2.856416382192579206e-01,-9.584312475270366782e-01,-6.021412852338817068e+00,1.792580300263444615e+00,4.148191371079365010e-03
2.970000000000002083e-01,-2.916573747407870676e-01,-9.566197655084838214e-01,-6.010020630959103549e+00,1.830371785150945119e+00,4.162205517314284710e-03
2.980000000000002092e-01,-2.976616004370166713e-01,-9.547705281084873929e-01,-5.998391277881086836e+00,1.868090815016924422e+00,4.176219663409550496e-03
2.990000000000002101e-01,-3.036540784062289888e-01,-9.528836085259879685e-01,-5.986525254620842063e+00,1.905735902510170332e+00,4.190233809364691392e-03
3.000000000000002109e-01,-3.096345722128842626e-01,-9.509590814458075414e-01,-5.974423032015343082e+00,1.943305563228191701e+00,4.204247955179238154e-03
3.010000000000002118e-01,-3.156028458969323824e-01,-9.489970230356721270e-01,-5.962085090203514959e+00,1.980798315775527119e+00,4.218262100852719805e-03
3.020000000000002127e-01,-3.215586639831050642e-01,-9.469975109431754134e-01,-5.949511918606923189e+00,2.018212681821932808e+00,4.232276246384667102e-03
3.030000000000002136e-01,-3.275017914901887650e-01,-9.449606242926844590e-01,-5.936704015910096999e+00,2.055547186160443296e+00,4.246290391774609069e-03
3.040000000000002145e-01,-3.334319939402775046e-01,-9.428864436821875472e-01,-5.923661890040494704e+00,2.092800356765304848e+00,4.260304537022075594e-03
3.050000000000002154e-01,-3.393490373680058680e-01,-9.407750511800840876e-01,-5.910386058148107580e+00,2.129970724849780783e+00,4.274318682126596568e-03
3.060000000000002163e-01,-3.452526883297610261e-01,-9.386265303219165634e-01,-5.896877046584702242e+00,2.167056824923822678e+00,4.288332827087701880e-03
3.070000000000002172e-01,-3.511427139128739938e-01,-9.364409661070451918e-01,-5.883135390882703319e+00,2.204057194851608781e+00,4.302346971904920554e-03
3.080000000000002180e-01,-3.570188817447896290e-01,-9.342184449952650738e-01,-5.869161635733719962e+00,2.240970375908945211e+00,4.316361116577783347e-03
3.090000000000002189e-01,-3.628809600022148696e-01,-9.319590549033657245e-01,-5.854956334966714415e+00,2.277794912840528596e+00,4.330375261105820148e-03
3.100000000000002198e-01,-3.687287174202451556e-01,-9.296628852016337596e-01,-5.840520051525813550e+00,2.314529353917068821e+00,4.344389405488559980e-03
3.110000000000002207e-01,-3.745619233014681471e-01,-9.273300267102984051e-01,-5.825853357447762448e+00,2.351172250992267454e+00,4.358403549725532733e-03
3.120000000000002216e-01,-3.803803475250450705e-01,-9.249605716959198309e-01,-5.810956833839028945e+00,2.387722159559651391e+00,4.372417693816268297e-03
3.130000000000002225e-01,-3.861837605557688624e-01,-9.225546138677211960e-01,-5.795831070852549338e+00,2.424177638809259516e+00,4.386431837760297429e-03
3.140000000000002234e-01,-3.919719334530987753e-01,-9.201122483738639612e-01,-5.780476667664124157e+00,2.460537251684179250e+00,4.400445981557148285e-03
3.150000000000002243e-01,-3.977446378801712812e-01,-9.176335717976662476e-01,-5.764894232448460443e+00,2.496799564936930782e+00,4.414460125206351622e-03
3.160000000000002252e-01,-4.035016461127869936e-01,-9.151186821537656835e-01,-5.749084382354864964e+00,2.532963149185699425e+00,4.428474268707437329e-03
3.170000000000002260e-01,-4.092427310483727765e-01,-9.125676788842254084e-01,-5.733047743482585723e+00,2.569026578970408536e+00,4.442488412059935297e-03
3.180000000000002269e-01,-4.149676662149193174e-01,-9.099806628545844545e-01,-5.716784950855807068e+00,2.604988432808638343e+00,4.456502555263374549e-03
3.190000000000002278e-01,-4.206762257798934979e-01,-9.073577363498522841e-01,-5.700296648398293975e+00,2.640847293251380457e+00,4.470516698317284973e-03
3.200000000000002287e-01,-4.263681845591249520e-01,-9.046990030704473718e-01,-5.683583488907692605e+00,2.676601746938631621e+00,4.484530841221197328e-03
3.210000000000002296e-01,-4.320433180256671446e-01,-9.020045681280807193e-01,-5.666646134029483584e+00,2.712250384654822710e+00,4.498544983974640636e-03
3.220000000000002305e-01,-4.377014023186319158e-01,-8.992745380415836376e-01,-5.649485254230590670e+00,2.747791801384081634e+00,4.512559126577144787e-03
3.230000000000002314e-01,-4.433422142519976017e-01,-8.965090207326803506e-01,-5.632101528772648358e+00,2.783224596365325265e+00,4.526573269028239671e-03
3.240000000000002323e-01,-4.489655313233902878e-01,-8.937081255217060871e-01,-5.614495645684920433e+00,2.818547373147182178e+00,4.540587411327455178e-03
3.250000000000002331e-01,-4.545711317228377513e-01,-8.908719631232695502e-01,-5.596668301736887230e+00,2.853758739642740849e+00,4.554601553474320330e-03
3.260000000000002340e-01,-4.601587943414958137e-01,-8.880006456418616523e-01,-5.578620202410483842e+00,2.888857308184124673e+00,4.568615695468365885e-03
3.270000000000002349e-01,-4.657282987803467167e-01,-8.850942865674087390e-01,-5.560352061872002594e+00,2.923841695576886668e+00,4.582629837309120865e-03
3.280000000000002358e-01,-4.712794253588693527e-01,-8.821530007707724108e-01,-5.541864602943659790e+00,2.958710523154227001e+00,4.596643978996116028e-03
3.290000000000002367e-01,-4.768119551236807974e-01,-8.791769044991947224e-01,-5.523158557074821395e+00,2.993462416831028428e+00,4.610658120528880397e-03
3.300000000000002376e-01,-4.823256698571490309e-01,-8.761661153716894246e-01,-5.504234664312895653e+00,3.028096007157707881e+00,4.624672261906943860e-03
3.310000000000002385e-01,-4.878203520859761277e-01,-8.731207523743799159e-01,-5.485093673273892634e+00,3.062609929373882434e+00,4.638686403129836308e-03
3.320000000000002394e-01,-4.932957850897521368e-01,-8.700409358557830153e-01,-5.465736341112646279e+00,3.097002823461847409e+00,4.652700544197087631e-03
3.330000000000002403e-01,-4.987517529094787627e-01,-8.669267875220396657e-01,-5.446163433492707817e+00,3.131273334199864866e+00,4.666714685108227720e-03
3.340000000000002411e-01,-5.041880403560630164e-01,-8.637784304320924589e-01,-5.426375724555907887e+00,3.165420111215262011e+00,4.680728825862785596e-03
3.350000000000002420e-01,-5.096044330187800009e-01,-8.605959889928099793e-01,-5.406373996891589151e+00,3.199441809037331552e+00,4.694742966460292016e-03
3.360000000000002429e-01,-5.150007172737051109e-01,-8.573795889540587467e-01,-5.386159041505507616e+00,3.233337087150040645e+00,4.708757106900276004e-03
3.370000000000002438e-01,-5.203766802921143686e-01,-8.541293574037219782e-01,-5.365731657788410658e+00,3.267104610044539559e+00,4.722771247182268317e-03
3.380000000000002447e-01,-5.257321100488541177e-01,-8.508454227626663924e-01,-5.345092653484289080e+00,3.300743047271470942e+00,4.736785387305797977e-03
3.390000000000002456e-01,-5.310667953306777989e-01,-8.475279147796564994e-01,-5.324242844658301443e+00,3.334251073493077477e+00,4.750799527270394874e-03
3.400000000000002465e-01,-5.363805257445510843e-01,-8.441769645262171551e-01,-5.303183055664376866e+00,3.367627368535105248e+00,4.764813667075588899e-03
3.410000000000002474e-01,-5.416730917259244826e-01,-8.407927043914442677e-01,-5.281914119112498085e+00,3.400870617438502386e+00,4.778827806720909940e-03
3.420000000000002482e-01,-5.469442845469726366e-01,-8.373752680767636569e-01,-5.260436875835658554e+00,3.433979510510907218e+00,4.792841946205887889e-03
3.430000000000002491e-01,-5.521938963248008703e-01,-8.339247905906388425e-01,-5.238752174856506905e+00,3.466952743377929913e+00,4.806856085530051767e-03
3.440000000000002500e-01,-5.574217200296178731e-01,-8.304414082432274302e-01,-5.216860873353666328e+00,3.499789017034220517e+00,4.820870224692932332e-03
3.450000000000002509e-01,-5.626275494928748566e-01,-8.269252586409866490e-01,-5.194763836627743991e+00,3.532487037894322945e+00,4.834884363694058607e-03
3.460000000000002518e-01,-5.678111794153704039e-01,-8.233764806812281511e-01,-5.172461938067020704e+00,3.565045517843314915e+00,4.848898502532960481e-03
3.470000000000002527e-01,-5.729724053753206814e-01,-8.197952145466220752e-01,-5.149956059112827056e+00,3.597463174287228949e+00,4.862912641209168711e-03
3.480000000000002536e-01,-5.781110238363952325e-01,-8.161816016996513712e-01,-5.127247089224608700e+00,3.629738730203253994e+00,4.876926779722212321e-03
3.490000000000002545e-01,-5.832268321557174673e-01,-8.125357848770152769e-01,-5.104335925844681654e+00,3.661870914189716775e+00,4.890940918071621200e-03
3.500000000000002554e-01,-5.883196285918297352e-01,-8.088579080839832791e-01,-5.081223474362671411e+00,3.693858460515837994e+00,4.904955056256925239e-03
3.510000000000002562e-01,-5.933892123126226492e-01,-8.051481165886996694e-01,-5.057910648079653626e+00,3.725700109171265595e+00,4.918969194277653459e-03
3.520000000000002571e-01,-5.984353834032286601e-01,-8.014065569164383618e-01,-5.034398368171977722e+00,3.757394605915377994e+00,4.932983332133336618e-03
3.530000000000002580e-01,-6.034579428738789941e-01,-7.976333768438085281e-01,-5.010687563654793841e+00,3.788940702326360821e+00,4.946997469823503739e-03
3.540000000000002589e-01,-6.084566926677240639e-01,-7.938287253929113829e-01,-4.986779171345268047e+00,3.820337155850052735e+00,4.961011607347685579e-03
3.550000000000002598e-01,-6.134314356686170200e-01,-7.899927528254482301e-01,-4.962674135825501764e+00,3.851582729848556319e+00,4.975025744705411160e-03
3.560000000000002607e-01,-6.183819757088601099e-01,-7.861256106367798813e-01,-4.938373409405146575e+00,3.882676193648616270e+00,4.989039881896210372e-03
3.570000000000002616e-01,-6.233081175769132898e-01,-7.822274515499380021e-01,-4.913877952083717915e+00,3.913616322589760887e+00,5.003054018919613107e-03
3.580000000000002625e-01,-6.282096670250650883e-01,-7.782984295095886074e-01,-4.889188731512614794e+00,3.944401898072205093e+00,5.017068155775149252e-03
3.590000000000002633e-01,-6.330864307770655008e-01,-7.743386996759470398e-01,-4.864306722956840190e+00,3.975031707604513631e+00,5.031082292462348698e-03
3.600000000000002642e-01,-6.379382165357201373e-01,-7.703484184186462080e-01,-4.839232909256427462e+00,4.005504544851021365e+00,5.045096428980741336e-03
3.610000000000002651e-01,-6.427648329904461777e-01,-7.663277433105571967e-01,-4.813968280787572773e+00,4.035819209679011976e+00,5.059110565329857055e-03
3.620000000000002660e-01,-6.475660898247885822e-01,-7.622768331215626914e-01,-4.788513835423473530e+00,4.065974508205648874e+00,5.073124701509224878e-03
3.630000000000002669e-01,-6.523417977238977761e-01,-7.581958478122837741e-01,-4.762870578494881713e+00,4.095969252844660069e+00,5.087138837518374694e-03
3.640000000000002678e-01,-6.570917683819670341e-01,-7.540849485277602016e-01,-4.737039522750363219e+00,4.125802262352773475e+00,5.101152973356837261e-03
3.650000000000002687e-01,-6.618158145096304512e-01,-7.499442975910843856e-01,-4.711021688316270328e+00,4.155472361875902187e+00,5.115167109024141602e-03
3.660000000000002696e-01,-6.665137498413205019e-01,-7.457740584969888564e-01,-4.684818102656433503e+00,4.184978382995076629e+00,5.129181244519817606e-03
3.670000000000002705e-01,-6.711853891425855201e-01,-7.415743959053886503e-01,-4.658429800531560971e+00,4.214319163772122678e+00,5.143195379843395164e-03
3.680000000000002713e-01,-6.758305482173658785e-01,-7.373454756348776229e-01,-4.631857823958362985e+00,4.243493548795082226e+00,5.157209514994404165e-03
3.690000000000002722e-01,-6.804490439152295345e-01,-7.330874646561796881e-01,-4.605103222168391852e+00,4.272500389223379713e+00,5.171223649972373632e-03
3.700000000000002731e-01,-6.850406941385661641e-01,-7.288005310855547592e-01,-4.578167051566602197e+00,4.301338542832723988e+00,5.185237784776834322e-03
3.710000000000002740e-01,-6.896053178497396630e-01,-7.244848441781603920e-01,-4.551050375689634997e+00,4.330006874059753486e+00,5.199251919407316125e-03
3.720000000000002749e-01,-6.941427350781989025e-01,-7.201405743213686872e-01,-4.523754265163824506e+00,4.358504254046415838e+00,5.213266053863348064e-03
3.730000000000002758e-01,-6.986527669275465202e-01,-7.157678930280384488e-01,-4.496279797662931621e+00,4.386829560684084583e+00,5.227280188144460028e-03
3.740000000000002767e-01,-7.031352355825647438e-01,-7.113669729297443789e-01,-4.468628057865603687e+00,4.414981678657407649e+00,5.241294322250181908e-03
3.750000000000002776e-01,-7.075899643161991381e-01,-7.069379877699615289e-01,-4.440800137412565185e+00,4.442959499487889374e+00,5.255308456180044462e-03
3.760000000000002784e-01,-7.120167774964990537e-01,-7.024811123972071192e-01,-4.412797134863536641e+00,4.470761921577204312e+00,5.269322589933576710e-03
3.770000000000002793e-01,-7.164155005935149978e-01,-6.979965227581386156e-01,-4.384620155653886187e+00,4.498387850250235687e+00,5.283336723510307677e-03
3.780000000000002802e-01,-7.207859601861525967e-01,-6.934843958906090622e-01,-4.356270312051016447e+00,4.525836197797843852e+00,5.297350856909768119e-03
3.790000000000002811e-01,-7.251279839689825923e-01,-6.889449099166800039e-01,-4.327748723110486750e+00,4.553105883519362962e+00,5.311364990131487926e-03
3.800000000000002820e-01,-7.294414007590068749e-01,-6.843782440355918872e-01,-4.299056514631873327e+00,4.580195833764813429e+00,5.325379123174996121e-03
3.810000000000002829e-01,-7.337260405023806609e-01,-6.797845785166922727e-01,-4.270194819114365714e+00,4.607104981976846148e+00,5.339393256039823461e-03
3.820000000000002838e-01,-7.379817342810892633e-01,-6.751640946923223030e-01,-4.241164775712109147e+00,4.633832268732401616e+00,5.353407388725498969e-03
3.830000000000002847e-01,-7.422083143195811195e-01,-6.705169749506618704e-01,-4.211967530189284936e+00,4.660376641784087504e+00,5.367421521231552535e-03
3.840000000000002855e-01,-7.464056139913549659e-01,-6.658434027285332624e-01,-4.182604234874937710e+00,4.686737056101278220e+00,5.381435653557514048e-03
3.850000000000002864e-01,-7.505734678255022718e-01,-6.611435625041639508e-01,-4.153076048617549532e+00,4.712912473910928490e+00,5.395449785702913399e-03
3.860000000000002873e-01,-7.547117115132033760e-01,-6.564176397899087467e-01,-4.123384136739358219e+00,4.738901864738099157e+00,5.409463917667280478e-03
3.870000000000002882e-01,-7.588201819141788818e-01,-6.516658211249317656e-01,-4.093529670990432301e+00,4.764704205446199659e+00,5.423478049450145173e-03
3.880000000000002891e-01,-7.628987170630939785e-01,-6.468882940678476468e-01,-4.063513829502488406e+00,4.790318480276939184e+00,5.437492181051036509e-03
3.890000000000002900e-01,-7.669471561759172440e-01,-6.420852471893236935e-01,-4.033337796742471504e+00,4.815743680889987388e+00,5.451506312469485242e-03
3.900000000000002909e-01,-7.709653396562321515e-01,-6.372568700646421558e-01,-4.003002763465882907e+00,4.840978806402347345e+00,5.465520443705020395e-03
3.910000000000002918e-01,-7.749531091015026130e-01,-6.324033532662234336e-01,-3.972509926669869351e+00,4.866022863427431844e+00,5.479534574757172725e-03
3.920000000000002927e-01,-7.789103073092906726e-01,-6.275248883561099777e-01,-3.941860489546070934e+00,4.890874866113843922e+00,5.493548705625471255e-03
3.930000000000002935e-01,-7.828367782834276811e-01,-6.226216678784121106e-01,-3.911055661433227026e+00,4.915533836183866967e+00,5.507562836309445875e-03
3.940000000000002944e-01,-7.867323672401375090e-01,-6.176938853517149886e-01,-3.880096657769547264e+00,4.939998802971651060e+00,5.521576966808626474e-03
3.950000000000002953e-01,-7.905969206141117978e-01,-6.127417352614479285e-01,-3.848984700044846274e+00,4.964268803461105328e+00,5.535591097122542943e-03
3.960000000000002962e-01,-7.944302860645380271e-01,-6.077654130522158749e-01,-3.817721015752443492e+00,4.988342882323484773e+00,5.549605227250725172e-03
3.970000000000002971e-01,-7.982323124810783987e-01,-6.027651151200931201e-01,-3.786306838340833814e+00,5.012220091954680434e+00,5.563619357192702182e-03
3.980000000000002980e-01,-8.020028499898010921e-01,-5.977410388048804979e-01,-3.754743407165125557e+00,5.035899492512204034e+00,5.577633486948004732e-03
3.990000000000002989e-01,-8.057417499590623367e-01,-5.926933823823251624e-01,-3.723031967438251488e+00,5.059380151951867965e+00,5.591647616516161844e-03
4.000000000000002998e-01,-8.094488650053398571e-01,-5.876223450563040629e-01,-3.691173770181954250e+00,5.082661146064157975e+00,5.605661745896704275e-03
4.010000000000003006e-01,-8.131240489990170239e-01,-5.825281269509713367e-01,-3.659170072177547084e+00,5.105741558510301203e+00,5.619675875089161048e-03
4.020000000000003015e-01,-8.167671570701175998e-01,-5.774109291028697299e-01,-3.627022135916450729e+00,5.128620480858025132e+00,5.633690004093062052e-03
4.030000000000003024e-01,-8.203780456139911914e-01,-5.722709534530060482e-01,-3.594731229550513607e+00,5.151297012617003013e+00,5.647704132907937179e-03
4.040000000000003033e-01,-8.239565722969487416e-01,-5.671084028388918563e-01,-3.562298626842109073e+00,5.173770261273991977e+00,5.661718261533316317e-03
4.050000000000003042e-01,-8.275025960618478393e-01,-5.619234809865488733e-01,-3.529725607114019503e+00,5.196039342327655852e+00,5.675732389968729356e-03
4.060000000000003051e-01,-8.310159771336282919e-01,-5.567163925024799509e-01,-3.497013455199104559e+00,5.218103379323075330e+00,5.689746518213705320e-03
4.070000000000003060e-01,-8.344965770247965153e-01,-5.514873428656051901e-01,-3.464163461389756726e+00,5.239961503885941063e+00,5.703760646267774966e-03
4.080000000000003069e-01,-8.379442585408600763e-01,-5.462365384191647522e-01,-3.431176921387146361e+00,5.261612855756433227e+00,5.717774774130467315e-03
4.090000000000003078e-01,-8.413588857857108305e-01,-5.409641863625872515e-01,-3.398055136250257569e+00,5.283056582822779568e+00,5.731788901801313126e-03
4.100000000000003086e-01,-8.447403241669572127e-01,-5.356704947433251762e-01,-3.364799412344718910e+00,5.304291841154495479e+00,5.745803029279841420e-03
4.110000000000003095e-01,-8.480884404012052347e-01,-5.303556724486572227e-01,-3.331411061291427611e+00,5.325317795035304336e+00,5.759817156565582089e-03
4.120000000000003104e-01,-8.514031025192879687e-01,-5.250199291974576576e-01,-3.297891399914972155e+00,5.346133616995735416e+00,5.773831283658065021e-03
4.130000000000003113e-01,-8.546841798714434058e-01,-5.196634755319332610e-01,-3.264241750191854141e+00,5.366738487845398531e+00,5.787845410556820107e-03
4.140000000000003122e-01,-8.579315431324402441e-01,-5.142865228093282948e-01,-3.230463439198509867e+00,5.387131596704937131e+00,5.801859537261377237e-03
4.150000000000003131e-01,-8.611450643066518307e-01,-5.088892831935979411e-01,-3.196557799059138283e+00,5.407312141037650122e+00,5.815873663771266300e-03
4.160000000000003140e-01,-8.643246167330778107e-01,-5.034719696470493222e-01,-3.162526166893331325e+00,5.427279326680794824e+00,5.829887790086016319e-03
4.170000000000003149e-01,-8.674700750903133750e-01,-4.980347959219527665e-01,-3.128369884763512854e+00,5.447032367876555092e+00,5.843901916205158052e-03
4.180000000000003157e-01,-8.705813154014654387e-01,-4.925779765521209330e-01,-3.094090299622187068e+00,5.466570487302684356e+00,5.857916042128220521e-03
4.190000000000003166e-01,-8.736582150390164170e-01,-4.871017268444584047e-01,-3.059688763258999078e+00,5.485892916102819150e+00,5.871930167854733616e-03
4.200000000000003175e-01,-8.767006527296348217e-01,-4.816062628704806392e-01,-3.025166632247607179e+00,5.504998893916458691e+00,5.885944293384227227e-03
4.210000000000003184e-01,-8.797085085589325670e-01,-4.760918014578033319e-01,-2.990525267892371719e+00,5.523887668908614046e+00,5.899958418716232111e-03
4.220000000000003193e-01,-8.826816639761690952e-01,-4.705585601816021368e-01,-2.955766036174862332e+00,5.542558497799122463e+00,5.913972543850276424e-03
4.230000000000003202e-01,-8.856200017989016571e-01,-4.650067573560434098e-01,-2.920890307700183541e+00,5.561010645891628634e+00,5.927986668785890922e-03
4.240000000000003211e-01,-8.885234062175819680e-01,-4.594366120256859753e-01,-2.885899457643123167e+00,5.579243387102228446e+00,5.942000793522605497e-03
4.250000000000003220e-01,-8.913917628000987969e-01,-4.538483439568545275e-01,-2.850794865694123992e+00,5.597256003987778783e+00,5.956014918059950036e-03
4.260000000000003229e-01,-8.942249584962665976e-01,-4.482421736289848857e-01,-2.815577916005081338e+00,5.615047787773865373e+00,5.970029042397453564e-03
4.270000000000003237e-01,-8.970228816422598506e-01,-4.426183222259413852e-01,-2.780249997134969231e+00,5.632618038382437575e+00,5.984043166534646838e-03
4.280000000000003246e-01,-8.997854219649927821e-01,-4.369770116273068439e-01,-2.744812501995296472e+00,5.649966064459094994e+00,5.998057290471058879e-03
4.290000000000003255e-01,-9.025124705864446817e-01,-4.313184643996453849e-01,-2.709266827795395294e+00,5.667091183400041920e+00,6.012071414206219579e-03
4.300000000000003264e-01,-9.052039200279300424e-01,-4.256429037877385579e-01,-2.673614375987543923e+00,5.683992721378693602e+00,6.026085537739658826e-03
4.310000000000003273e-01,-9.078596642143144102e-01,-4.199505537057948712e-01,-2.637856552211925720e+00,5.700670013371942346e+00,6.040099661070906512e-03
4.320000000000003282e-01,-9.104795984781743901e-01,-4.142416387286335100e-01,-2.601994766241427115e+00,5.717122403186079893e+00,6.054113784199492525e-03
4.330000000000003291e-01,-9.130636195639028063e-01,-4.085163840828418547e-01,-2.566030431926277000e+00,5.733349243482371627e+00,6.068127907124946756e-03
4.340000000000003300e-01,-9.156116256317581303e-01,-4.027750156379080737e-01,-2.529964967138528031e+00,5.749349895802288835e+00,6.082142029846799094e-03
4.350000000000003308e-01,-9.181235162618586187e-01,-3.970177598973284039e-01,-2.493799793716382496e+00,5.765123730592392803e+00,6.096156152364578563e-03
4.360000000000003317e-01,-9.205991924581207186e-01,-3.912448439896897279e-01,-2.457536337408367633e+00,5.780670127228868971e+00,6.110170274677815920e-03
4.370000000000003326e-01,-9.230385566521410734e-01,-3.854564956597277825e-01,-2.421176027817358634e+00,5.795988474041716465e+00,6.124184396786040187e-03
4.380000000000003335e-01,-9.254415127070230174e-01,-3.796529432593614972e-01,-2.384720298344452871e+00,5.811078168338583261e+00,6.138198518688781254e-03
4.390000000000003344e-01,-9.278079659211467822e-01,-3.738344157387035738e-01,-2.348170586132700244e+00,5.825938616428254058e+00,6.152212640385569878e-03
4.400000000000003353e-01,-9.301378230318829710e-01,-3.680011426370475847e-01,-2.311528332010685194e+00,5.840569233643786440e+00,6.166226761875935082e-03
4.410000000000003362e-01,-9.324309922192501876e-01,-3.621533540738325341e-01,-2.274794980435971947e+00,5.854969444365294429e+00,6.180240883159406756e-03
4.420000000000003371e-01,-9.346873831095151575e-01,-3.562912807395842707e-01,-2.237971979438405867e+00,5.869138682042376765e+00,6.194255004235513923e-03
4.430000000000003380e-01,-9.369069067787372251e-01,-3.504151538868352511e-01,-2.201060780563278918e+00,5.883076389216195246e+00,6.208269125103787339e-03
4.440000000000003388e-01,-9.390894757562547879e-01,-3.445252053210218213e-01,-2.164062838814359679e+00,5.896782017541193355e+00,6.222283245763756895e-03
4.450000000000003397e-01,-9.412350040281156627e-01,-3.386216673913603481e-01,-2.126979612596790581e+00,5.910255027806464945e+00,6.236297366214951614e-03
4.460000000000003406e-01,-9.433434070404494998e-01,-3.327047729817020350e-01,-2.089812563659853684e+00,5.923494889956761433e+00,6.250311486456902252e-03
4.470000000000003415e-01,-9.454146017027834636e-01,-3.267747555013668648e-01,-2.052563157039607677e+00,5.936501083113144617e+00,6.264325606489137832e-03
4.480000000000003424e-01,-9.474485063913001825e-01,-3.208318488759571707e-01,-2.015232861001397868e+00,5.949273095593278882e+00,6.278339726311188244e-03
4.490000000000003433e-01,-9.494450409520382994e-01,-3.148762875381508897e-01,-1.977823146982243596e+00,5.961810424931368146e+00,6.292353845922583379e-03
4.500000000000003442e-01,-9.514041267040352912e-01,-3.089083064184754424e-01,-1.940335489533101310e+00,5.974112577897731313e+00,6.306367965322853125e-03
4.510000000000003451e-01,-9.533256864424124455e-01,-3.029281409360617405e-01,-1.902771366261009733e+00,5.986179070518017120e+00,6.320382084511527374e-03
4.520000000000003459e-01,-9.552096444414018839e-01,-2.969360269893795978e-01,-1.865132257771116020e+00,5.998009428092057505e+00,6.334396203488136014e-03
4.530000000000003468e-01,-9.570559264573159641e-01,-2.909322009469541559e-01,-1.827419647608587328e+00,6.009603185212361254e+00,6.348410322252208936e-03
4.540000000000003477e-01,-9.588644597314576190e-01,-2.849168996380641583e-01,-1.789635022200408931e+00,6.020959885782244392e+00,6.362424440803275162e-03
4.550000000000003486e-01,-9.606351729929737404e-01,-2.788903603434221834e-01,-1.751779870797071315e+00,6.032079083033595523e+00,6.376438559140865450e-03
4.560000000000003495e-01,-9.623679964616489446e-01,-2.728528207858373356e-01,-1.713855685414148899e+00,6.042960339544281467e+00,6.390452677264508823e-03
4.570000000000003504e-01,-9.640628618506416059e-01,-2.668045191208608391e-01,-1.675863960773771977e+00,6.053603227255184294e+00,6.404466795173736036e-03
4.580000000000003513e-01,-9.657197023691610482e-01,-2.607456939274144792e-01,-1.637806194245994940e+00,6.064007327486875987e+00,6.418480912868076114e-03
4.590000000000003522e-01,-9.673384527250862286e-01,-2.546765841984028333e-01,-1.599683885790062154e+00,6.074172230955926288e+00,6.432495030347058947e-03
4.600000000000003531e-01,-9.689190491275252448e-01,-2.485974293313092942e-01,-1.561498537895574801e+00,6.084097537790845500e+00,6.446509147610214423e-03
4.610000000000003539e-01,-9.704614292893166683e-01,-2.425084691187762431e-01,-1.523251655523559567e+00,6.093782857547656029e+00,6.460523264657072433e-03
4.620000000000003548e-01,-9.719655324294711463e-01,-2.364099437391699310e-01,-1.484944746047442754e+00,6.103227809225105105e+00,6.474537381487162867e-03
4.630000000000003557e-01,-9.734312992755542737e-01,-2.303020937471302876e-01,-1.446579319193931568e+00,6.112432021279499139e+00,6.488551498100014747e-03
4.640000000000003566e-01,-9.748586720660102900e-01,-2.241851600641061315e-01,-1.408156886983805034e+00,6.121395131639178366e+00,6.502565614495158831e-03
4.650000000000003575e-01,-9.762475945524267118e-01,-2.180593839688760305e-01,-1.369678963672616101e+00,6.130116787718614901e+00,6.516579730672124142e-03
4.660000000000003584e-01,-9.775980120017390140e-01,-2.119250070880552561e-01,-1.331147065691307807e+00,6.138596646432148418e+00,6.530593846630441436e-03
4.670000000000003593e-01,-9.789098711983766909e-01,-2.057822713865892772e-01,-1.292562711586746405e+00,6.146834374207344354e+00,6.544607962369639736e-03
4.680000000000003602e-01,-9.801831204463492542e-01,-1.996314191582338748e-01,-1.253927421962172550e+00,6.154829646997986181e+00,6.558622077889248933e-03
4.690000000000003610e-01,-9.814177095712728338e-01,-1.934726930160227398e-01,-1.215242719417573669e+00,6.162582150296696426e+00,6.572636193188798916e-03
4.700000000000003619e-01,-9.826135899223369385e-01,-1.873063358827223579e-01,-1.176510128489979046e+00,6.170091579147182870e+00,6.586650308267819574e-03
4.710000000000003628e-01,-9.837707143742117077e-01,-1.811325909812750157e-01,-1.137731175593680977e+00,6.177357638156116160e+00,6.600664423125840799e-03
4.720000000000003637e-01,-9.848890373288954336e-01,-1.749517018252300382e-01,-1.098907388960383313e+00,6.184380041504631720e+00,6.614678537762392480e-03
4.730000000000003646e-01,-9.859685147175016873e-01,-1.687639122091637300e-01,-1.060040298579280282e+00,6.191158512959460403e+00,6.628692652177003639e-03
4.740000000000003655e-01,-9.870091040019870476e-01,-1.625694661990883805e-01,-1.021131436137068027e+00,6.197692785883685218e+00,6.642706766369205033e-03
4.750000000000003664e-01,-9.880107641768186566e-01,-1.563686081228506386e-01,-9.821823349578897577e-01,6.203982603247126804e+00,6.656720880338525687e-03
4.760000000000003673e-01,-9.889734557705812668e-01,-1.501615825605198129e-01,-9.431945299432191732e-01,6.210027717636347866e+00,6.670734994084496355e-03
4.770000000000003681e-01,-9.898971408475246703e-01,-1.439486343347662345e-01,-9.041695575116828199e-01,6.215827891264291694e+00,6.684749107606646062e-03
4.780000000000003690e-01,-9.907817830090510647e-01,-1.377300085012302389e-01,-8.651089555388234986e-01,6.221382895979537864e+00,6.698763220904504698e-03
4.790000000000003699e-01,-9.916273473951412454e-01,-1.315059503388820439e-01,-8.260142632968084930e-01,6.226692513275189356e+00,6.712777333977602151e-03
4.800000000000003708e-01,-9.924338006857214012e-01,-1.252767053403729403e-01,-7.868870213940836189e-01,6.231756534297378636e+00,6.726791446825468312e-03
4.810000000000003717e-01,-9.932011111019691807e-01,-1.190425192023781692e-01,-7.477287717149760926e-01,6.236574759853400707e+00,6.740805559447633072e-03
4.820000000000003726e-01,-9.939292484075593626e-01,-1.128036378159318343e-01,-7.085410573592479944e-01,6.241147000419467794e+00,6.754819671843625452e-03
4.830000000000003735e-01,-9.946181839098490185e-01,-1.065603072567542914e-01,-6.693254225816033243e-01,6.245473076148091884e+00,6.768833784012976210e-03
4.840000000000003744e-01,-9.952678904610019472e-01,-1.003127737755722948e-01,-6.300834127311507604e-01,6.249552816875084460e+00,6.782847895955215235e-03
4.850000000000003753e-01,-9.958783424590532674e-01,-9.406128378843237048e-02,-5.908165741908237845e-01,6.253386062126183198e+00,6.796862007669871551e-03
4.860000000000003761e-01,-9.964495158489126148e-01,-8.780608386700770873e-02,-5.515264543167616162e-01,6.256972661123300306e+00,6.810876119156475048e-03
4.870000000000003770e-01,-9.969813881233071662e-01,-8.154742072889906157e-02,-5.122146013776525120e-01,6.260312472790391602e+00,6.824890230414556481e-03
4.880000000000003779e-01,-9.974739383236636003e-01,-7.528554122792986691e-02,-4.728825644940417017e-01,6.263405365758950794e+00,6.838904341443644876e-03
4.890000000000003788e-01,-9.979271470409297740e-01,-6.902069234443618251e-02,-4.335318935776071858e-01,6.266251218373123599e+00,6.852918452243270120e-03
4.900000000000003797e-01,-9.983409964163356687e-01,-6.275312117555159608e-02,-3.941641392704045010e-01,6.268849918694443524e+00,6.866932562812962104e-03
4.910000000000003806e-01,-9.987154701420930536e-01,-5.648307492548763215e-02,-3.547808528840837861e-01,6.271201364506191922e+00,6.880946673152249851e-03
4.920000000000003815e-01,-9.990505534620348627e-01,-5.021080089580998163e-02,-3.153835863390810346e-01,6.273305463317375263e+00,6.894960783260664118e-03
4.930000000000003824e-01,-9.993462331721933989e-01,-4.393654647571096361e-02,-2.759738921037857562e-01,6.275162132366326695e+00,6.908974893137734795e-03
4.940000000000003832e-01,-9.996024976213181423e-01,-3.766055913227853852e-02,-2.365533231336878761e-01,6.276771298623929241e+00,6.922989002782990904e-03
4.950000000000003841e-01,-9.998193367113320518e-01,-3.138308640076230283e-02,-1.971234328105055944e-01,6.278132898796457084e+00,6.937003112195963203e-03
4.960000000000003850e-01,-9.999967418977278033e-01,-2.510437587483684355e-02,-1.576857748812971194e-01,6.279246879328039377e+00,6.951017221376180714e-03
4.970000000000003859e-01,-1.000134706189902190e+00,-1.882467519686280288e-02,-1.182419033975582734e-01,6.280113196402747455e+00,6.965031330323173328e-03
4.980000000000003868e-01,-1.000233224151430456e+00,-1.254423204814606244e-02,-7.879337265430830239e-02,6.280731815946297480e+00,6.979045439036470934e-03
4.990000000000003877e-01,-1.000292291900279240e+00,-6.263294139195391304e-03,-3.934173712916649163e-02,6.281102713627377376e+00,6.993059547515603422e-03
5.000000000000003331e-01,-1.000311907108958787e+00,1.789080002102382688e-05,1.114485785783658756e-04,6.281225874858595404e+00,7.007073655760100682e-03
5.010000000000003340e-01,-1.000292069004613760e+00,6.299075029819817956e-03,3.956462980890305264e-02,6.281101294797046819e+00,7.021087763769492604e-03
5.020000000000003348e-01,-1.000232778369054110e+00,1.258001081054705914e-02,7.901625190198746651e-02,6.280728978344499502e+00,7.035101871543309078e-03
5.030000000000003357e-01,-1.000134037538724208e+00,1.886045041232285377e-02,1.184647602591520354e-01,6.280108940147205665e+00,7.049115979081079127e-03
5.040000000000003366e-01,-9.999958504046109198e-01,2.514014612478558328e-02,1.579086004037927871e-01,6.279241204595330750e+00,7.063130086382333507e-03
5.050000000000003375e-01,-9.998182224120912842e-01,3.141885026683537141e-02,1.973462180423117551e-01,6.278125805822001304e+00,7.077144193446601242e-03
5.060000000000003384e-01,-9.996011605607192374e-01,3.769631519637640232e-02,2.367760591250404056e-01,6.276762787701978041e+00,7.091158300273413088e-03
5.070000000000003393e-01,-9.993446734039508339e-01,4.397229332005775371e-02,2.761965699071534108e-01,6.275152203849944321e+00,7.105172406862298069e-03
5.080000000000003402e-01,-9.990487710488092921e-01,5.024653710301228704e-02,3.156061970095710434e-01,6.273294117618419818e+00,7.119186513212786074e-03
5.090000000000003411e-01,-9.987134651554885334e-01,5.651879907859329311e-02,3.550033874798472211e-01,6.271188602095293163e+00,7.133200619324406994e-03
5.100000000000003419e-01,-9.983387689368964368e-01,6.278883185810846257e-02,3.943865888530412311e-01,6.268835740100975329e+00,7.147214725196690717e-03
5.110000000000003428e-01,-9.979246971581364756e-01,6.905638814055083119e-02,4.337542492125707749e-01,6.266235624185174657e+00,7.161228830829167134e-03
5.120000000000003437e-01,-9.974712661359294019e-01,7.532122072232630416e-02,4.731048172510438077e-01,6.263388356623291742e+00,7.175242936221366136e-03
5.130000000000003446e-01,-9.969784937379733147e-01,8.158308250697739183e-02,5.124367423310669523e-01,6.260294049412439499e+00,7.189257041372816744e-03
5.140000000000003455e-01,-9.964463993822434418e-01,8.784172651490278205e-02,5.517484745460280449e-01,6.256952824267076885e+00,7.203271146283049715e-03
5.150000000000003464e-01,-9.958750040362308598e-01,9.409690589307230513e-02,5.910384647808509806e-01,6.253364812614274904e+00,7.217285250951594074e-03
5.160000000000003473e-01,-9.952643302161207073e-01,1.003483739247370832e-01,6.303051647727194728e-01,6.249530155588593594e+00,7.231299355377980576e-03
5.170000000000003482e-01,-9.946144019859093355e-01,1.065958840391342671e-01,6.695470271717686161e-01,6.245449004026590423e+00,7.245313459561738244e-03
5.180000000000003491e-01,-9.939252449564615066e-01,1.128391898211860978e-01,7.087625056017408109e-01,6.241121518460942319e+00,7.259327563502396968e-03
5.190000000000003499e-01,-9.931968862845059753e-01,1.190780450211930130e-01,7.479500547206048289e-01,6.236547869114198228e+00,7.273341667199486639e-03
5.200000000000003508e-01,-9.924293546715711178e-01,1.253122035645201360e-01,7.871081302811344660e-01,6.231728235892147083e+00,7.287355770652537146e-03
5.210000000000003517e-01,-9.916226803628601649e-01,1.315414195612771564e-01,8.262351891914454516e-01,6.226662808376814517e+00,7.301369873861078379e-03
5.220000000000003526e-01,-9.907768951460651508e-01,1.377654473159908022e-01,8.653296895754880591e-01,6.221351785819078550e+00,7.315383976824640228e-03
5.230000000000003535e-01,-9.898920323501210206e-01,1.439840413372698857e-01,9.043900908334921995e-01,6.215795377130911348e+00,7.329398079542751715e-03
5.240000000000003544e-01,-9.889681268438993422e-01,1.501969563474624125e-01,9.434148537023645531e-01,6.209993800877242620e+00,7.343412182014943598e-03
5.250000000000003553e-01,-9.880052150348411777e-01,1.564039472923041962e-01,9.824024403160331875e-01,6.203947285267449985e+00,7.357426284240744900e-03
5.260000000000003562e-01,-9.870033348675301133e-01,1.626047693505590364e-01,1.021351314265739108e+00,6.197656068146470076e+00,7.371440386219686378e-03
5.270000000000003570e-01,-9.859625258222046718e-01,1.687991779436495421e-01,1.060259940660271294e+00,6.191120396985537511e+00,7.385454487951297053e-03
5.280000000000003579e-01,-9.848828289132106617e-01,1.749869287452787414e-01,1.099126786186144233e+00,6.184340528872546372e+00,7.399468589435106818e-03
5.290000000000003588e-01,-9.837642866873936853e-01,1.811677776910417259e-01,1.137950319167713387e+00,6.177316730502038666e+00,7.413482690670645560e-03
5.300000000000003597e-01,-9.826069432224308065e-01,1.873414809880271370e-01,1.176729009627228928e+00,6.170049278164817963e+00,7.427496791657443170e-03
5.310000000000003606e-01,-9.814108441251030435e-01,1.935077951244081051e-01,1.215461329344823094e+00,6.162538457737190889e+00,7.441510892395029539e-03
5.320000000000003615e-01,-9.801760365295073552e-01,1.996664768790221423e-01,1.254145751918431140e+00,6.154784564669830260e+00,7.455524992882934555e-03
5.330000000000003624e-01,-9.789025690952088965e-01,2.058172833309398764e-01,1.292780752823640578e+00,6.146787903976273171e+00,7.469539093120688110e-03
5.340000000000003633e-01,-9.775904920053334335e-01,2.119599718690219903e-01,1.331364809473470467e+00,6.138548790221038054e+00,7.483553193107819225e-03
5.350000000000003642e-01,-9.762398569646002500e-01,2.180943002014640308e-01,1.369896401278074105e+00,6.130067547507375814e+00,7.497567292843858658e-03
5.360000000000003650e-01,-9.748507171972949914e-01,2.242200263653289505e-01,1.408374009704365992e+00,6.121344509464645256e+00,7.511581392328335431e-03
5.370000000000003659e-01,-9.734231274451831117e-01,2.303369087360667145e-01,1.446796118335569314e+00,6.112380019235321704e+00,7.525595491560780302e-03
5.380000000000003668e-01,-9.719571439653640343e-01,2.364447060370207798e-01,1.485161212930682151e+00,6.103174429461629025e+00,7.539609590540722293e-03
5.390000000000003677e-01,-9.704528245280655829e-01,2.425431773489209741e-01,1.523467781483859529e+00,6.093728102271807501e+00,7.553623689267691295e-03
5.400000000000003686e-01,-9.689102284143789046e-01,2.486320821193625241e-01,1.561714314283710436e+00,6.084041409266008671e+00,7.567637787741217197e-03
5.410000000000003695e-01,-9.673294164139348839e-01,2.547111801722707347e-01,1.599899303972505127e+00,6.074114731501819797e+00,7.581651885960829888e-03
5.420000000000003704e-01,-9.657104508225206052e-01,2.607802317173510409e-01,1.638021245605293386e+00,6.063948459479424180e+00,7.595665983926059260e-03
5.430000000000003713e-01,-9.640533954396370842e-01,2.668389973595240439e-01,1.676078636708928649e+00,6.053542993126388438e+00,7.609680081636435202e-03
5.440000000000003721e-01,-9.623583155659980459e-01,2.728872381083451981e-01,1.714069977340998197e+00,6.042898741782086525e+00,7.623694179091486736e-03
5.450000000000003730e-01,-9.606252780009696401e-01,2.789247153874084839e-01,1.751993770148654317e+00,6.032016124181754257e+00,7.637708276290744620e-03
5.460000000000003739e-01,-9.588543510399517578e-01,2.849511910437343420e-01,1.789848520427347989e+00,6.020895568440177925e+00,7.651722373233737877e-03
5.470000000000003748e-01,-9.570456044717001731e-01,2.909664273571408444e-01,1.827632736179458650e+00,6.009537512035017848e+00,7.665736469919997263e-03
5.480000000000003757e-01,-9.551991095755903993e-01,2.969701870495980445e-01,1.865344928172820715e+00,5.997942401789767786e+00,7.679750566349051802e-03
5.490000000000003766e-01,-9.533149391188231458e-01,3.029622332945651753e-01,1.902983609999143955e+00,5.986110693856347531e+00,7.693764662520431383e-03
5.500000000000003775e-01,-9.513931673535710454e-01,3.089423297263101942e-01,1.940547298132324183e+00,5.974042853697333122e+00,7.707778758433665896e-03
5.510000000000003784e-01,-9.494338700140675380e-01,3.149102404492115093e-01,1.978034511986644040e+00,5.961739356067823792e+00,7.721792854088285231e-03
5.520000000000003793e-01,-9.474371243136374687e-01,3.208657300470411089e-01,2.015443773974860076e+00,5.949200684996948318e+00,7.735806949483819278e-03
5.530000000000003801e-01,-9.454030089416695093e-01,3.268085635922293175e-01,2.052773609566174162e+00,5.936427333769006331e+00,7.749821044619797927e-03
5.540000000000003810e-01,-9.433316040605306263e-01,3.327385066551103443e-01,2.090022547344088544e+00,5.923419804904249908e+00,7.763835139495751068e-03
5.550000000000003819e-01,-9.412229913024232619e-01,3.386553253131484587e-01,2.127189119064138101e+00,5.910178610139308120e+00,7.777849234111207724e-03
5.560000000000003828e-01,-9.390772537661841168e-01,3.445587861601445145e-01,2.164271859711504931e+00,5.896704270407245652e+00,7.791863328465698652e-03
5.570000000000003837e-01,-9.368944760140260897e-01,3.504486563154221579e-01,2.201269307558503918e+00,5.882997315817268813e+00,7.805877422558752873e-03
5.580000000000003846e-01,-9.346747440682222630e-01,3.563247034329937168e-01,2.238180004221944852e+00,5.869058285634070060e+00,7.819891516389900279e-03
5.590000000000003855e-01,-9.324181454077328235e-01,3.621866957107052754e-01,2.275002494720365753e+00,5.854887728256816359e+00,7.833905609958670760e-03
5.600000000000003864e-01,-9.301247689647746952e-01,3.680344018993603750e-01,2.311735327531132089e+00,5.840486201197781391e+00,7.847919703264595939e-03
5.610000000000003872e-01,-9.277947051213342178e-01,3.738675913118223448e-01,2.348377054647407203e+00,5.825854271060620704e+00,7.861933796307203973e-03
5.620000000000003881e-01,-9.254280457056232034e-01,3.796860338320947048e-01,2.384926231634983740e+00,5.810992513518293379e+00,7.875947889086024750e-03
5.630000000000003890e-01,-9.230248839884774847e-01,3.854894999243792530e-01,2.421381417688980076e+00,5.795901513290630191e+00,7.889961981600586427e-03
5.640000000000003899e-01,-9.205853146796997288e-01,3.912777606421115606e-01,2.457741175690395075e+00,5.780581864121546509e+00,7.903976073850420628e-03
5.650000000000003908e-01,-9.181094339243449642e-01,3.970505876369735399e-01,2.494004072262522076e+00,5.765034168755907018e+00,7.917990165835057242e-03
5.660000000000003917e-01,-9.155973392989504855e-01,4.028077531678826984e-01,2.530168677827218104e+00,5.749259038916032516e+00,7.932004257554026161e-03
5.670000000000003926e-01,-9.130491298077090256e-01,4.085490301099575783e-01,2.566233566661026977e+00,5.733257095277862980e+00,7.946018349006857273e-03
5.680000000000003935e-01,-9.104649058785860838e-01,4.142741919634595482e-01,2.602197316951154527e+00,5.717028967446766252e+00,7.960032440193080469e-03
5.690000000000003944e-01,-9.078447693593814094e-01,4.199830128627097259e-01,2.638058510851291949e+00,5.700575293932999443e+00,7.974046531112223904e-03
5.700000000000003952e-01,-9.051888235137345307e-01,4.256752675849815870e-01,2.673815734537288158e+00,5.683896722126825729e+00,7.988060621763819202e-03
5.710000000000003961e-01,-9.024971730170748829e-01,4.313507315593684277e-01,2.709467578262664489e+00,5.666993908273277647e+00,8.002074712147394520e-03
5.720000000000003970e-01,-8.997699239525165371e-01,4.370091808756253471e-01,2.745012636413976193e+00,5.649867517446581999e+00,8.016088802262481480e-03
5.730000000000003979e-01,-8.970071838066975278e-01,4.426503922929853618e-01,2.780449507566010059e+00,5.632518223524232148e+00,8.030102892108608240e-03
5.740000000000003988e-01,-8.942090614655640035e-01,4.482741432489498190e-01,2.815776794536824834e+00,5.614946709160724581e+00,8.044116981685306422e-03
5.750000000000003997e-01,-8.913756672100995315e-01,4.538802118680518860e-01,2.850993104442625992e+00,5.597153665760944641e+00,8.058131070992104183e-03
5.760000000000004006e-01,-8.885071127119995582e-01,4.594683769705936172e-01,2.886097048752474858e+00,5.579139793453215646e+00,8.072145160028533148e-03
5.770000000000004015e-01,-8.856035110292913570e-01,4.650384180813558199e-01,2.921087243342830764e+00,5.560905801062006049e+00,8.086159248794121471e-03
5.780000000000004023e-01,-8.826649766018994647e-01,4.705901154382802765e-01,2.955962308551922657e+00,5.542452406080294658e+00,8.100173337288399042e-03
5.790000000000004032e-01,-8.796916252471564945e-01,4.761232500011243207e-01,2.990720869233950197e+00,5.523780334641598344e+00,8.114187425510895751e-03
5.800000000000004041e-01,-8.766835741552606587e-01,4.816376034600873823e-01,3.025361554813108533e+00,5.504890321491663130e+00,8.128201513461143224e-03
5.810000000000004050e-01,-8.736409418846782238e-01,4.871329582444088313e-01,3.059882999337439013e+00,5.485783109959816883e+00,8.142215601138669615e-03
5.820000000000004059e-01,-8.705638483574933417e-01,4.926090975309370124e-01,3.094283841532500468e+00,5.466459451929986280e+00,8.156229688543004813e-03
5.830000000000004068e-01,-8.674524148547034796e-01,4.980658052526693580e-01,3.128562724854860644e+00,5.446920107811379808e+00,8.170243775673678710e-03
5.840000000000004077e-01,-8.643067640114616701e-01,5.035028661072628031e-01,3.162718297545405122e+00,5.427165846508838598e+00,8.184257862530221195e-03
5.850000000000004086e-01,-8.611270198122660258e-01,5.089200655655143901e-01,3.196749212682461483e+00,5.407197445392850632e+00,8.198271949112162157e-03
5.860000000000004095e-01,-8.579133075860954083e-01,5.143171898798120090e-01,3.230654128234738742e+00,5.387015690269239876e+00,8.212286035419031488e-03
5.870000000000004103e-01,-8.546657540014926946e-01,5.196940260925541066e-01,3.264431707114074932e+00,5.366621375348520573e+00,8.226300121450357342e-03
5.880000000000004112e-01,-8.513844870615956406e-01,5.250503620445391428e-01,3.298080617227997280e+00,5.346015303214923797e+00,8.240314207205671343e-03
5.890000000000004121e-01,-8.480696360991146765e-01,5.303859863833237931e-01,3.331599531532088321e+00,5.325198284795098047e+00,8.254328292684503382e-03
5.900000000000004130e-01,-8.447213317712589653e-01,5.357006885715492883e-01,3.364987128082157053e+00,5.304171139326480322e+00,8.268342377886383349e-03
5.910000000000004139e-01,-8.413397060546100592e-01,5.409942588952363351e-01,3.398242090086213807e+00,5.282934694325344793e+00,8.282356462810839398e-03
5.920000000000004148e-01,-8.379248922399437083e-01,5.462664884720480618e-01,3.431363105956247495e+00,5.261489785554525511e+00,8.296370547457403155e-03
5.930000000000004157e-01,-8.344770249270002660e-01,5.515171692595199904e-01,3.464348869359799021e+00,5.239837256990815817e+00,8.310384631825604509e-03
5.940000000000004166e-01,-8.309962400192033583e-01,5.567460940632578126e-01,3.497198079271336191e+00,5.217977960792047121e+00,8.324398715914971617e-03
5.950000000000004174e-01,-8.274826747183273712e-01,5.619530565451017479e-01,3.529909440023420775e+00,5.195912757263848825e+00,8.338412799725036101e-03
5.960000000000004183e-01,-8.239364675191138687e-01,5.671378512312573728e-01,3.562481661357669527e+00,5.173642514826084060e+00,8.352426883255326118e-03
5.970000000000004192e-01,-8.203577582038370508e-01,5.723002735203933655e-01,3.594913458475507362e+00,5.151168109978973675e+00,8.366440966505371557e-03
5.980000000000004201e-01,-8.167466878368186967e-01,5.774401196917046120e-01,3.627203552088709149e+00,5.128490427268896923e+00,8.380455049474704043e-03
5.990000000000004210e-01,-8.131033987588927037e-01,5.825571869129407832e-01,3.659350668469729229e+00,5.105610359253884845e+00,8.394469132162851732e-03
6.000000000000004219e-01,-8.094280345818193334e-01,5.876512732484011625e-01,3.691353539501815550e+00,5.082528806468790350e+00,8.408483214569344513e-03
6.010000000000004228e-01,-8.057207401826492754e-01,5.927221776668937236e-01,3.723210902728909311e+00,5.059246677390154545e+00,8.422497296693714011e-03
6.020000000000004237e-01,-8.019816616980383062e-01,5.977697000496587920e-01,3.754921501405322548e+00,5.035764888400754202e+00,8.436511378535488381e-03
6.030000000000004245e-01,-7.982109465185120989e-01,6.027936411982579568e-01,3.786484084545199913e+00,5.012084363753843697e+00,8.450525460094197513e-03
6.040000000000004254e-01,-7.944087432826816286e-01,6.077938028424261230e-01,3.817897406971753949e+00,4.988206035537087857e+00,8.464539541369371298e-03
6.050000000000004263e-01,-7.905752018714098384e-01,6.127699876478880370e-01,3.849160229366278774e+00,4.964130843636183954e+00,8.478553622360539624e-03
6.060000000000004272e-01,-7.867104734019290113e-01,6.177219992241377300e-01,3.880271318316935947e+00,4.939859735698182597e+00,8.492567703067232382e-03
6.070000000000004281e-01,-7.828147102219094045e-01,6.226496421321817687e-01,3.911229446367314289e+00,4.915393667094500429e+00,8.506581783488979462e-03
6.080000000000004290e-01,-7.788880659034800313e-01,6.275527218922446471e-01,3.942033392064757003e+00,4.890733600883631738e+00,8.520595863625310754e-03
6.090000000000004299e-01,-7.749306952372004842e-01,6.324310449914373189e-01,3.972681940008459645e+00,4.865880507773557184e+00,8.534609943475756147e-03
6.100000000000004308e-01,-7.709427542259853494e-01,6.372844188913876495e-01,4.003173880897332282e+00,4.840835366083850566e+00,8.548624023039845532e-03
6.110000000000004317e-01,-7.669244000789806615e-01,6.421126520358330092e-01,4.033508011577627173e+00,4.815599161707491582e+00,8.562638102317108799e-03
6.120000000000004325e-01,-7.628757912053926171e-01,6.469155538581743414e-01,4.063683135090330190e+00,4.790172888072376622e+00,8.576652181307074102e-03
6.130000000000004334e-01,-7.587970872082695495e-01,6.516929347889919288e-01,4.093698060718309328e+00,4.764557546102533792e+00,8.590666260009273067e-03
6.140000000000004343e-01,-7.546884488782362732e-01,6.564446062635217460e-01,4.123551604033226070e+00,4.738754144179046612e+00,8.604680338423235583e-03
6.150000000000004352e-01,-7.505500381871822446e-01,6.611703807290930657e-01,4.153242586942200276e+00,4.712763698100681076e+00,8.618694416548489806e-03
6.160000000000004361e-01,-7.463820182819026483e-01,6.658700716525262076e-01,4.182769837734233498e+00,4.686587231044223145e+00,8.632708494384567360e-03
6.170000000000004370e-01,-7.421845534776935205e-01,6.705434935274906527e-01,4.212132191126384484e+00,4.660225773524525827e+00,8.646722571930996401e-03
6.180000000000004379e-01,-7.379578092519005761e-01,6.751904618818230785e-01,4.241328488309695111e+00,4.633680363354267584e+00,8.660736649187308553e-03
6.190000000000004388e-01,-7.337019522374225167e-01,6.798107932848047597e-01,4.270357576994866733e+00,4.606952045603422086e+00,8.674750726153031971e-03
6.200000000000004396e-01,-7.294171502161684861e-01,6.844043053543987787e-01,4.299218311457685182e+00,4.580041872558446414e+00,8.688764802827698280e-03
6.210000000000004405e-01,-7.251035721124706734e-01,6.889708167644456038e-01,4.327909552584192632e+00,4.552950903681181494e+00,8.702778879210835636e-03
6.220000000000004414e-01,-7.207613879864511741e-01,6.935101472518181431e-01,4.356430167915601892e+00,4.525680205567470971e+00,8.716792955301973927e-03
6.230000000000004423e-01,-7.163907690273447759e-01,6.980221176235348324e-01,4.384779031692954909e+00,4.498230851905501204e+00,8.730807031100644780e-03
6.240000000000004432e-01,-7.119918875467767805e-01,7.025065497638308676e-01,4.412955024901521028e+00,4.470603923433859705e+00,8.744821106606376349e-03
6.250000000000004441e-01,-7.075649169719966380e-01,7.069632666411876931e-01,4.440957035314935020e+00,4.442800507899316464e+00,8.758835181818698523e-03
6.260000000000004450e-01,-7.031100318390677284e-01,7.113920923153199682e-01,4.468783957539074869e+00,4.414821700014329942e+00,8.772849256737141194e-03
6.270000000000004459e-01,-6.986274077860131770e-01,7.157928519441197901e-01,4.496434693055669563e+00,4.386668601414278612e+00,8.786863331361234250e-03
6.280000000000004468e-01,-6.941172215459185946e-01,7.201653717905582841e-01,4.523908150265648409e+00,4.358342320614418952e+00,8.800877405690509317e-03
6.290000000000004476e-01,-6.895796509399909624e-01,7.245094792295435626e-01,4.551203244532215919e+00,4.329843972966572530e+00,8.814891479724494550e-03
6.300000000000004485e-01,-6.850148748705749968e-01,7.288250027547358290e-01,4.578318898223661115e+00,4.301174680615543089e+00,8.828905553462719838e-03
6.310000000000004494e-01,-6.804230733141269916e-01,7.331117719853182946e-01,4.605254040755896838e+00,4.272335572455267183e+00,8.842919626904713337e-03
6.320000000000004503e-01,-6.758044273141458058e-01,7.373696176727242424e-01,4.632007608634720164e+00,4.243327784084696574e+00,8.856933700050006672e-03
6.330000000000004512e-01,-6.711591189740621077e-01,7.415983717073200143e-01,4.658578545497806367e+00,4.214152457763417736e+00,8.870947772898129732e-03
6.340000000000004521e-01,-6.664873314500854296e-01,7.457978671250431457e-01,4.684965802156423109e+00,4.184810742367007563e+00,8.884961845448612408e-03
6.350000000000004530e-01,-6.617892489440101444e-01,7.499679381139962020e-01,4.711168336636863962e+00,4.155303793342127960e+00,8.898975917700984589e-03
6.360000000000004539e-01,-6.570650566959795880e-01,7.541084200209949850e-01,4.737185114221608373e+00,4.125632772661361969e+00,8.912989989654776166e-03
6.370000000000004547e-01,-6.523149409772094343e-01,7.582191493580721087e-01,4.763015107490197408e+00,4.095798848777791434e+00,8.927004061309515293e-03
6.380000000000004556e-01,-6.475390890826704382e-01,7.622999638089343888e-01,4.788657296359827953e+00,4.065803196579317103e+00,8.941018132664733595e-03
6.390000000000004565e-01,-6.427376893237304323e-01,7.663507022353748255e-01,4.814110668125661796e+00,4.035646997342727360e+00,8.955032203719960962e-03
6.400000000000004574e-01,-6.379109310207564665e-01,7.703712046836383998e-01,4.839374217500848729e+00,4.005331438687511181e+00,8.969046274474725550e-03
6.410000000000004583e-01,-6.330590044956768692e-01,7.743613123907415741e-01,4.864446946656265425e+00,3.974857714529425490e+00,8.983060344928558982e-03
6.420000000000004592e-01,-6.281821010645037839e-01,7.783208677907453854e-01,4.889327865259961214e+00,3.944227025033805401e+00,8.997074415080989415e-03
6.430000000000004601e-01,-6.232804130298164047e-01,7.822497145209813540e-01,4.914015990516316101e+00,3.913440576568635976e+00,9.011088484931548473e-03
6.440000000000004610e-01,-6.183541336732052418e-01,7.861476974282306518e-01,4.938510347204906559e+00,3.882499581657371746e+00,9.025102554479764311e-03
6.450000000000004619e-01,-6.134034572476773084e-01,7.900146625748558638e-01,4.962809967719077342e+00,3.851405258931516418e+00,9.039116623725166819e-03
6.460000000000004627e-01,-6.084285789700236702e-01,7.938504572448853436e-01,4.986913892104216650e+00,3.820158833082959227e+00,9.053130692667287621e-03
6.470000000000004636e-01,-6.034296950131480264e-01,7.976549299500496071e-01,5.010821168095737299e+00,3.788761534816071475e+00,9.067144761305654874e-03
6.480000000000004645e-01,-5.984070024983580982e-01,8.014279304357696532e-01,5.034530851156760356e+00,3.757214600799564597e+00,9.081158829639798466e-03
6.490000000000004654e-01,-5.933606994876187146e-01,8.051693096870971011e-01,5.058042004515495016e+00,3.725519273618113303e+00,9.095172897669248288e-03
6.500000000000004663e-01,-5.882909849757688159e-01,8.088789199346062553e-01,5.081353699202321827e+00,3.693676801723741132e+00,9.109186965393534230e-03
6.510000000000004672e-01,-5.831980588827003764e-01,8.125566146602365425e-01,5.104465014086570385e+00,3.661688439386976857e+00,9.123201032812187916e-03
6.520000000000004681e-01,-5.780821220455014675e-01,8.162022486030868773e-01,5.127375035912995038e+00,3.629555446647777739e+00,9.137215099924737502e-03
6.530000000000004690e-01,-5.729433762105624606e-01,8.198156777651601779e-01,5.150082859337945074e+00,3.597279089266223195e+00,9.151229166730712877e-03
6.540000000000004698e-01,-5.677820240256467033e-01,8.233967594170589210e-01,5.172587586965224915e+00,3.564860638672985083e+00,9.165243233229643932e-03
6.550000000000004707e-01,-5.625982690319251134e-01,8.269453521036309596e-01,5.194888329381651459e+00,3.532301371919567945e+00,9.179257299421060556e-03
6.560000000000004716e-01,-5.573923156559756897e-01,8.304613156495651571e-01,5.216984205192296109e+00,3.499602571628329439e+00,9.193271365304492640e-03
6.570000000000004725e-01,-5.521643692017477179e-01,8.339445111649371745e-01,5.238874341055419492e+00,3.466765525942278270e+00,9.207285430879468338e-03
6.580000000000004734e-01,-5.469146358424910037e-01,8.373948010507050732e-01,5.260557871717090883e+00,3.433791528474652299e+00,9.221299496145519276e-03
6.590000000000004743e-01,-5.416433226126512457e-01,8.408120490041541828e-01,5.282033940045497644e+00,3.400681878258279500e+00,9.235313561102175342e-03
6.600000000000004752e-01,-5.363506373997305454e-01,8.441961200242912300e-01,5.303301697064934928e+00,3.367437879694722636e+00,9.249327625748966428e-03
6.610000000000004761e-01,-5.310367889361148341e-01,8.475468804171877313e-01,5.324360301989481847e+00,3.334060842503211664e+00,9.263341690085422422e-03
6.620000000000004770e-01,-5.257019867908668820e-01,8.508641978012717599e-01,5.345208922256357020e+00,3.300552081669362980e+00,9.277355754111071481e-03
6.630000000000004778e-01,-5.203464413614871109e-01,8.541479411125688648e-01,5.365846733558957915e+00,3.266912917393689053e+00,9.291369817825445229e-03
6.640000000000004787e-01,-5.149703638656407678e-01,8.573979806098909195e-01,5.386272919879576904e+00,3.233144675039901994e+00,9.305383881228071821e-03
6.650000000000004796e-01,-5.095739663328527902e-01,8.606141878799735689e-01,5.406486673521797570e+00,3.199248685083007970e+00,9.319397944318482882e-03
6.660000000000004805e-01,-5.041574615961705863e-01,8.637964358425612721e-01,5.426487195142565056e+00,3.165226283057201329e+00,9.333412007096208302e-03
6.670000000000004814e-01,-4.987210632837946189e-01,8.669445987554407207e-01,5.446273693783934000e+00,3.131078809503554439e+00,9.347426069560776235e-03
6.680000000000004823e-01,-4.932649858106776808e-01,8.700585522194210775e-01,5.465845386904490510e+00,3.096807609917508586e+00,9.361440131711716572e-03
6.690000000000004832e-01,-4.877894443700927507e-01,8.731381731832622561e-01,5.485201500410445519e+00,3.062414034696166354e+00,9.375454193548560938e-03
6.700000000000004841e-01,-4.822946549251698745e-01,8.761833399485500218e-01,5.504341268686401278e+00,3.027899439085389499e+00,9.389468255070837488e-03
6.710000000000004849e-01,-4.767808342004027367e-01,8.791939321745183555e-01,5.523263934625789240e+00,2.993265183126701867e+00,9.403482316278076111e-03
6.720000000000004858e-01,-4.712481996731244793e-01,8.821698308828183066e-01,5.541968749660973081e+00,2.958512631604000909e+00,9.417496377169808433e-03
6.730000000000004867e-01,-4.656969695649540997e-01,8.851109184622336645e-01,5.560454973793024891e+00,2.923643153990079124e+00,9.431510437745562608e-03
6.740000000000004876e-01,-4.601273628332128163e-01,8.880170786733432298e-01,5.578721875621162951e+00,2.888658124392958104e+00,9.445524498004868527e-03
6.750000000000004885e-01,-4.545395991623114584e-01,8.908881966531290164e-01,5.596768732371860011e+00,2.853558921502037382e+00,9.459538557947256079e-03
6.760000000000004894e-01,-4.489338989551087122e-01,8.937241589195304980e-01,5.614594829927613162e+00,2.818346928534058105e+00,9.473552617572255155e-03
6.770000000000004903e-01,-4.433104833242410003e-01,8.965248533759451188e-01,5.632199462855376204e+00,2.783023533178887732e+00,9.487566676879397379e-03
6.780000000000004912e-01,-4.376695740834237180e-01,8.992901693156739595e-01,5.649581934434656283e+00,2.747590127545123107e+00,9.501580735868210906e-03
6.790000000000004921e-01,-4.320113937387249359e-01,9.020199974263134468e-01,5.666741556685270353e+00,2.712048108105516331e+00,9.515594794538225626e-03
6.800000000000004929e-01,-4.263361654798112910e-01,9.047142297940919953e-01,5.683677650394762360e+00,2.676398875642227448e+00,9.529608852888971429e-03
6.810000000000004938e-01,-4.206441131711667891e-01,9.073727599081520268e-01,5.700389545145477577e+00,2.640643835191900823e+00,9.543622910919976471e-03
6.820000000000004947e-01,-4.149354613432845174e-01,9.099954826647768114e-01,5.716876579341295006e+00,2.604784395990573653e+00,9.557636968630772376e-03
6.830000000000004956e-01,-4.092104351838318221e-01,9.125822943715624636e-01,5.733138100234016932e+00,2.568821971418413064e+00,9.571651026020889033e-03
6.840000000000004965e-01,-4.034692605287895639e-01,9.151330927515340941e-01,5.749173463949413865e+00,2.532757978944287558e+00,9.585665083089856334e-03
6.850000000000004974e-01,-3.977121638535650039e-01,9.176477769472070056e-01,5.764982035512923986e+00,2.496593840070174153e+00,9.599679139837204167e-03
6.860000000000004983e-01,-3.919393722640795996e-01,9.201262475245917116e-01,5.780563188875003533e+00,2.460330980275401647e+00,9.613693196262462423e-03
6.870000000000004992e-01,-3.861511134878313767e-01,9.225684064771435544e-01,5.795916306936133466e+00,2.423970828960734902e+00,9.627707252365159257e-03
6.880000000000005000e-01,-3.803476158649326533e-01,9.249741572296559244e-01,5.811040781571475300e+00,2.387514819392299259e+00,9.641721308144826294e-03
6.890000000000005009e-01,-3.745291083391230624e-01,9.273434046420975241e-01,5.825936013655175216e+00,2.350964388645350400e+00,9.655735363600993423e-03
6.900000000000005018e-01,-3.686958204487585933e-01,9.296760550133935652e-01,5.840601413084320903e+00,2.314320977547889679e+00,9.669749418733188800e-03
6.910000000000005027e-01,-3.628479823177768182e-01,9.319720160851499013e-01,5.855036398802544895e+00,2.277586030624127567e+00,9.683763473540944050e-03
6.920000000000005036e-01,-3.569858246466386942e-01,9.342311970453212044e-01,5.869240398823274418e+00,2.240760996037796993e+00,9.697777528023787327e-03
6.930000000000005045e-01,-3.511095787032473825e-01,9.364535085318219654e-01,5.883212850252630410e+00,2.203847325535321033e+00,9.711791582181250257e-03
6.940000000000005054e-01,-3.452194763138440314e-01,9.386388626360806509e-01,5.896953199311967708e+00,2.166846474388833155e+00,9.725805636012860994e-03
6.950000000000005063e-01,-3.393157498538816874e-01,9.407871729065369060e-01,5.910460901360063524e+00,2.129759901339055794e+00,9.739819689518149429e-03
6.960000000000005071e-01,-3.333986322388767243e-01,9.428983543520816912e-01,5.923735420914947980e+00,2.092589068538036834e+00,9.753833742696647185e-03
6.970000000000005080e-01,-3.274683569152389562e-01,9.449723234454395770e-01,5.936776231675374937e+00,2.055335441491749737e+00,9.767847795547882420e-03
6.980000000000005089e-01,-3.215251578510802122e-01,9.470089981264940837e-01,5.949582816541939323e+00,2.018000489002555131e+00,9.781861848071385021e-03
6.990000000000005098e-01,-3.155692695270021497e-01,9.490082978055555119e-01,5.962154667637830308e+00,1.980585683111528716e+00,9.795875900266686614e-03
7.000000000000005107e-01,-3.096009269268634734e-01,9.509701433665702641e-01,5.974491286329229212e+00,1.943092499040657728e+00,9.809889952133315355e-03
7.010000000000005116e-01,-3.036203655285267811e-01,9.528944571702732125e-01,5.986592183245342369e+00,1.905522415134907055e+00,9.823904003670801133e-03
7.020000000000005125e-01,-2.976278212945857593e-01,9.547811630572814456e-01,5.998456878298074280e+00,1.867876912804157907e+00,9.837918054878673838e-03
7.030000000000005134e-01,-2.916235306630727830e-01,9.566301863511300629e-01,6.010084900701337496e+00,1.830157476465021693e+00,9.851932105756463359e-03
7.040000000000005143e-01,-2.856077305381474751e-01,9.584414538612499035e-01,6.021475788990000133e+00,1.792365593482530439e+00,9.865946156303699588e-03
7.050000000000005151e-01,-2.795806582807662255e-01,9.602148938858868776e-01,6.032629091038468339e+00,1.754502754111706420e+00,9.879960206519912413e-03
7.060000000000005160e-01,-2.735425516993337247e-01,9.619504362149622345e-01,6.043544364078904607e+00,1.716570451439013434e+00,9.893974256404631726e-03
7.070000000000005169e-01,-2.674936490403361788e-01,9.636480121328752091e-01,6.054221174719078391e+00,1.678570181323691513e+00,9.907988305957387415e-03
7.080000000000005178e-01,-2.614341889789568718e-01,9.653075544212459391e-01,6.064659098959852557e+00,1.640503442338977935e+00,9.922002355177709371e-03
7.090000000000005187e-01,-2.553644106096745192e-01,9.669289973616005396e-01,6.074857722212302136e+00,1.602371735713216561e+00,9.936016404065127483e-03
7.100000000000005196e-01,-2.492845534368447469e-01,9.685122767379962250e-01,6.084816639314461817e+00,1.564176565270857466e+00,9.950030452619171642e-03
7.110000000000005205e-01,-2.431948573652647494e-01,9.700573298395882560e-01,6.094535454547711950e+00,1.525919437373349785e+00,9.964044500839371737e-03
7.120000000000005214e-01,-2.370955626907219893e-01,9.715640954631370452e-01,6.104013781652787962e+00,1.487601860859928848e+00,9.978058548725255925e-03
7.130000000000005222e-01,-2.309869100905270201e-01,9.730325139154564207e-01,6.113251243845422067e+00,1.449225346988301855e+00,9.992072596276355828e-03
7.140000000000005231e-01,-2.248691406140307381e-01,9.744625270158024932e-01,6.122247473831615494e+00,1.410791409375232508e+00,1.000608664349220134e-02
7.150000000000005240e-01,-2.187424956731267300e-01,9.758540780982027929e-01,6.131002113822538568e+00,1.372301563937027513e+00,1.002010069037232234e-02
7.160000000000005249e-01,-2.126072170327387156e-01,9.772071120137262312e-01,6.139514815549059534e+00,1.333757328829928479e+00,1.003411473691624700e-02
7.170000000000005258e-01,-2.064635468012938069e-01,9.785215751326928890e-01,6.147785240275896790e+00,1.295160224390409009e+00,1.004812878312350694e-02
7.180000000000005267e-01,-2.003117274211816956e-01,9.797974153468245184e-01,6.155813058815404304e+00,1.256511773075381644e+00,1.006214282899363030e-02
7.190000000000005276e-01,-1.941520016592003239e-01,9.810345820713352039e-01,6.163597951540977782e+00,1.217813499402315980e+00,1.007615687452614872e-02
7.200000000000005285e-01,-1.879846125969882598e-01,9.822330262469617379e-01,6.171139608400086907e+00,1.179066929889270199e+00,1.009017091972059035e-02
7.210000000000005294e-01,-1.818098036214442770e-01,9.833927003419342672e-01,6.178437728926935435e+00,1.140273592994838214e+00,1.010418496457648682e-02
7.220000000000005302e-01,-1.756278184151344457e-01,9.845135583538866531e-01,6.185492022254744704e+00,1.101435019058015774e+00,1.011819900909336628e-02
7.230000000000005311e-01,-1.694389009466871210e-01,9.855955558117068804e-01,6.192302207127657887e+00,1.062552740237986626e+00,1.013221305327075862e-02
7.240000000000005320e-01,-1.632432954611762466e-01,9.866386497773271813e-01,6.198868011912271214e+00,1.023628290453831857e+00,1.014622709710819547e-02
7.250000000000005329e-01,-1.570412464704932509e-01,9.876427988474536512e-01,6.205189174608785940e+00,9.846632053241639593e-01,1.016024114060520497e-02
7.260000000000005338e-01,-1.508329987437080910e-01,9.886079631552355806e-01,6.211265442861783725e+00,9.456590221066893953e-01,1.017425518376131703e-02
7.270000000000005347e-01,-1.446187972974196101e-01,9.895341043718742791e-01,6.217096573970622764e+00,9.066172796377002241e-01,1.018826922657606326e-02
7.280000000000005356e-01,-1.383988873860956537e-01,9.904211857081713921e-01,6.222682334899455547e+00,8.675395182714988884e-01,1.020228326904897183e-02
7.290000000000005365e-01,-1.321735144924035543e-01,9.912691719160166004e-01,6.228022502286867379e+00,8.284272798197568344e-01,1.021629731117957261e-02
7.300000000000005373e-01,-1.259429243175309299e-01,9.920780292898147001e-01,6.233116862455137408e+00,7.892821074908106249e-01,1.023031135296739551e-02
7.310000000000005382e-01,-1.197073627714975719e-01,9.928477256678517326e-01,6.237965211419114198e+00,7.501055458288975464e-01,1.024432539441197040e-02
7.320000000000005391e-01,-1.134670759634585913e-01,9.935782304336007176e-01,6.242567354894716480e+00,7.108991406533327062e-01,1.025833943551282719e-02
7.330000000000005400e-01,-1.072223101919992094e-01,9.942695145169662130e-01,6.246923108307050221e+00,6.716644389976302865e-01,1.027235347626949576e-02
7.340000000000005409e-01,-1.009733119354217501e-01,9.949215503954678130e-01,6.251032296798145538e+00,6.324029890485715066e-01,1.028636751668150599e-02
7.350000000000005418e-01,-9.472032784202494282e-02,9.955343120953632496e-01,6.254894755234310821e+00,5.931163400852212941e-01,1.030038155674838779e-02
7.360000000000005427e-01,-8.846360472037614886e-02,9.961077751927099877e-01,6.258510328213105822e+00,5.538060424178962160e-01,1.031439559646967104e-02
7.370000000000005436e-01,-8.220338952957678691e-02,9.966419168143659801e-01,6.261878870069931047e+00,5.144736473270860033e-01,1.032840963584488563e-02
7.380000000000005445e-01,-7.593992936952134731e-02,9.971367156389292496e-01,6.265000244884237013e+00,4.751207070023314438e-01,1.034242367487356144e-02
7.390000000000005453e-01,-6.967347147115041106e-02,9.975921518976165192e-01,6.267874326485347147e+00,4.357487744810601416e-01,1.035643771355522838e-02
7.400000000000005462e-01,-6.340426318669800665e-02,9.980082073750803362e-01,6.270500998457901431e+00,3.963594035873835852e-01,1.037045175188941459e-02
7.410000000000005471e-01,-5.713255197993374890e-02,9.983848654101651343e-01,6.272880154146912801e+00,3.569541488708570798e-01,1.038446578987565171e-02
7.420000000000005480e-01,-5.085858541640009278e-02,9.987221108966021221e-01,6.275011696662440741e+00,3.175345655452054272e-01,1.039847982751346961e-02
7.430000000000005489e-01,-4.458261115364509086e-02,9.990199302836428874e-01,6.276895538883882075e+00,2.781022094270165779e-01,1.041249386480239646e-02
7.440000000000005498e-01,-3.830487693145109840e-02,9.992783115766312729e-01,6.278531603463876287e+00,2.386586368744055553e-01,1.042650790174196387e-02
7.450000000000005507e-01,-3.202563056205972453e-02,9.994972443375146343e-01,6.279919822831827148e+00,1.992054047256513749e-01,1.044052193833170175e-02
7.460000000000005516e-01,-2.574511992039347011e-02,9.996767196852929249e-01,6.281060139197037095e+00,1.597440702378089272e-01,1.045453597457113824e-02
7.470000000000005524e-01,-1.946359293427442003e-02,9.998167302964070524e-01,6.281952504551459704e+00,1.202761910252986011e-01,1.046855001045980497e-02
7.480000000000005533e-01,-1.318129757464038196e-02,9.999172704050655058e-01,6.282596880672066675e+00,8.080332499847586725e-02,1.048256404599723010e-02
7.490000000000005542e-01,-6.898481845758839409e-03,9.999783358035093661e-01,6.282993239122825813e+00,4.132703030218325829e-02,1.049657808118294525e-02
7.500000000000005551e-01,-6.153937754391257745e-04,9.999999238422162540e-01,6.283141561256299745e+00,1.848865254287193616e-03,1.051059211601647857e-02
7.510000000000005560e-01,5.667718594756798040e-03,9.999820334300424385e-01,6.283041838214852071e+00,-3.762961171579798370e-02,1.052460615049736169e-02
7.520000000000005569e-01,1.195060721930460076e-02,9.999246650343039944e-01,6.282694070931473362e+00,-7.710684212859636455e-02,1.053862018462512276e-02
7.530000000000005578e-01,1.823302405850845201e-02,9.998278206807956758e-01,6.282098270130219042e+00,-1.165812675160646794e-01,1.055263421839929168e-02
7.540000000000005587e-01,2.451472108829214763e-02,9.996915039537490610e-01,6.281254456326260005e+00,-1.560513294830920550e-01,1.056664825181940007e-02
7.550000000000005596e-01,3.079545030999008767e-02,9.995157199957286354e-01,6.280162659825550442e+00,-1.955154697690029975e-01,1.058066228488497608e-02
7.560000000000005604e-01,3.707496376013773298e-02,9.993004755074668122e-01,6.278822920724107526e+00,-2.349721303090609448e-01,1.059467631759554961e-02
7.570000000000005613e-01,4.335301352026115634e-02,9.990457787476370033e-01,6.277235288906902966e+00,-2.744197532959700703e-01,1.060869034995065054e-02
7.580000000000005622e-01,4.962935172666526479e-02,9.987516395325658491e-01,6.275399824046374420e+00,-3.138567812413730618e-01,1.062270438194981050e-02
7.590000000000005631e-01,5.590373058022037045e-02,9.984180692358829434e-01,6.273316595600544332e+00,-3.532816570373422116e-01,1.063671841359255764e-02
7.600000000000005640e-01,6.217590235614667282e-02,9.980450807881101616e-01,6.270985682810755080e+00,-3.926928240178616525e-01,1.065073244487842186e-02
7.610000000000005649e-01,6.844561941379628811e-02,9.976326886761888169e-01,6.268407174699020423e+00,-4.320887260202980196e-01,1.066474647580693304e-02
7.620000000000005658e-01,7.471263420643242670e-02,9.971809089429455319e-01,6.265581170064985272e+00,-4.714678074468574565e-01,1.067876050637762107e-02
7.630000000000005667e-01,8.097669929100537178e-02,9.966897591864966044e-01,6.262507777482506199e+00,-5.108285133260261901e-01,1.069277453659001585e-02
7.640000000000005675e-01,8.723756733792475959e-02,9.961592585595913096e-01,6.259187115295839376e+00,-5.501692893739926760e-01,1.070678856644364726e-02
7.650000000000005684e-01,9.349499114082798767e-02,9.955894277688930316e-01,6.255619311615446598e+00,-5.894885820560481493e-01,1.072080259593804520e-02
7.660000000000005693e-01,9.974872362634409906e-02,9.949802890741999972e-01,6.251804504313414057e+00,-6.287848386479643059e-01,1.073481662507273955e-02
7.670000000000005702e-01,1.059985178638529896e-01,9.943318662876037273e-01,6.247742841018486537e+00,-6.680565072973445595e-01,1.074883065384726021e-02
7.680000000000005711e-01,1.122441270752394249e-01,9.936441847725867582e-01,6.243434479110712587e+00,-7.073020370849472105e-01,1.076284468226113532e-02
7.690000000000005720e-01,1.184853046446414787e-01,9.929172714430586355e-01,6.238879585715710441e+00,-7.465198780859776395e-01,1.077685871031389651e-02
7.700000000000005729e-01,1.247218041281931145e-01,9.921511547623309557e-01,6.234078337698540473e+00,-7.857084814313470833e-01,1.079087273800507368e-02
7.710000000000005738e-01,1.309533792637603555e-01,9.913458647420311243e-01,6.229030921657199293e+00,-8.248662993688963274e-01,1.080488676533419672e-02
7.720000000000005747e-01,1.371797839806708497e-01,9.905014329409547180e-01,6.223737533915726594e+00,-8.639917853245810964e-01,1.081890079230079377e-02
7.730000000000005755e-01,1.434007724094363001e-01,9.896178924638568963e-01,6.218198380516923862e+00,-9.030833939636164764e-01,1.083291481890439646e-02
7.740000000000005764e-01,1.496160988914673751e-01,9.886952779601823060e-01,6.212413677214694729e+00,-9.421395812515792612e-01,1.084692884514453469e-02
7.750000000000005773e-01,1.558255179887809150e-01,9.877336256227345901e-01,6.206383649465996299e+00,-9.811588045154642224e-01,1.086094287102073661e-02
7.760000000000005782e-01,1.620287844936987021e-01,9.867329731862840569e-01,6.200108532422405894e+00,-1.020139522504693419e+00,1.087495689653253383e-02
7.770000000000005791e-01,1.682256534385377922e-01,9.856933599261152867e-01,6.193588570921307657e+00,-1.059080195452074102e+00,1.088897092167945627e-02
7.780000000000005800e-01,1.744158801052916596e-01,9.846148266565126761e-01,6.186824019476693692e+00,-1.097979285134705885e+00,1.090298494646103206e-02
7.790000000000005809e-01,1.805992200353021271e-01,9.834974157291862529e-01,6.179815142269579731e+00,-1.136835254934831063e+00,1.091699897087679283e-02
7.800000000000005818e-01,1.867754290389214145e-01,9.823411710316357626e-01,6.172562213138042431e+00,-1.175646569900628213e+00,1.093101299492626674e-02
7.810000000000005826e-01,1.929442632051640294e-01,9.811461379854544695e-01,6.165065515566867660e+00,-1.214411696806946717e+00,1.094502701860898541e-02
7.820000000000005835e-01,1.991054789113481938e-01,9.799123635445722291e-01,6.157325342676822189e+00,-1.253129104215978007e+00,1.095904104192447701e-02
7.830000000000005844e-01,2.052588328327262512e-01,9.786398961934378304e-01,6.149341997213540800e+00,-1.291797262537862423e+00,1.097305506487227141e-02
7.840000000000005853e-01,2.114040819521038617e-01,9.773287859451406101e-01,6.141115791536032376e+00,-1.330414644091229004e+00,1.098706908745190024e-02
7.850000000000005862e-01,2.175409835694474270e-01,9.759790843394718918e-01,6.132647047604803170e+00,-1.368979723163666451e+00,1.100108310966289166e-02
7.860000000000005871e-01,2.236692953114794991e-01,9.745908444409258076e-01,6.123936096969599951e+00,-1.407490976072121036e+00,1.101509713150477555e-02
7.870000000000005880e-01,2.297887751412618085e-01,9.731641208366397233e-01,6.114983280756774775e+00,-1.445946881223221459e+00,1.102911115297708182e-02
7.880000000000005889e-01,2.358991813677652760e-01,9.716989696342742677e-01,6.105788949656266951e+00,-1.484345919173525763e+00,1.104312517407934208e-02
7.890000000000005898e-01,2.420002726554269790e-01,9.701954484598336315e-01,6.096353463908204873e+00,-1.522686572689690099e+00,1.105713919481108448e-02
7.900000000000005906e-01,2.480918080336935450e-01,9.686536164554252482e-01,6.086677193289131260e+00,-1.560967326808555766e+00,1.107115321517183892e-02
7.910000000000005915e-01,2.541735469065504738e-01,9.670735342769595233e-01,6.076760517097850034e+00,-1.599186668897152552e+00,1.108516723516113529e-02
7.920000000000005924e-01,2.602452490620370540e-01,9.654552640917899442e-01,6.066603824140890389e+00,-1.637343088712614803e+00,1.109918125477850348e-02
7.930000000000005933e-01,2.663066746817469022e-01,9.637988695762926827e-01,6.056207512717596941e+00,-1.675435078462010230e+00,1.111319527402347337e-02
7.940000000000005942e-01,2.723575843503129867e-01,9.621044159133870233e-01,6.045571990604844181e+00,-1.713461132862076797e+00,1.112720929289557487e-02
7.950000000000005951e-01,2.783977390648773587e-01,9.603719697899958385e-01,6.034697675041369003e+00,-1.751419749198866338e+00,1.114122331139433784e-02
7.960000000000005960e-01,2.844269002445451444e-01,9.586015993944465574e-01,6.023584992711730202e+00,-1.789309427387292040e+00,1.115523732951929220e-02
7.970000000000005969e-01,2.904448297398220524e-01,9.567933744138125141e-01,6.012234379729894052e+00,-1.827128670030578883e+00,1.116925134726996782e-02
7.980000000000005977e-01,2.964512898420355036e-01,9.549473660311946777e-01,6.000646281622441514e+00,-1.864875982479611505e+00,1.118326536464589460e-02
7.990000000000005986e-01,3.024460432927386644e-01,9.530636469229448737e-01,5.988821153311402412e+00,-1.902549872892181249e+00,1.119727938164660243e-02
8.000000000000005995e-01,3.084288532930971605e-01,9.511422912558289422e-01,5.976759459096715688e+00,-1.940148852292125969e+00,1.121129339827162119e-02
8.010000000000006004e-01,3.143994835132580823e-01,9.491833746841312758e-01,5.964461672638317502e+00,-1.977671434628363922e+00,1.122530741452048078e-02
8.020000000000006013e-01,3.203576981017008385e-01,9.471869743467001834e-01,5.951928276937855422e+00,-2.015116136833816185e+00,1.123932143039271109e-02
8.030000000000006022e-01,3.263032616945696351e-01,9.451531688639346340e-01,5.939159764320031343e+00,-2.052481478884216504e+00,1.125333544588784027e-02
8.040000000000006031e-01,3.322359394249868592e-01,9.430820383347119362e-01,5.926156636413572265e+00,-2.089765983856807896e+00,1.126734946100539994e-02
8.050000000000006040e-01,3.381554969323476989e-01,9.409736643332571315e-01,5.912919404131830703e+00,-2.126968177988921571e+00,1.128136347574492000e-02
8.060000000000006048e-01,3.440617003715947808e-01,9.388281299059532126e-01,5.899448587653018272e+00,-2.164086590736434168e+00,1.129537749010593034e-02
8.070000000000006057e-01,3.499543164224728775e-01,9.366455195680940538e-01,5.885744716400064469e+00,-2.201119754832106867e+00,1.130939150408795911e-02
8.080000000000006066e-01,3.558331122987636319e-01,9.344259193005778341e-01,5.871808329020112183e+00,-2.238066206343797049e+00,1.132340551769053794e-02
8.090000000000006075e-01,3.616978557574992426e-01,9.321694165465431725e-01,5.857639973363641950e+00,-2.274924484732545160e+00,1.133741953091319497e-02
8.100000000000006084e-01,3.675483151081552213e-01,9.298761002079469762e-01,5.843240206463232056e+00,-2.311693132910532356e+00,1.135143354375546185e-02
8.110000000000006093e-01,3.733842592218216683e-01,9.275460606420842247e-01,5.828609594511950931e+00,-2.348370697298907128e+00,1.136544755621686845e-02
8.120000000000006102e-01,3.792054575403528971e-01,9.251793896580502441e-01,5.813748712841383615e+00,-2.384955727885477383e+00,1.137946156829694293e-02
8.130000000000006111e-01,3.850116800854947452e-01,9.227761805131452499e-01,5.798658145899294958e+00,-2.421446778282268397e+00,1.139347557999521518e-02
8.140000000000006120e-01,3.908026974679895127e-01,9.203365279092213802e-01,5.783338487226928670e+00,-2.457842405782940443e+00,1.140748959131121683e-02
8.150000000000006128e-01,3.965782808966578643e-01,9.178605279889724411e-01,5.767790339435943103e+00,-2.494141171420068304e+00,1.142150360224447603e-02
8.160000000000006137e-01,4.023382021874575276e-01,9.153482783321663652e-01,5.752014314184984656e+00,-2.530341640022276017e+00,1.143551761279452440e-02
8.170000000000006146e-01,4.080822337725185656e-01,9.127998779518207151e-01,5.736011032155901468e+00,-2.566442380271227730e+00,1.144953162296089011e-02
8.180000000000006155e-01,4.138101487091543906e-01,9.102154272903211218e-01,5.719781123029594738e+00,-2.602441964758470228e+00,1.146354563274310304e-02
8.190000000000006164e-01,4.195217206888486317e-01,9.075950282154832127e-01,5.703325225461512105e+00,-2.638338970042127141e+00,1.147755964214069481e-02
8.200000000000006173e-01,4.252167240462173536e-01,9.049387840165574737e-01,5.686643987056783089e+00,-2.674131976703439051e+00,1.149157365115319358e-02
8.210000000000006182e-01,4.308949337679460756e-01,9.022467994001782676e-01,5.669738064344992168e+00,-2.709819569403151718e+00,1.150558765978012925e-02
8.220000000000006191e-01,4.365561255017014197e-01,8.995191804862558982e-01,5.652608122754603670e+00,-2.745400336937746211e+00,1.151960166802103343e-02
8.230000000000006199e-01,4.422000755650172255e-01,8.967560348038129403e-01,5.635254836587022531e+00,-2.780872872295510501e+00,1.153361567587543428e-02
8.240000000000006208e-01,4.478265609541541847e-01,8.939574712867645045e-01,5.617678888990303321e+00,-2.816235772712449847e+00,1.154762968334286169e-02
8.250000000000006217e-01,4.534353593529333315e-01,8.911236002696426572e-01,5.599880971932509333e+00,-2.851487639728034207e+00,1.156164369042284555e-02
8.260000000000006226e-01,4.590262491415424972e-01,8.882545334832651074e-01,5.581861786174712847e+00,-2.886627079240780880e+00,1.157565769711491575e-02
8.270000000000006235e-01,4.645990094053157327e-01,8.853503840503483824e-01,5.563622041243645455e+00,-2.921652701563666188e+00,1.158967170341860219e-02
8.280000000000006244e-01,4.701534199434850847e-01,8.824112664810657147e-01,5.545162455404000212e+00,-2.956563121479371503e+00,1.160368570933343474e-02
8.290000000000006253e-01,4.756892612779046736e-01,8.794372966685498616e-01,5.526483755630382078e+00,-2.991356958295352531e+00,1.161769971485894330e-02
8.300000000000006262e-01,4.812063146617462928e-01,8.764285918843409684e-01,5.507586677578907519e+00,-3.026032835898737616e+00,1.163171371999465777e-02
8.310000000000006271e-01,4.867043620881666977e-01,8.733852707737793652e-01,5.488471965558462173e+00,-3.060589382811046644e+00,1.164572772474010802e-02
8.320000000000006279e-01,4.921831862989457518e-01,8.703074533513439626e-01,5.469140372501604119e+00,-3.095025232242731850e+00,1.165974172909482395e-02
8.330000000000006288e-01,4.976425707930955400e-01,8.671952609959359126e-01,5.449592659935129646e+00,-3.129339022147538785e+00,1.167375573305833546e-02
8.340000000000006297e-01,5.030822998354396169e-01,8.640488164461086473e-01,5.429829597950289966e+00,-3.163529395276680756e+00,1.168776973663017242e-02
8.350000000000006306e-01,5.085021584651624460e-01,8.608682437952429600e-01,5.409851965172665977e+00,-3.197594999232830304e+00,1.170178373980986473e-02
8.360000000000006315e-01,5.139019325043285846e-01,8.576536684866689075e-01,5.389660548731699308e+00,-3.231534486523921945e+00,1.171579774259694229e-02
8.370000000000006324e-01,5.192814085663711721e-01,8.544052173087335333e-01,5.369256144229886729e+00,-3.265346514616764395e+00,1.172981174499093497e-02
8.380000000000006333e-01,5.246403740645493308e-01,8.511230183898155222e-01,5.348639555711629079e+00,-3.299029745990460949e+00,1.174382574699137267e-02
8.390000000000006342e-01,5.299786172203745371e-01,8.478072011932860086e-01,5.327811595631747110e+00,-3.332582848189635794e+00,1.175783974859778355e-02
8.400000000000006350e-01,5.352959270720050178e-01,8.444578965124167613e-01,5.306773084823655395e+00,-3.366004493877462700e+00,1.177185374980969923e-02
8.410000000000006359e-01,5.405920934826082824e-01,8.410752364652348545e-01,5.285524852467203161e+00,-3.399293360888496540e+00,1.178586775062664960e-02
8.420000000000006368e-01,5.458669071486913493e-01,8.376593544893254917e-01,5.264067736056178504e+00,-3.432448132281302300e+00,1.179988175104816281e-02
8.430000000000006377e-01,5.511201596083984411e-01,8.342103853365810950e-01,5.242402581365479541e+00,-3.465467496390882918e+00,1.181389575107377049e-02
8.440000000000006386e-01,5.563516432497752628e-01,8.307284650678994353e-01,5.220530242417954270e+00,-3.498350146880899292e+00,1.182790975070300253e-02
8.450000000000006395e-01,5.615611513190006399e-01,8.272137310478283601e-01,5.198451581450906467e+00,-3.531094782795685560e+00,1.184192374993538709e-02
8.460000000000006404e-01,5.667484779285836272e-01,8.236663219391595625e-01,5.176167468882273859e+00,-3.563700108612054329e+00,1.185593774877045578e-02
8.470000000000006413e-01,5.719134180655275346e-01,8.200863776974701702e-01,5.153678783276476771e+00,-3.596164834290888734e+00,1.186995174720773850e-02
8.480000000000006422e-01,5.770557675994587576e-01,8.164740395656130412e-01,5.130986411309939044e+00,-3.628487675328522677e+00,1.188396574524676341e-02
8.490000000000006430e-01,5.821753232907217468e-01,8.128294500681555457e-01,5.108091247736285645e+00,-3.660667352807904340e+00,1.189797974288706213e-02
8.500000000000006439e-01,5.872718827984385603e-01,8.091527530057676110e-01,5.084994195351212554e+00,-3.692702593449543436e+00,1.191199374012816281e-02
8.510000000000006448e-01,5.923452446885331124e-01,8.054440934495585847e-01,5.061696164957032451e+00,-3.724592129662235074e+00,1.192600773696959708e-02
8.520000000000006457e-01,5.973952084417202268e-01,8.017036177353640269e-01,5.038198075326904224e+00,-3.756334699593566473e+00,1.194002173341089310e-02
8.530000000000006466e-01,6.024215744614581647e-01,7.979314734579815438e-01,5.014500853168734729e+00,-3.787929047180194075e+00,1.195403572945158074e-02
8.540000000000006475e-01,6.074241440818654025e-01,7.941278094653565489e-01,4.990605433088767917e+00,-3.819373922197899951e+00,1.196804972509119165e-02
8.550000000000006484e-01,6.124027195756004405e-01,7.902927758527183988e-01,4.966512757554849777e+00,-3.850668080311415498e+00,1.198206372032925397e-02
8.560000000000006493e-01,6.173571041617049726e-01,7.864265239566666787e-01,4.942223776859381523e+00,-3.881810283124018213e+00,1.199607771516529760e-02
8.570000000000006501e-01,6.222871020134099762e-01,7.825292063492076400e-01,4.917739449081958369e+00,-3.912799298226893097e+00,1.201009170959885415e-02
8.580000000000006510e-01,6.271925182659038311e-01,7.786009768317421198e-01,4.893060740051690338e+00,-3.943633899248263575e+00,1.202410570362945179e-02
8.590000000000006519e-01,6.320731590240629139e-01,7.746419904290037239e-01,4.868188623309213980e+00,-3.974312865902282610e+00,1.203811969725662040e-02
8.600000000000006528e-01,6.369288313701441107e-01,7.706524033829486031e-01,4.843124080068395898e+00,-4.004834984037687562e+00,1.205213369047989161e-02
8.610000000000006537e-01,6.417593433714388063e-01,7.666323731465967128e-01,4.817868099177721852e+00,-4.035199045686212571e+00,1.206614768329879357e-02
8.620000000000006546e-01,6.465645040878877925e-01,7.625820583778248896e-01,4.792421677081381226e+00,-4.065403849110762025e+00,1.208016167571285618e-02
8.630000000000006555e-01,6.513441235796577633e-01,7.585016189331112990e-01,4.766785817780046841e+00,-4.095448198853335775e+00,1.209417566772160932e-02
8.640000000000006564e-01,6.560980129146777307e-01,7.543912158612327001e-01,4.740961532791347466e+00,-4.125330905782712776e+00,1.210818965932458288e-02
8.650000000000006573e-01,6.608259841761363607e-01,7.502510113969139693e-01,4.714949841110039230e+00,-4.155050787141880697e+00,1.212220365052130676e-02
8.660000000000006581e-01,6.655278504699387865e-01,7.460811689544302183e-01,4.688751769167873285e+00,-4.184606666595221292e+00,1.213621764131131257e-02
8.670000000000006590e-01,6.702034259321236753e-01,7.418818531211618383e-01,4.662368350793167693e+00,-4.213997374275438190e+00,1.215023163169412848e-02
8.680000000000006599e-01,6.748525257362392171e-01,7.376532296511030262e-01,4.635800627170075572e+00,-4.243221746830235119e+00,1.216424562166928437e-02
8.690000000000006608e-01,6.794749661006787012e-01,7.333954654583233479e-01,4.609049646797562794e+00,-4.272278627468734769e+00,1.217825961123631014e-02
8.700000000000006617e-01,6.840705642959744592e-01,7.291087286103832277e-01,4.582116465448083709e+00,-4.301166866007643641e+00,1.219227360039473566e-02
8.710000000000006626e-01,6.886391386520509528e-01,7.247931883217035853e-01,4.555002146125969986e+00,-4.329885318917151338e+00,1.220628758914409084e-02
8.720000000000006635e-01,6.931805085654351162e-01,7.204490149468892879e-01,4.527707759025522805e+00,-4.358432849366573159e+00,1.222030157748390557e-02
8.730000000000006644e-01,6.976944945064258441e-01,7.160763799740074154e-01,4.500234381488816382e+00,-4.386808327269728025e+00,1.223431556541370972e-02
8.740000000000006652e-01,7.021809180262202910e-01,7.116754560178202293e-01,4.472583097963212850e+00,-4.415010629330050840e+00,1.224832955293303147e-02
8.750000000000006661e-01,7.066396017639976490e-01,7.072464168129729556e-01,4.444754999958592911e+00,-4.443038639085433061e+00,1.226234354004140242e-02
8.760000000000006670e-01,7.110703694539605157e-01,7.027894372071372686e-01,4.416751186004294283e+00,-4.470891246952803932e+00,1.227635752673835248e-02
8.770000000000006679e-01,7.154730459323322966e-01,6.983046931541098123e-01,4.388572761605775696e+00,-4.498567350272429266e+00,1.229037151302341153e-02
8.780000000000006688e-01,7.198474571443119752e-01,6.937923617068668669e-01,4.360220839200991350e+00,-4.526065853351947332e+00,1.230438549889610947e-02
8.790000000000006697e-01,7.241934301509842520e-01,6.892526210105752726e-01,4.331696538116490025e+00,-4.553385667510122303e+00,1.231839948435597618e-02
8.800000000000006706e-01,7.285107931361864964e-01,6.846856502955593893e-01,4.303000984523231764e+00,-4.580525711120325916e+00,1.233241346940253981e-02
8.810000000000006715e-01,7.327993754133305115e-01,6.800916298702248675e-01,4.274135311392131875e+00,-4.607484909653741134e+00,1.234642745403533200e-02
8.820000000000006724e-01,7.370590074321804464e-01,6.754707411139393436e-01,4.245100658449328712e+00,-4.634262195722280708e+00,1.236044143825388263e-02
8.830000000000006732e-01,7.412895207855855206e-01,6.708231664698705021e-01,4.215898172131176125e+00,-4.660856509121229507e+00,1.237445542205772159e-02
8.840000000000006741e-01,7.454907482161675647e-01,6.661490894377812833e-01,4.186529005538968562e+00,-4.687266796871600860e+00,1.238846940544637704e-02
8.850000000000006750e-01,7.496625236229630396e-01,6.614486945667832352e-01,4.156994318393392618e+00,-4.713492013262206015e+00,1.240248338841938060e-02
8.860000000000006759e-01,7.538046820680199822e-01,6.567221674480477889e-01,4.127295276988712125e+00,-4.739531119891440269e+00,1.241649737097626216e-02
8.870000000000006768e-01,7.579170597829479883e-01,6.519696947074758997e-01,4.097433054146688569e+00,-4.765383085708776001e+00,1.243051135311654988e-02
8.880000000000006777e-01,7.619994941754231199e-01,6.471914639983262774e-01,4.067408829170236828e+00,-4.791046887055967929e+00,1.244452533483977538e-02
8.890000000000006786e-01,7.660518238356452958e-01,6.423876639938028710e-01,4.037223787796817120e+00,-4.816521507707966165e+00,1.245853931614546682e-02
8.900000000000006795e-01,7.700738885427499403e-01,6.375584843796008316e-01,4.006879122151566719e+00,-4.841805938913533502e+00,1.247255329703315582e-02
8.910000000000006803e-01,7.740655292711715596e-01,6.327041158464130621e-01,3.976376030700175424e+00,-4.866899179435566936e+00,1.248656727750237054e-02
8.920000000000006812e-01,7.780265881969610220e-01,6.278247500823956884e-01,3.945715718201502131e+00,-4.891800235591123425e+00,1.250058125755264260e-02
8.930000000000006821e-01,7.819569087040547650e-01,6.229205797655942289e-01,3.914899395659936499e+00,-4.916508121291147226e+00,1.251459523718350016e-02
8.940000000000006830e-01,7.858563353904963744e-01,6.179917985563297966e-01,3.883928280277507916e+00,-4.941021858079893470e+00,1.252860921639447483e-02
8.950000000000006839e-01,7.897247140746104233e-01,6.130386010895463311e-01,3.852803595405744019e+00,-4.965340475174052415e+00,1.254262319518509479e-02
8.960000000000006848e-01,7.935618918011274614e-01,6.080611829671186408e-01,3.821526570497279174e+00,-4.989463009501567292e+00,1.255663717355489165e-02
8.970000000000006857e-01,7.973677168472609322e-01,6.030597407501220308e-01,3.790098441057216494e+00,-5.013388505740149270e+00,1.257065115150339356e-02
8.980000000000006866e-01,8.011420387287354616e-01,5.980344719510630735e-01,3.758520448594243835e+00,-5.037116016355482451e+00,1.258466512903013042e-02
8.990000000000006875e-01,8.048847082057654090e-01,5.929855750260729641e-01,3.726793840571506422e+00,-5.060644601639123330e+00,1.259867910613463385e-02
9.000000000000006883e-01,8.085955772889852344e-01,5.879132493670626847e-01,3.694919870357238345e+00,-5.083973329746084957e+00,1.261269308281643201e-02
9.010000000000006892e-01,8.122744992453292401e-01,5.828176952938410871e-01,3.662899797175154681e+00,-5.107101276732114670e+00,1.262670705907505651e-02
9.020000000000006901e-01,8.159213286038626833e-01,5.776991140461953389e-01,3.630734886054605148e+00,-5.130027526590654752e+00,1.264072103491003553e-02
9.030000000000006910e-01,8.195359211615620421e-01,5.725577077759350653e-01,3.598426407780494607e+00,-5.152751171289491339e+00,1.265473501032089894e-02
9.040000000000006919e-01,8.231181339890454307e-01,5.673936795388998533e-01,3.565975638842967310e+00,-5.175271310807080916e+00,1.266874898530717664e-02
9.050000000000006928e-01,8.266678254362527234e-01,5.622072332869303413e-01,3.533383861386860669e+00,-5.197587053168565951e+00,1.268276295986840024e-02
9.060000000000006937e-01,8.301848551380748287e-01,5.569985738598038916e-01,3.500652363160929870e+00,-5.219697514481465461e+00,1.269677693400409792e-02
9.070000000000006946e-01,8.336690840199322272e-01,5.517679069771345146e-01,3.467782437466845558e+00,-5.241601818971048488e+00,1.271079090771379955e-02
9.080000000000006954e-01,8.371203743033021061e-01,5.465154392302371544e-01,3.434775383107965041e+00,-5.263299099015380733e+00,1.272480488099703502e-02
9.090000000000006963e-01,8.405385895111943118e-01,5.412413780739581126e-01,3.401632504337879226e+00,-5.284788495180050560e+00,1.273881885385333423e-02
9.100000000000006972e-01,8.439235944735761219e-01,5.359459318184699450e-01,3.368355110808741504e+00,-5.306069156252569918e+00,1.275283282628222707e-02
9.110000000000006981e-01,8.472752553327445035e-01,5.306293096210323856e-01,3.334944517519374152e+00,-5.327140239276445755e+00,1.276684679828324516e-02
9.120000000000006990e-01,8.505934395486468569e-01,5.252917214777196309e-01,3.301402044763158461e+00,-5.348000909584923690e+00,1.278086076985591665e-02
9.130000000000006999e-01,8.538780159041494677e-01,5.199333782151138728e-01,3.267729018075711256e+00,-5.368650340834403956e+00,1.279487474099977144e-02
9.140000000000007008e-01,8.571288545102534462e-01,5.145544914819655258e-01,3.233926768182346922e+00,-5.389087715037524262e+00,1.280888871171433942e-02
9.150000000000007017e-01,8.603458268112581520e-01,5.091552737408204798e-01,3.199996630945328047e+00,-5.409312222595910491e+00,1.282290268199915047e-02
9.160000000000007025e-01,8.635288055898716619e-01,5.037359382596151569e-01,3.165939947310908664e+00,-5.429323062332595207e+00,1.283691665185373448e-02
9.170000000000007034e-01,8.666776649722680581e-01,4.982966991032388160e-01,3.131758063256171454e+00,-5.449119441524096885e+00,1.285093062127762135e-02
9.180000000000007043e-01,8.697922804330917579e-01,4.928377711250641613e-01,3.097452329735657539e+00,-5.468700575932167851e+00,1.286494459027034097e-02
9.190000000000007052e-01,8.728725288004081095e-01,4.873593699584464201e-01,3.063024102627796896e+00,-5.488065689835200267e+00,1.287895855883142322e-02
9.200000000000007061e-01,8.759182882606004750e-01,4.818617120081911676e-01,3.028474742681136700e+00,-5.507214016059294615e+00,1.289297252696039800e-02
9.210000000000007070e-01,8.789294383632132446e-01,4.763450144419912324e-01,2.993805615460373382e+00,-5.526144796008985338e+00,1.290698649465679519e-02
9.220000000000007079e-01,8.819058600257411173e-01,4.708094951818329599e-01,2.959018091292186625e+00,-5.544857279697629870e+00,1.292100046192014469e-02
9.230000000000007088e-01,8.848474355383637580e-01,4.652553728953724987e-01,2.924113545210881071e+00,-5.563350725777448602e+00,1.293501442874997465e-02
9.240000000000007097e-01,8.877540485686262750e-01,4.596828669872818351e-01,2.889093356903836618e+00,-5.581624401569223792e+00,1.294902839514581669e-02
9.250000000000007105e-01,8.906255841660649653e-01,4.540921975905657382e-01,2.853958910656769099e+00,-5.599677583091652089e+00,1.296304236110720071e-02
9.260000000000007114e-01,8.934619287667779908e-01,4.484835855578491182e-01,2.818711595298802663e+00,-5.617509555090350659e+00,1.297705632663365659e-02
9.270000000000007123e-01,8.962629701979414332e-01,4.428572524526359633e-01,2.783352804147359638e+00,-5.635119611066514267e+00,1.299107029172471423e-02
9.280000000000007132e-01,8.990285976822698366e-01,4.372134205405394658e-01,2.747883934952866092e+00,-5.652507053305224183e+00,1.300508425637990351e-02
9.290000000000007141e-01,9.017587018424217948e-01,4.315523127804840597e-01,2.712306389843277099e+00,-5.669671192903405377e+00,1.301909822059875259e-02
9.300000000000007150e-01,9.044531747053492499e-01,4.258741528158798140e-01,2.676621575268423925e+00,-5.686611349797433768e+00,1.303311218438079309e-02
9.310000000000007159e-01,9.071119097065916126e-01,4.201791649657694028e-01,2.640830901944185349e+00,-5.703326852790388202e+00,1.304712614772555491e-02
9.320000000000007168e-01,9.097348016945140392e-01,4.144675742159477649e-01,2.604935784796486242e+00,-5.719817039578950713e+00,1.306114011063256794e-02
9.330000000000007176e-01,9.123217469344891972e-01,4.087396062100553396e-01,2.568937642905122054e+00,-5.736081256779950621e+00,1.307515407310136032e-02
9.340000000000007185e-01,9.148726431130229653e-01,4.029954872406447119e-01,2.532837899447417662e+00,-5.752118859956554253e+00,1.308916803513146369e-02
9.350000000000007194e-01,9.173873893418237335e-01,3.972354442402213359e-01,2.496637981641715243e+00,-5.767929213644093167e+00,1.310318199672240794e-02
9.360000000000007203e-01,9.198658861618151938e-01,3.914597047722586654e-01,2.460339320690702269e+00,-5.783511691375538888e+00,1.311719595787372121e-02
9.370000000000007212e-01,9.223080355470922864e-01,3.856684970221878617e-01,2.423943351724572537e+00,-5.798865675706615264e+00,1.313120991858493514e-02
9.380000000000007221e-01,9.247137409088199700e-01,3.798620497883626324e-01,2.387451513744030418e+00,-5.813990558240549333e+00,1.314522387885557787e-02
9.390000000000007230e-01,9.270829070990754817e-01,3.740405924729995335e-01,2.350865249563136139e+00,-5.828885739652465148e+00,1.315923783868518104e-02
9.400000000000007239e-01,9.294154404146329762e-01,3.682043550730941250e-01,2.314186005751995179e+00,-5.843550629713409883e+00,1.317325179807327454e-02
9.410000000000007248e-01,9.317112486006907668e-01,3.623535681713129231e-01,2.277415232579296234e+00,-5.857984647314018467e+00,1.318726575701938651e-02
9.420000000000007256e-01,9.339702408545410561e-01,3.564884629268624261e-01,2.240554383954696860e+00,-5.872187220487815829e+00,1.320127971552304859e-02
9.430000000000007265e-01,9.361923278291821582e-01,3.506092710663344936e-01,2.203604917371060790e+00,-5.886157786434148775e+00,1.321529367358378892e-02
9.440000000000007274e-01,9.383774216368728771e-01,3.447162248745293534e-01,2.166568293846550475e+00,-5.899895791540756385e+00,1.322930763120113914e-02
9.450000000000007283e-01,9.405254358526283776e-01,3.388095571852560162e-01,2.129445977866574413e+00,-5.913400691405968246e+00,1.324332158837462740e-02
9.460000000000007292e-01,9.426362855176588784e-01,3.328895013721107632e-01,2.092239437325593698e+00,-5.926671950860538551e+00,1.325733554510378533e-02
9.470000000000007301e-01,9.447098871427490607e-01,3.269562913392339842e-01,2.054950143468790458e+00,-5.939709043989106263e+00,1.327134950138814107e-02
9.480000000000007310e-01,9.467461587115800770e-01,3.210101615120456442e-01,2.017579570833596847e+00,-5.952511454151289350e+00,1.328536345722722625e-02
9.490000000000007319e-01,9.487450196839919414e-01,3.150513468279599882e-01,1.980129197191093926e+00,-5.965078674002405101e+00,1.329937741262056904e-02
9.500000000000007327e-01,9.507063909991881889e-01,3.090800827270795414e-01,1.942600503487275088e+00,-5.977410205513820074e+00,1.331339136756770104e-02
9.510000000000007336e-01,9.526301950788813588e-01,3.030966051428691244e-01,1.904994973784181145e+00,-5.989505559992925221e+00,1.332740532206815043e-02
9.520000000000007345e-01,9.545163558303794149e-01,2.971011504928099956e-01,1.867314095200909296e+00,-6.001364258102738880e+00,1.334141927612144708e-02
9.530000000000007354e-01,9.563647986496133235e-01,2.910939556690345098e-01,1.829559357854495971e+00,-6.012985829881134947e+00,1.335543322972712263e-02
9.540000000000007363e-01,9.581754504241054571e-01,2.850752580289419025e-01,1.791732254800677548e+00,-6.024369814759696240e+00,1.336944718288470522e-02
9.550000000000007372e-01,9.599482395358784892e-01,2.790452953857952001e-01,1.753834281974532061e+00,-6.035515761582187722e+00,1.338346113559372476e-02
9.560000000000007381e-01,9.616830958643050042e-01,2.730043059993000898e-01,1.715866938131002550e+00,-6.046423228622659352e+00,1.339747508785371286e-02
9.570000000000007390e-01,9.633799507888975988e-01,2.669525285661655811e-01,1.677831724785305845e+00,-6.057091783603165247e+00,1.341148903966419767e-02
9.580000000000007399e-01,9.650387371920395863e-01,2.608902022106474594e-01,1.639730146153227874e+00,-6.067521003711108918e+00,1.342550299102470909e-02
9.590000000000007407e-01,9.666593894616551941e-01,2.548175664750743086e-01,1.601563709091310184e+00,-6.077710475616204810e+00,1.343951694193477875e-02
9.600000000000007416e-01,9.682418434938208085e-01,2.487348613103569084e-01,1.563333923036927198e+00,-6.087659795487065040e+00,1.345353089239393479e-02
9.610000000000007425e-01,9.697860366953153788e-01,2.426423270664812282e-01,1.525042299948258684e+00,-6.097368569007400652e+00,1.346754484240170711e-02
9.620000000000007434e-01,9.712919079861116467e-01,2.365402044829853778e-01,1.486690354244159851e+00,-6.106836411391843633e+00,1.348155879195762560e-02
9.630000000000007443e-01,9.727593978018062026e-01,2.304287346794209046e-01,1.448279602743929750e+00,-6.116062947401389671e+00,1.349557274106122189e-02
9.640000000000007452e-01,9.741884480959901449e-01,2.243081591457988799e-01,1.409811564606983314e+00,-6.125047811358451000e+00,1.350958668971202412e-02
9.650000000000007461e-01,9.755790023425587876e-01,2.181787197330211647e-01,1.371287761272426353e+00,-6.133790647161535325e+00,1.352360063790956218e-02
9.660000000000007470e-01,9.769310055379613056e-01,2.120406586432970752e-01,1.332709716398537969e+00,-6.142291108299533064e+00,1.353761458565336598e-02
9.670000000000007478e-01,9.782444042033895393e-01,2.058942184205460324e-01,1.294078955802162589e+00,-6.150548857865623553e+00,1.355162853294296539e-02
9.680000000000007487e-01,9.795191463869059589e-01,1.997396419407864721e-01,1.255397007398013853e+00,-6.158563568570796676e+00,1.356564247977789031e-02
9.690000000000007496e-01,9.807551816655114552e-01,1.935771724025114604e-01,1.216665401137892344e+00,-6.166334922756986359e+00,1.357965642615767236e-02
9.700000000000007505e-01,9.819524611471519560e-01,1.874070533170513198e-01,1.177885668949820497e+00,-6.173862612409820372e+00,1.359367037208183970e-02
9.710000000000007514e-01,9.831109374726640926e-01,1.812295284989237365e-01,1.139059344677096908e+00,-6.181146339170982884e+00,1.360768431754992222e-02
9.720000000000007523e-01,9.842305648176600252e-01,1.750448420561716845e-01,1.100187964017272035e+00,-6.188185814350186220e+00,1.362169826256144980e-02
9.730000000000007532e-01,9.853112988943510953e-01,1.688532383806895798e-01,1.061273064461048410e+00,-6.194980758936762477e+00,1.363571220711595235e-02
9.740000000000007541e-01,9.863530969533105264e-01,1.626549621385379729e-01,1.022316185231107344e+00,-6.201530903610857237e+00,1.364972615121295973e-02
9.750000000000007550e-01,9.873559177851745083e-01,1.564502582602473602e-01,9.833188672208653669e-01,-6.207835988754243139e+00,1.366374009485200186e-02
9.760000000000007558e-01,9.883197217222827735e-01,1.502393719311113096e-01,9.442826529331618257e-01,-6.213895764460738214e+00,1.367775403803260861e-02
9.770000000000007567e-01,9.892444706402567789e-01,1.440225485814693451e-01,9.052090864188812036e-01,-6.219709990546236966e+00,1.369176798075430988e-02
9.780000000000007576e-01,9.901301279595172700e-01,1.378000338769800326e-01,8.660997132155118239e-01,-6.225278436558353334e+00,1.370578192301663556e-02
9.790000000000007585e-01,9.909766586467403382e-01,1.315720737088845738e-01,8.269560802856442683e-01,-6.230600881785668399e+00,1.371979586481911553e-02
9.800000000000007594e-01,9.917840292162515281e-01,1.253389141842614074e-01,7.877797359554110646e-01,-6.235677115266591741e+00,1.373380980616127969e-02
9.810000000000007603e-01,9.925522077313585489e-01,1.191008016162720812e-01,7.485722298528709739e-01,-6.240506935797828447e+00,1.374782374704265793e-02
9.820000000000007612e-01,9.932811638056224801e-01,1.128579825143989496e-01,7.093351128463399879e-01,-6.245090151942457091e+00,1.376183768746278013e-02
9.830000000000007621e-01,9.939708686040671370e-01,1.066107035746748644e-01,6.700699369826716989e-01,-6.249426582037613365e+00,1.377585162742117619e-02
9.840000000000007629e-01,9.946212948443265978e-01,1.003592116699054543e-01,6.307782554254893759e-01,-6.253516054201781138e+00,1.378986556691737600e-02
9.850000000000007638e-01,9.952324167977314451e-01,9.410375383988431319e-02,5.914616223933726324e-01,-6.257358406341695378e+00,1.380387950595090944e-02
9.860000000000007647e-01,9.958042102903322812e-01,8.784457728160141587e-02,5.521215930980007958e-01,-6.260953486158846282e+00,1.381789344452130641e-02
9.870000000000007656e-01,9.963366527038624021e-01,8.158192933944534431e-02,5.127597236822557525e-01,-6.264301151155594383e+00,1.383190738262809680e-02
9.880000000000007665e-01,9.968297229766375223e-01,7.531605749539946326e-02,4.733775711582868251e-01,-6.267401268640889533e+00,1.384592132027081049e-02
9.890000000000007674e-01,9.972834016043945482e-01,6.904720935923265579e-02,4.339766933455400655e-01,-6.270253715735599975e+00,1.385993525744897564e-02
9.900000000000007683e-01,9.976976706410675133e-01,6.277563265868491005e-02,3.945586488087545196e-01,-6.272858379377441729e+00,1.387394919416212388e-02
9.910000000000007692e-01,9.980725136995020064e-01,5.650157522964816686e-02,3.551249967959280163e-01,-6.275215156325519850e+00,1.388796313040978510e-02
9.920000000000007701e-01,9.984079159521074276e-01,5.022528500634282356e-02,3.156772971762552005e-01,-6.277323953164470893e+00,1.390197706619148918e-02
9.930000000000007709e-01,9.987038641314470722e-01,4.394701001149030339e-02,2.762171103780400871e-01,-6.279184686308213692e+00,1.391599100150676602e-02
9.940000000000007718e-01,9.989603465307662633e-01,3.766699834648204459e-02,2.367459973265857720e-01,-6.280797282003304005e+00,1.393000493635514550e-02
9.950000000000007727e-01,9.991773530044580909e-01,3.138549818154536680e-02,1.972655193820637420e-01,-6.282161676331896594e+00,1.394401887073615579e-02
9.960000000000007736e-01,9.993548749684675325e-01,2.510275774590655165e-02,1.577772382773656445e-01,-6.283277815214307616e+00,1.395803280464932850e-02
9.970000000000007745e-01,9.994929054006328473e-01,1.881902531795155709e-02,1.182827160559396795e-01,-6.284145654411187998e+00,1.397204673809419352e-02
9.980000000000007754e-01,9.995914388409651297e-01,1.253454921538476804e-02,7.878351500961432163e-02,-6.284765159525298017e+00,1.398606067107028075e-02
9.990000000000007763e-01,9.996504713918654694e-01,6.249577785386168510e-03,3.928119761641196001e-02,-6.285136306002886641e+00,1.400007460357711835e-02
1.000000000000000666e+00,9.996700007182803827e-01,-3.564060523268079012e-05,-2.226735216450947963e-04,-6.285259079134676519e+00,1.401408853561423792e-02
