tau,x,y,u,v,theta1
0.000000000000000000e+00,9.990000000000001101e-01,-0.000000000000000000e+00,0.000000000000000000e+00,-6.289471637223369882e+00,0.000000000000000000e+00
1.000000000000000021e-03,9.989802213272164222e-01,-6.289430129752748844e-03,-3.955721464570382401e-02,-6.289347115224260598e+00,2.957779529058178503e-06
2.000000000000000042e-03,9.989208860943914470e-01,-1.257861121716564654e-02,-7.911285824593090876e-02,-6.288973554202025085e+00,5.915559058113588902e-06
3.000000000000000062e-03,9.988219966580696996e-01,-1.886729422984895557e-02,-1.186653598187193404e-01,-6.288350969081718311e+00,8.873338587163465211e-06
4.000000000000000083e-03,9.986835569457191975e-01,-2.515523015531273207e-02,-1.582131485091340384e-01,-6.287479384737746813e+00,1.183111811620503806e-05
5.000000000000000104e-03,9.985055724555731427e-01,-3.144217001091570429e-02,-1.977546536527733934e-01,-6.286358835992837513e+00,1.478889764523554018e-05
6.000000000000000125e-03,9.982880502564072112e-01,-3.772786485381290911e-02,-2.372883048392675776e-01,-6.284989367616598877e+00,1.774667717425220518e-05
7.000000000000000146e-03,9.980309989872541143e-01,-4.401206579090167353e-02,-2.768125319757659408e-01,-6.283371034323669058e+00,2.070445670325226324e-05
8.000000000000000167e-03,9.977344288570542119e-01,-5.029452398876554930e-02,-3.163257653504105149e-01,-6.281503900771449267e+00,2.366223623223294797e-05
9.000000000000001055e-03,9.973983516442427311e-01,-5.657499068361578065e-02,-3.558264356957932528e-01,-6.279388041557431244e+00,2.662001576119149126e-05
1.000000000000000194e-02,9.970227806962737027e-01,-6.285321719122988204e-02,-3.953129742523939782e-01,-6.277023541216110836e+00,2.957779529012512500e-05
1.100000000000000283e-02,9.966077309290801711e-01,-6.912895491688690608e-02,-4.347838128319962969e-01,-6.274410494215489464e+00,3.253557481903108448e-05
1.200000000000000372e-02,9.961532188264714538e-01,-7.540195536529907538e-02,-4.742373838810788889e-01,-6.271549004953167916e+00,3.549335434790660160e-05
1.300000000000000461e-02,9.956592624394666746e-01,-8.167197015053920262e-02,-5.136721205441793225e-01,-6.268439187752024466e+00,3.845113387674890825e-05
1.400000000000000550e-02,9.951258813855649032e-01,-8.793875100596369732e-02,-5.530864567272276711e-01,-6.265081166855488881e+00,4.140891340555523294e-05
1.500000000000000638e-02,9.945530968479522338e-01,-9.420204979413052127e-02,-5.924788271608474322e-01,-6.261475076422399866e+00,4.436669293432281096e-05
1.600000000000000727e-02,9.939409315746453588e-01,-1.004616185167118841e-01,-6.318476674636204216e-01,-6.257621060521457501e+00,4.732447246304887758e-05
1.700000000000000816e-02,9.932894098775723046e-01,-1.067172093244011799e-01,-6.711914142053134746e-01,-6.253519273125261790e+00,5.028225199173066133e-05
1.800000000000000905e-02,9.925985576315891068e-01,-1.129685745268137198e-01,-7.105085049700641253e-01,-6.249169878103945308e+00,5.324003152036539070e-05
1.900000000000000994e-02,9.918684022734343131e-01,-1.192154666023808735e-01,-7.497973784195222091e-01,-6.244573049218393734e+00,5.619781104895030775e-05
2.000000000000001082e-02,9.910989728006198707e-01,-1.254576382082373265e-01,-7.890564743559453920e-01,-6.239728970113059603e+00,5.915559057748264100e-05
2.100000000000001171e-02,9.902902997702587307e-01,-1.316948421901008304e-01,-8.282842337852446279e-01,-6.234637834308365711e+00,6.211337010595961217e-05
2.200000000000001260e-02,9.894424152978298359e-01,-1.379268315921442500e-01,-8.674790989799782137e-01,-6.229299845192700857e+00,6.507114963437847011e-05
2.300000000000001349e-02,9.885553530558801594e-01,-1.441533596668592987e-01,-9.066395135422909979e-01,-6.223715216014009677e+00,6.802892916273643655e-05
2.400000000000001438e-02,9.876291482726635707e-01,-1.503741798849118072e-01,-9.457639224667957478e-01,-6.217884169870973032e+00,7.098670869103074676e-05
2.500000000000001527e-02,9.866638377307166419e-01,-1.565890459449877647e-01,-9.848507722033952305e-01,-6.211806939703779840e+00,7.394448821925863604e-05
2.600000000000001615e-02,9.856594597653725032e-01,-1.627977117836301724e-01,-1.023898510720040234e+00,-6.205483768284497437e+00,7.690226774741733967e-05
2.700000000000001704e-02,9.846160542632111934e-01,-1.689999315850658212e-01,-1.062905587565423193e+00,-6.198914908207030727e+00,7.986004727550407938e-05
2.800000000000001793e-02,9.835336626604473942e-01,-1.751954597910220235e-01,-1.101870453931602434e+00,-6.192100621876677202e+00,8.281782680351609045e-05
2.900000000000001882e-02,9.824123279412561027e-01,-1.813840511105325459e-01,-1.140791562716556573e+00,-6.185041181499277840e+00,8.577560633145060818e-05
3.000000000000001971e-02,9.812520946360352436e-01,-1.875654605297326361e-01,-1.179667368586664100e+00,-6.177736869069963888e+00,8.873338585930486784e-05
3.100000000000002059e-02,9.800530088196063305e-01,-1.937394433216424461e-01,-1.218496328039107679e+00,-6.170187976361495963e+00,9.169116538707610471e-05
3.200000000000002148e-02,9.788151181093521780e-01,-1.999057550559386887e-01,-1.257276899464198294e+00,-6.162394804912203483e+00,9.464894491476154054e-05
3.300000000000002237e-02,9.775384716632928850e-01,-2.060641516087140523e-01,-1.296007543207619017e+00,-6.154357666013519079e+00,9.760672444235841060e-05
3.400000000000002326e-02,9.762231201780992018e-01,-2.122143891722238496e-01,-1.334686721632582840e+00,-6.146076880697109779e+00,1.005645039698639502e-04
3.500000000000002415e-02,9.748691158870440576e-01,-2.183562242646196472e-01,-1.373312899181904578e+00,-6.137552779721609397e+00,1.035222834972753946e-04
3.600000000000002504e-02,9.734765125578920264e-01,-2.244894137396694633e-01,-1.411884542439982404e+00,-6.128785703558945919e+00,1.064800630245899655e-04
3.700000000000002592e-02,9.720453654907265095e-01,-2.306137147964640310e-01,-1.450400120194687448e+00,-6.119776002380270974e+00,1.094378425518049118e-04
3.800000000000002681e-02,9.705757315157157450e-01,-2.367288849891088509e-01,-1.488858103499157703e+00,-6.110524036041489637e+00,1.123956220789174552e-04
3.900000000000002770e-02,9.690676689908163111e-01,-2.428346822364015334e-01,-1.527256965733494454e+00,-6.101030174068387879e+00,1.153534016059248310e-04
4.000000000000002859e-02,9.675212377994155677e-01,-2.489308648314940420e-01,-1.565595182666359220e+00,-6.091294795641363891e+00,1.183111811328242609e-04
4.100000000000002948e-02,9.659364993479124806e-01,-2.550171914515395599e-01,-1.603871232516465906e+00,-6.081318289579762393e+00,1.212689606596129938e-04
4.200000000000003036e-02,9.643135165632364947e-01,-2.610934211673233696e-01,-1.642083596013968583e+00,-6.071101054325808377e+00,1.242267401862882513e-04
4.300000000000003125e-02,9.626523538903057897e-01,-2.671593134528776337e-01,-1.680230756461740915e+00,-6.060643497928149159e+00,1.271845197128472688e-04
4.400000000000003214e-02,9.609530772894236961e-01,-2.732146281950793565e-01,-1.718311199796543676e+00,-6.049946038024995865e+00,1.301422992392872681e-04
4.500000000000003303e-02,9.592157542336144926e-01,-2.792591257032313035e-01,-1.756323414650079906e+00,-6.039009101826873227e+00,1.331000787656055114e-04
4.600000000000003392e-02,9.574404537058978093e-01,-2.852925667186256287e-01,-1.794265892409933727e+00,-6.027833126098975924e+00,1.360578582917992070e-04
4.700000000000003481e-02,9.556272461965025222e-01,-2.913147124240895725e-01,-1.832137127280389022e+00,-6.016418557143128787e+00,1.390156378178655902e-04
4.800000000000003569e-02,9.537762037000193649e-01,-2.973253244535127293e-01,-1.869935616343129103e+00,-6.004765850779357095e+00,1.419734173438018962e-04
4.900000000000003658e-02,9.518873997124936981e-01,-3.033241649013561081e-01,-1.907659859617810039e+00,-5.992875472327063413e+00,1.449311968696053604e-04
5.000000000000003747e-02,9.499609092284568845e-01,-3.093109963321417077e-01,-1.945308360122508962e+00,-5.980747896585817180e+00,1.478889763952732179e-04
5.100000000000003836e-02,9.479968087378978225e-01,-3.152855817899231639e-01,-1.982879623934042712e+00,-5.968383607815749947e+00,1.508467559208026771e-04
5.200000000000003925e-02,9.459951762231743055e-01,-3.212476848077360780e-01,-2.020372160248154803e+00,-5.955783099717566031e+00,1.538045354461910002e-04
5.300000000000004013e-02,9.439560911558637635e-01,-3.271970694170286964e-01,-2.057784481439568047e+00,-5.942946875412162377e+00,1.567623149714353955e-04
5.400000000000004102e-02,9.418796344935544962e-01,-3.331335001570714938e-01,-2.095115103121900191e+00,-5.929875447419862056e+00,1.597200944965330982e-04
5.500000000000004191e-02,9.397658886765768438e-01,-3.390567420843462743e-01,-2.132362544207440980e+00,-5.916569337639264958e+00,1.626778740214813708e-04
5.600000000000004280e-02,9.376149376246746270e-01,-3.449665607819135671e-01,-2.169525326966786238e+00,-5.903029077325706808e+00,1.656356535462774214e-04
5.700000000000004369e-02,9.354268667336170795e-01,-3.508627223687585395e-01,-2.206601977088327615e+00,-5.889255207069341580e+00,1.685934330709184853e-04
5.800000000000004458e-02,9.332017628717516056e-01,-3.567449935091145941e-01,-2.243591023737596224e+00,-5.875248276772835787e+00,1.715512125954017978e-04
5.900000000000004546e-02,9.309397143764965854e-01,-3.626131414217647064e-01,-2.280490999616455294e+00,-5.861008845628682629e+00,1.745089921197245670e-04
6.000000000000004635e-02,9.286408110507758940e-01,-3.684669338893195034e-01,-2.317300441022141833e+00,-5.846537482096136884e+00,1.774667716438840554e-04
6.100000000000004724e-02,9.263051441593939117e-01,-3.743061392674726373e-01,-2.354017887906153739e+00,-5.831834763877767003e+00,1.804245511678774982e-04
6.200000000000004813e-02,9.239328064253520267e-01,-3.801305264942320683e-01,-2.390641883932978828e+00,-5.816901277895628830e+00,1.833823306917021037e-04
6.300000000000004208e-02,9.215238920261059619e-01,-3.859398650991273660e-01,-2.427170976538666203e+00,-5.801737620267063633e+00,1.863401102153551341e-04
6.400000000000004297e-02,9.190784965897655923e-01,-3.917339252123930304e-01,-2.463603716989233305e+00,-5.786344396280120428e+00,1.892978897388337977e-04
6.500000000000004385e-02,9.165967171912352551e-01,-3.975124775741263883e-01,-2.499938660438909555e+00,-5.770722220368598165e+00,1.922556692621353298e-04
6.600000000000004474e-02,9.140786523482969939e-01,-4.032752935434210650e-01,-2.536174365988212998e+00,-5.754871716086717548e+00,1.952134487852569657e-04
6.700000000000004563e-02,9.115244020176347384e-01,-4.090221451074743664e-01,-2.572309396741858212e+00,-5.738793516083421586e+00,1.981712283081959406e-04
6.800000000000004652e-02,9.089340675908018641e-01,-4.147528048906690690e-01,-2.608342319866490566e+00,-5.722488262076297794e+00,2.011290078309494898e-04
6.900000000000004741e-02,9.063077518901299090e-01,-4.204670461636287881e-01,-2.644271706648247733e+00,-5.705956604825137113e+00,2.040867873535148216e-04
7.000000000000004829e-02,9.036455591645807806e-01,-4.261646428522469221e-01,-2.680096132550144006e+00,-5.689199204105117147e+00,2.070445668758891982e-04
7.100000000000004918e-02,9.009475950855408977e-01,-4.318453695466884512e-01,-2.715814177269274321e+00,-5.672216728679621234e+00,2.100023463980698550e-04
7.200000000000005007e-02,8.982139667425589336e-01,-4.375090015103643704e-01,-2.751424424793838863e+00,-5.655009856272689817e+00,2.129601259200540001e-04
7.300000000000005096e-02,8.954447826390261600e-01,-4.431553146888784211e-01,-2.786925463459981156e+00,-5.637579273541104996e+00,2.159179054418388689e-04
7.400000000000005185e-02,8.926401526877999482e-01,-4.487840857189456800e-01,-2.822315886008442298e+00,-5.619925676046112706e+00,2.188756849634216966e-04
7.500000000000005274e-02,8.898001882067712032e-01,-4.543950919372828912e-01,-2.857594289641024687e+00,-5.602049768224778958e+00,2.218334644847997186e-04
7.600000000000005362e-02,8.869250019143749553e-01,-4.599881113894696005e-01,-2.892759276076864339e+00,-5.583952263360987267e+00,2.247912440059701700e-04
7.700000000000005451e-02,8.840147079250452178e-01,-4.655629228387804242e-01,-2.927809451608511360e+00,-5.565633883556072803e+00,2.277490235269302862e-04
7.800000000000005540e-02,8.810694217446132237e-01,-4.711193057749877844e-01,-2.962743427157813692e+00,-5.547095359699100392e+00,2.307068030476773024e-04
7.900000000000005629e-02,8.780892602656508172e-01,-4.766570404231343927e-01,-2.997559818331601456e+00,-5.528337431436784577e+00,2.336645825682084540e-04
8.000000000000005718e-02,8.750743417627570020e-01,-4.821759077522759229e-01,-3.032257245477173235e+00,-5.509360847143049966e+00,2.366223620885209492e-04
8.100000000000005806e-02,8.720247858877905323e-01,-4.876756894841927092e-01,-3.066834333737577190e+00,-5.490166363888239864e+00,2.395801416086120502e-04
8.200000000000005895e-02,8.689407136650462160e-01,-4.931561681020706911e-01,-3.101289713106688772e+00,-5.470754747407970520e+00,2.425379211284789654e-04
8.300000000000005984e-02,8.658222474863765949e-01,-4.986171268591509387e-01,-3.135622018484078843e+00,-5.451126772071635429e+00,2.454957006481189299e-04
8.400000000000006073e-02,8.626695111062590016e-01,-5.040583497873475372e-01,-3.169829889729674388e+00,-5.431283220850553484e+00,2.484534801675292062e-04
8.500000000000006162e-02,8.594826296368081042e-01,-5.094796217058334964e-01,-3.203911971718206075e+00,-5.411224885285774278e+00,2.514112596867069753e-04
8.600000000000006251e-02,8.562617295427337183e-01,-5.148807282295941867e-01,-3.237866914393440876e+00,-5.390952565455532586e+00,2.543690392056495268e-04
8.700000000000006339e-02,8.530069386362448824e-01,-5.202614557779481341e-01,-3.271693372822199741e+00,-5.370467069942355565e+00,2.573268187243540417e-04
8.800000000000006428e-02,8.497183860718998671e-01,-5.256215915830345642e-01,-3.305390007248154571e+00,-5.349769215799828004e+00,2.602845982428177553e-04
8.900000000000006517e-02,8.463962023414025593e-01,-5.309609236982679725e-01,-3.338955483145405356e+00,-5.328859828519013853e+00,2.632423777610379571e-04
9.000000000000006606e-02,8.430405192683452231e-01,-5.362792410067586113e-01,-3.372388471271833943e+00,-5.307739741994534910e+00,2.662001572790118282e-04
9.100000000000006695e-02,8.396514700028981926e-01,-5.415763332296986698e-01,-3.405687647722232203e+00,-5.286409798490308454e+00,2.691579367967366038e-04
9.200000000000006783e-02,8.362291890164466057e-01,-5.468519909347145935e-01,-3.438851693981201940e+00,-5.264870848604950915e+00,2.721157163142095192e-04
9.300000000000006872e-02,8.327738120961740709e-01,-5.521060055441843195e-01,-3.471879296975826090e+00,-5.243123751236840491e+00,2.750734958314278097e-04
9.400000000000006961e-02,8.292854763395940410e-01,-5.573381693435193185e-01,-3.504769149128106331e+00,-5.221169373548845805e+00,2.780312753483887107e-04
9.500000000000007050e-02,8.257643201490286744e-01,-5.625482754894113313e-01,-3.537519948407167991e+00,-5.199008590932719720e+00,2.809890548650894574e-04
9.600000000000007139e-02,8.222104832260358487e-01,-5.677361180180432454e-01,-3.570130398381228254e+00,-5.176642286973164531e+00,2.839468343815272850e-04
9.700000000000007228e-02,8.186241065657841043e-01,-5.729014918532642220e-01,-3.602599208269324116e+00,-5.154071353411562306e+00,2.869046138976994289e-04
9.800000000000007316e-02,8.150053324513760744e-01,-5.780441928147278530e-01,-3.634925092992803197e+00,-5.131296690109379277e+00,2.898623934136031243e-04
9.900000000000007405e-02,8.113543044481205113e-01,-5.831640176259936803e-01,-3.667106773226567640e+00,-5.108319205011243369e+00,2.928201729292356065e-04
1.000000000000000749e-01,8.076711673977532424e-01,-5.882607639225921892e-01,-3.699142975450076865e+00,-5.085139814107694001e+00,2.957779524445940567e-04
1.010000000000000758e-01,8.039560674126071671e-01,-5.933342302600516094e-01,-3.731032431998101195e+00,-5.061759441397609471e+00,2.987357319596757642e-04
1.020000000000000767e-01,8.002091518697317385e-01,-5.983842161218874134e-01,-3.762773881111226348e+00,-5.038179018850312829e+00,3.016935114744779102e-04
1.030000000000000776e-01,7.964305694049619300e-01,-6.034105219275537335e-01,-3.794366066986108788e+00,-5.014399486367357994e+00,3.046512909889977842e-04
1.040000000000000785e-01,7.926204699069371307e-01,-6.084129490403564766e-01,-3.825807739825475728e+00,-4.990421791743994362e+00,3.076090705032325672e-04
1.050000000000000794e-01,7.887790045110704140e-01,-6.133912997753272478e-01,-3.857097655887871568e+00,-4.966246890630317878e+00,3.105668500171795488e-04
1.060000000000000803e-01,7.849063255934676242e-01,-6.183453774070589715e-01,-3.888234577537145853e+00,-4.941875746492105037e+00,3.135246295308359099e-04
1.070000000000000812e-01,7.810025867647976128e-01,-6.232749861775016553e-01,-3.919217273291682790e+00,-4.917309330571335124e+00,3.164824090441989402e-04
1.080000000000000820e-01,7.770679428641130704e-01,-6.281799313037189636e-01,-3.950044517873369188e+00,-4.892548621846399826e+00,3.194401885572658206e-04
1.090000000000000829e-01,7.731025499526229527e-01,-6.330600189856044890e-01,-3.980715092256299936e+00,-4.867594606992001971e+00,3.223979680700337865e-04
1.100000000000000838e-01,7.691065653074157238e-01,-6.379150564135577239e-01,-4.011227783715217043e+00,-4.842448280338750521e+00,3.253557475825000732e-04
1.110000000000000847e-01,7.650801474151346371e-01,-6.427448517761197300e-01,-4.041581385873683097e+00,-4.817110643832445582e+00,3.283135270946619159e-04
1.120000000000000856e-01,7.610234559656049447e-01,-6.475492142675680629e-01,-4.071774698751983834e+00,-4.791582706993061436e+00,3.312713066065165498e-04
1.130000000000000865e-01,7.569366518454136994e-01,-6.523279540954700639e-01,-4.101806528814760711e+00,-4.765865486873424040e+00,3.342290861180612104e-04
1.140000000000000874e-01,7.528198971314410404e-01,-6.570808824881949617e-01,-4.131675689018369901e+00,-4.739960008017592763e+00,3.371868656292931329e-04
1.150000000000000883e-01,7.486733550843454044e-01,-6.618078117023842299e-01,-4.161380998857969971e+00,-4.713867302418941030e+00,3.401446451402095525e-04
1.160000000000000892e-01,7.444971901420012195e-01,-6.665085550303798678e-01,-4.190921284414325321e+00,-4.687588409477939422e+00,3.431024246508077046e-04
1.170000000000000900e-01,7.402915679128898585e-01,-6.711829268076100474e-01,-4.220295378400338748e+00,-4.661124375959644794e+00,3.460602041610848245e-04
1.180000000000000909e-01,7.360566551694445181e-01,-6.758307424199324620e-01,-4.249502120207298006e+00,-4.634476255950898960e+00,3.490179836710381473e-04
1.190000000000000918e-01,7.317926198413486905e-01,-6.804518183109348195e-01,-4.278540355950845253e+00,-4.607645110817230716e+00,3.519757631806648543e-04
1.200000000000000927e-01,7.274996310087890050e-01,-6.850459719891913712e-01,-4.307408938516656072e+00,-4.580632009159474549e+00,3.549335426899622348e-04
1.210000000000000936e-01,7.231778588956624398e-01,-6.896130220354769191e-01,-4.336106727605837818e+00,-4.553438026770099789e+00,3.578913221989275242e-04
1.220000000000000945e-01,7.188274748627383470e-01,-6.941527881099359698e-01,-4.364632589780037542e+00,-4.526064246589253770e+00,3.608491017075579036e-04
1.230000000000000954e-01,7.144486514007756250e-01,-6.986650909592088121e-01,-4.392985398506260353e+00,-4.498511758660523441e+00,3.638068812158506624e-04
1.240000000000000963e-01,7.100415621235947050e-01,-7.031497524235125196e-01,-4.421164034201399140e+00,-4.470781660086415421e+00,3.667646607238029817e-04
1.250000000000000833e-01,7.056063817611059052e-01,-7.076065954436773220e-01,-4.449167384276464965e+00,-4.442875054983557170e+00,3.697224402314120968e-04
1.260000000000000842e-01,7.011432861522930438e-01,-7.120354440681384567e-01,-4.476994343180531466e+00,-4.414793054437619269e+00,3.726802197386752972e-04
1.270000000000000850e-01,6.966524522381537521e-01,-7.164361234598823902e-01,-4.504643812444372841e+00,-4.386536776457965026e+00,3.756379992455897640e-04
1.280000000000000859e-01,6.921340580545958243e-01,-7.208084599033478534e-01,-4.532114700723812284e+00,-4.358107345932024757e+00,3.785957787521527325e-04
1.290000000000000868e-01,6.875882827252908225e-01,-7.251522808112810248e-01,-4.559405923842765773e+00,-4.329505894579401826e+00,3.815535582583614378e-04
1.300000000000000877e-01,6.830153064544846053e-01,-7.294674147315444168e-01,-4.586516404835982108e+00,-4.300733560905706021e+00,3.845113377642131154e-04
1.310000000000000886e-01,6.784153105197650024e-01,-7.337536913538799110e-01,-4.613445073991485401e+00,-4.271791490156123139e+00,3.874691172697050006e-04
1.320000000000000895e-01,6.737884772647877440e-01,-7.380109415166247189e-01,-4.640190868892707599e+00,-4.242680834268717227e+00,3.904268967748343285e-04
1.330000000000000904e-01,6.691349900919599802e-01,-7.422389972133812686e-01,-4.666752734460318131e+00,-4.213402751827471704e+00,3.933846762795983345e-04
1.340000000000000913e-01,6.644550334550821669e-01,-7.464376915996391304e-01,-4.693129622993740035e+00,-4.183958408015069352e+00,3.963424557839942538e-04
1.350000000000000921e-01,6.597487928519488731e-01,-7.506068589993502016e-01,-4.719320494212361439e+00,-4.154348974565412966e+00,3.993002352880193218e-04
1.360000000000000930e-01,6.550164548169082890e-01,-7.547463349114559295e-01,-4.745324315296432616e+00,-4.124575629715891090e+00,4.022580147916707738e-04
1.370000000000000939e-01,6.502582069133807652e-01,-7.588559560163669060e-01,-4.771140060927650417e+00,-4.094639558159387072e+00,4.052157942949457907e-04
1.380000000000000948e-01,6.454742377263377184e-01,-7.629355601823942790e-01,-4.796766713329428278e+00,-4.064541950996037656e+00,4.081735737978416621e-04
1.390000000000000957e-01,6.406647368547394583e-01,-7.669849864721327570e-01,-4.822203262306850036e+00,-4.034284005684741103e+00,4.111313533003556234e-04
1.400000000000000966e-01,6.358298949039338233e-01,-7.710040751487952093e-01,-4.847448705286304005e+00,-4.003866925994416626e+00,4.140891328024848554e-04
1.410000000000000975e-01,6.309699034780154037e-01,-7.749926676824977489e-01,-4.872502047354801746e+00,-3.973291921955017791e+00,4.170469123042266479e-04
1.420000000000000984e-01,6.260849551721450190e-01,-7.789506067564966330e-01,-4.897362301298972653e+00,-3.942560209808305238e+00,4.200046918055781817e-04
1.430000000000000993e-01,6.211752435648310033e-01,-7.828777362733750911e-01,-4.922028487643736128e+00,-3.911673011958373802e+00,4.229624713065367465e-04
1.440000000000001001e-01,6.162409632101716328e-01,-7.867739013611810828e-01,-4.946499634690652236e+00,-3.880631556921942060e+00,4.259202508070995233e-04
1.450000000000001010e-01,6.112823096300593617e-01,-7.906389483795145390e-01,-4.970774778555945517e+00,-3.849437079278405616e+00,4.288780303072637474e-04
1.460000000000001019e-01,6.062994793063475329e-01,-7.944727249255654211e-01,-4.994852963208201935e+00,-3.818090819619654575e+00,4.318358098070266540e-04
1.470000000000001028e-01,6.012926696729790077e-01,-7.982750798401007097e-01,-5.018733240505738991e+00,-3.786594024499658762e+00,4.347935893063855327e-04
1.480000000000001037e-01,5.962620791080781579e-01,-8.020458632134014332e-01,-5.042414670233644536e+00,-3.754947946383821122e+00,4.377513688053375645e-04
1.490000000000001046e-01,5.912079069260053332e-01,-8.057849263911485149e-01,-5.065896320140486075e+00,-3.723153843598105084e+00,4.407091483038799848e-04
1.500000000000001055e-01,5.861303533693756895e-01,-8.094921219802576617e-01,-5.089177265974686115e+00,-3.691212980277934541e+00,4.436669278020100287e-04
1.510000000000001064e-01,5.810296196010407144e-01,-8.131673038546636256e-01,-5.112256591520566218e+00,-3.659126626316870468e+00,4.466247072997249316e-04
1.520000000000001072e-01,5.759059076960350021e-01,-8.168103271610521743e-01,-5.135133388634055329e+00,-3.626896057315064592e+00,4.495824867970219288e-04
1.530000000000001081e-01,5.707594206334863918e-01,-8.204210483245409913e-01,-5.157806757278057930e+00,-3.594522554527496805e+00,4.525402662938982556e-04
1.540000000000001090e-01,5.655903622884920212e-01,-8.239993250543083958e-01,-5.180275805557490010e+00,-3.562007404811993183e+00,4.554980457903510930e-04
1.550000000000001099e-01,5.603989374239582988e-01,-8.275450163491704370e-01,-5.202539649753973094e+00,-3.529351900577029522e+00,4.584558252863777305e-04
1.560000000000001108e-01,5.551853516824076795e-01,-8.310579825031049195e-01,-5.224597414360188097e+00,-3.496557339729323033e+00,4.614136047819754035e-04
1.570000000000001117e-01,5.499498115777499141e-01,-8.345380851107236930e-01,-5.246448232113888999e+00,-3.463625025621214881e+00,4.643713842771412929e-04
1.580000000000001126e-01,5.446925244870206573e-01,-8.379851870726917618e-01,-5.268091244031571918e+00,-3.430556266997841774e+00,4.673291637718726883e-04
1.590000000000001135e-01,5.394136986420856594e-01,-8.413991526010935473e-01,-5.289525599441800452e+00,-3.397352377944105495e+00,4.702869432661668249e-04
1.600000000000001144e-01,5.341135431213123175e-01,-8.447798472247460833e-01,-5.310750456018187293e+00,-3.364014677831437261e+00,4.732447227600208839e-04
1.610000000000001152e-01,5.287922678412083632e-01,-8.481271377944589185e-01,-5.331764979812026795e+00,-3.330544491264361362e+00,4.762025022534321548e-04
1.620000000000001161e-01,5.234500835480278003e-01,-8.514408924882401752e-01,-5.352568345284583806e+00,-3.296943148026860282e+00,4.791602817463978185e-04
1.630000000000001170e-01,5.180872018093451992e-01,-8.547209808164493161e-01,-5.373159735339029019e+00,-3.263211983028543983e+00,4.821180612389151104e-04
1.640000000000001179e-01,5.127038350055977967e-01,-8.579672736268958433e-01,-5.393538341352027032e+00,-3.229352336250624678e+00,4.850758407309812659e-04
1.650000000000001188e-01,5.073001963215962862e-01,-8.611796431098834859e-01,-5.413703363204974472e+00,-3.195365552691701083e+00,4.880336202225935742e-04
1.660000000000001197e-01,5.018764997380047443e-01,-8.643579628032007633e-01,-5.433654009314881073e+00,-3.161252982313351723e+00,4.909913997137491624e-04
1.670000000000001206e-01,4.964329600227898598e-01,-8.675021075970565931e-01,-5.453389496664904357e+00,-3.127015979985542149e+00,4.939491792044453742e-04
1.680000000000001215e-01,4.909697927226393532e-01,-8.706119537389609420e-01,-5.472909050834522837e+00,-3.092655905431848318e+00,4.969069586946793906e-04
1.690000000000001223e-01,4.854872141543508657e-01,-8.736873788385516315e-01,-5.492211906029358381e+00,-3.058174123174496994e+00,4.998647381844485010e-04
1.700000000000001232e-01,4.799854413961910926e-01,-8.767282618723647447e-01,-5.511297305110639755e+00,-3.023572002479226750e+00,5.028225176737497783e-04
1.710000000000001241e-01,4.744646922792255528e-01,-8.797344831885510752e-01,-5.530164499624311780e+00,-2.988850917299971321e+00,5.057802971625806202e-04
1.720000000000001250e-01,4.689251853786194357e-01,-8.827059245115360664e-01,-5.548812749829780344e+00,-2.954012246223367999e+00,5.087380766509382079e-04
1.730000000000001259e-01,4.633671400049099720e-01,-8.856424689466252387e-01,-5.567241324728302132e+00,-2.919057372413092821e+00,5.116958561388197223e-04
1.740000000000001268e-01,4.577907761952505483e-01,-8.885440009845528841e-01,-5.585449502091013763e+00,-2.883987683554027015e+00,5.146536356262224532e-04
1.750000000000001277e-01,4.521963147046269005e-01,-8.914104065059754722e-01,-5.603436568486595881e+00,-2.848804571796254237e+00,5.176114151131435814e-04
1.760000000000001286e-01,4.465839769970458839e-01,-8.942415727859087671e-01,-5.621201819308579317e+00,-2.813509433698892614e+00,5.205691945995803965e-04
1.770000000000001295e-01,4.409539852366972656e-01,-8.970373884981087675e-01,-5.638744558802281759e+00,-2.778103670173764250e+00,5.235269740855301879e-04
1.780000000000001303e-01,4.353065622790883715e-01,-8.997977437193960260e-01,-5.656064100091387381e+00,-2.742588686428903966e+00,5.264847535709900285e-04
1.790000000000001312e-01,4.296419316621528650e-01,-9.025225299339237894e-01,-5.673159765204156102e+00,-2.706965891911908617e+00,5.294425330559573159e-04
1.800000000000001321e-01,4.239603175973329363e-01,-9.052116400373887428e-01,-5.690030885099266911e+00,-2.671236700253132756e+00,5.324003125404291230e-04
1.810000000000001330e-01,4.182619449606364004e-01,-9.078649683411859073e-01,-5.706676799691295265e+00,-2.635402529208729305e+00,5.353580920244027392e-04
1.820000000000001339e-01,4.125470392836679268e-01,-9.104824105765052522e-01,-5.723096857875824561e+00,-2.599464800603539683e+00,5.383158715078754540e-04
1.830000000000001348e-01,4.068158267446359000e-01,-9.130638638983723521e-01,-5.739290417554183676e+00,-2.563424940273836050e+00,5.412736509908444484e-04
1.840000000000001357e-01,4.010685341593342446e-01,-9.156092268896306452e-01,-5.755256845657820364e+00,-2.527284378009917010e+00,5.442314304733070120e-04
1.850000000000001366e-01,3.953053889721004355e-01,-9.181183995648670715e-01,-5.770995518172299832e+00,-2.491044547498558526e+00,5.471892099552603259e-04
1.860000000000001374e-01,3.895266192467494171e-01,-9.205912833742794232e-01,-5.786505820160936509e+00,-2.454706886265326737e+00,5.501469894367015711e-04
1.870000000000001383e-01,3.837324536574842071e-01,-9.230277812074865196e-01,-5.801787145788048328e+00,-2.418272835616748218e+00,5.531047689176280370e-04
1.880000000000001392e-01,3.779231214797835192e-01,-9.254277973972798721e-01,-5.816838898341845088e+00,-2.381743840582347449e+00,5.560625483980370133e-04
1.890000000000001401e-01,3.720988525812665149e-01,-9.277912377233178409e-01,-5.831660490256937557e+00,-2.345121349856547077e+00,5.590203278779256810e-04
1.900000000000001410e-01,3.662598774125352397e-01,-9.301180094157615041e-01,-5.846251343136473544e+00,-2.308406815740440710e+00,5.619781073572912211e-04
1.910000000000001419e-01,3.604064269979952995e-01,-9.324080211588520184e-01,-5.860610887773903599e+00,-2.271601694083433376e+00,5.649358868361309231e-04
1.920000000000001428e-01,3.545387329266547205e-01,-9.346611830944296928e-01,-5.874738564174364797e+00,-2.234707444224757200e+00,5.678936663144420766e-04
1.930000000000001437e-01,3.486570273429018263e-01,-9.368774068253946652e-01,-5.888633821575692373e+00,-2.197725528934862727e+00,5.708514457922217542e-04
1.940000000000001446e-01,3.427615429372621314e-01,-9.390566054191085144e-01,-5.902296118469052999e+00,-2.160657414356689010e+00,5.738092252694673538e-04
1.950000000000001454e-01,3.368525129371348070e-01,-9.411986934107375857e-01,-5.915724922619200576e+00,-2.123504569946814691e+00,5.767670047461760565e-04
1.960000000000001463e-01,3.309301710975092736e-01,-9.433035868065370311e-01,-5.928919711084355448e+00,-2.086268468416491384e+00,5.797247842223450433e-04
1.970000000000001472e-01,3.249947516916618095e-01,-9.453712030870760064e-01,-5.941879970235702579e+00,-2.048950585672564717e+00,5.826825636979716038e-04
1.980000000000001481e-01,3.190464895018330638e-01,-9.474014612104036948e-01,-5.954605195776511373e+00,-2.011552400758282566e+00,5.856403431730529191e-04
1.990000000000001490e-01,3.130856198098864729e-01,-9.493942816151559327e-01,-5.967094892760876235e+00,-1.974075395793995602e+00,5.885981226475862785e-04
2.000000000000001499e-01,3.071123783879484148e-01,-9.513495862236026612e-01,-5.979348575612076111e+00,-1.936521055917748813e+00,5.915559021215688633e-04
2.010000000000001508e-01,3.011270014890298219e-01,-9.532672984446360909e-01,-5.991365768140552994e+00,-1.898890869225770883e+00,5.945136815949978544e-04
2.020000000000001517e-01,2.951297258376302524e-01,-9.551473431766988043e-01,-6.003146003561508515e+00,-1.861186326712860994e+00,5.974714610678706498e-04
2.030000000000001525e-01,2.891207886203245314e-01,-9.569896468106525722e-01,-6.014688824512120391e+00,-1.823408922212677252e+00,6.004292405401843221e-04
2.040000000000001534e-01,2.831004274763322393e-01,-9.587941372325874401e-01,-6.025993783068372522e+00,-1.785560152337927420e+00,6.033870200119361609e-04
2.050000000000001543e-01,2.770688804880707123e-01,-9.605607438265706399e-01,-6.037060440761507607e+00,-1.747641516420465946e+00,6.063447994831234556e-04
2.060000000000001552e-01,2.710263861716917244e-01,-9.622893974773358838e-01,-6.047888368594091624e+00,-1.709654516451299733e+00,6.093025789537433873e-04
2.070000000000001561e-01,2.649731834676022912e-01,-9.639800305729124830e-01,-6.058477147055695511e+00,-1.671600657020503977e+00,6.122603584237931371e-04
2.080000000000001570e-01,2.589095117309699323e-01,-9.656325770071941816e-01,-6.068826366138196704e+00,-1.633481445257051412e+00,6.152181378932699944e-04
2.090000000000001579e-01,2.528356107222128890e-01,-9.672469721824480393e-01,-6.078935625350688099e+00,-1.595298390768557617e+00,6.181759173621712488e-04
2.100000000000001588e-01,2.467517205974756600e-01,-9.688231530117630275e-01,-6.088804533734009539e+00,-1.557053005580944394e+00,6.211336968304939730e-04
2.110000000000001597e-01,2.406580818990901316e-01,-9.703610579214378973e-01,-6.098432709874890278e+00,-1.518746804078024537e+00,6.240914762982355648e-04
2.120000000000001605e-01,2.345549355460227470e-01,-9.718606268533090953e-01,-6.107819781919705093e+00,-1.480381302941008670e+00,6.270492557653932052e-04
2.130000000000001614e-01,2.284425228243081862e-01,-9.733218012670176167e-01,-6.116965387587847580e+00,-1.441958021087938580e+00,6.300070352319640755e-04
2.140000000000001623e-01,2.223210853774697793e-01,-9.747445241422157958e-01,-6.125869174184711774e+00,-1.403478479613049279e+00,6.329648146979454651e-04
2.150000000000001632e-01,2.161908651969271788e-01,-9.761287399807128118e-01,-6.134530798614293623e+00,-1.364944201726060902e+00,6.359225941633345550e-04
2.160000000000001641e-01,2.100521046123916824e-01,-9.774743948085601319e-01,-6.142949927391399001e+00,-1.326356712691403983e+00,6.388803736281286347e-04
2.170000000000001650e-01,2.039050462822494247e-01,-9.787814361780756700e-01,-6.151126236653468027e+00,-1.287717539767381680e+00,6.418381530923248854e-04
2.180000000000001659e-01,1.977499331839329688e-01,-9.800498131698071047e-01,-6.159059412172013914e+00,-1.249028212145268268e+00,6.447959325559205965e-04
2.190000000000001668e-01,1.915870086042817111e-01,-9.812794763944344689e-01,-6.166749149363667470e+00,-1.210290260888350566e+00,6.477537120189129491e-04
2.200000000000001676e-01,1.854165161298914344e-01,-9.824703779946117876e-01,-6.174195153300839678e+00,-1.171505218870910525e+00,6.507114914812992326e-04
2.210000000000001685e-01,1.792386996374533137e-01,-9.836224716467474316e-01,-6.181397138721993478e+00,-1.132674620717155189e+00,6.536692709430766282e-04
2.220000000000001694e-01,1.730538032840829021e-01,-9.847357125627232977e-01,-6.188354830041528309e+00,-1.093800002740094035e+00,6.566270504042423170e-04
2.230000000000001703e-01,1.668620714976394026e-01,-9.858100574915533709e-01,-6.195067961359272957e+00,-1.054882902880367457e+00,6.595848298647935884e-04
2.240000000000001712e-01,1.606637489670356411e-01,-9.868454647209804476e-01,-6.201536276469594711e+00,-1.015924860645028405e+00,6.625426093247277319e-04
2.250000000000001721e-01,1.544590806325392141e-01,-9.878418940790122393e-01,-6.207759528870116839e+00,-9.769274170462790563e-01,6.655003887840419286e-04
2.260000000000001730e-01,1.482483116760649200e-01,-9.887993069353956388e-01,-6.213737481770045257e+00,-9.378921145401670767e-01,6.684581682427333596e-04
2.270000000000001739e-01,1.420316875114592814e-01,-9.897176662030298111e-01,-6.219469908098110622e+00,-8.988204969652412446e-01,6.714159477007993143e-04
2.280000000000001747e-01,1.358094537747771557e-01,-9.905969363393182237e-01,-6.224956590510116961e+00,-8.597141094811713291e-01,6.743737271582370824e-04
2.290000000000001756e-01,1.295818563145510471e-01,-9.914370833474590583e-01,-6.230197321396104826e+00,-8.205744985073328834e-01,6.773315066150438447e-04
2.300000000000001765e-01,1.233491411820534650e-01,-9.922380747776740062e-01,-6.235191902887120108e+00,-7.814032116613606194e-01,6.802892860712167825e-04
2.310000000000001774e-01,1.171115546215527048e-01,-9.929998797283761114e-01,-6.239940146861600923e+00,-7.422017976976723608e-01,6.832470655267531851e-04
2.320000000000001783e-01,1.108693430605624114e-01,-9.937224688472753309e-01,-6.244441874951366600e+00,-7.029718064459661298e-01,6.862048449816502338e-04
2.330000000000001792e-01,1.046227531000853556e-01,-9.944058143324234766e-01,-6.248696918547225643e+00,-6.637147887496928078e-01,6.891626244359052179e-04
2.340000000000001801e-01,9.837203150485182568e-02,-9.950498899331970959e-01,-6.252705118804187556e+00,-6.244322964045069257e-01,6.921204038895153185e-04
2.350000000000001810e-01,9.211742519355298198e-02,-9.956546709512187343e-01,-6.256466326646288323e+00,-5.851258820966982466e-01,6.950781833424778252e-04
2.360000000000001819e-01,8.585918122906956162e-02,-9.962201342412168037e-01,-6.259980402771026853e+00,-5.457970993416059180e-01,6.980359627947899191e-04
2.370000000000001827e-01,7.959754680869636501e-02,-9.967462582118241654e-01,-6.263247217653412413e+00,-5.064475024220189692e-01,7.009937422464488895e-04
2.380000000000001836e-01,7.333276925436289784e-02,-9.972330228263143193e-01,-6.266266651549619482e+00,-4.670786463265637622e-01,7.039515216974519176e-04
2.390000000000001845e-01,6.706509600285052997e-02,-9.976804096032767522e-01,-6.269038594500259798e+00,-4.276920866880828398e-01,7.069093011477962929e-04
2.400000000000001854e-01,6.079477459600657330e-02,-9.980884016172302253e-01,-6.271562946333259170e+00,-3.882893797220062226e-01,7.098670805974791964e-04
2.410000000000001863e-01,5.452205267095571600e-02,-9.984569834991743331e-01,-6.273839616666348817e+00,-3.488720821647182113e-01,7.128248600464978093e-04
2.420000000000001872e-01,4.824717795030911138e-02,-9.987861414370801105e-01,-6.275868524909165913e+00,-3.094417512119223002e-01,7.157826394948494210e-04
2.430000000000001881e-01,4.197039823237160017e-02,-9.990758631763181352e-01,-6.277649600264969543e+00,-2.699999444570058138e-01,7.187404189425313211e-04
2.440000000000001890e-01,3.569196138134737850e-02,-9.993261380200255672e-01,-6.279182781731963203e+00,-2.305482198294080964e-01,7.216981983895406905e-04
2.450000000000001898e-01,2.941211531754455918e-02,-9.995369568294114604e-01,-6.280468018104231831e+00,-1.910881355329932529e-01,7.246559778358747103e-04
2.460000000000001907e-01,2.313110800757899044e-02,-9.997083120240000120e-01,-6.281505267972291584e+00,-1.516212499844310502e-01,7.276137572815306702e-04
2.470000000000001916e-01,1.684918745457770692e-02,-9.998401975818130838e-01,-6.282294499723247938e+00,-1.121491217515876715e-01,7.305715367265058595e-04
2.480000000000001925e-01,1.056660168838241542e-02,-9.999326090394902167e-01,-6.282835691540570977e+00,-7.267330949192915557e-02,7.335293161707973509e-04
2.490000000000001934e-01,4.283598755753411681e-03,-9.999855434923474728e-01,-6.283128831403479886e+00,-3.319537189093980240e-02,7.364870956144025423e-04
2.500000000000001665e-01,-1.999573289425697967e-03,-9.999989995943749932e-01,-6.283173917085942861e+00,6.283132399441969385e-03,7.394448750573186149e-04
2.510000000000001674e-01,-8.282666395942090906e-03,-9.999729775581721603e-01,-6.282970956155288000e+00,4.576064482236784359e-02,7.424026544995427496e-04
2.520000000000001683e-01,-1.456543252504622667e-02,-9.999074791548222541e-01,-6.282519965970427833e+00,8.523560697760163007e-02,7.453604339410722359e-04
2.530000000000001692e-01,-2.084762366024238769e-02,-9.998025077137047134e-01,-6.281820973679699271e+00,1.247064606830164263e-01,7.483182133819042551e-04
2.540000000000001701e-01,-2.712899181707685570e-02,-9.996580681222465570e-01,-6.280874016218316314e+00,1.641716480360647656e-01,7.512759928220360964e-04
2.550000000000001710e-01,-3.340928905292336881e-02,-9.994741668256118539e-01,-6.279679140305437279e+00,2.036296114752190745e-01,7.542337722614649411e-04
2.560000000000001719e-01,-3.968826747676541811e-02,-9.992508118263301320e-01,-6.278236402440848352e+00,2.430787938413802030e-01,7.571915517001880785e-04
2.570000000000001728e-01,-4.596567925897507290e-02,-9.989880126838631691e-01,-6.276545868901258096e+00,2.825176384392515949e-01,7.601493311382026899e-04
2.580000000000001736e-01,-5.224127664108788732e-02,-9.986857805141107214e-01,-6.274607615736213617e+00,3.219445890986767922e-01,7.631071105755059562e-04
2.590000000000001745e-01,-5.851481194557352911e-02,-9.983441279888545239e-01,-6.272421728763626803e+00,3.613580902359372904e-01,7.660648900120951670e-04
2.600000000000001754e-01,-6.478603758560176618e-02,-9.979630693351413395e-01,-6.269988303564920429e+00,4.007565869150094273e-01,7.690226694479676117e-04
2.610000000000001763e-01,-7.105470607480335321e-02,-9.975426203346043907e-01,-6.267307445479789685e+00,4.401385249087768070e-01,7.719804488831204714e-04
2.620000000000001772e-01,-7.732057003702558218e-02,-9.970827983227243951e-01,-6.264379269600580002e+00,4.795023507601967050e-01,7.749382283175510356e-04
2.630000000000001781e-01,-8.358338221608190011e-02,-9.965836221880283174e-01,-6.261203900766285635e+00,5.188465118434173462e-01,7.778960077512564854e-04
2.640000000000001790e-01,-8.984289548549544147e-02,-9.960451123712280586e-01,-6.257781473556163654e+00,5.581694564248446122e-01,7.808537871842340019e-04
2.650000000000001799e-01,-9.609886285823593388e-02,-9.954672908642975271e-01,-6.254112132282965142e+00,5.974696337241546251e-01,7.838115666164808745e-04
2.660000000000001807e-01,-1.023510374964496372e-01,-9.948501812094890928e-01,-6.250196030985789797e+00,6.367454939752509313e-01,7.867693460479942844e-04
2.670000000000001816e-01,-1.085991727211819413e-01,-9.941938084982884227e-01,-6.246033333422555955e+00,6.759954884871633984e-01,7.897271254787715210e-04
2.680000000000001825e-01,-1.148430220220923170e-01,-9.934981993703094760e-01,-6.241624213062094029e+00,7.152180697048864388e-01,7.926849049088098738e-04
2.690000000000001834e-01,-1.210823390671610655e-01,-9.927633820121277708e-01,-6.236968853075858021e+00,7.544116912701541722e-01,7.956426843381064155e-04
2.700000000000001843e-01,-1.273168777123876716e-01,-9.919893861560535875e-01,-6.232067446329258686e+00,7.935748080821506401e-01,7.986004637666585439e-04
2.710000000000001852e-01,-1.335463920114802194e-01,-9.911762430788438882e-01,-6.226920195372620093e+00,8.327058763581521861e-01,8.015582431944633319e-04
2.720000000000001861e-01,-1.397706362255357326e-01,-9.903239856003540620e-01,-6.221527312431756940e+00,8.718033536941000028e-01,8.045160226215181771e-04
2.730000000000001870e-01,-1.459893648327106608e-01,-9.894326480821290515e-01,-6.215889019398175286e+00,9.108656991251002921e-01,8.074738020478201524e-04
2.740000000000001878e-01,-1.522023325378815961e-01,-9.885022664259339731e-01,-6.210005547818895799e+00,9.498913731858498188e-01,8.104315814733666556e-04
2.750000000000001887e-01,-1.584092942822955541e-01,-9.875328780722243405e-01,-6.203877138885903975e+00,9.888788379709848586e-01,8.133893608981547594e-04
2.760000000000001896e-01,-1.646100052532094848e-01,-9.865245219985557812e-01,-6.197504043425221987e+00,1.027826557195350210e+00,8.163471403221817533e-04
2.770000000000001905e-01,-1.708042208935186268e-01,-9.854772387179340232e-01,-6.190886521885607507e+00,1.066732996254187826e+00,8.193049197454449267e-04
2.780000000000001914e-01,-1.769916969113735639e-01,-9.843910702771041521e-01,-6.184024844326878600e+00,1.105596622283240293e+00,8.222626991679414608e-04
2.790000000000001923e-01,-1.831721892897851811e-01,-9.832660602547804718e-01,-6.176919290407864693e+00,1.144415904218768931e+00,8.252204785896686450e-04
2.800000000000001932e-01,-1.893454542962175746e-01,-9.821022537598157465e-01,-6.169570149373987178e+00,1.183189312857483744e+00,8.281782580106236604e-04
2.810000000000001941e-01,-1.955112484921681937e-01,-9.808996974293107129e-01,-6.161977720044466089e+00,1.221915320916381553e+00,8.311360374308036881e-04
2.820000000000001950e-01,-2.016693287427351600e-01,-9.796584394266640849e-01,-6.154142310799153748e+00,1.260592403092492431e+00,8.340938168502060176e-04
2.830000000000001958e-01,-2.078194522261711530e-01,-9.783785294395629384e-01,-6.146064239565004250e+00,1.299219036122530202e+00,8.370515962688279384e-04
2.840000000000001967e-01,-2.139613764434235843e-01,-9.770600186779125895e-01,-6.137743833802168147e+00,1.337793698842445478e+00,8.400093756866666315e-04
2.850000000000001976e-01,-2.200948592276606441e-01,-9.757029598717082974e-01,-6.129181430489718529e+00,1.376314872246879206e+00,8.429671551037192781e-04
2.860000000000001985e-01,-2.262196587537830261e-01,-9.743074072688465703e-01,-6.120377376111012069e+00,1.414781039548513641e+00,8.459249345199831675e-04
2.870000000000001994e-01,-2.323355335479206363e-01,-9.728734166328774080e-01,-6.111332026638681469e+00,1.453190686237319840e+00,8.488827139354554810e-04
2.880000000000002003e-01,-2.384422424969142584e-01,-9.714010452406975915e-01,-6.102045747519258434e+00,1.491542300139697907e+00,8.518404933501335079e-04
2.890000000000002012e-01,-2.445395448577816766e-01,-9.698903518801846868e-01,-6.092518913657435142e+00,1.529834371477509114e+00,8.547982727640144295e-04
2.900000000000002021e-01,-2.506272002671676713e-01,-9.683413968477720957e-01,-6.082751909399960688e+00,1.568065392926996537e+00,8.577560521770955350e-04
2.910000000000002029e-01,-2.567049687507780287e-01,-9.667542419459653757e-01,-6.072745128519169810e+00,1.606233859677593356e+00,8.607138315893740057e-04
2.920000000000002038e-01,-2.627726107327966187e-01,-9.651289504807994968e-01,-6.062498974196151025e+00,1.644338269490614568e+00,8.636716110008471311e-04
2.930000000000002047e-01,-2.688298870452855982e-01,-9.634655872592378101e-01,-6.052013859003554153e+00,1.682377122757832133e+00,8.666293904115120921e-04
2.940000000000002056e-01,-2.748765589375683494e-01,-9.617642185865121762e-01,-6.041290204888031923e+00,1.720348922559929994e+00,8.695871698213661783e-04
2.950000000000002065e-01,-2.809123880855943778e-01,-9.600249122634052501e-01,-6.030328443152325413e+00,1.758252174724837413e+00,8.725449492304065708e-04
2.960000000000002074e-01,-2.869371366012863911e-01,-9.582477375834737021e-01,-6.019129014436988001e+00,1.796085387885937301e+00,8.755027286386305591e-04
2.970000000000002083e-01,-2.929505670418687813e-01,-9.564327653302139298e-01,-6.007692368701749608e+00,1.833847073540149530e+00,8.784605080460353242e-04
2.980000000000002092e-01,-2.989524424191774554e-01,-9.545800677741693718e-01,-5.996018965206525664e+00,1.871535746105884579e+00,8.814182874526180472e-04
2.990000000000002101e-01,-3.049425262089501820e-01,-9.526897186699804232e-01,-5.984109272492068143e+00,1.909149922980867498e+00,8.843760668583760176e-04
3.000000000000002109e-01,-3.109205823600977858e-01,-9.507617932533759531e-01,-5.971963768360257774e+00,1.946688124599828207e+00,8.873338462633065249e-04
3.010000000000002118e-01,-3.168863753039550812e-01,-9.487963682381076458e-01,-5.959582939854047190e+00,1.984148874492057901e+00,8.902916256674067502e-04
3.020000000000002127e-01,-3.228396699635119882e-01,-9.467935218128266106e-01,-5.946967283237045265e+00,2.021530699338827120e+00,8.932494050706738745e-04
3.030000000000002136e-01,-3.287802317626236648e-01,-9.447533336379028146e-01,-5.934117303972751500e+00,2.058832129030666369e+00,8.962071844731051874e-04
3.040000000000002145e-01,-3.347078266351999898e-01,-9.426758848421873394e-01,-5.921033516703436916e+00,2.096051696724503088e+00,8.991649638746978699e-04
3.050000000000002154e-01,-3.406222210343735068e-01,-9.405612580197173500e-01,-5.907716445228673230e+00,2.133187938900657166e+00,9.021227432754492116e-04
3.060000000000002163e-01,-3.465231819416459413e-01,-9.384095372263643320e-01,-5.894166622483514750e+00,2.170239395419690798e+00,9.050805226753565018e-04
3.070000000000002172e-01,-3.524104768760125128e-01,-9.362208079764253732e-01,-5.880384590516328558e+00,2.207204609579109356e+00,9.080383020744168133e-04
3.080000000000002180e-01,-3.582838739030642095e-01,-9.339951572391581580e-01,-5.866370900466280069e+00,2.244082128169913481e+00,9.109960814726275440e-04
3.090000000000002189e-01,-3.641431416440670255e-01,-9.317326734352588957e-01,-5.852126112540468661e+00,2.280870501532999750e+00,9.139538608699857665e-04
3.100000000000002198e-01,-3.699880492850183278e-01,-9.294334464332847379e-01,-5.837650795990719566e+00,2.317568283615406788e+00,9.169116402664888787e-04
3.110000000000002207e-01,-3.758183665856799638e-01,-9.270975675460191301e-01,-5.822945529090030270e+00,2.354174032026405960e+00,9.198694196621339534e-04
3.120000000000002216e-01,-3.816338638885873324e-01,-9.247251295267819859e-01,-5.808010899108675851e+00,2.390686308093433077e+00,9.228271990569182799e-04
3.130000000000002225e-01,-3.874343121280346969e-01,-9.223162265656834613e-01,-5.792847502289966144e+00,2.427103676917861552e+00,9.257849784508391478e-04
3.140000000000002234e-01,-3.932194828390359054e-01,-9.198709542858221067e-01,-5.777455943825668960e+00,2.463424707430612592e+00,9.287427578438937383e-04
3.150000000000002243e-01,-3.989891481662604655e-01,-9.173894097394276193e-01,-5.761836837831087799e+00,2.499647972447601507e+00,9.317005372360793406e-04
3.160000000000002252e-01,-4.047430808729443608e-01,-9.148716914039484172e-01,-5.745990807319803828e+00,2.535772048725017491e+00,9.346583166273931360e-04
3.170000000000002260e-01,-4.104810543497757758e-01,-9.123178991780834801e-01,-5.729918484178077698e+00,2.571795517014435983e+00,9.376160960178323055e-04
3.180000000000002269e-01,-4.162028426237546208e-01,-9.097281343777596785e-01,-5.713620509138914727e+00,2.607716962117760495e+00,9.405738754073941386e-04
3.190000000000002278e-01,-4.219082203670262432e-01,-9.071024997320539240e-01,-5.697097531755797917e+00,2.643534972941992134e+00,9.435316547960759248e-04
3.200000000000002287e-01,-4.275969629056887156e-01,-9.044410993790609199e-01,-5.680350210376082565e+00,2.679248142553825929e+00,9.464894341838748452e-04
3.210000000000002296e-01,-4.332688462285730902e-01,-9.017440388617061764e-01,-5.663379212114060479e+00,2.714855068234069524e+00,9.494472135707880808e-04
3.220000000000002305e-01,-4.389236469959968967e-01,-8.990114251235045151e-01,-5.646185212823690236e+00,2.750354351531885122e+00,9.524049929568129211e-04
3.230000000000002314e-01,-4.445611425484899959e-01,-8.962433665042650599e-01,-5.628768897071000588e+00,2.785744598318850240e+00,9.553627723419466557e-04
3.240000000000002323e-01,-4.501811109154925661e-01,-8.934399727357417165e-01,-5.611130958106158140e+00,2.821024418842838610e+00,9.583205517261863572e-04
3.250000000000002331e-01,-4.557833308240253900e-01,-8.906013549372299165e-01,-5.593272097835212620e+00,2.856192427781714116e+00,9.612783311095294235e-04
3.260000000000002340e-01,-4.613675817073313312e-01,-8.877276256111098496e-01,-5.575193026791512629e+00,2.891247244296841323e+00,9.642361104919730357e-04
3.270000000000002349e-01,-4.669336437134881668e-01,-8.848188986383365151e-01,-5.556894464106797216e+00,2.926187492086407271e+00,9.671938898735143748e-04
3.280000000000002358e-01,-4.724812977139924430e-01,-8.818752892738761506e-01,-5.538377137481960588e+00,2.961011799438553638e+00,9.701516692541507303e-04
3.290000000000002367e-01,-4.780103253123139107e-01,-8.788969141420897024e-01,-5.519641783157494430e+00,2.995718799284317502e+00,9.731094486338792834e-04
3.300000000000002376e-01,-4.835205088524201500e-01,-8.758838912320636716e-01,-5.500689145883612241e+00,3.030307129250377152e+00,9.760672280126973235e-04
3.310000000000002385e-01,-4.890116314272712761e-01,-8.728363398928882244e-01,-5.481519978890045941e+00,3.064775431711606046e+00,9.790250073906019233e-04
3.320000000000002394e-01,-4.944834768872841124e-01,-8.697543808288827893e-01,-5.462135043855530725e+00,3.099122353843424715e+00,9.819827867675904806e-04
3.330000000000002403e-01,-4.999358298487660002e-01,-8.666381360947691403e-01,-5.442535110876967508e+00,3.133346547673958149e+00,9.849405661436602850e-04
3.340000000000002411e-01,-5.053684757023172436e-01,-8.634877290907930769e-01,-5.422720958438269179e+00,3.167446670135988462e+00,9.878983455188085176e-04
3.350000000000002420e-01,-5.107812006212024691e-01,-8.603032845577938126e-01,-5.402693373378893327e+00,3.201421383118707276e+00,9.908561248930323594e-04
3.360000000000002429e-01,-5.161737915696902324e-01,-8.570849285722214050e-01,-5.382453150862059665e+00,3.235269353519262037e+00,9.938139042663289915e-04
3.370000000000002438e-01,-5.215460363113608722e-01,-8.538327885411035600e-01,-5.362001094342657481e+00,3.268989253294095843e+00,9.967716836386955950e-04
3.380000000000002447e-01,-5.268977234173820579e-01,-8.505469931969606989e-01,-5.341338015534836892e+00,3.302579759510079427e+00,9.997294630101295678e-04
3.390000000000002456e-01,-5.322286422747515289e-01,-8.472276725926696228e-01,-5.320464734379295457e+00,3.336039554395433537e+00,1.002687242380628091e-03
3.400000000000002465e-01,-5.375385830945073051e-01,-8.438749580962773278e-01,-5.299382079010255708e+00,3.369367325390436818e+00,1.005645021750188346e-03
3.410000000000002474e-01,-5.428273369199044796e-01,-8.404889823857634168e-01,-5.278090885722132697e+00,3.402561765197923638e+00,1.008602801118807729e-03
3.420000000000002482e-01,-5.480946956345585930e-01,-8.370698794437523294e-01,-5.256591998935898680e+00,3.435621571833563426e+00,1.011560580486483207e-03
3.430000000000002491e-01,-5.533404519705553692e-01,-8.336177845521757224e-01,-5.234886271165143157e+00,3.468545448675923293e+00,1.014518359853212176e-03
3.440000000000002500e-01,-5.585643995165262554e-01,-8.301328342868842247e-01,-5.212974562981830040e+00,3.501332104516312604e+00,1.017476139218991818e-03
3.450000000000002509e-01,-5.637663327256893231e-01,-8.266151665122103420e-01,-5.190857742981754619e+00,3.533980253608405953e+00,1.020433918583819530e-03
3.460000000000002518e-01,-5.689460469238559748e-01,-8.230649203754809573e-01,-5.168536687749696767e+00,3.566488615717642752e+00,1.023391697947692277e-03
3.470000000000002527e-01,-5.741033383174021232e-01,-8.194822363014810929e-01,-5.146012281824283718e+00,3.598855916170404345e+00,1.026349477310607456e-03
3.480000000000002536e-01,-5.792380040012046205e-01,-8.158672559868687113e-01,-5.123285417662546415e+00,3.631080885902963296e+00,1.029307256672562249e-03
3.490000000000002545e-01,-5.843498419665414945e-01,-8.122201223945402226e-01,-5.100356995604189869e+00,3.663162261510206186e+00,1.032265036033554054e-03
3.500000000000002554e-01,-5.894386511089569902e-01,-8.085409797479474747e-01,-5.077227923835561540e+00,3.695098785294126387e+00,1.035222815393579835e-03
3.510000000000002562e-01,-5.945042312360898640e-01,-8.048299735253666709e-01,-5.053899118353332831e+00,3.726889205312085007e+00,1.038180594752636989e-03
3.520000000000002571e-01,-5.995463830754653722e-01,-8.010872504541191041e-01,-5.030371502927886596e+00,3.758532275424840030e+00,1.041138374110722698e-03
3.530000000000002580e-01,-6.045649082822507348e-01,-7.973129585047434853e-01,-5.006646009066417768e+00,3.790026755344340526e+00,1.044096153467834361e-03
3.540000000000002589e-01,-6.095596094469732940e-01,-7.935072468851213090e-01,-4.982723575975744446e+00,3.821371410681284608e+00,1.047053932823968940e-03
3.550000000000002598e-01,-6.145302901032013709e-01,-7.896702660345542579e-01,-4.958605150524833860e+00,3.852565012992438476e+00,1.050011712179123834e-03
3.560000000000002607e-01,-6.194767547351875958e-01,-7.858021676177944226e-01,-4.934291687207040589e+00,3.883606339827719189e+00,1.052969491533296224e-03
3.570000000000002616e-01,-6.243988087854743796e-01,-7.819031045190281137e-01,-4.909784148102065870e+00,3.914494174777031876e+00,1.055927270886483291e-03
3.580000000000002625e-01,-6.292962586624609722e-01,-7.779732308358121573e-01,-4.885083502837633596e+00,3.945227307516868009e+00,1.058885050238682433e-03
3.590000000000002633e-01,-6.341689117479323290e-01,-7.740127018729643371e-01,-4.860190728550883854e+00,3.975804533856655887e+00,1.061842829589890614e-03
3.600000000000002642e-01,-6.390165764045491192e-01,-7.700216741364073192e-01,-4.835106809849491150e+00,4.006224655784868638e+00,1.064800608940105232e-03
3.610000000000002651e-01,-6.438390619832984330e-01,-7.660003053269666129e-01,-4.809832738772505500e+00,4.036486481514882207e+00,1.067758388289323469e-03
3.620000000000002660e-01,-6.486361788309059628e-01,-7.619487543341229019e-01,-4.784369514750915542e+00,4.066588825530583762e+00,1.070716167637542722e-03
3.630000000000002669e-01,-6.534077382972076631e-01,-7.578671812297188559e-01,-4.758718144567940733e+00,4.096530508631732737e+00,1.073673946984759955e-03
3.640000000000002678e-01,-6.581535527424822174e-01,-7.537557472616205345e-01,-4.732879642319048230e+00,4.126310357979065202e+00,1.076631726330972566e-03
3.650000000000002687e-01,-6.628734355447430948e-01,-7.496146148473341597e-01,-4.706855029371703303e+00,4.155927207139145985e+00,1.079589505676177737e-03
3.660000000000002696e-01,-6.675672011069904155e-01,-7.454439475675779248e-01,-4.680645334324847973e+00,4.185379896128968547e+00,1.082547285020372865e-03
3.670000000000002705e-01,-6.722346648644218492e-01,-7.412439101598092828e-01,-4.654251592968112305e+00,4.214667271460292852e+00,1.085505064363554914e-03
3.680000000000002713e-01,-6.768756432916032129e-01,-7.370146685117081597e-01,-4.627674848240762806e+00,4.243788186183726552e+00,1.088462843705721283e-03
3.690000000000002722e-01,-6.814899539095969905e-01,-7.327563896546160915e-01,-4.600916150190383469e+00,4.272741499932548592e+00,1.091420623046869152e-03
3.700000000000002731e-01,-6.860774152930502190e-01,-7.284692417569319511e-01,-4.573976555931295707e+00,4.301526078966269040e+00,1.094378402386995920e-03
3.710000000000002740e-01,-6.906378470772400746e-01,-7.241533941174640443e-01,-4.546857129602718040e+00,4.330140796213925114e+00,1.097336181726098550e-03
3.720000000000002749e-01,-6.951710699650779368e-01,-7.198090171587386843e-01,-4.519558942326666440e+00,4.358584531317115207e+00,1.100293961064174441e-03
3.730000000000002758e-01,-6.996769057340710418e-01,-7.154362824202665783e-01,-4.492083072165598878e+00,4.386856170672764677e+00,1.103251740401220773e-03
3.740000000000002767e-01,-7.041551772432413925e-01,-7.110353625517661369e-01,-4.464430604079799636e+00,4.414954607475626069e+00,1.106209519737234729e-03
3.750000000000002776e-01,-7.086057084400024797e-01,-7.066064313063445956e-01,-4.436602629884514926e+00,4.442878741760509342e+00,1.109167299072213704e-03
3.760000000000002784e-01,-7.130283243669924831e-01,-7.021496635336366143e-01,-4.408600248206832717e+00,4.470627480444242963e+00,1.112125078406154665e-03
3.770000000000002793e-01,-7.174228511688646170e-01,-6.976652351729019097e-01,-4.380424564442314761e+00,4.498199737367360562e+00,1.115082857739055008e-03
3.780000000000002802e-01,-7.217891160990336230e-01,-6.931533232460803662e-01,-4.352076690711376372e+00,4.525594433335519362e+00,1.118040637070912132e-03
3.790000000000002811e-01,-7.261269475263788520e-01,-6.886141058508065127e-01,-4.323557745815421960e+00,4.552810496160638820e+00,1.120998416401723001e-03
3.800000000000002820e-01,-7.304361749419032712e-01,-6.840477621533828101e-01,-4.294868855192734536e+00,4.579846860701767497e+00,1.123956195731485013e-03
3.810000000000002829e-01,-7.347166289653479510e-01,-6.794544723817123044e-01,-4.266011150874118307e+00,4.606702468905668368e+00,1.126913975060195349e-03
3.820000000000002838e-01,-7.389681413517625863e-01,-6.748344178181904240e-01,-4.236985771438305015e+00,4.633376269847131468e+00,1.129871754387851189e-03
3.830000000000002847e-01,-7.431905449980308331e-01,-6.701877807925571418e-01,-4.207793861967116023e+00,4.659867219768998758e+00,1.132829533714449716e-03
3.840000000000002855e-01,-7.473836739493510128e-01,-6.655147446747090578e-01,-4.178436574000387260e+00,4.686174282121916335e+00,1.135787313039988327e-03
3.850000000000002864e-01,-7.515473634056712982e-01,-6.608154938674717371e-01,-4.148915065490654364e+00,4.712296427603794413e+00,1.138745092364464202e-03
3.860000000000002873e-01,-7.556814497280798237e-01,-6.560902137993328553e-01,-4.119230500757609548e+00,4.738232634198992876e+00,1.141702871687874524e-03
3.870000000000002882e-01,-7.597857704451489447e-01,-6.513390909171363763e-01,-4.089384050442319563e+00,4.763981887217213718e+00,1.144660651010216473e-03
3.880000000000002891e-01,-7.638601642592336427e-01,-6.465623126787376496e-01,-4.059376891461213610e+00,4.789543179332110157e+00,1.147618430331487447e-03
3.890000000000002900e-01,-7.679044710527237472e-01,-6.417600675456204273e-01,-4.029210206959842111e+00,4.814915510619609762e+00,1.150576209651684410e-03
3.900000000000002909e-01,-7.719185318942497487e-01,-6.369325449754756896e-01,-3.998885186266408542e+00,4.840097888595942699e+00,1.153533988970804978e-03
3.910000000000002918e-01,-7.759021890448423164e-01,-6.320799354147421667e-01,-3.968403024845073013e+00,4.865089328255384871e+00,1.156491768288846114e-03
3.920000000000002927e-01,-7.798552859640447421e-01,-6.272024302911096694e-01,-3.937764924249033793e+00,4.889888852107706185e+00,1.159449547605804999e-03
3.930000000000002935e-01,-7.837776673159783103e-01,-6.223002220059851153e-01,-3.906972092073384584e+00,4.914495490215326612e+00,1.162407326921679031e-03
3.940000000000002944e-01,-7.876691789753605955e-01,-6.173735039269211411e-01,-3.876025741907752842e+00,4.938908280230178249e+00,1.165365106236465392e-03
3.950000000000002953e-01,-7.915296680334763524e-01,-6.124224703800085212e-01,-3.844927093288717401e+00,4.963126267430271632e+00,1.168322885550161262e-03
3.960000000000002962e-01,-7.953589828041004450e-01,-6.074473166422319492e-01,-3.813677371652011594e+00,4.987148504755964495e+00,1.171280664862764040e-03
3.970000000000002971e-01,-7.991569728293731467e-01,-6.024482389337894039e-01,-3.782277808284508769e+00,5.010974052845933890e+00,1.174238444174270689e-03
3.980000000000002980e-01,-8.029234888856269237e-01,-5.974254344103763215e-01,-3.750729640275995536e+00,5.034601980072848093e+00,1.177196223484678608e-03
3.990000000000002989e-01,-8.066583829891653679e-01,-5.923791011554335739e-01,-3.719034110470734067e+00,5.058031362578737422e+00,1.180154002793985194e-03
4.000000000000002998e-01,-8.103615084019932802e-01,-5.873094381723608093e-01,-3.687192467418814346e+00,5.081261284310067516e+00,1.183111782102187412e-03
4.010000000000003006e-01,-8.140327196374982366e-01,-5.822166453766944860e-01,-3.655205965327297690e+00,5.104290837052503527e+00,1.186069561409282659e-03
4.020000000000003015e-01,-8.176718724660828608e-01,-5.771009235882513799e-01,-3.623075864011156000e+00,5.127119120465375879e+00,1.189027340715267901e-03
4.030000000000003024e-01,-8.212788239207481356e-01,-5.719624745232378960e-01,-3.590803428844005829e+00,5.149745242115838728e+00,1.191985120020140751e-03
4.040000000000003033e-01,-8.248534323026274206e-01,-5.668015007863252963e-01,-3.558389930708640847e+00,5.172168317512721991e+00,1.194942899323898173e-03
4.050000000000003042e-01,-8.283955571864707323e-01,-5.616182058626910667e-01,-3.525836645947363568e+00,5.194387470140076957e+00,1.197900678626537567e-03
4.060000000000003051e-01,-8.319050594260795073e-01,-5.564127941100271979e-01,-3.493144856312119462e+00,5.216401831490413699e+00,1.200858457928055895e-03
4.070000000000003060e-01,-8.353818011596909621e-01,-5.511854707505151607e-01,-3.460315848914433001e+00,5.238210541097627626e+00,1.203816237228450556e-03
4.080000000000003069e-01,-8.388256458153127149e-01,-5.459364418627684623e-01,-3.427350916175150974e+00,5.259812746569616948e+00,1.206774016527718948e-03
4.090000000000003078e-01,-8.422364581160068919e-01,-5.406659143737420070e-01,-3.394251355773991286e+00,5.281207603620588387e+00,1.209731795825858035e-03
4.100000000000003086e-01,-8.456141040851237189e-01,-5.353740960506101487e-01,-3.361018470598902574e+00,5.302394276103048476e+00,1.212689575122865215e-03
4.110000000000003095e-01,-8.489584510514842641e-01,-5.300611954926122138e-01,-3.327653568695232877e+00,5.323371936039483110e+00,1.215647354418737669e-03
4.120000000000003104e-01,-8.522693676545124442e-01,-5.247274221228670488e-01,-3.294157963214713991e+00,5.344139763653721786e+00,1.218605133713472578e-03
4.130000000000003113e-01,-8.555467238493157378e-01,-5.193729861801560377e-01,-3.260532972364257542e+00,5.364696947401984772e+00,1.221562913007067340e-03
4.140000000000003122e-01,-8.587903909117147183e-01,-5.139980987106754773e-01,-3.226779919354570758e+00,5.385042684003614966e+00,1.224520692299519136e-03
4.150000000000003131e-01,-8.620002414432210713e-01,-5.086029715597577550e-01,-3.192900132348588826e+00,5.405176178471491788e+00,1.227478471590824930e-03
4.160000000000003140e-01,-8.651761493759639876e-01,-5.031878173635634388e-01,-3.158894944409728733e+00,5.425096644142125335e+00,1.230436250880982338e-03
4.170000000000003149e-01,-8.683179899775647081e-01,-4.977528495407420595e-01,-3.124765693449966797e+00,5.444803302705429893e+00,1.233394030169988323e-03
4.180000000000003157e-01,-8.714256398559590000e-01,-4.922982822840643591e-01,-3.090513722177738565e+00,5.464295384234179487e+00,1.236351809457840283e-03
4.190000000000003166e-01,-8.744989769641675625e-01,-4.868243305520246755e-01,-3.056140378045666406e+00,5.483572127213139247e+00,1.239309588744535399e-03
4.200000000000003175e-01,-8.775378806050140312e-01,-4.813312100604146826e-01,-3.021647013198116127e+00,5.502632778567874361e+00,1.242267368030070852e-03
4.210000000000003184e-01,-8.805422314357901348e-01,-4.758191372738680980e-01,-2.987034984418582173e+00,5.521476593693235735e+00,1.245225147314443824e-03
4.220000000000003193e-01,-8.835119114728688938e-01,-4.702883293973774137e-01,-2.952305653076907621e+00,5.540102836481521464e+00,1.248182926597651713e-03
4.230000000000003202e-01,-8.864468040962641959e-01,-4.647390043677824822e-01,-2.917460385076335427e+00,5.558510779350312347e+00,1.251140705879691698e-03
4.240000000000003211e-01,-8.893467940541378569e-01,-4.591713808452315138e-01,-2.882500550800398909e+00,5.576699703269979658e+00,1.254098485160560963e-03
4.250000000000003220e-01,-8.922117674672530585e-01,-4.535856782046145952e-01,-2.847427525059648801e+00,5.594668897790867845e+00,1.257056264440256687e-03
4.260000000000003229e-01,-8.950416118333747173e-01,-4.479821165269702310e-01,-2.812242687038220001e+00,5.612417661070146835e+00,1.260014043718776268e-03
4.270000000000003237e-01,-8.978362160316165630e-01,-4.423609165908652940e-01,-2.776947420240242437e+00,5.629945299898338362e+00,1.262971822996116671e-03
4.280000000000003246e-01,-9.005954703267339267e-01,-4.367222998637486087e-01,-2.741543112436094720e+00,5.647251129725507468e+00,1.265929602272275294e-03
4.290000000000003255e-01,-9.033192663733632388e-01,-4.310664884932782770e-01,-2.706031155608503269e+00,5.664334474687128029e+00,1.268887381547249534e-03
4.300000000000003264e-01,-9.060074972202072363e-01,-4.253937052986235812e-01,-2.670412945898491319e+00,5.681194667629614337e+00,1.271845160821036356e-03
4.310000000000003273e-01,-9.086600573141664361e-01,-4.197041737617414614e-01,-2.634689883551177392e+00,5.697831050135518716e+00,1.274802940093633158e-03
4.320000000000003282e-01,-9.112768425044156517e-01,-4.139981180186277920e-01,-2.598863372861425436e+00,5.714242972548399635e+00,1.277760719365037120e-03
4.330000000000003291e-01,-9.138577500464268866e-01,-4.082757628505442327e-01,-2.562934822119348865e+00,5.730429793997351418e+00,1.280718498635245424e-03
4.340000000000003300e-01,-9.164026786059370489e-01,-4.025373336752204323e-01,-2.526905643555671599e+00,5.746390882421203550e+00,1.283676277904255468e-03
4.350000000000003308e-01,-9.189115282628613768e-01,-3.967830565380323637e-01,-2.490777253286946546e+00,5.762125614592378930e+00,1.286634057172064216e-03
4.360000000000003317e-01,-9.213842005151514636e-01,-3.910131581031570103e-01,-2.454551071260635542e+00,5.777633376140422605e+00,1.289591836438669066e-03
4.370000000000003326e-01,-9.238205982825991036e-01,-3.852278656447035710e-01,-2.418228521200049386e+00,5.792913561575184112e+00,1.292549615704067199e-03
4.380000000000003335e-01,-9.262206259105841832e-01,-3.794274070378216845e-01,-2.381811030549152441e+00,5.807965574309672085e+00,1.295507394968256013e-03
4.390000000000003344e-01,-9.285841891737680598e-01,-3.736120107497870046e-01,-2.345300030417236226e+00,5.822788826682561591e+00,1.298465174231232472e-03
4.400000000000003353e-01,-9.309111952797306522e-01,-3.677819058310644595e-01,-2.308696955523456218e+00,5.837382739980366608e+00,1.301422953492993974e-03
4.410000000000003362e-01,-9.332015528725529085e-01,-3.619373219063494185e-01,-2.272003244141244327e+00,5.851746744459271454e+00,1.304380732753537700e-03
4.420000000000003371e-01,-9.354551720363433187e-01,-3.560784891655872086e-01,-2.235220338042589461e+00,5.865880279366621153e+00,1.307338512012861048e-03
4.430000000000003380e-01,-9.376719642987081382e-01,-3.502056383549714824e-01,-2.198349682442194197e+00,5.879782792962068960e+00,1.310296291270960983e-03
4.440000000000003388e-01,-9.398518426341664345e-01,-3.443190007679213793e-01,-2.161392725941507553e+00,5.893453742538383722e+00,1.313254070527834902e-03
4.450000000000003397e-01,-9.419947214675088443e-01,-3.384188082360381489e-01,-2.124350920472636517e+00,5.906892594441912614e+00,1.316211849783479985e-03
4.460000000000003406e-01,-9.441005166770998214e-01,-3.325052931200415673e-01,-2.087225721242136789e+00,5.920098824092703715e+00,1.319169629037893633e-03
4.470000000000003415e-01,-9.461691455981243726e-01,-3.265786883006861485e-01,-2.050018586674688059e+00,5.933071916004277746e+00,1.322127408291072807e-03
4.480000000000003424e-01,-9.482005270257775065e-01,-3.206392271696581475e-01,-2.012730978356651157e+00,5.945811363803063188e+00,1.325085187543014907e-03
4.490000000000003433e-01,-9.501945812183980600e-01,-3.146871436204529138e-01,-1.975364360979513956e+00,5.958316670247477020e+00,1.328042966793717113e-03
4.500000000000003442e-01,-9.521512299005451263e-01,-3.087226720392335366e-01,-1.937920202283224924e+00,5.970587347246667953e+00,1.331000746043176607e-03
4.510000000000003451e-01,-9.540703962660185278e-01,-3.027460472956710058e-01,-1.900399972999417653e+00,5.982622915878907932e+00,1.333958525291390786e-03
4.520000000000003459e-01,-9.559520049808217790e-01,-2.967575047337658867e-01,-1.862805146794527245e+00,5.994422906409636376e+00,1.336916304538356614e-03
4.530000000000003468e-01,-9.577959821860684286e-01,-2.907572801626522874e-01,-1.825137200212803013e+00,6.005986858309158016e+00,1.339874083784071490e-03
4.540000000000003477e-01,-9.596022555008314470e-01,-2.847456098473844510e-01,-1.787397612619216813e+00,6.017314320269992578e+00,1.342831863028532595e-03
4.550000000000003486e-01,-9.613707540249354366e-01,-2.787227304997057509e-01,-1.749587866142271020e+00,6.028404850223874512e+00,1.345789642271737327e-03
4.560000000000003495e-01,-9.631014083416911120e-01,-2.726888792688014207e-01,-1.711709445616707015e+00,6.039258015358402787e+00,1.348747421513682649e-03
4.570000000000003504e-01,-9.647941505205733792e-01,-2.666442937320342432e-01,-1.673763838526116654e+00,6.049873392133341632e+00,1.351705200754365959e-03
4.580000000000003513e-01,-9.664489141198411293e-01,-2.605892118856645290e-01,-1.635752534945459580e+00,6.060250566296571328e+00,1.354662979993784657e-03
4.590000000000003522e-01,-9.680656341890999661e-01,-2.545238721355541078e-01,-1.597677027483487278e+00,6.070389132899686402e+00,1.357620759231935705e-03
4.600000000000003531e-01,-9.696442472718070915e-01,-2.484485132878550551e-01,-1.559538811225075872e+00,6.080288696313240315e+00,1.360578538468816285e-03
4.610000000000003539e-01,-9.711846914077184589e-01,-2.423633745396831518e-01,-1.521339383673471435e+00,6.089948870241644663e+00,1.363536317704423795e-03
4.620000000000003548e-01,-9.726869061352785284e-01,-2.362686954697767461e-01,-1.483080244692447813e+00,6.099369277737708650e+00,1.366494096938755416e-03
4.630000000000003557e-01,-9.741508324939516239e-01,-2.301647160291413197e-01,-1.444762896448380962e+00,6.108549551216828633e+00,1.369451876171808545e-03
4.640000000000003566e-01,-9.755764130264955591e-01,-2.240516765316798165e-01,-1.406388843352239348e+00,6.117489332470825047e+00,1.372409655403580148e-03
4.650000000000003575e-01,-9.769635917811771986e-01,-2.179298176448095370e-01,-1.367959592001495750e+00,6.126188272681424962e+00,1.375367434634067621e-03
4.660000000000003584e-01,-9.783123143139298428e-01,-2.117993803800655994e-01,-1.329476651121959785e+00,6.134646032433387575e+00,1.378325213863268147e-03
4.670000000000003593e-01,-9.796225276904526602e-01,-2.056606060836915495e-01,-1.290941531509534501e+00,6.142862281727278884e+00,1.381282993091178905e-03
4.680000000000003602e-01,-9.808941804882513882e-01,-1.995137364272172587e-01,-1.252355745971899692e+00,6.150836699991888423e+00,1.384240772317797295e-03
4.690000000000003610e-01,-9.821272227986209691e-01,-1.933590133980246373e-01,-1.213720809270121936e+00,6.158568976096292502e+00,1.387198551543120497e-03
4.700000000000003619e-01,-9.833216062285697889e-01,-1.871966792899014964e-01,-1.175038238060196027e+00,6.166058808361558619e+00,1.390156330767145692e-03
4.710000000000003628e-01,-9.844772839026852962e-01,-1.810269766935838631e-01,-1.136309550834518456e+00,6.173305904572096381e+00,1.393114109989870061e-03
4.720000000000003637e-01,-9.855942104649411117e-01,-1.748501484872870548e-01,-1.097536267863294279e+00,6.180309981986651380e+00,1.396071889211290785e-03
4.730000000000003646e-01,-9.866723420804455191e-01,-1.686664378272260401e-01,-1.058719911135881819e+00,6.187070767348938460e+00,1.399029668431405263e-03
4.740000000000003655e-01,-9.877116364371314461e-01,-1.624760881381252797e-01,-1.019862004302075409e+00,6.193587996897924164e+00,1.401987447650210675e-03
4.750000000000003664e-01,-9.887120527473870490e-01,-1.562793431037185210e-01,-9.809640726133284083e-01,6.199861416377745016e+00,1.404945226867704202e-03
4.760000000000003673e-01,-9.896735517496285661e-01,-1.500764466572387656e-01,-9.420276428639197119e-01,6.205890781047270544e+00,1.407903006083883026e-03
4.770000000000003681e-01,-9.905960957098131070e-01,-1.438676429718989402e-01,-9.030542433320644102e-01,6.211675855689309245e+00,1.410860785298744544e-03
4.780000000000003690e-01,-9.914796484228936002e-01,-1.376531764513634903e-01,-8.640454037209723825e-01,6.217216414619453957e+00,1.413818564512285937e-03
4.790000000000003699e-01,-9.923241752142140104e-01,-1.314332917202113427e-01,-8.250026550998550423e-01,6.222512241694568402e+00,1.416776343724504388e-03
4.800000000000003708e-01,-9.931296429408460469e-01,-1.252082336143904850e-01,-7.859275298448840097e-01,6.227563130320915796e+00,1.419734122935397075e-03
4.810000000000003717e-01,-9.938960199928662531e-01,-1.189782471716647055e-01,-7.468215615801029328e-01,6.232368883461926856e+00,1.422691902144961398e-03
4.820000000000003726e-01,-9.946232762945745876e-01,-1.127435776220526847e-01,-7.076862851182944558e-01,6.236929313645609874e+00,1.425649681353194538e-03
4.830000000000003735e-01,-9.953113833056536075e-01,-1.065044703782598579e-01,-6.685232364018052209e-01,6.241244242971596634e+00,1.428607460560093675e-03
4.840000000000003744e-01,-9.959603140222682560e-01,-1.002611710261034073e-01,-6.293339524433303467e-01,6.245313503117834841e+00,1.431565239765655992e-03
4.850000000000003753e-01,-9.965700429781065850e-01,-9.401392531493074634e-02,-5.901199712666594932e-01,6.249136935346913724e+00,1.434523018969878884e-03
4.860000000000003761e-01,-9.971405462453614144e-01,-8.776297914803189715e-02,-5.508828318473875107e-01,6.252714390512033482e+00,1.437480798172759318e-03
4.870000000000003770e-01,-9.976718014356522612e-01,-8.150857857304601162e-02,-5.116240740535901166e-01,6.256045729062611471e+00,1.440438577374294690e-03
4.880000000000003779e-01,-9.981637877008882054e-01,-7.525096977236252205e-02,-4.723452385864687075e-01,6.259130821049527782e+00,1.443396356574482399e-03
4.890000000000003788e-01,-9.986164857340714684e-01,-6.899039905351719848e-02,-4.330478669209648634e-01,6.261969546130011999e+00,1.446354135773319409e-03
4.900000000000003797e-01,-9.990298777700411526e-01,-6.272711283958350148e-02,-3.937335012463474837e-01,6.264561793572166692e+00,1.449311914970803118e-03
4.910000000000003806e-01,-9.994039475861582478e-01,-5.646135765955960506e-02,-3.544036844067743330e-01,6.266907462259128536e+00,1.452269694166930707e-03
4.920000000000003815e-01,-9.997386805029303547e-01,-5.019338013875142973e-02,-3.150599598418302172e-01,6.269006460692870597e+00,1.455227473361699357e-03
4.930000000000003824e-01,-1.000034063384577676e+00,-4.392342698915206040e-02,-2.757038715270440643e-01,6.270858706997641363e+00,1.458185252555106249e-03
4.940000000000003832e-01,-1.000290084639539279e+00,-3.765174499981789602e-02,-2.363369639143867440e-01,6.272464128923041393e+00,1.461143031747148780e-03
4.950000000000003841e-01,-1.000506734220919292e+00,-3.137858102724190579e-02,-1.969607818727519000e-01,6.273822663846740255e+00,1.464100810937824133e-03
4.960000000000003850e-01,-1.000684003626874707e+00,-2.510418198572437337e-02,-1.575768706284220166e-01,6.274934258776830198e+00,1.467058590127129488e-03
4.970000000000003859e-01,-1.000821885900942343e+00,-1.882879483774142423e-02,-1.181867757055216905e-01,6.275798870353816561e+00,1.470016369315062027e-03
4.980000000000003868e-01,-1.000920375632307735e+00,-1.255266658431177657e-02,-7.879204286646013244e-02,6.276416464852250243e+00,1.472974148501619146e-03
4.990000000000003877e-01,-1.000979468956012752e+00,-6.276044255362035924e-03,-3.939421805236549556e-02,6.276787018181991584e+00,1.475931927686798028e-03
5.000000000000003331e-01,-1.000999163553105031e+00,8.250999091003949348e-07,5.152676487520102544e-06,6.276910515889118969e+00,1.478889706870595852e-03
5.010000000000003340e-01,-1.000979458650727238e+00,6.277694422667364979e-03,3.940452320025408101e-02,6.276786953156470616e+00,1.481847486053009802e-03
5.020000000000003348e-01,-1.000920355022147046e+00,1.255431665407979666e-02,7.880234739909784680e-02,6.276416334803825769e+00,1.484805265234037273e-03
5.030000000000003357e-01,-1.000821854986726711e+00,1.883044474495162990e-02,1.181970792127695347e-01,6.275798675287723505e+00,1.487763044413675231e-03
5.040000000000003366e-01,-1.000683962409834482e+00,2.510583166536279817e-02,1.575871727001835476e-01,6.274933998700920057e+00,1.490720823591921073e-03
5.050000000000003375e-01,-1.000506682702695160e+00,3.138023041430373916e-02,1.969710820989900579e-01,6.273822338771482876e+00,1.493678602768772198e-03
5.060000000000003384e-01,-1.000290022822181601e+00,3.765339402931010965e-02,2.363472618851409357e-01,6.272463738861521421e+00,1.496636381944225569e-03
5.070000000000003393e-01,-1.000033991270546929e+00,4.392507559609602763e-02,2.757141668324470940e-01,6.270858251965560015e+00,1.499594161118278585e-03
5.080000000000003402e-01,-9.997385980950966866e-01,5.019502825818551728e-02,3.150702520721252453e-01,6.269005940708544777e+00,1.502551940290928426e-03
5.090000000000003411e-01,-9.994038548878017014e-01,5.646300522654180976e-02,3.544139731523318626e-01,6.266906877343488169e+00,1.505509719462172274e-03
5.100000000000003419e-01,-9.990297747848512211e-01,6.272875978919406625e-02,3.937437860976823467e-01,6.264561143748755612e+00,1.508467498632007527e-03
5.110000000000003428e-01,-9.986163724661469843e-01,6.899204532086120056e-02,4.330581474687530963e-01,6.261968831424987059e+00,1.511425277800431148e-03
5.120000000000003437e-01,-9.981636641547373401e-01,7.525261529257250281e-02,4.723555144215645929e-01,6.259130041491656193e+00,1.514383056967440536e-03
5.130000000000003446e-01,-9.976716676161921926e-01,8.151022328128458561e-02,5.116343447670430589e-01,6.256044884683269913e+00,1.517340836133032871e-03
5.140000000000003455e-01,-9.971404021579182153e-01,8.776462297949437497e-02,5.508930970304589669e-01,6.252713481345208102e+00,1.520298615297205553e-03
5.150000000000003464e-01,-9.965698886284148905e-01,9.401556820484771593e-02,5.901302305108399038e-01,6.249135961429196584e+00,1.523256394459955544e-03
5.160000000000003473e-01,-9.959601494164711522e-01,1.002628129097433568e-01,6.293442053403558445e-01,6.245312464488423920e+00,1.526214173621280243e-03
5.170000000000003482e-01,-9.953112084503022983e-01,1.065061111909317709e-01,6.685334825436749506e-01,6.241243139672293161e+00,1.529171952781176831e-03
5.180000000000003491e-01,-9.946230911966280619e-01,1.127452172991086493e-01,7.076965240972870053e-01,6.236928145720817440e+00,1.532129731939642706e-03
5.190000000000003499e-01,-9.938958246596910628e-01,1.189798856485025091e-01,7.468317929887934303e-01,6.232367650958648753e+00,1.535087511096674831e-03
5.200000000000003508e-01,-9.931294373802160846e-01,1.252098708264562377e-01,7.859377532761608887e-01,6.227561833288752347e+00,1.538045290252270606e-03
5.210000000000003517e-01,-9.923239594343101766e-01,1.314349276030020164e-01,8.250128701469369163e-01,6.222510880185716964e+00,1.541003069406427211e-03
5.220000000000003526e-01,-9.914794224323032479e-01,1.376548109404295839e-01,8.640556099774248100e-01,6.217214988688703592e+00,1.543960848559141827e-03
5.230000000000003535e-01,-9.905958595175299308e-01,1.438692760028470186e-01,9.030644403918167695e-01,6.211674365394040720e+00,1.546918627710411852e-03
5.240000000000003544e-01,-9.896733053650521583e-01,1.500780781657340690e-01,9.420378303212818549e-01,6.205889226447451890e+00,1.549876406860234250e-03
5.250000000000003553e-01,-9.887117961803225663e-01,1.562809730254875462e-01,9.809742500630075357e-01,6.199859797535929751e+00,1.552834186008606419e-03
5.260000000000003562e-01,-9.877113696977889434e-01,1.624777164089583892e-01,1.019872171339192501e+00,6.193586313879249516e+00,1.555791965155525758e-03
5.270000000000003570e-01,-9.866720651794399499e-01,1.686680643829800152e-01,1.058730067355988957e+00,6.187069020221120930e+00,1.558749744300989230e-03
5.280000000000003579e-01,-9.855939234132914395e-01,1.748517732638876776e-01,1.097546412862390630e+00,6.180308170819984070e+00,1.561707523444994233e-03
5.290000000000003588e-01,-9.844769867118143836e-01,1.810285996270284969e-01,1.136319684209067482e+00,6.173304029439446339e+00,1.564665302587537948e-03
5.300000000000003597e-01,-9.833212989103037316e-01,1.871983003162616677e-01,1.175048359407141918e+00,6.166056869338363278e+00,1.567623081728617557e-03
5.310000000000003606e-01,-9.821269053651887626e-01,1.933606324534485610e-01,1.213730918186905816e+00,6.158566973260557020e+00,1.570580860868230240e-03
5.320000000000003615e-01,-9.808938529522842620e-01,1.995153534479324753e-01,1.252365842056476941e+00,6.150834633424182130e+00,1.573538640006373395e-03
5.330000000000003624e-01,-9.796221900649836334e-01,2.056622210060074507e-01,1.290951614360390964e+00,6.142860151510729949e+00,1.576496419143044204e-03
5.340000000000003633e-01,-9.783119666123930580e-01,2.118009931403759538e-01,1.329486720338128203e+00,6.134643838653682124e+00,1.579454198278239848e-03
5.350000000000003642e-01,-9.769632340174075891e-01,2.179314281795950714e-01,1.367969647182572634e+00,6.126186015426800857e+00,1.582411977411957507e-03
5.360000000000003650e-01,-9.755760452147281825e-01,2.240532847775108249e-01,1.406398884098401192e+00,6.117487011832069221e+00,1.585369756544194580e-03
5.370000000000003659e-01,-9.741504546488211069e-01,2.301663219226801060e-01,1.444772922360400447e+00,6.108547167287272650e+00,1.588327535674948247e-03
5.380000000000003668e-01,-9.726865182718182901e-01,2.362702989477802329e-01,1.483090255371710908e+00,6.099366830613225154e+00,1.591285314804215690e-03
5.390000000000003677e-01,-9.711842935413603772e-01,2.423649755390053784e-01,1.521349378721992940e+00,6.089946360020642935e+00,1.594243093931994090e-03
5.400000000000003686e-01,-9.696438394183806153e-01,2.484501117454497865e-01,1.559548790245516514e+00,6.080286123096660944e+00,1.597200873058280844e-03
5.410000000000003695e-01,-9.680652163648315600e-01,2.545254679884772497e-01,1.597686990079169700e+00,6.070386496790997732e+00,1.600158652183072917e-03
5.420000000000003704e-01,-9.664484863413536075e-01,2.605908050710767920e-01,1.635762480720384549e+00,6.060247867401765021e+00,1.603116431306367707e-03
5.430000000000003713e-01,-9.647937128048852395e-01,2.666458841872035301e-01,1.673773767084979047e+00,6.049870630560927331e+00,1.606074210428162612e-03
5.440000000000003721e-01,-9.631009607062157585e-01,2.726904669311054352e-01,1.711719356564912919e+00,6.039255191219404573e+00,1.609031989548454595e-03
5.450000000000003730e-01,-9.613702964874805135e-01,2.787243153066344403e-01,1.749597759085953275e+00,6.028401963631824678e+00,1.611989768667241056e-03
5.460000000000003739e-01,-9.596017880795981725e-01,2.847471917365425598e-01,1.787407487165250997e+00,6.017311371340928083e+00,1.614947547784519174e-03
5.470000000000003748e-01,-9.577955048996505960e-01,2.907588590717619104e-01,1.825147055968824095e+00,6.005983847161613376e+00,1.617905326900286132e-03
5.480000000000003757e-01,-9.559515178482053122e-01,2.967590806006688009e-01,1.862814983368945354e+00,5.994419833164639222e+00,1.620863106014539326e-03
5.490000000000003766e-01,-9.540698993065804823e-01,3.027476200583313348e-01,1.900409790001434063e+00,5.982619780659975461e+00,1.623820885127275722e-03
5.500000000000003775e-01,-9.521507231340529120e-01,3.087242416357400820e-01,1.937929999322848040e+00,5.970584150179798044e+00,1.626778664238492716e-03
5.510000000000003784e-01,-9.501940646650087752e-01,3.146887099890217643e-01,1.975374137667575081e+00,5.958313411461145570e+00,1.629736443348187491e-03
5.520000000000003793e-01,-9.482000007060370494e-01,3.206407902486351214e-01,2.012740734304820922e+00,5.945808043428217893e+00,1.632694222456357444e-03
5.530000000000003801e-01,-9.461686095329663315e-01,3.265802480285492360e-01,2.050028321495492190e+00,5.933068534174332775e+00,1.635652001562999539e-03
5.540000000000003810e-01,-9.440999708878450303e-01,3.325068494354033732e-01,2.087235434548971647e+00,5.920095380943530827e+00,1.638609780668111174e-03
5.550000000000003819e-01,-9.419941659758641617e-01,3.384203610776484461e-01,2.124360611879784422e+00,5.906889090111839380e+00,1.641567559771689531e-03
5.560000000000003828e-01,-9.398512774622240773e-01,3.443205500746693848e-01,2.161402395064153659e+00,5.893450177168184645e+00,1.644525338873731790e-03
5.570000000000003837e-01,-9.376713894689445716e-01,3.502071840658884661e-01,2.198359328896441145e+00,5.879779166694961035e+00,1.647483117974235349e-03
5.580000000000003846e-01,-9.354545875716185899e-01,3.560800312198488804e-01,2.235229961445473368e+00,5.865876592348255869e+00,1.650440897073197390e-03
5.590000000000003855e-01,-9.332009587961094255e-01,3.619388602432783708e-01,2.272012844110750329e+00,5.851742996837729471e+00,1.653398676170615093e-03
5.600000000000003864e-01,-9.309105916151922955e-01,3.677834403901326099e-01,2.308706531678534013e+00,5.837378931906150648e+00,1.656356455266485639e-03
5.610000000000003872e-01,-9.285835759451395166e-01,3.736135414706179270e-01,2.345309582377815616e+00,5.822784958308591108e+00,1.659314234360806427e-03
5.620000000000003881e-01,-9.262200031422496149e-01,3.794289338601930517e-01,2.381820557936159322e+00,5.807961645791276162e+00,1.662272013453574421e-03
5.630000000000003890e-01,-9.238199659993210355e-01,3.852293885085496528e-01,2.418238023635419953e+00,5.792909573070093465e+00,1.665229792544787018e-03
5.640000000000003899e-01,-9.213835587420702300e-01,3.910146769485709495e-01,2.454560548367333173e+00,5.777629327808763371e+00,1.668187571634441617e-03
5.650000000000003908e-01,-9.189108770254936776e-01,3.967845713052686185e-01,2.490786704688975117e+00,5.762121506596667331e+00,1.671145350722535181e-03
5.660000000000003917e-01,-9.164020179301751723e-01,4.025388443046972187e-01,2.526915068878092363e+00,5.746386714926335237e+00,1.674103129809065109e-03
5.670000000000003926e-01,-9.138570799585373772e-01,4.082772692828458561e-01,2.562944220988295108e+00,5.730425567170597922e+00,1.677060908894028582e-03
5.680000000000003935e-01,-9.112761630310385330e-01,4.139996201945069232e-01,2.598872744904117571e+00,5.714238686559398595e+00,1.680018687977422780e-03
5.690000000000003944e-01,-9.086593684823138783e-01,4.197056716221216344e-01,2.634699228395937620e+00,5.697826705156267657e+00,1.682976467059244885e-03
5.700000000000003952e-01,-9.060067990572625574e-01,4.253951987846015803e-01,2.670422263174758726e+00,5.681190263834462684e+00,1.685934246139492295e-03
5.710000000000003961e-01,-9.033185589070796828e-01,4.310679775461263019e-01,2.706040444946849810e+00,5.664330012252769997e+00,1.688892025218162191e-03
5.720000000000003970e-01,-9.005947535852337760e-01,4.367237844249168277e-01,2.741552373468239434e+00,5.647246608830974068e+00,1.691849804295251754e-03
5.730000000000003979e-01,-8.978354900433895835e-01,4.423623966019840092e-01,2.776956652599066100e+00,5.629940720724989411e+00,1.694807583370758165e-03
5.740000000000003988e-01,-8.950408766272773819e-01,4.479835919298522096e-01,2.812251890357779782e+00,5.612413023801664735e+00,1.697765362444678822e-03
5.750000000000003997e-01,-8.922110230725069924e-01,4.535871489412575674e-01,2.847436698975193359e+00,5.594664202613246040e+00,1.700723141517010905e-03
5.760000000000004006e-01,-8.893460405003290603e-01,4.591728468578202826e-01,2.882509694948383494e+00,5.576694950371518189e+00,1.703680920587751597e-03
5.770000000000004015e-01,-8.864460414133414901e-01,4.647404655986913102e-01,2.917469499094435204e+00,5.558505968921608087e+00,1.706638699656898078e-03
5.780000000000004023e-01,-8.835111396911426995e-01,4.702897857891722988e-01,2.952314736604033651e+00,5.540097968715460119e+00,1.709596478724447529e-03
5.790000000000004032e-01,-8.805414505859314733e-01,4.758205887693091052e-01,2.987044037094895188e+00,5.521471668784982967e+00,1.712554257790397348e-03
5.800000000000004041e-01,-8.775370907180531921e-01,4.813326566024581088e-01,3.021656034665040735e+00,5.502627796714867792e+00,1.715512036854744717e-03
5.810000000000004050e-01,-8.744981780714927710e-01,4.868257720838254365e-01,3.056149367945906192e+00,5.483567088615080465e+00,1.718469815917486815e-03
5.820000000000004059e-01,-8.714248319893149741e-01,4.922997187489781545e-01,3.090522680155289414e+00,5.464290289093024278e+00,1.721427594978621042e-03
5.830000000000004068e-01,-8.683171731690515482e-01,4.977542808823277598e-01,3.124774619150131993e+00,5.444798151225380245e+00,1.724385374038144578e-03
5.840000000000004077e-01,-8.651753236580359552e-01,5.031892435255851392e-01,3.158903837479132726e+00,5.425091436529620559e+00,1.727343153096054604e-03
5.850000000000004086e-01,-8.619994068486850347e-01,5.086043924861871623e-01,3.192908992435191440e+00,5.405170914935199633e+00,1.730300932152348302e-03
5.860000000000004095e-01,-8.587895474737289314e-01,5.139995143456940196e-01,3.226788746107681849e+00,5.385037364754421851e+00,1.733258711207022853e-03
5.870000000000004103e-01,-8.555458716013885079e-01,5.193743964681571956e-01,3.260541765434549877e+00,5.364691572652987794e+00,1.736216490260075653e-03
5.880000000000004112e-01,-8.522685066305006885e-01,5.247288270084584649e-01,3.294166722254237456e+00,5.344134333620219834e+00,1.739174269311503885e-03
5.890000000000004121e-01,-8.489575812855920667e-01,5.300625949206179133e-01,3.327662293357428691e+00,5.323366450938966210e+00,1.742132048361304730e-03
5.900000000000004130e-01,-8.456132256119011092e-01,5.353754899660728706e-01,3.361027160538617053e+00,5.302388736155188909e+00,1.745089827409475368e-03
5.910000000000004139e-01,-8.422355709703484017e-01,5.406673027219250915e-01,3.394260010647489612e+00,5.281202009047231805e+00,1.748047606456013198e-03
5.920000000000004148e-01,-8.388247500324558237e-01,5.459378245891581827e-01,3.427359535640130073e+00,5.259807097594772607e+00,1.751005385500915400e-03
5.930000000000004157e-01,-8.353808967752147652e-01,5.511868478008229433e-01,3.460324432630036195e+00,5.238204837947458614e+00,1.753963164544179157e-03
5.940000000000004166e-01,-8.319041464759031612e-01,5.564141654301916207e-01,3.493153403938949353e+00,5.216396074393228055e+00,1.756920943585801647e-03
5.950000000000004174e-01,-8.283946357068521227e-01,5.616195713988803018e-01,3.525845157147495357e+00,5.194381659326317013e+00,1.759878722625780271e-03
5.960000000000004183e-01,-8.248525023301614967e-01,5.668028604849388863e-01,3.558398405145636101e+00,5.172162453214953715e+00,1.762836501664111991e-03
5.970000000000004192e-01,-8.212778854923656890e-01,5.719638283309089744e-01,3.590811866182925804e+00,5.149739324568743726e+00,1.765794280700794206e-03
5.980000000000004201e-01,-8.176709256190488606e-01,5.771022714518487806e-01,3.623084263918574077e+00,5.127113149905739853e+00,1.768752059735824314e-03
5.990000000000004210e-01,-8.140317644094102745e-01,5.822179872433248526e-01,3.655214327471313585e+00,5.104284813719206504e+00,1.771709838769199279e-03
6.000000000000004219e-01,-8.103605448307800163e-01,5.873107739893708157e-01,3.687200791469066541e+00,5.081255208444074078e+00,1.774667617800916499e-03
6.010000000000004228e-01,-8.066574111130850877e-01,5.923804308704118116e-01,3.719042396098413139e+00,5.058025234423086935e+00,1.777625396830973155e-03
6.020000000000004237e-01,-8.029225087432659835e-01,5.974267579711556309e-01,3.750737887153856587e+00,5.034595799872642274e+00,1.780583175859366428e-03
6.030000000000004245e-01,-7.991559844596444195e-01,6.024495562884486510e-01,3.782286016086884750e+00,5.010967820848328813e+00,1.783540954886093715e-03
6.040000000000004254e-01,-7.953579862462415440e-01,6.074486277390981348e-01,3.813685540054826184e+00,4.987142221210158155e+00,1.786498733911151982e-03
6.050000000000004263e-01,-7.915286633270481875e-01,6.124237751676588903e-01,3.844935221969497441e+00,4.963119932587495065e+00,1.789456512934538626e-03
6.060000000000004272e-01,-7.876681661602457085e-01,6.173748023541851815e-01,3.876033830545640768e+00,4.938901894343683097e+00,1.792414291956250828e-03
6.070000000000004281e-01,-7.837766464323794313e-01,6.223015140219465557e-01,3.906980140349151753e+00,4.914489053540376240e+00,1.795372070976285987e-03
6.080000000000004290e-01,-7.798542570524829021e-01,6.272037158451085892e-01,3.937772931845092028e+00,4.889882364901563250e+00,1.798329849994641065e-03
6.090000000000004299e-01,-7.759011521461554040e-01,6.320812144563767720e-01,3.968410991445487479e+00,4.865082790777301547e+00,1.801287629011313462e-03
6.100000000000004308e-01,-7.719174870495906227e-01,6.369338174546045339e-01,3.998893111556909741e+00,4.840091301107149135e+00,1.804245408026300358e-03
6.110000000000004317e-01,-7.679034183035586825e-01,6.417613334123641877e-01,4.029218090627838755e+00,4.814908873383303423e+00,1.807203187039599151e-03
6.120000000000004325e-01,-7.638591036473407758e-01,6.465635718834811252e-01,4.059384733195804174e+00,4.789536492613443386e+00,1.810160966051206806e-03
6.130000000000004334e-01,-7.597847020126163864e-01,6.513403434105307088e-01,4.089391849934304268e+00,4.763975151283283971e+00,1.813118745061120720e-03
6.140000000000004343e-01,-7.556803735173041048e-01,6.560914595322970833e-01,4.119238257699503691e+00,4.738225849318832061e+00,1.816076524069338075e-03
6.150000000000004352e-01,-7.515462794593555929e-01,6.608167327911949052e-01,4.148922779576698083e+00,4.712289594048355568e+00,1.819034303075856051e-03
6.160000000000004361e-01,-7.473825823105032518e-01,6.655159767406522153e-01,4.178444244926559747e+00,4.686167400164063856e+00,1.821992082080672046e-03
6.170000000000004370e-01,-7.431894457099622597e-01,6.701890059524551191e-01,4.207801489431146180e+00,4.659860289683495971e+00,1.824949861083783242e-03
6.180000000000004379e-01,-7.389670344580856476e-01,6.748356360240537200e-01,4.236993355139682116e+00,4.633369291910628185e+00,1.827907640085186820e-03
6.190000000000004388e-01,-7.347155145099748541e-01,6.794556835858290844e-01,4.266018690514105316e+00,4.606695443396692013e+00,1.830865419084879960e-03
6.200000000000004396e-01,-7.304350529690439853e-01,6.840489663083205718e-01,4.294876350474378768e+00,4.579839787900708892e+00,1.833823198082859844e-03
6.210000000000004405e-01,-7.261258180805395535e-01,6.886153029094140843e-01,4.323565196443566627e+00,4.552803376349742415e+00,1.836780977079123869e-03
6.220000000000004414e-01,-7.217879792250145865e-01,6.931545131614897937e-01,4.352084096392671242e+00,4.525587266798869024e+00,1.839738756073669218e-03
6.230000000000004423e-01,-7.174217069117586609e-01,6.976664178985302334e-01,4.380431924885229478e+00,4.498192524390869806e+00,1.842696535066493070e-03
6.240000000000004432e-01,-7.130271727721829711e-01,7.021508390231877561e-01,4.408607563121665684e+00,4.470620221315642517e+00,1.845654314057592824e-03
6.250000000000004441e-01,-7.086045495531615446e-01,7.066075995138110244e-01,4.436609898983405742e+00,4.442871436769334714e+00,1.848612093046965443e-03
6.260000000000004450e-01,-7.041540111103281596e-01,7.110365234314308669e-01,4.464437827076740639e+00,4.414947256913205109e+00,1.851569872034608327e-03
6.270000000000004459e-01,-6.996757324013297419e-01,7.154374359267047234e-01,4.492090248776444916e+00,4.386848774832206033e+00,1.854527651020518655e-03
6.280000000000004468e-01,-6.951698894790359073e-01,7.198101632468193456e-01,4.519566072269145529e+00,4.358577090493295891e+00,1.857485430004693827e-03
6.290000000000004476e-01,-6.906366594847060947e-01,7.241545327423521972e-01,4.546864212596442023e+00,4.330133310703478067e+00,1.860443208987130805e-03
6.300000000000004485e-01,-6.860762206411123998e-01,7.284703728740899997e-01,4.573983591697773576e+00,4.301518549067570696e+00,1.863400987967826989e-03
6.310000000000004494e-01,-6.814887522456211100e-01,7.327575132198056451e-01,4.600923138453029360e+00,4.272733925945707334e+00,1.866358766946779558e-03
6.320000000000004503e-01,-6.768744346632304953e-01,7.370157844809918091e-01,4.627681788724906653e+00,4.243780568410569387e+00,1.869316545923985695e-03
6.330000000000004512e-01,-6.722334493195674110e-01,7.412450184895524874e-01,4.654258485401011392e+00,4.214659610204353868e+00,1.872274324899442796e-03
6.340000000000004521e-01,-6.675659786938410445e-01,7.454450482144503454e-01,4.680652178435696698e+00,4.185372191695475586e+00,1.875232103873148044e-03
6.350000000000004530e-01,-6.628722063117554741e-01,7.496157077683114345e-01,4.706861824891643842e+00,4.155919459835006435e+00,1.878189882845098619e-03
6.360000000000004539e-01,-6.581523167383808159e-01,7.537568324139861664e-01,4.732886388981179415e+00,4.126302568112856228e+00,1.881147661815291703e-03
6.370000000000004547e-01,-6.534064955709829592e-01,7.578682585710657671e-01,4.758724842107329600e+00,4.096522676513687067e+00,1.884105440783724692e-03
6.380000000000004556e-01,-6.486349294318123349e-01,7.619498238223550990e-01,4.784376162904607099e+00,4.066580951472576366e+00,1.887063219750394552e-03
6.390000000000004565e-01,-6.438378059608522719e-01,7.660013669203007414e-01,4.809839337279531613e+00,4.036478565830417864e+00,1.890020998715298680e-03
6.400000000000004574e-01,-6.390153138085266082e-01,7.700227277933743286e-01,4.835113358450882082e+00,4.006216698789070385e+00,1.892978777678434258e-03
6.410000000000004583e-01,-6.341676426283678891e-01,7.740137475524111466e-01,4.860197226989677155e+00,3.975796535866249481e+00,1.895936556639798683e-03
6.420000000000004592e-01,-6.292949830696448199e-01,7.779742684969030986e-01,4.885089950858883867e+00,3.945219268850170824e+00,1.898894335599389136e-03
6.430000000000004601e-01,-6.243975267699506393e-01,7.819041341212467078e-01,4.909790545452854538e+00,3.914486095753939132e+00,1.901852114557202583e-03
6.440000000000004610e-01,-6.194754663477524126e-01,7.858031891209449338e-01,4.934298033636483893e+00,3.883598220769690634e+00,1.904809893513236636e-03
6.450000000000004619e-01,-6.145289953949005790e-01,7.896712793987630263e-01,4.958611445784093519e+00,3.852556854222485505e+00,1.907767672467488261e-03
6.460000000000004627e-01,-6.095583084691007514e-01,7.935082520708386378e-01,4.982729819818037420e+00,3.821363212523956499e+00,1.910725451419954856e-03
6.470000000000004636e-01,-6.045636010863458809e-01,7.973139554727448619e-01,5.006652201247024259e+00,3.790018518125712443e+00,1.913683230370633384e-03
6.480000000000004645e-01,-5.995450697133113405e-01,8.010882391655069767e-01,5.030377643204160698e+00,3.758523999472497934e+00,1.916641009319521461e-03
6.490000000000004654e-01,-5.945029117597114832e-01,8.048309539415717806e-01,5.053905206484710533e+00,3.726880890955113212e+00,1.919598788266616051e-03
6.500000000000004663e-01,-5.894373255706186754e-01,8.085419518307302988e-01,5.077233959583570488e+00,3.695090432863093799e+00,1.922556567211914334e-03
6.510000000000004672e-01,-5.843485104187449153e-01,8.122210861059926401e-01,5.100362978732456476e+00,3.663153871337152978e+00,1.925514346155413710e-03
6.520000000000004681e-01,-5.792366664966868139e-01,8.158682112894153349e-01,5.123291347936805629e+00,3.631072458321387142e+00,1.928472125097111358e-03
6.530000000000004690e-01,-5.741019949091333840e-01,8.194831831578806014e-01,5.146018159012387905e+00,3.598847451515247542e+00,1.931429904037004677e-03
6.540000000000004698e-01,-5.689446976650376353e-01,8.230658587488278721e-01,5.168542511621625479e+00,3.566480114325277562e+00,1.934387682975090630e-03
6.550000000000004707e-01,-5.637649776697517545e-01,8.266160963659363592e-01,5.190863513309620814e+00,3.533971715816621728e+00,1.937345461911366617e-03
6.560000000000004716e-01,-5.585630387171265365e-01,8.301337555847593253e-01,5.212980279539890738e+00,3.501323530664301131e+00,1.940303240845829818e-03
6.570000000000004725e-01,-5.533390854815752880e-01,8.336186972583098376e-01,5.234891933729804769e+00,3.468536839104265468e+00,1.943261019778477414e-03
6.580000000000004734e-01,-5.480933235101024259e-01,8.370707835225966731e-01,5.256597607285728557e+00,3.435612926884215934e+00,1.946218798709306586e-03
6.590000000000004743e-01,-5.428259592142968826e-01,8.404898778021118178e-01,5.278096439637865345e+00,3.402553085214204298e+00,1.949176577638314731e-03
6.600000000000004752e-01,-5.375371998622910930e-01,8.438758448152676728e-01,5.299387578274800781e+00,3.369358610717010816e+00,1.952134356565499032e-03
6.610000000000004761e-01,-5.322272535706855656e-01,8.472285505797850780e-01,5.320470178777746639e+00,3.336030805378300101e+00,1.955092135490856670e-03
6.620000000000004770e-01,-5.268963292964389256e-01,8.505478624180310421e-01,5.341343404854479004e+00,3.302570976496557176e+00,1.958049914414384824e-03
6.630000000000004778e-01,-5.215446368287248724e-01,8.538336489623067349e-01,5.362006428372976252e+00,3.268980436632808573e+00,1.961007693336081111e-03
6.640000000000004787e-01,-5.161723867807549437e-01,8.570857801600844095e-01,5.382458429394746169e+00,3.235260503560125400e+00,1.963965472255942493e-03
6.650000000000004796e-01,-5.107797905815688599e-01,8.603041272791942529e-01,5.402698596207852866e+00,3.201412500212914125e+00,1.966923251173965936e-03
6.660000000000004805e-01,-5.053670604677912293e-01,8.634885629129605000e-01,5.422726125359630167e+00,3.167437754635994640e+00,1.969881030090148838e-03
6.670000000000004814e-01,-4.999344094753561119e-01,8.666389609852860332e-01,5.442540221689086799e+00,3.133337599933468720e+00,1.972838809004488596e-03
6.680000000000004823e-01,-4.944820514311994986e-01,8.697551967556860220e-01,5.462140098359002494e+00,3.099113374217379313e+00,1.975796587916982608e-03
6.690000000000004832e-01,-4.890102009449193154e-01,8.728371468242702713e-01,5.481524976887707901e+00,3.064766420556164217e+00,1.978754366827627838e-03
6.700000000000004841e-01,-4.835190734004043422e-01,8.758846891366737220e-01,5.500694087180553637e+00,3.030298086922905476e+00,1.981712145736421252e-03
6.710000000000004849e-01,-4.780088849474314894e-01,8.788977029889348813e-01,5.519646667561063147e+00,2.995709726143373164e+00,1.984669924643360679e-03
6.720000000000004858e-01,-4.724798524932321553e-01,8.818760690323227402e-01,5.538381964801769364e+00,2.961002695843872434e+00,1.987627703548442652e-03
6.730000000000004867e-01,-4.669321936940280526e-01,8.848196692781111761e-01,5.556899234154730749e+00,2.926178358398886736e+00,1.990585482451665000e-03
6.740000000000004876e-01,-4.613661269465363368e-01,8.877283871023006201e-01,5.575197739381733797e+00,2.891238080878527850e+00,1.993543261353024690e-03
6.750000000000004885e-01,-4.557818713794452026e-01,8.906021072502875446e-01,5.593276752784170469e+00,2.856183234995788300e+00,1.996501040252519118e-03
6.760000000000004894e-01,-4.501796468448592825e-01,8.934407158414806593e-01,5.611135555232594108e+00,2.821015197053600154e+00,1.999458819150145249e-03
6.770000000000004903e-01,-4.445596739097157912e-01,8.962441003738645939e-01,5.628773436195953828e+00,2.785735347891704183e+00,2.002416598045900480e-03
6.780000000000004912e-01,-4.389221738471718037e-01,8.990121497285098462e-01,5.646189693770505613e+00,2.750345072833325855e+00,2.005374376939782211e-03
6.790000000000004921e-01,-4.332673686279626124e-01,9.017447541740295502e-01,5.663383634708393011e+00,2.714845761631667909e+00,2.008332155831787404e-03
6.800000000000004929e-01,-4.275954809117315514e-01,9.044418053709828431e-01,5.680354574445905413e+00,2.679238808416213757e+00,2.011289934721913458e-03
6.810000000000004938e-01,-4.219067340383319542e-01,9.071031963762238304e-01,5.697101837131407720e+00,2.643525611638847028e+00,2.014247713610157337e-03
6.820000000000004947e-01,-4.162013520191013005e-01,9.097288216471972611e-01,5.713624755652937814e+00,2.607707574019791696e+00,2.017205492496516438e-03
6.830000000000004956e-01,-4.104795595281077181e-01,9.123185770461798016e-01,5.729922671665475420e+00,2.571786102493370141e+00,2.020163271380988161e-03
6.840000000000004965e-01,-4.047415818933697285e-01,9.148723598444665761e-01,5.745994935617879662e+00,2.535762608153582676e+00,2.023121050263569469e-03
6.850000000000004974e-01,-3.989876450880489589e-01,9.173900687265040821e-01,5.761840906779491789e+00,2.499638506199513444e+00,2.026078829144257760e-03
6.860000000000004983e-01,-3.932179757216164306e-01,9.198716037939673740e-01,5.777459953266403936e+00,2.463415215880559561e+00,2.029036608023050432e-03
6.870000000000004992e-01,-3.874328010309929238e-01,9.223168665697834001e-01,5.792851452067393936e+00,2.427094160441488846e+00,2.031994386899944448e-03
6.880000000000005000e-01,-3.816323488716634182e-01,9.247257600020984958e-01,5.808014789069521733e+00,2.390676767067329234e+00,2.034952165774937208e-03
6.890000000000005009e-01,-3.758168477087661663e-01,9.270981884681911422e-01,5.822949359083389176e+00,2.354164466828086777e+00,2.037909944648025676e-03
6.900000000000005018e-01,-3.699865266081566184e-01,9.294340577783291035e-01,5.837654565868060530e+00,2.317558694623301552e+00,2.040867723519207248e-03
6.910000000000005027e-01,-3.641416152274466467e-01,9.317332751795714962e-01,5.852129822155640149e+00,2.280860889126434810e+00,2.043825502388479324e-03
6.920000000000005036e-01,-3.582823438070194544e-01,9.339957493595145710e-01,5.866374549675516192e+00,2.244072492729098922e+00,2.046783281255838867e-03
6.930000000000005045e-01,-3.524089431610201717e-01,9.362213904499818717e-01,5.880388179178252628e+00,2.207194951485122569e+00,2.049741060121283275e-03
6.940000000000005054e-01,-3.465216446683230256e-01,9.384101100306585508e-01,5.894170150459144608e+00,2.170229715054462272e+00,2.052698838984809513e-03
6.950000000000005063e-01,-3.406206802634748620e-01,9.405618211326693956e-01,5.907719912381426575e+00,2.133178236646955384e+00,2.055656617846414978e-03
6.960000000000005071e-01,-3.347062824276157422e-01,9.426764382421003452e-01,5.921036922899135746e+00,2.096041972965918543e+00,2.058614396706097069e-03
6.970000000000005080e-01,-3.287786841793769455e-01,9.447538773034640514e-01,5.934120649079626553e+00,2.058822384151597795e+00,2.061572175563853183e-03
6.980000000000005089e-01,-3.228381190657564903e-01,9.467940557231081522e-01,5.946970567125740459e+00,2.021520933724465952e+00,2.064529954419679850e-03
6.990000000000005098e-01,-3.168848211529726733e-01,9.487968923725671466e-01,5.959586162397624953e+00,1.984139088528372064e+00,2.067487733273574903e-03
7.000000000000005107e-01,-3.109190250172960690e-01,9.507623075918574251e-01,5.971966929434202598e+00,1.946678318673548569e+00,2.070445512125535306e-03
7.010000000000005116e-01,-3.049409657358600478e-01,9.526902231927149023e-01,5.984112371974291023e+00,1.909140097479471665e+00,2.073403290975558456e-03
7.020000000000005125e-01,-2.989508788774506431e-01,9.545805624617758056e-01,5.996022002977368537e+00,1.871525901417582238e+00,2.076361069823641752e-03
7.030000000000005134e-01,-2.929490004932754910e-01,9.564332501636997330e-01,6.007695344643988022e+00,1.833837210053866684e+00,2.079318848669782158e-03
7.040000000000005143e-01,-2.869355671077128411e-01,9.582482125442357557e-01,6.019131928435837331e+00,1.796075505991301613e+00,2.082276627513976637e-03
7.050000000000005151e-01,-2.809108157090403624e-01,9.600253773332303453e-01,6.030331295095444410e+00,1.758242274812162442e+00,2.085234406356223022e-03
7.060000000000005160e-01,-2.748749837401447405e-01,9.617646737475776808e-01,6.041292994665524496e+00,1.720339005020200318e+00,2.088192185196517843e-03
7.070000000000005169e-01,-2.688283090892119587e-01,9.634660324941123344e-01,6.052016586507974694e+00,1.682367187982687584e+00,2.091149964034858932e-03
7.080000000000005178e-01,-2.627710300803987042e-01,9.651293857724437819e-01,6.062501639322508851e+00,1.644328317872335798e+00,2.094107742871243252e-03
7.090000000000005187e-01,-2.567033854644854007e-01,9.667546672777327377e-01,6.072747731164930052e+00,1.606223891609085630e+00,2.097065521705668203e-03
7.100000000000005196e-01,-2.506256144095111993e-01,9.683418122034089803e-01,6.082754449465049618e+00,1.568055408801774853e+00,2.100023300538130747e-03
7.110000000000005205e-01,-2.445379564913910120e-01,9.698907572438313363e-01,6.092521391044243728e+00,1.529824371689682661e+00,2.102981079368628284e-03
7.120000000000005214e-01,-2.384406516845154755e-01,9.714014405968887100e-01,6.102048162132644116e+00,1.491532285083954967e+00,2.105938858197158210e-03
7.130000000000005222e-01,-2.323339403523336788e-01,9.728738019665427172e-01,6.111334378385972599e+00,1.453180656308912244e+00,2.108896637023717491e-03
7.140000000000005231e-01,-2.262180632379193201e-01,9.743077825653112534e-01,6.120379664902010575e+00,1.414770995143241450e+00,2.111854415848303523e-03
7.150000000000005240e-01,-2.200932614545205446e-01,9.757033251166935539e-01,6.129183656236702582e+00,1.376304813761075163e+00,2.114812194670913272e-03
7.160000000000005249e-01,-2.139597764760939325e-01,9.770603738575361907e-01,6.137745996419895711e+00,1.337783626672959691e+00,2.117769973491544569e-03
7.170000000000005258e-01,-2.078178501278228063e-01,9.783788745403398934e-01,6.146066338970715748e+00,1.299208950666714824e+00,2.120727752310193944e-03
7.180000000000005267e-01,-2.016677245766204662e-01,9.796587744355069738e-01,6.154144346912572949e+00,1.260582304748186111e+00,2.123685531126859229e-03
7.190000000000005276e-01,-1.955096423216185486e-01,9.809000223335301305e-01,6.161979692787805440e+00,1.221905210081894122e+00,2.126643309941537389e-03
7.200000000000005285e-01,-1.893438461846409515e-01,9.821025685471209687e-01,6.169572058671949577e+00,1.183179189931580666e+00,2.129601088754225387e-03
7.210000000000005294e-01,-1.831705793006635774e-01,9.832663649132795669e-01,6.176921136187643491e+00,1.144405769600655765e+00,2.132558867564920621e-03
7.220000000000005302e-01,-1.769900851082605031e-01,9.843913647953046464e-01,6.184026626518162928e+00,1.105586476372547144e+00,2.135516646373620490e-03
7.230000000000005311e-01,-1.708026073400367439e-01,9.854775230847433454e-01,6.190888240420584054e+00,1.066722839450954474e+00,2.138474425180322391e-03
7.240000000000005320e-01,-1.646083900130479449e-01,9.865247962032815954e-01,6.197505698238575889e+00,1.027816389900009897e+00,2.141432203985023288e-03
7.250000000000005329e-01,-1.584076774192076098e-01,9.875331421045748792e-01,6.203878729914821477e+00,9.888686605843491906e-01,2.144389982787720146e-03
7.260000000000005338e-01,-1.522007141156820342e-01,9.885025202760185925e-01,6.210007075003066035e+00,9.498811861090934450e-01,2.147347761588410363e-03
7.270000000000005347e-01,-1.459877449152733597e-01,9.894328917404582313e-01,6.215890482679792051e+00,9.108555027597449172e-01,2.150305540387091336e-03
7.280000000000005356e-01,-1.397690148767911089e-01,9.903242190578400717e-01,6.221528711755521357e+00,8.717931484419991772e-01,2.153263319183760464e-03
7.290000000000005365e-01,-1.335447692954127574e-01,9.911764663268011200e-01,6.226921530685741502e+00,8.326956626214756518e-01,2.156221097978414710e-03
7.300000000000005373e-01,-1.273152536930333423e-01,9.919895991861986673e-01,6.232068717581456418e+00,7.935645862633688985e-01,2.159178876771051473e-03
7.310000000000005382e-01,-1.210807138086049117e-01,9.927635848165800025e-01,6.236970060219362288e+00,7.544014617720230520e-01,2.162136655561667717e-03
7.320000000000005391e-01,-1.148413955884658583e-01,9.934983919415909526e-01,6.241625356051648588e+00,7.152078329304313309e-01,2.165094434350260839e-03
7.330000000000005400e-01,-1.085975451766607175e-01,9.941939908293244699e-01,6.246034412215418108e+00,6.759852448396639346e-01,2.168052213136828239e-03
7.340000000000005409e-01,-1.023494089052506689e-01,9.948503532936083804e-01,6.250197045541733054e+00,6.367352438582253304e-01,2.171009991921366879e-03
7.350000000000005418e-01,-9.609723328461522440e-02,9.954674526952324021e-01,6.254113082564279225e+00,5.974593775413443719e-01,2.173967770703874158e-03
7.360000000000005427e-01,-8.984126499374542330e-02,9.960452639431146560e-01,6.257782359527655380e+00,5.581591945801986920e-01,2.176925549484347040e-03
7.370000000000005436e-01,-8.358175087052893693e-02,9.965837634954068935e-01,6.261204722395279809e+00,5.188362447410767020e-01,2.179883328262782922e-03
7.380000000000005445e-01,-7.731893790202747085e-02,9.970829293605394383e-01,6.264380026856921191e+00,4.794920788044787496e-01,2.182841107039179204e-03
7.390000000000005453e-01,-7.105307321474678417e-02,9.975427410982047327e-01,6.267308138335843104e+00,4.401282485041599912e-01,2.185798885813532849e-03
7.400000000000005462e-01,-6.478440406489979764e-02,9.979631798202802662e-01,6.269988931995571946e+00,4.007463064661175300e-01,2.188756664585841255e-03
7.410000000000005471e-01,-5.851317782866308215e-02,9.983442281916902195e-01,6.272422292746282935e+00,3.613478061475239866e-01,2.191714443356101820e-03
7.420000000000005480e-01,-5.223964199242719930e-02,9.986858704312060464e-01,6.274608115250803309e+00,3.219343017756100545e-01,2.194672222124311508e-03
7.430000000000005489e-01,-4.596404414304120639e-02,9.989880923121859935e-01,6.276546303930231829e+00,2.825073482864982610e-01,2.197630000890467717e-03
7.440000000000005498e-01,-3.968663195805171434e-02,9.992508811632532240e-01,6.278236772969179036e+00,2.430685012639902665e-01,2.200587779654567411e-03
7.450000000000005507e-01,-3.340765319593693577e-02,9.994742258689132131e-01,6.279679446320622027e+00,2.036193168783103080e-01,2.203545558416607989e-03
7.460000000000005516e-01,-2.712735568633604932e-02,9.996581168701093034e-01,6.280874257710373776e+00,1.641613518248071224e-01,2.206503337176586848e-03
7.470000000000005524e-01,-2.084598732027427570e-02,9.998025461647170875e-01,6.281821150641171414e+00,1.246961632626164829e-01,2.209461115934500952e-03
7.480000000000005533e-01,-1.456379604038407841e-02,9.999075073079776166e-01,6.282520078396379049e+00,8.522530875328707123e-02,2.212418894690347700e-03
7.490000000000005542e-01,-8.281029831122849877e-03,9.999729954128692144e-01,6.282971004043305996e+00,4.575034619937198149e-02,2.215376673444124488e-03
7.500000000000005551e-01,-1.997936708987457788e-03,9.999990071504176736e-01,6.283173900436137771e+00,6.272833782988165852e-03,2.218334452195828282e-03
7.510000000000005560e-01,4.285235287273927822e-03,9.999855407499449456e-01,6.283128750218482494e+00,-3.320567009565358191e-02,2.221292230945456046e-03
7.520000000000005569e-01,1.056823810645237532e-02,9.999325959992567681e-01,6.282835545825535384e+00,-7.268360687974591283e-02,2.224250009693005611e-03
7.530000000000005578e-01,1.685082369467069685e-02,9.998401742447682317e-01,6.282294289485848893e+00,-1.121594179174068562e-01,2.227207788438473942e-03
7.540000000000005587e-01,2.313274400517752877e-02,9.997082783915682835e-01,6.281504993222724487e+00,-1.516315445232240267e-01,2.230165567181858002e-03
7.550000000000005596e-01,2.941375100814262039e-02,9.995369129034222810e-01,6.280467678855212732e+00,-1.910984280398188573e-01,2.233123345923155190e-03
7.560000000000005604e-01,3.569359670045291200e-02,9.993260838027133719e-01,6.279182377998725251e+00,-2.305585098994280546e-01,2.236081124662362904e-03
7.570000000000005613e-01,4.197203311550905258e-02,9.990757986703220350e-01,6.277649132065265647e+00,-2.700102316855002571e-01,2.239038903399478541e-03
7.580000000000005622e-01,4.824881233302193151e-02,9.987860666454440040e-01,6.275867992263266082e+00,-3.094520351943051972e-01,2.241996682134499066e-03
7.590000000000005631e-01,5.452368648880888402e-02,9.984568984253465729e-01,6.273839019597039268e+00,-3.488823624965529113e-01,2.244954460867421876e-03
7.600000000000005640e-01,6.079640778458911959e-02,9.980883062650635074e-01,6.271562284865841441e+00,-3.882996559990207763e-01,2.247912239598243937e-03
7.610000000000005649e-01,6.706672849777803314e-02,9.976803039770280046e-01,6.269037868662548973e+00,-4.277023585061856537e-01,2.250870018326962645e-03
7.620000000000005658e-01,7.333440099128002432e-02,9.972329069306443694e-01,6.266265861371943302e+00,-4.670889132818587530e-01,2.253827797053574965e-03
7.630000000000005667e-01,7.959917772327934626e-02,9.967461320517976286e-01,6.263246363168609498e+00,-5.064577641108212180e-01,2.256785575778078295e-03
7.640000000000005675e-01,8.586081125702872685e-02,9.962199978223019725e-01,6.259979484014445816e+00,-5.458073553604569916e-01,2.259743354500470033e-03
7.650000000000005684e-01,9.211905427063526997e-02,9.956545242792871342e-01,6.256465343655785105e+00,-5.851361320423814627e-01,2.262701133220747576e-03
7.660000000000005693e-01,9.837365956684328283e-02,9.950497330145234853e-01,6.252704071620125426e+00,-6.244425398740631739e-01,2.265658911938907890e-03
7.670000000000005702e-01,1.046243800828136339e-01,9.944056471736854030e-01,6.248695807212472531e+00,-6.637250253404354261e-01,2.268616690654947938e-03
7.680000000000005711e-01,1.108709688998993081e-01,9.937222914555526865e-01,6.244440699511291548e+00,-7.029820357554965593e-01,2.271574469368865118e-03
7.690000000000005720e-01,1.171131792534166188e-01,9.929996921111512442e-01,6.239938907364074971e+00,-7.422120193238953556e-01,2.274532248080656828e-03
7.700000000000005729e-01,1.233507645424119087e-01,9.922378769428311651e-01,6.235190599382513632e+00,-7.814134252024996785e-01,2.277490026790320466e-03
7.710000000000005738e-01,1.295834783394231582e-01,9.914368753032840598e-01,6.230195953937283981e+00,-8.205847035619455720e-01,2.280447805497852996e-03
7.720000000000005747e-01,1.358110744002362091e-01,9.905967180944982298e-01,6.224955159152442796e+00,-8.597243056481647105e-01,2.283405584203251817e-03
7.730000000000005755e-01,1.420333066736351180e-01,9.897174377666527745e-01,6.219468412899435528e+00,-8.988306838438869795e-01,2.286363362906513891e-03
7.740000000000005764e-01,1.482499293111465000e-01,9.887990683169501915e-01,6.213735922790712074e+00,-9.379022917301167439e-01,2.289321141607636619e-03
7.750000000000005773e-01,1.544606966767770873e-01,9.878416452883870269e-01,6.207757906172955309e+00,-9.769375841475795852e-01,2.292278920306616962e-03
7.760000000000005782e-01,1.606653633567444173e-01,9.868452057684639067e-01,6.201534590119919699e+00,-1.015935017258137174e+00,2.295236699003452754e-03
7.770000000000005791e-01,1.668636841692002493e-01,9.858097883878332857e-01,6.195066211424880898e+00,-1.054893048606167616e+00,2.298194477698140958e-03
7.780000000000005800e-01,1.730554141739460428e-01,9.847354333188863551e-01,6.188353016592695433e+00,-1.093810137179909381e+00,2.301152256390678538e-03
7.790000000000005809e-01,1.792403086821404701e-01,9.836221822742787779e-01,6.181395261831472254e+00,-1.132684743472766042e+00,2.304110035081062893e-03
7.800000000000005818e-01,1.854181232659982970e-01,9.824700785053945840e-01,6.174193213043856154e+00,-1.171515329544568607e+00,2.307067813769291421e-03
7.810000000000005826e-01,1.915886137684804646e-01,9.812791668007492252e-01,6.166747145817917719e+00,-1.210300359082793875e+00,2.310025592455361085e-03
7.820000000000005835e-01,1.977515363129747072e-01,9.800494934843314576e-01,6.159057345417662255e+00,-1.249038297463736624e+00,2.312983371139269283e-03
7.830000000000005844e-01,2.039066473129666768e-01,9.787811064138838280e-01,6.151124106773142586e+00,-1.287727611813631601e+00,2.315941149821012981e-03
7.840000000000005853e-01,2.100537034817007986e-01,9.774740549791222088e-01,6.142947734470188159e+00,-1.326366771069724226e+00,2.318898928500589575e-03
7.850000000000005862e-01,2.161924618418308297e-01,9.761283900998943830e-01,6.134528542739745127e+00,-1.364954246041286900e+00,2.321856707177996464e-03
7.860000000000005871e-01,2.223226797350594253e-01,9.747441642242772319e-01,6.125866855446825632e+00,-1.403488509470578682e+00,2.324814485853231045e-03
7.870000000000005880e-01,2.284441148317665204e-01,9.733214313266137507e-01,6.116963006079075171e+00,-1.441968036093746131e+00,2.327772264526290283e-03
7.880000000000005889e-01,2.345565251406261098e-01,9.718602469054883342e-01,6.107817337734944729e+00,-1.480391302701661305e+00,2.330730043197171142e-03
7.890000000000005898e-01,2.406596690182109810e-01,9.703606679816418890e-01,6.098430203111483650e+00,-1.518756788200696706e+00,2.333687821865871020e-03
7.900000000000005906e-01,2.467533051785850418e-01,9.688227530958258837e-01,6.088801964491737273e+00,-1.557062973673432493e+00,2.336645600532387314e-03
7.910000000000005915e-01,2.528371927028828514e-01,9.672465623065958917e-01,6.078932993731767098e+00,-1.595308342439295091e+00,2.339603379196717424e-03
7.920000000000005924e-01,2.589110910488759409e-01,9.656321571880441823e-01,6.068823672247275702e+00,-1.633491380115124292e+00,2.342561157858858312e-03
7.930000000000005933e-01,2.649747600605256714e-01,9.639796008274725825e-01,6.058474390999850634e+00,-1.671610574675665095e+00,2.345518936518807378e-03
7.940000000000005942e-01,2.710279599775221038e-01,9.622889578230038321e-01,6.047885550482821060e+00,-1.709664416513983820e+00,2.348476715176561584e-03
7.950000000000005951e-01,2.770704514448084077e-01,9.605602942811333200e-01,6.037057560706730719e+00,-1.747651398501804509e+00,2.351434493832118330e-03
7.960000000000005960e-01,2.831019955220906992e-01,9.587936778142203131e-01,6.025990841184421853e+00,-1.785570016049763842e+00,2.354392272485474578e-03
7.970000000000005969e-01,2.891223536933327787e-01,9.569891775379190113e-01,6.014685820915739001e+00,-1.823418767167581445e+00,2.357350051136628162e-03
7.980000000000005977e-01,2.951312878762352154e-01,9.551468640685490952e-01,6.003142938371846427e+00,-1.861196152524144054e+00,2.360307829785575611e-03
7.990000000000005986e-01,3.011285604316987774e-01,9.532668095204069880e-01,5.991362641479160978e+00,-1.898900675507500191e+00,2.363265608432314757e-03
8.000000000000005995e-01,3.071139341732714301e-01,9.513490875030162774e-01,5.979345387602901241e+00,-1.936530842284762466e+00,2.366223387076842564e-03
8.010000000000006004e-01,3.130871723765786818e-01,9.493937731183192952e-01,5.967091643530258338e+00,-1.974085161861917292e+00,2.369181165719155997e-03
8.020000000000006013e-01,3.190480387887371649e-01,9.474009429578077457e-01,5.954601885453176813e+00,-2.011562146143536456e+00,2.372138944359252887e-03
8.030000000000006022e-01,3.249962976377505086e-01,9.453706750995948260e-01,5.941876598950759814e+00,-2.048960309992389650e+00,2.375096722997130198e-03
8.040000000000006031e-01,3.309317136418874483e-01,9.433030491054270605e-01,5.928916278971289699e+00,-2.086278171288955985e+00,2.378054501632784895e-03
8.050000000000006040e-01,3.368540520190420606e-01,9.411981460176368497e-01,5.915721429813869392e+00,-2.123514250990832242e+00,2.381012280266214375e-03
8.060000000000006048e-01,3.427630784960751242e-01,9.390560483560356220e-01,5.902292565109680922e+00,-2.160667073192030774e+00,2.383970058897416037e-03
8.070000000000006057e-01,3.486585593181366072e-01,9.368768401147480329e-01,5.888630207802865613e+00,-2.197735165182173489e+00,2.386927837526386844e-03
8.080000000000006066e-01,3.545402612579691137e-01,9.346606067589867672e-01,5.874734890131025011e+00,-2.234717057505569926e+00,2.389885616153124195e-03
8.090000000000006075e-01,3.604079516251912363e-01,9.324074352217680550e-01,5.860607153605342567e+00,-2.271611284020183419e+00,2.392843394777625487e-03
8.100000000000006084e-01,3.662613982755611453e-01,9.301174139005690122e-01,5.846247548990329612e+00,-2.308416381956480468e+00,2.395801173399887685e-03
8.110000000000006093e-01,3.721003696202195843e-01,9.277906326539254733e-01,5.831656636283187645e+00,-2.345130891976160203e+00,2.398758952019908186e-03
8.120000000000006102e-01,3.779246346349121044e-01,9.254271827979714260e-01,5.816834984692801136e+00,-2.381753358230763062e+00,2.401716730637683955e-03
8.130000000000006111e-01,3.837339628691900928e-01,9.230271571029202704e-01,5.801783172618349305e+00,-2.418282328420156002e+00,2.404674509253212824e-03
8.140000000000006120e-01,3.895281244555902633e-01,9.205906497894869034e-01,5.786501787627543081e+00,-2.454716353850890265e+00,2.407632287866491323e-03
8.150000000000006128e-01,3.953068901187919981e-01,9.181177565252520711e-01,5.770991426434490812e+00,-2.491053989494430354e+00,2.410590066477517283e-03
8.160000000000006137e-01,4.010700311847527066e-01,9.156085744209684352e-01,5.755252694877182940e+00,-2.527293794045252895e+00,2.413547845086287235e-03
8.170000000000006146e-01,4.068173195898201477e-01,9.130632020268083515e-01,5.739286207894609859e+00,-2.563434329978809156e+00,2.416505623692799011e-03
8.180000000000006155e-01,4.125485278898219366e-01,9.104817393285543625e-01,5.723092589503503191e+00,-2.599474163609353905e+00,2.419463402297049575e-03
8.190000000000006164e-01,4.182634292691314593e-01,9.078642877437312908e-01,5.706672472774707572e+00,-2.635411865147635258e+00,2.422421180899036325e-03
8.200000000000006173e-01,4.239617975497099733e-01,9.052109501176807127e-01,5.690026499809179406e+00,-2.671246008758440205e+00,2.425378959498756225e-03
8.210000000000006182e-01,4.296434072001246718e-01,9.025218307195788103e-01,5.673155321713613475e+00,-2.706975172618001579e+00,2.428336738096206673e-03
8.220000000000006191e-01,4.353080333445419892e-01,8.997970352383957149e-01,5.656059598575706282e+00,-2.742597938971254035e+00,2.431294516691385067e-03
8.230000000000006199e-01,4.409554517716961497e-01,8.970366707787986726e-01,5.638739999439044581e+00,-2.778112894188945248e+00,2.434252295284288371e-03
8.240000000000006208e-01,4.465854389438322358e-01,8.942408458569972574e-01,5.621197202277627092e+00,-2.813518628824593915e+00,2.437210073874913983e-03
8.250000000000006217e-01,4.521977720056238326e-01,8.914096703965327384e-01,5.603431893970022060e+00,-2.848813737671295421e+00,2.440167852463259301e-03
8.260000000000006226e-01,4.577922287930644152e-01,8.885432557240097173e-01,5.585444770273155335e+00,-2.883996819818372082e+00,2.443125631049321289e-03
8.270000000000006235e-01,4.633685878423325910e-01,8.856417145647719202e-01,5.567236535795735186e+00,-2.919066478707863066e+00,2.446083409633096912e-03
8.280000000000006244e-01,4.689266283986303074e-01,8.827051610385211466e-01,5.548807903971312072e+00,-2.954021322190856225e+00,2.449041188214584001e-03
8.290000000000006253e-01,4.744661304249940814e-01,8.797337106548801522e-01,5.530159597030973373e+00,-2.988859962583656049e+00,2.451998966793779520e-03
8.300000000000006262e-01,4.799868746110788620e-01,8.767274803088994650e-01,5.511292345975678408e+00,-3.023581016723785098e+00,2.454956745370680433e-03
8.310000000000006271e-01,4.854886423819138042e-01,8.736865882765081359e-01,5.492206890548230191e+00,-3.058183106025819331e+00,2.457914523945284573e-03
8.320000000000006279e-01,4.909712159066299542e-01,8.706111542099090883e-01,5.472903979204886582e+00,-3.092664856537052032e+00,2.460872302517588470e-03
8.330000000000006288e-01,4.964343781071593464e-01,8.675012991329184020e-01,5.453384369086613503e+00,-3.127024898992984525e+00,2.463830081087589954e-03
8.340000000000006297e-01,5.018779126669052904e-01,8.643571454362493078e-01,5.433648825989974895e+00,-3.161261868872643710e+00,2.466787859655285992e-03
8.350000000000006306e-01,5.073016040393831805e-01,8.611788168727415593e-01,5.413698124337671835e+00,-3.195374406453721061e+00,2.469745638220673979e-03
8.360000000000006315e-01,5.127052374568317195e-01,8.579664385525347381e-01,5.393533047148718396e+00,-3.229361156867531779e+00,2.472703416783750881e-03
8.370000000000006324e-01,5.180885989387942203e-01,8.547201369381876024e-01,5.373154386008268446e+00,-3.263220770153791861e+00,2.475661195344514096e-03
8.380000000000006333e-01,5.234514753006695997e-01,8.514400398397422576e-01,5.352562941037081856e+00,-3.296951901315210876e+00,2.478618973902960588e-03
8.390000000000006342e-01,5.287936541622324516e-01,8.481262764097337037e-01,5.331759520860640755e+00,-3.330553210371897332e+00,2.481576752459087754e-03
8.400000000000006350e-01,5.341149239561221451e-01,8.447789771381458701e-01,5.310744942577914962e+00,-3.364023362415575757e+00,2.484534531012892993e-03
8.410000000000006359e-01,5.394150739363007263e-01,8.413982738473123613e-01,5.289520031729771254e+00,-3.397361027663611033e+00,2.487492309564373703e-03
8.420000000000006368e-01,5.446938941864786221e-01,8.379842996867642446e-01,5.268085622267038026e+00,-3.430564881512840447e+00,2.490450088113526847e-03
8.430000000000006377e-01,5.499511756285088149e-01,8.345371891280237708e-01,5.246442556518218225e+00,-3.463633604593206794e+00,2.493407866660349390e-03
8.440000000000006386e-01,5.551867100307479319e-01,8.310570779593442481e-01,5.224591685156854126e+00,-3.496565882821196070e+00,2.496365645204838730e-03
8.450000000000006395e-01,5.604002900163848055e-01,8.275441032803971808e-01,5.202533867168548376e+00,-3.529360407453071335e+00,2.499323423746992266e-03
8.460000000000006404e-01,5.655917090717362816e-01,8.239984034969056736e-01,5.180269969817637765e+00,-3.562015875137905851e+00,2.502281202286807393e-03
8.470000000000006413e-01,5.707607615545088331e-01,8.204201183152254329e-01,5.157800868613521494e+00,-3.594530987970408376e+00,2.505238980824281078e-03
8.480000000000006422e-01,5.759072427020265339e-01,8.168093887368726991e-01,5.135127447276650159e+00,-3.626904453543542850e+00,2.508196759359410718e-03
8.490000000000006430e-01,5.810309486394252820e-01,8.131663570529997775e-01,5.112250597704171895e+00,-3.659134985000935369e+00,2.511154537892193277e-03
8.500000000000006439e-01,5.861316763878120506e-01,8.094911668388181658e-01,5.089171219935235690e+00,-3.691221301089071982e+00,2.514112316422626153e-03
8.510000000000006448e-01,5.912092238723892779e-01,8.057839629479699450e-01,5.065890222115959851e+00,-3.723162126209278444e+00,2.517070094950706310e-03
8.520000000000006457e-01,5.962633899305443963e-01,8.020448915068467688e-01,5.042408520464059407e+00,-3.754956190469485033e+00,2.520027873476431580e-03
8.530000000000006466e-01,6.012939743199033904e-01,7.982740999088574485e-01,5.018727039233139564e+00,-3.786602229735771541e+00,2.522985651999798493e-03
8.540000000000006475e-01,6.063007777263488274e-01,7.944717368086445797e-01,4.994846710676650758e+00,-3.818098985683691104e+00,2.525943430520804882e-03
8.550000000000006484e-01,6.112836017720014725e-01,7.906379521162488766e-01,4.970768475011514198e+00,-3.849445205849368890e+00,2.528901209039447710e-03
8.560000000000006493e-01,6.162422490231656003e-01,7.867728969912234360e-01,4.946493280381413449e+00,-3.880639643680376949e+00,2.531858987555724375e-03
8.570000000000006501e-01,6.211765229982368908e-01,7.828767238366971526e-01,4.922022082819752065e+00,-3.911681058586379045e+00,2.534816766069631841e-03
8.580000000000006510e-01,6.260862281755740222e-01,7.789495862933870640e-01,4.897355846212286146e+00,-3.942568215989545877e+00,2.537774544581167507e-03
8.590000000000006519e-01,6.309711700013316271e-01,7.749916392335608473e-01,4.872495542259428269e+00,-3.973299887374737605e+00,2.540732323090328336e-03
8.600000000000006528e-01,6.358311548972563898e-01,7.710030387549492437e-01,4.847442150438219244e+00,-4.003874850339450120e+00,2.543690101597111727e-03
8.610000000000006537e-01,6.406659902684443963e-01,7.669839421746084129e-01,4.822196657963982780e+00,-4.034291888643527280e+00,2.546647880101515077e-03
8.620000000000006546e-01,6.454754845110600714e-01,7.629345080227327713e-01,4.796760059751649763e+00,-4.064549792258630667e+00,2.549605658603535351e-03
8.630000000000006555e-01,6.502594470200163679e-01,7.588548960364187579e-01,4.771133358376763667e+00,-4.094647357417468214e+00,2.552563437103169946e-03
8.640000000000006564e-01,6.550176881966156550e-01,7.547452671533791957e-01,4.745317564036162672e+00,-4.124583386662782125e+00,2.555521215600416261e-03
8.650000000000006573e-01,6.597500194561514153e-01,7.506057835056086924e-01,4.719313694508345591e+00,-4.154356688896086780e+00,2.558478994095271259e-03
8.660000000000006581e-01,6.644562532354696405e-01,7.464366084130009682e-01,4.693122775113518053e+00,-4.183966079426164164e+00,2.561436772587732339e-03
8.670000000000006590e-01,6.691362030004907036e-01,7.422379063769168894e-01,4.666745838673322488e+00,-4.213410380017300838e+00,2.564394551077796899e-03
8.680000000000006599e-01,6.737896832536904856e-01,7.380098430737055404e-01,4.640183925470251936e+00,-4.242688418937281547e+00,2.567352329565461902e-03
8.690000000000006608e-01,6.784165095415406466e-01,7.337525853481764448e-01,4.613438083206753859e+00,-4.271799031005124370e+00,2.570310108050724313e-03
8.700000000000006617e-01,6.830164984619082613e-01,7.294663012070248254e-01,4.586509366964020451e+00,-4.300741057638555631e+00,2.573267886533581964e-03
8.710000000000006626e-01,6.875894676714136011e-01,7.251511598122090119e-01,4.559398839160470729e+00,-4.329513346901235238e+00,2.576225665014031819e-03
8.720000000000006635e-01,6.921352358927466142e-01,7.208073314742811100e-01,4.532107569509919998e+00,-4.358114753549712006e+00,2.579183443492070842e-03
8.730000000000006644e-01,6.966536229219411069e-01,7.164349876456708177e-01,4.504636634979448218e+00,-4.386544139080122306e+00,2.582141221967696430e-03
8.740000000000006652e-01,7.011444496356069589e-01,7.120343009139226131e-01,4.476987119746958399e+00,-4.414800371774621368e+00,2.585099000440905983e-03
8.750000000000006661e-01,7.056075379981195939e-01,7.076054449948865344e-01,4.449160115158435680e+00,-4.442882326747547239e+00,2.588056778911696897e-03
8.760000000000006670e-01,7.100427110687665966e-01,7.031485947258629965e-01,4.421156719684901759e+00,-4.470788885991317407e+00,2.591014557380066138e-03
8.770000000000006679e-01,7.144497930088510307e-01,6.986639260587018674e-01,4.392978038879070013e+00,-4.498518938422052749e+00,2.593972335846010668e-03
8.780000000000006688e-01,7.188286090887512358e-01,6.941516160528563573e-01,4.364625185331702184e+00,-4.526071379924929694e+00,2.596930114309527887e-03
8.790000000000006697e-01,7.231789856949371043e-01,6.896118428683909451e-01,4.336099278627671083e+00,-4.553445113399255284e+00,2.599887892770615192e-03
8.800000000000006706e-01,7.275007503369420592e-01,6.850447857589452294e-01,4.307401445301723975e+00,-4.580639048803268665e+00,2.602845671229269981e-03
8.810000000000006715e-01,7.317937316542906245e-01,6.804506250646524812e-01,4.278532818793954640e+00,-4.607652103198659255e+00,2.605803449685489218e-03
8.820000000000006724e-01,7.360577594233814747e-01,6.758295422050140111e-01,4.249494539404986782e+00,-4.634483200794805136e+00,2.608761228139270302e-03
8.830000000000006732e-01,7.402926645643254089e-01,6.711817196717297929e-01,4.220287754250862555e+00,-4.661131272992730779e+00,2.611719006590610195e-03
8.840000000000006741e-01,7.444982791477379180e-01,6.665073410214845673e-01,4.190913617217647769e+00,-4.687595258428776113e+00,2.614676785039506297e-03
8.850000000000006750e-01,7.486744364014867870e-01,6.618065908686910914e-01,4.161373288915750202e+00,-4.713874103017980488e+00,2.617634563485956006e-03
8.860000000000006759e-01,7.528209707173930676e-01,6.570796548781896451e-01,4.131667936633951044e+00,-4.739966759997177981e+00,2.620592341929956284e-03
8.870000000000006768e-01,7.569377176578866440e-01,6.523267197579051269e-01,4.101798734293158333e+00,-4.765872189967798711e+00,2.623550120371504531e-03
8.880000000000006777e-01,7.610245139626148347e-01,6.475479732514607401e-01,4.071766862399875286e+00,-4.791589360938382391e+00,2.626507898810597711e-03
8.890000000000006786e-01,7.650811975550048105e-01,6.427436041307502679e-01,4.041573507999394188e+00,-4.817117248366791671e+00,2.629465677247233221e-03
8.900000000000006795e-01,7.691076075487789376e-01,6.379138021884671605e-01,4.011219864628709608e+00,-4.842454835202133268e+00,2.632423455681408460e-03
8.910000000000006803e-01,7.731035842544227155e-01,6.330587582305930994e-01,3.980707132269162063e+00,-4.867601111926377122e+00,2.635381234113120391e-03
8.920000000000006812e-01,7.770689691856050851e-01,6.281786640688439283e-01,3.950036517298802341e+00,-4.892555076595677122e+00,2.638339012542366413e-03
8.930000000000006821e-01,7.810036050655517759e-01,6.232737125130752842e-01,3.919209232444489377e+00,-4.917315734881388956e+00,2.641296790969143923e-03
8.940000000000006830e-01,7.849073358333693573e-01,6.183440973636467053e-01,3.888226496733717230e+00,-4.941882100110783327e+00,2.644254569393449886e-03
8.950000000000006839e-01,7.887800066503223295e-01,6.133900134037457708e-01,3.857089535446175610e+00,-4.966253193307452740e+00,2.647212347815281700e-03
8.960000000000006848e-01,7.926214639060605860e-01,6.084116563916716069e-01,3.825799580065044836e+00,-4.990428043231413646e+00,2.650170126234636329e-03
8.970000000000006857e-01,7.964315552247985819e-01,6.034092230530784251e-01,3.794357868228027897e+00,-5.014405686418892394e+00,2.653127904651511170e-03
8.980000000000006866e-01,8.002101294714452084e-01,5.983829110731797574e-01,3.762765643678120053e+00,-5.038185167221808314e+00,2.656085683065903622e-03
8.990000000000006875e-01,8.039570367576843735e-01,5.933329190889129467e-01,3.731024156214121312e+00,-5.061765537846935281e+00,2.659043461477810649e-03
9.000000000000006883e-01,8.076721284480059548e-01,5.882594466810648903e-01,3.699134661640890442e+00,-5.085145858394753304e+00,2.662001239887229649e-03
9.010000000000006892e-01,8.113552571656870160e-01,5.831626943663592577e-01,3.667098421719343193e+00,-5.108325196897983034e+00,2.664959018294157586e-03
9.020000000000006901e-01,8.150062767987225065e-01,5.780428635895047407e-01,3.634916704116198716e+00,-5.131302629359797862e+00,2.667916796698591858e-03
9.030000000000006910e-01,8.186250425057060021e-01,5.729001567152059993e-01,3.602590782353475074e+00,-5.154077239791721610e+00,2.670874575100529863e-03
9.040000000000006919e-01,8.222114107216595968e-01,5.677347770201361943e-01,3.570121935757732956e+00,-5.176648120251198470e+00,2.673832353499968565e-03
9.050000000000006928e-01,8.257652391638130585e-01,5.625469286848725492e-01,3.537511449409076913e+00,-5.199014370878843216e+00,2.676790131896905362e-03
9.060000000000006937e-01,8.292863868373315794e-01,5.573368167857948308e-01,3.504760614089907467e+00,-5.221175099935363662e+00,2.679747910291337652e-03
9.070000000000006946e-01,8.327747140409925697e-01,5.521046472869467481e-01,3.471870726233432958e+00,-5.243129423838158054e+00,2.682705688683262400e-03
9.080000000000006954e-01,8.362300823728103794e-01,5.468506270318610474e-01,3.438843087871940263e+00,-5.264876467197582066e+00,2.685663467072677002e-03
9.090000000000006963e-01,8.396523547356096184e-01,5.415749637353486357e-01,3.405679006584826585e+00,-5.286415362852883604e+00,2.688621245459578424e-03
9.100000000000006972e-01,8.430413953425460738e-01,5.362778659752519550e-01,3.372379795446395434e+00,-5.307745251907812545e+00,2.691579023843964063e-03
9.110000000000006981e-01,8.463970697225754458e-01,5.309595431841628299e-01,3.338946772973417243e+00,-5.328865283765887639e+00,2.694536802225831317e-03
9.120000000000006990e-01,8.497192447258695713e-01,5.256202056411048984e-01,3.305381263072459497e+00,-5.349774616165335672e+00,2.697494580605177151e-03
9.130000000000006999e-01,8.530077885291796891e-01,5.202600644631819593e-01,3.271684594986986383e+00,-5.370472415213687789e+00,2.700452358981998962e-03
9.140000000000007008e-01,8.562625706411467474e-01,5.148793315971912365e-01,3.237858103244230623e+00,-5.390957855422041867e+00,2.703410137356294148e-03
9.150000000000007017e-01,8.594834619075586435e-01,5.094782198112030036e-01,3.203903127601839707e+00,-5.411230119738982935e+00,2.706367915728059674e-03
9.160000000000007025e-01,8.626703345165539494e-01,5.040569426861061242e-01,3.169821012994298304e+00,-5.431288399584162541e+00,2.709325694097292937e-03
9.170000000000007034e-01,8.658230620037714598e-01,4.986157146071203972e-01,3.135613109479131300e+00,-5.451131894881533491e+00,2.712283472463990902e-03
9.180000000000007043e-01,8.689415192574467817e-01,4.931547507552759280e-01,3.101280772182886558e+00,-5.470759814092240880e+00,2.715241250828150966e-03
9.190000000000007052e-01,8.720255825234537461e-01,4.876742670988593598e-01,3.066825361246901860e+00,-5.490171374247168501e+00,2.718199029189770528e-03
9.200000000000007061e-01,8.750751294102924183e-01,4.821744803848282968e-01,3.032248241772857345e+00,-5.509365800979135308e+00,2.721156807548846552e-03
9.210000000000007070e-01,8.780900388940219292e-01,4.766556081301931425e-01,2.997550783768114790e+00,-5.528342328554744611e+00,2.724114585905376435e-03
9.220000000000007079e-01,8.810701913231386850e-01,4.711178686133677407e-01,2.962734362090849505e+00,-5.547100199905879769e+00,2.727072364259357142e-03
9.230000000000007088e-01,8.840154684233998417e-01,4.655614808654883752e-01,2.927800356394972603e+00,-5.565638666660851719e+00,2.730030142610786071e-03
9.240000000000007097e-01,8.869257533025911577e-01,4.599866646617020161e-01,2.892750151074849008e+00,-5.583956989175189456e+00,2.732987920959660619e-03
9.250000000000007105e-01,8.898009304552400023e-01,4.543936405124237576e-01,2.857585135209812499e+00,-5.602054436562079687e+00,2.735945699305977752e-03
9.260000000000007114e-01,8.926408857672722963e-01,4.487826296545641136e-01,2.822306702508480480e+00,-5.619930286722444102e+00,2.738903477649734866e-03
9.270000000000007123e-01,8.954455065206140540e-01,4.431538540427264472e-01,2.786916251252869792e+00,-5.637583826374664930e+00,2.741861255990929360e-03
9.280000000000007132e-01,8.982146813977365252e-01,4.375075363403747586e-01,2.751415184242317125e+00,-5.655014351083949897e+00,2.744819034329558198e-03
9.290000000000007141e-01,9.009483004861454924e-01,4.318438999109722731e-01,2.715804908737207146e+00,-5.672221165291334799e+00,2.747776812665618778e-03
9.300000000000007150e-01,9.036462552828142814e-01,4.261631688090914416e-01,2.680086836402506112e+00,-5.689203582342324594e+00,2.750734590999108064e-03
9.310000000000007159e-01,9.063084386985597041e-01,4.204655677714950190e-01,2.644262383251110293e+00,-5.705960924515173005e+00,2.753692369330023454e-03
9.320000000000007168e-01,9.089347450623619373e-01,4.147513222081895545e-01,2.608332969587006556e+00,-5.722492523048799740e+00,2.756650147658362346e-03
9.330000000000007176e-01,9.115250701256267796e-01,4.090206581934509034e-01,2.572300019948248639e+00,-5.738797718170334683e+00,2.759607925984121704e-03
9.340000000000007185e-01,9.140793110663913978e-01,4.032738024568222612e-01,2.536164963049751808e+00,-5.754875859122304149e+00,2.762565704307298926e-03
9.350000000000007194e-01,9.165973664934722320e-01,3.975109823740854975e-01,2.499929231725908529e+00,-5.770726304189442324e+00,2.765523482627891411e-03
9.360000000000007203e-01,9.190791364505561667e-01,3.917324259582055102e-01,2.463594262873029184e+00,-5.786348420725136776e+00,2.768481260945896121e-03
9.370000000000007212e-01,9.215245224202330832e-01,3.859383618502486568e-01,2.427161497391604250e+00,-5.801741585177501825e+00,2.771439039261310022e-03
9.380000000000007221e-01,9.239334273279713461e-01,3.801290193102750958e-01,2.390632380128399070e+00,-5.816905183115080646e+00,2.774396817574130945e-03
9.390000000000007230e-01,9.263057555460351145e-01,3.743046282082057030e-01,2.354008359818376306e+00,-5.831838609252174344e+00,2.777354595884355855e-03
9.400000000000007239e-01,9.286414128973432547e-01,3.684654190146636754e-01,2.317290889026452305e+00,-5.846541267473795322e+00,2.780312374191981715e-03
9.410000000000007248e-01,9.309403066592701892e-01,3.626116227917915991e-01,2.280481424089089604e+00,-5.861012570860249404e+00,2.783270152497006357e-03
9.420000000000007256e-01,9.332023455673883472e-01,3.567434711840440364e-01,2.243581425055725997e+00,-5.875251941711336023e+00,2.786227930799426312e-03
9.430000000000007265e-01,9.354274398191514406e-01,3.508611964089560220e-01,2.206592355630044633e+00,-5.889258811570173613e+00,2.789185709099239411e-03
9.440000000000007274e-01,9.376155010775195642e-01,3.449650312478881320e-01,2.169515683111088222e+00,-5.903032621246649292e+00,2.792143487396442619e-03
9.450000000000007283e-01,9.397664424745247880e-01,3.390552090367479066e-01,2.132352878334216939e+00,-5.916572820840480418e+00,2.795101265691033333e-03
9.460000000000007292e-01,9.418801786147782407e-01,3.331319636566888454e-01,2.095105415611914879e+00,-5.929878869763905769e+00,2.798059043983008518e-03
9.470000000000007301e-01,9.439566255789172411e-01,3.271955295247866990e-01,2.057774772674446861e+00,-5.942950236763984151e+00,2.801016822272365571e-03
9.480000000000007310e-01,9.459957009269935879e-01,3.212461415846935009e-01,2.020362430610369575e+00,-5.955786399944519971e+00,2.803974600559101457e-03
9.490000000000007319e-01,9.479973237018018972e-01,3.152840352972701154e-01,1.982869873806895056e+00,-5.968386846787596234e+00,2.806932378843214008e-03
9.500000000000007327e-01,9.499614144321483211e-01,3.093094466311974711e-01,1.945298589890116281e+00,-5.980751074174730064e+00,2.809890157124699753e-03
9.510000000000007336e-01,9.518878951360596474e-01,3.033226120535664760e-01,1.907650069665089987e+00,-5.992878588407635654e+00,2.812847935403556526e-03
9.520000000000007345e-01,9.537766893239323363e-01,2.973237685204477843e-01,1.869925807055784261e+00,-6.004768905228603515e+00,2.815805713679781289e-03
9.530000000000007354e-01,9.556277220016209384e-01,2.913131534674411327e-01,1.832127299044891799e+00,-6.016421549840494265e+00,2.818763491953371007e-03
9.540000000000007363e-01,9.574409196734672278e-01,2.852910048002048615e-01,1.794256045613510819e+00,-6.027836056926338060e+00,2.821721270224323511e-03
9.550000000000007372e-01,9.592162103452678279e-01,2.792575608849662272e-01,1.756313549680697417e+00,-6.039011970668548557e+00,2.824679048492635767e-03
9.560000000000007381e-01,9.609535235271822184e-01,2.732130605390125089e-01,1.718301317042891352e+00,-6.049948844767743417e+00,2.827636826758304738e-03
9.570000000000007390e-01,9.626527902365799028e-01,2.671577430211635740e-01,1.680220856313217048e+00,-6.060646242461176669e+00,2.830594605021327821e-03
9.580000000000007399e-01,9.643139430008262902e-01,2.610918480222261806e-01,1.642073678860664021e+00,-6.071103736540775841e+00,2.833552383281702416e-03
9.590000000000007407e-01,9.659369158600085159e-01,2.550156156554304054e-01,1.603861298749148956e+00,-6.081320909370785621e+00,2.836510161539425486e-03
9.600000000000007416e-01,9.675216443695995316e-01,2.489292864468488353e-01,1.565585232676460326e+00,-6.091297352905021611e+00,2.839467939794494428e-03
9.610000000000007425e-01,9.690680656030615792e-01,2.428331013257983007e-01,1.527246999913090431e+00,-6.101032668703723516e+00,2.842425718046906642e-03
9.620000000000007434e-01,9.705761181543881566e-01,2.367273016152253717e-01,1.488848122240956195e+00,-6.110526467950016638e+00,2.845383496296659091e-03
9.630000000000007443e-01,9.720457421405849230e-01,2.306121290220753406e-01,1.450390123892011607e+00,-6.119778371465975475e+00,2.848341274543749174e-03
9.640000000000007452e-01,9.734768792040887631e-01,2.244878256276453543e-01,1.411874531486754680e+00,-6.128788009728292963e+00,2.851299052788173853e-03
9.650000000000007461e-01,9.748694725151257900e-01,2.183546338779222273e-01,1.373302873972631621e+00,-6.137555022883545597e+00,2.854256831029930528e-03
9.660000000000007470e-01,9.762234667740072869e-01,2.122127965739050159e-01,1.334676682562339511e+00,-6.146079060763066870e+00,2.857214609269016596e-03
9.670000000000007478e-01,9.775388082133641410e-01,2.060625568619130488e-01,1.295997490672032626e+00,-6.154359782897417475e+00,2.860172387505429022e-03
9.680000000000007487e-01,9.788154446003193287e-01,1.999041582238795800e-01,1.257266833859433275e+00,-6.162396858530456711e+00,2.863130165739165203e-03
9.690000000000007496e-01,9.800533252385984495e-01,1.937378444676316203e-01,1.218486249761849383e+00,-6.170189966633013334e+00,2.866087943970222537e-03
9.700000000000007505e-01,9.812524009705784200e-01,1.875638597171563615e-01,1.179657278034103474e+00,-6.177738795916154046e+00,2.869045722198597988e-03
9.710000000000007514e-01,9.824126241792738856e-01,1.813824484028544182e-01,1.140781460286373949e+00,-6.185043044844052318e+00,2.872003500424288956e-03
9.720000000000007523e-01,9.835339487902612365e-01,1.751938552517804393e-01,1.101860340021951989e+00,-6.192102421646453081e+00,2.874961278647292402e-03
9.730000000000007532e-01,9.846163302735408962e-01,1.689983252778715361e-01,1.062895462574916738e+00,-6.198916644330735082e+00,2.877919056867605727e-03
9.740000000000007541e-01,9.856597256453367706e-01,1.627961037721637472e-01,1.023888375047731891e+00,-6.205485440693569110e+00,2.880876835085226326e-03
9.750000000000007550e-01,9.866640934698331922e-01,1.565874362929970676e-01,9.848406262487650054e-01,-6.211808548332171220e+00,2.883834613300151166e-03
9.760000000000007558e-01,9.876293938608500245e-01,1.503725686562094876e-01,9.457537666297339829e-01,-6.217885714655154494e+00,2.886792391512377643e-03
9.770000000000007567e-01,9.885555884834542617e-01,1.441517469253203176e-01,9.066293482230822764e-01,-6.223716696892972244e+00,2.889750169721902722e-03
9.780000000000007576e-01,9.894426405555096782e-01,1.379252174017032706e-01,8.674689245792855941e-01,-6.229301262107957093e+00,2.892707947928723801e-03
9.790000000000007585e-01,9.902905148491633058e-01,1.316932266147497754e-01,8.282740507040933231e-01,-6.234639187203953270e+00,2.895665726132838277e-03
9.800000000000007594e-01,9.910991776922695173e-01,1.254560213120227696e-01,7.890462829957072266e-01,-6.239730258935544782e+00,2.898623504334243116e-03
9.810000000000007603e-01,9.918685969697507154e-01,1.192138484494015965e-01,7.497871791818992993e-01,-6.244574273916870588e+00,2.901581282532935714e-03
9.820000000000007612e-01,9.925987421248958498e-01,1.129669551812181316e-01,7.104982982570728911e-01,-6.249171038630040087e+00,2.904539060728913470e-03
9.830000000000007621e-01,9.932895841605950960e-01,1.067155888503848044e-01,6.711812004192689862e-01,-6.253520369433134718e+00,2.907496838922173348e-03
9.840000000000007629e-01,9.939410956405124731e-01,1.004599969785148067e-01,6.318374470071198568e-01,-6.257622092567804550e+00,2.910454617112712746e-03
9.850000000000007638e-01,9.945532506901946235e-01,9.420042725603486322e-02,5.924686004367542003e-01,-6.261476044166454535e+00,2.913412395300528628e-03
9.860000000000007647e-01,9.951260249981165318e-01,8.793712753229109003e-02,5.530762241386554257e-01,-6.265082070259023972e+00,2.916370173485618392e-03
9.870000000000007656e-01,9.956593958166647385e-01,8.167034580564822011e-02,5.136618824944758632e-01,-6.268440026779352969e+00,2.919327951667979437e-03
9.880000000000007665e-01,9.961533419630566044e-01,7.540033021358270859e-02,4.742271407738100630e-01,-6.271549779571144789e+00,2.922285729847608725e-03
9.890000000000007674e-01,9.966078438201966261e-01,6.912732902277003710e-02,4.347735650709297905e-01,-6.274411204393514296e+00,2.925243508024503655e-03
9.900000000000007683e-01,9.970228833374695787e-01,6.285159061916670287e-02,3.953027222414833841e-01,-6.277024186926126958e+00,2.928201286198661626e-03
9.910000000000007692e-01,9.973984440314703770e-01,5.657336349808728126e-02,3.558161798391618058e-01,-6.279388622773928397e+00,2.931159064370079601e-03
9.920000000000007701e-01,9.977345109866699868e-01,5.029289625427693644e-02,3.163155060523350492e-01,-6.281504417471463597e+00,2.934116842538754977e-03
9.930000000000007709e-01,9.980310708560187205e-01,4.401043757197985185e-02,2.768022696406607364e-01,-6.283371486486785784e+00,2.937074620704684721e-03
9.940000000000007718e-01,9.982881118614858051e-01,3.772623621500393459e-02,2.372780398716681782e-01,-6.284989755224951402e+00,2.940032398867866228e-03
9.950000000000007727e-01,9.985056237945355573e-01,3.144054101678221691e-02,1.977443864573204535e-01,-6.286359159031107424e+00,2.942990177028296898e-03
9.960000000000007736e-01,9.986835980165400528e-01,2.515360087043141610e-02,1.582028794905572799e-01,-6.287479643193168322e+00,2.945947955185973695e-03
9.970000000000007745e-01,9.988220274591281811e-01,1.886566471880798609e-02,1.186550893818213159e-01,-6.288351162944075590e+00,2.948905733340894016e-03
9.980000000000007754e-01,9.989209066244717494e-01,1.257698154456213940e-02,7.910258679557083394e-02,-6.288973683463653153e+00,2.951863511493054825e-03
9.990000000000007763e-01,9.989802315855074166e-01,6.287800360190207161e-03,3.954694258678143753e-02,-6.289347179880046212e+00,2.954821289642453521e-03
1.000000000000000666e+00,9.989999999860957880e-01,-1.629801914235055882e-06,-1.027226256057611753e-05,-6.289471637270750648e+00,2.957779067789087502e-03
