tau,x,y,u,v,theta1
0.000000000000000000e+00,9.988999999999998991e-01,-0.000000000000000000e+00,0.000000000000000000e+00,-6.290100616529508137e+00,0.000000000000000000e+00
1.000000000000000021e-03,9.988802173623823055e-01,-6.290059092444361816e-03,-3.956514420862564801e-02,-6.289976044687294099e+00,1.965935621317396411e-06
2.000000000000000042e-03,9.988208702356841107e-01,-1.257986904286530205e-02,-7.912871611549010531e-02,-6.289602334143658879e+00,3.931871242634120279e-06
3.000000000000000062e-03,9.987219609783338781e-01,-1.886918071920534040e-02,-1.186891434825468605e-01,-6.288979499847405563e+00,5.897806863949499057e-06
4.000000000000000083e-03,9.985834935209401131e-01,-2.515774500933845581e-02,-1.582448541991759994e-01,-6.288107566712514362e+00,7.863742485262860204e-06
5.000000000000000104e-03,9.984054733661316128e-01,-3.144531283103478569e-02,-1.977942763458905295e-01,-6.286986569617107001e+00,9.829678106573531174e-06
6.000000000000000125e-03,9.981879075883344221e-01,-3.773163514192406920e-02,-2.373358382580344483e-01,-6.285616553401998985e+00,1.179561372788084112e-05
7.000000000000000146e-03,9.979308048334853964e-01,-4.401646294945744942e-02,-2.768679685894696041e-01,-6.283997572868834425e+00,1.376154934918411579e-05
8.000000000000000167e-03,9.976341753186817041e-01,-5.029954732086720087e-02,-3.163890963762487907e-01,-6.282129692777808749e+00,1.572748497048268436e-05
9.000000000000001055e-03,9.972980308317669351e-01,-5.658063939312396595e-02,-3.558976511002719390e-01,-6.280012987844978412e+00,1.769342059177587257e-05
1.000000000000000194e-02,9.969223847308531505e-01,-6.285949038289108393e-02,-3.953920627529231568e-01,-6.277647542739154041e+00,1.965935621306300957e-05
1.100000000000000283e-02,9.965072519437799814e-01,-6.913585159647564482e-02,-4.348707618986854540e-01,-6.275033452078382368e+00,2.162529183434342114e-05
1.200000000000000372e-02,9.960526489675093353e-01,-7.540947443977577547e-02,-4.743321797387303196e-01,-6.272170820426014259e+00,2.359122745561643641e-05
1.300000000000000461e-02,9.955585938674572644e-01,-8.168011042822383161e-02,-5.137747481744796563e-01,-6.269059762286359749e+00,2.555716307688138115e-05
1.400000000000000550e-02,9.950251062767617727e-01,-8.794751119672496176e-02,-5.531968998711374041e-01,-6.265700402099928290e+00,2.752309869813758452e-05
1.500000000000000638e-02,9.944522073954873420e-01,-9.421142850959081383e-02,-5.925970683211875256e-01,-6.262092874238258666e+00,2.948903431938437226e-05
1.600000000000000727e-02,9.938399199897658409e-01,-1.004716142704677601e-01,-6.319736879078557967e-01,-6.258237322998335905e+00,3.145496994062107354e-05
1.700000000000000816e-02,9.931882683908740406e-01,-1.067278205322594042e-01,-6.713251939685335179e-01,-6.254133902596593408e+00,3.342090556184701411e-05
1.800000000000000905e-02,9.924972784942478476e-01,-1.129797995070428718e-01,-7.106500228581588141e-01,-6.249782777162506520e+00,3.538684118306152312e-05
1.900000000000000994e-02,9.917669777584332547e-01,-1.192273035759784383e-01,-7.499466120125539703e-01,-6.245184120731773092e+00,3.735277680426392973e-05
2.000000000000001082e-02,9.909973952039733414e-01,-1.254700852992121918e-01,-7.892134000117155823e-01,-6.240338117239079274e+00,3.931871242545356308e-05
2.100000000000001171e-02,9.901885614122329926e-01,-1.317078974257712698e-01,-8.284488266430549697e-01,-6.235244960510462064e+00,4.128464804662974555e-05
2.200000000000001260e-02,9.893405085241594454e-01,-1.379404929034511174e-01,-8.676513329645856309e-01,-6.229904854255254421e+00,4.325058366779180628e-05
2.300000000000001349e-02,9.884532702389805525e-01,-1.441676248886947231e-01,-9.068193613680557430e-01,-6.224318012057620031e+00,4.521651928893907443e-05
2.400000000000001438e-02,9.875268818128389858e-01,-1.503890467564629463e-01,-9.459513556420223734e-01,-6.218484657367685742e+00,4.718245491007087237e-05
2.500000000000001527e-02,9.865613800573643788e-01,-1.566045121100958781e-01,-9.850457610348646309e-01,-6.212405023492253875e+00,4.914839053118652925e-05
2.600000000000001615e-02,9.855568033381818527e-01,-1.628137747911647670e-01,-1.024101024317733533e+00,-6.206079353585113090e+00,5.111432615228538100e-05
2.700000000000001704e-02,9.845131915733575934e-01,-1.690165888893139234e-01,-1.063115593847435258e+00,-6.199507900636940683e+00,5.308026177336674321e-05
2.800000000000001793e-02,9.834305862317822555e-01,-1.752127087520924387e-01,-1.102087919629245905e+00,-6.192690927464790995e+00,5.504619739442995181e-05
2.900000000000001882e-02,9.823090303314906402e-01,-1.814018889947751068e-01,-1.141016453379653628e+00,-6.185628706701181478e+00,5.701213301547432917e-05
3.000000000000001971e-02,9.811485684379194216e-01,-1.875838845101722718e-01,-1.179899648589026517e+00,-6.178321520782771081e+00,5.897806863649920445e-05
3.100000000000002059e-02,9.799492466621018139e-01,-1.937584504784281292e-01,-1.218735960584204081e+00,-6.170769661938629191e+00,6.094400425750390679e-05
3.200000000000002148e-02,9.787111126587999532e-01,-1.999253423768071192e-01,-1.257523846591007022e+00,-6.162973432178103117e+00,6.290993987848777212e-05
3.300000000000002237e-02,9.774342156245746649e-01,-2.060843159894679422e-01,-1.296261765796666410e+00,-6.154933143278274343e+00,6.487587549945010926e-05
3.400000000000002326e-02,9.761186062957929455e-01,-2.122351274172249169e-01,-1.334948179412165814e+00,-6.146649116771015997e+00,6.684181112039026091e-05
3.500000000000002415e-02,9.747643369465727181e-01,-2.183775330872960441e-01,-1.373581550734496171e+00,-6.138121683929643524e+00,6.880774674130754945e-05
3.600000000000002504e-02,9.733714613866663035e-01,-2.245112897630376358e-01,-1.412160345208819390e+00,-6.129351185755159470e+00,7.077368236220129725e-05
3.700000000000002592e-02,9.719400349592807187e-01,-2.306361545536650126e-01,-1.450683030490539371e+00,-6.120337972962099471e+00,7.273961798307084024e-05
3.800000000000002681e-02,9.704701145388366923e-01,-2.367518849239587386e-01,-1.489148076507275764e+00,-6.111082405963973230e+00,7.470555360391550079e-05
3.900000000000002770e-02,9.689617585286653956e-01,-2.428582387039561197e-01,-1.527553955520739359e+00,-6.101584854858306706e+00,7.667148922473461482e-05
4.000000000000002859e-02,9.674150268586435564e-01,-2.489549740986276571e-01,-1.565899142188506454e+00,-6.091845699411279291e+00,7.863742484552749116e-05
4.100000000000002948e-02,9.658299809827667337e-01,-2.550418496975377924e-01,-1.604182113625687967e+00,-6.081865329041964863e+00,8.060336046629347929e-05
4.200000000000003036e-02,9.642066838766608639e-01,-2.611186244844897475e-01,-1.642401349466492411e+00,-6.071644142806172262e+00,8.256929608703188802e-05
4.300000000000003125e-02,9.625452000350325221e-01,-2.671850578471540727e-01,-1.680555331925679186e+00,-6.061182549379885209e+00,8.453523170774205329e-05
4.400000000000003214e-02,9.608455954690576784e-01,-2.732409095866802917e-01,-1.718642545859899950e+00,-6.050480967042306979e+00,8.650116732842331102e-05
4.500000000000003303e-02,9.591079377037092790e-01,-2.792859399272916154e-01,-1.756661478828924539e+00,-6.039539823658508055e+00,8.846710294907498358e-05
4.600000000000003392e-02,9.573322957750234341e-01,-2.853199095258617812e-01,-1.794610621156750074e+00,-6.028359556661675001e+00,9.043303856969639334e-05
4.700000000000003481e-02,9.555187402273046526e-01,-2.913425794814743508e-01,-1.832488465992589299e+00,-6.016940613034966745e+00,9.239897419028686269e-05
4.800000000000003569e-02,9.536673431102703491e-01,-2.973537113449631897e-01,-1.870293509371736551e+00,-6.005283449292975639e+00,9.436490981084572755e-05
4.900000000000003658e-02,9.517781779761342875e-01,-3.033530671284346281e-01,-1.908024250276308953e+00,-5.993388531462793267e+00,9.633084543137232383e-05
5.000000000000003747e-02,9.498513198766292964e-01,-3.093404093147703593e-01,-1.945679190695858374e+00,-5.981256335064686347e+00,9.829678105186596038e-05
5.100000000000003836e-02,9.478868453599699206e-01,-3.153155008671106874e-01,-1.983256835687853714e+00,-5.968887345092379171e+00,1.002627166723259731e-04
5.200000000000003925e-02,9.458848324677540109e-01,-3.212781052383180680e-01,-2.020755693438029521e+00,-5.956282055992944358e+00,1.022286522927516979e-04
5.300000000000004013e-02,9.438453607318045835e-01,-3.272279863804200550e-01,-2.058174275320599822e+00,-5.943440971646304583e+00,1.041945879131424572e-04
5.400000000000004102e-02,9.417685111709509505e-01,-3.331649087540319853e-01,-2.095511095958331182e+00,-5.930364605344347062e+00,1.061605235334975734e-04
5.500000000000004191e-02,9.396543662877505643e-01,-3.390886373377581808e-01,-2.132764673282478984e+00,-5.917053479769648128e+00,1.081264591538163688e-04
5.600000000000004280e-02,9.375030100651504661e-01,-3.449989376375718342e-01,-2.169933528592574490e+00,-5.903508126973809667e+00,1.100923947740981793e-04
5.700000000000004369e-02,9.353145279630890041e-01,-3.508955756961731343e-01,-2.207016186616072240e+00,-5.889729088355412756e+00,1.120583303943423409e-04
5.800000000000004458e-02,9.330890069150385990e-01,-3.567783181023250205e-01,-2.244011175567842464e+00,-5.875716914637584054e+00,1.140242660145481760e-04
5.900000000000004546e-02,9.308265353244881135e-01,-3.626469320001662333e-01,-2.280917027209518277e+00,-5.861472165845179383e+00,1.159902016347150069e-04
6.000000000000004635e-02,9.285272030613667127e-01,-3.685011850985017157e-01,-2.317732276908683442e+00,-5.846995411281582733e+00,1.179561372548421560e-04
6.100000000000004724e-02,9.261911014584086610e-01,-3.743408456800692008e-01,-2.354455463697908701e+00,-5.832287229505126902e+00,1.199220728749289593e-04
6.200000000000004813e-02,9.238183233074582779e-01,-3.801656826107822074e-01,-2.391085130333626907e+00,-5.817348208305132218e+00,1.218880084949747390e-04
6.300000000000004208e-02,9.214089628557173839e-01,-3.859754653489489984e-01,-2.427619823354846051e+00,-5.802178944677562455e+00,1.238539441149788447e-04
6.400000000000004297e-02,9.189631158019327950e-01,-3.917699639544668377e-01,-2.464058093141700656e+00,-5.786780044800307721e+00,1.258198797349405716e-04
6.500000000000004385e-02,9.164808792925265291e-01,-3.975489490979913776e-01,-2.500398493973836178e+00,-5.771152124008087192e+00,1.277858153548592558e-04
6.600000000000004474e-02,9.139623519176668376e-01,-4.033121920700808438e-01,-2.536639584088623778e+00,-5.755295806766976163e+00,1.297517509747342466e-04
6.700000000000004563e-02,9.114076337072815059e-01,-4.090594647903144088e-01,-2.572779925739203666e+00,-5.739211726648558276e+00,1.317176865945648393e-04
6.800000000000004652e-02,9.088168261270133108e-01,-4.147905398163846957e-01,-2.608818085252356589e+00,-5.722900526303704716e+00,1.336836222143503834e-04
6.900000000000004741e-02,9.061900320741173021e-01,-4.205051903531638047e-01,-2.644752633086196791e+00,-5.706362857435982150e+00,1.356495578340902012e-04
7.000000000000004829e-02,9.035273558733006860e-01,-4.262031902617424706e-01,-2.680582143887688673e+00,-5.689599380774686743e+00,1.376154934537836153e-04
7.100000000000004918e-02,9.008289032725055323e-01,-4.318843140684422988e-01,-2.716305196549979151e+00,-5.672610766047510467e+00,1.395814290734299749e-04
7.200000000000005007e-02,8.980947814386337491e-01,-4.375483369738001338e-01,-2.751920374269550162e+00,-5.655397691952838812e+00,1.415473646930285755e-04
7.300000000000005096e-02,8.953250989532154369e-01,-4.431950348615250057e-01,-2.787426264603182879e+00,-5.637960846131679027e+00,1.435133003125787664e-04
7.400000000000005185e-02,8.925199658080199550e-01,-4.488241843074263770e-01,-2.822821459524734067e+00,-5.620300925139226855e+00,1.454792359320798700e-04
7.500000000000005274e-02,8.896794934006109212e-01,-4.544355625883140237e-01,-2.858104555481721043e+00,-5.602418634416062915e+00,1.474451715515312088e-04
7.600000000000005362e-02,8.868037945298438141e-01,-4.600289476908688280e-01,-2.893274153451715236e+00,-5.584314688258992021e+00,1.494111071709321051e-04
7.700000000000005451e-02,8.838929833913083955e-01,-4.656041183204843170e-01,-2.928328858998538564e+00,-5.565989809791515697e+00,1.513770427902819083e-04
7.800000000000005540e-02,8.809471755727138476e-01,-4.711608539100783921e-01,-2.963267282328262642e+00,-5.547444730933944967e+00,1.533429784095799138e-04
7.900000000000005629e-02,8.779664880492190626e-01,-4.766989346288751372e-01,-2.998088038345007256e+00,-5.528680192373157887e+00,1.553089140288254710e-04
8.000000000000005718e-02,8.749510391787066466e-01,-4.822181413911560965e-01,-3.032789746706536782e+00,-5.509696943531994684e+00,1.572748496480179023e-04
8.100000000000005806e-02,8.719009486970014100e-01,-4.877182558649806876e-01,-3.067371031879650545e+00,-5.490495742538298529e+00,1.592407852671565572e-04
8.200000000000005895e-02,8.688163377130339038e-01,-4.931990604808756395e-01,-3.101830523195367562e+00,-5.471077356193601027e+00,1.612067208862407309e-04
8.300000000000005984e-02,8.656973287039486653e-01,-4.986603384404928452e-01,-3.136166854903899903e+00,-5.451442559941455990e+00,1.631726565052697730e-04
8.400000000000006073e-02,8.625440455101576198e-01,-5.041018737252355164e-01,-3.170378666229415998e+00,-5.431592137835417944e+00,1.651385921242430057e-04
8.500000000000006162e-02,8.593566133303386367e-01,-5.095234511048519765e-01,-3.204464601424587666e+00,-5.411526882506675129e+00,1.671045277431597515e-04
8.600000000000006251e-02,8.561351587163802401e-01,-5.149248561459968121e-01,-3.238423309824922214e+00,-5.391247595131329007e+00,1.690704633620193327e-04
8.700000000000006339e-02,8.528798095682712521e-01,-5.203058752207594395e-01,-3.272253445902875146e+00,-5.370755085397327377e+00,1.710363989808210718e-04
8.800000000000006428e-02,8.495906951289372566e-01,-5.256662955151593097e-01,-3.305953669321741728e+00,-5.350050171471054661e+00,1.730023345995643181e-04
8.900000000000006517e-02,8.462679459790227732e-01,-5.310059050376073619e-01,-3.339522644989325162e+00,-5.329133679963572234e+00,1.749682702182483941e-04
9.000000000000006606e-02,8.429116940316199180e-01,-5.363244926273337265e-01,-3.372959043111380506e+00,-5.308006445896523040e+00,1.769342058368726222e-04
9.100000000000006695e-02,8.395220725269437745e-01,-5.416218479627811222e-01,-3.406261539244828551e+00,-5.286669312667689802e+00,1.789001414554363247e-04
9.200000000000006783e-02,8.360992160269550277e-01,-5.468977615699638362e-01,-3.439428814350741881e+00,-5.265123132016213958e+00,1.808660770739388239e-04
9.300000000000006872e-02,8.326432604099291979e-01,-5.521520248307910661e-01,-3.472459554847097785e+00,-5.243368763987480641e+00,1.828320126923794694e-04
9.400000000000006961e-02,8.291543428649734704e-01,-5.573844299913559563e-01,-3.505352452661297136e+00,-5.221407076897661703e+00,1.847979483107575565e-04
9.500000000000007050e-02,8.256326018864910132e-01,-5.625947701701882186e-01,-3.538106205282445682e+00,-5.199238947297930125e+00,1.867638839290724345e-04
9.600000000000007139e-02,8.220781772685934463e-01,-5.677828393664713369e-01,-3.570719515813398193e+00,-5.176865259938336905e+00,1.887298195473234531e-04
9.700000000000007228e-02,8.184912100994610196e-01,-5.729484324682229124e-01,-3.603191093022561020e+00,-5.154286907731355782e+00,1.906957551655099074e-04
9.800000000000007316e-02,8.148718427556513877e-01,-5.780913452604391489e-01,-3.635519651395451746e+00,-5.131504791715105540e+00,1.926616907836311199e-04
9.900000000000007405e-02,8.112202188963566485e-01,-5.832113744332014793e-01,-3.667703911186013688e+00,-5.108519821016233919e+00,1.946276264016864399e-04
1.000000000000000749e-01,8.075364834576094220e-01,-5.883083175897468875e-01,-3.699742598467682608e+00,-5.085332912812483563e+00,1.965935620196751900e-04
1.010000000000000758e-01,8.038207826464380812e-01,-5.933819732544998171e-01,-3.731634445184205173e+00,-5.061944992294931112e+00,1.985594976375966924e-04
1.020000000000000767e-01,8.000732639349710240e-01,-5.984321408810665543e-01,-3.763378189200206059e+00,-5.038356992629900333e+00,2.005254332554502696e-04
1.030000000000000776e-01,7.962940760544905405e-01,-6.034586208601915303e-01,-3.794972574351499262e+00,-5.014569854920559955e+00,2.024913688732352709e-04
1.040000000000000785e-01,7.924833689894366096e-01,-6.084612145276744322e-01,-3.826416350495147167e+00,-4.990584528168195533e+00,2.044573044909509917e-04
1.050000000000000794e-01,7.886412939713608461e-01,-6.134397241722491234e-01,-3.857708273559259826e+00,-4.966401969233169567e+00,2.064232401085967815e-04
1.060000000000000803e-01,7.847680034728304888e-01,-6.183939530434230392e-01,-3.888847105592535325e+00,-4.942023142795564539e+00,2.083891757261719627e-04
1.070000000000000812e-01,7.808636512012833153e-01,-6.233237053592770582e-01,-3.919831614813538145e+00,-4.917449021315507984e+00,2.103551113436758846e-04
1.080000000000000820e-01,7.769283920928331533e-01,-6.282287863142254070e-01,-3.950660575659714180e+00,-4.892680584993191140e+00,2.123210469611078427e-04
1.090000000000000829e-01,7.729623823060266519e-01,-6.331090020867358170e-01,-3.981332768836140179e+00,-4.867718821728574063e+00,2.142869825784671862e-04
1.100000000000000838e-01,7.689657792155512039e-01,-6.379641598470090491e-01,-4.011846981364004527e+00,-4.842564727080784337e+00,2.162529181957532107e-04
1.110000000000000847e-01,7.649387414058951284e-01,-6.427940677646174494e-01,-4.042202006628820676e+00,-4.817219304227206678e+00,2.182188538129652654e-04
1.120000000000000856e-01,7.608814286649587810e-01,-6.475985350161027609e-01,-4.072396644428365242e+00,-4.791683563922269684e+00,2.201847894301026999e-04
1.130000000000000865e-01,7.567940019776190352e-01,-6.523773717925324123e-01,-4.102429701020348318e+00,-4.765958524455928824e+00,2.221507250471648094e-04
1.140000000000000874e-01,7.526766235192450250e-01,-6.571303893070140623e-01,-4.132299989169800902e+00,-4.740045211611851883e+00,2.241166606641509164e-04
1.150000000000000883e-01,7.485294566491678125e-01,-6.618573998021685112e-01,-4.162006328196192761e+00,-4.713944658625298878e+00,2.260825962810603703e-04
1.160000000000000892e-01,7.443526659041020954e-01,-6.665582165575597573e-01,-4.191547544020266081e+00,-4.687657906140710651e+00,2.280485318978924935e-04
1.170000000000000900e-01,7.401464169915218383e-01,-6.712326538970830869e-01,-4.220922469210586669e+00,-4.661186002169000808e+00,2.300144675146466083e-04
1.180000000000000909e-01,7.359108767829891651e-01,-6.758805271963101990e-01,-4.250129943029819835e+00,-4.634530002044553676e+00,2.319804031313220643e-04
1.190000000000000918e-01,7.316462133074373986e-01,-6.805016528897906980e-01,-4.279168811480710488e+00,-4.607690968381930929e+00,2.339463387479181567e-04
1.200000000000000927e-01,7.273525957444080259e-01,-6.850958484783108426e-01,-4.308037927351787921e+00,-4.580669971032289567e+00,2.359122743644342349e-04
1.210000000000000936e-01,7.230301944172421447e-01,-6.896629325361078866e-01,-4.336736150262773926e+00,-4.553468087039513890e+00,2.378782099808696214e-04
1.220000000000000945e-01,7.186791807862267234e-01,-6.942027247180411198e-01,-4.365262346709702257e+00,-4.526086400596059711e+00,2.398441455972236385e-04
1.230000000000000954e-01,7.142997274416958975e-01,-6.987150457667180570e-01,-4.393615390109748553e+00,-4.498526002998517015e+00,2.418100812134956086e-04
1.240000000000000963e-01,7.098920080970873014e-01,-7.031997175195761063e-01,-4.421794160845764488e+00,-4.470787992602889283e+00,2.437760168296848812e-04
1.250000000000000833e-01,7.054561975819546582e-01,-7.076565629159197179e-01,-4.449797546310517937e+00,-4.442873474779598375e+00,2.457419524457907516e-04
1.260000000000000842e-01,7.009924718349356265e-01,-7.120854060039122357e-01,-4.477624440950631168e+00,-4.414783561868205197e+00,2.477078880618125692e-04
1.270000000000000850e-01,6.965010078966760165e-01,-7.164860719475221185e-01,-4.505273746310226812e+00,-4.386519373131861244e+00,2.496738236777496563e-04
1.280000000000000859e-01,6.919819839027107067e-01,-7.208583870334235311e-01,-4.532744371074266532e+00,-4.358082034711485697e+00,2.516397592936013626e-04
1.290000000000000868e-01,6.874355790763012619e-01,-7.252021786778514167e-01,-4.560035231111590370e+00,-4.329472679579668082e+00,2.536056949093669832e-04
1.300000000000000877e-01,6.828619737212305862e-01,-7.295172754334097176e-01,-4.587145249517653234e+00,-4.300692447494307125e+00,2.555716305250458676e-04
1.310000000000000886e-01,6.782613492145552758e-01,-7.338035069958336321e-01,-4.614073356656952285e+00,-4.271742484951977836e+00,2.575375661406373111e-04
1.320000000000000895e-01,6.736338879993153395e-01,-7.380607042107046878e-01,-4.640818490205147029e+00,-4.242623945141037467e+00,2.595035017561406632e-04
1.330000000000000904e-01,6.689797735772019527e-01,-7.422886990801190743e-01,-4.667379595190872976e+00,-4.213337987894468561e+00,2.614694373715552734e-04
1.340000000000000913e-01,6.642991905011840226e-01,-7.464873247693083469e-01,-4.693755624037241780e+00,-4.183885779642459113e+00,2.634353729868804369e-04
1.350000000000000921e-01,6.595923243680927861e-01,-7.506564156132131682e-01,-4.719945536603030511e+00,-4.154268493364726922e+00,2.654013086021155031e-04
1.360000000000000930e-01,6.548593618111659964e-01,-7.547958071230087551e-01,-4.745948300223554739e+00,-4.124487308542585495e+00,2.673672442172597675e-04
1.370000000000000939e-01,6.501004904925506978e-01,-7.589053359925822528e-01,-4.771762889751229864e+00,-4.094543411110756814e+00,2.693331798323125793e-04
1.380000000000000948e-01,6.453158990957663654e-01,-7.629848401049620366e-01,-4.797388287595810041e+00,-4.064437993408934524e+00,2.712991154472732883e-04
1.390000000000000957e-01,6.405057773181273006e-01,-7.670341585386984962e-01,-4.822823483764312691e+00,-4.034172254133092217e+00,2.732650510621411895e-04
1.400000000000000966e-01,6.356703158631257233e-01,-7.710531315741957492e-01,-4.848067475900620593e+00,-4.003747398286550130e+00,2.752309866769156324e-04
1.410000000000000975e-01,6.308097064327751191e-01,-7.750416006999942820e-01,-4.873119269324764247e+00,-3.973164637130790933e+00,2.771969222915959125e-04
1.420000000000000984e-01,6.259241417199147284e-01,-7.789994086190047407e-01,-4.897977877071876485e+00,-3.942425188136036152e+00,2.791628579061813790e-04
1.430000000000000993e-01,6.210138154004747335e-01,-7.829263992546916517e-01,-4.922642319930826460e+00,-3.911530274931581008e+00,2.811287935206713273e-04
1.440000000000001001e-01,6.160789221257038095e-01,-7.868224177572074041e-01,-4.947111626482528557e+00,-3.880481127255888119e+00,2.830947291350651611e-04
1.450000000000001010e-01,6.111196575143578169e-01,-7.906873105094767151e-01,-4.971384833137917347e+00,-3.849278980906448044e+00,2.850606647493621215e-04
1.460000000000001019e-01,6.061362181448509689e-01,-7.945209251332303602e-01,-4.995460984175598362e+00,-3.817925077689402258e+00,2.870266003635616120e-04
1.470000000000001028e-01,6.011288015473694735e-01,-7.983231104949883861e-01,-5.019339131779168461e+00,-3.786420665368936955e+00,2.889925359776629281e-04
1.480000000000001037e-01,5.960976061959479821e-01,-8.020937167119929212e-01,-5.043018336074201358e+00,-3.754766997616445501e+00,2.909584715916653649e-04
1.490000000000001046e-01,5.910428315005094024e-01,-8.058325951580899149e-01,-5.066497665164902742e+00,-3.722965333959463052e+00,2.929244072055682720e-04
1.500000000000001055e-01,5.859646777988678501e-01,-8.095395984695593627e-01,-5.089776195170427009e+00,-3.691016939730377366e+00,2.948903428193709987e-04
1.510000000000001064e-01,5.808633463486958526e-01,-8.132145805508947944e-01,-5.112853010260860920e+00,-3.658923086014914894e+00,2.968562784330728405e-04
1.520000000000001072e-01,5.757390393194554701e-01,-8.168573965805305814e-01,-5.135727202692871529e+00,-3.626685049600407051e+00,2.988222140466731467e-04
1.530000000000001081e-01,5.705919597842942226e-01,-8.204679030165173970e-01,-5.158397872845008614e+00,-3.594304112923837558e+00,3.007881496601712669e-04
1.540000000000001090e-01,5.654223117119054898e-01,-8.240459576021462729e-01,-5.180864129252673145e+00,-3.561781564019675272e+00,3.027540852735664963e-04
1.550000000000001099e-01,5.602302999583542720e-01,-8.275914193715193656e-01,-5.203125088642743812e+00,-3.529118696467490768e+00,3.047200208868581302e-04
1.560000000000001108e-01,5.550161302588687562e-01,-8.311041486550693191e-01,-5.225179875967858045e+00,-3.496316809339362397e+00,3.066859565000455722e-04
1.570000000000001117e-01,5.497800092195974653e-01,-8.345840070850248926e-01,-5.247027624440349314e+00,-3.463377207147074088e+00,3.086518921131281177e-04
1.580000000000001126e-01,5.445221443093326563e-01,-8.380308576008245192e-01,-5.268667475565844249e+00,-3.430301199789104416e+00,3.106178277261050619e-04
1.590000000000001135e-01,5.392427438512005233e-01,-8.414445644544762404e-01,-5.290098579176506277e+00,-3.397090102497412722e+00,3.125837633389757543e-04
1.600000000000001144e-01,5.339420170143180933e-01,-8.448249932158646835e-01,-5.311320093463938186e+00,-3.363745235784022292e+00,3.145496989517395444e-04
1.610000000000001152e-01,5.286201738054174815e-01,-8.481720107780039708e-01,-5.332331185011730312e+00,-3.330267925387404127e+00,3.165156345643957273e-04
1.620000000000001161e-01,5.232774250604378397e-01,-8.514854853622376707e-01,-5.353131028827663229e+00,-3.296659502218661775e+00,3.184815701769436527e-04
1.630000000000001170e-01,5.179139824360849964e-01,-8.547652865233842379e-01,-5.373718808375557821e+00,-3.262921302307522975e+00,3.204475057893826158e-04
1.640000000000001179e-01,5.125300584013600114e-01,-8.580112851548284958e-01,-5.394093715606770978e+00,-3.229054666748137681e+00,3.224134414017119660e-04
1.650000000000001188e-01,5.071258662290556440e-01,-8.612233534935591628e-01,-5.414254950991342241e+00,-3.195060941644684682e+00,3.243793770139310529e-04
1.660000000000001197e-01,5.017016199872225135e-01,-8.644013651251511998e-01,-5.434201723548781615e+00,-3.160941478056791709e+00,3.263453126260391717e-04
1.670000000000001206e-01,4.962575345306042829e-01,-8.675451949886943126e-01,-5.453933250878505667e+00,-3.126697631944769018e+00,3.283112482380356719e-04
1.680000000000001215e-01,4.907938254920427568e-01,-8.706547193816658314e-01,-5.473448759189913915e+00,-3.092330764114659569e+00,3.302771838499199029e-04
1.690000000000001223e-01,4.853107092738528916e-01,-8.737298159647490792e-01,-5.492747483332109049e+00,-3.057842240163109349e+00,3.322431194616911601e-04
1.700000000000001232e-01,4.798084030391683852e-01,-8.767703637665963390e-01,-5.511828666823259226e+00,-3.023233430422057832e+00,3.342090550733487386e-04
1.710000000000001241e-01,4.742871247032582338e-01,-8.797762431885363110e-01,-5.530691561879598872e+00,-2.988505709903253038e+00,3.361749906848920423e-04
1.720000000000001250e-01,4.687470929248142015e-01,-8.827473360092261689e-01,-5.549335429444069767e+00,-2.953660458242592934e+00,3.381409262963203121e-04
1.730000000000001259e-01,4.631885270972099788e-01,-8.856835253892477722e-01,-5.567759539214598874e+00,-2.918699059644296323e+00,3.401068619076329518e-04
1.740000000000001268e-01,4.576116473397320861e-01,-8.885846958756480340e-01,-5.585963169672017337e+00,-2.883622902824902301e+00,3.420727975188292565e-04
1.750000000000001277e-01,4.520166744887833543e-01,-8.914507334064232236e-01,-5.603945608107611775e+00,-2.848433380957107186e+00,3.440387331299085217e-04
1.760000000000001286e-01,4.464038300890587063e-01,-8.942815253149469790e-01,-5.621706150650311429e+00,-2.813131891613433133e+00,3.460046687408701509e-04
1.770000000000001295e-01,4.407733363846941810e-01,-8.970769603343416998e-01,-5.639244102293512917e+00,-2.777719836709739099e+00,3.479706043517133852e-04
1.780000000000001303e-01,4.351254163103891459e-01,-8.998369286017937618e-01,-5.656558776921536413e+00,-2.742198622448570156e+00,3.499365399624376283e-04
1.790000000000001312e-01,4.294602934825021978e-01,-9.025613216628118884e-01,-5.673649497335713221e+00,-2.706569659262351379e+00,3.519024755730421755e-04
1.800000000000001321e-01,4.237781921901214721e-01,-9.052500324754282346e-01,-5.690515595280106531e+00,-2.670834361756426745e+00,3.538684111835263221e-04
1.810000000000001330e-01,4.180793373861090845e-01,-9.079029554143430714e-01,-5.707156411466865364e+00,-2.634994148651946144e+00,3.558343467938894175e-04
1.820000000000001339e-01,4.123639546781204812e-01,-9.105199862750119610e-01,-5.723571295601205478e+00,-2.599050442728604526e+00,3.578002824041308112e-04
1.830000000000001348e-01,4.066322703195991428e-01,-9.131010222776753116e-01,-5.739759606406019010e+00,-2.563004670767232707e+00,3.597662180142498526e-04
1.840000000000001357e-01,4.008845112007466960e-01,-9.156459620713310876e-01,-5.755720711646116428e+00,-2.526858263492243406e+00,3.617321536242458372e-04
1.850000000000001366e-01,3.951209048394689893e-01,-9.181547057376494569e-01,-5.771453988152094539e+00,-2.490612655513937401e+00,3.636980892341180600e-04
1.860000000000001374e-01,3.893416793722985769e-01,-9.206271547948297052e-01,-5.786958821843828815e+00,-2.454269285270668011e+00,3.656640248438658707e-04
1.870000000000001383e-01,3.835470635452939425e-01,-9.230632122013993079e-01,-5.802234607753596229e+00,-2.417829594970870133e+00,3.676299604534886186e-04
1.880000000000001392e-01,3.777372867049155203e-01,-9.254627823599550496e-01,-5.817280750048820614e+00,-2.381295030534952950e+00,3.695958960629855991e-04
1.890000000000001401e-01,3.719125787888793999e-01,-9.278257711208457437e-01,-5.832096662054443215e+00,-2.344667041537063401e+00,3.715618316723561616e-04
1.900000000000001410e-01,3.660731703169888829e-01,-9.301520857857971114e-01,-5.846681766274921088e+00,-2.307947081146716872e+00,3.735277672815996556e-04
1.910000000000001419e-01,3.602192923819439452e-01,-9.324416351114775958e-01,-5.861035494415840930e+00,-2.271136606070303099e+00,3.754937028907153764e-04
1.920000000000001428e-01,3.543511766401295504e-01,-9.346943293130060004e-01,-5.875157287405163409e+00,-2.234237076492466834e+00,3.774596384997026734e-04
1.930000000000001437e-01,3.484690553023828130e-01,-9.369100800674003970e-01,-5.889046595414087371e+00,-2.197249956017365946e+00,3.794255741085608420e-04
1.940000000000001446e-01,3.425731611247395114e-01,-9.390888005169684138e-01,-5.902702877877532117e+00,-2.160176711609810063e+00,3.813915097172892316e-04
1.950000000000001454e-01,3.366637273991601731e-01,-9.412304052726382375e-01,-5.916125603514245768e+00,-2.123018813536282412e+00,3.833574453258871374e-04
1.960000000000001463e-01,3.307409879442365641e-01,-9.433348104172305515e-01,-5.929314250346529924e+00,-2.085777735305846647e+00,3.853233809343539632e-04
1.970000000000001472e-01,3.248051770958781392e-01,-9.454019335086719655e-01,-5.942268305719585086e+00,-2.048454953610942209e+00,3.872893165426889500e-04
1.980000000000001481e-01,3.188565296979799513e-01,-9.474316935831482711e-01,-5.954987266320475925e+00,-2.011051948268069101e+00,3.892552521508914473e-04
1.990000000000001490e-01,3.128952810930711315e-01,-9.494240111581991881e-01,-5.967470638196716415e+00,-1.973570202158365872e+00,3.912211877589608046e-04
2.000000000000001499e-01,3.069216671129455509e-01,-9.513788082357531595e-01,-5.979717936774468612e+00,-1.936011201168083229e+00,3.931871233668963713e-04
2.010000000000001508e-01,3.009359240692741633e-01,-9.532960083051024158e-01,-5.991728686876363064e+00,-1.898376434128955292e+00,3.951530589746974427e-04
2.020000000000001517e-01,2.949382887441998058e-01,-9.551755363458189763e-01,-6.003502422738935529e+00,-1.860667392758471372e+00,3.971189945823633684e-04
2.030000000000001525e-01,2.889289983809146256e-01,-9.570173188306100309e-01,-6.015038688029677338e+00,-1.822885571600050270e+00,3.990849301898934435e-04
2.040000000000001534e-01,2.829082906742209080e-01,-9.588212837281144818e-01,-6.026337035863707392e+00,-1.785032467963120206e+00,4.010508657972870175e-04
2.050000000000001543e-01,2.768764037610751405e-01,-9.605873605056385323e-01,-6.037397028820054246e+00,-1.747109581863106831e+00,4.030168014045433858e-04
2.060000000000001552e-01,2.708335762111162004e-01,-9.623154801318317686e-01,-6.048218238957556281e+00,-1.709118415961331072e+00,4.049827370116618978e-04
2.070000000000001561e-01,2.647800470171778331e-01,-9.640055750793029565e-01,-6.058800247830376406e+00,-1.671060475504820397e+00,4.069486726186419029e-04
2.080000000000001570e-01,2.587160555857854760e-01,-9.656575793271756636e-01,-6.069142646503131289e+00,-1.632937268266035691e+00,4.089146082254826965e-04
2.090000000000001579e-01,2.526418417276387052e-01,-9.672714283635834853e-01,-6.079245035565634225e+00,-1.594750304482514647e+00,4.108805438321836280e-04
2.100000000000001588e-01,2.465576456480786660e-01,-9.688470591881048755e-01,-6.089107025147250774e+00,-1.556501096796437889e+00,4.128464794387439927e-04
2.110000000000001597e-01,2.404637079375414599e-01,-9.703844103141375799e-01,-6.098728234930870684e+00,-1.518191160194116041e+00,4.148124150451631942e-04
2.120000000000001605e-01,2.343602695619979026e-01,-9.718834217712125634e-01,-6.108108294166489038e+00,-1.479822011945402860e+00,4.167783506514404737e-04
2.130000000000001614e-01,2.282475718533797382e-01,-9.733440351072470964e-01,-6.117246841684405467e+00,-1.441395171543037090e+00,4.187442862575751806e-04
2.140000000000001623e-01,2.221258564999929186e-01,-9.747661933907373344e-01,-6.126143525908028131e+00,-1.402912160641913930e+00,4.207102218635666645e-04
2.150000000000001632e-01,2.159953655369182268e-01,-9.761498412128900570e-01,-6.134798004866297561e+00,-1.364374502998289440e+00,4.226761574694142746e-04
2.160000000000001641e-01,2.098563413363997154e-01,-9.774949246896936783e-01,-6.143209946205717031e+00,-1.325783724408921449e+00,4.246420930751173065e-04
2.170000000000001650e-01,2.037090265982212933e-01,-9.788013914639280832e-01,-6.151379027201998362e+00,-1.287141352650147397e+00,4.266080286806750552e-04
2.180000000000001659e-01,1.975536643400718217e-01,-9.800691907071141795e-01,-6.159304934771316020e+00,-1.248448917416902892e+00,4.285739642860868703e-04
2.190000000000001668e-01,1.913904978878992469e-01,-9.812982731214013876e-01,-6.166987365481173988e+00,-1.209707950261684317e+00,4.305398998913521013e-04
2.200000000000001676e-01,1.852197708662539355e-01,-9.824885909413949570e-01,-6.174426025560885378e+00,-1.170919984533455471e+00,4.325058354964700976e-04
2.210000000000001685e-01,1.790417271886218242e-01,-9.836400979359221086e-01,-6.181620630911657699e+00,-1.132086555316503373e+00,4.344717711014401545e-04
2.220000000000001694e-01,1.728566110477476603e-01,-9.847527494097363387e-01,-6.188570907116296205e+00,-1.093209199369244100e+00,4.364377067062615674e-04
2.230000000000001703e-01,1.666646669059486663e-01,-9.858265022051611037e-01,-6.195276589448512006e+00,-1.054289455062982217e+00,4.384036423109336856e-04
2.240000000000001712e-01,1.604661394854191570e-01,-9.868613147036721100e-01,-6.201737422881841155e+00,-1.015328862320624914e+00,4.403695779154558586e-04
2.250000000000001721e-01,1.542612737585264404e-01,-9.878571468274182088e-01,-6.207953162098177380e+00,-9.763289625553550621e-01,4.423355135198274359e-04
2.260000000000001730e-01,1.480503149380983652e-01,-9.888139600406811169e-01,-6.213923571495913123e+00,-9.372912986092646337e-01,4.443014491240477128e-04
2.270000000000001739e-01,1.418335084677028735e-01,-9.897317173512732991e-01,-6.219648425197688901e+00,-8.982174146919509328e-01,4.462673847281159846e-04
2.280000000000001747e-01,1.356111000119200605e-01,-9.906103833118751201e-01,-6.225127507057757192e+00,-8.591088563190784066e-01,4.482333203320316008e-04
2.290000000000001756e-01,1.293833354466070451e-01,-9.914499240213100473e-01,-6.230360610668951082e+00,-8.199671702509089277e-01,4.501992559357939107e-04
2.300000000000001765e-01,1.231504608491560404e-01,-9.922503071257583462e-01,-6.235347539369268333e+00,-7.807939044308025434e-01,4.521651915394022097e-04
2.310000000000001774e-01,1.169127224887461236e-01,-9.930115018199097143e-01,-6.240088106248061095e+00,-7.415906079236906923e-01,4.541311271428558473e-04
2.320000000000001783e-01,1.106703668165888860e-01,-9.937334788480538528e-01,-6.244582134151837494e+00,-7.023588308545261061e-01,4.560970627461541729e-04
2.330000000000001792e-01,1.044236404561685594e-01,-9.944162105051097544e-01,-6.248829455689674184e+00,-6.631001243467095074e-01,4.580629983492964818e-04
2.340000000000001801e-01,9.817279019347691094e-02,-9.950596706375933742e-01,-6.252829913238237225e+00,-6.238160404604978782e-01,4.600289339522821235e-04
2.350000000000001810e-01,9.191806296724330805e-02,-9.956638346445236820e-01,-6.256583358946413931e+00,-5.845081321313950751e-01,4.619948695551103933e-04
2.360000000000001819e-01,8.565970585916032887e-02,-9.962286794782672095e-01,-6.260089654739554810e+00,-5.451779531085282349e-01,4.639608051577806406e-04
2.370000000000001827e-01,7.939796608410534806e-02,-9.967541836453205351e-01,-6.263348672323326483e+00,-5.058270578930121886e-01,4.659267407602921606e-04
2.380000000000001836e-01,7.313309098035845890e-02,-9.972403272070318181e-01,-6.266360293187174690e+00,-4.664570016763039950e-01,4.678926763626443572e-04
2.390000000000001845e-01,6.686532799981712016e-02,-9.976870917802601602e-01,-6.269124408607395615e+00,-4.270693402785510351e-01,4.698586119648364714e-04
2.400000000000001854e-01,6.059492469820794425e-02,-9.980944605379733492e-01,-6.271640919649822621e+00,-3.876656300869338878e-01,4.718245475668679067e-04
2.410000000000001863e-01,5.432212872529595254e-02,-9.984624182097843192e-01,-6.273909737172117751e+00,-3.482474279940073192e-01,4.737904831687379044e-04
2.420000000000001872e-01,4.804718781509179082e-02,-9.987909510824255488e-01,-6.275930781825680427e+00,-3.088162913360416040e-01,4.757564187704458681e-04
2.430000000000001881e-01,4.177034977605718902e-02,-9.990800470001617306e-01,-6.277703984057162678e+00,-2.693737778313667341e-01,4.777223543719910930e-04
2.440000000000001890e-01,3.549186248130910271e-02,-9.993296953651414904e-01,-6.279229284109597131e+00,-2.299214455187217065e-01,4.796882899733729286e-04
2.450000000000001898e-01,2.921197385882295244e-02,-9.995398871376866001e-01,-6.280506632023137747e+00,-1.904608526956115266e-01,4.816542255745906703e-04
2.460000000000001907e-01,2.293093188163527335e-02,-9.997106148365201284e-01,-6.281535987635410656e+00,-1.509935578566745096e-01,4.836201611756436674e-04
2.470000000000001916e-01,1.664898455804623978e-02,-9.998418725389325301e-01,-6.282317320581478626e+00,-1.115211196320621267e-01,4.855860967765312152e-04
2.480000000000001925e-01,1.036637992182240856e-02,-9.999336558808865627e-01,-6.282850610293415627e+00,-7.204509672583382651e-02,4.875520323772526633e-04
2.490000000000001934e-01,4.083366022400075450e-03,-9.999859620570603624e-01,-6.283135845999495928e+00,-3.256704785436941724e-02,4.895179679778073611e-04
2.500000000000001665e-01,-2.199809084910355275e-03,-9.999987898208289039e-01,-6.283173026722995935e+00,6.911468315198635026e-03,4.914839035781946039e-04
2.510000000000001674e-01,-8.482897348718610939e-03,-9.999721394841839528e-01,-6.282962161280607027e+00,4.638889322653055175e-02,4.934498391784137954e-04
2.520000000000001683e-01,-1.476565073134701069e-02,-9.999060129175928457e-01,-6.282503268280463793e+00,8.586366849559987080e-02,4.954157747784641765e-04
2.530000000000001692e-01,-2.104782121862076513e-02,-9.998004135497948752e-01,-6.281796376119788583e+00,1.253342359721867361e-01,4.973817103783450969e-04
2.540000000000001701e-01,-2.732916082965572424e-02,-9.996553463675372786e-01,-6.280841522982142600e+00,1.647990378013416968e-01,4.993476459780559059e-04
2.550000000000001710e-01,-3.360942162664318222e-02,-9.994708179152488325e-01,-6.279638756834299507e+00,2.042565164848173520e-01,5.013135815775958447e-04
2.560000000000001719e-01,-3.988835572463135526e-02,-9.992468362946527183e-01,-6.278188135422730021e+00,2.437051149424656060e-01,5.032795171769643711e-04
2.570000000000001728e-01,-4.616571530130317985e-02,-9.989834111643175474e-01,-6.276489726269702807e+00,2.831432765735980572e-01,5.052454527761607262e-04
2.580000000000001736e-01,-5.244125260674999123e-02,-9.986805537391474363e-01,-6.274543606668999018e+00,3.225694453183071686e-01,5.072113883751842595e-04
2.590000000000001745e-01,-5.871471997324072961e-02,-9.983382767898105747e-01,-6.272349863681246696e+00,3.619820657187456381e-01,5.091773239740343205e-04
2.600000000000001754e-01,-6.498586982498630316e-02,-9.979565946421061762e-01,-6.269908594128868806e+00,4.013795829803618598e-01,5.111432595727101501e-04
2.610000000000001763e-01,-7.125445468789867731e-02,-9.975355231762711439e-01,-6.267219904590648483e+00,4.407604430330889222e-01,5.131091951712112064e-04
2.620000000000001772e-01,-7.752022719934438533e-02,-9.970750798262244530e-01,-6.264283911395913229e+00,4.801230925924848125e-01,5.150751307695367303e-04
2.630000000000001781e-01,-8.378294011789200191e-02,-9.965752835787514696e-01,-6.261100740618337213e+00,5.194659792208213833e-01,5.170410663676860714e-04
2.640000000000001790e-01,-9.004234633305320534e-02,-9.960361549726265418e-01,-6.257670528069359861e+00,5.587875513881195300e-01,5.190070019656585791e-04
2.650000000000001799e-01,-9.629819887501711584e-02,-9.954577160976744166e-01,-6.253993419291225209e+00,5.980862585331290227e-01,5.209729375634534945e-04
2.660000000000001807e-01,-1.025502509243774729e-01,-9.948399905937717058e-01,-6.250069569549639326e+00,6.373605511242496080e-01,5.229388731610702754e-04
2.670000000000001816e-01,-1.087982558218522217e-01,-9.941830036497860679e-01,-6.245899143826050270e+00,6.766088807203913813e-01,5.249048087585081630e-04
2.680000000000001825e-01,-1.150419670779952996e-01,-9.934867820024559926e-01,-6.241482316809546127e+00,7.158297000317724867e-01,5.268707443557665068e-04
2.690000000000001834e-01,-1.212811383829000139e-01,-9.927513539352085248e-01,-6.236819272888375565e+00,7.550214629806510924e-01,5.288366799528446561e-04
2.700000000000001843e-01,-1.275155236158938277e-01,-9.919767492769173689e-01,-6.231910206141090036e+00,7.941826247619903079e-01,5.308026155497418521e-04
2.710000000000001852e-01,-1.337448768552240708e-01,-9.911629994005994870e-01,-6.226755320327306720e+00,8.333116419040523803e-01,5.327685511464575526e-04
2.720000000000001861e-01,-1.399689523877342689e-01,-9.903101372220518561e-01,-6.221354828878097543e+00,8.724069723289210598e-01,5.347344867429909988e-04
2.730000000000001870e-01,-1.461875047185305365e-01,-9.894181971984271629e-01,-6.215708954885999837e+00,9.114670754129489127e-01,5.367004223393415400e-04
2.740000000000001878e-01,-1.524002885806380048e-01,-9.884872153267495465e-01,-6.209817931094648635e+00,9.504904120471279194e-01,5.386663579355085258e-04
2.750000000000001887e-01,-1.586070589446465229e-01,-9.875172291423696125e-01,-6.203681999888040366e+00,9.894754446973809126e-01,5.406322935314911973e-04
2.760000000000001896e-01,-1.648075710283454787e-01,-9.865082777173594941e-01,-6.197301413279416415e+00,1.028420637464771081e+00,5.425982291272890123e-04
2.770000000000001905e-01,-1.710015803063473783e-01,-9.854604016588476290e-01,-6.190676432899776316e+00,1.067324456145627876e+00,5.445641647229012118e-04
2.780000000000001914e-01,-1.771888425196996575e-01,-9.843736431072935833e-01,-6.183807329986013457e+00,1.106185368291586313e+00,5.465301003183271455e-04
2.790000000000001923e-01,-1.833691136854845305e-01,-9.832480457347024805e-01,-6.176694385368683982e+00,1.145001843269538577e+00,5.484960359135660542e-04
2.800000000000001932e-01,-1.895421501064063485e-01,-9.820836547427801433e-01,-6.169337889459401758e+00,1.183772352321494248e+00,5.504619715086173960e-04
2.810000000000001941e-01,-1.957077083803662465e-01,-9.808805168610278402e-01,-6.161738142237859428e+00,1.222495368624347600e+00,5.524279071034804119e-04
2.820000000000001950e-01,-2.018655454100234947e-01,-9.796386803447776348e-01,-6.153895453238485302e+00,1.261169367349549653e+00,5.543938426981545597e-04
2.830000000000001958e-01,-2.080154184123434724e-01,-9.783581949731681160e-01,-6.145810141536724558e+00,1.299792825722683620e+00,5.563597782926389722e-04
2.840000000000001967e-01,-2.141570849281316802e-01,-9.770391120470602875e-01,-6.137482535734958056e+00,1.338364223082938675e+00,5.583257138869331072e-04
2.850000000000001976e-01,-2.202903028315534584e-01,-9.756814843868945042e-01,-6.128912973948046350e+00,1.376882040942483343e+00,5.602916494810363142e-04
2.860000000000001985e-01,-2.264148303396390782e-01,-9.742853663304877898e-01,-6.120101803788513983e+00,1.415344763045734089e+00,5.622575850749478342e-04
2.870000000000001994e-01,-2.325304260217738728e-01,-9.728508137307718684e-01,-6.111049382351361636e+00,1.453750875428517553e+00,5.642235206686670168e-04
2.880000000000002003e-01,-2.386368488091729079e-01,-9.713778839534724652e-01,-6.101756076198515011e+00,1.492098866477123309e+00,5.661894562621932114e-04
2.890000000000002012e-01,-2.447338580043400824e-01,-9.698666358747290994e-01,-6.092222261342912226e+00,1.530387226987246940e+00,5.681553918555257675e-04
2.900000000000002021e-01,-2.508212132905109359e-01,-9.683171298786563685e-01,-6.082448323232222620e+00,1.568614450222819423e+00,5.701213274486639261e-04
2.910000000000002029e-01,-2.568986747410790805e-01,-9.667294278548465014e-01,-6.072434656732204061e+00,1.606779031974720384e+00,5.720872630416071452e-04
2.920000000000002038e-01,-2.629660028290059515e-01,-9.651035931958128478e-01,-6.062181666109700551e+00,1.644879470619375450e+00,5.740531986343546658e-04
2.930000000000002047e-01,-2.690229584362130999e-01,-9.634396907943751920e-01,-6.051689765015276556e+00,1.682914267177232581e+00,5.760191342269058374e-04
2.940000000000002056e-01,-2.750693028629571102e-01,-9.617377870409865581e-01,-6.040959376465492525e+00,1.720881925371116949e+00,5.779850698192600094e-04
2.950000000000002065e-01,-2.811047978371866707e-01,-9.599979498210016171e-01,-6.029990932824821570e+00,1.758780951684461913e+00,5.799510054114164230e-04
2.960000000000002074e-01,-2.871292055238811591e-01,-9.582202485118871405e-01,-6.018784875787203781e+00,1.796609855419413204e+00,5.819169410033744275e-04
2.970000000000002083e-01,-2.931422885343708540e-01,-9.564047539803742781e-01,-6.007341656357248816e+00,1.834367148754805443e+00,5.838828765951334810e-04
2.980000000000002092e-01,-2.991438099356379943e-01,-9.545515385795528829e-01,-5.995661734831078782e+00,1.872051346804008087e+00,5.858488121866927160e-04
2.990000000000002101e-01,-3.051335332595985772e-01,-9.526606761459079920e-01,-5.983745580776815842e+00,1.909660967672637710e+00,5.878147477780515905e-04
3.000000000000002109e-01,-3.111112225123644492e-01,-9.507322419962991322e-01,-5.971593673014718107e+00,1.947194532516136833e+00,5.897806833692094538e-04
3.010000000000002118e-01,-3.170766421834854132e-01,-9.487663129248813387e-01,-5.959206499596957585e+00,1.984650565597214866e+00,5.917466189601655472e-04
3.020000000000002127e-01,-3.230295572551708516e-01,-9.467629671999694407e-01,-5.946584557787048197e+00,2.022027594343150270e+00,5.937125545509192200e-04
3.030000000000002136e-01,-3.289697332114905892e-01,-9.447222845608450603e-01,-5.933728354038923847e+00,2.059324149402951942e+00,5.956784901414698217e-04
3.040000000000002145e-01,-3.348969360475547163e-01,-9.426443462145059904e-01,-5.920638403975662989e+00,2.096538764704376501e+00,5.976444257318167018e-04
3.050000000000002154e-01,-3.408109322786720408e-01,-9.405292348323591733e-01,-5.907315232367865931e+00,2.133669977510801452e+00,5.996103613219591014e-04
3.060000000000002163e-01,-3.467114889494865571e-01,-9.383770345468569474e-01,-5.893759373111681299e+00,2.170716328477949819e+00,6.015762969118964784e-04
3.070000000000002172e-01,-3.525983736430918780e-01,-9.361878309480758942e-01,-5.879971369206489662e+00,2.207676361710465329e+00,6.035422325016280738e-04
3.080000000000002180e-01,-3.584713544901232396e-01,-9.339617110802401756e-01,-5.865951772732237224e+00,2.244548624818336613e+00,6.055081680911532371e-04
3.090000000000002189e-01,-3.643302001778265242e-01,-9.316987634381878047e-01,-5.851701144826424006e+00,2.281331668973168192e+00,6.074741036804712094e-04
3.100000000000002198e-01,-3.701746799591041359e-01,-9.293990779637808508e-01,-5.837220055660751861e+00,2.318024048964293815e+00,6.094400392695814486e-04
3.110000000000002207e-01,-3.760045636615374498e-01,-9.270627460422601329e-01,-5.822509084417425207e+00,2.354624323254734364e+00,6.114059748584831956e-04
3.120000000000002216e-01,-3.818196216963852807e-01,-9.246898604985430703e-01,-5.807568819265114257e+00,2.391131054036994552e+00,6.133719104471758001e-04
3.130000000000002225e-01,-3.876196250675582600e-01,-9.222805155934667987e-01,-5.792399857334573632e+00,2.427542807288697979e+00,6.153378460356586114e-04
3.140000000000002234e-01,-3.934043453805683987e-01,-9.198348070199751092e-01,-5.777002804693923466e+00,2.463858152828059644e+00,6.173037816239309791e-04
3.150000000000002243e-01,-3.991735548514542264e-01,-9.173528318992503205e-01,-5.761378276323592118e+00,2.500075664369190598e+00,6.192697172119921442e-04
3.160000000000002252e-01,-4.049270263156801719e-01,-9.148346887767895286e-01,-5.745526896090920488e+00,2.536193919577236500e+00,6.212356527998414563e-04
3.170000000000002260e-01,-4.106645332370108537e-01,-9.122804776184264552e-01,-5.729449296724433260e+00,2.572211500123344763e+00,6.232015883874783731e-04
3.180000000000002269e-01,-4.163858497163591132e-01,-9.096902998062976753e-01,-5.713146119787770871e+00,2.608126991739462053e+00,6.251675239749020273e-04
3.190000000000002278e-01,-4.220907505006079585e-01,-9.070642581347547750e-01,-5.696618015653292844e+00,2.643938984272956372e+00,6.271334595621118769e-04
3.200000000000002287e-01,-4.277790109914060834e-01,-9.044024568062214442e-01,-5.679865643475344505e+00,2.679646071741063729e+00,6.290993951491072713e-04
3.210000000000002296e-01,-4.334504072539361874e-01,-9.017050014269967217e-01,-5.662889671163194194e+00,2.715246852385157617e+00,6.310653307358874515e-04
3.220000000000002305e-01,-4.391047160256563719e-01,-8.989719990030036190e-01,-5.645690775353640944e+00,2.750739928724837746e+00,6.330312663224517671e-04
3.230000000000002314e-01,-4.447417147250136704e-01,-8.962035579354837855e-01,-5.628269641383292665e+00,2.786123907611838479e+00,6.349972019087995675e-04
3.240000000000002323e-01,-4.503611814601300445e-01,-8.933997880166389960e-01,-5.610626963260517464e+00,2.821397400283753409e+00,6.369631374949300939e-04
3.250000000000002331e-01,-4.559628950374598477e-01,-8.905608004252179022e-01,-5.592763443637066345e+00,2.856559022417574756e+00,6.389290730808428040e-04
3.260000000000002340e-01,-4.615466349704189231e-01,-8.876867077220503832e-01,-5.574679793779377057e+00,2.891607394183044022e+00,6.408950086665369389e-04
3.270000000000002349e-01,-4.671121814879848344e-01,-8.847776238455279385e-01,-5.556376733539546642e+00,2.926541140295815691e+00,6.428609442520118481e-04
3.280000000000002358e-01,-4.726593155432678439e-01,-8.818336641070314563e-01,-5.537854991325986020e+00,2.961358890070427741e+00,6.448268798372668812e-04
3.290000000000002367e-01,-4.781878188220524684e-01,-8.788549451863059137e-01,-5.519115304073753059e+00,2.996059277473080318e+00,6.467928154223013875e-04
3.300000000000002376e-01,-4.836974737513090594e-01,-8.758415851267821184e-01,-5.500158417214565887e+00,3.030640941174219005e+00,6.487587510071146082e-04
3.310000000000002385e-01,-4.891880635076755190e-01,-8.727937033308467152e-01,-5.480985084646495586e+00,3.065102524600922695e+00,6.507246865917058927e-04
3.320000000000002394e-01,-4.946593720259080951e-01,-8.697114205550590116e-01,-5.461596068703345352e+00,3.099442675989089846e+00,6.526906221760745905e-04
3.330000000000002403e-01,-5.001111840073019232e-01,-8.665948589053165119e-01,-5.441992140123710797e+00,3.133660048435428891e+00,6.546565577602200510e-04
3.340000000000002411e-01,-5.055432849280800944e-01,-8.634441418319678263e-01,-5.422174078019726728e+00,3.167753299949241264e+00,6.566224933441416238e-04
3.350000000000002420e-01,-5.109554610477515801e-01,-8.602593941248746212e-01,-5.402142669845503065e+00,3.201721093504004134e+00,6.585884289278385499e-04
3.360000000000002429e-01,-5.163474994174369614e-01,-8.570407419084214995e-01,-5.381898711365244559e+00,3.235562097088745759e+00,6.605543645113101789e-04
3.370000000000002438e-01,-5.217191878881628497e-01,-8.537883126364750330e-01,-5.361443006621065877e+00,3.269274983759213882e+00,6.625203000945559684e-04
3.380000000000002447e-01,-5.270703151191232783e-01,-8.505022350872912806e-01,-5.340776367900490484e+00,3.302858431688832308e+00,6.644862356775750514e-04
3.390000000000002456e-01,-5.324006705859088973e-01,-8.471826393583730130e-01,-5.319899615703651108e+00,3.336311124219450086e+00,6.664521712603668855e-04
3.400000000000002465e-01,-5.377100445887030844e-01,-8.438296568612758675e-01,-5.298813578710174887e+00,3.369631749911874419e+00,6.684181068429307119e-04
3.410000000000002474e-01,-5.429982282604446375e-01,-8.404434203163642092e-01,-5.277519093745770995e+00,3.402819002596189080e+00,6.703840424252659885e-04
3.420000000000002482e-01,-5.482650135749569387e-01,-8.370240637475167000e-01,-5.256017005748510051e+00,3.435871581421858334e+00,6.723499780073719564e-04
3.430000000000002491e-01,-5.535101933550437003e-01,-8.335717224767821287e-01,-5.234308167734805117e+00,3.468788190907610591e+00,6.743159135892478565e-04
3.440000000000002500e-01,-5.587335612805497398e-01,-8.300865331189852814e-01,-5.212393440765090702e+00,3.501567540991102234e+00,6.762818491708931469e-04
3.450000000000002509e-01,-5.639349118963880025e-01,-8.265686335762831849e-01,-5.190273693909201569e+00,3.534208347078360735e+00,6.782477847523070685e-04
3.460000000000002518e-01,-5.691140406205312807e-01,-8.230181630326720565e-01,-5.167949804211456666e+00,3.566709330093002173e+00,6.802137203334890792e-04
3.470000000000002527e-01,-5.742707437519695146e-01,-8.194352619484452926e-01,-5.145422656655447291e+00,3.599069216525225823e+00,6.821796559144384202e-04
3.480000000000002536e-01,-5.794048184786309008e-01,-8.158200720546024964e-01,-5.122693144128526832e+00,3.631286738480580478e+00,6.841455914951543324e-04
3.490000000000002545e-01,-5.845160628852680285e-01,-8.121727363472098782e-01,-5.099762167386010958e+00,3.663360633728502513e+00,6.861115270756362738e-04
3.500000000000002554e-01,-5.896042759613078221e-01,-8.084933990817121385e-01,-5.076630635015084714e+00,3.695289645750623908e+00,6.880774626558834855e-04
3.510000000000002562e-01,-5.946692576086650694e-01,-8.047822057671960572e-01,-5.053299463398421842e+00,3.727072523788847125e+00,6.900433982358954253e-04
3.520000000000002571e-01,-5.997108086495196444e-01,-8.010393031606064529e-01,-5.029769576677511012e+00,3.758708022893188616e+00,6.920093338156713342e-04
3.530000000000002580e-01,-6.047287308340572043e-01,-7.972648392609144041e-01,-5.006041906715701373e+00,3.790194903969383855e+00,6.939752693952104534e-04
3.540000000000002589e-01,-6.097228268481719171e-01,-7.934589633032375078e-01,-4.982117393060955024e+00,3.821531933826259220e+00,6.959412049745122408e-04
3.550000000000002598e-01,-6.146929003211326625e-01,-7.896218257529133977e-01,-4.957996982908324135e+00,3.852717885222862293e+00,6.979071405535759373e-04
3.560000000000002607e-01,-6.196387558332112633e-01,-7.857535782995258566e-01,-4.933681631062136752e+00,3.883751536915353686e+00,6.998730761324010010e-04
3.570000000000002616e-01,-6.245601989232725249e-01,-7.818543738508847429e-01,-4.909172299897909930e+00,3.914631673703655945e+00,7.018390117109866728e-04
3.580000000000002625e-01,-6.294570360963265276e-01,-7.779243665269586216e-01,-4.884469959323976873e+00,3.945357086477860431e+00,7.038049472893321938e-04
3.590000000000002633e-01,-6.343290748310418392e-01,-7.739637116537615436e-01,-4.859575586742842290e+00,3.975926572264388170e+00,7.057708828674370220e-04
3.600000000000002642e-01,-6.391761235872205349e-01,-7.699725657571940829e-01,-4.834490167012255313e+00,4.006338934271904684e+00,7.077368184453003983e-04
3.610000000000002651e-01,-6.439979918132336945e-01,-7.659510865568377458e-01,-4.809214692406015068e+00,4.036592981936987456e+00,7.097027540229217807e-04
3.620000000000002660e-01,-6.487944899534178189e-01,-7.618994329597047477e-01,-4.783750162574496478e+00,4.066687530969541164e+00,7.116686896003004102e-04
3.630000000000002669e-01,-6.535654294554315014e-01,-7.578177650539418275e-01,-4.758097584504908717e+00,4.096621403397964656e+00,7.136346251774355279e-04
3.640000000000002678e-01,-6.583106227775722408e-01,-7.537062441024893200e-01,-4.732257972481282771e+00,4.126393427614064358e+00,7.156005607543265918e-04
3.650000000000002687e-01,-6.630298833960532878e-01,-7.495650325366954858e-01,-4.706232348044192548e+00,4.156002438417713662e+00,7.175664963309728427e-04
3.660000000000002696e-01,-6.677230258122398565e-01,-7.453942939498862108e-01,-4.680021739950205983e+00,4.185447277061253857e+00,7.195324319073736303e-04
3.670000000000002705e-01,-6.723898655598445906e-01,-7.411941930908901854e-01,-4.653627184131075012e+00,4.214726791293642805e+00,7.214983674835283040e-04
3.680000000000002713e-01,-6.770302192120826179e-01,-7.369648958575208963e-01,-4.627049723652658209e+00,4.243839835404338956e+00,7.234643030594362133e-04
3.690000000000002722e-01,-6.816439043887845273e-01,-7.327065692900135430e-01,-4.600290408673588516e+00,4.272785270266932223e+00,7.254302386350967077e-04
3.700000000000002731e-01,-6.862307397634688222e-01,-7.284193815644198766e-01,-4.573350296403671855e+00,4.301561963382505738e+00,7.273961742105090281e-04
3.710000000000002740e-01,-6.907905450703718531e-01,-7.241035019859587418e-01,-4.546230451062036160e+00,4.330168788922740042e+00,7.293621097856725242e-04
3.720000000000002749e-01,-6.953231411114361160e-01,-7.197591009823240960e-01,-4.518931943835019283e+00,4.358604627772749929e+00,7.313280453605865454e-04
3.730000000000002758e-01,-6.998283497632566963e-01,-7.153863500969503963e-01,-4.491455852833801110e+00,4.386868367573655725e+00,7.332939809352504411e-04
3.740000000000002767e-01,-7.043059939839841910e-01,-7.109854219822353549e-01,-4.463803263051786097e+00,4.414958902764886339e+00,7.352599165096634524e-04
3.750000000000002776e-01,-7.087558978201861093e-01,-7.065564903927205043e-01,-4.435975266321732668e+00,4.442875134626216749e+00,7.372258520838250373e-04
3.760000000000002784e-01,-7.131778864136644192e-01,-7.020997301782300193e-01,-4.407972961272630386e+00,4.470615971319530146e+00,7.391917876577344367e-04
3.770000000000002793e-01,-7.175717860082300170e-01,-6.976153172769679056e-01,-4.379797453286331965e+00,4.498180327930313638e+00,7.411577232313910002e-04
3.780000000000002802e-01,-7.219374239564340101e-01,-6.931034287085735546e-01,-4.351449854453939281e+00,4.525567126508875937e+00,7.431236588047940772e-04
3.790000000000002811e-01,-7.262746287262548117e-01,-6.885642425671367750e-01,-4.322931283531941560e+00,4.552775296111294168e+00,7.450895943779429088e-04
3.800000000000002820e-01,-7.305832299077419378e-01,-6.839979380141713028e-01,-4.294242865898112882e+00,4.579803772840082665e+00,7.470555299508368444e-04
3.810000000000002829e-01,-7.348630582196146177e-01,-6.794046952715482313e-01,-4.265385733507168098e+00,4.606651499884586443e+00,7.490214655234753421e-04
3.820000000000002838e-01,-7.391139455158167726e-01,-6.747846956143893626e-01,-4.236361024846178047e+00,4.633317427561093993e+00,7.509874010958575343e-04
3.830000000000002847e-01,-7.433357247920269195e-01,-6.701381213639201473e-01,-4.207169884889749412e+00,4.659800513352673867e+00,7.529533366679828791e-04
3.840000000000002855e-01,-7.475282301921231110e-01,-6.654651558802828770e-01,-4.177813465054966535e+00,4.686099721948724373e+00,7.549192722398507258e-04
3.850000000000002864e-01,-7.516912970146030215e-01,-6.607659835553109096e-01,-4.148292923156098766e+00,4.712214025284246155e+00,7.568852078114603156e-04
3.860000000000002873e-01,-7.558247617189580714e-01,-6.560407898052638132e-01,-4.118609423359075095e+00,4.738142402578828793e+00,7.588511433828109979e-04
3.870000000000002882e-01,-7.599284619320024747e-01,-6.512897610635228762e-01,-4.088764136135731420e+00,4.763883840375352285e+00,7.608170789539021222e-04
3.880000000000002891e-01,-7.640022364541561029e-01,-6.465130847732489805e-01,-4.058758238217825109e+00,4.789437332578400763e+00,7.627830145247330379e-04
3.890000000000002900e-01,-7.680459252656811620e-01,-6.417109493800015052e-01,-4.028592912550823080e+00,4.814801880492392883e+00,7.647489500953029862e-04
3.900000000000002909e-01,-7.720593695328730188e-01,-6.368835443243199279e-01,-3.998269348247464272e+00,4.839976492859417334e+00,7.667148856656114250e-04
3.910000000000002918e-01,-7.760424116142038420e-01,-6.320310600342670115e-01,-3.967788740541100534e+00,4.864960185896785028e+00,7.686808212356575952e-04
3.920000000000002927e-01,-7.799948950664199465e-01,-6.271536879179351320e-01,-3.937152290738814120e+00,4.889751983334283736e+00,7.706467568054408464e-04
3.930000000000002935e-01,-7.839166646505920655e-01,-6.222516203559151915e-01,-3.906361206174314482e+00,4.914350916451143192e+00,7.726126923749604197e-04
3.940000000000002944e-01,-7.878075663381181037e-01,-6.173250506937288939e-01,-3.875416700160617456e+00,4.938756024112706200e+00,7.745786279442157729e-04
3.950000000000002953e-01,-7.916674473166790404e-01,-6.123741732342242727e-01,-3.844319991942509507e+00,4.962966352806805759e+00,7.765445635132061470e-04
3.960000000000002962e-01,-7.954961559961465367e-01,-6.073991832299353577e-01,-3.813072306648794374e+00,4.986980956679842869e+00,7.785104990819308917e-04
3.970000000000002971e-01,-7.992935420144430259e-01,-6.024002768754054271e-01,-3.781674875244329215e+00,5.010798897572570354e+00,7.804764346503893562e-04
3.980000000000002980e-01,-8.030594562433538419e-01,-5.973776512994751764e-01,-3.750128934481850251e+00,5.034419245055573811e+00,7.824423702185808903e-04
3.990000000000002989e-01,-8.067937507942908315e-01,-5.923315045575350268e-01,-3.718435726853586143e+00,5.057841076464459462e+00,7.844083057865047347e-04
4.000000000000002998e-01,-8.104962790240075599e-01,-5.872620356237427952e-01,-3.686596500542667965e+00,5.081063476934735590e+00,7.863742413541603476e-04
4.010000000000003006e-01,-8.141668955402657781e-01,-5.821694443832063914e-01,-3.654612509374330465e+00,5.104085539436391983e+00,7.883401769215469699e-04
4.020000000000003015e-01,-8.178054562074532630e-01,-5.770539316241323213e-01,-3.622485012766912593e+00,5.126906364808181849e+00,7.903061124886639512e-04
4.030000000000003024e-01,-8.214118181521521400e-01,-5.719156990299395504e-01,-3.590215275682654195e+00,5.149525061791591973e+00,7.922720480555105324e-04
4.040000000000003033e-01,-8.249858397686580247e-01,-5.667549491713402832e-01,-3.557804568578292859e+00,5.171940747064512678e+00,7.942379836220861715e-04
4.050000000000003042e-01,-8.285273807244500910e-01,-5.615718854983866581e-01,-3.525254167355464929e+00,5.194152545274601351e+00,7.962039191883901095e-04
4.060000000000003051e-01,-8.320363019656106252e-01,-5.563667123324846919e-01,-3.492565353310907561e+00,5.216159589072334235e+00,7.981698547544216959e-04
4.070000000000003060e-01,-8.355124657221956186e-01,-5.511396348583745830e-01,-3.459739413086468485e+00,5.237961019143754449e+00,8.001357903201802802e-04
4.080000000000003069e-01,-8.389557355135542904e-01,-5.458908591160792634e-01,-3.426777638618923039e+00,5.259555984242908266e+00,8.021017258856652120e-04
4.090000000000003078e-01,-8.423659761535993162e-01,-5.406205919928203096e-01,-3.393681327089599797e+00,5.280943641223968754e+00,8.040676614508757321e-04
4.100000000000003086e-01,-8.457430537560258754e-01,-5.353290412149017685e-01,-3.360451780873817906e+00,5.302123155073052985e+00,8.060335970158111901e-04
4.110000000000003095e-01,-8.490868357394802945e-01,-5.300164153395623412e-01,-3.327090307490138787e+00,5.323093698939720397e+00,8.079995325804709356e-04
4.120000000000003104e-01,-8.523971908326779534e-01,-5.246829237467965923e-01,-3.293598219549432216e+00,5.343854454168160295e+00,8.099654681448543178e-04
4.130000000000003113e-01,-8.556739890794697878e-01,-5.193287766311446285e-01,-3.259976834703758541e+00,5.364404610328067591e+00,8.119314037089606865e-04
4.140000000000003122e-01,-8.589171018438581662e-01,-5.139541849934513573e-01,-3.226227475595071947e+00,5.384743365245195257e+00,8.138973392727892825e-04
4.150000000000003131e-01,-8.621264018149608077e-01,-5.085593606325953253e-01,-3.192351469803742514e+00,5.404869925031597688e+00,8.158632748363395639e-04
4.160000000000003140e-01,-8.653017630119236303e-01,-5.031445161371873587e-01,-3.158350149796902873e+00,5.424783504115550770e+00,8.178292103996107716e-04
4.170000000000003149e-01,-8.684430607887814180e-01,-4.977098648772395606e-01,-3.124224852876618996e+00,5.444483325271158414e+00,8.197951459626021467e-04
4.180000000000003157e-01,-8.715501718392668629e-01,-4.922556209958047768e-01,-3.089976921127886023e+00,5.463968619647634029e+00,8.217610815253131471e-04
4.190000000000003166e-01,-8.746229742015672048e-01,-4.867819994005870843e-01,-3.055607701366455320e+00,5.483238626798264903e+00,8.237270170877431224e-04
4.200000000000003175e-01,-8.776613472630292456e-01,-4.812892157555231920e-01,-3.021118545086490581e+00,5.502292594709054185e+00,8.256929526498913135e-04
4.210000000000003184e-01,-8.806651717648111832e-01,-4.757774864723356978e-01,-2.986510808408056938e+00,5.521129779827039563e+00,8.276588882117570699e-04
4.220000000000003193e-01,-8.836343298064822660e-01,-4.702470287020579787e-01,-2.951785852024443102e+00,5.539749447088291312e+00,8.296248237733397412e-04
4.230000000000003202e-01,-8.865687048505697110e-01,-4.646980603265312149e-01,-2.916945041149322293e+00,5.558150869945582606e+00,8.315907593346385683e-04
4.240000000000003211e-01,-8.894681817270524427e-01,-4.591307999498740466e-01,-2.881989745463748864e+00,5.576333330395736532e+00,8.335566948956530092e-04
4.250000000000003220e-01,-8.923326466378019850e-01,-4.535454668899250863e-01,-2.846921339062997269e+00,5.594296119006648915e+00,8.355226304563823049e-04
4.260000000000003229e-01,-8.951619871609700629e-01,-4.479422811696582851e-01,-2.811741200403241603e+00,5.612038534943979862e+00,8.374885660168258049e-04
4.270000000000003237e-01,-8.979560922553228020e-01,-4.423214635085721547e-01,-2.776450712248080155e+00,5.629559885997521107e+00,8.394545015769828587e-04
4.280000000000003246e-01,-9.007148522645211930e-01,-4.366832353140523981e-01,-2.741051261614906753e+00,5.646859488607233857e+00,8.414204371368527073e-04
4.290000000000003255e-01,-9.034381589213482666e-01,-4.310278186727089511e-01,-2.705544239721128452e+00,5.663936667888958887e+00,8.433863726964348087e-04
4.300000000000003264e-01,-9.061259053518817552e-01,-4.253554363416874318e-01,-2.669931041930234006e+00,5.680790757659790913e+00,8.453523082557284039e-04
4.310000000000003273e-01,-9.087779860796136866e-01,-4.196663117399552223e-01,-2.634213067697714905e+00,5.697421100463130550e+00,8.473182438147328424e-04
4.320000000000003282e-01,-9.113942970295147994e-01,-4.139606689395629036e-01,-2.598391720516840753e+00,5.713827047593396991e+00,8.492841793734474736e-04
4.330000000000003291e-01,-9.139747355320454458e-01,-4.082387326568809316e-01,-2.562468407864288977e+00,5.730007959120412053e+00,8.512501149318715387e-04
4.340000000000003300e-01,-9.165192003271115384e-01,-4.025007282438121670e-01,-2.526444541145633327e+00,5.745963203913448503e+00,8.532160504900044955e-04
4.350000000000003308e-01,-9.190275915679663177e-01,-3.967468816789806452e-01,-2.490321535640693362e+00,5.761692159664947965e+00,8.551819860478455850e-04
4.360000000000003317e-01,-9.214998108250571640e-01,-3.909774195588965329e-01,-2.454100810448744063e+00,5.777194212913899563e+00,8.571479216053941568e-04
4.370000000000003326e-01,-9.239357610898174533e-01,-3.851925690890982135e-01,-2.417783788433590875e+00,5.792468759068887252e+00,8.591138571626495603e-04
4.380000000000003335e-01,-9.263353467784039008e-01,-3.793925580752711690e-01,-2.381371896168509750e+00,5.807515202430796109e+00,8.610797927196110367e-04
4.390000000000003344e-01,-9.286984737353781716e-01,-3.735776149143444913e-01,-2.344866563881055299e+00,5.822332956215186428e+00,8.630457282762780437e-04
4.400000000000003353e-01,-9.310250492373334241e-01,-3.677479685855651881e-01,-2.308269225397739266e+00,5.836921442574326768e+00,8.650116638326498224e-04
4.410000000000003362e-01,-9.333149819964658978e-01,-3.619038486415506184e-01,-2.271581318088580659e+00,5.851280092618889483e+00,8.669775993887257224e-04
4.420000000000003371e-01,-9.355681821640904339e-01,-3.560454851993193337e-01,-2.234804282811529763e+00,5.865408346439307863e+00,8.689435349445050931e-04
4.430000000000003380e-01,-9.377845613341004860e-01,-3.501731089313007694e-01,-2.197939563856768697e+00,5.879305653126793096e+00,8.709094704999871756e-04
4.440000000000003388e-01,-9.399640325463726187e-01,-3.442869510563242308e-01,-2.160988608890888507e+00,5.892971470794011069e+00,8.728754060551714277e-04
4.450000000000003397e-01,-9.421065102901148292e-01,-3.383872433305870064e-01,-2.123952868900947699e+00,5.906405266595414538e+00,8.748413416100570906e-04
4.460000000000003406e-01,-9.442119105071591356e-01,-3.324742180386027757e-01,-2.086833798138412632e+00,5.919606516747241365e+00,8.768072771646435136e-04
4.470000000000003415e-01,-9.462801505951977665e-01,-3.265481079841299206e-01,-2.049632854062981124e+00,5.932574706547162791e+00,8.787732127189300463e-04
4.480000000000003424e-01,-9.483111494109632833e-01,-3.206091464810802427e-01,-2.012351497286292368e+00,5.945309330393591551e+00,8.807391482729159298e-04
4.490000000000003433e-01,-9.503048272733525259e-01,-3.146575673444090282e-01,-1.974991191515525157e+00,5.957809891804648927e+00,8.827050838266006219e-04
4.500000000000003442e-01,-9.522611059664934929e-01,-3.086936048809856281e-01,-1.937553403496886650e+00,5.970075903436780962e+00,8.846710193799833637e-04
4.510000000000003451e-01,-9.541799087427565995e-01,-3.027174938804462756e-01,-1.900039602958992546e+00,5.982106887103038950e+00,8.866369549330635046e-04
4.520000000000003459e-01,-9.560611603257082036e-01,-2.967294696060283621e-01,-1.862451262556141574e+00,5.993902373791007321e+00,8.886028904858403943e-04
4.530000000000003468e-01,-9.579047869130082882e-01,-2.907297677853870055e-01,-1.824789857811486060e+00,6.005461903680387792e+00,8.905688260383132736e-04
4.540000000000003477e-01,-9.597107161792505226e-01,-2.847186246013944655e-01,-1.787056867060101473e+00,6.016785026160238026e+00,8.925347615904816005e-04
4.550000000000003486e-01,-9.614788772787460358e-01,-2.786962766829221283e-01,-1.749253771391955814e+00,6.027871299845863007e+00,8.945006971423446161e-04
4.560000000000003495e-01,-9.632092008482494583e-01,-2.726629610956061156e-01,-1.711382054594780433e+00,6.038720292595359140e+00,8.964666326939016699e-04
4.570000000000003504e-01,-9.649016190096283418e-01,-2.666189153325962402e-01,-1.673443203096847354e+00,6.049331581525806634e+00,8.984325682451520028e-04
4.580000000000003513e-01,-9.665560653724747375e-01,-2.605643773052891410e-01,-1.635438705909650681e+00,6.059704753029121704e+00,9.003985037960950729e-04
4.590000000000003522e-01,-9.681724750366599297e-01,-2.544995853340456526e-01,-1.597370054570498299e+00,6.069839402787549965e+00,9.023644393467301211e-04
4.600000000000003531e-01,-9.697507845948315497e-01,-2.484247781388928544e-01,-1.559238743085012757e+00,6.079735135788816081e+00,9.043303748970564970e-04
4.610000000000003539e-01,-9.712909321348528469e-01,-2.423401948302112419e-01,-1.521046267869545998e+00,6.089391566340924378e+00,9.062963104470735500e-04
4.620000000000003548e-01,-9.727928572421848941e-01,-2.362460748994070769e-01,-1.482794127693507491e+00,6.098808318086605063e+00,9.082622459967806296e-04
4.630000000000003557e-01,-9.742565010022106176e-01,-2.301426582095706386e-01,-1.444483823621609986e+00,6.107985024017410502e+00,9.102281815461770852e-04
4.640000000000003566e-01,-9.756818060025012063e-01,-2.240301849861205397e-01,-1.406116858956033555e+00,6.116921326487462451e+00,9.121941170952621580e-04
4.650000000000003575e-01,-9.770687163350246784e-01,-2.179088958074343607e-01,-1.367694739178510810e+00,6.125616877226846668e+00,9.141600526440351974e-04
4.660000000000003584e-01,-9.784171775982963837e-01,-2.117790315954661551e-01,-1.329218971892334400e+00,6.134071337354653153e+00,9.161259881924955530e-04
4.670000000000003593e-01,-9.797271368994714402e-01,-2.056408336063511311e-01,-1.290691066764290351e+00,6.142284377391666439e+00,9.180919237406425740e-04
4.680000000000003602e-01,-9.809985428563793297e-01,-1.994945434209976498e-01,-1.252112535466517240e+00,6.150255677272701504e+00,9.200578592884755018e-04
4.690000000000003610e-01,-9.822313455995002052e-01,-1.933404029356672882e-01,-1.213484891618295425e+00,6.157984926358587074e+00,9.220237948359937940e-04
4.700000000000003619e-01,-9.834254967738826902e-01,-1.871786543525428836e-01,-1.174809650727767441e+00,6.165471823447795430e+00,9.239897303831966918e-04
4.710000000000003628e-01,-9.845809495410037249e-01,-1.810095401702852824e-01,-1.136088330133590674e+00,6.172716076787716055e+00,9.259556659300835447e-04
4.720000000000003637e-01,-9.856976585805697910e-01,-1.748333031745789301e-01,-1.097322448946526308e+00,6.179717404085577570e+00,9.279216014766535937e-04
4.730000000000003646e-01,-9.867755800922598519e-01,-1.686501864286666930e-01,-1.058513527990965208e+00,6.186475532519013498e+00,9.298875370229062968e-04
4.740000000000003655e-01,-9.878146717974095603e-01,-1.624604332638743265e-01,-1.019663089746392970e+00,6.192990198746271879e+00,9.318534725688408949e-04
4.750000000000003664e-01,-9.888148929406374021e-01,-1.562642872701249519e-01,-9.807726582887974498e-01,6.199261148916072273e+00,9.338194081144567376e-04
4.760000000000003673e-01,-9.897762042914115543e-01,-1.500619922864437072e-01,-9.418437592320186846e-01,6.205288138677104826e+00,9.357853436597531743e-04
4.770000000000003681e-01,-9.906985681455584558e-01,-1.438537923914532390e-01,-9.028779196690452924e-01,6.211070933187174070e+00,9.377512792047295546e-04
4.780000000000003690e-01,-9.915819483267127588e-01,-1.376399318938602012e-01,-8.638766681132582503e-01,6.216609307121986561e+00,9.397172147493852278e-04
4.790000000000003699e-01,-9.924263101877081050e-01,-1.314206553229330110e-01,-8.248415344396247129e-01,6.221903044683579687e+00,9.416831502937194351e-04
4.800000000000003708e-01,-9.932316206119093938e-01,-1.251962074189715279e-01,-7.857740498258438677e-01,6.226951939608397879e+00,9.436490858377315260e-04
4.810000000000003717e-01,-9.939978480144859851e-01,-1.189668331237687254e-01,-7.466757466934461629e-01,6.231755795175008217e+00,9.456150213814208498e-04
4.820000000000003726e-01,-9.947249623436262844e-01,-1.127327775710648683e-01,-7.075481586488494568e-01,6.236314424211460761e+00,9.475809569247867561e-04
4.830000000000003735e-01,-9.954129350816928179e-01,-1.064942860769945154e-01,-6.683928204243728688e-01,6.240627649102290064e+00,9.495468924678284860e-04
4.840000000000003744e-01,-9.960617392463189113e-01,-1.002516041305266392e-01,-6.292112678192105513e-01,6.244695301795158748e+00,9.515128280105453890e-04
4.850000000000003753e-01,-9.966713493914457489e-01,-9.400497738389836100e-02,-5.900050376403688235e-01,6.248517223807144916e+00,9.534787635529368144e-04
4.860000000000003761e-01,-9.972417416083010355e-01,-8.775465164304253884e-02,-5.507756676435665577e-01,6.252093266230668966e+00,9.554446990950021118e-04
4.870000000000003770e-01,-9.977728935263177057e-01,-8.150087285800958203e-02,-5.115246964741029245e-01,6.255423289739063364e+00,9.574106346367406307e-04
4.880000000000003779e-01,-9.982647843139943467e-01,-7.524388711338396429e-02,-4.722536636076934968e-01,6.258507164591785354e+00,9.593765701781516121e-04
4.890000000000003788e-01,-9.987173946796955581e-01,-6.898394061869556060e-02,-4.329641092912767664e-01,6.261344770639267310e+00,9.613425057192345139e-04
4.900000000000003797e-01,-9.991307068723939144e-01,-6.272127969882645981e-02,-3.936575744837940150e-01,6.263935997327411798e+00,9.633084412599885772e-04
4.910000000000003806e-01,-9.995047046823524184e-01,-5.645615078441337809e-02,-3.543356007969434840e-01,6.266280743701725164e+00,9.652743768004131515e-04
4.920000000000003815e-01,-9.998393734417472256e-01,-5.018880040224613093e-02,-3.149997304359117845e-01,6.268378918411093181e+00,9.672403123405074778e-04
4.930000000000003824e-01,-1.000134700025231860e+00,-4.391947516566251097e-02,-2.756515061400846012e-01,6.270230439711198756e+00,9.692062478802710140e-04
4.940000000000003832e-01,-1.000390672850441476e+00,-3.764842176493995302e-02,-2.362924711237381070e-01,6.271835235467576375e+00,9.711721834197030011e-04
4.950000000000003841e-01,-1.000607281878438171e+00,-3.137588695768428471e-02,-1.969241690167137515e-01,6.273193243158312171e+00,9.731381189588027888e-04
4.960000000000003850e-01,-1.000784518614097340e+00,-2.510211755921599314e-02,-1.575481438050786720e-01,6.274304409876380717e+00,9.751040544975697263e-04
4.970000000000003859e-01,-1.000922376106433420e+00,-1.882736043295429526e-02,-1.181659397717732263e-01,6.275168692331622999e+00,9.770699900360031633e-04
4.980000000000003868e-01,-1.001020848948867892e+00,-1.255186248079945277e-02,-7.877910143724817238e-02,6.275786056852365569e+00,9.790359255741024492e-04
4.990000000000003877e-01,-1.001079933279436229e+00,-6.275870633513609860e-03,-3.938917350009346618e-02,6.276156479386680864e+00,9.810018611118667166e-04
5.000000000000003331e-01,-1.001099626780937113e+00,3.681588994167844797e-07,2.299222339255391212e-06,6.276279945503285163e+00,9.829677966492955318e-04
5.010000000000003340e-01,-1.001079928681021247e+00,6.276606936815090458e-03,3.939377185331833370e-02,6.276156450392078590e+00,9.849337321863880276e-04
5.020000000000003348e-01,-1.001020839752220670e+00,1.255259874060945732e-02,7.878369951611582933e-02,6.275785998864325421e+00,9.868996677231435533e-04
5.030000000000003357e-01,-1.000922362311919889e+00,1.882809662028045103e-02,1.181705373933913950e-01,6.275168605352473783e+00,9.888656032595616752e-04
5.040000000000003366e-01,-1.000784500222265949e+00,2.510285364506883304e-02,1.575527407865738583e-01,6.274304293909615637e+00,9.908315387956415261e-04
5.050000000000003375e-01,-1.000607258890020557e+00,3.137662291307841828e-02,1.969287651752387736e-01,6.273193098208588836e+00,9.927974743313824554e-04
5.060000000000003384e-01,-1.000390645266352019e+00,3.764915756089522864e-02,2.362970662764795893e-01,6.271835061540715017e+00,9.947634098667838126e-04
5.070000000000003393e-01,-1.000134667846567904e+00,4.392021077320518163e-02,2.756561001042704961e-01,6.270230236814183122e+00,9.967293454018449472e-04
5.080000000000003402e-01,-9.998393366697887474e-01,5.018953579241001300e-02,3.150043230288188667e-01,6.268378686552071422e+00,9.986952809365649917e-04
5.090000000000003411e-01,-9.995046633185620255e-01,5.645688592824102403e-02,3.543401918359048164e-01,6.266280482890008052e+00,1.000661216470943513e-03
5.100000000000003419e-01,-9.991306609184168463e-01,6.272201456737031000e-02,3.936621637862066647e-01,6.263935707573472733e+00,1.002627152004979642e-03
5.110000000000003428e-01,-9.987173441373594640e-01,6.898467518301910906e-02,4.329686966746089660e-01,6.261344451954741430e+00,1.004593087538672947e-03
5.120000000000003437e-01,-9.982647291853096183e-01,7.524462134456291751e-02,4.722582488894924158e-01,6.258506816989468646e+00,1.006559023072022560e-03
5.130000000000003446e-01,-9.977728338134771446e-01,8.150160672713302468e-02,5.115292794720021075e-01,6.255422913232914439e+00,1.008524958605027831e-03
5.140000000000003455e-01,-9.972416773136796309e-01,8.775538512121408563e-02,5.507802481752932522e-01,6.252092860835805510e+00,1.010490894137688325e-03
5.150000000000003464e-01,-9.966712805176007883e-01,9.400571044223735018e-02,5.900096155237516404e-01,6.248516789539845462e+00,1.012456829670003175e-03
5.160000000000003473e-01,-9.960616657959897591e-01,1.002523367401692428e-01,6.292158428721869035e-01,6.244694838672860016e+00,1.014422765201971515e-03
5.170000000000003482e-01,-9.954128570578009150e-01,1.064950182090949327e-01,6.683973924649964093e-01,6.240627157143587844e+00,1.016388700733592909e-03
5.180000000000003491e-01,-9.947248797492748151e-01,1.127335091967964775e-01,7.075527274952976287e-01,6.236313903436108141e+00,1.018354636264866709e-03
5.190000000000003499e-01,-9.939977608529599884e-01,1.189675642143252221e-01,7.466803121640274155e-01,6.231755245603913806e+00,1.020320571795792263e-03
5.200000000000003508e-01,-9.932315288866755409e-01,1.251969379455681042e-01,7.857786117390055391e-01,6.226951361263627582e+00,1.022286507326368703e-03
5.210000000000003517e-01,-9.924262139024145890e-01,1.314213852568074936e-01,8.248460926139601357e-01,6.221902437588353152e+00,1.024252442856595380e-03
5.220000000000003526e-01,-9.915818474851889608e-01,1.376406612062742174e-01,8.638812223675141899e-01,6.216608671300678068e+00,1.026218378386471860e-03
5.230000000000003535e-01,-9.906984627518150566e-01,1.438545210536933960e-01,9.028824698221297185e-01,6.211070268665309868e+00,1.028184313915997275e-03
5.240000000000003544e-01,-9.897760943496402009e-01,1.500627202698226470e-01,9.418483051030077657e-01,6.205287445481362241e+00,1.030150249445170975e-03
5.250000000000003553e-01,-9.888147784552105968e-01,1.562650145459826279e-01,9.807771996969432138e-01,6.199260427074279711e+00,1.032116184973992309e-03
5.260000000000003562e-01,-9.878145527728804387e-01,1.624611598035790860e-01,1.019667626511130631e+00,6.192989448287407050e+00,1.034082120502460627e-03
5.270000000000003570e-01,-9.867754565333619610e-01,1.686509122036164154e-01,1.058518059931920607e+00,6.186474753473202526e+00,1.036048056030575279e-03
5.280000000000003579e-01,-9.856975304922170888e-01,1.748340281562022203e-01,1.097326975883523570e+00,6.179716596484093216e+00,1.038013991558335396e-03
5.290000000000003588e-01,-9.845808169282901368e-01,1.810102643300425529e-01,1.136092851886658872e+00,6.172715240662975944e+00,1.039979927085740545e-03
5.300000000000003597e-01,-9.834253596420821086e-01,1.871793776619275762e-01,1.174814167117148811e+00,6.165470958833361159e+00,1.041945862612790076e-03
5.310000000000003606e-01,-9.822312039540660455e-01,1.933411253662069562e-01,1.213489402464452027e+00,6.157984033289162440e+00,1.043911798139483121e-03
5.320000000000003615e-01,-9.809983967029445306e-01,1.994952649442551240e-01,1.252117040590138730e+00,6.150254755784131611e+00,1.045877733665819031e-03
5.330000000000003624e-01,-9.797269862438480192e-01,2.056415541939256575e-01,1.290695565986301308e+00,6.142283427520935923e+00,1.047843669191797153e-03
5.340000000000003633e-01,-9.784170224464754373e-01,2.117797512189945330e-01,1.329223465033901430e+00,6.134070359139884410e+00,1.049809604717417055e-03
5.350000000000003642e-01,-9.770685566931760491e-01,2.179096144385920808e-01,1.367699226061049878e+00,6.125615870707298072e+00,1.051775540242677652e-03
5.360000000000003650e-01,-9.756816418769730381e-01,2.240309025966229217e-01,1.406121339401217751e+00,6.116920291703527468e+00,1.053741475767578512e-03
5.370000000000003659e-01,-9.742563323995292457e-01,2.301433747711739419e-01,1.444488297451376191e+00,6.107983961010614138e+00,1.055707411292118982e-03
5.380000000000003668e-01,-9.727926841690547333e-01,2.362467903839096661e-01,1.482798594730063924e+00,6.098807226899603862e+00,1.057673346816298413e-03
5.390000000000003677e-01,-9.712907545981558366e-01,2.423409092094547246e-01,1.521050727935379543e+00,6.089390447017504648e+00,1.059639282340115937e-03
5.400000000000003686e-01,-9.697506026016270431e-01,2.484254913847631641e-01,1.559243196002896070e+00,6.079733988373890341e+00,1.061605217863571121e-03
5.410000000000003695e-01,-9.681722885941844714e-01,2.545002974184741862e-01,1.597374500163496913e+00,6.069838227327156055e+00,1.063571153386663097e-03
5.420000000000003704e-01,-9.665558744881415087e-01,2.605650882002539248e-01,1.635443144001130777e+00,6.059703549570421899e+00,1.065537088909391432e-03
5.430000000000003713e-01,-9.649014236910270492e-01,2.666196250101230403e-01,1.673447633510482424e+00,6.049330350117083199e+00,1.067503024431755258e-03
5.440000000000003721e-01,-9.632090011031460008e-01,2.726636695277694922e-01,1.711386477154558827e+00,6.038719033286013449e+00,1.069468959953753925e-03
5.450000000000003730e-01,-9.614786731150820609e-01,2.786969838418466572e-01,1.749258185922187625e+00,6.027870012686414647e+00,1.071434895475386782e-03
5.460000000000003739e-01,-9.597105076051433148e-01,2.847193304592557372e-01,1.787061273385426086e+00,6.016783711202319473e+00,1.073400830996653179e-03
5.470000000000003748e-01,-9.579045739367503254e-01,2.907304723144128467e-01,1.824794255756878592e+00,6.005460560976745299e+00,1.075366766517552248e-03
5.480000000000003757e-01,-9.560609429557668237e-01,2.967301727784998344e-01,1.862455651946920865e+00,5.993901003395497362e+00,1.077332702038083555e-03
5.490000000000003766e-01,-9.541796869877735565e-01,3.027181956686988973e-01,1.900043983620827825e+00,5.982105489070626447e+00,1.079298637558246451e-03
5.500000000000003775e-01,-9.522608798352848458e-01,3.086943052574104285e-01,1.937557775255804415e+00,5.970074477823535730e+00,1.081264573078040067e-03
5.510000000000003784e-01,-9.503045967749078615e-01,3.146582662814536580e-01,1.974995554197916725e+00,5.957808438667744788e+00,1.083230508597463971e-03
5.520000000000003793e-01,-9.483109145544459384e-01,3.206098439512501397e-01,2.012355850718920980e+00,5.945307849791302779e+00,1.085196444116517294e-03
5.530000000000003801e-01,-9.462799113899438286e-01,3.265488039599892534e-01,2.049637198072988387e+00,5.932573198538861448e+00,1.087162379635199386e-03
5.540000000000003810e-01,-9.442116669626775538e-01,3.324749124927757205e-01,2.086838132553325842e+00,5.919604981393395526e+00,1.089128315153509597e-03
5.550000000000003819e-01,-9.421062624160868593e-01,3.383879362357586351e-01,2.123957193548686728e+00,5.906403703957585627e+00,1.091094250671447276e-03
5.560000000000003828e-01,-9.399637803526512680e-01,3.442876423852417878e-01,2.160992923599773352e+00,5.892969880934850302e+00,1.093060186189011773e-03
5.570000000000003837e-01,-9.377843048307102913e-01,3.501737986567747263e-01,2.197943868455526140e+00,5.879304036110040599e+00,1.095026121706202437e-03
5.580000000000003846e-01,-9.355679213612270173e-01,3.560461732942243884e-01,2.234808577129300033e+00,5.865406702329787336e+00,1.096992057223018400e-03
5.590000000000003855e-01,-9.333147169044954117e-01,3.619045350788269166e-01,2.271585601954924538e+00,5.851278421482508207e+00,1.098957992739459230e-03
5.600000000000003864e-01,-9.310247798667923291e-01,3.677486533382192113e-01,2.308273498642645194e+00,5.836919744478071159e+00,1.100923928255524058e-03
5.610000000000003872e-01,-9.286982000969726814e-01,3.735782979554503336e-01,2.344870826334946035e+00,5.822331231227119375e+00,1.102889863771212451e-03
5.620000000000003881e-01,-9.263350688830097601e-01,3.793932393779714807e-01,2.381376147662249032e+00,5.807513450620054307e+00,1.104855799286523542e-03
5.630000000000003890e-01,-9.239354789484791608e-01,3.851932486266053113e-01,2.417788028798490529e+00,5.792466980505676766e+00,1.106821734801456680e-03
5.640000000000003899e-01,-9.214995244489876391e-01,3.909780973044935104e-01,2.454105039516571107e+00,5.777192407669495822e+00,1.108787670316011215e-03
5.650000000000003908e-01,-9.190273009685466787e-01,3.967475576060223719e-01,2.490325753243676221e+00,5.761690327811689549e+00,1.110753605830186496e-03
5.660000000000003917e-01,-9.165189055158903253e-01,4.025014023257263984e-01,2.526448747116468940e+00,5.745961345524736252e+00,1.112719541343981872e-03
5.670000000000003926e-01,-9.139744365207382870e-01,4.082394048671693643e-01,2.562472602036149905e+00,5.730006074270705518e+00,1.114685476857396693e-03
5.680000000000003935e-01,-9.113939938300038568e-01,4.139613392518022295e-01,2.598395902723381390e+00,5.713825136358209988e+00,1.116651412370430092e-03
5.690000000000003944e-01,-9.087776787039472115e-01,4.196669801277981282e-01,2.634217237773078146e+00,5.697419162919029390e+00,1.118617347883081635e-03
5.700000000000003952e-01,-9.061255938122736442e-01,4.253561027788637094e-01,2.669935199709058349e+00,5.680788793884389953e+00,1.120583283395350455e-03
5.710000000000003961e-01,-9.034378432301775064e-01,4.310284831330265520e-01,2.705548385038554660e+00,5.663934677960917874e+00,1.122549218907236118e-03
5.720000000000003970e-01,-9.007145324343315274e-01,4.366838977713984327e-01,2.741055394306584070e+00,5.646857472606256145e+00,1.124515154418737756e-03
5.730000000000003979e-01,-8.979557682988218437e-01,4.423221239369140023e-01,2.776454832150172969e+00,5.629557844004346556e+00,1.126481089929854719e-03
5.740000000000003988e-01,-8.951616590910290716e-01,4.479429395430445382e-01,2.811745307352436107e+00,5.612036467040384835e+00,1.128447025440586357e-03
5.750000000000003997e-01,-8.923323144674553120e-01,4.535461231824866046e-01,2.846925432896508568e+00,5.594294025275440951e+00,1.130412960950932019e-03
5.760000000000004006e-01,-8.894678454694969760e-01,4.591314541358250678e-01,2.881993826019326743e+00,5.576331210920750792e+00,1.132378896460891054e-03
5.770000000000004015e-01,-8.865683645191643203e-01,4.646987123801702979e-01,2.916949108265258328e+00,5.558148724811679209e+00,1.134344831970462812e-03
5.780000000000004023e-01,-8.836339854147472472e-01,4.702476785977690588e-01,2.951789905539576431e+00,5.539747276381351782e+00,1.136310767479646426e-03
5.790000000000004032e-01,-8.806648233264275927e-01,4.757781341845890855e-01,2.986514848161781366e+00,5.521127583633962388e+00,1.138276702988441462e-03
5.800000000000004041e-01,-8.776609947918385668e-01,4.812898612588766278e-01,3.021122570918761241e+00,5.502290373117751265e+00,1.140242638496847052e-03
5.810000000000004050e-01,-8.746226177115706824e-01,4.867826426696866826e-01,3.055611713117794448e+00,5.483236379897657997e+00,1.142208574004862764e-03
5.820000000000004059e-01,-8.715498113446249473e-01,4.922562620053861360e-01,3.089980918639389618e+00,5.463966347527650314e+00,1.144174509512487729e-03
5.830000000000004068e-01,-8.684426963038132108e-01,4.977105036021286510e-01,3.124228835989963038e+00,5.444481028022727820e+00,1.146140445019721297e-03
5.840000000000004077e-01,-8.653013945511061067e-01,5.031451525523016333e-01,3.158354118354349982e+00,5.424781181830601540e+00,1.148106380526562817e-03
5.850000000000004086e-01,-8.621260293929284835e-01,5.085599947129446630e-01,3.192355423648147728e+00,5.404867577803052825e+00,1.150072316033011639e-03
5.860000000000004095e-01,-8.589167254754024317e-01,5.139548167141390067e-01,3.226231414569889377e+00,5.384740993166968970e+00,1.152038251539067113e-03
5.870000000000004103e-01,-8.556736087795383527e-01,5.193294059673682073e-01,3.259980758653048039e+00,5.364402213495059080e+00,1.154004187044728371e-03
5.880000000000004112e-01,-8.523968066163740698e-01,5.246835506738491972e-01,3.293602128317864697e+00,5.343852032676251973e+00,1.155970122549994979e-03
5.890000000000004121e-01,-8.490864476220622015e-01,5.300170398328334365e-01,3.327094200923002898e+00,5.323091252885772562e+00,1.157936058054866288e-03
5.900000000000004130e-01,-8.457426617529062440e-01,5.353296632498780738e-01,3.360455658817025792e+00,5.302120684554901153e+00,1.159901993559341428e-03
5.910000000000004139e-01,-8.423655802803445836e-01,5.406212115450870215e-01,3.393685189389694212e+00,5.280941146340418335e+00,1.161867929063419751e-03
5.920000000000004148e-01,-8.389553357858839933e-01,5.458914761613207212e-01,3.426781485123082671e+00,5.259553465093730118e+00,1.163833864567100822e-03
5.930000000000004157e-01,-8.355120621559818384e-01,5.511402493723754903e-01,3.459743243642513733e+00,5.237958475829682214e+00,1.165799800070383774e-03
5.940000000000004166e-01,-8.320358945768773218e-01,5.563673242911310046e-01,3.492569167767307192e+00,5.216157021695058127e+00,1.167765735573267957e-03
5.950000000000004174e-01,-8.285269695293723258e-01,5.615724948776663616e-01,3.525257965561342299e+00,5.194149953936766373e+00,1.169731671075752719e-03
5.960000000000004183e-01,-8.249854247835615162e-01,5.667555559473445026e-01,3.557808350383431240e+00,5.171938131869711519e+00,1.171697606577837194e-03
5.970000000000004192e-01,-8.214113993935124869e-01,5.719163031788635498e-01,3.590219040937503436e+00,5.149522422844361458e+00,1.173663542079520948e-03
5.980000000000004201e-01,-8.178050336918952778e-01,5.770545331222762808e-01,3.622488761322594453e+00,5.126903702214000269e+00,1.175629477580803330e-03
5.990000000000004210e-01,-8.141664692845628215e-01,5.821700432069765174e-01,3.654616241082644379e+00,5.104082853301672884e+00,1.177595413081683473e-03
6.000000000000004219e-01,-8.104958490450807629e-01,5.872626317496520976e-01,3.686600215256097268e+00,5.081060767366822439e+00,1.179561348582160944e-03
6.010000000000004228e-01,-8.067933171092086519e-01,5.923320979622043181e-01,3.718439424425304285e+00,5.057838343571623874e+00,1.181527284082234874e-03
6.020000000000004237e-01,-8.030590188693310649e-01,5.973782419596340709e-01,3.750132614765725680e+00,5.034416488947008439e+00,1.183493219581904614e-03
6.030000000000004245e-01,-7.992931009688402089e-01,6.024008647678932293e-01,3.781678538094932041e+00,5.010796118358386231e+00,1.185459155081169513e-03
6.040000000000004254e-01,-7.954957112964694543e-01,6.073997683317018392e-01,3.813075951921400808e+00,4.986978154471064961e+00,1.187425090580028920e-03
6.050000000000004263e-01,-7.916669989805776853e-01,6.123747555223307826e-01,3.844323619493109412e+00,4.962963527715364975e+00,1.189391026078482185e-03
6.060000000000004272e-01,-7.878071143833862422e-01,6.173256301453490247e-01,3.875420309845918787e+00,4.938753176251438504e+00,1.191356961576528657e-03
6.070000000000004281e-01,-7.839162090951662387e-01,6.222521969483360005e-01,3.906364797851749060e+00,4.914348045933782494e+00,1.193322897074167686e-03
6.080000000000004290e-01,-7.799944359283791373e-01,6.271542616285576965e-01,3.937155864266543848e+00,4.889749090275459231e+00,1.195288832571398405e-03
6.090000000000004299e-01,-7.760419489117683645e-01,6.320316308406075390e-01,3.967792295778021838e+00,4.864957270412014978e+00,1.197254768068220379e-03
6.100000000000004308e-01,-7.720589032844039634e-01,6.368841122040105329e-01,3.998272885053214765e+00,4.839973555065103739e+00,1.199220703564632742e-03
6.110000000000004317e-01,-7.680454554896795072e-01,6.417115143107913200e-01,4.028596430785786886e+00,4.814798920505817037e+00,1.201186639060635060e-03
6.120000000000004325e-01,-7.640017631692621602e-01,6.465136467330047099e-01,4.058761737743137310e+00,4.789434350517719707e+00,1.203152574556226465e-03
6.130000000000004334e-01,-7.599279851569950006e-01,6.512903200302299078e-01,4.088767616813284711e+00,4.763880836359591697e+00,1.205118510051406307e-03
6.140000000000004343e-01,-7.558242814727534897e-01,6.560413457570268836e-01,4.118612885051524231e+00,4.738139376727879437e+00,1.207084445546173935e-03
6.150000000000004352e-01,-7.516908133162547578e-01,6.607665364703552147e-01,4.148296365726866775e+00,4.712210977718857663e+00,1.209050381040528699e-03
6.160000000000004361e-01,-7.475277430608209261e-01,6.654657057369546269e-01,4.177816888368250048e+00,4.686096652790502581e+00,1.211016316534469948e-03
6.170000000000004370e-01,-7.433352342470957996e-01,6.701386681406877877e-01,4.207173288810523104e+00,4.659797422724073712e+00,1.212982252027996815e-03
6.180000000000004379e-01,-7.391134515767164848e-01,6.747852392898440188e-01,4.236364409240199969e+00,4.633314315585415066e+00,1.214948187521108867e-03
6.190000000000004388e-01,-7.348625609059387109e-01,6.794052358244047074e-01,4.265389098240985888e+00,4.606648366685966778e+00,1.216914123013805235e-03
6.200000000000004396e-01,-7.305827292392169658e-01,6.839984754232690811e-01,4.294246210839069100e+00,4.579800618543496071e+00,1.218880058506085487e-03
6.210000000000004405e-01,-7.262741247227396668e-01,6.885647768114407929e-01,4.322934608548177238e+00,4.552772120842542236e+00,1.220845993997948754e-03
6.220000000000004414e-01,-7.219369166379189240e-01,6.931039597671748709e-01,4.351453159414400140e+00,4.525563930394584489e+00,1.222811929489394387e-03
6.230000000000004423e-01,-7.175712753948361167e-01,6.976158451290845885e-01,4.379800738060773746e+00,4.498177111097926506e+00,1.224777864980421734e-03
6.240000000000004432e-01,-7.131773725256425056e-01,7.021002548032081458e-01,4.407976225731623288e+00,4.470612733897304736e+00,1.226743800471030146e-03
6.250000000000004441e-01,-7.087553806779159915e-01,7.065570117700346042e-01,4.435978510336666680e+00,4.442871876743218706e+00,1.228709735961218972e-03
6.260000000000004450e-01,-7.043054736079737976e-01,7.109859400914895211e-01,4.463806486494876324e+00,4.414955624550983337e+00,1.230675671450987560e-03
6.270000000000004459e-01,-6.998278261741414097e-01,7.153868649178790617e-01,4.491459055578090442e+00,4.386865069159513020e+00,1.232641606940335262e-03
6.280000000000004468e-01,-6.953226143299779949e-01,7.197596124947925889e-01,4.518935125754387272e+00,4.358601309289825032e+00,1.234607542429261209e-03
6.290000000000004476e-01,-6.907900151174584114e-01,7.241040101699643960e-01,4.546233612031200799e+00,4.330165450503275615e+00,1.236573477917764967e-03
6.300000000000004485e-01,-6.862302066601126960e-01,7.284198864000925866e-01,4.573353436298194907e+00,4.301558605159526039e+00,1.238539413405845670e-03
6.310000000000004494e-01,-6.816433681561221425e-01,7.327070707576166519e-01,4.600293527369881730e+00,4.272781892374236001e+00,1.240505348893502667e-03
6.320000000000004503e-01,-6.770296798713736353e-01,7.369653939374518625e-01,4.627052821027986873e+00,4.243836437976495901e+00,1.242471284380735523e-03
6.330000000000004512e-01,-6.723893231324710174e-01,7.411946877636814701e-01,4.653630260063562396e+00,4.214723374465986439e+00,1.244437219867543373e-03
6.340000000000004521e-01,-6.677224803197050473e-01,7.453947851962059445e-01,4.680024794318839554e+00,4.185443840969877094e+00,1.246403155353925565e-03
6.350000000000004530e-01,-6.630293348599813896e-01,7.495655203373483566e-01,4.706235380728826634e+00,4.155998983199461705e+00,1.248369090839881448e-03
6.360000000000004539e-01,-6.583100712197068605e-01,7.537067284384171284e-01,4.732260983362644780e+00,4.126389953406530253e+00,1.250335026325410156e-03
6.370000000000004547e-01,-6.535648748976352618e-01,7.578182459062243748e-01,4.758100573464602689e+00,4.096617910339482194e+00,1.252300961810511254e-03
6.380000000000004556e-01,-6.487939324176712486e-01,7.618999103095606129e-01,4.783753129495008416e+00,4.066684019199181321e+00,1.254266897295184093e-03
6.390000000000004565e-01,-6.439974313216343393e-01,7.659515603856248411e-01,4.809217637170717374e+00,4.036589451594552180e+00,1.256232832779427804e-03
6.400000000000004574e-01,-6.391755601619820704e-01,7.699730360464105416e-01,4.834493089505410346e+00,4.006335385497919788e+00,1.258198768263241738e-03
6.410000000000004583e-01,-6.343285084944932928e-01,7.739641783850463863e-01,4.859578486849606804e+00,3.975923005200097560e+00,1.260164703746625460e-03
6.420000000000004592e-01,-6.294564668709113908e-01,7.779248296820924224e-01,4.884472836930408235e+00,3.945353501265222107e+00,1.262130639229578103e-03
6.430000000000004601e-01,-6.245596268315477539e-01,7.818548334117905174e-01,4.909175154890967896e+00,3.914628070485334899e+00,1.264096574712099018e-03
6.440000000000004610e-01,-6.196381808978462802e-01,7.857540342482695062e-01,4.933684463329689684e+00,3.883747915834716125e+00,1.266062510194187552e-03
6.450000000000004619e-01,-6.146923225649087996e-01,7.896222780717044865e-01,4.957999792339152556e+00,3.852714246423970312e+00,1.268028445675843056e-03
6.460000000000004627e-01,-6.097222462939810850e-01,7.934594119744302620e-01,4.982120179544756056e+00,3.821528277453864142e+00,1.269994381157064662e-03
6.470000000000004636e-01,-6.047281475049012256e-01,7.972652842670079343e-01,5.006044670143092290e+00,3.790191230168920900e+00,1.271960316637851937e-03
6.480000000000004645e-01,-5.997102225685092547e-01,8.010397444842456416e-01,5.029772316940034571e+00,3.758704331810770682e+00,1.273926252118204230e-03
6.490000000000004654e-01,-5.946686687990189180e-01,8.047826433911722255e-01,5.053302180388548948e+00,3.727068815571259464e+00,1.275892187598120673e-03
6.500000000000004663e-01,-5.896036844463516946e-01,8.084938329889639341e-01,5.076633328626220631e+00,3.695285920545316571e+00,1.277858123077600617e-03
6.510000000000004672e-01,-5.845154686884338480e-01,8.121731665208236084e-01,5.099764837512496207e+00,3.663356891683586358e+00,1.279824058556643628e-03
6.520000000000004681e-01,-5.794042216234557285e-01,8.158204984778127944e-01,5.122695790665644289e+00,3.631282979744819173e+00,1.281789994035248837e-03
6.530000000000004690e-01,-5.742701442620946617e-01,8.194356846046358944e-01,5.145425279499423965e+00,3.599065441248031405e+00,1.283755929513415595e-03
6.540000000000004698e-01,-5.691134385197014200e-01,8.230185819053765783e-01,5.167952403259468142e+00,3.566705538424428390e+00,1.285721864991143252e-03
6.550000000000004707e-01,-5.639343072084500585e-01,8.265690486491855671e-01,5.190276269059376446e+00,3.534204539169096826e+00,1.287687800468431155e-03
6.560000000000004716e-01,-5.587329540294522223e-01,8.300869443759204547e-01,5.212395991916515037e+00,3.501563716992466269e+00,1.289653735945278440e-03
6.570000000000004725e-01,-5.535095835648353724e-01,8.335721299017365693e-01,5.234310694787524199e+00,3.468784350971544139e+00,1.291619671421684670e-03
6.580000000000004734e-01,-5.482644012697860392e-01,8.370244673246292066e-01,5.256019508603533730e+00,3.435867725700920250e+00,1.293585606897649197e-03
6.590000000000004743e-01,-5.429976134645578822e-01,8.404438200299264583e-01,5.277521572305076347e+00,3.402815131243548841e+00,1.295551542373171152e-03
6.600000000000004752e-01,-5.377094273264448887e-01,8.438300526957329684e-01,5.298816032876711546e+00,3.369627863081306351e+00,1.297517477848249886e-03
6.610000000000004761e-01,-5.324000508817201549e-01,8.471830312983241740e-01,5.319902045381342148e+00,3.336307222065327149e+00,1.299483413322884964e-03
6.620000000000004770e-01,-5.270696929975404732e-01,8.505026231174903639e-01,5.340778772994239532e+00,3.302854514366118988e+00,1.301449348797075519e-03
6.630000000000004778e-01,-5.217185633738170569e-01,8.537886967418311102e-01,5.361445387036757104e+00,3.269271051423460861e+00,1.303415284270820901e-03
6.640000000000004787e-01,-5.163468725350529587e-01,8.570411220739996283e-01,5.381901067009749795e+00,3.235558149896083702e+00,1.305381219744120459e-03
6.650000000000004796e-01,-5.109548318221466268e-01,8.602597703358961789e-01,5.402145000626680904e+00,3.201717131611136580e+00,1.307347155216973542e-03
6.660000000000004805e-01,-5.055426533841632653e-01,8.634445140738111757e-01,5.422176383846430525e+00,3.167749323513439297e+00,1.309313090689379283e-03
6.670000000000004814e-01,-5.001105501700727762e-01,8.665952271635175563e-01,5.441994420905788665e+00,3.133656057614523593e+00,1.311279026161337249e-03
6.680000000000004823e-01,-4.946587359204559498e-01,8.697117848153118613e-01,5.461598324351645495e+00,3.099438670941466967e+00,1.313244961632846789e-03
6.690000000000004832e-01,-4.891874251591782907e-01,8.727940635790040202e-01,5.480987315072868071e+00,3.065098505485515545e+00,1.315210897103907036e-03
6.700000000000004841e-01,-4.836968331850323710e-01,8.758419413488558458e-01,5.500160622331866200e+00,3.030636908150502684e+00,1.317176832574517339e-03
6.710000000000004849e-01,-4.781871760633484847e-01,8.788552973684676806e-01,5.519117483795847434e+00,2.996055230701064609e+00,1.319142768044677264e-03
6.720000000000004858e-01,-4.726586706175744945e-01,8.818340122356131960e-01,5.537857145567751438e+00,2.961354829710651781e+00,1.321108703514385944e-03
6.730000000000004867e-01,-4.671115344208245368e-01,8.847779679070223446e-01,5.556378862216876158e+00,2.926537066509339979e+00,1.323074638983642729e-03
6.740000000000004876e-01,-4.615459857873978056e-01,8.876870477031114648e-01,5.574681896809182469e+00,2.891603307131445089e+00,1.325040574452446968e-03
6.750000000000004885e-01,-4.559622437642665282e-01,8.905611363126616498e-01,5.592765520937280854e+00,2.856554922262938057e+00,1.327006509920798010e-03
6.760000000000004894e-01,-4.503605281225347423e-01,8.934001197974436037e-01,5.610629014750098342e+00,2.821393287188667554e+00,1.328972445388694988e-03
6.770000000000004903e-01,-4.447410593488670960e-01,8.962038855967903173e-01,5.628271666982226584e+00,2.786119781739388124e+00,1.330938380856137469e-03
6.780000000000004912e-01,-4.391040586368887277e-01,8.989723225321163413e-01,5.645692774982943085e+00,2.750735790238597378e+00,1.332904316323124585e-03
6.790000000000004921e-01,-4.334497478785562241e-01,9.017053208113838814e-01,5.662891644744913577e+00,2.715242701449184448e+00,1.334870251789655902e-03
6.800000000000004929e-01,-4.277783496554998788e-01,9.044027720335154896e-01,5.679867590932566657e+00,2.679641908519891480e+00,1.336836187255730553e-03
6.810000000000004938e-01,-4.220900872303380846e-01,9.070645691927529120e-01,5.696619936910141568e+00,2.643934808931588609e+00,1.338802122721347888e-03
6.820000000000004947e-01,-4.163851845379634153e-01,9.096906066829625326e-01,5.713148014769412697e+00,2.608122804443365528e+00,1.340768058186507256e-03
6.830000000000004956e-01,-4.106638661768015619e-01,9.122807803018861961e-01,5.729451165357078324e+00,2.572207301038443639e+00,1.342733993651208007e-03
6.840000000000004965e-01,-4.049263574000427357e-01,9.148349872553385165e-01,5.745528738301826976e+00,2.536189708869904802e+00,1.344699929115449489e-03
6.850000000000004974e-01,-3.991728841068463152e-01,9.173531261613494525e-01,5.761380092041067158e+00,2.500071442206245997e+00,1.346665864579231053e-03
6.860000000000004983e-01,-3.934036728335189026e-01,9.198350970542523708e-01,5.777004593847327563e+00,2.463853919376755908e+00,1.348631800042552047e-03
6.870000000000004992e-01,-3.876189507446660687e-01,9.222808013887175971e-01,5.792401619854320671e+00,2.427538562716719639e+00,1.350597735505411822e-03
6.880000000000005000e-01,-3.818189456243184510e-01,9.246901420437307895e-01,5.807570555082676833e+00,2.391126798512448914e+00,1.352563670967809510e-03
6.890000000000005009e-01,-3.760038858670319839e-01,9.270630233265164666e-01,5.822510793465334622e+00,2.354620056946146622e+00,1.354529606429744461e-03
6.900000000000005018e-01,-3.701740004689629826e-01,9.293993509764062466e-01,5.837221737872602567e+00,2.318019772040598170e+00,1.356495541891216241e-03
6.910000000000005027e-01,-3.643295190189184685e-01,9.316990321686516863e-01,5.851702800136876270e+00,2.281327381603702964e+00,1.358461477352223981e-03
6.920000000000005036e-01,-3.584706716893819589e-01,9.339619755181816085e-01,5.865953401077017126e+00,2.244544327172836251e+00,1.360427412812767033e-03
6.930000000000005045e-01,-3.525976892275147212e-01,9.361880910833039193e-01,5.879972970522392650e+00,2.207672053959054193e+00,1.362393348272844746e-03
6.940000000000005054e-01,-3.467108029461335450e-01,9.383772903693508027e-01,5.893760947336573963e+00,2.170712010791135516e+00,1.364359283732456468e-03
6.950000000000005063e-01,-3.408102447146648672e-01,9.405294863322689602e-01,5.907316779440689558e+00,2.133665650059467733e+00,1.366325219191601549e-03
6.960000000000005071e-01,-3.348962469500755268e-01,9.426445933821526735e-01,5.920639923836434448e+00,2.096534427659776600e+00,1.368291154650279340e-03
6.970000000000005080e-01,-3.289690426077809815e-01,9.447225273867212447e-01,5.933729846628737370e+00,2.059319802936702359e+00,1.370257090108488972e-03
6.980000000000005089e-01,-3.230288651725308213e-01,9.467632056747393721e-01,5.946586023048078928e+00,2.022023238627223218e+00,1.372223025566230012e-03
6.990000000000005098e-01,-3.170759486492721879e-01,9.487665470393814582e-01,5.959207937472463357e+00,1.984646200803931837e+00,1.374188961023501592e-03
7.000000000000005107e-01,-3.111105275539914339e-01,9.507324717415384097e-01,5.971595083449041219e+00,1.947190158818161709e+00,1.376154896480303062e-03
7.010000000000005116e-01,-3.051328369045343547e-01,9.526609015130682590e-01,5.983746963715383060e+00,1.909656585242969884e+00,1.378120831936633988e-03
7.020000000000005125e-01,-2.991431122114051600e-01,9.545517595599889438e-01,5.995663090220406666e+00,1.872046955815975355e+00,1.380086767392493504e-03
7.030000000000005134e-01,-2.931415894685449608e-01,9.564049705656146871e-01,6.007342984144943721e+00,1.834362749382057789e+00,1.382052702847880957e-03
7.040000000000005143e-01,-2.871285051440895519e-01,9.582204606936340907e-01,6.018786175921962744e+00,1.796605447835915470e+00,1.384018638302795699e-03
7.050000000000005151e-01,-2.811040961711074870e-01,9.599981575911314957e-01,6.029992205256435867e+00,1.758776536064487361e+00,1.385984573757236861e-03
7.060000000000005160e-01,-2.750685999383181701e-01,9.617379903915501682e-01,6.040960621144848552e+00,1.720877501889239714e+00,1.387950509211204010e-03
7.070000000000005169e-01,-2.690222542807907402e-01,9.634398897175980858e-01,6.051690981894357613e+00,1.682909836008321225e+00,1.389916444664696495e-03
7.080000000000005178e-01,-2.629652974706240265e-01,9.651037876840954377e-01,6.062182855141589499e+00,1.644875031938586307e+00,1.391882380117713449e-03
7.090000000000005187e-01,-2.568979682076077964e-01,9.667296179007646151e-01,6.072435817871083330e+00,1.606774585957490231e+00,1.393848315570254221e-03
7.100000000000005196e-01,-2.508205056098657404e-01,9.683173154749613598e-01,6.082449456433376866e+00,1.568609997044858595e+00,1.395814251022318379e-03
7.110000000000005205e-01,-2.447331492044806101e-01,9.698668170143481815e-01,6.092223366562729225e+00,1.530382766824532892e+00,1.397780186473905053e-03
7.120000000000005214e-01,-2.386361389181018422e-01,9.713780606295090436e-01,6.101757153394486544e+00,1.492094399505893065e+00,1.399746121925013595e-03
7.130000000000005222e-01,-2.325297150675358360e-01,9.728509859365056522e-01,6.111050431482087042e+00,1.453746401825261270e+00,1.401712057375643352e-03
7.140000000000005231e-01,-2.264141183503195764e-01,9.742855340593751245e-01,6.120102824813701048e+00,1.415340282987187948e+00,1.403677992825793676e-03
7.150000000000005240e-01,-2.202895898352777160e-01,9.756816476325685938e-01,6.128913966828510418e+00,1.376877554605622223e+00,1.405643928275463915e-03
7.160000000000005249e-01,-2.141563709530635573e-01,9.770392708033313056e-01,6.137483500432625583e+00,1.338359730644969936e+00,1.407609863724653201e-03
7.170000000000005258e-01,-2.080147034866843270e-01,9.783583492340237608e-01,6.145811078014633999e+00,1.299788327361039997e+00,1.409575799173361102e-03
7.180000000000005267e-01,-2.018648295620111277e-01,9.796388301043830182e-01,6.153896361460787112e+00,1.261164863241881706e+00,1.411541734621586750e-03
7.190000000000005276e-01,-1.957069916382737362e-01,9.808806621137258208e-01,6.161739022169818725e+00,1.222490858948517278e+00,1.413507670069329711e-03
7.200000000000005285e-01,-1.895414324985409404e-01,9.820837954830915484e-01,6.169338741067399212e+00,1.183767837255568001e+00,1.415473605516589118e-03
7.210000000000005294e-01,-1.833683952401865269e-01,9.832481819573263282e-01,6.176695208620216704e+00,1.144997322991780031e+00,1.417439540963364320e-03
7.220000000000005302e-01,-1.771881232653413074e-01,9.843737748071071936e-01,6.183808124849694998e+00,1.106180842980449386e+00,1.419405476409654667e-03
7.230000000000005311e-01,-1.710008602713317671e-01,9.854605288309070676e-01,6.190677199345340220e+00,1.067319925979749895e+00,1.421371411855459508e-03
7.240000000000005320e-01,-1.648068502411054181e-01,9.865084003568993509e-01,6.197302151277715332e+00,1.028416102622965900e+00,1.423337347300778193e-03
7.250000000000005329e-01,-1.586063374336433851e-01,9.875173472448034451e-01,6.203682709411046048e+00,9.894709053586315806e-01,1.425303282745610071e-03
7.260000000000005338e-01,-1.523995663743606399e-01,9.884873288876699915e-01,6.209818612115454606e+00,9.504858683905801353e-01,1.427269218189954492e-03
7.270000000000005347e-01,-1.461867818454941348e-01,9.894183062136060469e-01,6.215709607378822277e+00,9.114625276179036950e-01,1.429235153633810589e-03
7.280000000000005356e-01,-1.399682288764792226e-01,9.903102416874403069e-01,6.221355452818276177e+00,8.724024205748279748e-01,1.431201089077177926e-03
7.290000000000005365e-01,-1.337441527343149195e-01,9.911630993123282662e-01,6.226755915691303045e+00,8.333070863705023257e-01,1.433167024520055639e-03
7.300000000000005373e-01,-1.275147989139180371e-01,9.919768446312968724e-01,6.231910772906490870e+00,7.941780656287086293e-01,1.435132959962443075e-03
7.310000000000005382e-01,-1.212804131284669351e-01,9.927514447287290045e-01,6.236819811033893046e+00,7.550169004274905893e-01,1.437098895404339584e-03
7.320000000000005391e-01,-1.150412412997349892e-01,9.934868682317874455e-01,6.241482826315018606e+00,7.158251342387064176e-01,1.439064830845744733e-03
7.330000000000005400e-01,-1.087975295484143456e-01,9.941830853117786804e-01,6.245899624672441419e+00,6.766043118675064694e-01,1.441030766286657437e-03
7.340000000000005409e-01,-1.025495241844301547e-01,9.948400676854557423e-01,6.250070021719040803e+00,6.373559793917388250e-01,1.442996701727077263e-03
7.350000000000005418e-01,-9.629747169724583999e-02,9.954577886162604416e-01,6.253993842766855771e+00,5.980816841012848162e-01,1.444962637167003560e-03
7.360000000000005427e-01,-9.004161874615966565e-02,9.960362229155053093e-01,6.257670922835566252e+00,5.587829744373268293e-01,1.446928572606435677e-03
7.370000000000005436e-01,-8.378221215059299121e-02,9.965753469434943668e-01,6.261101106660593274e+00,5.194613999315503827e-01,1.448894508045372748e-03
7.380000000000005445e-01,-7.751949888037065750e-02,9.970751386105831671e-01,6.264284248700822566e+00,4.801185111452842547e-01,1.450860443483814339e-03
7.390000000000005453e-01,-7.125372604599380932e-02,9.975355773781781066e-01,6.267220213145942687e+00,4.407558596085786595e-01,1.452826378921759582e-03
7.400000000000005462e-01,-6.498514088890557094e-02,9.979566442596744524e-01,6.269908873923410120e+00,4.013749977592261931e-01,1.454792314359207826e-03
7.410000000000005471e-01,-5.871399077174999787e-02,9.983383218213338628e-01,6.272350114705026236e+00,3.619774788817262112e-01,1.456758249796158639e-03
7.420000000000005480e-01,-5.244052316862455460e-02,9.986805941831002897e-01,6.274543828913137666e+00,3.225648570461958631e-01,1.458724185232611152e-03
7.430000000000005489e-01,-4.616498565532665271e-02,9.989834470193551530e-01,6.276489919726451205e+00,2.831386870472300532e-01,1.460690120668564716e-03
7.440000000000005498e-01,-3.988762589959453375e-02,9.992468675596113403e-01,6.278188300085469464e+00,2.437005243427123879e-01,1.462656056104018462e-03
7.450000000000005507e-01,-3.360869165134292708e-02,9.994708445891455906e-01,6.279638892697541053e+00,2.042519249925796865e-01,1.464621991538971957e-03
7.460000000000005516e-01,-2.732843073289381586e-02,9.996553684495700365e-01,6.280841630041527957e+00,1.647944455975425826e-01,1.466587926973424551e-03
7.470000000000005524e-01,-2.104709102920276909e-02,9.998004310393425742e-01,6.281796454372090110e+00,1.253296432377644098e-01,1.468553862407375376e-03
7.480000000000005533e-01,-1.476492047808115882e-02,9.999060258142152824e-01,6.282503317723583613e+00,8.585907541150081257e-02,1.470519797840823999e-03
7.490000000000005542e-01,-8.482167060414668586e-03,9.999721477876220010e-01,6.282962181913577027e+00,4.638429997370249053e-02,1.472485733273769552e-03
7.500000000000005551e-01,-2.199078790378491098e-03,9.999987935310042930e-01,6.283173018545978650e+00,6.906875074583512797e-03,1.474451668706211385e-03
7.510000000000005560e-01,4.084096294350421374e-03,9.999859611740757881e-01,6.283135809013782769e+00,-3.257164090184239830e-02,1.476417604138148846e-03
7.520000000000005569e-01,1.036711014238365230e-02,9.999336504050256869e-01,6.282850544501427770e+00,-7.204968939925526783e-02,1.478383539569581503e-03
7.530000000000005578e-01,1.664971469841378116e-02,9.998418624706597591e-01,6.282317225986767006e+00,-1.115257117505494139e-01,1.480349475000508272e-03
7.540000000000005587e-01,2.293166191300862952e-02,9.997106001764808347e-01,6.281535864242655975e+00,-1.509981492393787650e-01,1.482315410430928718e-03
7.550000000000005596e-01,2.921270375240688638e-02,9.995398678867070119e-01,6.280506479838148692e+00,-1.904654431617246457e-01,1.484281345860842191e-03
7.560000000000005604e-01,3.549259220831475076e-02,9.993296715242284689e-01,6.279229103139311263e+00,-2.299260348874833659e-01,1.486247281290248041e-03
7.570000000000005613e-01,4.177107930770318500e-02,9.990800185705029923e-01,6.277703774309644658e+00,-2.693783659220712612e-01,1.488213216719145400e-03
7.580000000000005622e-01,4.804791712260540748e-02,9.987909180653895547e-01,6.275930543310123788e+00,-3.088208779680450267e-01,1.490179152147533834e-03
7.590000000000005631e-01,5.432285777991420483e-02,9.984623806069200525e-01,6.273909469898841351e+00,-3.482520129867344161e-01,1.492145087575412477e-03
7.600000000000005640e-01,6.059565347117873424e-02,9.980944183510103151e-01,6.271640623630272415e+00,-3.876702132598850992e-01,1.494111023002780677e-03
7.610000000000005649e-01,6.686605646240036116e-02,9.976870450111083866e-01,6.269124083854144658e+00,-4.270739214513093462e-01,1.496076958429637784e-03
7.620000000000005658e-01,7.313381910382719953e-02,9.972402758577816329e-01,6.266359939713919580e+00,-4.664615806685419863e-01,1.498042893855983148e-03
7.630000000000005667e-01,7.939869383974688943e-02,9.967541277182425663e-01,6.263348290144889141e+00,-5.058316345244990853e-01,1.500008829281816117e-03
7.640000000000005675e-01,8.566043321827736257e-02,9.962286189758122745e-01,6.260089243871880704e+00,-5.451825271991367350e-01,1.501974764707136043e-03
7.650000000000005684e-01,9.191878990115504022e-02,9.956637695693227874e-01,6.256582919406572962e+00,-5.845127035011081773e-01,1.503940700131942273e-03
7.660000000000005693e-01,9.817351667352017253e-02,9.950596009924572716e-01,6.252829445044421064e+00,-6.238206089294160428e-01,1.505906635556233941e-03
7.670000000000005702e-01,1.044243664536989302e-01,9.944161362930291626e-01,6.248828958861195382e+00,-6.631046897350574287e-01,1.507872570980010613e-03
7.680000000000005711e-01,1.106710923029818189e-01,9.937334000721992355e-01,6.244581608709130371e+00,-7.023633929826598177e-01,1.509838506403271422e-03
7.690000000000005720e-01,1.169134474353980824e-01,9.930114184836310587e-01,6.240087552212679078e+00,-7.415951666121044505e-01,1.511804441826015933e-03
7.700000000000005729e-01,1.231511852274855823e-01,9.922502192325850512e-01,6.235346956763883064e+00,-7.807984595001355999e-01,1.513770377248243280e-03
7.710000000000005738e-01,1.293840592280559587e-01,9.914498315749508128e-01,6.230359999517352421e+00,-8.199717215219526345e-01,1.515736312669952813e-03
7.720000000000005747e-01,1.356118231679545039e-01,9.906102863162178362e-01,6.225126867384852325e+00,-8.591134036127827667e-01,1.517702248091143879e-03
7.730000000000005755e-01,1.418342309698144288e-01,9.897316158103847128e-01,6.219647757029500568e+00,-8.982219578294319273e-01,1.519668183511815830e-03
7.740000000000005764e-01,1.480510367578052322e-01,9.888138539588068321e-01,6.213922874859577838e+00,-9.372958374118109948e-01,1.521634118931968014e-03
7.750000000000005773e-01,1.542619948673744912e-01,9.878570362089824641e-01,6.207952437021946324e+00,-9.763334968444348227e-01,1.523600054351599781e-03
7.760000000000005782e-01,1.604668598549830738e-01,9.868611995532774461e-01,6.201736669395076618e+00,-1.015333391917892847e+00,1.525565989770710264e-03
7.770000000000005791e-01,1.666653865078330798e-01,9.858263825275884740e-01,6.195275807581688277e+00,-1.054293979790286162e+00,1.527531925189299028e-03
7.780000000000005800e-01,1.728573298535882041e-01,9.847526252099446653e-01,6.188570096900996909e+00,-1.093213719048632182e+00,1.529497860607365207e-03
7.790000000000005809e-01,1.790424451700862729e-01,9.836399692190482824e-01,6.181619792380574019e+00,-1.132091069770230662e+00,1.531463796024908151e-03
7.800000000000005818e-01,1.852204879950432870e-01,9.824884577127533936e-01,6.174425158747816056e+00,-1.170924493583991088e+00,1.533429731441927424e-03
7.810000000000005826e-01,1.913912141357488605e-01,9.812981353864839162e-01,6.166986470421024435e+00,-1.209712453731717874e+00,1.535395666858422161e-03
7.820000000000005835e-01,1.975543796787525286e-01,9.800690484715899320e-01,6.159304011500093878e+00,-1.248453415129351374e+00,1.537361602274391710e-03
7.830000000000005844e-01,2.037097409995404784e-01,9.788012447336430499e-01,6.151378075756815278e+00,-1.287145844428162267e+00,1.539327537689835421e-03
7.840000000000005853e-01,2.098570547722024282e-01,9.774947734706705971e-01,6.143208966624785106e+00,-1.325788210075895313e+00,1.541293473104752426e-03
7.850000000000005862e-01,2.159960779790882912e-01,9.761496855113281912e-01,6.134796997188929346e+00,-1.364378982377862704e+00,1.543259408519142293e-03
7.860000000000005871e-01,2.221265679204539878e-01,9.747660332130121397e-01,6.126142490174633082e+00,-1.402916633557981685e+00,1.545225343933004369e-03
7.870000000000005880e-01,2.282482822240964604e-01,9.733438704599099989e-01,6.117245777936489937e+00,-1.441399637819755997e+00,1.547191279346337789e-03
7.880000000000005889e-01,2.343609788549769479e-01,9.718832526609907374e-01,6.108107202446654505e+00,-1.479826471407197586e+00,1.549157214759142118e-03
7.890000000000005898e-01,2.404644161248326584e-01,9.703842367479336151e-01,6.098727115282810196e+00,-1.518195612665686367e+00,1.551123150171416490e-03
7.900000000000005906e-01,2.465583527017760901e-01,9.688468811729965546e-01,6.089105877615750728e+00,-1.556505542102765594e+00,1.553089085583160252e-03
7.910000000000005915e-01,2.526425476198817521e-01,9.672712459068234514e-01,6.079243860196569038e+00,-1.594754742448869500e+00,1.555055020994372756e-03
7.920000000000005924e-01,2.587167602887599505e-01,9.656573924361911976e-01,6.069141443343462505e+00,-1.632941698717982781e+00,1.557020956405053350e-03
7.930000000000005933e-01,2.647807505031170572e-01,9.640053837616955335e-01,6.058799016928150927e+00,-1.671064898268226795e+00,1.558986891815201383e-03
7.940000000000005942e-01,2.708342784523021241e-01,9.623152843953768354e-01,6.048216980361905470e+00,-1.709122830862372266e+00,1.560952827224816207e-03
7.950000000000005951e-01,2.768771047298393406e-01,9.605871603582852858e-01,6.037395742581191271e+00,-1.747113988728273615e+00,1.562918762633897169e-03
7.960000000000005960e-01,2.829089903429457542e-01,9.588210791779853137e-01,6.026335722032924558e+00,-1.785036866619225560e+00,1.564884698042443402e-03
7.970000000000005969e-01,2.889296967220342793e-01,9.570171098860005277e-01,6.015037346659345197e+00,-1.822889961874235354e+00,1.566850633450454474e-03
7.980000000000005977e-01,2.949389857302013307e-01,9.551753230151972529e-01,6.003501053882500216e+00,-1.860671774478212859e+00,1.568816568857929515e-03
7.990000000000005986e-01,3.009366196726986353e-01,9.532957905971091161e-01,5.991727290588344523e+00,-1.898380807122071579e+00,1.570782504264867877e-03
8.000000000000005995e-01,3.069223613063890577e-01,9.513785861592007898e-01,5.979716513110457043e+00,-1.936015565262741100e+00,1.572748439671268908e-03
8.010000000000006004e-01,3.128959738491859377e-01,9.494237847220720061e-01,5.967469187213371384e+00,-1.973574557183087386e+00,1.574714375077132175e-03
8.020000000000006013e-01,3.188572209894754983e-01,9.474314627966018421e-01,5.954985788075523701e+00,-2.011056294051738025e+00,1.576680310482456810e-03
8.030000000000006022e-01,3.248058668955221551e-01,9.454016983810327179e-01,5.942266800271816862e+00,-2.048459289982810461e+00,1.578646245887241947e-03
8.040000000000006031e-01,3.307416762248560071e-01,9.433345709579955551e-01,5.929312717755799156e+00,-2.085782062095540734e+00,1.580612181291487150e-03
8.050000000000006040e-01,3.366644141336424534e-01,9.412301614914746484e-01,5.916124043841465507e+00,-2.123023130573810757e+00,1.582578116695191770e-03
8.060000000000006048e-01,3.425738462860334343e-01,9.390885524237132520e-01,5.902701291184673238e+00,-2.160181018725568780e+00,1.584544052098354940e-03
8.070000000000006057e-01,3.484697388634998005e-01,9.369098276720599916e-01,5.889044981764175013e+00,-2.197254253042145500e+00,1.586509987500976226e-03
8.080000000000006066e-01,3.543518585741444737e-01,9.346940726257557674e-01,5.875155646862276093e+00,-2.234241363257458701e+00,1.588475922903054760e-03
8.090000000000006075e-01,3.602199726619962905e-01,9.324413741426617053e-01,5.861033827045107003e+00,-2.271140882407105988e+00,1.590441858304590108e-03
8.100000000000006084e-01,3.660738489162838061e-01,9.301518205459277100e-01,5.846680072142516060e+00,-2.307951346887343824e+00,1.592407793705581404e-03
8.110000000000006093e-01,3.719132556806887258e-01,9.278255016206028438e-01,5.832094941227587981e+00,-2.344671296513948011e+00,1.594373729106027997e-03
8.120000000000006102e-01,3.777379618625787971e-01,9.254625086101859743e-01,5.817279002595777015e+00,-2.381299274580955139e+00,1.596339664505929236e-03
8.130000000000006111e-01,3.835477369422196081e-01,9.230629342131183579e-01,5.802232833743667051e+00,-2.417833827919283252e+00,1.598305599905284471e-03
8.140000000000006120e-01,3.893423509819647910e-01,9.206268725792176033e-01,5.786957021347353347e+00,-2.454273506955225059e+00,1.600271535304092834e-03
8.150000000000006128e-01,3.951215746354247993e-01,9.181544193060530157e-01,5.771452161240445911e+00,-2.490616865768817245e+00,1.602237470702353892e-03
8.160000000000006137e-01,4.008851791566130918e-01,9.156456714352627646e-01,5.755718858391698944e+00,-2.526862462152077882e+00,1.604203406100066995e-03
8.170000000000006146e-01,4.066329364090700005e-01,9.131007274488125436e-01,5.739757726882265487e+00,-2.563008857667112395e+00,1.606169341497231274e-03
8.180000000000006155e-01,4.123646188749635622e-01,9.105196872651970530e-01,5.723569389882574576e+00,-2.599054617704084968e+00,1.608135276893846296e-03
8.190000000000006164e-01,4.180799996641671457e-01,9.079026522355825302e-01,5.707154479628838928e+00,-2.634998311539054505e+00,1.610101212289911194e-03
8.200000000000006173e-01,4.237788525233132653e-01,9.052497251398921030e-01,5.690513637399185143e+00,-2.670838512391668029e+00,1.612067147685425318e-03
8.210000000000006182e-01,4.294609518448235241e-01,9.025610101828336340e-01,5.673647513489414429e+00,-2.706573797482715094e+00,1.614033083080388016e-03
8.220000000000006191e-01,4.351260726759137998e-01,8.998366129898696109e-01,5.656556767188392065e+00,-2.742202748091535636e+00,1.615999018474798639e-03
8.230000000000006199e-01,4.407739907275750046e-01,8.970766406031299711e-01,5.639242066753065608e+00,-2.777723949613282617e+00,1.617964953868656535e-03
8.240000000000006208e-01,4.464044823835285891e-01,8.942812014772679730e-01,5.621704089383110059e+00,-2.813135991616033671e+00,1.619930889261961054e-03
8.250000000000006217e-01,4.520173247091561763e-01,8.914504054752584450e-01,5.603943521195211552e+00,-2.848437467897753095e+00,1.621896824654711329e-03
8.260000000000006226e-01,4.576122954604038839e-01,8.885843638641396369e-01,5.585961057196974444e+00,-2.883626976543097520e+00,1.623862760046906927e-03
8.270000000000006235e-01,4.631891730926597783e-01,8.856831893106983378e-01,5.567757401260466921e+00,-2.918703119980065708e+00,1.625828695438546979e-03
8.280000000000006244e-01,4.687477367696051278e-01,8.827469958770979286e-01,5.549333266095397121e+00,-2.953664505036489807e+00,1.627794630829631052e-03
8.290000000000006253e-01,4.742877663720383996e-01,8.797758990164505910e-01,5.530689373221925997e+00,-2.988509742996364071e+00,1.629760566220158280e-03
8.300000000000006262e-01,4.798090425066719455e-01,8.767700155683332275e-01,5.511826452943114241e+00,-3.023237449656010156e+00,1.631726501610128010e-03
8.310000000000006271e-01,4.853113465149010430e-01,8.737294637542466491e-01,5.492745244317005060e+00,-3.057846245380075878e+00,1.633692436999539593e-03
8.320000000000006279e-01,4.907944604815447920e-01,8.706543631730196964e-01,5.473446495128345468e+00,-3.092334755157365223e+00,1.635658372388392378e-03
8.330000000000006288e-01,4.962581672435583680e-01,8.675448347961571827e-01,5.453930961859946080e+00,-3.126701608656496933e+00,1.637624307776685715e-03
8.340000000000006297e-01,5.017022503987167426e-01,8.644010009631322156e-01,5.434199409663678537e+00,-3.160945440281389907e+00,1.639590243164418953e-03
8.350000000000006306e-01,5.071264943142691495e-01,8.612229853766232290e-01,5.414252612331114101e+00,-3.195064889226570948e+00,1.641556178551591225e-03
8.360000000000006315e-01,5.125306841355637966e-01,8.580109130976959486e-01,5.394091352263803429e+00,-3.229058599532306673e+00,1.643522113938202097e-03
8.370000000000006324e-01,5.179146057946428794e-01,8.547649105409299564e-01,5.373716420443201081e+00,-3.262925220139551108e+00,1.645488049324250702e-03
8.380000000000006333e-01,5.232780460188074523e-01,8.514851054694908550e-01,5.353128616400227635e+00,-3.296663404944713882e+00,1.647453984709736606e-03
8.390000000000006342e-01,5.286207923391513797e-01,8.481716269901472538e-01,5.332328748184482770e+00,-3.330271812854240121e+00,1.649419920094658942e-03
8.400000000000006350e-01,5.339426330990644232e-01,8.448246055482336869e-01,5.311317632333099503e+00,-3.363749107839001606e+00,1.651385855479017058e-03
8.410000000000006359e-01,5.392433574627041315e-01,8.414441729225589084e-01,5.290096093839245839e+00,-3.397093958988500972e+00,1.653351790862810306e-03
8.420000000000006368e-01,5.445227554234360889e-01,8.380304622202604525e-01,5.268664966120276461e+00,-3.430305040564879171e+00,1.655317726246038033e-03
8.430000000000006377e-01,5.497806178122418563e-01,8.345836078716047934e-01,5.247025090985531826e+00,-3.463381032056731090e+00,1.657283661628699591e-03
8.440000000000006386e-01,5.550167363060948267e-01,8.311037456247344357e-01,5.225177318603785537e+00,-3.496320618232720445e+00,1.659249597010794110e-03
8.450000000000006395e-01,5.602309034363032181e-01,8.275910125403609374e-01,5.203122507470345326e+00,-3.529122489194998380e+00,1.661215532392321158e-03
8.460000000000006404e-01,5.654229125968197600e-01,8.240455469864045313e-01,5.180861524373806759e+00,-3.561785340432416458e+00,1.663181467773280084e-03
8.470000000000006413e-01,5.705925580525187391e-01,8.204674886325814542e-01,5.158395244362459664e+00,-3.594307872873536702e+00,1.665147403153670021e-03
8.480000000000006422e-01,5.757396349474382946e-01,8.168569784449373206e-01,5.135724550710348169e+00,-3.626688792939436023e+00,1.667113338533490318e-03
8.490000000000006430e-01,5.808639393129891859e-01,8.132141586803284250e-01,5.112850334882988790e+00,-3.658926812596297928e+00,1.669079273912740542e-03
8.500000000000006439e-01,5.859652680761291421e-01,8.095391728808507548e-01,5.089773496502745687e+00,-3.691020649407796839e+00,1.671045209291419824e-03
8.510000000000006448e-01,5.910434190675019073e-01,8.058321658682158217e-01,5.066494943313863075e+00,-3.722969026587264807e+00,1.673011144669527515e-03
8.520000000000006457e-01,5.960981910295419794e-01,8.020932837380756464e-01,5.043015591147159249e+00,-3.754770673049645069e+00,1.674977080047062965e-03
8.530000000000006466e-01,6.011293836245429345e-01,7.983226738542946732e-01,5.019336363884381313e+00,-3.786424323463225328e+00,1.676943015424025522e-03
8.540000000000006475e-01,6.061367974426906668e-01,7.945204848431709488e-01,4.995458193422221527e+00,-3.817928718301151214e+00,1.678908950800414319e-03
8.550000000000006484e-01,6.111202340100601038e-01,7.906868665876057856e-01,4.971382019636000571e+00,-3.849282603892715482e+00,1.680874886176228922e-03
8.560000000000006493e-01,6.160794957965756158e-01,7.868219702212215783e-01,4.947108790343009765e+00,-3.880484732474423826e+00,1.682840821551468465e-03
8.570000000000006501e-01,6.210143862239342338e-01,7.829259481224294381e-01,4.922639461265529093e+00,-3.911533862240831994e+00,1.684806756926132514e-03
8.580000000000006510e-01,6.259247096734924520e-01,7.789989539084459791e-01,4.897974995993504166e+00,-3.942428757395152417e+00,1.686772692300220200e-03
8.590000000000006519e-01,6.308102714941147271e-01,7.750411424292591445e-01,4.873116365946897233e+00,-3.973168188199630357e+00,1.688738627673730874e-03
8.600000000000006528e-01,6.356708780099847855e-01,7.710526697615442959e-01,4.848064550337711331e+00,-4.003750931025685134e+00,1.690704563046663885e-03
8.610000000000006537e-01,6.405063365283782950e-01,7.670336932025298982e-01,4.822820536131679603e+00,-4.034175768403814644e+00,1.692670498419018800e-03
8.620000000000006546e-01,6.453164553473976772e-01,7.629843712638137987e-01,4.797385318009635746e+00,-4.064441489073259639e+00,1.694636433790794533e-03
8.630000000000006555e-01,6.501010437636672856e-01,7.589048636651294366e-01,4.771759898328555849e+00,-4.094546888031430854e+00,1.696602369161990653e-03
8.640000000000006564e-01,6.548599120799901696e-01,7.547953313280633125e-01,4.745945287082276032e+00,-4.124490766583090107e+00,1.698568304532606507e-03
8.650000000000006573e-01,6.595928716129653147e-01,7.506559363697232756e-01,4.719942501861890349e+00,-4.154271932389283606e+00,1.700534239902641446e-03
8.660000000000006581e-01,6.642997347005646924e-01,7.464868420963575169e-01,4.693752567815829835e+00,-4.183889199516035440e+00,1.702500175272094601e-03
8.670000000000006590e-01,6.689803147096706759e-01,7.422882129969254894e-01,4.667376517609619135e+00,-4.213341388482783501e+00,1.704466110640965324e-03
8.680000000000006599e-01,6.736344260435728204e-01,7.380602147366205346e-01,4.640815391385316069e+00,-4.242627326310566716e+00,1.706432046009253179e-03
8.690000000000006608e-01,6.782618841494238993e-01,7.338030141503439907e-01,4.614070236720640317e+00,-4.271745846569958260e+00,1.708397981376957300e-03
8.700000000000006617e-01,6.828625055256551946e-01,7.295167792361322290e-01,4.587142108587782374e+00,-4.300695789428742977e+00,1.710363916744077036e-03
8.710000000000006626e-01,6.874361077293501543e-01,7.252016791485352831e-01,4.560032069311903413e+00,-4.329476001699335441e+00,1.712329852110611736e-03
8.720000000000006635e-01,6.919825093835763052e-01,7.208578841919488500e-01,4.532741188529323395e+00,-4.358085336885936911e+00,1.714295787476560751e-03
8.730000000000006644e-01,6.965015301846757545e-01,7.164855658138989947e-01,4.505270543145400097e+00,-4.386522655231431145e+00,1.716261722841923429e-03
8.740000000000006652e-01,7.009929909095126144e-01,7.120848965982801149e-01,4.477621217292099054e+00,-4.414786823764015544e+00,1.718227658206699119e-03
8.750000000000006661e-01,7.054567134226785718e-01,7.076560502585463874e-01,4.449794302285261516e+00,-4.442876716343564070e+00,1.720193593570886956e-03
8.760000000000006670e-01,7.098925206836551594e-01,7.031992016308571403e-01,4.421790896581562436e+00,-4.470791213707721923e+00,1.722159528934486504e-03
8.770000000000006679e-01,7.143002367539329489e-01,6.987145266671759281e-01,4.393612105735170914e+00,-4.498529203517730224e+00,1.724125464297496897e-03
8.780000000000006688e-01,7.186796868040873365e-01,6.942022024283244219e-01,4.365259042354106889e+00,-4.526089580403975354e+00,1.726091399659917484e-03
8.790000000000006697e-01,7.230306971208102507e-01,6.896624070769903359e-01,4.336732826056301171e+00,-4.553471246011263851e+00,1.728057335021747614e-03
8.800000000000006706e-01,7.273530951138981182e-01,6.850953198706907221e-01,4.308034583425354391e+00,-4.580673109043824631e+00,1.730023270382986854e-03
8.810000000000006715e-01,7.316467093231951990e-01,6.805011211546899697e-01,4.279165447966005509e+00,-4.607694085310022558e+00,1.731989205743634337e-03
8.820000000000006724e-01,7.359113694254926230e-01,6.758799923548735045e-01,4.250126560059299230e+00,-4.634533097766801113e+00,1.733955141103689195e-03
8.830000000000006732e-01,7.401469062413816857e-01,6.712321159705771922e-01,4.220919066917470097e+00,-4.661189076563833744e+00,1.735921076463150994e-03
8.840000000000006741e-01,7.443531517420627353e-01,6.665576755673724429e-01,4.191544122538527262e+00,-4.687660959087395440e+00,1.737887011822019084e-03
8.850000000000006750e-01,7.485299390561078736e-01,6.618568557698080168e-01,4.162002887660559480e+00,-4.713947690003942093e+00,1.739852947180292814e-03
8.860000000000006759e-01,7.526771024761782503e-01,6.571298422541080875e-01,4.132296529715745237e+00,-4.740048221303406528e+00,1.741818882537971317e-03
8.870000000000006768e-01,7.567944774656950591e-01,6.523768217408271175e-01,4.102426222784084864e+00,-4.765961512342197892e+00,1.743784817895053943e-03
8.880000000000006777e-01,7.608819006654639061e-01,6.475979819874622123e-01,4.072393147546844894e+00,-4.791686529885910595e+00,1.745750753251540258e-03
8.890000000000006786e-01,7.649392099002527701e-01,6.427935117810225085e-01,4.042198491239723523e+00,-4.817222248151736608e+00,1.747716688607429394e-03
8.900000000000006795e-01,7.689662441853230002e-01,6.379636009305568178e-01,4.011843447605737190e+00,-4.842567648850584661e+00,1.749682623962720701e-03
8.910000000000006803e-01,7.729628437329127966e-01,6.331084402596384164e-01,3.981329216847827812e+00,-4.867721721228894793e+00,1.751648559317413529e-03
8.920000000000006812e-01,7.769288499586736174e-01,6.282282215988093110e-01,3.950657005581196923e+00,-4.892683462110155368e+00,1.753614494671507226e-03
8.930000000000006821e-01,7.808641054880580690e-01,6.233231377779823168e-01,3.919828026785364905e+00,-4.917451875936117212e+00,1.755580430025001143e-03
8.940000000000006830e-01,7.847684541626603894e-01,6.183933826188021676e-01,3.888843499755958888e+00,-4.942025974807701338e+00,1.757546365377894411e-03
8.950000000000006839e-01,7.886417410465084155e-01,6.134391509269662146e-01,3.857704650056231088e+00,-4.966404778525603803e+00,1.759512300730186598e-03
8.960000000000006848e-01,7.924838124323067001e-01,6.084606384845043792e-01,3.826412709468309803e+00,-4.990587314630586135e+00,1.761478236081876836e-03
8.970000000000006857e-01,7.962945158476308904e-01,6.034580420420192493e-01,3.794968915944183951e+00,-5.014572618443462915e+00,1.763444171432964691e-03
8.980000000000006866e-01,8.000737000610731453e-01,5.984315593108858744e-01,3.763374513556425160e+00,-5.038359733104770477e+00,1.765410106783449297e-03
8.990000000000006875e-01,8.038212150883377038e-01,5.933813889554125920e-01,3.731630752448646504e+00,-5.061947709614126545e+00,1.767376042133330001e-03
9.000000000000006883e-01,8.075369121982873821e-01,5.883077305849623295e-01,3.699738888785704116e+00,-5.085335606869270997e+00,1.769341977482606154e-03
9.010000000000006892e-01,8.112206439189395546e-01,5.832107847460350492e-01,3.667700184703638566e+00,-5.108522491704792223e+00,1.771307912831277106e-03
9.020000000000006901e-01,8.148722640434121756e-01,5.780907529143115564e-01,3.635515908259361773e+00,-5.131507438930530185e+00,1.773273848179342206e-03
9.030000000000006910e-01,8.184916276358195075e-01,5.729478374866593393e-01,3.603187333380091228e+00,-5.154289531369662392e+00,1.775239783526800803e-03
9.040000000000006919e-01,8.220785910371172234e-01,5.677822417731004379e-01,3.570715739812531542e+00,-5.176867859896464807e+00,1.777205718873652029e-03
9.050000000000006928e-01,8.256330118708958832e-01,5.625941699887414549e-01,3.538102413071806840e+00,-5.199241523473748572e+00,1.779171654219895453e-03
9.060000000000006937e-01,8.291547490491242289e-01,5.573838272456661525e-01,3.505348644390146706e+00,-5.221409629189971646e+00,1.781137589565530421e-03
9.070000000000006946e-01,8.326436627778402988e-01,5.521514195447920770e-01,3.472455730665326534e+00,-5.243371292296020059e+00,1.783103524910556069e-03
9.080000000000006954e-01,8.360996145627910270e-01,5.468971537676891037e-01,3.439424974408864522e+00,-5.265125636241662299e+00,1.785069460254971744e-03
9.090000000000006963e-01,8.395224672150199963e-01,5.416212376683631202e-01,3.406257683693979299e+00,-5.286671792711669760e+00,1.787035395598776796e-03
9.100000000000006972e-01,8.429120848564032320e-01,5.363238798650026284e-01,3.372955172103305532e+00,-5.308008901661606771e+00,1.789001330941970575e-03
9.110000000000006981e-01,8.462683329251321496e-01,5.310052898316903747e-01,3.339518758676377708e+00,-5.329136111353283134e+00,1.790967266284552431e-03
9.120000000000006990e-01,8.495910781811442103e-01,5.256656778900796745e-01,3.305949767856875443e+00,-5.350052578389872693e+00,1.792933201626521712e-03
9.130000000000006999e-01,8.528801887115005087e-01,5.203052552010354326e-01,3.272249529439639204e+00,-5.370757467750693515e+00,1.794899136967877768e-03
9.140000000000007008e-01,8.561355339357105132e-01,5.149242337562407457e-01,3.238419378517453762e+00,-5.391249952825646119e+00,1.796865072308619950e-03
9.150000000000007017e-01,8.593569846110030719e-01,5.095228263697693105e-01,3.204460655427607385e+00,-5.411529215449314201e+00,1.798831007648747388e-03
9.160000000000007025e-01,8.625444128375442387e-01,5.041012466696238592e-01,3.170374705698220996e+00,-5.431594445934720738e+00,1.800796942988259651e-03
9.170000000000007034e-01,8.656976920636011430e-01,4.986597090892408990e-01,3.136162879994358832e+00,-5.451444843106738603e+00,1.802762878327155869e-03
9.180000000000007043e-01,8.688166970906520126e-01,4.931984288589623677e-01,3.101826534063913066e+00,-5.471079614335159214e+00,1.804728813665435394e-03
9.190000000000007052e-01,8.719013040784416857e-01,4.877176219974743154e-01,3.067367028683274377e+00,-5.490497975567408595e+00,1.806694749003097573e-03
9.200000000000007061e-01,8.749513905499829436e-01,4.822175053032130565e-01,3.032785729602783142e+00,-5.509699151360918812e+00,1.808660684340141758e-03
9.210000000000007070e-01,8.779668353965029981e-01,4.766982963457390143e-01,2.998084007491966574e+00,-5.528682374915145914e+00,1.810626619676567297e-03
9.220000000000007079e-01,8.809475188823353564e-01,4.711602134570790912e-01,2.963263237884565360e+00,-5.547446888103239715e+00,1.812592555012373539e-03
9.230000000000007088e-01,8.838933226497563966e-01,4.656034757230370080e-01,2.928324801123349364e+00,-5.565991941503355633e+00,1.814558490347559835e-03
9.240000000000007097e-01,8.868041297237666543e-01,4.600283029744729468e-01,2.893270082304726376e+00,-5.584316794429614816e+00,1.816524425682125533e-03
9.250000000000007105e-01,8.896798245168168195e-01,4.544349157785522730e-01,2.858100471223146588e+00,-5.602420714962707216e+00,1.818490361016069767e-03
9.260000000000007114e-01,8.925202928334776686e-01,4.488235354299637270e-01,2.822817362315303225e+00,-5.620302979980137614e+00,1.820456296349392102e-03
9.270000000000007123e-01,8.953254218750545945e-01,4.431943839421075837e-01,2.787422154604134228e+00,-5.637962875186111056e+00,1.822422231682091671e-03
9.280000000000007132e-01,8.980951002441456277e-01,4.375476840382543919e-01,2.751916251642624545e+00,-5.655399695141057670e+00,1.824388167014167825e-03
9.290000000000007141e-01,9.008292179491433904e-01,4.318836591426739036e-01,2.716301061457413901e+00,-5.672612743290797788e+00,1.826354102345619911e-03
9.300000000000007150e-01,9.035276664086802079e-01,4.262025333717353037e-01,2.680577996492211401e+00,-5.689601331995341127e+00,1.828320037676447280e-03
9.310000000000007159e-01,9.061903384560170416e-01,4.205045315249789084e-01,2.644748473551019163e+00,-5.706364782557324489e+00,1.830285973006649282e-03
9.320000000000007168e-01,9.088171283433754688e-01,4.147898790761593291e-01,2.608813913741166779e+00,-5.722902425250080860e+00,1.832251908336225265e-03
9.330000000000007176e-01,9.114079317462120411e-01,4.090588021642609373e-01,2.572775742416161027e+00,-5.739213599345340810e+00,1.834217843665174579e-03
9.340000000000007185e-01,9.139626457674361326e-01,4.033115275844857406e-01,2.536635389118352180e+00,-5.755297653140568848e+00,1.836183778993496357e-03
9.350000000000007194e-01,9.164811689415699458e-01,3.975482827792142237e-01,2.500394287521417791e+00,-5.771153943985926738e+00,1.838149714321190165e-03
9.360000000000007203e-01,9.189634012388508966e-01,3.917692958289392124e-01,2.464053875372668845e+00,-5.786781838310866455e+00,1.840115649648255136e-03
9.370000000000007212e-01,9.214092440692764896e-01,3.859747954431735351e-01,2.427615594435179602e+00,-5.802180711650352762e+00,1.842081584974690836e-03
9.380000000000007221e-01,9.238186002865910185e-01,3.801650109513314835e-01,2.391080890429743810e+00,-5.817349948670708315e+00,1.844047520300496398e-03
9.390000000000007230e-01,9.261913741922140897e-01,3.743401722935847387e-01,2.354451212976658603e+00,-5.832288943195087505e+00,1.846013455625671170e-03
9.400000000000007239e-01,9.285274715391111933e-01,3.685005100116929277e-01,2.317728015537340980e+00,-5.846997098228572831e+00,1.847979390950214504e-03
9.410000000000007248e-01,9.308267995356052094e-01,3.626462552398093120e-01,2.280912755355777755e+00,-5.861473825982895569e+00,1.849945326274125747e-03
9.420000000000007256e-01,9.330892668491300723e-01,3.567776396952619389e-01,2.244006893399810743e+00,-5.875718547900775413e+00,1.851911261597404251e-03
9.430000000000007265e-01,9.353147836099247048e-01,3.508948956693106469e-01,2.207011894302261190e+00,-5.889730694679882639e+00,1.853877196920049363e-03
9.440000000000007274e-01,9.375032614146689980e-01,3.449982560178802560e-01,2.169929226301896108e+00,-5.903509706296420134e+00,1.855843132242060217e-03
9.450000000000007283e-01,9.396546133300597292e-01,3.390879541522704987e-01,2.132760361184237397e+00,-5.917055032028321726e+00,1.857809067563436379e-03
9.460000000000007292e-01,9.417687538963279703e-01,3.331642240298427482e-01,2.095506774222217317e+00,-5.930366130478069486e+00,1.859775002884176982e-03
9.470000000000007301e-01,9.438455991306965442e-01,3.272273001446843188e-01,2.058169944116682970e+00,-5.943442469595125566e+00,1.861740938204281375e-03
9.480000000000007310e-01,9.458850665307784178e-01,3.212774175182502301e-01,2.020751352936752454e+00,-5.956283526697983000e+00,1.863706873523749124e-03
9.490000000000007319e-01,9.478870750779146981e-01,3.153148116899835984e-01,1.983252486060024689e+00,-5.968888788495824826e+00,1.865672808842579362e-03
9.500000000000007327e-01,9.498515452404534543e-01,3.093397187079140465e-01,1.945674832112645358e+00,-5.981257751109799514e+00,1.867638744160771440e-03
9.510000000000007336e-01,9.517783989769681430e-01,3.033523751192353513e-01,1.908019882909232079e+00,-5.993389920093908252e+00,1.869604679478324705e-03
9.520000000000007345e-01,9.536675597394159709e-01,2.973530179608623314e-01,1.870289133392662118e+00,-6.005284810455504996e+00,1.871570614795238507e-03
9.530000000000007354e-01,9.555189524762360831e-01,2.913418847499673614e-01,1.832484081573722445e+00,-6.016941946675402164e+00,1.873536550111511980e-03
9.540000000000007363e-01,9.573325036353871331e-01,2.853192134744970687e-01,1.794606228470628562e+00,-6.028360862727589087e+00,1.875502485427144690e-03
9.550000000000007372e-01,9.591081411673244572e-01,2.792852425836694352e-01,1.756657078048411647e+00,-6.039541102098556991e+00,1.877468420742135768e-03
9.560000000000007381e-01,9.608457945279164081e-01,2.732402109784517474e-01,1.718638137158177370e+00,-6.050482217806232299e+00,1.879434356056484783e-03
9.570000000000007390e-01,9.625453946813002926e-01,2.671843580020199505e-01,1.680550915476241025e+00,-6.061183772418514693e+00,1.881400291370190865e-03
9.580000000000007399e-01,9.642068741026769141e-01,2.611179234301995167e-01,1.642396925443137867e+00,-6.071645338071424369e+00,1.883366226683253365e-03
9.590000000000007407e-01,9.658301667810441637e-01,2.550411474618883845e-01,1.604177682202514443e+00,-6.081866496486848739e+00,1.885332161995671631e-03
9.600000000000007416e-01,9.674152082218697712e-01,2.489542707094625218e-01,1.565894703539902899e+00,-6.091846838989897428e+00,1.887298097307445015e-03
9.610000000000007425e-01,9.689619354497022163e-01,2.428575341891640038e-01,1.527549509821379381e+00,-6.101585966525856719e+00,1.889264032618572864e-03
9.620000000000007434e-01,9.704702870107208001e-01,2.367511793114726593e-01,1.489143623932110527e+00,-6.111083489676748748e+00,1.891229967929054529e-03
9.630000000000007443e-01,9.719402029752239880e-01,2.306354478714611467e-01,1.450678571214791157e+00,-6.120339028677493687e+00,1.893195903238889359e-03
9.640000000000007452e-01,9.733716249400558018e-01,2.245105820391342100e-01,1.412155879407974490e+00,-6.129352213431665142e+00,1.895161838548076487e-03
9.650000000000007461e-01,9.747644960309712614e-01,2.183768243497522243e-01,1.373577078584297784e+00,-6.138122683526855639e+00,1.897127773856615478e-03
9.660000000000007470e-01,9.761187609049390979e-01,2.122344176941397820e-01,1.334943701088607604e+00,-6.146650088249632660e+00,1.899093709164505466e-03
9.670000000000007478e-01,9.774343657523831830e-01,2.060836053089792619e-01,1.296257281475985179e+00,-6.154934086600097665e+00,1.901059644471746017e-03
9.680000000000007487e-01,9.787112582993618970e-01,1.999246307670903278e-01,1.257519356449675829e+00,-6.162974347306043654e+00,1.903025579778336264e-03
9.690000000000007496e-01,9.799493878096848798e-01,1.937577379676952150e-01,1.218731464798925357e+00,-6.170770548836705061e+00,1.904991515084275555e-03
9.700000000000007505e-01,9.811487050869680537e-01,1.875831711266706392e-01,1.179895147336725181e+00,-6.178322379416109733e+00,1.906957450389563241e-03
9.710000000000007514e-01,9.823091624766264740e-01,1.814011747667864660e-01,1.141011946837469981e+00,-6.185629537036021475e+00,1.908923385694198671e-03
9.720000000000007523e-01,9.834307138678040072e-01,1.752119937079317236e-01,1.102083407974528972e+00,-6.192691729468482897e+00,1.910889320998181195e-03
9.730000000000007532e-01,9.845133146952415037e-01,1.690158730573281254e-01,1.063111077257735460e+00,-6.199508674277949716e+00,1.912855256301509944e-03
9.740000000000007541e-01,9.855569219410816872e-01,1.628130581997318804e-01,1.024096502970795797e+00,-6.206080098833018255e+00,1.914821191604184486e-03
9.750000000000007550e-01,9.865614941366119828e-01,1.566037947876237624e-01,9.850412351086215157e-01,-6.212405740317749725e+00,1.916787126906203953e-03
9.760000000000007558e-01,9.875269913639440622e-01,1.503883287313881878e-01,9.459468253145868477e-01,-6.218485345742585935e+00,1.918753062207567911e-03
9.770000000000007567e-01,9.884533752576309951e-01,1.441669061894815806e-01,9.068148268177143034e-01,-6.224318671954855553e+00,1.920718997508275494e-03
9.780000000000007576e-01,9.893406090062216718e-01,1.379397735585903007e-01,8.676467943697911966e-01,-6.229905485648874475e+00,1.922684932808326050e-03
9.790000000000007585e-01,9.901886573537517222e-01,1.317071774637789128e-01,8.284442841824199988e-01,-6.235245563375638511e+00,1.924650868107718928e-03
9.800000000000007594e-01,9.909974866011721506e-01,1.254693647486287145e-01,7.892088538640049666e-01,-6.240338691552103967e+00,1.926616803406453480e-03
9.810000000000007603e-01,9.917670646077144658e-01,1.192265824653673534e-01,7.499420623566778188e-01,-6.245184666470061430e+00,1.928582738704529053e-03
9.820000000000007612e-01,9.924973607921928620e-01,1.129790778649897576e-01,7.106454698731657915e-01,-6.249783294304597447e+00,1.930548674001944997e-03
9.830000000000007621e-01,9.931883461342432273e-01,1.067270983873707252e-01,6.713206378336034064e-01,-6.254134391122149417e+00,1.932514609298700663e-03
9.840000000000007629e-01,9.938399931754989813e-01,1.004708916513697564e-01,6.319691288022926123e-01,-6.258237782888144807e+00,1.934480544594795182e-03
9.850000000000007638e-01,9.944522760207035184e-01,9.421070544492837762e-02,5.925925064244124130e-01,-6.262093305474233595e+00,1.936446479890228120e-03
9.860000000000007647e-01,9.950251703387594793e-01,8.794678771516051263e-02,5.531923353626817530e-01,-6.265700804665109480e+00,1.938412415184998612e-03
9.870000000000007656e-01,9.955586533637146296e-01,8.167938655843616502e-02,5.137701812339776630e-01,-6.269060136164914532e+00,1.940378350479106005e-03
9.880000000000007665e-01,9.960527038956841217e-01,7.540875021045898019e-02,4.743276105459121594e-01,-6.272171165603238840e+00,1.942344285772549650e-03
9.890000000000007674e-01,9.965073023017098075e-01,6.913512703633792333e-02,4.348661906333701754e-01,-6.275033768540700052e+00,1.944310221065328895e-03
9.900000000000007683e-01,9.969224305165554911e-01,6.285876552065366996e-02,3.953874895950115209e-01,-6.277647830474117896e+00,1.946276156357443091e-03
9.910000000000007692e-01,9.972980720434392321e-01,5.657991425751997261e-02,3.558930762297393691e-01,-6.280013246841270380e+00,1.948242091648891587e-03
9.920000000000007701e-01,9.976342119547013665e-01,5.029882194064050349e-02,3.163845199731383229e-01,-6.282129923025240537e+00,1.950208026939673732e-03
9.930000000000007709e-01,9.979308368924098005e-01,4.401573735336152676e-02,2.768633908338846705e-01,-6.283997774358348387e+00,1.952173962229788876e-03
9.940000000000007718e-01,9.981879350689012442e-01,3.773090935872090712e-02,2.373312593301318552e-01,-6.285616726125669018e+00,1.954139897519236151e-03
9.950000000000007727e-01,9.984054962672586075e-01,3.144458688949372527e-02,1.977896964258733792e-01,-6.286986713568137652e+00,1.956105832808014908e-03
9.960000000000007736e-01,9.985835118417253353e-01,2.515701893823506924e-02,1.582402734672865019e-01,-6.288107681885240829e+00,1.958071768096124928e-03
9.970000000000007745e-01,9.987219747180554608e-01,1.886845454732029650e-02,1.186845621190593114e-01,-6.288979586237295472e+00,1.960037703383564912e-03
9.980000000000007754e-01,9.988208793938005980e-01,1.257914279898323870e-02,7.912413430070369680e-02,-6.289602391747311394e+00,1.962003638670334425e-03
9.990000000000007763e-01,9.988802219385326531e-01,6.289332805352750543e-03,3.956056212285741919e-02,-6.289976073502439924e+00,1.963969573956433033e-03
1.000000000000000666e+00,9.988999999940032515e-01,-7.263015119850224632e-07,-4.582176422282535633e-06,-6.290100616555011293e+00,1.965935509241859870e-03
