tau,x,y,u,v,theta1
0.000000000000000000e+00,2.492999999999999661e-01,-0.000000000000000000e+00,0.000000000000000000e+00,-1.665039707705797056e+01,0.000000000000000000e+00
1.000000000000000021e-03,2.489826160715164216e-01,-1.664333137609446539e-02,-6.343305379030984570e-01,-1.662921963300851047e+01,3.824401447659934409e-05
2.000000000000000042e-03,2.480330807821691796e-01,-3.324444665020223622e-02,-1.263442993794923641e+00,-1.656610269964152593e+01,7.648802895220082915e-05
3.000000000000000062e-03,2.464591541165436217e-01,-4.976195293956942045e-02,-1.882297556091065527e+00,-1.646226985723691172e+01,1.147320434258065826e-04
4.000000000000000083e-03,2.442734772364464069e-01,-6.615605944443393727e-02,-2.486197282757887095e+00,-1.631968756029667134e+01,1.529760578964187590e-04
5.000000000000000104e-03,2.414931575287296850e-01,-8.238927226261064107e-02,-3.070927196440444540e+00,-1.614096376972719327e+01,1.912200723630394722e-04
6.000000000000000125e-03,2.381392310318806160e-01,-9.842697386319497477e-02,-3.632859339110551922e+00,-1.592922048158044745e+01,2.294640868246708497e-04
7.000000000000000146e-03,2.342360388510382196e-01,-1.142378668521328855e-01,-4.169019359263907099e+00,-1.568795176356398891e+01,2.677081012803150459e-04
8.000000000000000167e-03,2.298105564834388714e-01,-1.297942734172072288e-01,-4.677114387296612108e+00,-1.542087893482718286e+01,3.059521157289742154e-04
9.000000000000001055e-03,2.248917133480274333e-01,-1.450722928820940005e-01,-5.155525560563711807e+00,-1.513181313564705910e+01,3.441961301696504043e-04
1.000000000000000194e-02,2.195097350583318230e-01,-1.600518289286756990e-01,-5.603271156396631092e+00,-1.482453318307210033e+01,3.824401446013458213e-04
1.100000000000000283e-02,2.136955342110546940e-01,-1.747165045659273275e-01,-6.019947712240885096e+00,-1.450268382544891210e+01,4.206841590230626210e-04
1.200000000000000372e-02,2.074801678417389494e-01,-1.890534866480760579e-01,-6.405656827855318092e+00,-1.416969677301433350e+01,4.589281734338029038e-04
1.300000000000000461e-02,2.008943722220060957e-01,-2.030532429091237157e-01,-6.760924787337747155e+00,-1.382873454249148892e+01,4.971721878325687698e-04
1.400000000000000550e-02,1.939681790639264658e-01,-2.167092535897838790e-01,-7.086621011995897668e+00,-1.348265540077300351e+01,5.354162022183624279e-04
1.500000000000000638e-02,1.867306118737676046e-01,-2.300176974061934332e-01,-7.383879956582553916e+00,-1.313399657190135628e+01,5.736602165901859242e-04
1.600000000000000727e-02,1.792094573042669059e-01,-2.429771284566151768e-01,-7.654029633819245504e+00,-1.278497232352672874e+01,6.119042309470414673e-04
1.700000000000000816e-02,1.714311038309713764e-01,-2.555881571997489221e-01,-7.898528661978532206e+00,-1.243748345595084537e+01,6.501482452879311577e-04
1.800000000000000905e-02,1.634204387350737808e-01,-2.678531452529825385e-01,-8.118912669170065044e+00,-1.209313494189204086e+01,6.883922596118572041e-04
1.900000000000000994e-02,1.552007939638251621e-01,-2.797759207034537510e-01,-8.316750086663832420e+00,-1.175325888009535902e+01,7.266362739178217067e-04
2.000000000000001082e-02,1.467939317030837187e-01,-2.913615180346469380e-01,-8.493606810922109673e+00,-1.141894042653867913e+01,7.648802882048267660e-04
2.100000000000001171e-02,1.382200612024514497e-01,-3.026159446918972318e-01,-8.651018874833695804e+00,-1.109104487773992531e+01,8.031243024718744822e-04
2.200000000000001260e-02,1.294978793504188430e-01,-3.135459747255116003e-01,-8.790472097934934226e+00,-1.077024455326244734e+01,8.413683167179670640e-04
2.300000000000001349e-02,1.206446285594134638e-01,-3.241589688074568154e-01,-8.913387637885001880e+00,-1.045704453292164438e+01,8.796123309421066119e-04
2.400000000000001438e-02,1.116761665860308145e-01,-3.344627191465429639e-01,-9.021112401091633259e+00,-1.015180663867588784e+01,9.178563451432952261e-04
2.500000000000001527e-02,1.026070439137527490e-01,-3.444653173536152968e-01,-9.114913356738423289e+00,-9.854771312699243779e+00,9.561003593205351153e-04
2.600000000000001615e-02,9.345058522626319142e-02,-3.541750430626962598e-01,-9.195974911117264838e+00,-9.566077238819351791e+00,9.943443734728284883e-04
2.700000000000001704e-02,8.421897228191407847e-02,-3.636002710353448686e-01,-9.265398620900089810e+00,-9.285778694376741527e+00,1.032588387599177229e-03
2.800000000000001793e-02,7.492332616098337783e-02,-3.727493945132621112e-01,-9.324204643497541412e+00,-9.013860714330181878e+00,1.070832401698583762e-03
2.900000000000001882e-02,6.557378740301879338e-02,-3.816307626984077883e-01,-9.373334433190832371e+00,-8.750252209196435871e+00,1.109076415770049971e-03
3.000000000000001971e-02,5.617959299271904627e-02,-3.902526304001298074e-01,-9.413654289802119379e+00,-8.494837212000742710e+00,1.147320429812578174e-03
3.100000000000002059e-02,4.674914950270740027e-02,-3.986231180726576007e-01,-9.445959451029844800e+00,-8.247464444142131867e+00,1.185564443825170471e-03
3.200000000000002148e-02,3.729010197392676473e-02,-4.067501806579396639e-01,-9.470978490377831349e+00,-8.007955391762212827e+00,1.223808457806828962e-03
3.300000000000002237e-02,2.780939832234949338e-02,-4.146415838375099305e-01,-9.489377840836670686e+00,-7.776111077314062925e+00,1.262052471756555747e-03
3.400000000000002326e-02,1.831334921613910621e-02,-4.223048864760187704e-01,-9.501766311536405496e+00,-7.551717698883536833e+00,1.300296485673352927e-03
3.500000000000002415e-02,8.807683480724798689e-03,-4.297474282042762495e-01,-9.508699502030982131e+00,-7.334551294817217126e+00,1.338540499556222819e-03
3.600000000000002504e-02,-7.024008307005037699e-04,-4.369763212391654661e-01,-9.510684048228045029e+00,-7.124381575034074210e+00,1.376784513404167307e-03
3.700000000000002592e-02,-1.021218950960308021e-02,-4.439984456710159844e-01,-9.508181656658367231e+00,-6.920975044166651102e+00,1.415028527216188707e-03
3.800000000000002681e-02,-1.971740918152682653e-02,-4.508204475663118438e-01,-9.501612901042699733e+00,-6.724097526110670131e+00,1.453272540991289120e-03
3.900000000000002770e-02,-2.921418796732381390e-02,-4.574487393358476761e-01,-9.491360768039752926e+00,-6.533516185084859096e+00,1.491516554728470646e-03
4.000000000000002859e-02,-3.869901956289752143e-02,-4.638895019068498549e-01,-9.477773948554357730e+00,-6.349001125135486312e+00,1.529760568426735603e-03
4.100000000000002948e-02,-4.816873048414159475e-02,-4.701486883135097550e-01,-9.461169877798525363e+00,-6.170326638242910278e+00,1.568004582085085873e-03
4.200000000000003036e-02,-5.762045022947077239e-02,-4.762320283852206071e-01,-9.441837532039002667e+00,-5.997272160789280271e+00,1.606248595702523775e-03
4.300000000000003125e-02,-6.705158412196748907e-02,-4.821450342669211242e-01,-9.420039993122125921e+00,-5.829622989059596527e+00,1.644492609278051408e-03
4.400000000000003214e-02,-7.645978860532522126e-02,-4.878930065525862170e-01,-9.396016793828938063e+00,-5.667170796572700731e+00,1.682736622810670872e-03
4.500000000000003303e-02,-8.584294878142242902e-02,-4.934810408522254388e-01,-9.369986058186395184e+00,-5.509713989258835376e+00,1.720980636299384268e-03
4.600000000000003392e-02,-9.519915799174363813e-02,-4.989140346457885400e-01,-9.342146451282351549e+00,-5.357057928696287163e+00,1.759224649743193697e-03
4.700000000000003481e-02,-1.045266992594218042e-01,-5.041966943050499861e-01,-9.312678953087125677e+00,-5.209015048674049631e+00,1.797468663141101475e-03
4.800000000000003569e-02,-1.138240284230159771e-01,-5.093335421876550306e-01,-9.281748470413713648e+00,-5.065404886149995178e+00,1.835712676492109487e-03
4.900000000000003658e-02,-1.230897588069899545e-01,-5.143289237267528735e-01,-9.249505300559105692e+00,-4.926054044123683973e+00,1.873956689795220048e-03
5.000000000000003747e-02,-1.323226472870449311e-01,-5.191870144556240962e-01,-9.216086459440884227e+00,-4.790796100948640834e+00,1.912200703049435260e-03
5.100000000000003836e-02,-1.415215816208739708e-01,-5.239118269199352085e-01,-9.181616886235799413e+00,-4.659471478090219776e+00,1.950444716253757222e-03
5.200000000000003925e-02,-1.506855689264928466e-01,-5.285072174411750145e-01,-9.146210535683726661e+00,-4.531927276221344947e+00,1.988688729407188036e-03
5.300000000000004013e-02,-1.598137252010406184e-01,-5.329768927038045501e-01,-9.109971368372471900e+00,-4.408017087778220322e+00,2.026932742508730234e-03
5.400000000000004102e-02,-1.689052657828412074e-01,-5.373244161460155599e-01,-9.072994248488065239e+00,-4.287600792618548873e+00,2.065176755557385484e-03
5.500000000000004191e-02,-1.779594966685991153e-01,-5.415532141399973520e-01,-9.035365757716169455e+00,-4.170544342190580345e+00,2.103420768552155887e-03
5.600000000000004280e-02,-1.869758066059056534e-01,-5.456665819524914030e-01,-8.997164933222469685e+00,-4.056719536593640818e+00,2.141664781492043975e-03
5.700000000000004369e-02,-1.959536598888005354e-01,-5.496676894803532720e-01,-8.958463936929009108e+00,-3.946003798056732403e+00,2.179908794376051416e-03
5.800000000000004458e-02,-2.048925897910151839e-01,-5.535595867590018537e-01,-8.919328662641923700e+00,-3.838279943653424731e+00,2.218152807203180744e-03
5.900000000000004546e-02,-2.137921925777704346e-01,-5.573452092441538719e-01,-8.879819286974788284e+00,-3.733435959484936451e+00,2.256396819972434058e-03
6.000000000000004635e-02,-2.226521220426600500e-01,-5.610273828692213804e-01,-8.839990769449819652e+00,-3.631364778079118061e+00,2.294640832682813460e-03
6.100000000000004724e-02,-2.314720845212727696e-01,-5.646088288822924683e-01,-8.799893306644884561e+00,-3.531964060354207735e+00,2.332884845333321050e-03
6.200000000000004813e-02,-2.402518343378355903e-01,-5.680921684677960881e-01,-8.759572744785240062e+00,-3.435135983168613460e+00,2.371128857922958928e-03
6.300000000000004208e-02,-2.489911696453429024e-01,-5.714799271588327789e-01,-8.719070954752382363e+00,-3.340787033209759560e+00,2.409372870450729193e-03
6.400000000000004297e-02,-2.576899286234120567e-01,-5.747745390467947635e-01,-8.678426173095420637e+00,-3.248827807756240915e+00,2.447616882915633948e-03
6.500000000000004385e-02,-2.663479860015131595e-01,-5.779783507953397681e-01,-8.637673312280016447e+00,-3.159172822669865432e+00,2.485860895316675291e-03
6.600000000000004474e-02,-2.749652498782948484e-01,-5.810936254660654665e-01,-8.596844243093151761e+00,-3.071740327830634776e+00,2.524104907652855757e-03
6.700000000000004563e-02,-2.835416588105006408e-01,-5.841225461633857696e-01,-8.555968051835968424e+00,-2.986452130112499770e+00,2.562348919923177013e-03
6.800000000000004652e-02,-2.920771791474715551e-01,-5.870672195061585885e-01,-8.515071274678936319e+00,-2.903233423905943855e+00,2.600592932126641593e-03
6.900000000000004741e-02,-3.005718025894861811e-01,-5.899296789335850555e-01,-8.474178111321036155e+00,-2.822012629121036120e+00,2.638836944262251162e-03
7.000000000000004829e-02,-3.090255439502255785e-01,-5.927118878528023771e-01,-8.433310619885215687e+00,-2.742721236548148145e+00,2.677080956329008256e-03
7.100000000000004918e-02,-3.174384391054853594e-01,-5.954157426354487193e-01,-8.392488894793741494e+00,-2.665293660410215537e+00,2.715324968325914974e-03
7.200000000000005007e-02,-3.258105431119154294e-01,-5.980430754702945606e-01,-8.351731229197316253e+00,-2.589667097907887072e+00,2.753568980251973417e-03
7.300000000000005096e-02,-3.341419284810638879e-01,-6.005956570788235638e-01,-8.311054263379036300e+00,-2.515781395535177545e+00,2.791812992106185685e-03
7.400000000000005185e-02,-3.424326835953523940e-01,-6.030751993004155320e-01,-8.270473120416788504e+00,-2.443578921926678138e+00,2.830057003887553879e-03
7.500000000000005274e-02,-3.506829112538313309e-01,-6.054833575535384371e-01,-8.230001530263942655e+00,-2.373004446986640481e+00,2.868301015595080099e-03
7.600000000000005362e-02,-3.588927273366659398e-01,-6.078217331791042621e-01,-8.189651943296839320e+00,-2.304005027044197185e+00,2.906545027227766444e-03
7.700000000000005451e-02,-3.670622595783021858e-01,-6.100918756718854974e-01,-8.149435634277354623e+00,-2.236529895776674604e+00,2.944789038784615450e-03
7.800000000000005540e-02,-3.751916464401641726e-01,-6.122952848056316677e-01,-8.109362797588545391e+00,-2.170530360643646350e+00,2.983033050264628783e-03
7.900000000000005629e-02,-3.832810360745499967e-01,-6.144334126572694732e-01,-8.069442634520150648e+00,-2.105959704577385239e+00,3.021277061666808976e-03
8.000000000000005718e-02,-3.913305853721344985e-01,-6.165076655353165513e-01,-8.029683433307459595e+00,-2.042773092680219005e+00,3.059521072990157697e-03
8.100000000000005806e-02,-3.993404590861555636e-01,-6.185194058173955067e-01,-7.990092642561124947e+00,-1.980927483685518853e+00,3.097765084233677479e-03
8.200000000000005895e-02,-4.073108290269688014e-01,-6.204699537014912725e-01,-7.950676938665981019e+00,-1.920381545946296065e+00,3.136009095396370423e-03
8.300000000000005984e-02,-4.152418733212062674e-01,-6.223605888753656057e-01,-7.911442287673297713e+00,-1.861095577723379968e+00,3.174253106477238628e-03
8.400000000000006073e-02,-4.231337757302744973e-01,-6.241925521083182549e-01,-7.872394002162486970e+00,-1.803031431553648423e+00,3.212497117475284197e-03
8.500000000000006162e-02,-4.309867250233805347e-01,-6.259670467692675100e-01,-7.833536793504592310e+00,-1.746152442487587608e+00,3.250741128389509228e-03
8.600000000000006251e-02,-4.388009144006876916e-01,-6.276852402749191207e-01,-7.794874819920409870e+00,-1.690423359994438046e+00,3.288985139218915821e-03
8.700000000000006339e-02,-4.465765409625770954e-01,-6.293482654715930602e-01,-7.756411730690450312e+00,-1.635810283342187255e+00,3.327229149962506079e-03
8.800000000000006428e-02,-4.543138052213315792e-01,-6.309572219540908744e-01,-7.718150706841690578e+00,-1.582280600268627158e+00,3.365473160619282533e-03
8.900000000000006517e-02,-4.620129106518692241e-01,-6.325131773248068301e-01,-7.680094498606914399e+00,-1.529802928768507542e+00,3.403717171188246852e-03
9.000000000000006606e-02,-4.696740632784357494e-01,-6.340171683961136617e-01,-7.642245459926044759e+00,-1.478347061830446618e+00,3.441961181668401568e-03
9.100000000000006695e-02,-4.772974712944224596e-01,-6.354702023388947296e-01,-7.604605580234975015e+00,-1.427883914965644818e+00,3.480205192058748349e-03
9.200000000000006783e-02,-4.848833447127109952e-01,-6.368732577799379735e-01,-7.567176513765749846e+00,-1.378385476378568786e+00,3.518449202358289729e-03
9.300000000000006872e-02,-4.924318950441596288e-01,-6.382272858507613833e-01,-7.529959606562318442e+00,-1.329824759637601383e+00,3.556693212566027808e-03
9.400000000000006961e-02,-4.999433350020416889e-01,-6.395332111903037076e-01,-7.492955921398286812e+00,-1.282175758711170843e+00,3.594937222680964686e-03
9.500000000000007050e-02,-5.074178782304240576e-01,-6.407919329037801148e-01,-7.456166260766924125e+00,-1.235413405242081097e+00,3.633181232702102463e-03
9.600000000000007139e-02,-5.148557390546374402e-01,-6.420043254798807331e-01,-7.419591188099030177e+00,-1.189513527939645821e+00,3.671425242628443240e-03
9.700000000000007228e-02,-5.222571322521378789e-01,-6.431712396683730848e-01,-7.383231047350914622e+00,-1.144452813975796790e+00,3.709669252458989118e-03
9.800000000000007316e-02,-5.296222728421966508e-01,-6.442935033200570816e-01,-7.347085981092649654e+00,-1.100208772277587288e+00,3.747913262192742630e-03
9.900000000000007405e-02,-5.369513758929779224e-01,-6.453719221909182124e-01,-7.311155947215711493e+00,-1.056759698614446963e+00,3.786157271828705442e-03
1.000000000000000749e-01,-5.442446563446800001e-01,-6.464072807122254183e-01,-7.275440734369114537e+00,-1.014084642384183832e+00,3.824401281365880090e-03
1.010000000000000758e-01,-5.515023288475188190e-01,-6.474003427282259970e-01,-7.239939976224001761e+00,-9.721633750070699520e-01,3.862645290803268239e-03
1.020000000000000767e-01,-5.587246076134287920e-01,-6.483518522030028430e-01,-7.204653164658336273e+00,-9.309763598424082298e-01,3.900889300139872423e-03
1.030000000000000776e-01,-5.659117062804437381e-01,-6.492625338979758354e-01,-7.169579661945745030e+00,-8.905047235467614675e-01,3.939133309374694310e-03
1.040000000000000785e-01,-5.730638377888011004e-01,-6.501330940214499199e-01,-7.134718712025663656e+00,-8.507302287975525568e-01,3.977377318506736432e-03
1.050000000000000794e-01,-5.801812142678869355e-01,-6.509642208515399320e-01,-7.100069450925601267e+00,-8.116352483100176540e-01,4.015621327535001325e-03
1.060000000000000803e-01,-5.872640469332062185e-01,-6.517565853337298210e-01,-7.065630916400593264e+00,-7.732027400795304928e-01,4.053865336458490655e-03
1.070000000000000812e-01,-5.943125459926263954e-01,-6.525108416542606538e-01,-7.031402056849628046e+00,-7.354162237851266104e-01,4.092109345276206955e-03
1.080000000000000820e-01,-6.013269205611992962e-01,-6.532276277904766060e-01,-6.997381739564040082e+00,-6.982597582936481695e-01,4.130353353987151893e-03
1.090000000000000829e-01,-6.083073785839181458e-01,-6.539075660392025258e-01,-6.963568758358432476e+00,-6.617179202073190103e-01,4.168597362590327135e-03
1.100000000000000838e-01,-6.152541267658168112e-01,-6.545512635241669264e-01,-6.929961840630694425e+00,-6.257757834007553477e-01,4.206841371084736082e-03
1.110000000000000847e-01,-6.221673705088611728e-01,-6.551593126834363012e-01,-6.896559653893961972e+00,-5.904188994964267856e-01,4.245085379469380402e-03
1.120000000000000856e-01,-6.290473138551252452e-01,-6.557322917377735871e-01,-6.863360811820014895e+00,-5.556332792304223833e-01,4.283329387743261760e-03
1.130000000000000865e-01,-6.358941594357818694e-01,-6.562707651407883036e-01,-6.830363879830491314e+00,-5.214053746630475938e-01,4.321573395905382690e-03
1.140000000000000874e-01,-6.427081084254722132e-01,-6.567752840117020430e-01,-6.797567380269476267e+00,-4.877220621912984333e-01,4.359817403954744860e-03
1.150000000000000883e-01,-6.494893605016518467e-01,-6.572463865515101311e-01,-6.764969797188398637e+00,-4.545706263226321209e-01,4.398061411890350804e-03
1.160000000000000892e-01,-6.562381138085398025e-01,-6.576845984432818648e-01,-6.732569580771808226e+00,-4.219387441716882514e-01,4.436305419711203055e-03
1.170000000000000900e-01,-6.629545649253247852e-01,-6.580904332373036514e-01,-6.700365151430378141e+00,-3.898144706437201013e-01,4.474549427416303279e-03
1.180000000000000909e-01,-6.696389088383083443e-01,-6.584643927217345150e-01,-6.668354903585490767e+00,-3.581862242704807464e-01,4.512793435004654012e-03
1.190000000000000918e-01,-6.762913389166879119e-01,-6.588069672794100162e-01,-6.636537209167892470e+00,-3.270427736661758455e-01,4.551037442475256919e-03
1.200000000000000927e-01,-6.829120468917042608e-01,-6.591186362313997682e-01,-6.604910420851211050e+00,-2.963732245728563641e-01,4.589281449827114535e-03
1.210000000000000936e-01,-6.895012228388978093e-01,-6.593998681678925333e-01,-6.573472875039554353e+00,-2.661670074662829122e-01,4.627525457059228527e-03
1.220000000000000945e-01,-6.960590551632370726e-01,-6.596511212669562418e-01,-6.542222894626971375e+00,-2.364138656948566453e-01,4.665769464170601427e-03
1.230000000000000954e-01,-7.025857305868995484e-01,-6.598728436016921828e-01,-6.511158791545228475e+00,-2.071038441256845553e-01,4.704013471160234904e-03
1.240000000000000963e-01,-7.090814341395009768e-01,-6.600654734362789711e-01,-6.480278869115123186e+00,-1.782272782732348682e-01,4.742257478027131490e-03
1.250000000000000833e-01,-7.155463491505833495e-01,-6.602294395113765813e-01,-6.449581424215440784e+00,-1.497747838873472181e-01,4.780501484770293720e-03
1.260000000000000842e-01,-7.219806572441862524e-01,-6.603651613193387560e-01,-6.419064749282613391e+00,-1.217372469785956562e-01,4.818745491388723261e-03
1.270000000000000850e-01,-7.283845383353386715e-01,-6.604730493696608917e-01,-6.388727134153178611e+00,-9.410581426016602358e-02,4.856989497881422646e-03
1.280000000000000859e-01,-7.347581706283187186e-01,-6.605535054450695220e-01,-6.358566867760259811e+00,-6.687188398650577292e-02,4.895233504247393543e-03
1.290000000000000868e-01,-7.411017306165416096e-01,-6.606069228486415312e-01,-6.328582239694462430e+00,-4.002709717003938295e-02,4.933477510485638484e-03
1.300000000000000877e-01,-7.474153930839450011e-01,-6.606336866423209164e-01,-6.298771541638838123e+00,-1.356332915821844773e-02,4.971721516595159138e-03
1.310000000000000886e-01,-7.536993311077494484e-01,-6.606341738771864813e-01,-6.269133068686857158e+00,1.252731844590337928e-02,5.009965522574958037e-03
1.320000000000000895e-01,-7.599537160624825205e-01,-6.606087538158047501e-01,-6.239665120551700639e+00,3.825252553551117263e-02,5.048209528424036849e-03
1.330000000000000904e-01,-7.661787176251605436e-01,-6.605577881469885115e-01,-6.210366002674575725e+00,6.361976093940527321e-02,5.086453534141398107e-03
1.340000000000000913e-01,-7.723745037815314962e-01,-6.604816311932664163e-01,-6.181234027239216111e+00,8.863628956325893260e-02,5.124697539726044346e-03
1.350000000000000921e-01,-7.785412408332883505e-01,-6.603806301113546162e-01,-6.152267514099209578e+00,1.133091792463708086e-01,5.162941545176977232e-03
1.360000000000000930e-01,-7.846790934061682599e-01,-6.602551250859083343e-01,-6.123464791624338766e+00,1.376453073468349164e-01,5.201185550493199299e-03
1.370000000000000939e-01,-7.907882244588606557e-01,-6.601054495168189318e-01,-6.094824197471663041e+00,1.616513670673979941e-01,5.239429555673712213e-03
1.380000000000000948e-01,-7.968687952926505336e-01,-6.599319302003102683e-01,-6.066344079286685620e+00,1.853338735336569343e-01,5.277673560717518510e-03
1.390000000000000957e-01,-8.029209655617304264e-01,-6.597348875040756067e-01,-6.038022795339560211e+00,2.086991696356662873e-01,5.315917565623619855e-03
1.400000000000000966e-01,-8.089448932841174500e-01,-6.595146355366868773e-01,-6.009858715100953042e+00,2.317534316434738950e-01,5.354161570391018782e-03
1.410000000000000975e-01,-8.149407348531186868e-01,-6.592714823114976808e-01,-5.981850219761844833e+00,2.545026746065821022e-01,5.392405575018716958e-03
1.420000000000000984e-01,-8.209086450492891762e-01,-6.590057299052500817e-01,-5.953995702701272208e+00,2.769527575468382907e-01,5.430649579505716917e-03
1.430000000000000993e-01,-8.268487770528337721e-01,-6.587176746115889214e-01,-5.926293569905715763e+00,2.991093884537920911e-01,5.468893583851021194e-03
1.440000000000001001e-01,-8.327612824564053495e-01,-6.584076070896751620e-01,-5.898742240343589849e+00,3.209781290911157270e-01,5.507137588053631454e-03
1.450000000000001010e-01,-8.386463112782563956e-01,-6.580758125080845566e-01,-5.871340146298060780e+00,3.425643996222649812e-01,5.545381592112550231e-03
1.460000000000001019e-01,-8.445040119757041275e-01,-6.577225706841671737e-01,-5.844085733661176896e+00,3.638734830631638051e-01,5.583625596026779193e-03
1.470000000000001028e-01,-8.503345314588711679e-01,-6.573481562190378602e-01,-5.816977462192109982e+00,3.849105295693202589e-01,5.621869599795320874e-03
1.480000000000001037e-01,-8.561380151046681375e-01,-6.569528386283595145e-01,-5.790013805742096231e+00,4.056805605644269175e-01,5.660113603417176939e-03
1.490000000000001046e-01,-8.619146067709847481e-01,-6.565368824690741567e-01,-5.763193252448509440e+00,4.261884727171623699e-01,5.698357606891349923e-03
1.500000000000001055e-01,-8.676644488110614173e-01,-6.561005474622302325e-01,-5.736514304900302896e+00,4.464390417725919713e-01,5.736601610216842360e-03
1.510000000000001064e-01,-8.733876820880122072e-01,-6.556440886120490363e-01,-5.709975480276939130e+00,4.664369262442646935e-01,5.774845613392655917e-03
1.520000000000001072e-01,-8.790844459894745500e-01,-6.551677563213659239e-01,-5.683575310462746444e+00,4.861866709728149272e-01,5.813089616417792260e-03
1.530000000000001081e-01,-8.847548784423616697e-01,-6.546717965035774300e-01,-5.657312342138542505e+00,5.056927105566082492e-01,5.851333619291253924e-03
1.540000000000001090e-01,-8.903991159276960499e-01,-6.541564506912195265e-01,-5.631185136852208117e+00,5.249593726597115984e-01,5.889577622012043441e-03
1.550000000000001099e-01,-8.960172934955037416e-01,-6.536219561412972556e-01,-5.605192271069808996e+00,5.439908812022241635e-01,5.927821624579162479e-03
1.560000000000001108e-01,-9.016095447797504159e-01,-6.530685459374805379e-01,-5.579332336208735477e+00,5.627913594377732531e-01,5.966065626991613573e-03
1.570000000000001117e-01,-9.071760020133023961e-01,-6.524964490892776192e-01,-5.553603938654235961e+00,5.813648329227593115e-01,6.004309629248399255e-03
1.580000000000001126e-01,-9.127167960428962390e-01,-6.519058906282905186e-01,-5.528005699760626612e+00,5.997152323817251940e-01,6.042553631348521193e-03
1.590000000000001135e-01,-9.182320563441025429e-01,-6.512970917016565053e-01,-5.502536255838381685e+00,6.178463964730259717e-01,6.080797633290981052e-03
1.600000000000001144e-01,-9.237219110362702157e-01,-6.506702696627710836e-01,-5.477194258128204929e+00,6.357620744587874073e-01,6.119041635074781368e-03
1.610000000000001152e-01,-9.291864868974386571e-01,-6.500256381593878530e-01,-5.451978372763133684e+00,6.534659287829617247e-01,6.157285636698924675e-03
1.620000000000001161e-01,-9.346259093792065320e-01,-6.493634072191845075e-01,-5.426887280719641993e+00,6.709615375611183152e-01,6.195529638162412638e-03
1.630000000000001170e-01,-9.400403026215464752e-01,-6.486837833328820135e-01,-5.401919677758639793e+00,6.882523969854471568e-01,6.233773639464247791e-03
1.640000000000001179e-01,-9.454297894675561809e-01,-6.479869695349992353e-01,-5.377074274357219963e+00,7.053419236482953991e-01,6.272017640603431803e-03
1.650000000000001188e-01,-9.507944914781368828e-01,-6.472731654823239422e-01,-5.352349795631926810e+00,7.222334567874150180e-01,6.310261641578967205e-03
1.660000000000001197e-01,-9.561345289465912334e-01,-6.465425675301762487e-01,-5.327744981254290302e+00,7.389302604559565557e-01,6.348505642389856533e-03
1.670000000000001206e-01,-9.614500209131331410e-01,-6.457953688065385389e-01,-5.303258585359295729e+00,7.554355256201141788e-01,6.386749643035101454e-03
1.680000000000001215e-01,-9.667410851793024618e-01,-6.450317592841224856e-01,-5.278889376447432724e+00,7.717523721871992759e-01,6.424993643513704500e-03
1.690000000000001223e-01,-9.720078383222794383e-01,-6.442519258504422197e-01,-5.254636137280910724e+00,7.878838509668009138e-01,6.463237643824667339e-03
1.700000000000001232e-01,-9.772503957090921123e-01,-6.434560523759579320e-01,-5.230497664774592437e+00,8.038329455675760071e-01,6.501481643966991637e-03
1.710000000000001241e-01,-9.824688715107123826e-01,-6.426443197803548557e-01,-5.206472769882163121e+00,8.196025742321043639e-01,6.539725643939680796e-03
1.720000000000001250e-01,-9.876633787160362665e-01,-6.418169060970163597e-01,-5.182560277478008182e+00,8.351955916121391876e-01,6.577969643741736483e-03
1.730000000000001259e-01,-9.928340291457438127e-01,-6.409739865357515498e-01,-5.158759026235248513e+00,8.506147904864849174e-01,6.616213643372160363e-03
1.740000000000001268e-01,-9.979809334660355580e-01,-6.401157335438319995e-01,-5.135067868500346577e+00,8.658629034236401401e-01,6.654457642829954972e-03
1.750000000000001277e-01,-1.003104201202241530e+00,-6.392423168653933452e-01,-5.111485670164666928e+00,8.809426043912538251e-01,6.692701642114122842e-03
1.760000000000001286e-01,-1.008203940752301353e+00,-6.383539035992525923e-01,-5.088011310533353537e+00,8.958565103143567576e-01,6.730945641223665642e-03
1.770000000000001295e-01,-1.013280259400111127e+00,-6.374506582551922040e-01,-5.064643682191856122e+00,9.106071825842487755e-01,6.769189640157585904e-03
1.780000000000001303e-01,-1.018333263328735860e+00,-6.365327428087595996e-01,-5.041381690870414545e+00,9.251971285198454797e-01,6.807433638914885295e-03
1.790000000000001312e-01,-1.023363057633486228e+00,-6.356003167546275812e-01,-5.018224255306789061e+00,9.396288027832115919e-01,6.845677637494566349e-03
1.800000000000001321e-01,-1.028369746334856893e+00,-6.346535371585623198e-01,-4.995170307107505536e+00,9.539046087509391869e-01,6.883921635895630733e-03
1.810000000000001330e-01,-1.033353432391324711e+00,-6.336925587080406430e-01,-4.972218790607867867e+00,9.680268998429607530e-01,6.922165634117080982e-03
1.820000000000001339e-01,-1.038314217712007936e+00,-6.327175337615594808e-01,-4.949368662730956991e+00,9.819979808103217467e-01,6.960409632157919628e-03
1.830000000000001348e-01,-1.043252203169182435e+00,-6.317286123966774358e-01,-4.926618892845842090e+00,9.958201089833766950e-01,6.998653630017148339e-03
1.840000000000001357e-01,-1.048167488610657117e+00,-6.307259424568275596e-01,-4.903968462625196700e+00,1.009495495481812943e+00,7.036897627693769648e-03
1.850000000000001366e-01,-1.053060172872005484e+00,-6.297096695969380820e-01,-4.881416365902503607e+00,1.023026306387850415e+00,7.075141625186785223e-03
1.860000000000001374e-01,-1.057930353788655742e+00,-6.286799373278982861e-01,-4.858961608529018150e+00,1.036414663883912235e+00,7.113385622495197597e-03
1.870000000000001383e-01,-1.062778128207836348e+00,-6.276368870599037253e-01,-4.836603208230648043e+00,1.049662647356008449e+00,7.151629619618008436e-03
1.880000000000001392e-01,-1.067603592000379464e+00,-6.265806581447150858e-01,-4.814340194464895362e+00,1.062772294464028100e+00,7.189873616554220276e-03
1.890000000000001401e-01,-1.072406840072381184e+00,-6.255113879168620050e-01,-4.792171608277991268e+00,1.075745602180084415e+00,7.228117613302835649e-03
1.900000000000001410e-01,-1.077187966376718542e+00,-6.244292117338250403e-01,-4.770096502162351371e+00,1.088584527796016665e+00,7.266361609862856223e-03
1.910000000000001419e-01,-1.081947063924424857e+00,-6.233342630152243213e-01,-4.748113939914462733e+00,1.101290989901108519e+00,7.304605606233284532e-03
1.920000000000001428e-01,-1.086684224795922971e+00,-6.222266732810455281e-01,-4.726222996493307349e+00,1.113866869331037623e+00,7.342849602413122241e-03
1.930000000000001437e-01,-1.091399540152117265e+00,-6.211065721889303948e-01,-4.704422757879417993e+00,1.126314010089038531e+00,7.381093598401371886e-03
1.940000000000001446e-01,-1.096093100245345120e+00,-6.199740875705599397e-01,-4.682712320934657058e+00,1.138634220240217321e+00,7.419337594197035132e-03
1.950000000000001454e-01,-1.100764994430188048e+00,-6.188293454671563998e-01,-4.661090793262797405e+00,1.150829272779923418e+00,7.457581589799114515e-03
1.960000000000001463e-01,-1.105415311174144710e+00,-6.176724701641289617e-01,-4.639557293070975419e+00,1.162900906477050134e+00,7.495825585206612567e-03
1.970000000000001472e-01,-1.110044138068164932e+00,-6.165035842248890452e-01,-4.618110949032090851e+00,1.174850826693099481e+00,7.534069580418530955e-03
1.980000000000001481e-01,-1.114651561837047833e+00,-6.153228085238576783e-01,-4.596750900148207641e+00,1.186680706177817735e+00,7.572313575433872214e-03
1.990000000000001490e-01,-1.119237668349702286e+00,-6.141302622786890542e-01,-4.575476295615017008e+00,1.198392185842177327e+00,7.610557570251638010e-03
2.000000000000001499e-01,-1.123802542629273704e+00,-6.129260630817319200e-01,-4.554286294687406311e+00,1.209986875509450499e+00,7.648801564870830877e-03
2.010000000000001508e-01,-1.128346268863136270e+00,-6.117103269307506697e-01,-4.533180066546189657e+00,1.221466354645094787e+00,7.687045559290453349e-03
2.020000000000001517e-01,-1.132868930412753272e+00,-6.104831682589267894e-01,-4.512156790166025999e+00,1.232832173066139569e+00,7.725289553509507093e-03
2.030000000000001525e-01,-1.137370609823404433e+00,-6.092446999641606409e-01,-4.491215654184578909e+00,1.244085851630742479e+00,7.763533547526993775e-03
2.040000000000001534e-01,-1.141851388833785119e+00,-6.079950334376938992e-01,-4.470355856772932235e+00,1.255228882908555388e+00,7.801777541341916797e-03
2.050000000000001543e-01,-1.146311348385474771e+00,-6.067342785920704085e-01,-4.449576605507306049e+00,1.266262731832519473e+00,7.840021534953276958e-03
2.060000000000001552e-01,-1.150750568632278537e+00,-6.054625438884547739e-01,-4.428877117242087103e+00,1.277188836332684652e+00,7.878265528360076791e-03
2.070000000000001561e-01,-1.155169128949443014e+00,-6.041799363633252318e-01,-4.408256617984204873e+00,1.288008607952626283e+00,7.916509521561318832e-03
2.080000000000001570e-01,-1.159567107942745645e+00,-6.028865616545593387e-01,-4.387714342768862075e+00,1.298723432449013337e+00,7.954753514556005614e-03
2.090000000000001579e-01,-1.163944583457462434e+00,-6.015825240269276897e-01,-4.367249535536643634e+00,1.309334670374862064e+00,7.992997507343139671e-03
2.100000000000001588e-01,-1.168301632587211536e+00,-6.002679263970126522e-01,-4.346861449012018319e+00,1.319843657646986523e+00,8.031241499921721802e-03
2.110000000000001597e-01,-1.172638331682677837e+00,-5.989428703575671031e-01,-4.326549344583234813e+00,1.330251706098145581e+00,8.069485492290754541e-03
2.120000000000001605e-01,-1.176954756360216514e+00,-5.976074562013287128e-01,-4.306312492183636209e+00,1.340560104014360654e+00,8.107729484449240423e-03
2.130000000000001614e-01,-1.181250981510339804e+00,-5.962617829443040973e-01,-4.286150170174384044e+00,1.350770116657868058e+00,8.145973476396181981e-03
2.140000000000001623e-01,-1.185527081306086972e+00,-5.949059483485368283e-01,-4.266061665228605193e+00,1.360882986776150050e+00,8.184217468130580014e-03
2.150000000000001632e-01,-1.189783129211278156e+00,-5.935400489443732885e-01,-4.246046272216968731e+00,1.370899935097473543e+00,8.222461459651438792e-03
2.160000000000001641e-01,-1.194019197988656300e+00,-5.921641800522396970e-01,-4.226103294094683882e+00,1.380822160813351296e+00,8.260705450957759113e-03
2.170000000000001650e-01,-1.198235359707914727e+00,-5.907784358039429584e-01,-4.206232041789925269e+00,1.390650842048324565e+00,8.298949442048541777e-03
2.180000000000001659e-01,-1.202431685753615920e+00,-5.893829091635076622e-01,-4.186431834093684579e+00,1.400387136317455150e+00,8.337193432922791053e-03
2.190000000000001668e-01,-1.206608246832999276e+00,-5.879776919475619978e-01,-4.166701997551042425e+00,1.410032180971896310e+00,8.375437423579509474e-03
2.200000000000001676e-01,-1.210765112983681613e+00,-5.865628748452835772e-01,-4.147041866353859518e+00,1.419587093632906249e+00,8.413681414017697840e-03
2.210000000000001685e-01,-1.214902353581250427e+00,-5.851385474379171558e-01,-4.127450782234880933e+00,1.429052972614648143e+00,8.451925404236358685e-03
2.220000000000001694e-01,-1.219020037346753460e+00,-5.837047982178747985e-01,-4.107928094363243687e+00,1.438430897336114622e+00,8.490169394234494543e-03
2.230000000000001703e-01,-1.223118232354082124e+00,-5.822617146074294814e-01,-4.088473159241390320e+00,1.447721928722500051e+00,8.528413384011106213e-03
2.240000000000001712e-01,-1.227197006037254789e+00,-5.808093829770124561e-01,-4.069085340603365353e+00,1.456927109596334091e+00,8.566657373565197964e-03
2.250000000000001721e-01,-1.231256425197597926e+00,-5.793478886631244773e-01,-4.049764009314504420e+00,1.466047465058679222e+00,8.604901362895770595e-03
2.260000000000001730e-01,-1.235296556010827551e+00,-5.778773159858709985e-01,-4.030508543272487643e+00,1.475084002860684418e+00,8.643145352001826640e-03
2.270000000000001739e-01,-1.239317464034032978e+00,-5.763977482661297724e-01,-4.011318327309761678e+00,1.484037713765779198e+00,8.681389340882368633e-03
2.280000000000001747e-01,-1.243319214212562862e+00,-5.749092678423615155e-01,-3.992192753097314473e+00,1.492909571902779176e+00,8.719633329536397373e-03
2.290000000000001756e-01,-1.247301870886816877e+00,-5.734119560870717391e-01,-3.973131219049786722e+00,1.501700535110168655e+00,8.757877317962917130e-03
2.300000000000001765e-01,-1.251265497798941917e+00,-5.719058934229321878e-01,-3.954133130231917370e+00,1.510411545271816758e+00,8.796121306160928702e-03
2.310000000000001774e-01,-1.255210158099436368e+00,-5.703911593385715406e-01,-3.935197898266303174e+00,1.519043528644371754e+00,8.834365294129434623e-03
2.320000000000001783e-01,-1.259135914353662011e+00,-5.688678324040419287e-01,-3.916324941242464330e+00,1.527597396176575417e+00,8.872609281867437428e-03
2.330000000000001792e-01,-1.263042828548266217e+00,-5.673359902859704818e-01,-3.897513683627201519e+00,1.536074043820726764e+00,8.910853269373937915e-03
2.340000000000001801e-01,-1.266930962097515101e+00,-5.657957097624035647e-01,-3.878763556176229699e+00,1.544474352836519238e+00,8.949097256647940354e-03
2.350000000000001810e-01,-1.270800375849538311e+00,-5.642470667373502557e-01,-3.860073995847078443e+00,1.552799190087468695e+00,8.987341243688445544e-03
2.360000000000001819e-01,-1.274651130092488316e+00,-5.626901362550333907e-01,-3.841444445713242395e+00,1.561049408330140498e+00,9.025585230494456018e-03
2.370000000000001827e-01,-1.278483284560613997e+00,-5.611249925138548367e-01,-3.822874354879567615e+00,1.569225846496379306e+00,9.063829217064974311e-03
2.380000000000001836e-01,-1.282296898440249411e+00,-5.595517088800819883e-01,-3.804363178398861400e+00,1.577329329968738092e+00,9.102073203399001222e-03
2.390000000000001845e-01,-1.286092030375721507e+00,-5.579703579012619263e-01,-3.785910377189710463e+00,1.585360670849295106e+00,9.140317189495539285e-03
2.400000000000001854e-01,-1.289868738475174803e+00,-5.563810113193703444e-01,-3.767515417955491497e+00,1.593320668222044212e+00,9.178561175353592769e-03
2.410000000000001863e-01,-1.293627080316316125e+00,-5.547837400837010158e-01,-3.749177773104562572e+00,1.601210108409035549e+00,9.216805160972162472e-03
2.420000000000001872e-01,-1.297367112952080737e+00,-5.531786143635022412e-01,-3.730896920671617156e+00,1.609029765220440389e+00,9.255049146350249195e-03
2.430000000000001881e-01,-1.301088892916218986e+00,-5.515657035603661607e-01,-3.712672344240189659e+00,1.616780400198706280e+00,9.293293131486857206e-03
2.440000000000001890e-01,-1.304792476228807452e+00,-5.499450763203765913e-01,-3.694503532866293849e+00,1.624462762856964559e+00,9.331537116380987304e-03
2.450000000000001898e-01,-1.308477918401683926e+00,-5.483168005460217209e-01,-3.676389981003183038e+00,1.632077590911847231e+00,9.369781101031642023e-03
2.460000000000001907e-01,-1.312145274443806464e+00,-5.466809434078764296e-01,-3.658331188427213387e+00,1.639625610510865528e+00,9.408025085437823898e-03
2.470000000000001916e-01,-1.315794598866541154e+00,-5.450375713560599023e-01,-3.640326660164800998e+00,1.647107536454496923e+00,9.446269069598535462e-03
2.480000000000001925e-01,-1.319425945688875279e+00,-5.433867501314736392e-01,-3.622375906420451486e+00,1.654524072413123381e+00,9.484513053512777514e-03
2.490000000000001934e-01,-1.323039368442559871e+00,-5.417285447768254159e-01,-3.604478442505851810e+00,1.661875911138960049e+00,9.522757037179554324e-03
2.500000000000001665e-01,-1.326634920177182542e+00,-5.400630196474434097e-01,-3.586633788770007936e+00,1.669163734673106525e+00,9.561001020597866690e-03
2.510000000000001674e-01,-1.330212653465169481e+00,-5.383902384218857140e-01,-3.568841470530415450e+00,1.676388214547853694e+00,9.599245003766717146e-03
2.520000000000001683e-01,-1.333772620406720399e+00,-5.367102641123500106e-01,-3.551101018005244914e+00,1.683550011984369377e+00,9.637488986685106493e-03
2.530000000000001692e-01,-1.337314872634675522e+00,-5.350231590748876220e-01,-3.533411966246531755e+00,1.690649778085887345e+00,9.675732969352038998e-03
2.540000000000001701e-01,-1.340839461319316861e+00,-5.333289850194268267e-01,-3.515773855074353360e+00,1.697688154026516072e+00,9.713976951766515461e-03
2.550000000000001710e-01,-1.344346437173103537e+00,-5.316278030196093241e-01,-3.498186229011980952e+00,1.704665771235784888e+00,9.752220933927538415e-03
2.560000000000001719e-01,-1.347835850455342266e+00,-5.299196735224440680e-01,-3.480648637221989805e+00,1.711583251579036791e+00,9.790464915834110396e-03
2.570000000000001728e-01,-1.351307750976796340e+00,-5.282046563577833531e-01,-3.463160633443315817e+00,1.718441207533777382e+00,9.828708897485233936e-03
2.580000000000001736e-01,-1.354762188104230214e+00,-5.264828107476237085e-01,-3.445721775929244668e+00,1.725240242362084953e+00,9.866952878879911570e-03
2.590000000000001745e-01,-1.358199210764893028e+00,-5.247541953152370375e-01,-3.428331627386317138e+00,1.731980950279182752e+00,9.905196860017144098e-03
2.600000000000001754e-01,-1.361618867450941961e+00,-5.230188680941345591e-01,-3.410989754914139915e+00,1.738663916618274463e+00,9.943440840895934052e-03
2.610000000000001763e-01,-1.365021206223806072e+00,-5.212768865368678783e-01,-3.393695729946085926e+00,1.745289717991736378e+00,9.981684821515283967e-03
2.620000000000001772e-01,-1.368406274718489746e+00,-5.195283075236709625e-01,-3.376449128190872617e+00,1.751858922448761069e+00,1.001992880187419638e-02
2.630000000000001781e-01,-1.371774120147819964e+00,-5.177731873709456867e-01,-3.359249529575004445e+00,1.758372089629542945e+00,1.005817278197167208e-02
2.640000000000001790e-01,-1.375124789306635620e+00,-5.160115818395952791e-01,-3.342096518186064458e+00,1.764829770916092722e+00,1.009641676180671362e-02
2.650000000000001799e-01,-1.378458328575919989e+00,-5.142435461432085519e-01,-3.324989682216844766e+00,1.771232509579767633e+00,1.013466074137832525e-02
2.660000000000001807e-01,-1.381774783926879246e+00,-5.124691349560979159e-01,-3.307928613910301685e+00,1.777580840925598427e+00,1.017290472068550604e-02
2.670000000000001816e-01,-1.385074200924964583e+00,-5.106884024211948425e-01,-3.290912909505323114e+00,1.783875292433495074e+00,1.021114869972726026e-02
2.680000000000001825e-01,-1.388356624733841915e+00,-5.089014021578059932e-01,-3.273942169183294393e+00,1.790116383896409147e+00,1.024939267850259045e-02
2.690000000000001834e-01,-1.391622100119307870e+00,-5.071081872692320136e-01,-3.257015997015453301e+00,1.796304627555527889e+00,1.028763665701049740e-02
2.700000000000001843e-01,-1.394870671453153577e+00,-5.053088103502528794e-01,-3.240134000911017331e+00,1.802440528232575057e+00,1.032588063524998365e-02
2.710000000000001852e-01,-1.398102382716977177e+00,-5.035033234944826797e-01,-3.223295792566076123e+00,1.808524583459289126e+00,1.036412461322005173e-02
2.720000000000001861e-01,-1.401317277505945036e+00,-5.016917783015958365e-01,-3.206500987413233972e+00,1.814557283604149029e+00,1.040236859091970417e-02
2.730000000000001870e-01,-1.404515399032503664e+00,-4.998742258844279807e-01,-3.189749204571990404e+00,1.820539111996415382e+00,1.044061256834794178e-02
2.740000000000001878e-01,-1.407696790130042341e+00,-4.980507168759544800e-01,-3.173040066799849512e+00,1.826470545047553129e+00,1.047885654550376883e-02
2.750000000000001887e-01,-1.410861493256506893e+00,-4.962213014361485097e-01,-3.156373200444144267e+00,1.832352052370097795e+00,1.051710052238618610e-02
2.760000000000001896e-01,-1.414009550497965062e+00,-4.943860292587215488e-01,-3.139748235394566933e+00,1.838184096894030839e+00,1.055534449899419615e-02
2.770000000000001905e-01,-1.417141003572126357e+00,-4.925449495777488584e-01,-3.123164805036390934e+00,1.843967134980720735e+00,1.059358847532680149e-02
2.780000000000001914e-01,-1.420255893831813943e+00,-4.906981111741819945e-01,-3.106622546204377056e+00,1.849701616534492166e+00,1.063183245138300294e-02
2.790000000000001923e-01,-1.423354262268391679e+00,-4.888455623822511309e-01,-3.090121099137350669e+00,1.855387985111877525e+00,1.067007642716180475e-02
2.800000000000001932e-01,-1.426436149515145413e+00,-4.869873510957591356e-01,-3.073660107433438426e+00,1.861026678028608217e+00,1.070832040266220773e-02
2.810000000000001941e-01,-1.429501595850620532e+00,-4.851235247742697321e-01,-3.057239218005959103e+00,1.866618126464399285e+00,1.074656437788321442e-02
2.820000000000001950e-01,-1.432550641201915331e+00,-4.832541304491921874e-01,-3.040858081039949923e+00,1.872162755565579761e+00,1.078480835282382734e-02
2.830000000000001958e-01,-1.435583325147930633e+00,-4.813792147297640267e-01,-3.024516349949326166e+00,1.877660984545619804e+00,1.082305232748304730e-02
2.840000000000001967e-01,-1.438599686922578558e+00,-4.794988238089347710e-01,-3.008213681334658940e+00,1.883113226783605043e+00,1.086129630185987856e-02
2.850000000000001976e-01,-1.441599765417947321e+00,-4.776130034691516424e-01,-2.991949734941564021e+00,1.888519889920705630e+00,1.089954027595332192e-02
2.860000000000001985e-01,-1.444583599187426293e+00,-4.757217990880502345e-01,-2.975724173619688440e+00,1.893881375954688195e+00,1.093778424976237992e-02
2.870000000000001994e-01,-1.447551226448789752e+00,-4.738252556440514796e-01,-2.959536663282289926e+00,1.899198081332515331e+00,1.097602822328605510e-02
2.880000000000002003e-01,-1.450502685087240451e+00,-4.719234177218667448e-01,-2.943386872866395887e+00,1.904470397041078344e+00,1.101427219652334824e-02
2.890000000000002012e-01,-1.453438012658413436e+00,-4.700163295179135003e-01,-2.927274474293534823e+00,1.909698708696106140e+00,1.105251616947326362e-02
2.900000000000002021e-01,-1.456357246391341453e+00,-4.681040348456427247e-01,-2.911199142431029063e+00,1.914883396629292633e+00,1.109076014213480205e-02
2.910000000000002029e-01,-1.459260423191381717e+00,-4.661865771407799897e-01,-2.895160555053842621e+00,1.920024835973684008e+00,1.112900411450696604e-02
2.920000000000002038e-01,-1.462147579643104489e+00,-4.642639994664822245e-01,-2.879158392806971722e+00,1.925123396747365323e+00,1.116724808658875814e-02
2.930000000000002047e-01,-1.465018752013144354e+00,-4.623363445184115461e-01,-2.863192339168371348e+00,1.930179443935486017e+00,1.120549205837918089e-02
2.940000000000002056e-01,-1.467873976253015522e+00,-4.604036546297278210e-01,-2.847262080412410690e+00,1.935193337570662697e+00,1.124373602987723507e-02
2.950000000000002065e-01,-1.470713288001889163e+00,-4.584659717760016240e-01,-2.831367305573843751e+00,1.940165432811794766e+00,1.128198000108192323e-02
2.960000000000002074e-01,-1.473536722589336989e+00,-4.565233375800492599e-01,-2.815507706412293754e+00,1.945096080021330831e+00,1.132022397199224963e-02
2.970000000000002083e-01,-1.476344315038037980e+00,-4.545757933166911791e-01,-2.799682977377237147e+00,1.949985624841019227e+00,1.135846794260721333e-02
2.980000000000002092e-01,-1.479136100066451354e+00,-4.526233799174353978e-01,-2.783892815573482782e+00,1.954834408266177714e+00,1.139671191292581862e-02
2.990000000000002101e-01,-1.481912112091454237e+00,-4.506661379750874219e-01,-2.768136920727135575e+00,1.959642766718516116e+00,1.143495588294706801e-02
3.000000000000002109e-01,-1.484672385230946690e+00,-4.487041077482881168e-01,-2.752414995152040245e+00,1.964411032117543421e+00,1.147319985266996231e-02
3.010000000000002118e-01,-1.487416953306422762e+00,-4.467373291659806345e-01,-2.736726743716693555e+00,1.969139531950590660e+00,1.151144382209350406e-02
3.020000000000002127e-01,-1.490145849845508685e+00,-4.447658418318082840e-01,-2.721071873811620634e+00,1.973828589341482420e+00,1.154968779121669578e-02
3.030000000000002136e-01,-1.492859108084468867e+00,-4.427896850284441244e-01,-2.705450095317206038e+00,1.978478523117883858e+00,1.158793176003854002e-02
3.040000000000002145e-01,-1.495556760970679466e+00,-4.408088977218540538e-01,-2.689861120571972464e+00,1.983089647877356088e+00,1.162617572855803930e-02
3.050000000000002154e-01,-1.498238841165071555e+00,-4.388235185654944526e-01,-2.674304664341301763e+00,1.987662274052145017e+00,1.166441969677419442e-02
3.060000000000002163e-01,-1.500905381044541853e+00,-4.368335859044455427e-01,-2.658780443786586734e+00,1.992196707972733849e+00,1.170266366468600792e-02
3.070000000000002172e-01,-1.503556412704333933e+00,-4.348391377794819102e-01,-2.643288178434813673e+00,1.996693251930184543e+00,1.174090763229248234e-02
3.080000000000002180e-01,-1.506191967960388789e+00,-4.328402119310813534e-01,-2.627827590148559711e+00,2.001152204237297116e+00,1.177915159959262020e-02
3.090000000000002189e-01,-1.508812078351665198e+00,-4.308368458033728365e-01,-2.612398403096408916e+00,2.005573859288608762e+00,1.181739556658542405e-02
3.100000000000002198e-01,-1.511416775142431446e+00,-4.288290765480254341e-01,-2.597000343723768978e+00,2.009958507619262758e+00,1.185563953326989467e-02
3.110000000000002207e-01,-1.514006089324527737e+00,-4.268169410280786003e-01,-2.581633140724092002e+00,2.014306435962766262e+00,1.189388349964503634e-02
3.120000000000002216e-01,-1.516580051619599523e+00,-4.248004758217154841e-01,-2.566296525010487439e+00,2.018617927307665649e+00,1.193212746570984986e-02
3.130000000000002225e-01,-1.519138692481303954e+00,-4.227797172259799008e-01,-2.550990229687721378e+00,2.022893260953159800e+00,1.197037143146333776e-02
3.140000000000002234e-01,-1.521682042097487031e+00,-4.207547012604384018e-01,-2.535713990024596853e+00,2.027132712563673334e+00,1.200861539690450085e-02
3.150000000000002243e-01,-1.524210130392334328e+00,-4.187254636707881672e-01,-2.520467543426709867e+00,2.031336554222417323e+00,1.204685936203234338e-02
3.160000000000002252e-01,-1.526722987028493961e+00,-4.166920399324117730e-01,-2.505250629409573548e+00,2.035505054483950360e+00,1.208510332684586616e-02
3.170000000000002260e-01,-1.529220641409173798e+00,-4.146544652538800002e-01,-2.490062989572104701e+00,2.039638478425770174e+00,1.212334729134407346e-02
3.180000000000002269e-01,-1.531703122680211138e+00,-4.126127745804036295e-01,-2.474904367570468278e+00,2.043737087698948685e+00,1.216159125552596608e-02
3.190000000000002278e-01,-1.534170459732117298e+00,-4.105670025972347759e-01,-2.459774509092272243e+00,2.047801140577836243e+00,1.219983521939054481e-02
3.200000000000002287e-01,-1.536622681202096441e+00,-4.085171837330192068e-01,-2.444673161831108388e+00,2.051830892008850604e+00,1.223807918293681393e-02
3.210000000000002296e-01,-1.539059815476038873e+00,-4.064633521631002000e-01,-2.429600075461433306e+00,2.055826593658373280e+00,1.227632314616377424e-02
3.220000000000002305e-01,-1.541481890690489465e+00,-4.044055418127751045e-01,-2.414555001613783780e+00,2.059788493959768374e+00,1.231456710907042999e-02
3.230000000000002314e-01,-1.543888934734591212e+00,-4.023437863605051068e-01,-2.399537693850322562e+00,2.063716838159544764e+00,1.235281107165578200e-02
3.240000000000002323e-01,-1.546280975252005252e+00,-4.002781192410794220e-01,-2.384547907640706121e+00,2.067611868362677185e+00,1.239105503391883280e-02
3.250000000000002331e-01,-1.548658039642806017e+00,-3.982085736487345207e-01,-2.369585400338272585e+00,2.071473823577106632e+00,1.242929899585858318e-02
3.260000000000002340e-01,-1.551020155065353512e+00,-3.961351825402290583e-01,-2.354649931156544085e+00,2.075302939757433851e+00,1.246754295747403742e-02
3.270000000000002349e-01,-1.553367348438141393e+00,-3.940579786378760052e-01,-2.339741261146036422e+00,2.079099449847823244e+00,1.250578691876419631e-02
3.280000000000002358e-01,-1.555699646441623063e+00,-3.919769944325317557e-01,-2.324859153171372483e+00,2.082863583824134945e+00,1.254403087972806412e-02
3.290000000000002367e-01,-1.558017075520014005e+00,-3.898922621865437144e-01,-2.310003371888696755e+00,2.086595568735299278e+00,1.258227484036464165e-02
3.300000000000002376e-01,-1.560319661883072584e+00,-3.878038139366568604e-01,-2.295173683723381597e+00,2.090295628743948697e+00,1.262051880067292971e-02
3.310000000000002385e-01,-1.562607431507857525e+00,-3.857116814968800100e-01,-2.280369856848023957e+00,2.093963985166323205e+00,1.265876276065193255e-02
3.320000000000002394e-01,-1.564880410140465195e+00,-3.836158964613126110e-01,-2.265591661160727632e+00,2.097600856511463441e+00,1.269700672030065099e-02
3.330000000000002403e-01,-1.567138623297743338e+00,-3.815164902069325681e-01,-2.250838868263665304e+00,2.101206458519706111e+00,1.273525067961808928e-02
3.340000000000002411e-01,-1.569382096268985505e+00,-3.794134938963460435e-01,-2.236111251441916359e+00,2.104781004200495076e+00,1.277349463860324823e-02
3.350000000000002420e-01,-1.571610854117603040e+00,-3.773069384804997317e-01,-2.221408585642576483e+00,2.108324703869522310e+00,1.281173859725513037e-02
3.360000000000002429e-01,-1.573824921682776434e+00,-3.751968547013562194e-01,-2.206730647454134608e+00,2.111837765185211602e+00,1.284998255557273823e-02
3.370000000000002438e-01,-1.576024323581087350e+00,-3.730832730945333742e-01,-2.192077215086112751e+00,2.115320393184559222e+00,1.288822651355507262e-02
3.380000000000002447e-01,-1.578209084208128665e+00,-3.709662239919080395e-01,-2.177448068348964316e+00,2.118772790318342203e+00,1.292647047120113607e-02
3.390000000000002456e-01,-1.580379227740096093e+00,-3.688457375241850356e-01,-2.162842988634228636e+00,2.122195156485707557e+00,1.296471442850993284e-02
3.400000000000002465e-01,-1.582534778135359366e+00,-3.667218436234316314e-01,-2.148261758894933759e+00,2.125587689068156649e+00,1.300295838548046375e-02
3.410000000000002474e-01,-1.584675759136013662e+00,-3.645945720255784339e-01,-2.133704163626247929e+00,2.128950582962933158e+00,1.304120234211173131e-02
3.420000000000002482e-01,-1.586802194269412603e+00,-3.624639522728873575e-01,-2.119169988846372643e+00,2.132284030615828385e+00,1.307944629840273633e-02
3.430000000000002491e-01,-1.588914106849681485e+00,-3.603300137163866768e-01,-2.104659022077676855e+00,2.135588222053415031e+00,1.311769025435248308e-02
3.440000000000002500e-01,-1.591011519979212752e+00,-3.581927855182744924e-01,-2.090171052328062551e+00,2.138863344914719189e+00,1.315593420995997236e-02
3.450000000000002509e-01,-1.593094456550141258e+00,-3.560522966542907231e-01,-2.075705870072566128e+00,2.142109584482343898e+00,1.319417816522420669e-02
3.460000000000002518e-01,-1.595162939245803102e+00,-3.539085759160581213e-01,-2.061263267235184937e+00,2.145327123713051787e+00,1.323242212014418863e-02
3.470000000000002527e-01,-1.597216990542175363e+00,-3.517616519133930364e-01,-2.046843037170927637e+00,2.148516143267820144e+00,1.327066607471892069e-02
3.480000000000002536e-01,-1.599256632709298520e+00,-3.496115530765864232e-01,-2.032444974648088376e+00,2.151676821541375517e+00,1.330891002894740542e-02
3.490000000000002545e-01,-1.601281887812680216e+00,-3.474583076586554853e-01,-2.018068875830734132e+00,2.154809334691220268e+00,1.334715398282864361e-02
3.500000000000002554e-01,-1.603292777714683037e+00,-3.453019437375666745e-01,-2.003714538261409661e+00,2.157913856666159980e+00,1.338539793636163780e-02
3.510000000000002562e-01,-1.605289324075894308e+00,-3.431424892184302133e-01,-1.989381760844050495e+00,2.160990559234340136e+00,1.342364188954539225e-02
3.520000000000002571e-01,-1.607271548356479007e+00,-3.409799718356670839e-01,-1.975070343827103336e+00,2.164039612010802305e+00,1.346188584237890777e-02
3.530000000000002580e-01,-1.609239471817515588e+00,-3.388144191551484274e-01,-1.960780088786851172e+00,2.167061182484569137e+00,1.350012979486118515e-02
3.540000000000002589e-01,-1.611193115522316033e+00,-3.366458585763082434e-01,-1.946510798610938897e+00,2.170055436045266184e+00,1.353837374699122867e-02
3.550000000000002598e-01,-1.613132500337728592e+00,-3.344743173342297204e-01,-1.932262277482095891e+00,2.173022536009289407e+00,1.357661769876803912e-02
3.560000000000002607e-01,-1.615057646935425417e+00,-3.322998225017055329e-01,-1.918034330862053327e+00,2.175962643645526384e+00,1.361486165019062076e-02
3.570000000000002616e-01,-1.616968575793173102e+00,-3.301224009912726576e-01,-1.903826765475652882e+00,2.178875918200642303e+00,1.365310560125797441e-02
3.580000000000002625e-01,-1.618865307196088121e+00,-3.279420795572221548e-01,-1.889639389295143967e+00,2.181762516923932527e+00,1.369134955196910260e-02
3.590000000000002633e-01,-1.620747861237876508e+00,-3.257588847975843027e-01,-1.875472011524665916e+00,2.184622595091757713e+00,1.372959350232300611e-02
3.600000000000002642e-01,-1.622616257822057761e+00,-3.235728431560893625e-01,-1.861324442584912919e+00,2.187456306031562825e+00,1.376783745231868923e-02
3.610000000000002651e-01,-1.624470516663174324e+00,-3.213839809241048062e-01,-1.847196494097979258e+00,2.190263801145490241e+00,1.380608140195515275e-02
3.620000000000002660e-01,-1.626310657287984851e+00,-3.191923242425490082e-01,-1.833087978872379731e+00,2.193045229933594076e+00,1.384432535123139921e-02
3.630000000000002669e-01,-1.628136699036643931e+00,-3.169978991037816773e-01,-1.818998710888245940e+00,2.195800740016662811e+00,1.388256930014643287e-02
3.640000000000002678e-01,-1.629948661063865600e+00,-3.148007313534720297e-01,-1.804928505282692219e+00,2.198530477158658236e+00,1.392081324869925280e-02
3.650000000000002687e-01,-1.631746562340073758e+00,-3.126008466924445894e-01,-1.790877178335351871e+00,2.201234585288775136e+00,1.395905719688886326e-02
3.660000000000002696e-01,-1.633530421652537035e+00,-3.103982706785030077e-01,-1.776844547454077938e+00,2.203913206523131052e+00,1.399730114471426680e-02
3.670000000000002705e-01,-1.635300257606490115e+00,-3.081930287282323988e-01,-1.762830431160808287e+00,2.206566481186091888e+00,1.403554509217446421e-02
3.680000000000002713e-01,-1.637056088626241079e+00,-3.059851461187806376e-01,-1.748834649077591008e+00,2.209194547831239586e+00,1.407378903926845802e-02
3.690000000000002722e-01,-1.638797932956264081e+00,-3.037746479896188401e-01,-1.734857021912768138e+00,2.211797543261988075e+00,1.411203298599525077e-02
3.700000000000002731e-01,-1.640525808662279372e+00,-3.015615593442813602e-01,-1.720897371447315916e+00,2.214375602551854616e+00,1.415027693235384500e-02
3.710000000000002740e-01,-1.642239733632318455e+00,-2.993459050520856368e-01,-1.706955520521337366e+00,2.216928859064390966e+00,1.418852087834324323e-02
3.720000000000002749e-01,-1.643939725577777233e+00,-2.971277098498322777e-01,-1.693031293020706540e+00,2.219457444472782370e+00,1.422676482396244627e-02
3.730000000000002758e-01,-1.645625802034454743e+00,-2.949069983434859932e-01,-1.679124513863860857e+00,2.221961488779119254e+00,1.426500876921045838e-02
3.740000000000002767e-01,-1.647297980363579439e+00,-2.926837950098369334e-01,-1.665235008988740217e+00,2.224441120333346067e+00,1.430325271408628036e-02
3.750000000000002776e-01,-1.648956277752821942e+00,-2.904581241981436524e-01,-1.651362605339870449e+00,2.226896465851894824e+00,1.434149665858891476e-02
3.760000000000002784e-01,-1.650600711217295125e+00,-2.882300101317573637e-01,-1.637507130855586857e+00,2.229327650436008224e+00,1.437974060271736410e-02
3.770000000000002793e-01,-1.652231297600542437e+00,-2.859994769097280454e-01,-1.623668414455399223e+00,2.231734797589756347e+00,1.441798454647063091e-02
3.780000000000002802e-01,-1.653848053575511567e+00,-2.837665485083929462e-01,-1.609846286027492468e+00,2.234118029237754932e+00,1.445622848984771600e-02
3.790000000000002811e-01,-1.655450995645518120e+00,-2.815312487829470522e-01,-1.596040576416363876e+00,2.236477465742586546e+00,1.449447243284762363e-02
3.800000000000002820e-01,-1.657040140145194851e+00,-2.792936014689966218e-01,-1.582251117410592212e+00,2.238813225921934436e+00,1.453271637546935460e-02
3.810000000000002829e-01,-1.658615503241430256e+00,-2.770536301840957338e-01,-1.568477741730738284e+00,2.241125427065427722e+00,1.457096031771191146e-02
3.820000000000002838e-01,-1.660177100934294270e+00,-2.748113584292658507e-01,-1.554720283017374305e+00,2.243414184951210366e+00,1.460920425957429672e-02
3.830000000000002847e-01,-1.661724949057952649e+00,-2.725668095904992816e-01,-1.540978575819240026e+00,2.245679613862231250e+00,1.464744820105551293e-02
3.840000000000002855e-01,-1.663259063281569139e+00,-2.703200069402463268e-01,-1.527252455581523449e+00,2.247921826602265583e+00,1.468569214215456088e-02
3.850000000000002864e-01,-1.664779459110195647e+00,-2.680709736388864894e-01,-1.513541758634265433e+00,2.250140934511667634e+00,1.472393608287044485e-02
3.860000000000002873e-01,-1.666286151885652211e+00,-2.658197327361841444e-01,-1.499846322180883762e+00,2.252337047482864119e+00,1.476218002320216563e-02
3.870000000000002882e-01,-1.667779156787394079e+00,-2.635663071727288309e-01,-1.486165984286816899e+00,2.254510273975586454e+00,1.480042396314872576e-02
3.880000000000002891e-01,-1.669258488833368137e+00,-2.613107197813605564e-01,-1.472500583868285418e+00,2.256660721031852557e+00,1.483866790270912776e-02
3.890000000000002900e-01,-1.670724162880858454e+00,-2.590529932885799469e-01,-1.458849960681167346e+00,2.258788494290697724e+00,1.487691184188237419e-02
3.900000000000002909e-01,-1.672176193627320062e+00,-2.567931503159440187e-01,-1.445213955309988751e+00,2.260893698002660823e+00,1.491515578066746582e-02
3.910000000000002918e-01,-1.673614595611202294e+00,-2.545312133814475741e-01,-1.431592409157024237e+00,2.262976435044028012e+00,1.495339971906340694e-02
3.920000000000002927e-01,-1.675039383212761246e+00,-2.522672049008904405e-01,-1.417985164431508016e+00,2.265036806930840640e+00,1.499164365706919834e-02
3.930000000000002935e-01,-1.676450570654861139e+00,-2.500011471892307213e-01,-1.404392064138953344e+00,2.267074913832667349e+00,1.502988759468384256e-02
3.940000000000002944e-01,-1.677848172003765681e+00,-2.477330624619245580e-01,-1.390812952070578090e+00,2.269090854586148343e+00,1.506813153190634212e-02
3.950000000000002953e-01,-1.679232201169917893e+00,-2.454629728362523744e-01,-1.377247672792834887e+00,2.271084726708312296e+00,1.510637546873569957e-02
3.960000000000002962e-01,-1.680602671908710821e+00,-2.431909003326318819e-01,-1.363696071637044538e+00,2.273056626409670766e+00,1.514461940517091570e-02
3.970000000000002971e-01,-1.681959597821246932e+00,-2.409168668759182064e-01,-1.350157994689130225e+00,2.275006648607092785e+00,1.518286334121099479e-02
3.980000000000002980e-01,-1.683302992355087735e+00,-2.386408942966910807e-01,-1.336633288779452311e+00,2.276934886936464064e+00,1.522110727685493763e-02
3.990000000000002989e-01,-1.684632868804992967e+00,-2.363630043325297136e-01,-1.323121801472740611e+00,2.278841433765135260e+00,1.525935121210174675e-02
4.000000000000002998e-01,-1.685949240313650233e+00,-2.340832186292750861e-01,-1.309623381058123481e+00,2.280726380204157522e+00,1.529759514695042469e-02
4.010000000000003006e-01,-1.687252119872394207e+00,-2.318015587422802559e-01,-1.296137876539251499e+00,2.282589816120315973e+00,1.533583908139997398e-02
4.020000000000003015e-01,-1.688541520321916733e+00,-2.295180461376486736e-01,-1.282665137624515284e+00,2.284431830147957143e+00,1.537408301544939716e-02
4.030000000000003024e-01,-1.689817454352966042e+00,-2.272327021934608671e-01,-1.269205014717354585e+00,2.286252509700620106e+00,1.541232694909769677e-02
4.040000000000003033e-01,-1.691079934507037308e+00,-2.249455482009894147e-01,-1.255757358906658183e+00,2.288051940982467336e+00,1.545057088234387359e-02
4.050000000000003042e-01,-1.692328973177053664e+00,-2.226566053659027322e-01,-1.242322021957252609e+00,2.289830208999524164e+00,1.548881481518693017e-02
4.060000000000003051e-01,-1.693564582608036773e+00,-2.203658948094576742e-01,-1.228898856300478348e+00,2.291587397570726825e+00,1.552705874762586903e-02
4.070000000000003060e-01,-1.694786774897769188e+00,-2.180734375696811722e-01,-1.215487715024851978e+00,2.293323589338782220e+00,1.556530267965969272e-02
4.080000000000003069e-01,-1.695995561997446721e+00,-2.157792546025411040e-01,-1.202088451866813790e+00,2.295038865780843818e+00,1.560354661128740376e-02
4.090000000000003078e-01,-1.697190955712321703e+00,-2.134833667831065873e-01,-1.188700921201556904e+00,2.296733307219001929e+00,1.564179054250800296e-02
4.100000000000003086e-01,-1.698372967702337144e+00,-2.111857949066978934e-01,-1.175324978033940315e+00,2.298406992830598572e+00,1.568003447332049632e-02
4.110000000000003095e-01,-1.699541609482752236e+00,-2.088865596900260913e-01,-1.161960477989480989e+00,2.300060000658361581e+00,1.571827840372388291e-02
4.120000000000003104e-01,-1.700696892424758078e+00,-2.065856817723226435e-01,-1.148607277305425667e+00,2.301692407620365088e+00,1.575652233371716351e-02
4.130000000000003113e-01,-1.701838827756085193e+00,-2.042831817164592334e-01,-1.135265232821900616e+00,2.303304289519819026e+00,1.579476626329934241e-02
4.140000000000003122e-01,-1.702967426561602160e+00,-2.019790800100577099e-01,-1.121934201973137757e+00,2.304895721054687208e+00,1.583301019246942387e-02
4.150000000000003131e-01,-1.704082699783905142e+00,-1.996733970665906244e-01,-1.108614042778775843e+00,2.306466775827139770e+00,1.587125412122640869e-02
4.160000000000003140e-01,-1.705184658223898975e+00,-1.973661532264724128e-01,-1.095304613835236252e+00,2.308017526352838633e+00,1.590949804956929767e-02
4.170000000000003149e-01,-1.706273312541369824e+00,-1.950573687581413085e-01,-1.082005774307170709e+00,2.309548044070063089e+00,1.594774197749709507e-02
4.180000000000003157e-01,-1.707348673255549176e+00,-1.927470638591321506e-01,-1.068717383918981190e+00,2.311058399348672410e+00,1.598598590500880171e-02
4.190000000000003166e-01,-1.708410750745669171e+00,-1.904352586571405326e-01,-1.055439302946409752e+00,2.312548661498912139e+00,1.602422983210341836e-02
4.200000000000003175e-01,-1.709459555251509721e+00,-1.881219732110779308e-01,-1.042171392208197211e+00,2.314018898780063171e+00,1.606247375877994932e-02
4.210000000000003184e-01,-1.710495096873937859e+00,-1.858072275121185057e-01,-1.028913513057809981e+00,2.315469178408937179e+00,1.610071768503739884e-02
4.220000000000003193e-01,-1.711517385575437977e+00,-1.834910414847373827e-01,-1.015665527375233967e+00,2.316899566568221047e+00,1.613896161087476772e-02
4.230000000000003202e-01,-1.712526431180633857e+00,-1.811734349877406058e-01,-1.002427297558833086e+00,2.318310128414670768e+00,1.617720553629105676e-02
4.240000000000003211e-01,-1.713522243376804033e+00,-1.788544278152870703e-01,-9.891986865172727184e-01,2.319700928087157443e+00,1.621544946128526676e-02
4.250000000000003220e-01,-1.714504831714387389e+00,-1.765340396979024618e-01,-9.759795576615064583e-01,2.321072028714568525e+00,1.625369338585640547e-02
4.260000000000003229e-01,-1.715474205607481428e+00,-1.742122903034853121e-01,-9.627697748968244706e-01,2.322423492423562941e+00,1.629193731000347020e-02
4.270000000000003237e-01,-1.716430374334332765e+00,-1.718891992383054790e-01,-9.495692026149635812e-01,2.323755380346186783e+00,1.633018123372546523e-02
4.280000000000003246e-01,-1.717373347037819853e+00,-1.695647860479948810e-01,-9.363777056862766512e-01,2.325067752627346884e+00,1.636842515702139483e-02
4.290000000000003255e-01,-1.718303132725927718e+00,-1.672390702185311273e-01,-9.231951494519609058e-01,2.326360668432146284e+00,1.640666907989025633e-02
4.300000000000003264e-01,-1.719219740272214469e+00,-1.649120711772135428e-01,-9.100213997163443258e-01,2.327634185953082913e+00,1.644491300233105746e-02
4.310000000000003273e-01,-1.720123178416271159e+00,-1.625838082936323647e-01,-8.968563227392284398e-01,2.328888362417114610e+00,1.648315692434279556e-02
4.320000000000003282e-01,-1.721013455764173194e+00,-1.602543008806306957e-01,-8.836997852282868493e-01,2.330123254092588247e+00,1.652140084592447489e-02
4.330000000000003291e-01,-1.721890580788924208e+00,-1.579235681952597947e-01,-8.705516543315184874e-01,2.331338916296039177e+00,1.655964476707509972e-02
4.340000000000003300e-01,-1.722754561830893039e+00,-1.555916294397275135e-01,-8.574117976297540578e-01,2.332535403398859675e+00,1.659788868779367085e-02
4.350000000000003308e-01,-1.723605407098242726e+00,-1.532585037623401536e-01,-8.442800831292156527e-01,2.333712768833839490e+00,1.663613260807918909e-02
4.360000000000003317e-01,-1.724443124667351945e+00,-1.509242102584378020e-01,-8.311563792541277751e-01,2.334871065101578047e+00,1.667437652793065869e-02
4.370000000000003326e-01,-1.725267722483229793e+00,-1.485887679713234766e-01,-8.180405548393783199e-01,2.336010343776772746e+00,1.671262044734708047e-02
4.380000000000003335e-01,-1.726079208359922568e+00,-1.462521958931858324e-01,-8.049324791232304044e-01,2.337130655514382038e+00,1.675086436632745868e-02
4.390000000000003344e-01,-1.726877589980913230e+00,-1.439145129660159561e-01,-7.918320217400818262e-01,2.338232050055665923e+00,1.678910828487079412e-02
4.400000000000003353e-01,-1.727662874899514200e+00,-1.415757380825179990e-01,-7.787390527132724838e-01,2.339314576234105658e+00,1.682735220297609108e-02
4.410000000000003362e-01,-1.728435070539253049e+00,-1.392358900870141469e-01,-7.656534424479387591e-01,2.340378281981203124e+00,1.686559612064235034e-02
4.420000000000003371e-01,-1.729194184194250195e+00,-1.368949877763436795e-01,-7.525750617239138629e-01,2.341423214332162939e+00,1.690384003786857270e-02
4.430000000000003380e-01,-1.729940223029590163e+00,-1.345530499007565051e-01,-7.395037816886722570e-01,2.342449419431454682e+00,1.694208395465376243e-02
4.440000000000003388e-01,-1.730673194081686184e+00,-1.322100951648011447e-01,-7.264394738503191506e-01,2.343456942538261867e+00,1.698032787099692034e-02
4.450000000000003397e-01,-1.731393104258636795e+00,-1.298661422282073596e-01,-7.133820100706221856e-01,2.344445828031814560e+00,1.701857178689705069e-02
4.460000000000003406e-01,-1.732099960340576450e+00,-1.275212097067634498e-01,-7.003312625580857542e-01,2.345416119416609213e+00,1.705681570235315428e-02
4.470000000000003415e-01,-1.732793768980018356e+00,-1.251753161731885000e-01,-6.872871038610665062e-01,2.346367859327515681e+00,1.709505961736423191e-02
4.480000000000003424e-01,-1.733474536702191315e+00,-1.228284801579994368e-01,-6.742494068609291569e-01,2.347301089534773233e+00,1.713330353192928784e-02
4.490000000000003433e-01,-1.734142269905369016e+00,-1.204807201503732134e-01,-6.612180447652419302e-01,2.348215850948876415e+00,1.717154744604732636e-02
4.500000000000003442e-01,-1.734796974861192886e+00,-1.181320545990041659e-01,-6.481928911010105265e-01,2.349112183625353012e+00,1.720979135971734825e-02
4.510000000000003451e-01,-1.735438657714988731e+00,-1.157825019129566507e-01,-6.351738197079500603e-01,2.349990126769432308e+00,1.724803527293835431e-02
4.520000000000003459e-01,-1.736067324486075369e+00,-1.134320804625130186e-01,-6.221607047317938566e-01,2.350849718740607663e+00,1.728627918570934882e-02
4.530000000000003468e-01,-1.736682981068067289e+00,-1.110808085800171346e-01,-6.091534206176383304e-01,2.351690997057093391e+00,1.732452309802933257e-02
4.540000000000003477e-01,-1.737285633229171511e+00,-1.087287045607134989e-01,-5.961518421033232817e-01,2.352513998400176387e+00,1.736276700989730637e-02
4.550000000000003486e-01,-1.737875286612476478e+00,-1.063757866635819810e-01,-5.831558442128463859e-01,2.353318758618463846e+00,1.740101092131227448e-02
4.560000000000003495e-01,-1.738451946736234488e+00,-1.040220731121684616e-01,-5.701653022498115453e-01,2.354105312732029276e+00,1.743925483227324116e-02
4.570000000000003504e-01,-1.739015618994139034e+00,-1.016675820954113380e-01,-5.571800917909102147e-01,2.354873694936454154e+00,1.747749874277920723e-02
4.580000000000003513e-01,-1.739566308655593696e+00,-9.931233176846401833e-02,-5.442000886794341463e-01,2.355623938606770995e+00,1.751574265282917348e-02
4.590000000000003522e-01,-1.740104020865976597e+00,-9.695634025351353158e-02,-5.312251690188199982e-01,2.356356076301305169e+00,1.755398656242214417e-02
4.600000000000003531e-01,-1.740628760646895978e+00,-9.459962564059540280e-02,-5.182552091662239180e-01,2.357070139765417682e+00,1.759223047155712011e-02
4.610000000000003539e-01,-1.741140532896441773e+00,-9.224220598840474072e-02,-5.052900857261261036e-01,2.357766159935148043e+00,1.763047438023310209e-02
4.620000000000003548e-01,-1.741639342389429634e+00,-8.988409932510377232e-02,-4.923296755439639516e-01,2.358444166940761200e+00,1.766871828844909439e-02
4.630000000000003557e-01,-1.742125193777638081e+00,-8.752532364912594953e-02,-4.793738556997932942e-01,2.359104190110198118e+00,1.770696219620410128e-02
4.640000000000003566e-01,-1.742598091590040532e+00,-8.516589692997650340e-02,-4.664225035019771703e-01,2.359746257972427319e+00,1.774520610349712355e-02
4.650000000000003575e-01,-1.743058040233030237e+00,-8.280583710902984784e-02,-4.534754964809009081e-01,2.360370398260702718e+00,1.778345001032716199e-02
4.660000000000003584e-01,-1.743505043990639214e+00,-8.044516210032365278e-02,-4.405327123827131874e-01,2.360976637915728205e+00,1.782169391669322089e-02
4.670000000000003593e-01,-1.743939107024751189e+00,-7.808388979134990582e-02,-4.275940291630919154e-01,2.361565003088724968e+00,1.785993782259430104e-02
4.680000000000003602e-01,-1.744360233375307434e+00,-7.572203804384286530e-02,-4.146593249810347492e-01,2.362135519144408224e+00,1.789818172802940671e-02
4.690000000000003610e-01,-1.744768426960507490e+00,-7.335962469456409896e-02,-4.017284781926726556e-01,2.362688210663869803e+00,1.793642563299753870e-02
4.700000000000003619e-01,-1.745163691577002796e+00,-7.099666755608474711e-02,-3.888013673451067853e-01,2.363223101447368357e+00,1.797466953749769780e-02
4.710000000000003628e-01,-1.745546030900085199e+00,-6.863318441756498245e-02,-3.758778711702669972e-01,2.363740214517029425e+00,1.801291344152888829e-02
4.720000000000003637e-01,-1.745915448483867927e+00,-6.626919304553080536e-02,-3.629578685787921422e-01,2.364239572119454458e+00,1.805115734509011444e-02
4.730000000000003646e-01,-1.746271947761461885e+00,-6.390471118464835509e-02,-3.500412386539305531e-01,2.364721195728237468e+00,1.808940124818037704e-02
4.740000000000003655e-01,-1.746615532045144858e+00,-6.153975655849564658e-02,-3.371278606454607973e-01,2.365185106046394203e+00,1.812764515079867689e-02
4.750000000000003664e-01,-1.746946204526525381e+00,-5.917434687033198970e-02,-3.242176139636313570e-01,2.365631323008701603e+00,1.816588905294401826e-02
4.760000000000003673e-01,-1.747263968276699719e+00,-5.680849980386509790e-02,-3.113103781731188513e-01,2.366059865783947114e+00,1.820413295461540196e-02
4.770000000000003681e-01,-1.747568826246403750e+00,-5.444223302401599018e-02,-2.984060329870041328e-01,2.366470752777091402e+00,1.824237685581182877e-02
4.780000000000003690e-01,-1.747860781266157737e+00,-5.207556417768176987e-02,-2.855044582607652592e-01,2.366864001631342251e+00,1.828062075653230298e-02
4.790000000000003699e-01,-1.748139836046406659e+00,-4.970851089449637716e-02,-2.726055339862869520e-01,2.367239629230141862e+00,1.831886465677582884e-02
4.800000000000003708e-01,-1.748405993177652551e+00,-4.734109078758939188e-02,-2.597091402858857090e-01,2.367597651699065775e+00,1.835710855654140716e-02
4.810000000000003717e-01,-1.748659255130583068e+00,-4.497332145434299738e-02,-2.468151574063498499e-01,2.367938084407637866e+00,1.839535245582803874e-02
4.820000000000003726e-01,-1.748899624256191832e+00,-4.260522047714716126e-02,-2.339234657129937167e-01,2.368260941971055633e+00,1.843359635463472784e-02
4.830000000000003735e-01,-1.749127102785895005e+00,-4.023680542415311590e-02,-2.210339456837256689e-01,2.368566238251833767e+00,1.847184025296047527e-02
4.840000000000003744e-01,-1.749341692831640316e+00,-3.786809385002527784e-02,-2.081464779031287626e-01,2.368853986361358022e+00,1.851008415080428182e-02
4.850000000000003753e-01,-1.749543396386010752e+00,-3.549910329669162673e-02,-1.952609430565538651e-01,2.369124198661357816e+00,1.854832804816515524e-02
4.860000000000003761e-01,-1.749732215322322926e+00,-3.312985129409265483e-02,-1.823772219242240367e-01,2.369376886765291790e+00,1.858657194504209284e-02
4.870000000000003770e-01,-1.749908151394718558e+00,-3.076035536092899120e-02,-1.694951953753499607e-01,2.369612061539649872e+00,1.862481584143409891e-02
4.880000000000003779e-01,-1.750071206238250632e+00,-2.839063300540774215e-02,-1.566147443622554480e-01,2.369829733105170089e+00,1.866305973734017423e-02
4.890000000000003788e-01,-1.750221381368963547e+00,-2.602070172598767647e-02,-1.437357499145124895e-01,2.370029910837972764e+00,1.870130363275932309e-02
4.900000000000003797e-01,-1.750358678183967287e+00,-2.365057901212331767e-02,-1.308580931330850516e-01,2.370212603370610349e+00,1.873954752769054974e-02
4.910000000000003806e-01,-1.750483097961506251e+00,-2.128028234500800586e-02,-1.179816551844811157e-01,2.370377818593033759e+00,1.877779142213285152e-02
4.920000000000003815e-01,-1.750594641861021650e+00,-1.890982919831606796e-02,-1.051063172949120994e-01,2.370525563653474777e+00,1.881603531608523269e-02
4.930000000000003824e-01,-1.750693310923208124e+00,-1.653923703894411359e-02,-9.223196074445913495e-02,2.370655844959247194e+00,1.885427920954669753e-02
4.940000000000003832e-01,-1.750779106070065261e+00,-1.416852332775160074e-02,-7.935846686124554961e-02,2.370768668177464011e+00,1.889252310251624684e-02
4.950000000000003841e-01,-1.750852028104942226e+00,-1.179770552030070564e-02,-6.648571701561468983e-02,2.370864038235670268e+00,1.893076699499288487e-02
4.960000000000003850e-01,-1.750912077712577286e+00,-9.426801067595609943e-03,-5.361359261431269257e-02,2.370941959322396819e+00,1.896901088697560897e-02
4.970000000000003859e-01,-1.750959255459130892e+00,-7.055827416821272569e-03,-4.074197509467530204e-02,2.371002434887627963e+00,1.900725477846342687e-02
4.980000000000003868e-01,-1.750993561792214104e+00,-4.684802012081776615e-03,-2.787074591881821828e-02,2.371045467643189575e+00,1.904549866945533937e-02
4.990000000000003877e-01,-1.751014997040909904e+00,-2.313742295138328849e-03,-1.499978656783027518e-02,2.371071059563052419e+00,1.908374255995034727e-02
5.000000000000003331e-01,-1.751023561415789409e+00,5.733429385300359282e-05,-2.128978535968748670e-03,2.371079211883555526e+00,1.912198644994745483e-02
5.010000000000003340e-01,-1.751019255008922082e+00,2.428410315603738660e-03,1.074179667514381202e-02,2.371069925103545639e+00,1.916023033944566287e-02
5.020000000000003348e-01,-1.751002077793880396e+00,4.799468330955521979e-03,2.361265756232193425e-02,2.371043198984434941e+00,1.919847422844397217e-02
5.030000000000003357e-01,-1.750972029625738502e+00,7.170490900142687668e-03,3.648372262661936372e-02,2.370999032550177077e+00,1.923671811694138700e-02
5.040000000000003366e-01,-1.750929110241064679e+00,9.541460582054754960e-03,4.935511037913174054e-02,2.370937424087160572e+00,1.927496200493691164e-02
5.050000000000003375e-01,-1.750873319257908900e+00,1.191235993349877044e-02,6.222693934680036815e-02,2.370858371144020538e+00,1.931320589242954688e-02
5.060000000000003384e-01,-1.750804656175783736e+00,1.428317150846143170e-02,7.509932807821782796e-02,2.370761870531367332e+00,1.935144977941829353e-02
5.070000000000003393e-01,-1.750723120375639930e+00,1.665387785737089052e-02,8.797239514943604177e-02,2.370647918321433512e+00,1.938969366590215584e-02
5.080000000000003402e-01,-1.750628711119835978e+00,1.902446152635816484e-02,1.008462591697774774e-01,2.370516509847637732e+00,1.942793755188013463e-02
5.090000000000003411e-01,-1.750521427552102161e+00,2.139490505651807026e-02,1.137210387876501361e-01,2.370367639704067830e+00,1.946618143735123416e-02
5.100000000000003419e-01,-1.750401268697498125e+00,2.376519098316959983e-02,1.265968526963669738e-01,2.370201301744879530e+00,1.950442532231445522e-02
5.110000000000003428e-01,-1.750268233462365597e+00,2.613530183511565338e-02,1.394738196399705477e-01,2.370017489083612539e+00,1.954266920676879862e-02
5.120000000000003437e-01,-1.750122320634274198e+00,2.850522013390204695e-02,1.523520584190632965e-01,2.369816194092426276e+00,1.958091309071326863e-02
5.130000000000003446e-01,-1.749963528881962604e+00,3.087492839307571721e-02,1.652316878966443858e-01,2.369597408401248551e+00,1.961915697414686952e-02
5.140000000000003455e-01,-1.749791856755272379e+00,3.324440911744202393e-02,1.781128270039535888e-01,2.369361122896844751e+00,1.965740085706860207e-02
5.150000000000003464e-01,-1.749607302685077803e+00,3.561364480232109830e-02,1.909955947463231329e-01,2.369107327721801770e+00,1.969564473947746711e-02
5.160000000000003473e-01,-1.749409864983207941e+00,3.798261793280310883e-02,2.038801102090377348e-01,2.368836012273427993e+00,1.973388862137246888e-02
5.170000000000003482e-01,-1.749199541842364258e+00,4.035131098300240304e-02,2.167664925632040163e-01,2.368547165202571581e+00,1.977213250275260820e-02
5.180000000000003491e-01,-1.748976331336031809e+00,4.271970641531042112e-02,2.296548610716295791e-01,2.368240774412351257e+00,1.981037638361688932e-02
5.190000000000003499e-01,-1.748740231418384639e+00,4.508778667964730841e-02,2.425453350947126274e-01,2.367916827056806728e+00,1.984862026396431306e-02
5.200000000000003508e-01,-1.748491239924184981e+00,4.745553421271209854e-02,2.554380340963427476e-01,2.367575309539460715e+00,1.988686414379388367e-02
5.210000000000003517e-01,-1.748229354568676897e+00,4.982293143723147411e-02,2.683330776498135117e-01,2.367216207511799730e+00,1.992510802310460197e-02
5.220000000000003526e-01,-1.747954572947474139e+00,5.218996076120691746e-02,2.812305854437476271e-01,2.366839505871665583e+00,1.996335190189546874e-02
5.230000000000003535e-01,-1.747666892536441585e+00,5.455660457716022399e-02,2.941306772880353249e-01,2.366445188761564733e+00,2.000159578016548825e-02
5.240000000000003544e-01,-1.747366310691571334e+00,5.692284526137728756e-02,3.070334731197864597e-01,2.366033239566889712e+00,2.003983965791366131e-02
5.250000000000003553e-01,-1.747052824648852143e+00,5.928866517315007495e-02,3.199390930092975704e-01,2.365603640914054395e+00,2.007808353513899219e-02
5.260000000000003562e-01,-1.746726431524133094e+00,6.165404665401665735e-02,3.328476571660338723e-01,2.365156374668543560e+00,2.011632741184048168e-02
5.270000000000003570e-01,-1.746387128312982151e+00,6.401897202699928513e-02,3.457592859446274036e-01,2.364691421932873627e+00,2.015457128801713405e-02
5.280000000000003579e-01,-1.746034911890537611e+00,6.638342359584037400e-02,3.586740998508918254e-01,2.364208763044467698e+00,2.019281516366795010e-02
5.290000000000003588e-01,-1.745669779011353340e+00,6.874738364423627068e-02,3.715922195478545409e-01,2.363708377573441322e+00,2.023105903879193410e-02
5.300000000000003597e-01,-1.745291726309239566e+00,7.111083443506883983e-02,3.845137658618070775e-01,2.363190244320298561e+00,2.026930291338808685e-02
5.310000000000003606e-01,-1.744900750297095682e+00,7.347375820963464310e-02,3.974388597883739549e-01,2.362654341313542350e+00,2.030754678745541261e-02
5.320000000000003615e-01,-1.744496847366738379e+00,7.583613718687173821e-02,4.103676224986015364e-01,2.362100645807192034e+00,2.034579066099291220e-02
5.330000000000003624e-01,-1.744080013788723349e+00,7.819795356258386898e-02,4.233001753450666982e-01,2.361529134278212094e+00,2.038403453399958640e-02
5.340000000000003633e-01,-1.743650245712159874e+00,8.055918950866212958e-02,4.362366398680065371e-01,2.360939782423850719e+00,2.042227840647443948e-02
5.350000000000003642e-01,-1.743207539164520981e+00,8.291982717230383937e-02,4.491771378014700611e-01,2.360332565158886453e+00,2.046052227841647225e-02
5.360000000000003650e-01,-1.742751890051446040e+00,8.527984867522869772e-02,4.621217910794918615e-01,2.359707456612783361e+00,2.049876614982468898e-02
5.370000000000003659e-01,-1.742283294156537821e+00,8.763923611289198279e-02,4.750707218422892120e-01,2.359064430126752931e+00,2.053701002069809045e-02
5.380000000000003668e-01,-1.741801747141153101e+00,8.999797155369479440e-02,4.880240524424830362e-01,2.358403458250724061e+00,2.057525389103568095e-02
5.390000000000003677e-01,-1.741307244544187505e+00,9.235603703819124377e-02,5.009819054513433567e-01,2.357724512740218437e+00,2.061349776083646126e-02
5.400000000000003686e-01,-1.740799781781853239e+00,9.471341457829239585e-02,5.139444036650604453e-01,2.357027564553132226e+00,2.065174163009943567e-02
5.410000000000003695e-01,-1.740279354147451274e+00,9.707008615646703364e-02,5.269116701110416745e-01,2.356312583846422282e+00,2.068998549882360496e-02
5.420000000000003704e-01,-1.739745956811136862e+00,9.942603372493902247e-02,5.398838280542355150e-01,2.355579539972695535e+00,2.072822936700796995e-02
5.430000000000003713e-01,-1.739199584819678845e+00,1.017812392048811770e-01,5.528610010034834543e-01,2.354828401476704247e+00,2.076647323465153488e-02
5.440000000000003721e-01,-1.738640233096212961e+00,1.041356844856056590e-01,5.658433127178998934e-01,2.354059136091740889e+00,2.080471710175330058e-02
5.450000000000003730e-01,-1.738067896439987825e+00,1.064893514237506555e-01,5.788308872132812422e-01,2.353271710735936662e+00,2.084296096831227130e-02
5.460000000000003739e-01,-1.737482569526104914e+00,1.088422218424633103e-01,5.918238487685457683e-01,2.352466091508461865e+00,2.088120483432745131e-02
5.470000000000003748e-01,-1.736884246905253226e+00,1.111942775305788389e-01,6.048223219322031996e-01,2.351642243685623246e+00,2.091944869979783794e-02
5.480000000000003757e-01,-1.736272923003435054e+00,1.135455002417956882e-01,6.178264315288565234e-01,2.350800131716864527e+00,2.095769256472243547e-02
5.490000000000003766e-01,-1.735648592121687761e+00,1.158958716938465888e-01,6.308363026657364259e-01,2.349939719220662138e+00,2.099593642910024816e-02
5.500000000000003775e-01,-1.735011248435797127e+00,1.182453735676655265e-01,6.438520607392679285e-01,2.349060968980320574e+00,2.103418029293027680e-02
5.510000000000003784e-01,-1.734360885996005353e+00,1.205939875065504124e-01,6.568738314416722179e-01,2.348163842939663404e+00,2.107242415621152568e-02
5.520000000000003793e-01,-1.733697498726711750e+00,1.229416951153214088e-01,6.699017407676024494e-01,2.347248302198620795e+00,2.111066801894299558e-02
5.530000000000003801e-01,-1.733021080426166982e+00,1.252884779594747866e-01,6.829359150208156315e-01,2.346314307008709577e+00,2.114891188112368731e-02
5.540000000000003810e-01,-1.732331624766160649e+00,1.276343175643321892e-01,6.959764808208810383e-01,2.345361816768409380e+00,2.118715574275260513e-02
5.550000000000003819e-01,-1.731629125291701987e+00,1.299791954141852612e-01,7.090235651099254799e-01,2.344390790018430426e+00,2.122539960382875332e-02
5.560000000000003828e-01,-1.730913575420693906e+00,1.323230929514354615e-01,7.220772951594175426e-01,2.343401184436872065e+00,2.126364346435112920e-02
5.570000000000003837e-01,-1.730184968443600368e+00,1.346659915757290049e-01,7.351377985769902423e-01,2.342392956834272510e+00,2.130188732431874052e-02
5.580000000000003846e-01,-1.729443297523107104e+00,1.370078726430867255e-01,7.482052033133038682e-01,2.341366063148548449e+00,2.134013118373058807e-02
5.590000000000003855e-01,-1.728688555693774331e+00,1.393487174650289429e-01,7.612796376689495714e-01,2.340320458439821394e+00,2.137837504258567264e-02
5.600000000000003864e-01,-1.727920735861683932e+00,1.416885073076949719e-01,7.743612303013949205e-01,2.339256096885132585e+00,2.141661890088299505e-02
5.610000000000003872e-01,-1.727139830804079290e+00,1.440272233909574151e-01,7.874501102319715340e-01,2.338172931773041974e+00,2.145486275862156303e-02
5.620000000000003881e-01,-1.726345833168997146e+00,1.463648468875308750e-01,8.005464068529064559e-01,2.337070915498113521e+00,2.149310661580037390e-02
5.630000000000003890e-01,-1.725538735474893892e+00,1.487013589220751719e-01,8.136502499343982731e-01,2.335949999555282375e+00,2.153135047241843195e-02
5.640000000000003899e-01,-1.724718530110263881e+00,1.510367405702928989e-01,8.267617696317378639e-01,2.334810134534105686e+00,2.156959432847474142e-02
5.650000000000003908e-01,-1.723885209333250401e+00,1.533709728580210374e-01,8.398810964924759981e-01,2.333651270112891307e+00,2.160783818396830314e-02
5.660000000000003917e-01,-1.723038765271249995e+00,1.557040367603167719e-01,8.530083614636377876e-01,2.332473355052709252e+00,2.164608203889811788e-02
5.670000000000003926e-01,-1.722179189920509668e+00,1.580359132005371980e-01,8.661436958989853219e-01,2.331276337191278802e+00,2.168432589326318993e-02
5.680000000000003935e-01,-1.721306475145716108e+00,1.603665830494128697e-01,8.792872315663297078e-01,2.330060163436732612e+00,2.172256974706252008e-02
5.690000000000003944e-01,-1.720420612679578243e+00,1.626960271241150169e-01,8.924391006548928473e-01,2.328824779761256458e+00,2.176081360029511261e-02
5.700000000000003952e-01,-1.719521594122401797e+00,1.650242261873164085e-01,9.055994357827202856e-01,2.327570131194602432e+00,2.179905745295996830e-02
5.710000000000003961e-01,-1.718609410941656979e+00,1.673511609462455807e-01,9.187683700041462398e-01,2.326296161817473340e+00,2.183730130505609143e-02
5.720000000000003970e-01,-1.717684054471538380e+00,1.696768120517344602e-01,9.319460368173118070e-01,2.325002814754779212e+00,2.187554515658248280e-02
5.730000000000003979e-01,-1.716745515912517339e+00,1.720011600972591037e-01,9.451325701717370187e-01,2.323690032168761022e+00,2.191378900753814668e-02
5.740000000000003988e-01,-1.715793786330887194e+00,1.743241856179735538e-01,9.583281044759479617e-01,2.322357755251983402e+00,2.195203285792208386e-02
5.750000000000003997e-01,-1.714828856658299649e+00,1.766458690897366457e-01,9.715327746051601876e-01,2.321005924220192362e+00,2.199027670773329862e-02
5.760000000000004006e-01,-1.713850717691294712e+00,1.789661909281315133e-01,9.847467159090191879e-01,2.319634478305035774e+00,2.202852055697079176e-02
5.770000000000004015e-01,-1.712859360090822181e+00,1.812851314874777964e-01,9.979700642193994886e-01,2.318243355746648859e+00,2.206676440563356406e-02
5.780000000000004023e-01,-1.711854774381755817e+00,1.836026710598363532e-01,1.011202955858262476e+00,2.316832493786097569e+00,2.210500825372061981e-02
5.790000000000004032e-01,-1.710836950952399071e+00,1.859187898740063960e-01,1.024445527645574838e+00,2.315401828657682515e+00,2.214325210123095980e-02
5.800000000000004041e-01,-1.709805880053983040e+00,1.882334680945147998e-01,1.037697916907289075e+00,2.313951295581098133e+00,2.218149594816358830e-02
5.810000000000004050e-01,-1.708761551800156431e+00,1.905466858205975000e-01,1.050960261483385505e+00,2.312480828753448403e+00,2.221973979451750958e-02
5.820000000000004059e-01,-1.707703956166467529e+00,1.928584230851728420e-01,1.064232699735979448e+00,2.310990361341114241e+00,2.225798364029172097e-02
5.830000000000004068e-01,-1.706633082989838401e+00,1.951686598538067696e-01,1.077515370557491803e+00,2.309479825471473458e+00,2.229622748548523020e-02
5.840000000000004077e-01,-1.705548921968029763e+00,1.974773760236696041e-01,1.090808413378887121e+00,2.307949152224467948e+00,2.233447133009703461e-02
5.850000000000004086e-01,-1.704451462659098748e+00,1.997845514224843022e-01,1.104111968177977632e+00,2.306398271624019447e+00,2.237271517412614194e-02
5.860000000000004095e-01,-1.703340694480847795e+00,2.020901658074660823e-01,1.117426175487796547e+00,2.304827112629290298e+00,2.241095901757154951e-02
5.870000000000004103e-01,-1.702216606710265090e+00,2.043941988642532792e-01,1.130751176405040637e+00,2.303235603125784348e+00,2.244920286043226160e-02
5.880000000000004112e-01,-1.701079188482956805e+00,2.066966302058291238e-01,1.144087112598583866e+00,2.301623669916292858e+00,2.248744670270728246e-02
5.890000000000004121e-01,-1.699928428792570667e+00,2.089974393714344181e-01,1.157434126318062750e+00,2.299991238711674768e+00,2.252569054439561291e-02
5.900000000000004130e-01,-1.698764316490210646e+00,2.112966058254709956e-01,1.170792360402534982e+00,2.298338234121475310e+00,2.256393438549625374e-02
5.910000000000004139e-01,-1.697586840283843213e+00,2.135941089563956063e-01,1.184161958289213112e+00,2.296664579644377202e+00,2.260217822600820922e-02
5.920000000000004148e-01,-1.696395988737695149e+00,2.158899280756041705e-01,1.197543064022273729e+00,2.294970197658483979e+00,2.264042206593048362e-02
5.930000000000004157e-01,-1.695191750271641817e+00,2.181840424163063452e-01,1.210935822261743899e+00,2.293255009411432344e+00,2.267866590526207773e-02
5.940000000000004166e-01,-1.693974113160586770e+00,2.204764311323899884e-01,1.224340378292465781e+00,2.291518935010329994e+00,2.271690974400199237e-02
5.950000000000004174e-01,-1.692743065533832691e+00,2.227670732972755474e-01,1.237756878033141383e+00,2.289761893411518034e+00,2.275515358214923178e-02
5.960000000000004183e-01,-1.691498595374442582e+00,2.250559479027600951e-01,1.251185468045458382e+00,2.287983802410155310e+00,2.279339741970279679e-02
5.970000000000004192e-01,-1.690240690518592714e+00,2.273430338578508736e-01,1.264626295543298307e+00,2.286184578629619768e+00,2.283164125666169164e-02
5.980000000000004201e-01,-1.688969338654915386e+00,2.296283099875881251e-01,1.278079508402029107e+00,2.284364137510727755e+00,2.286988509302491715e-02
5.990000000000004210e-01,-1.687684527323832784e+00,2.319117550318570420e-01,1.291545255167882100e+00,2.282522393300765451e+00,2.290812892879147758e-02
6.000000000000004219e-01,-1.686386243916881744e+00,2.341933476441887263e-01,1.305023685067416395e+00,2.280659259042329801e+00,2.294637276396037373e-02
6.010000000000004228e-01,-1.685074475676028083e+00,2.364730663905497965e-01,1.318514948017071253e+00,2.278774646561979811e+00,2.298461659853060987e-02
6.020000000000004237e-01,-1.683749209692972482e+00,2.387508897481205872e-01,1.332019194632808379e+00,2.276868466458689344e+00,2.302286043250118680e-02
6.030000000000004245e-01,-1.682410432908445719e+00,2.410267961040617746e-01,1.345536576239844351e+00,2.274940628092103623e+00,2.306110426587110532e-02
6.040000000000004254e-01,-1.681058132111494796e+00,2.433007637542690393e-01,1.359067244882477210e+00,2.272991039570593230e+00,2.309934809863936969e-02
6.050000000000004263e-01,-1.679692293938758629e+00,2.455727709021157112e-01,1.372611353334005857e+00,2.271019607739104273e+00,2.313759193080498419e-02
6.060000000000004272e-01,-1.678312904873734190e+00,2.478427956571832291e-01,1.386169055106745596e+00,2.269026238166800269e+00,2.317583576236694962e-02
6.070000000000004281e-01,-1.676919951246032214e+00,2.501108160339790554e-01,1.399740504462141377e+00,2.267010835134493085e+00,2.321407959332426676e-02
6.080000000000004290e-01,-1.675513419230623580e+00,2.523768099506420448e-01,1.413325856420978965e+00,2.264973301621858948e+00,2.325232342367593991e-02
6.090000000000004299e-01,-1.674093294847073921e+00,2.546407552276346298e-01,1.426925266773697798e+00,2.262913539294439058e+00,2.329056725342097331e-02
6.100000000000004308e-01,-1.672659563958769802e+00,2.569026295864223486e-01,1.440538892090804879e+00,2.260831448490415507e+00,2.332881108255836777e-02
6.110000000000004317e-01,-1.671212212272132458e+00,2.591624106481395517e-01,1.454166889733392809e+00,2.258726928207165585e+00,2.336705491108712410e-02
6.120000000000004325e-01,-1.669751225335822653e+00,2.614200759322419243e-01,1.467809417863763732e+00,2.256599876087586054e+00,2.340529873900624655e-02
6.130000000000004334e-01,-1.668276588539933325e+00,2.636756028551450193e-01,1.481466635456159642e+00,2.254450188406185163e+00,2.344354256631473593e-02
6.140000000000004343e-01,-1.666788287115173128e+00,2.659289687288488024e-01,1.495138702307601930e+00,2.252277760054940625e+00,2.348178639301159651e-02
6.150000000000004352e-01,-1.665286306132037542e+00,2.681801507595479861e-01,1.508825779048842630e+00,2.250082484528915572e+00,2.352003021909582908e-02
6.160000000000004361e-01,-1.663770630499969982e+00,2.704291260462277635e-01,1.522528027155425789e+00,2.247864253911632471e+00,2.355827404456643792e-02
6.170000000000004370e-01,-1.662241244966510934e+00,2.726758715792449439e-01,1.536245608958865860e+00,2.245622958860199248e+00,2.359651786942242382e-02
6.180000000000004379e-01,-1.660698134116437075e+00,2.749203642388939328e-01,1.549978687657939780e+00,2.243358488590183608e+00,2.363476169366278759e-02
6.190000000000004388e-01,-1.659141282370887760e+00,2.771625807939575026e-01,1.563727427330098729e+00,2.241070730860230675e+00,2.367300551728653696e-02
6.200000000000004396e-01,-1.657570673986480614e+00,2.794024979002421860e-01,1.577491992942998911e+00,2.238759571956421279e+00,2.371124934029266926e-02
6.210000000000004405e-01,-1.655986293054415803e+00,2.816400920990975720e-01,1.591272550366154448e+00,2.236424896676365570e+00,2.374949316268018876e-02
6.220000000000004414e-01,-1.654388123499568097e+00,2.838753398159200025e-01,1.605069266382714188e+00,2.234066588313028401e+00,2.378773698444809973e-02
6.230000000000004423e-01,-1.652776149079567602e+00,2.861082173586396160e-01,1.618882308701363737e+00,2.231684528638278930e+00,2.382598080559540296e-02
6.240000000000004432e-01,-1.651150353383867619e+00,2.883387009161907932e-01,1.632711845968355391e+00,2.229278597886164004e+00,2.386422462612109927e-02
6.250000000000004441e-01,-1.649510719832801398e+00,2.905667665569661162e-01,1.646558047779668410e+00,2.226848674735897760e+00,2.390246844602419291e-02
6.260000000000004450e-01,-1.647857231676626233e+00,2.927923902272527301e-01,1.660421084693300520e+00,2.224394636294563909e+00,2.394071226530368815e-02
6.270000000000004459e-01,-1.646189871994555354e+00,2.950155477496514411e-01,1.674301128241693970e+00,2.221916358079524922e+00,2.397895608395858580e-02
6.280000000000004468e-01,-1.644508623693777150e+00,2.972362148214781619e-01,1.688198350944297044e+00,2.219413714000532334e+00,2.401719990198788665e-02
6.290000000000004476e-01,-1.642813469508461743e+00,2.994543670131471491e-01,1.702112926320264341e+00,2.216886576341536408e+00,2.405544371939059498e-02
6.300000000000004485e-01,-1.641104391998754686e+00,3.016699797665360339e-01,1.716045028901297842e+00,2.214334815742184936e+00,2.409368753616571157e-02
6.310000000000004494e-01,-1.639381373549758214e+00,3.038830283933320886e-01,1.729994834244629631e+00,2.211758301179009845e+00,2.413193135231224071e-02
6.320000000000004503e-01,-1.637644396370499411e+00,3.060934880733596763e-01,1.743962518946150730e+00,2.209156899946294494e+00,2.417017516782918318e-02
6.330000000000004512e-01,-1.635893442492884375e+00,3.083013338528881042e-01,1.757948260653687367e+00,2.206530477636615473e+00,2.420841898271554327e-02
6.340000000000004521e-01,-1.634128493770639734e+00,3.105065406429202701e-01,1.771952238080425346e+00,2.203878898121053531e+00,2.424666279697032176e-02
6.350000000000004530e-01,-1.632349531878240612e+00,3.127090832174610480e-01,1.785974631018488301e+00,2.201202023529068796e+00,2.428490661059252292e-02
6.360000000000004539e-01,-1.630556538309825054e+00,3.149089362117653557e-01,1.800015620352669821e+00,2.198499714228033586e+00,2.432315042358114757e-02
6.370000000000004547e-01,-1.628749494378094242e+00,3.171060741205658506e-01,1.814075388074322115e+00,2.195771828802415282e+00,2.436139423593519995e-02
6.380000000000004556e-01,-1.626928381213198493e+00,3.193004712962793645e-01,1.828154117295404335e+00,2.193018224032605712e+00,2.439963804765368088e-02
6.390000000000004565e-01,-1.625093179761610163e+00,3.214921019471921326e-01,1.842251992262693205e+00,2.190238754873387705e+00,2.443788185873559463e-02
6.400000000000004574e-01,-1.623243870784981446e+00,3.236809401356232629e-01,1.856369198372158191e+00,2.187433274432034391e+00,2.447612566917994198e-02
6.410000000000004583e-01,-1.621380434858987751e+00,3.258669597760661674e-01,1.870505922183502978e+00,2.184601633946034571e+00,2.451436947898572374e-02
6.420000000000004592e-01,-1.619502852372157298e+00,3.280501346333073442e-01,1.884662351434878147e+00,2.181743682760435288e+00,2.455261328815194419e-02
6.430000000000004601e-01,-1.617611103524684069e+00,3.302304383205225680e-01,1.898838675057765490e+00,2.178859268304796259e+00,2.459085709667760758e-02
6.440000000000004610e-01,-1.615705168327228103e+00,3.324078442973496528e-01,1.913035083192037744e+00,2.175948236069749075e+00,2.462910090456171472e-02
6.450000000000004619e-01,-1.613785026599698913e+00,3.345823258679377354e-01,1.927251767201196841e+00,2.173010429583152714e+00,2.466734471180326640e-02
6.460000000000004627e-01,-1.611850657970024026e+00,3.367538561789722440e-01,1.941488919687792469e+00,2.170045690385838721e+00,2.470558851840126691e-02
6.470000000000004636e-01,-1.609902041872902867e+00,3.389224082176757746e-01,1.955746734509024920e+00,2.167053858006939837e+00,2.474383232435472049e-02
6.480000000000004645e-01,-1.607939157548543330e+00,3.410879548097836556e-01,1.970025406792534461e+00,2.164034769938789626e+00,2.478207612966262796e-02
6.490000000000004654e-01,-1.605961984041384127e+00,3.432504686174945863e-01,1.984325132952380999e+00,2.160988261611390460e+00,2.482031993432399011e-02
6.500000000000004663e-01,-1.603970500198799609e+00,3.454099221373952977e-01,1.998646110705215140e+00,2.157914166366439179e+00,2.485856373833781122e-02
6.510000000000004672e-01,-1.601964684669789696e+00,3.475662876983590110e-01,2.012988539086646433e+00,2.154812315430900682e+00,2.489680754170309554e-02
6.520000000000004681e-01,-1.599944515903652276e+00,3.497195374594174733e-01,2.027352618467810341e+00,2.151682537890124536e+00,2.493505134441884388e-02
6.530000000000004690e-01,-1.597909972148639168e+00,3.518696434076055146e-01,2.041738550572136379e+00,2.148524660660492636e+00,2.497329514648405704e-02
6.540000000000004698e-01,-1.595861031450595879e+00,3.540165773557782947e-01,2.056146538492323206e+00,2.145338508461590354e+00,2.501153894789773929e-02
6.550000000000004707e-01,-1.593797671651583148e+00,3.561603109404004042e-01,2.070576786707519990e+00,2.142123903787891859e+00,2.504978274865889143e-02
6.560000000000004716e-01,-1.591719870388482061e+00,3.583008156193063787e-01,2.085029501100722715e+00,2.138880666879949821e+00,2.508802654876651772e-02
6.570000000000004725e-01,-1.589627605091581852e+00,3.604380626694321799e-01,2.099504888976383654e+00,2.135608615695081092e+00,2.512627034821961897e-02
6.580000000000004734e-01,-1.587520852983148600e+00,3.625720231845169783e-01,2.114003159078239769e+00,2.132307565877537670e+00,2.516451414701719944e-02
6.590000000000004743e-01,-1.585399591075977943e+00,3.647026680727750714e-01,2.128524521607364939e+00,2.128977330728152761e+00,2.520275794515825993e-02
6.600000000000004752e-01,-1.583263796171927806e+00,3.668299680545370478e-01,2.143069188240446898e+00,2.125617721173452157e+00,2.524100174264180471e-02
6.610000000000004761e-01,-1.581113444860434258e+00,3.689538936598597552e-01,2.157637372148293764e+00,2.122228545734219818e+00,2.527924553946683459e-02
6.620000000000004770e-01,-1.578948513517007601e+00,3.710744152261047368e-01,2.172229288014572823e+00,2.118809610493508799e+00,2.531748933563235382e-02
6.630000000000004778e-01,-1.576768978301710034e+00,3.731915028954840841e-01,2.186845152054788688e+00,2.115360719064084627e+00,2.535573313113736321e-02
6.640000000000004787e-01,-1.574574815157614438e+00,3.753051266125738139e-01,2.201485182035500365e+00,2.111881672555289136e+00,2.539397692598086703e-02
6.650000000000004796e-01,-1.572365999809243631e+00,3.774152561217934965e-01,2.216149597293782136e+00,2.108372269539316779e+00,2.543222072016186608e-02
6.660000000000004805e-01,-1.570142507760989625e+00,3.795218609648520203e-01,2.230838618756936231e+00,2.104832306016888310e+00,2.547046451367936462e-02
6.670000000000004814e-01,-1.567904314295513579e+00,3.816249104781587742e-01,2.245552468962453307e+00,2.101261575382311175e+00,2.550870830653236346e-02
6.680000000000004823e-01,-1.565651394472126201e+00,3.837243737901994689e-01,2.260291372078233607e+00,2.097659868387914628e+00,2.554695209871986686e-02
6.690000000000004832e-01,-1.563383723125146174e+00,3.858202198188759868e-01,2.275055553923067020e+00,2.094026973107846246e+00,2.558519589024087562e-02
6.700000000000004841e-01,-1.561101274862239485e+00,3.879124172688100947e-01,2.289845241987378266e+00,2.090362674901216522e+00,2.562343968109439055e-02
6.710000000000004849e-01,-1.558804024062736771e+00,3.900009346286094636e-01,2.304660665454240309e+00,2.086666756374580434e+00,2.566168347127941590e-02
6.720000000000004858e-01,-1.556491944875930900e+00,3.920857401680961085e-01,2.319502055220663994e+00,2.082938997343739995e+00,2.569992726079495596e-02
6.730000000000004867e-01,-1.554165011219351689e+00,3.941668019354964136e-01,2.334369643919162129e+00,2.079179174794855367e+00,2.573817104964001151e-02
6.740000000000004876e-01,-1.551823196777019298e+00,3.962440877545915230e-01,2.349263665939598233e+00,2.075387062844850750e+00,2.577641483781358683e-02
6.750000000000004885e-01,-1.549466474997676535e+00,3.983175652218282070e-01,2.364184357451322160e+00,2.071562432701098189e+00,2.581465862531468272e-02
6.760000000000004894e-01,-1.547094819092997398e+00,4.003872017033886510e-01,2.379131956425596606e+00,2.067705052620368189e+00,2.585290241214229998e-02
6.770000000000004903e-01,-1.544708202035774525e+00,4.024529643322192762e-01,2.394106702658319374e+00,2.063814687867028486e+00,2.589114619829544287e-02
6.780000000000004912e-01,-1.542306596558082665e+00,4.045148200050168175e-01,2.409108837793049407e+00,2.059891100670476316e+00,2.592938998377311566e-02
6.790000000000004921e-01,-1.539889975149419277e+00,4.065727353791719900e-01,2.424138605344335673e+00,2.055934050181790429e+00,2.596763376857431915e-02
6.800000000000004929e-01,-1.537458310054822253e+00,4.086266768696690255e-01,2.439196250721358261e+00,2.051943292429583732e+00,2.600587755269805762e-02
6.810000000000004938e-01,-1.535011573272962782e+00,4.106766106459408538e-01,2.454282021251886547e+00,2.047918580275041034e+00,2.604412133614333186e-02
6.820000000000004947e-01,-1.532549736554214892e+00,4.127225026286787668e-01,2.469396166206557552e+00,2.043859663366123236e+00,2.608236511890914266e-02
6.830000000000004956e-01,-1.530072771398700571e+00,4.147643184865961175e-01,2.484538936823479816e+00,2.039766288090925084e+00,2.612060890099449431e-02
6.840000000000004965e-01,-1.527580649054309125e+00,4.168020236331445583e-01,2.499710586333170337e+00,2.035638197530161619e+00,2.615885268239839107e-02
6.850000000000004974e-01,-1.525073340514693010e+00,4.188355832231827613e-01,2.514911369983828138e+00,2.031475131408770451e+00,2.619709646311983373e-02
6.860000000000004983e-01,-1.522550816517237005e+00,4.208649621495957893e-01,2.530141545066950215e+00,2.027276826046608527e+00,2.623534024315782309e-02
6.870000000000004992e-01,-1.520013047541001638e+00,4.228901250398652278e-01,2.545401370943295660e+00,2.023043014308224308e+00,2.627358402251136343e-02
6.880000000000005000e-01,-1.517460003804641300e+00,4.249110362525882478e-01,2.560691109069203719e+00,2.018773425551685818e+00,2.631182780117945555e-02
6.890000000000005009e-01,-1.514891655264295034e+00,4.269276598739452089e-01,2.576011023023270674e+00,2.014467785576443681e+00,2.635007157916110371e-02
6.900000000000005018e-01,-1.512307971611451141e+00,4.289399597141144160e-01,2.591361378533393101e+00,2.010125816570209611e+00,2.638831535645531218e-02
6.910000000000005027e-01,-1.509708922270783793e+00,4.309478993036336414e-01,2.606742443504182827e+00,2.005747237054826826e+00,2.642655913306108176e-02
6.920000000000005036e-01,-1.507094476397962568e+00,4.329514418897065231e-01,2.622154488044757148e+00,2.001331761831113276e+00,2.646480290897741325e-02
6.930000000000005045e-01,-1.504464602877433999e+00,4.349505504324536753e-01,2.637597784496915398e+00,1.996879101922651945e+00,2.650304668420331092e-02
6.940000000000005054e-01,-1.501819270320174482e+00,4.369451876011068436e-01,2.653072607463703658e+00,1.992388964518508665e+00,2.654129045873777903e-02
6.950000000000005063e-01,-1.499158447061414989e+00,4.389353157701452735e-01,2.668579233838375586e+00,1.987861052914851046e+00,2.657953423257981840e-02
6.960000000000005071e-01,-1.496482101158335798e+00,4.409208970153732365e-01,2.684117942833756487e+00,1.983295066455446065e+00,2.661777800572842981e-02
6.970000000000005080e-01,-1.493790200387732137e+00,4.429018931099373280e-01,2.699689016012018161e+00,1.978690700471010366e+00,2.665602177818261753e-02
6.980000000000005089e-01,-1.491082712243649855e+00,4.448782655202825898e-01,2.715292737314866311e+00,1.974047646217388152e+00,2.669426554994138237e-02
6.990000000000005098e-01,-1.488359603934990449e+00,4.468499754020463510e-01,2.730929393094153834e+00,1.969365590812532041e+00,2.673250932100372859e-02
7.000000000000005107e-01,-1.485620842383085893e+00,4.488169835958881193e-01,2.746599272142921766e+00,1.964644217172256901e+00,2.677075309136866046e-02
7.010000000000005116e-01,-1.482866394219241046e+00,4.507792506232550234e-01,2.762302665726878992e+00,1.959883203944742469e+00,2.680899686103517879e-02
7.020000000000005125e-01,-1.480096225782245645e+00,4.527367366820806982e-01,2.778039867616323821e+00,1.955082225443754318e+00,2.684724063000228436e-02
7.030000000000005134e-01,-1.477310303115853429e+00,4.546894016424170570e-01,2.793811174118518093e+00,1.950240951580556104e+00,2.688548439826898145e-02
7.040000000000005143e-01,-1.474508591966228632e+00,4.566372050419971185e-01,2.809616884110518686e+00,1.945359047794481322e+00,2.692372816583427086e-02
7.050000000000005151e-01,-1.471691057779359824e+00,4.585801060817278896e-01,2.825457299072476669e+00,1.940436174982135498e+00,2.696197193269715686e-02
7.060000000000005160e-01,-1.468857665698439563e+00,4.605180636211115841e-01,2.841332723121408055e+00,1.935471989425198158e+00,2.700021569885664371e-02
7.070000000000005169e-01,-1.466008380561210744e+00,4.624510361735939545e-01,2.857243463045449072e+00,1.930466142716790845e+00,2.703845946431173222e-02
7.080000000000005178e-01,-1.463143166897278302e+00,4.643789819018384057e-01,2.873189828338596818e+00,1.925418281686378741e+00,2.707670322906142318e-02
7.090000000000005187e-01,-1.460261988925385612e+00,4.663018586129241139e-01,2.889172131235950403e+00,1.920328048323173942e+00,2.711494699310472087e-02
7.100000000000005196e-01,-1.457364810550655143e+00,4.682196237534669292e-01,2.905190686749457019e+00,1.915195079698001956e+00,2.715319075644062607e-02
7.110000000000005205e-01,-1.454451595361794469e+00,4.701322344046610646e-01,2.921245812704170053e+00,1.910019007883600795e+00,2.719143451906814307e-02
7.120000000000005214e-01,-1.451522306628263648e+00,4.720396472772407370e-01,2.937337829775031661e+00,1.904799459873310452e+00,2.722967828098627613e-02
7.130000000000005222e-01,-1.448576907297407956e+00,4.739418187063592081e-01,2.953467061524185144e+00,1.899536057498121044e+00,2.726792204219402604e-02
7.140000000000005231e-01,-1.445615359991550664e+00,4.758387046463843917e-01,2.969633834438825559e+00,1.894228417342035398e+00,2.730616580269039362e-02
7.150000000000005240e-01,-1.442637627005049605e+00,4.777302606656088080e-01,2.985838477969600557e+00,1.888876150655711461e+00,2.734440956247438312e-02
7.160000000000005249e-01,-1.439643670301313794e+00,4.796164419408723845e-01,3.002081324569568110e+00,1.883478863268340353e+00,2.738265332154499535e-02
7.170000000000005258e-01,-1.436633451509781834e+00,4.814972032520959955e-01,3.018362709733718230e+00,1.878036155497720072e+00,2.742089707990123457e-02
7.180000000000005267e-01,-1.433606931922859484e+00,4.833724989767245739e-01,3.034682972039073334e+00,1.872547622058481576e+00,2.745914083754210505e-02
7.190000000000005276e-01,-1.430564072492817695e+00,4.852422830840770196e-01,3.051042453185371706e+00,1.867012851968422593e+00,2.749738459446660760e-02
7.200000000000005285e-01,-1.427504833828649122e+00,4.871065091296020166e-01,3.067441498036346026e+00,1.861431428452904546e+00,2.753562835067374301e-02
7.210000000000005294e-01,-1.424429176192883117e+00,4.889651302490366502e-01,3.083880454661605430e+00,1.855802928847265720e+00,2.757387210616251555e-02
7.220000000000005302e-01,-1.421337059498358757e+00,4.908180991524670467e-01,3.100359674379132624e+00,1.850126924497203174e+00,2.761211586093192602e-02
7.230000000000005311e-01,-1.418228443304955233e+00,4.926653681182878719e-01,3.116879511798403612e+00,1.844402980657073421e+00,2.765035961498097869e-02
7.240000000000005320e-01,-1.415103286816278283e+00,4.945068889870593010e-01,3.133440324864142479e+00,1.838630656386062601e+00,2.768860336830867783e-02
7.250000000000005329e-01,-1.411961548876302874e+00,4.963426131552590159e-01,3.150042474900720979e+00,1.832809504442172832e+00,2.772684712091402423e-02
7.260000000000005338e-01,-1.408803187965970594e+00,4.981724915689271227e-01,3.166686326657210504e+00,1.826939071173972140e+00,2.776509087279601870e-02
7.270000000000005347e-01,-1.405628162199743292e+00,4.999964747172016000e-01,3.183372248353101952e+00,1.821018896410053323e+00,2.780333462395366551e-02
7.280000000000005356e-01,-1.402436429322108102e+00,5.018145126257420596e-01,3.200100611724701505e+00,1.815048513346144698e+00,2.784157837438596891e-02
7.290000000000005365e-01,-1.399227946704038494e+00,5.036265548500395983e-01,3.216871792072211633e+00,1.809027448429814333e+00,2.787982212409192972e-02
7.300000000000005373e-01,-1.396002671339405365e+00,5.054325504686096870e-01,3.233686168307511100e+00,1.802955221242709349e+00,2.791806587307054874e-02
7.310000000000005382e-01,-1.392760559841341950e+00,5.072324480760665999e-01,3.250544123002645502e+00,1.796831344380267703e+00,2.795630962132083022e-02
7.320000000000005391e-01,-1.389501568438558987e+00,5.090261957760757738e-01,3.267446042439035914e+00,1.790655323328840032e+00,2.799455336884177845e-02
7.330000000000005400e-01,-1.386225652971610378e+00,5.108137411741823231e-01,3.284392316657422040e+00,1.784426656340156070e+00,2.803279711563239421e-02
7.340000000000005409e-01,-1.382932768889108210e+00,5.125950313705123218e-01,3.301383339508547010e+00,1.778144834303068800e+00,2.807104086169167831e-02
7.350000000000005418e-01,-1.379622871243887605e+00,5.143700129523449682e-01,3.318419508704599341e+00,1.771809340612508388e+00,2.810928460701863502e-02
7.360000000000005427e-01,-1.376295914689118938e+00,5.161386319865515215e-01,3.335501225871423170e+00,1.765419651035573523e+00,2.814752835161226860e-02
7.370000000000005436e-01,-1.372951853474368322e+00,5.179008340118997911e-01,3.352628896601504760e+00,1.758975233574689323e+00,2.818577209547157986e-02
7.380000000000005445e-01,-1.369590641441603029e+00,5.196565640312192924e-01,3.369802930507755256e+00,1.752475548327754984e+00,2.822401583859557306e-02
7.390000000000005453e-01,-1.366212232021144946e+00,5.214057665034259603e-01,3.387023741278095468e+00,1.745920047345205228e+00,2.826225958098324900e-02
7.400000000000005462e-01,-1.362816578227567410e+00,5.231483853354015334e-01,3.404291746730858215e+00,1.739308174483905622e+00,2.830050332263360849e-02
7.410000000000005471e-01,-1.359403632655536542e+00,5.248843638737257233e-01,3.421607368871020238e+00,1.732639365257799602e+00,2.833874706354565579e-02
7.420000000000005480e-01,-1.355973347475596835e+00,5.266136448962573935e-01,3.438971033947276990e+00,1.725913046685224161e+00,2.837699080371839516e-02
7.430000000000005489e-01,-1.352525674429897906e+00,5.283361706035609728e-01,3.456383172509974067e+00,1.719128637132806059e+00,2.841523454315082742e-02
7.440000000000005498e-01,-1.349060564827863740e+00,5.300518826101753289e-01,3.473844219469906403e+00,1.712285546155850158e+00,2.845347828184195682e-02
7.450000000000005507e-01,-1.345577969541802643e+00,5.317607219357211035e-01,3.491354614157999414e+00,1.705383174335127761e+00,2.849172201979078417e-02
7.460000000000005516e-01,-1.342077839002456363e+00,5.334626289958429579e-01,3.508914800385886767e+00,1.698420913109970121e+00,2.852996575699631374e-02
7.470000000000005524e-01,-1.338560123194489471e+00,5.351575435929832869e-01,3.526525226507398081e+00,1.691398144607568765e+00,2.856820949345754632e-02
7.480000000000005533e-01,-1.335024771651915243e+00,5.368454049069830702e-01,3.544186345480966782e+00,1.684314241468383155e+00,2.860645322917348618e-02
7.490000000000005542e-01,-1.331471733453460260e+00,5.385261514855060883e-01,3.561898614932977658e+00,1.677168566667552208e+00,2.864469696414313413e-02
7.500000000000005551e-01,-1.327900957217863942e+00,5.401997212342826149e-01,3.579662497222064310e+00,1.669960473332200657e+00,2.868294069836549096e-02
7.510000000000005560e-01,-1.324312391099113473e+00,5.418660514071684808e-01,3.597478459504371173e+00,1.662689304554533676e+00,2.872118443183956440e-02
7.520000000000005569e-01,-1.320705982781613885e+00,5.435250785960146214e-01,3.615346973799793862e+00,1.655354393200602292e+00,2.875942816456435180e-02
7.530000000000005578e-01,-1.317081679475290423e+00,5.451767387203435566e-01,3.633268517059214275e+00,1.647955061714626357e+00,2.879767189653886089e-02
7.540000000000005587e-01,-1.313439427910623403e+00,5.468209670168280301e-01,3.651243571232742458e+00,1.640490621918751835e+00,2.883591562776209247e-02
7.550000000000005596e-01,-1.309779174333614682e+00,5.484576980285666981e-01,3.669272623338980743e+00,1.632960374808119397e+00,2.887415935823304733e-02
7.560000000000005604e-01,-1.306100864500684189e+00,5.500868655941525409e-01,3.687356165535324415e+00,1.625363610341114873e+00,2.891240308795072975e-02
7.570000000000005613e-01,-1.302404443673495171e+00,5.517084028365293324e-01,3.705494695189314402e+00,1.617699607224670988e+00,2.895064681691414052e-02
7.580000000000005622e-01,-1.298689856613708171e+00,5.533222421516308387e-01,3.723688714951053580e+00,1.609967632694482287e+00,2.898889054512228391e-02
7.590000000000005631e-01,-1.294957047577661724e+00,5.549283151967970840e-01,3.741938732826706193e+00,1.602166942289993123e+00,2.902713427257416073e-02
7.600000000000005640e-01,-1.291205960310979339e+00,5.565265528789639093e-01,3.760245262253090637e+00,1.594296779624014615e+00,2.906537799926877524e-02
7.610000000000005649e-01,-1.287436538043100764e+00,5.581168853426184961e-01,3.778608822173383786e+00,1.586356376146817793e+00,2.910362172520512825e-02
7.620000000000005658e-01,-1.283648723481737308e+00,5.596992419575166355e-01,3.797029937113947984e+00,1.578344950904551736e+00,2.914186545038222401e-02
7.630000000000005667e-01,-1.279842458807249894e+00,5.612735513061553050e-01,3.815509137262299344e+00,1.570261710291824597e+00,2.918010917479906680e-02
7.640000000000005675e-01,-1.276017685666948731e+00,5.628397411709950005e-01,3.834046958546228012e+00,1.562105847798284097e+00,2.921835289845465741e-02
7.650000000000005684e-01,-1.272174345169312382e+00,5.643977385214254960e-01,3.852643942714088610e+00,1.553876543749026728e+00,2.925659662134799666e-02
7.660000000000005693e-01,-1.268312377878127117e+00,5.659474695004688138e-01,3.871300637416274171e+00,1.545572965038659818e+00,2.929484034347808880e-02
7.670000000000005702e-01,-1.264431723806543229e+00,5.674888594112131868e-01,3.890017596287885127e+00,1.537194264858837034e+00,2.933308406484393810e-02
7.680000000000005711e-01,-1.260532322411048733e+00,5.690218327029709089e-01,3.908795379032613315e+00,1.528739582419076593e+00,2.937132778544454537e-02
7.690000000000005720e-01,-1.256614112585358045e+00,5.705463129571538561e-01,3.927634551507850347e+00,1.520208042660672332e+00,2.940957150527891140e-02
7.700000000000005729e-01,-1.252677032654215594e+00,5.720622228728591274e-01,3.946535685811034977e+00,1.511598755963495577e+00,2.944781522434604393e-02
7.710000000000005738e-01,-1.248721020367111967e+00,5.735694842521581460e-01,3.965499360367257253e+00,1.502910817845481972e+00,2.948605894264494029e-02
7.720000000000005747e-01,-1.244746012891911890e+00,5.750680179850813367e-01,3.984526160018127872e+00,1.494143308654590330e+00,2.952430266017460475e-02
7.730000000000005755e-01,-1.240751946808392514e+00,5.765577440342907201e-01,4.003616676111928285e+00,1.485295293253011906e+00,2.956254637693404158e-02
7.740000000000005764e-01,-1.236738758101691316e+00,5.780385814194332061e-01,4.022771506595056223e+00,1.476365820693404940e+00,2.960079009292225158e-02
7.750000000000005773e-01,-1.232706382155661862e+00,5.795104482011653735e-01,4.041991256104775054e+00,1.467353923886914879e+00,2.963903380813823901e-02
7.760000000000005782e-01,-1.228654753746135864e+00,5.809732614648429605e-01,4.061276536063284759e+00,1.458258619262740918e+00,2.967727752258100468e-02
7.770000000000005791e-01,-1.224583807034090643e+00,5.824269373038647446e-01,4.080627964773120731e+00,1.449078906418994173e+00,2.971552123624955286e-02
7.780000000000005800e-01,-1.220493475558720453e+00,5.838713908026632593e-01,4.100046167513895945e+00,1.439813767764588581e+00,2.975376494914288433e-02
7.790000000000005809e-01,-1.216383692230410762e+00,5.853065360193325795e-01,4.119531776640394050e+00,1.430462168151895419e+00,2.979200866126000338e-02
7.800000000000005818e-01,-1.212254389323613291e+00,5.867322859678842928e-01,4.139085431682029359e+00,1.421023054499882088e+00,2.983025237259991080e-02
7.810000000000005826e-01,-1.208105498469621120e+00,5.881485526001216657e-01,4.158707779443673758e+00,1.411495355407447860e+00,2.986849608316161087e-02
7.820000000000005835e-01,-1.203936950649241888e+00,5.895552467871219005e-01,4.178399474107869160e+00,1.401877980756657482e+00,2.990673979294410437e-02
7.830000000000005844e-01,-1.199748676185368845e+00,5.909522783003164914e-01,4.198161177338430861e+00,1.392169821305566213e+00,2.994498350194639558e-02
7.840000000000005853e-01,-1.195540604735447321e+00,5.923395557921594667e-01,4.217993558385441766e+00,1.382369748270314114e+00,2.998322721016748876e-02
7.850000000000005862e-01,-1.191312665283835059e+00,5.937169867763717468e-01,4.237897294191656172e+00,1.372476612896162074e+00,3.002147091760638473e-02
7.860000000000005871e-01,-1.187064786134055971e+00,5.950844776077510723e-01,4.257873069500307750e+00,1.362489246017125621e+00,3.005971462426208426e-02
7.870000000000005880e-01,-1.182796894900944640e+00,5.964419334615357338e-01,4.277921576964335060e+00,1.352406457603852585e+00,3.009795833013359165e-02
7.880000000000005889e-01,-1.178508918502682024e+00,5.977892583123098902e-01,4.298043517257019275e+00,1.342227036299378451e+00,3.013620203521991114e-02
7.890000000000005898e-01,-1.174200783152719252e+00,5.991263549124389298e-01,4.318239599184041211e+00,1.331949748942378831e+00,3.017444573952004355e-02
7.900000000000005906e-01,-1.169872414351588175e+00,6.004531247700213292e-01,4.338510539796959442e+00,1.321573340077526693e+00,3.021268944303298967e-02
7.910000000000005915e-01,-1.165523736878598005e+00,6.017694681263441314e-01,4.358857064508099732e+00,1.311096531452544456e+00,3.025093314575775377e-02
7.920000000000005924e-01,-1.161154674783417384e+00,6.030752839328290538e-01,4.379279907206867328e+00,1.300518021501530619e+00,3.028917684769334012e-02
7.930000000000005933e-01,-1.156765151377537659e+00,6.043704698274544596e-01,4.399779810377464351e+00,1.289836484814122164e+00,3.032742054883874952e-02
7.940000000000005942e-01,-1.152355089225619356e+00,6.056549221106394265e-01,4.420357525218011396e+00,1.279050571590039986e+00,3.036566424919298623e-02
7.950000000000005951e-01,-1.147924410136717199e+00,6.069285357205748133e-01,4.441013811761069796e+00,1.268158907078544395e+00,3.040390794875505107e-02
7.960000000000005960e-01,-1.143473035155385897e+00,6.081912042079863356e-01,4.461749438995543215e+00,1.257160091002316626e+00,3.044215164752394828e-02
7.970000000000005969e-01,-1.139000884552661574e+00,6.094428197103128886e-01,4.482565184989956819e+00,1.246052696965257445e+00,3.048039534549867868e-02
7.980000000000005977e-01,-1.134507877816920196e+00,6.106832729252849035e-01,4.503461837017092684e+00,1.234835271843680360e+00,3.051863904267824654e-02
7.990000000000005986e-01,-1.129993933644610316e+00,6.119124530838853104e-01,4.524440191679961920e+00,1.223506335160354341e+00,3.055688273906165264e-02
8.000000000000005995e-01,-1.125458969930859254e+00,6.131302479226756752e-01,4.545501055039098404e+00,1.212064378440832257e+00,3.059512643464790127e-02
8.010000000000006004e-01,-1.120902903759951830e+00,6.143365436554691916e-01,4.566645242741145694e+00,1.200507864551478399e+00,3.063337012943599669e-02
8.020000000000006013e-01,-1.116325651395678964e+00,6.155312249443332107e-01,4.587873580148710495e+00,1.188835227018588903e+00,3.067161382342493969e-02
8.030000000000006022e-01,-1.111727128271556397e+00,6.167141748699002113e-01,4.609186902471449798e+00,1.177044869327971810e+00,3.070985751661373109e-02
8.040000000000006031e-01,-1.107107248980911729e+00,6.178852749009687839e-01,4.630586054898362391e+00,1.165135164204334162e+00,3.074810120900137514e-02
8.050000000000006040e-01,-1.102465927266838008e+00,6.190444048633737539e-01,4.652071892731239444e+00,1.153104452869794905e+00,3.078634490058687612e-02
8.060000000000006048e-01,-1.097803076012014545e+00,6.201914429081036850e-01,4.673645281519230643e+00,1.140951044280817284e+00,3.082458859136923482e-02
8.070000000000006057e-01,-1.093118607228390937e+00,6.213262654786444461e-01,4.695307097194485912e+00,1.128673214342826858e+00,3.086283228134745552e-02
8.080000000000006066e-01,-1.088412432046736322e+00,6.224487472775259711e-01,4.717058226208806104e+00,1.116269205101755091e+00,3.090107597052053900e-02
8.090000000000006075e-01,-1.083684460706051178e+00,6.235587612320485640e-01,4.738899565671253811e+00,1.103737223911714027e+00,3.093931965888748609e-02
8.100000000000006084e-01,-1.078934602542840349e+00,6.246561784591647681e-01,4.760832023486655018e+00,1.091075442577981169e+00,3.097756334644730450e-02
8.110000000000006093e-01,-1.074162765980247958e+00,6.257408682294912650e-01,4.782856518494921438e+00,1.078281996474439008e+00,3.101580703319899157e-02
8.120000000000006102e-01,-1.069368858517052656e+00,6.268126979304252666e-01,4.804973980611113582e+00,1.065354983634579034e+00,3.105405071914155504e-02
8.130000000000006111e-01,-1.064552786716521426e+00,6.278715330283385354e-01,4.827185350966165522e+00,1.052292463815147849e+00,3.109229440427399571e-02
8.140000000000006120e-01,-1.059714456195123722e+00,6.289172370298201642e-01,4.849491582048167437e+00,1.039092457531472613e+00,3.113053808859531438e-02
8.150000000000006128e-01,-1.054853771611103275e+00,6.299496714419411392e-01,4.871893637844115332e+00,1.025752945063466592e+00,3.116878177210451531e-02
8.160000000000006137e-01,-1.049970636652908240e+00,6.309686957315090439e-01,4.894392493982011594e+00,1.012271865431274120e+00,3.120702545480059931e-02
8.170000000000006146e-01,-1.045064954027478787e+00,6.319741672832831503e-01,4.916989137873198246e+00,9.986471153394738121e-01,3.124526913668257064e-02
8.180000000000006155e-01,-1.040136625448392804e+00,6.329659413571175897e-01,4.939684568854795899e+00,9.848765480887126111e-01,3.128351281774943010e-02
8.190000000000006164e-01,-1.035185551623869049e+00,6.339438710439988522e-01,4.962479798332102732e+00,9.709579724535993828e-01,3.132175649800018891e-02
8.200000000000006173e-01,-1.030211632244627307e+00,6.349078072209445311e-01,4.985375849920803404e+00,9.568891515256363611e-01,3.136000017743383744e-02
8.210000000000006182e-01,-1.025214765971607545e+00,6.358575985047263401e-01,5.008373759588824470e+00,9.426678015199189131e-01,3.139824385604938345e-02
8.220000000000006191e-01,-1.020194850423546962e+00,6.367930912043818781e-01,5.031474575797658666e+00,9.282915905442792326e-01,3.143648753384583466e-02
8.230000000000006199e-01,-1.015151782164415373e+00,6.377141292724753940e-01,5.054679359642960890e+00,9.137581373294955123e-01,3.147473121082218495e-02
8.240000000000006208e-01,-1.010085456690711814e+00,6.386205542550692504e-01,5.077989184994216032e+00,8.990650099191300759e-01,3.151297488697744204e-02
8.250000000000006217e-01,-1.004995768418621482e+00,6.395122052403641177e-01,5.101405138633246850e+00,8.842097243175000010e-01,3.155121856231060673e-02
8.260000000000006226e-01,-9.998826106710339001e-01,6.403889188059658233e-01,5.124928320391329173e+00,8.691897430942198133e-01,3.158946223682068677e-02
8.270000000000006235e-01,-9.947458756644262934e-01,6.412505289647342233e-01,5.148559843284645332e+00,8.540024739436894441e-01,3.162770591050668295e-02
8.280000000000006244e-01,-9.895854544956116383e-01,6.420968671091682456e-01,5.172300833647804019e+00,8.386452681978326940e-01,3.166594958336759608e-02
8.290000000000006253e-01,-9.844012371283541452e-01,6.429277619542796973e-01,5.196152431265120164e+00,8.231154192903162858e-01,3.170419325540242694e-02
8.300000000000006262e-01,-9.791931123798551795e-01,6.437430394789059873e-01,5.220115789499337744e+00,8.074101611704060932e-01,3.174243692661017635e-02
8.310000000000006271e-01,-9.739609679071115078e-01,6.445425228654114713e-01,5.244192075417435817e+00,7.915266666645341953e-01,3.178068059698985204e-02
8.320000000000006279e-01,-9.687046901931497533e-01,6.453260324377222412e-01,5.268382469913154509e+00,7.754620457835700309e-01,3.181892426654045480e-02
8.330000000000006288e-01,-9.634241645331395043e-01,6.460933855976412898e-01,5.292688167825835066e+00,7.592133439736975520e-01,3.185716793526098545e-02
8.340000000000006297e-01,-9.581192750203905151e-01,6.468443967593846544e-01,5.317110378055136977e+00,7.427775403087109041e-01,3.189541160315045171e-02
8.350000000000006306e-01,-9.527899045322363314e-01,6.475788772822799189e-01,5.341650323671172984e+00,7.261515456214424624e-01,3.193365527020785438e-02
8.360000000000006315e-01,-9.474359347158114453e-01,6.482966354015650134e-01,5.366309242019562831e+00,7.093322005719376877e-01,3.197189893643219427e-02
8.370000000000006324e-01,-9.420572459737250881e-01,6.489974761572218087e-01,5.391088384820868384e+00,6.923162736498820191e-01,3.201014260182247911e-02
8.380000000000006333e-01,-9.366537174496394336e-01,6.496812013207788894e-01,5.415989018263834609e+00,6.751004591086754436e-01,3.204838626637770277e-02
8.390000000000006342e-01,-9.312252270137574284e-01,6.503476093200127872e-01,5.441012423091824424e+00,6.576813748284324745e-01,3.208662993009687298e-02
8.400000000000006350e-01,-9.257716512482282445e-01,6.509964951614752859e-01,5.466159894681779541e+00,6.400555601050602617e-01,3.212487359297899053e-02
8.410000000000006359e-01,-9.202928654324773472e-01,6.516276503507721918e-01,5.491432743114999404e+00,6.222194733624409890e-01,3.216311725502306318e-02
8.420000000000006368e-01,-9.147887435284706159e-01,6.522408628105138551e-01,5.516832293238977059e+00,6.041694897846057177e-01,3.220136091622809171e-02
8.430000000000006377e-01,-9.092591581659212885e-01,6.528359167958571740e-01,5.542359884719472163e+00,5.859018988646446102e-01,3.223960457659307693e-02
8.440000000000006386e-01,-9.037039806274498321e-01,6.534125928075528167e-01,5.568016872081949842e+00,5.674129018669492597e-01,3.227784823611701964e-02
8.450000000000006395e-01,-8.981230808337085092e-01,6.539706675024103966e-01,5.593804624741432363e+00,5.486986091992224202e-01,3.231609189479892758e-02
8.460000000000006404e-01,-8.925163273284820731e-01,6.545099136010887886e-01,5.619724527019767102e+00,5.297550376905257874e-01,3.235433555263780153e-02
8.470000000000006413e-01,-8.868835872637779172e-01,6.550300997931159941e-01,5.645777978149224552e+00,5.105781077714599547e-01,3.239257920963264231e-02
8.480000000000006422e-01,-8.812247263849198875e-01,6.555309906390380803e-01,5.671966392261259315e+00,4.911636405523879256e-01,3.243082286578245071e-02
8.490000000000006430e-01,-8.755396090156616351e-01,6.560123464695944984e-01,5.698291198359196841e+00,4.715073547954180544e-01,3.246906652108623448e-02
8.500000000000006439e-01,-8.698280980433352738e-01,6.564739232818094239e-01,5.724753840273504757e+00,4.516048637756591155e-01,3.250731017554299440e-02
8.510000000000006448e-01,-8.640900549040546608e-01,6.569154726318878756e-01,5.751355776598217950e+00,4.314516720270448191e-01,3.254555382915173128e-02
8.520000000000006457e-01,-8.583253395679917297e-01,6.573367415247971524e-01,5.778098480606979948e+00,4.110431719677986595e-01,3.258379748191145286e-02
8.530000000000006466e-01,-8.525338105247484144e-01,6.577374723004120183e-01,5.804983440147048590e+00,3.903746404003708426e-01,3.262204113382115994e-02
8.540000000000006475e-01,-8.467153247688454787e-01,6.581174025160944074e-01,5.832012157509499417e+00,3.694412348804287372e-01,3.266028478487985331e-02
8.550000000000006484e-01,-8.408697377853544541e-01,6.584762648255746420e-01,5.859186149273729605e+00,3.482379899492156206e-01,3.269852843508653378e-02
8.560000000000006493e-01,-8.349969035356983316e-01,6.588137868539939435e-01,5.886506946124217876e+00,3.267598132233145991e-01,3.273677208444020909e-02
8.570000000000006501e-01,-8.290966744436507607e-01,6.591296910689629085e-01,5.913976092637359905e+00,3.050014813355586552e-01,3.277501573293988002e-02
8.580000000000006510e-01,-8.231689013815637335e-01,6.594236946474835159e-01,5.941595147036031754e+00,2.829576357205170756e-01,3.281325938058454739e-02
8.590000000000006519e-01,-8.172134336568583901e-01,6.596955093385766800e-01,5.969365680909356264e+00,2.606227782376613900e-01,3.285150302737321198e-02
8.600000000000006528e-01,-8.112301189988145866e-01,6.599448413214481501e-01,5.997289278894973208e+00,2.379912666249662800e-01,3.288974667330488155e-02
8.610000000000006537e-01,-8.052188035456974147e-01,6.601713910590202294e-01,6.025367538320905325e+00,2.150573097753366025e-01,3.292799031837855689e-02
8.620000000000006546e-01,-7.991793318322644168e-01,6.603748531466483440e-01,6.053602068803901837e+00,1.918149628278652818e-01,3.296623396259324573e-02
8.630000000000006555e-01,-7.931115467776969075e-01,6.605549161558323945e-01,6.081994491800903901e+00,1.682581220655195720e-01,3.300447760594794194e-02
8.640000000000006564e-01,-7.870152896740046922e-01,6.607112624727256023e-01,6.110546440110040223e+00,1.443805196104223088e-01,3.304272124844165326e-02
8.650000000000006573e-01,-7.808904001749571444e-01,6.608435681312335719e-01,6.139259557317273241e+00,1.201757179074403048e-01,3.308096489007338048e-02
8.660000000000006581e-01,-7.747367162855962608e-01,6.609515026404867433e-01,6.168135497184548122e+00,9.563710398631093679e-02,3.311920853084213134e-02
8.670000000000006590e-01,-7.685540743523923135e-01,6.610347288064604143e-01,6.197175922974970774e+00,7.075788349203014638e-02,3.315745217074689971e-02
8.680000000000006599e-01,-7.623423090541084912e-01,6.610929025475045240e-01,6.226382506710202769e+00,4.553107447268722741e-02,3.319569580978669332e-02
8.690000000000006608e-01,-7.561012533934436952e-01,6.611256727035353942e-01,6.255756928354916369e+00,1.994950091336385178e-02,3.323393944796051991e-02
8.700000000000006617e-01,-7.498307386895296522e-01,6.611326808386293052e-01,6.285300874922742587e+00,-5.994213995886694263e-03,3.327218308526737334e-02
8.710000000000006626e-01,-7.435305945713639453e-01,6.611135610367459003e-01,6.315016039497727718e+00,-3.230765487060013874e-02,3.331042672170626134e-02
8.720000000000006635e-01,-7.372006489722667810e-01,6.610679396902966465e-01,6.344904120164867933e+00,-5.899862143429522587e-02,3.334867035727618473e-02
8.730000000000006644e-01,-7.308407281254548638e-01,6.609954352812582590e-01,6.374966818842784377e+00,-8.607513612670704417e-02,3.338691399197614429e-02
8.740000000000006652e-01,-7.244506565608350712e-01,6.608956581545198938e-01,6.405205840011078955e+00,-1.135454520326206612e-01,3.342515762580514777e-02
8.750000000000006661e-01,-7.180302571031269565e-01,6.607682102831341497e-01,6.435622889324330131e+00,-1.414180611468649207e-01,3.346340125876219596e-02
8.760000000000006670e-01,-7.115793508714307603e-01,6.606126850251282656e-01,6.466219672104069005e+00,-1.697017029918729825e-01,3.350164489084628966e-02
8.770000000000006679e-01,-7.050977572803692750e-01,6.604286668715143582e-01,6.496997891699401784e+00,-1.984053736051130945e-01,3.353988852205643661e-02
8.780000000000006688e-01,-6.985852940429381208e-01,6.602157311851197807e-01,6.527959247706219159e+00,-2.275383349146436196e-01,3.357813215239163762e-02
8.790000000000006697e-01,-6.920417771752124247e-01,6.599734439298398092e-01,6.559105434034133708e+00,-2.571101245220535070e-01,3.361637578185089348e-02
8.800000000000006706e-01,-6.854670210030675559e-01,6.597013613898955464e-01,6.590438136809449787e+00,-2.871305659131176413e-01,3.365461941043320498e-02
8.810000000000006715e-01,-6.788608381710836692e-01,6.593990298786579496e-01,6.621959032101532472e+00,-3.176097791176285545e-01,3.369286303813757988e-02
8.820000000000006724e-01,-6.722230396538183550e-01,6.590659854365781278e-01,6.653669783458934894e+00,-3.485581918410669555e-01,3.373110666496301896e-02
8.830000000000006732e-01,-6.655534347696443476e-01,6.587017535177406291e-01,6.685572039240577524e+00,-3.799865510920472089e-01,3.376935029090852303e-02
8.840000000000006741e-01,-6.588518311973643460e-01,6.583058486645303464e-01,6.717667429726065009e+00,-4.119059353308245353e-01,3.380759391597309288e-02
8.850000000000006750e-01,-6.521180349958342060e-01,6.578777741698795811e-01,6.749957563987964093e+00,-4.443277671655848637e-01,3.384583754015573626e-02
8.860000000000006759e-01,-6.453518506268394184e-01,6.574170217265332683e-01,6.782444026507474355e+00,-4.772638266247579697e-01,3.388408116345545396e-02
8.870000000000006768e-01,-6.385530809814933262e-01,6.569230710627412817e-01,6.815128373513400284e+00,-5.107262650352103472e-01,3.392232478587124678e-02
8.880000000000006777e-01,-6.317215274104435174e-01,6.563953895637566482e-01,6.848012129022707839e+00,-5.447276195378855101e-01,3.396056840740212246e-02
8.890000000000006786e-01,-6.248569897581962573e-01,6.558334318784859729e-01,6.881096780559151860e+00,-5.792808282742788473e-01,3.399881202804708180e-02
8.900000000000006795e-01,-6.179592664018942472e-01,6.552366395106022923e-01,6.914383774524525350e+00,-6.143992462790630604e-01,3.403705564780512560e-02
8.910000000000006803e-01,-6.110281542949075329e-01,6.546044403933979350e-01,6.947874511194966018e+00,-6.500966621162304060e-01,3.407529926667526160e-02
8.920000000000006812e-01,-6.040634490156290282e-01,6.539362484476124449e-01,6.981570339312455076e+00,-6.863873152982915560e-01,3.411354288465648366e-02
8.930000000000006821e-01,-5.970649448218930955e-01,6.532314631214323208e-01,7.015472550239140404e+00,-7.232859145303788262e-01,3.415178650174779951e-02
8.940000000000006830e-01,-5.900324347114737078e-01,6.524894689118164726e-01,7.049582371639377065e+00,-7.608076568235547787e-01,3.419003011794821689e-02
8.950000000000006839e-01,-5.829657104891521335e-01,6.517096348662536620e-01,7.083900960651411616e+00,-7.989682475242254611e-01,3.422827373325672967e-02
8.960000000000006848e-01,-5.758645628408852746e-01,6.508913140640123496e-01,7.118429396507377049e+00,-8.377839213093203341e-01,3.426651734767234558e-02
8.970000000000006857e-01,-5.687287814156485322e-01,6.500338430758904051e-01,7.153168672556722285e+00,-8.772714641998300422e-01,3.430476096119406543e-02
8.980000000000006866e-01,-5.615581549155731489e-01,6.491365414014195201e-01,7.188119687644333844e+00,-9.174482366484019158e-01,3.434300457382089694e-02
8.990000000000006875e-01,-5.543524711950508221e-01,6.481987108824197596e-01,7.223283236790362771e+00,-9.583321977599909003e-01,3.438124818555184092e-02
9.000000000000006883e-01,-5.471115173695303424e-01,6.472196350917416297e-01,7.258660001114157545e+00,-9.999419307080611441e-01,3.441949179638589817e-02
9.010000000000006892e-01,-5.398350799347952922e-01,6.461985786959669742e-01,7.294250536939641094e+00,-1.042296669412541066e+00,3.445773540632206949e-02
9.020000000000006901e-01,-5.325229448975731250e-01,6.451347867907709643e-01,7.330055264013922489e+00,-1.085416326549665023e+00,3.449597901535936262e-02
9.030000000000006910e-01,-5.251748979183994415e-01,6.440274842075788264e-01,7.366074452764893365e+00,-1.129321522967996927e+00,3.453422262349677141e-02
9.040000000000006919e-01,-5.177907244677395493e-01,6.428758747900696902e-01,7.402308210516895137e+00,-1.174033618589338079e+00,3.457246623073331054e-02
9.050000000000006928e-01,-5.103702099964507743e-01,6.416791406390035535e-01,7.438756466576282200e+00,-1.219574744877886863e+00,3.461070983706797388e-02
9.060000000000006937e-01,-5.029131401217645791e-01,6.404364413237575437e-01,7.475418956090713607e+00,-1.265967838965946113e+00,3.464895344249976916e-02
9.070000000000006946e-01,-4.954193008300655787e-01,6.391469130588698366e-01,7.512295202577250031e+00,-1.313236679529685036e+00,3.468719704702769718e-02
9.080000000000006954e-01,-4.878884786978552879e-01,6.378096678437921163e-01,7.549384499004711202e+00,-1.361405924513959587e+00,3.472544065065075874e-02
9.090000000000006963e-01,-4.803204611324085049e-01,6.364237925639484317e-01,7.586685887305188558e+00,-1.410501150810993032e+00,3.476368425336796159e-02
9.100000000000006972e-01,-4.727150366337593557e-01,6.349883480510934985e-01,7.624198136177996687e+00,-1.460548896003817765e+00,3.480192785517830650e-02
9.110000000000006981e-01,-4.650719950797996272e-01,6.335023681008454810e-01,7.661919717036568045e+00,-1.511576702291800078e+00,3.484017145608079430e-02
9.120000000000006990e-01,-4.573911280364255649e-01,6.319648584451518225e-01,7.699848777934751531e+00,-1.563613162722300221e+00,3.487841505607442577e-02
9.130000000000006999e-01,-4.496722290948431677e-01,6.303747956773155803e-01,7.737983115293499914e+00,-1.616687969859573748e+00,3.491665865515820866e-02
9.140000000000007008e-01,-4.419150942383270886e-01,6.287311261270764895e-01,7.776320143231884252e+00,-1.670831967029393406e+00,3.495490225333114376e-02
9.150000000000007017e-01,-4.341195222409352517e-01,6.270327646830997637e-01,7.814856860287599183e+00,-1.726077202285547285e+00,3.499314585059223881e-02
9.160000000000007025e-01,-4.262853151009055042e-01,6.252785935600727596e-01,7.853589813291383059e+00,-1.782456985252355741e+00,3.503138944694048768e-02
9.170000000000007034e-01,-4.184122785117073140e-01,6.234674610074547596e-01,7.892515058136939210e+00,-1.840005947005604270e+00,3.506963304237489809e-02
9.180000000000007043e-01,-4.105002223739931955e-01,6.215981799567545929e-01,7.931628117162685676e+00,-1.898760103162803192e+00,3.510787663689447086e-02
9.190000000000007052e-01,-4.025489613519907528e-01,6.196695266040399552e-01,7.970923932833787973e+00,-1.958756920362408893e+00,3.514612023049821371e-02
9.200000000000007061e-01,-3.945583154782039692e-01,6.176802389241939917e-01,8.010396817382108736e+00,-2.020035386320527149e+00,3.518436382318512745e-02
9.210000000000007070e-01,-3.865281108106509156e-01,6.156290151132451927e-01,8.050040398027631383e+00,-2.082636083662598114e+00,3.522260741495421288e-02
9.220000000000007079e-01,-3.784581801472600704e-01,6.135145119548921500e-01,8.089847557367200181e+00,-2.146601267736546692e+00,3.526085100580447079e-02
9.230000000000007088e-01,-3.703483638024825386e-01,6.113353431071347766e-01,8.129810368474693405e+00,-2.211974948622766668e+00,3.529909459573490893e-02
9.240000000000007097e-01,-3.621985104516554088e-01,6.090900773047047689e-01,8.169920024210517440e+00,-2.278802977564942545e+00,3.533733818474452809e-02
9.250000000000007105e-01,-3.540084780491791761e-01,6.067772364727578305e-01,8.210166760187071588e+00,-2.347133138053939749e+00,3.537558177283232907e-02
9.260000000000007114e-01,-3.457781348271535826e-01,6.043952937470564724e-01,8.250539770780081383e+00,-2.417015241804583159e+00,3.541382535999731268e-02
9.270000000000007123e-01,-3.375073603817565493e-01,6.019426713956261832e-01,8.291027117512694389e+00,-2.488501229871844078e+00,3.545206894623848665e-02
9.280000000000007132e-01,-3.291960468553595254e-01,5.994177386366219551e-01,8.331615629069407447e+00,-2.561645279158438981e+00,3.549031253155485177e-02
9.290000000000007141e-01,-3.208441002231517958e-01,5.968188093468842492e-01,8.372290792119320813e+00,-2.636503914569700679e+00,3.552855611594541579e-02
9.300000000000007150e-01,-3.124514416939113692e-01,5.941441396554094645e-01,8.413036632042144802e+00,-2.713136127073365156e+00,3.556679969940917257e-02
9.310000000000007159e-01,-3.040180092355114216e-01,5.913919254157009586e-01,8.453835582554789951e+00,-2.791603497920993160e+00,3.560504328194512985e-02
9.320000000000007168e-01,-2.955437592368069799e-01,5.885602995507124291e-01,8.494668343130143739e+00,-2.871970329283448642e+00,3.564328686355229536e-02
9.330000000000007176e-01,-2.870286683187126542e-01,5.856473292638467720e-01,8.535513722981672657e+00,-2.954303781544302954e+00,3.568153044422966297e-02
9.340000000000007185e-01,-2.784727353085724166e-01,5.826510131092358380e-01,8.576348470256370149e+00,-3.038674017481190148e+00,3.571977402397624041e-02
9.350000000000007194e-01,-2.698759833933520591e-01,5.795692779143065687e-01,8.617147084932868850e+00,-3.125154353544768338e+00,3.575801760279102848e-02
9.360000000000007203e-01,-2.612384624687677515e-01,5.763999755474421560e-01,8.657881613759661477e+00,-3.213821418416522580e+00,3.579626118067303492e-02
9.370000000000007212e-01,-2.525602517032167205e-01,5.731408795233849940e-01,8.698521425388499040e+00,-3.304755318988375823e+00,3.583450475762126053e-02
9.380000000000007221e-01,-2.438414623373201251e-01,5.697896814389078468e-01,8.739032963658219799e+00,-3.398039813856790659e+00,3.587274833363470611e-02
9.390000000000007230e-01,-2.350822407420414539e-01,5.663439872312187040e-01,8.779379476762469992e+00,-3.493762494359108572e+00,3.591099190871237246e-02
9.400000000000007239e-01,-2.262827717607311662e-01,5.628013132515773398e-01,8.819520719788508600e+00,-3.592014973097176433e+00,3.594923548285326731e-02
9.410000000000007248e-01,-2.174432823630955691e-01,5.591590821467060657e-01,8.859412627841319221e+00,-3.692893079789103528e+00,3.598747905605638453e-02
9.420000000000007256e-01,-2.085640456420222444e-01,5.554146185407985437e-01,8.899006956664647916e+00,-3.796497064159740198e+00,3.602572262832073879e-02
9.430000000000007265e-01,-1.996453851874475383e-01,5.515651445112995654e-01,8.938250887335819073e+00,-3.902931805418851319e+00,3.606396619964532396e-02
9.440000000000007274e-01,-1.906876798750561375e-01,5.476077748521740451e-01,8.977086591241075553e+00,-4.012307027676476956e+00,3.610220977002914777e-02
9.450000000000007283e-01,-1.816913691115978335e-01,5.435395121191535228e-01,9.015450751129945317e+00,-4.124737520399994750e+00,3.614045333947121103e-02
9.460000000000007292e-01,-1.726569585830281250e-01,5.393572414524890890e-01,9.053274033597679349e+00,-4.240343362717690745e+00,3.617869690797052146e-02
9.470000000000007301e-01,-1.635850265565740869e-01,5.350577251741096552e-01,9.090480507851333769e+00,-4.359250150008309177e+00,3.621694047552607293e-02
9.480000000000007310e-01,-1.544762307932371626e-01,5.306375971578629613e-01,9.126987005074958859e+00,-4.481589220771996729e+00,3.625518404213687318e-02
9.490000000000007319e-01,-1.453313161332189241e-01,5.260933569737782367e-01,9.162702412120642848e+00,-4.607497881239762449e+00,3.629342760780192995e-02
9.500000000000007327e-01,-1.361511228233450166e-01,5.214213638101512505e-01,9.197526892613474558e+00,-4.737119624527634798e+00,3.633167117252023709e-02
9.510000000000007336e-01,-1.269365956628138448e-01,5.166178301808230788e-01,9.231351027869902026e+00,-4.870604340356150530e+00,3.636991473629080235e-02
9.520000000000007345e-01,-1.176887940515622399e-01,5.116788154294654722e-01,9.264054869292049688e+00,-5.008108510409810421e+00,3.640815829911262652e-02
9.530000000000007354e-01,-1.084089030342644394e-01,5.066002190481591061e-01,9.295506893119576119e+00,-5.149795383274057059e+00,3.644640186098471735e-02
9.540000000000007363e-01,-9.909824544250556144e-02,5.013777738342768409e-01,9.325562847603054095e+00,-5.295835121523127853e+00,3.648464542190606869e-02
9.550000000000007372e-01,-8.975829524802633741e-02,4.960070389179025430e-01,9.354064481820875798e+00,-5.446404911898568457e+00,3.652288898187569521e-02
9.560000000000007381e-01,-8.039069225113824879e-02,4.904833927020232354e-01,9.380838144513628407e+00,-5.601689027565803336e+00,3.656113254089259079e-02
9.570000000000007390e-01,-7.099725824045133304e-02,4.848020257698763547e-01,9.405693240482335682e+00,-5.761878829107580202e+00,3.659937609895576316e-02
9.580000000000007399e-01,-6.158001477290180048e-02,4.789579338285192556e-01,9.428420531327546428e+00,-5.927172688141923551e+00,3.663761965606421311e-02
9.590000000000007407e-01,-5.214120273663142707e-02,4.729459107754001579e-01,9.448790266646483360e+00,-6.097775814162546659e+00,3.667586321221694146e-02
9.600000000000007416e-01,-4.268330387341182086e-02,4.667605419960034197e-01,9.466550131325821127e+00,-6.273899961305119177e+00,3.671410676741294898e-02
9.610000000000007425e-01,-3.320906445179934441e-02,4.603961980261750409e-01,9.481422994362064927e+00,-6.455762987146892229e+00,3.675235032165124344e-02
9.620000000000007434e-01,-2.372152129671745158e-02,4.538470287432556649e-01,9.493104444834722599e+00,-6.643588230243484105e+00,3.679059387493082561e-02
9.630000000000007443e-01,-1.422403039521509538e-02,4.471069582865263570e-01,9.501260101412963621e+00,-6.837603666780642797e+00,3.682883742725070325e-02
9.640000000000007452e-01,-4.720298311079111631e-03,4.401696809506864816e-01,9.505522683306807608e+00,-7.038040799351104937e+00,3.686708097860987715e-02
9.650000000000007461e-01,4.785583348121298652e-03,4.330286583472352513e-01,9.505488833152648809e+00,-7.245133222338727030e+00,3.690532452900734811e-02
9.660000000000007470e-01,1.428910016032441423e-02,4.256771181889352218e-01,9.500715686299519902e+00,-7.459114798595156692e+00,3.694356807844211693e-02
9.670000000000007478e-01,2.378527356056642922e-02,4.181080551233108400e-01,9.490717186778468317e+00,-7.680217370943824839e+00,3.698181162691319135e-02
9.680000000000007487e-01,3.326861570499924092e-02,4.103142341237561719e-01,9.474960158445473013e+00,-7.908667919501715105e+00,3.702005517441957216e-02
9.690000000000007496e-01,4.273308029130575697e-02,4.022881970426784304e-01,9.452860151071821093e+00,-8.144685061905471812e+00,3.705829872096026018e-02
9.700000000000007505e-01,5.217200912648822797e-02,3.940222730414842944e-01,9.423777096348826987e+00,-8.388474778415078603e+00,3.709654226653425618e-02
9.710000000000007514e-01,6.157807427756776392e-02,3.855085937381871886e-01,9.387010828876942270e+00,-8.640225227869354541e+00,3.713478581114056792e-02
9.720000000000007523e-01,7.094321570833724000e-02,3.767391140556028972e-01,9.341796553399547065e+00,-8.900100504157212100e+00,3.717302935477819620e-02
9.730000000000007532e-01,8.025857440270242615e-02,3.677056399113851071e-01,9.287300373166377909e+00,-9.168233167173299947e+00,3.721127289744614874e-02
9.740000000000007541e-01,8.951442111049635886e-02,3.583998640642647171e-01,9.222615036858146098e+00,-9.444715368554323476e+00,3.724951643914342636e-02
9.750000000000007550e-01,9.870008103465841010e-02,3.488134116158063680e-01,9.146756114529910775e+00,-9.729588382892648823e+00,3.728775997986902985e-02
9.760000000000007558e-01,1.078038550205735746e-01,3.389378968583484086e-01,9.058658878032293416e+00,-1.002283035247868881e+01,3.732600351962196000e-02
9.770000000000007567e-01,1.168129381217867108e-01,3.287649933487262754e-01,8.957176239562295805e+00,-1.032434206185937065e+01,3.736424705840122457e-02
9.780000000000007576e-01,1.257133368148000141e-01,3.182865192605351390e-01,8.841078193972146337e+00,-1.063393058280380288e+01,3.740249059620582434e-02
9.790000000000007585e-01,1.344897866328664537e-01,3.074945402058041899e-01,8.709053315691013708e+00,-1.095129067726983330e+01,3.744073413303476011e-02
9.800000000000007594e-01,1.431256725968610699e-01,2.963814917933834669e-01,8.559712977222499575e+00,-1.127598392382784098e+01,3.747897766888703963e-02
9.810000000000007603e-01,1.516029555490355507e-01,2.849403241705362744e-01,8.391599078029164716e+00,-1.160741565130385666e+01,3.751722120376166369e-02
9.820000000000007612e-01,1.599021083443165625e-01,2.731646706305151384e-01,8.203196191115948110e+00,-1.194480993270843250e+01,3.755546473765763310e-02
9.830000000000007621e-01,1.680020668137566786e-01,2.610490420059446426e-01,7.992949135391378412e+00,-1.228718312336374119e+01,3.759370827057394865e-02
9.840000000000007629e-01,1.758802014581345996e-01,2.485890479394660679e-01,7.759287043866136990e+00,-1.263331672830270236e+01,3.763195180250961808e-02
9.850000000000007638e-01,1.835123169040178970e-01,2.357816451563569116e-01,7.500654992149192068e+00,-1.298173075971984147e+01,3.767019533346364218e-02
9.860000000000007647e-01,1.908726871745137221e-01,2.226254114854172295e-01,7.215554141740428307e+00,-1.333065919121597354e+01,3.770843886343502871e-02
9.870000000000007656e-01,1.979341356668042062e-01,2.091208425216530276e-01,6.902591094882013500e+00,-1.367802961383589810e+01,3.774668239242277151e-02
9.880000000000007665e-01,2.046681692175397194e-01,1.952706654617934190e-01,6.560536706138114127e+00,-1.402144971188385725e+01,3.778492592042587833e-02
9.890000000000007674e-01,2.110451755599835888e-01,1.810801617858368018e-01,6.188393909320644148e+00,-1.435820364138900374e+01,3.782316944744335691e-02
9.900000000000007683e-01,2.170346925844414687e-01,1.665574871960844305e-01,5.785473172848839774e+00,-1.468526171933408442e+01,3.786141297347420109e-02
9.910000000000007692e-01,2.226057558481795984e-01,1.517139737564894564e-01,5.351473001649437400e+00,-1.499930689867826494e+01,3.789965649851741863e-02
9.920000000000007701e-01,2.277273275191526170e-01,1.365643958250941370e-01,4.886561521329983115e+00,-1.529678117713752705e+01,3.793790002257201033e-02
9.930000000000007709e-01,2.323688052515739400e-01,1.211271786019047503e-01,4.391453742342841693e+00,-1.557395423585156635e+01,3.797614354563698391e-02
9.940000000000007718e-01,2.365006034234388155e-01,1.054245264991822140e-01,3.867477817815805796e+00,-1.582701513628476242e+01,3.801438706771134018e-02
9.950000000000007727e-01,2.400947920047392936e-01,8.948244870929925043e-02,3.316622756201407896e+00,-1.605218581277840784e+01,3.805263058879407995e-02
9.960000000000007736e-01,2.431257706560971399e-01,7.333066187180249662e-02,2.741559938058669488e+00,-1.624585250535801961e+01,3.809087410888420400e-02
9.970000000000007745e-01,2.455709483654693881e-01,5.700235500230449448e-02,2.145631690410275905e+00,-1.640470846093701951e+01,3.812911762798072007e-02
9.980000000000007754e-01,2.474113931225770113e-01,4.053380986168854394e-02,1.532802246766103771e+00,-1.652589861926119141e+01,3.816736114608262898e-02
9.990000000000007763e-01,2.486324129711192377e-01,2.396388025352792772e-02,9.075696132583762621e-01,-1.660715511372182362e+01,3.820560466318893844e-02
1.000000000000000666e+00,2.492240302507039429e-01,7.333345355791606041e-03,2.748408572488543200e-01,-1.664691176095282543e+01,3.824384817929864233e-02
