tau,x,y,u,v,theta1
0.000000000000000000e+00,9.953000000000000735e-01,-0.000000000000000000e+00,0.000000000000000000e+00,-6.312786003229795107e+00,0.000000000000000000e+00
1.000000000000000021e-03,9.952800739944551722e-01,-6.312743875552088296e-03,-3.985187624052121541e-02,-6.312659620627306012e+00,8.976688616920291090e-07
2.000000000000000042e-03,9.952202967869117067e-01,-1.262523498765735080e-02,-7.970213430607925309e-02,-6.312280478094278280e+00,1.795337723383980715e-06
3.000000000000000062e-03,9.951206708046054228e-01,-1.893722058341774581e-02,-1.195491560928723107e-01,-6.311648591453761448e+00,2.693006585075777631e-06
4.000000000000000083e-03,9.949812000928107691e-01,-2.524844793103229665e-02,-1.593913236394173816e-01,-6.310763987076652981e+00,3.590675446767342671e-06
5.000000000000000104e-03,9.948018903146625957e-01,-3.155866433034433538e-02,-1.992270191976994731e-01,-6.309626701880425514e+00,4.488344308458598122e-06
6.000000000000000125e-03,9.945827487509076859e-01,-3.786761712338723718e-02,-2.390546253043089875e-01,-6.308236783327339836e+00,5.386013170149467325e-06
7.000000000000000146e-03,9.943237842995841236e-01,-4.417505370492809391e-02,-2.788725248515626642e-01,-6.306594289422151611e+00,6.283682031839871507e-06
8.000000000000000167e-03,9.940250074756301624e-01,-5.048072153300884463e-02,-3.186791011586047051e-01,-6.304699288709304739e+00,7.181350893529734435e-06
9.000000000000001055e-03,9.936864304104220391e-01,-5.678436813948437023e-02,-3.584727380424836407e-01,-6.302551860269618444e+00,8.079019755218979029e-06
1.000000000000000194e-02,9.933080668512401790e-01,-6.308574114055698345e-02,-3.982518198892008310e-01,-6.300152093716465451e+00,8.976688616907526515e-06
1.100000000000000283e-02,9.928899321606651229e-01,-6.938458824730685259e-02,-4.380147317247270466e-01,-6.297500089191438555e+00,9.874357478595299813e-06
1.200000000000000372e-02,9.924320433159017352e-01,-7.568065727621785255e-02,-4.777598592859826909e-01,-6.294595957359508276e+00,1.077202634028222269e-05
1.300000000000000461e-02,9.919344189080330221e-01,-8.197369615969832268e-02,-5.174855890917778867e-01,-6.291439819403676914e+00,1.166969520196821722e-05
1.400000000000000550e-02,9.913970791412027861e-01,-8.826345295659621115e-02,-5.571903085137083211e-01,-6.288031807019119235e+00,1.256736406365320547e-05
1.500000000000000638e-02,9.908200458317270032e-01,-9.454967586270807134e-02,-5.968724058470028515e-01,-6.284372062406818671e+00,1.346503292533711122e-05
1.600000000000000727e-02,9.902033424071354784e-01,-1.008321132212815080e-01,-6.365302703813187080e-01,-6.280460738266696374e+00,1.436270178701985653e-05
1.700000000000000816e-02,9.895469939051413366e-01,-1.071105135335104763e-01,-6.761622924714807414e-01,-6.276297997790233119e+00,1.526037064870136348e-05
1.800000000000000905e-02,9.888510269725410140e-01,-1.133846254690229066e-01,-7.157668636081605529e-01,-6.271884014652583161e+00,1.615803951038155583e-05
1.900000000000000994e-02,9.881154698640429723e-01,-1.196541978763602659e-01,-7.553423764884910074e-01,-6.267218973004188065e+00,1.705570837206035566e-05
2.000000000000001082e-02,9.873403524410258036e-01,-1.259189797934484045e-01,-7.948872250866128031e-01,-6.262303067461879813e+00,1.795337723373768504e-05
2.100000000000001171e-02,9.865257061702261687e-01,-1.321787204580593400e-01,-8.343998047241489857e-01,-6.257136503099482994e+00,1.885104609541346605e-05
2.200000000000001260e-02,9.856715641223560143e-01,-1.384331693182632439e-01,-8.738785121406035250e-01,-6.251719495437911611e+00,1.974871495708762414e-05
2.300000000000001349e-02,9.847779609706494020e-01,-1.446820760428705055e-01,-9.133217455636792881e-01,-6.246052270434765852e+00,2.064638381876007800e-05
2.400000000000001438e-02,9.838449329893395046e-01,-1.509251905318628739e-01,-9.527279047795123024e-01,-6.240135064473421700e+00,2.154405268043075309e-05
2.500000000000001527e-02,9.828725180520648808e-01,-1.571622629268136506e-01,-9.920953912028183108e-01,-6.233968124351626727e+00,2.244172154209957148e-05
2.600000000000001615e-02,9.818607556302058059e-01,-1.633930436212961135e-01,-1.031422607946947290e+00,-6.227551707269586068e+00,2.333939040376645525e-05
2.700000000000001704e-02,9.808096867911507699e-01,-1.696172832712798673e-01,-1.070707959893841377e+00,-6.220886080817557229e+00,2.423705926543132986e-05
2.800000000000001793e-02,9.797193541964929198e-01,-1.758347328055143988e-01,-1.109949853763894989e+00,-6.213971522962940419e+00,2.513472812709411399e-05
2.900000000000001882e-02,9.785898021001566693e-01,-1.820451434358996423e-01,-1.149146698185709026e+00,-6.206808322036872383e+00,2.603239698875473311e-05
3.000000000000001971e-02,9.774210763464548091e-01,-1.882482666678427230e-01,-1.188296903765739376e+00,-6.199396776720325519e+00,2.693006585041310928e-05
3.100000000000002059e-02,9.762132243680757826e-01,-1.944438543106007111e-01,-1.227398883157832632e+00,-6.191737196029707846e+00,2.782773471206916120e-05
3.200000000000002148e-02,9.749662951840013525e-01,-2.006316584876085829e-01,-1.266451051132647443e+00,-6.183829899301970912e+00,2.872540357372281770e-05
3.300000000000002237e-02,9.736803393973555432e-01,-2.068114316467921932e-01,-1.305451824646956860e+00,-6.175675216179218552e+00,2.962307243537399748e-05
3.400000000000002326e-02,9.723554091931836396e-01,-2.129829265708654273e-01,-1.344399622912826775e+00,-6.167273486592831588e+00,3.052074129702262600e-05
3.500000000000002415e-02,9.709915583361624636e-01,-2.191458963876114219e-01,-1.383292867466667797e+00,-6.158625060747090707e+00,3.141841015866862194e-05
3.600000000000002504e-02,9.695888421682414826e-01,-2.253000945801470478e-01,-1.422129982238156787e+00,-6.149730299102317055e+00,3.231607902031190737e-05
3.700000000000002592e-02,9.681473176062151964e-01,-2.314452749971702694e-01,-1.460909393619024277e+00,-6.140589572357519010e+00,3.321374788195240776e-05
3.800000000000002681e-02,9.666670431392268004e-01,-2.375811918631900443e-01,-1.499629530531702226e+00,-6.131203261432550455e+00,3.411141674359004857e-05
3.900000000000002770e-02,9.651480788262031263e-01,-2.437075997887379331e-01,-1.538288824497830998e+00,-6.121571757449786766e+00,3.500908560522474847e-05
4.000000000000002859e-02,9.635904862932211934e-01,-2.498242537805613339e-01,-1.576885709706619343e+00,-6.111695461715308753e+00,3.590675446685643294e-05
4.100000000000002948e-02,9.619943287308067026e-01,-2.559309092517975670e-01,-1.615418623083056282e+00,-6.101574785699606984e+00,3.680442332848502066e-05
4.200000000000003036e-02,9.603596708911640301e-01,-2.620273220321284735e-01,-1.653886004355967554e+00,-6.091210151017802055e+00,3.770209219011043709e-05
4.300000000000003125e-02,9.586865790853386082e-01,-2.681132483779147813e-01,-1.692286296125916634e+00,-6.080601989409380792e+00,3.859976105173260091e-05
4.400000000000003214e-02,9.569751211803111390e-01,-2.741884449823103753e-01,-1.730617943932944103e+00,-6.069750742717457292e+00,3.949742991335143758e-05
4.500000000000003303e-02,9.552253665960244167e-01,-2.802526689853552244e-01,-1.768879396324142261e+00,-6.058656862867550785e+00,4.039509877496687257e-05
4.600000000000003392e-02,9.534373863023425377e-01,-2.863056779840469912e-01,-1.807069104921062541e+00,-6.047320811845886546e+00,4.129276763657882456e-05
4.700000000000003481e-02,9.516112528159427209e-01,-2.923472300423906600e-01,-1.845185524486949058e+00,-6.035743061677226073e+00,4.219043649818721901e-05
4.800000000000003569e-02,9.497470401971401799e-01,-2.983770837014258492e-01,-1.883227112993798524e+00,-6.023924094402214990e+00,4.308810535979197461e-05
4.900000000000003658e-02,9.478448240466458286e-01,-3.043949979892311974e-01,-1.921192331689239863e+00,-6.011864402054267309e+00,4.398577422139301682e-05
5.000000000000003747e-02,9.459046815022574828e-01,-3.104007324309053240e-01,-1.959079645163230854e+00,-5.999564486635971861e+00,4.488344308299027109e-05
5.100000000000003836e-02,9.439266912354840056e-01,-3.163940470585239195e-01,-1.996887521414568711e+00,-5.987024860095031542e+00,4.578111194458365612e-05
5.200000000000003925e-02,9.419109334481033935e-01,-3.223747024210728562e-01,-2.034614431917210364e+00,-5.974246044299736269e+00,4.667878080617309737e-05
5.300000000000004013e-02,9.398574898686545831e-01,-3.283424595943561508e-01,-2.072258851686398895e+00,-5.961228571013968747e+00,4.757644966775851351e-05
5.400000000000004102e-02,9.377664437488631988e-01,-3.342970801908788925e-01,-2.109819259344592801e+00,-5.947972981871746612e+00,4.847411852933983001e-05
5.500000000000004191e-02,9.356378798600013535e-01,-3.402383263697044691e-01,-2.147294137187194529e+00,-5.934479828351300945e+00,4.937178739091696556e-05
5.600000000000004280e-02,9.334718844891818357e-01,-3.461659608462856474e-01,-2.184681971248075172e+00,-5.920749671748696485e+00,5.026945625248985239e-05
5.700000000000004369e-02,9.312685454355873471e-01,-3.520797469022690640e-01,-2.221981251364890220e+00,-5.906783083150989988e+00,5.116712511405840241e-05
5.800000000000004458e-02,9.290279520066337948e-01,-3.579794483952724593e-01,-2.259190471244184373e+00,-5.892580643408933838e+00,5.206479397562254109e-05
5.900000000000004546e-02,9.267501950140689670e-01,-3.638648297686346567e-01,-2.296308128526282299e+00,-5.878142943109225804e+00,5.296246283718219388e-05
6.000000000000004635e-02,9.244353667700067057e-01,-3.697356560611375076e-01,-2.333332724849960904e+00,-5.863470582546300491e+00,5.386013169873728624e-05
6.100000000000004724e-02,9.220835610828956863e-01,-3.755916929166991380e-01,-2.370262765916899106e+00,-5.848564171693676705e+00,5.475780056028773009e-05
6.200000000000004813e-02,9.196948732534249160e-01,-3.814327065940386063e-01,-2.407096761555902464e+00,-5.833424330174848293e+00,5.565546942183345765e-05
6.300000000000004208e-02,9.172694000703642825e-01,-3.872584639763112513e-01,-2.443833225786901320e+00,-5.818051687233735336e+00,5.655313828337438762e-05
6.400000000000004297e-02,9.148072398063415989e-01,-3.930687325807140642e-01,-2.480470676884714898e+00,-5.802446881704682369e+00,5.745080714491044546e-05
6.500000000000004385e-02,9.123084922135559216e-01,-3.988632805680608628e-01,-2.517007637442581380e+00,-5.786610561982020506e+00,5.834847600644154985e-05
6.600000000000004474e-02,9.097732585194275856e-01,-4.046418767523269344e-01,-2.553442634435448166e+00,-5.770543385989184593e+00,5.924614486796762625e-05
6.700000000000004563e-02,9.072016414221846237e-01,-4.104042906101625920e-01,-2.589774199283022327e+00,-5.754246021147390699e+00,6.014381372948859335e-05
6.800000000000004652e-02,9.045937450863870133e-01,-4.161502922903749790e-01,-2.626000867912574144e+00,-5.737719144343881084e+00,6.104148259100437661e-05
6.900000000000004741e-02,9.019496751383875299e-01,-4.218796526233781208e-01,-2.662121180821493738e+00,-5.720963441899729496e+00,6.193915145251490827e-05
7.000000000000004829e-02,8.992695386617304276e-01,-4.275921431306104470e-01,-2.698133683139594563e+00,-5.703979609537217499e+00,6.283682031402010022e-05
7.100000000000004918e-02,8.965534441924882803e-01,-4.332875360339195070e-01,-2.734036924691162884e+00,-5.686768352346780908e+00,6.373448917551987117e-05
7.200000000000005007e-02,8.938015017145362062e-01,-4.389656042649134893e-01,-2.769829460056749681e+00,-5.669330384753526353e+00,6.463215803701415334e-05
7.300000000000005096e-02,8.910138226547650309e-01,-4.446261214742788792e-01,-2.805509848634700543e+00,-5.651666430483321513e+00,6.552982689850286543e-05
7.400000000000005185e-02,8.881905198782328315e-01,-4.502688620410640885e-01,-2.841076654702420878e+00,-5.633777222528466133e+00,6.642749575998592611e-05
7.500000000000005274e-02,8.853317076832554200e-01,-4.558936010819286122e-01,-2.876528447477375572e+00,-5.615663503112937605e+00,6.732516462146326762e-05
7.600000000000005362e-02,8.824375017964355417e-01,-4.615001144603571581e-01,-2.911863801177815514e+00,-5.597326023657220873e+00,6.822283348293479511e-05
7.700000000000005451e-02,8.795080193676323432e-01,-4.670881787958383047e-01,-2.947081295083232799e+00,-5.578765544742720017e+00,6.912050234440044079e-05
7.800000000000005540e-02,8.765433789648695573e-01,-4.726575714730075206e-01,-2.982179513594536591e+00,-5.559982836075758605e+00,7.001817120586013691e-05
7.900000000000005629e-02,8.735437005691846224e-01,-4.782080706507539358e-01,-3.017157046293952316e+00,-5.540978676451164375e+00,7.091584006731380216e-05
8.000000000000005718e-02,8.705091055694169633e-01,-4.837394552712904194e-01,-3.052012488004635760e+00,-5.521753853715451577e+00,7.181350892876135522e-05
8.100000000000005806e-02,8.674397167569377620e-01,-4.892515050691866874e-01,-3.086744438850002492e+00,-5.502309164729589419e+00,7.271117779020271478e-05
8.200000000000005895e-02,8.643356583203199994e-01,-4.947440005803649954e-01,-3.121351504312768199e+00,-5.482645415331371730e+00,7.360884665163781307e-05
8.300000000000005984e-02,8.611970558399498765e-01,-5.002167231510580292e-01,-3.155832295293697687e+00,-5.462763420297384265e+00,7.450651551306655522e-05
8.400000000000006073e-02,8.580240362825793943e-01,-5.056694549467283251e-01,-3.190185428170059012e+00,-5.442664003304570564e+00,7.540418437448888702e-05
8.500000000000006162e-02,8.548167279958207576e-01,-5.111019789609495545e-01,-3.224409524853780518e+00,-5.422347996891405231e+00,7.630185323590471362e-05
8.600000000000006251e-02,8.515752607025829368e-01,-5.165140790242480628e-01,-3.258503212849308106e+00,-5.401816242418670200e+00,7.719952209731396724e-05
8.700000000000006339e-02,8.482997654954499422e-01,-5.219055398129059942e-01,-3.292465125311157870e+00,-5.381069590029842864e+00,7.809719095871656656e-05
8.800000000000006428e-02,8.449903748310026996e-01,-5.272761468577232824e-01,-3.326293901101164963e+00,-5.360108898611094297e+00,7.899485982011243029e-05
8.900000000000006517e-02,8.416472225240825278e-01,-5.326256865527408957e-01,-3.359988184845421166e+00,-5.338935035750899338e+00,7.989252868150149064e-05
9.000000000000006606e-02,8.382704437419992161e-01,-5.379539461639222253e-01,-3.393546626990903814e+00,-5.317548877699270093e+00,8.079019754288366631e-05
9.100000000000006695e-02,8.348601749986815923e-01,-5.432607138377943956e-01,-3.426967883861789410e+00,-5.295951309326601297e+00,8.168786640425887598e-05
9.200000000000006783e-02,8.314165541487722466e-01,-5.485457786100478295e-01,-3.460250617715449284e+00,-5.274143224082143533e+00,8.258553526562705189e-05
9.300000000000006872e-02,8.279397203816667439e-01,-5.538089304140941804e-01,-3.493393496798128162e+00,-5.252125523952099861e+00,8.348320412698809916e-05
9.400000000000006961e-02,8.244298142154966591e-01,-5.590499600895821875e-01,-3.526395195400298554e+00,-5.229899119417349418e+00,8.438087298834195005e-05
9.500000000000007050e-02,8.208869774910583228e-01,-5.642686593908711190e-01,-3.559254393911691405e+00,-5.207464929410803300e+00,8.527854184968853678e-05
9.600000000000007139e-02,8.173113533656857221e-01,-5.694648209954611406e-01,-3.591969778875998998e+00,-5.184823881274392754e+00,8.617621071102776449e-05
9.700000000000007228e-02,8.137030863070695563e-01,-5.746382385123808278e-01,-3.624540043045248794e+00,-5.161976910715694089e+00,8.707387957235956542e-05
9.800000000000007316e-02,8.100623220870217800e-01,-5.797887064905310472e-01,-3.656963885433842876e+00,-5.138924961764191224e+00,8.797154843368387180e-05
9.900000000000007405e-02,8.063892077751864118e-01,-5.849160204269846508e-01,-3.689240011372265649e+00,-5.115668986727184731e+00,8.886921729500058876e-05
1.000000000000000749e-01,8.026838917326966083e-01,-5.900199767752422053e-01,-3.721367132560451374e+00,-5.092209946145340282e+00,8.976688615630964855e-05
1.010000000000000758e-01,7.989465236057787800e-01,-5.951003729534429798e-01,-3.753343967120813307e+00,-5.068548808747888046e+00,9.066455501761096984e-05
1.020000000000000767e-01,7.951772543193038612e-01,-6.001570073525309690e-01,-3.785169239650929107e+00,-5.044686551407472130e+00,9.156222387890448487e-05
1.030000000000000776e-01,7.913762360702856213e-01,-6.051896793443756195e-01,-3.816841681275884746e+00,-5.020624159094653649e+00,9.245989274019009879e-05
1.040000000000000785e-01,7.875436223213273523e-01,-6.101981892898467041e-01,-3.848360029700268026e+00,-4.996362624832070054e+00,9.335756160146774381e-05
1.050000000000000794e-01,7.836795677940164850e-01,-6.151823385468435657e-01,-3.879723029259814382e+00,-4.971902949648256076e+00,9.425523046273735219e-05
1.060000000000000803e-01,7.797842284622676923e-01,-6.201419294782775093e-01,-3.910929430972701404e+00,-4.947246142531123603e+00,9.515289932399882905e-05
1.070000000000000812e-01,7.758577615456152543e-01,-6.250767654600081213e-01,-3.941977992590488089e+00,-4.922393220381108492e+00,9.605056818525210664e-05
1.080000000000000820e-01,7.719003255024537991e-01,-6.299866508887318473e-01,-3.972867478648700157e+00,-4.897345207963990532e+00,9.694823704649710363e-05
1.090000000000000829e-01,7.679120800232296373e-01,-6.348713911898239415e-01,-4.003596660517054318e+00,-4.872103137863375899e+00,9.784590590773375226e-05
1.100000000000000838e-01,7.638931860235815829e-01,-6.397307928251322329e-01,-4.034164316449325938e+00,-4.846668050432863417e+00,9.874357476896195767e-05
1.110000000000000847e-01,7.598438056374318128e-01,-6.445646633007230397e-01,-4.064569231632848556e+00,-4.821040993747883086e+00,9.964124363018166564e-05
1.120000000000000856e-01,7.557641022100279882e-01,-6.493728111745789011e-01,-4.094810198237653687e+00,-4.795223023557216635e+00,1.005389124913927813e-04
1.130000000000000865e-01,7.516542402909360820e-01,-6.541550460642473475e-01,-4.124886015465240696e+00,-4.769215203234203670e+00,1.014365813525952369e-04
1.140000000000000874e-01,7.475143856269846898e-01,-6.589111786544413762e-01,-4.154795489596980751e+00,-4.743018603727632510e+00,1.023342502137889376e-04
1.150000000000000883e-01,7.433447051551609341e-01,-6.636410207045896348e-01,-4.184537434042145954e+00,-4.716634303512321935e+00,1.032319190749738291e-04
1.160000000000000892e-01,7.391453669954588523e-01,-6.683443850563379751e-01,-4.214110669385568109e+00,-4.690063388539397415e+00,1.041295879361498166e-04
1.170000000000000900e-01,7.349165404436802662e-01,-6.730210856410007159e-01,-4.243514023434921789e+00,-4.663306952186263565e+00,1.050272567973168324e-04
1.180000000000000909e-01,7.306583959641883563e-01,-6.776709374869618330e-01,-4.272746331267630815e+00,-4.636366095206271964e+00,1.059249256584747951e-04
1.190000000000000918e-01,7.263711051826143850e-01,-6.822937567270255244e-01,-4.301806435277396368e+00,-4.609241925678099427e+00,1.068225945196236233e-04
1.200000000000000927e-01,7.220548408785187888e-01,-6.868893606057160373e-01,-4.330693185220343189e+00,-4.581935558954826959e+00,1.077202633807632494e-04
1.210000000000000936e-01,7.177097769780054204e-01,-6.914575674865265364e-01,-4.359405438260783860e+00,-4.554448117612726499e+00,1.086179322418935920e-04
1.220000000000000945e-01,7.133360885462909362e-01,-6.959981968591167911e-01,-4.387942059016599394e+00,-4.526780731399765223e+00,1.095156011030145698e-04
1.230000000000000954e-01,7.089339517802284441e-01,-7.005110693464586813e-01,-4.416301919604232573e+00,-4.498934537183822080e+00,1.104132699641261151e-04
1.240000000000000963e-01,7.045035440007867411e-01,-7.049960067119303009e-01,-4.444483899683294048e+00,-4.470910678900622770e+00,1.113109388252281465e-04
1.250000000000000833e-01,7.000450436454850323e-01,-7.094528318663575472e-01,-4.472486886500781189e+00,-4.442710307501399392e+00,1.122086076863205826e-04
1.260000000000000842e-01,6.955586302607834615e-01,-7.138813688750034192e-01,-4.500309774934898144e+00,-4.414334580900272087e+00,1.131062765474033423e-04
1.270000000000000850e-01,6.910444844944303444e-01,-7.182814429645044685e-01,-4.527951467538493979e+00,-4.385784663921361570e+00,1.140039454084763578e-04
1.280000000000000859e-01,6.865027880877659916e-01,-7.226528805297541824e-01,-4.555410874582095815e+00,-4.357061728245632537e+00,1.149016142695395476e-04
1.290000000000000868e-01,6.819337238679832325e-01,-7.269955091407332981e-01,-4.582686914096552933e+00,-4.328166952357474173e+00,1.157992831305928305e-04
1.300000000000000877e-01,6.773374757403466395e-01,-7.313091575492861596e-01,-4.609778511915278543e+00,-4.299101521491013322e+00,1.166969519916361388e-04
1.310000000000000886e-01,6.727142286803683424e-01,-7.355936556958436734e-01,-4.636684601716096310e+00,-4.269866627576178075e+00,1.175946208526693911e-04
1.320000000000000895e-01,6.680641687259433192e-01,-7.398488347160920853e-01,-4.663404125062681871e+00,-4.240463469184498457e+00,1.184922897136925061e-04
1.330000000000000904e-01,6.633874829694428321e-01,-7.440745269475872448e-01,-4.689936031445604669e+00,-4.210893251474658427e+00,1.193899585747054025e-04
1.340000000000000913e-01,6.586843595497671178e-01,-7.482705659363144690e-01,-4.716279278322965673e+00,-4.181157186137800075e+00,1.202876274357080126e-04
1.350000000000000921e-01,6.539549876443577769e-01,-7.524367864431935615e-01,-4.742432831160630080e+00,-4.151256491342584454e+00,1.211852962967002549e-04
1.360000000000000930e-01,6.491995574611699737e-01,-7.565730244505287638e-01,-4.768395663472053236e+00,-4.121192391680004619e+00,1.220829651576820483e-04
1.370000000000000939e-01,6.444182602306053331e-01,-7.606791171684034181e-01,-4.794166756857697109e+00,-4.090966118107965954e+00,1.229806340186533249e-04
1.380000000000000948e-01,6.396112881974052033e-01,-7.647549030410190074e-01,-4.819745101044039970e+00,-4.060578907895630252e+00,1.238783028796140034e-04
1.390000000000000957e-01,6.347788346125052827e-01,-7.688002217529785742e-01,-4.845129693922174852e+00,-4.030032004567525306e+00,1.247759717405640025e-04
1.400000000000000966e-01,6.299210937248520548e-01,-7.728149142355140722e-01,-4.870319541585995005e+00,-3.999326657847429800e+00,1.256736406015032410e-04
1.410000000000000975e-01,6.250382607731808093e-01,-7.767988226726572076e-01,-4.895313658369967236e+00,-3.968464123602031268e+00,1.265713094624316645e-04
1.420000000000000984e-01,6.201305319777564717e-01,-7.807517905073543263e-01,-4.920111066886493134e+00,-3.937445663784362448e+00,1.274689783233491646e-04
1.430000000000000993e-01,6.151981045320774610e-01,-7.846736624475244559e-01,-4.944710798062849300e+00,-3.906272546377018706e+00,1.283666471842556873e-04
1.440000000000001001e-01,6.102411765945419120e-01,-7.885642844720600619e-01,-4.969111891177717233e+00,-3.874946045335163181e+00,1.292643160451511510e-04
1.450000000000001010e-01,6.052599472800787028e-01,-7.924235038367714035e-01,-4.993313393897292229e+00,-3.843467440529316548e+00,1.301619849060354746e-04
1.460000000000001019e-01,6.002546166517419568e-01,-7.962511690802730469e-01,-5.017314362310973053e+00,-3.811838017687942504e+00,1.310596537669085767e-04
1.470000000000001028e-01,5.952253857122697944e-01,-8.000471300298127586e-01,-5.041113860966635052e+00,-3.780059068339825856e+00,1.319573226277703760e-04
1.480000000000001037e-01,5.901724563956088909e-01,-8.038112378070434438e-01,-5.064710962905479619e+00,-3.748131889756249890e+00,1.328549914886207912e-04
1.490000000000001046e-01,5.850960315584037286e-01,-8.075433448337361320e-01,-5.088104749696461759e+00,-3.716057784892976112e+00,1.337526603494597680e-04
1.500000000000001055e-01,5.799963149714516542e-01,-8.112433048374357858e-01,-5.111294311470297558e+00,-3.683838062332028152e+00,1.346503292102872252e-04
1.510000000000001064e-01,5.748735113111244077e-01,-8.149109728570580469e-01,-5.134278746953045314e+00,-3.651474036223287367e+00,1.355479980711030814e-04
1.520000000000001072e-01,5.697278261507562336e-01,-8.185462052484280271e-01,-5.157057163499263908e+00,-3.618967026225896166e+00,1.364456669319072553e-04
1.530000000000001081e-01,5.645594659519989067e-01,-8.221488596897602585e-01,-5.179628677124745728e+00,-3.586318357449481020e+00,1.373433357926996657e-04
1.540000000000001090e-01,5.593686380561442295e-01,-8.257187951870793574e-01,-5.201992412538822386e+00,-3.553529360395192072e+00,1.382410046534802311e-04
1.550000000000001099e-01,5.541555506754147764e-01,-8.292558720795824012e-01,-5.224147503176242324e+00,-3.520601370896565552e+00,1.391386735142488703e-04
1.560000000000001108e-01,5.489204128842223307e-01,-8.327599520449413539e-01,-5.246093091228623884e+00,-3.487535730060212114e+00,1.400363423750055291e-04
1.570000000000001117e-01,5.436634346103957904e-01,-8.362308981045466494e-01,-5.267828327675478484e+00,-3.454333784206334634e+00,1.409340112357501261e-04
1.580000000000001126e-01,5.383848266263778770e-01,-8.396685746286908225e-01,-5.289352372314803041e+00,-3.420996884809076821e+00,1.418316800964825801e-04
1.590000000000001135e-01,5.330848005403914236e-01,-8.430728473416925217e-01,-5.310664393793244287e+00,-3.387526388436711056e+00,1.427293489572028097e-04
1.600000000000001144e-01,5.277635687875757986e-01,-8.464435833269610132e-01,-5.331763569635831423e+00,-3.353923656691661481e+00,1.436270178179107336e-04
1.610000000000001152e-01,5.224213446210941303e-01,-8.497806510319997342e-01,-5.352649086275279799e+00,-3.320190056150372993e+00,1.445246866786062704e-04
1.620000000000001161e-01,5.170583421032106664e-01,-8.530839202733505600e-01,-5.373320139080858482e+00,-3.286326958303024792e+00,1.454223555392893661e-04
1.630000000000001170e-01,5.116747760963404890e-01,-8.563532622414773421e-01,-5.393775932386829730e+00,-3.252335739493092959e+00,1.463200243999599121e-04
1.640000000000001179e-01,5.062708622540702530e-01,-8.595885495055886061e-01,-5.414015679520453261e+00,-3.218217780856767352e+00,1.472176932606178543e-04
1.650000000000001188e-01,5.008468170121510576e-01,-8.627896560184004082e-01,-5.434038602829559750e+00,-3.183974468262223745e+00,1.481153621212631113e-04
1.660000000000001197e-01,4.954028575794648392e-01,-8.659564571208373529e-01,-5.453843933709686453e+00,-3.149607192248755627e+00,1.490130309818956018e-04
1.670000000000001206e-01,4.899392019289628974e-01,-8.690888295466735469e-01,-5.473430912630781187e+00,-3.115117347965769667e+00,1.499106998425152445e-04
1.680000000000001215e-01,4.844560687885783867e-01,-8.721866514271121584e-01,-5.492798789163471973e+00,-3.080506335111645733e+00,1.508083687031219582e-04
1.690000000000001223e-01,4.789536776321127731e-01,-8.752498022953038026e-01,-5.511946822004900604e+00,-3.045775557872469008e+00,1.517060375637156885e-04
1.700000000000001232e-01,4.734322486700964783e-01,-8.782781630908031989e-01,-5.530874279004121874e+00,-3.010926424860633777e+00,1.526037064242963270e-04
1.710000000000001241e-01,4.678920028406245435e-01,-8.812716161639650991e-01,-5.549580437187063175e+00,-2.975960349053323739e+00,1.535013752848638196e-04
1.720000000000001250e-01,4.623331618001673693e-01,-8.842300452802782651e-01,-5.568064582781054206e+00,-2.940878747730871989e+00,1.543990441454180850e-04
1.730000000000001259e-01,4.567559479143572521e-01,-8.871533356246374957e-01,-5.586326011238917033e+00,-2.905683042415005080e+00,1.552967130059590417e-04
1.740000000000001268e-01,4.511605842487510509e-01,-8.900413738055543700e-01,-5.604364027262618286e+00,-2.870374658806972956e+00,1.561943818664866086e-04
1.750000000000001277e-01,4.455472945595694290e-01,-8.928940478593054841e-01,-5.622177944826486140e+00,-2.834955026725568317e+00,1.570920507270007313e-04
1.760000000000001286e-01,4.399163032844130572e-01,-8.957112472540191828e-01,-5.639767087199992091e+00,-2.799425580045039386e+00,1.579897195875013015e-04
1.770000000000001295e-01,4.342678355329561146e-01,-8.984928628937000061e-01,-5.657130786970093084e+00,-2.763787756632900106e+00,1.588873884479882650e-04
1.780000000000001303e-01,4.286021170776180833e-01,-9.012387871221906321e-01,-5.674268386063136660e+00,-2.728042998287638632e+00,1.597850573084615405e-04
1.790000000000001312e-01,4.229193743442133391e-01,-9.039489137270716457e-01,-5.691179235766330002e+00,-2.692192750676330348e+00,1.606827261689210194e-04
1.800000000000001321e-01,4.172198344025798700e-01,-9.066231379434990245e-01,-5.707862696748770226e+00,-2.656238463272155848e+00,1.615803950293666748e-04
1.810000000000001330e-01,4.115037249571870115e-01,-9.092613564579788976e-01,-5.724318139082039458e+00,-2.620181589291830537e+00,1.624780638897983982e-04
1.820000000000001339e-01,4.057712743377228648e-01,-9.118634674120797978e-01,-5.740544942260359385e+00,-2.584023585632946318e+00,1.633757327502161083e-04
1.830000000000001348e-01,4.000227114896617864e-01,-9.144293704060821870e-01,-5.756542495220310585e+00,-2.547765912811228439e+00,1.642734016106197508e-04
1.840000000000001357e-01,3.942582659648122823e-01,-9.169589665025650316e-01,-5.772310196360113110e+00,-2.511410034897714638e+00,1.651710704710092174e-04
1.850000000000001366e-01,3.884781679118459730e-01,-9.194521582299298723e-01,-5.787847453558472743e+00,-2.474957419455853902e+00,1.660687393313844539e-04
1.860000000000001374e-01,3.826826480668077957e-01,-9.219088495858616117e-01,-5.803153684192985828e+00,-2.438409537478535061e+00,1.669664081917453789e-04
1.870000000000001383e-01,3.768719377436082207e-01,-9.243289460407265734e-01,-5.818228315158108899e+00,-2.401767863325042107e+00,1.678640770520919111e-04
1.880000000000001392e-01,3.710462688244974272e-01,-9.267123545409071683e-01,-5.833070782882692207e+00,-2.365033874657942015e+00,1.687617459124239692e-04
1.890000000000001401e-01,3.652058737505224362e-01,-9.290589835120738327e-01,-5.847680533347074494e+00,-2.328209052379910826e+00,1.696594147727414990e-04
1.900000000000001410e-01,3.593509855119672580e-01,-9.313687428623932396e-01,-5.862057022099743442e+00,-2.291294880570497128e+00,1.705570836330443920e-04
1.910000000000001419e-01,3.534818376387764971e-01,-9.336415439856737830e-01,-5.876199714273558250e+00,-2.254292846422827790e+00,1.714547524933325942e-04
1.920000000000001428e-01,3.475986641909631913e-01,-9.358772997644473346e-01,-5.890108084601537008e+00,-2.217204440180259972e+00,1.723524213536060240e-04
1.930000000000001437e-01,3.417016997490008312e-01,-9.380759245729878293e-01,-5.903781617432205309e+00,-2.180031155072981619e+00,1.732500902138646003e-04
1.940000000000001446e-01,3.357911794042003351e-01,-9.402373342802663458e-01,-5.917219806744514088e+00,-2.142774487254563986e+00,1.741477590741082417e-04
1.950000000000001454e-01,3.298673387490725362e-01,-9.423614462528427937e-01,-5.930422156162320491e+00,-2.105435935738469766e+00,1.750454279343368670e-04
1.960000000000001463e-01,3.239304138676760147e-01,-9.444481793576940953e-01,-5.943388178968429969e+00,-2.068017002334518128e+00,1.759430967945503947e-04
1.970000000000001472e-01,3.179806413259513298e-01,-9.464974539649786411e-01,-5.956117398118209394e+00,-2.030519191585312466e+00,1.768407656547487706e-04
1.980000000000001481e-01,3.120182581620419837e-01,-9.485091919507371294e-01,-5.968609346252764958e+00,-1.992944010702633273e+00,1.777384345149319136e-04
1.990000000000001490e-01,3.060435018766021198e-01,-9.504833166995304561e-01,-5.980863565711682206e+00,-1.955292969503796829e+00,1.786361033750997421e-04
2.000000000000001499e-01,3.000566104230918962e-01,-9.524197531070127676e-01,-5.992879608545337966e+00,-1.917567580347986578e+00,1.795337722352521751e-04
2.010000000000001508e-01,2.940578221980607587e-01,-9.543184275824418972e-01,-6.004657036526778846e+00,-1.879769358072557628e+00,1.804314410953891310e-04
2.020000000000001517e-01,2.880473760314190002e-01,-9.561792680511256304e-01,-6.016195421163163637e+00,-1.841899819929318838e+00,1.813291099555105286e-04
2.030000000000001525e-01,2.820255111766980516e-01,-9.580022039568042436e-01,-6.027494343706777613e+00,-1.803960485520794466e+00,1.822267788156162866e-04
2.040000000000001534e-01,2.759924673013001151e-01,-9.597871662639692047e-01,-6.038553395165616067e+00,-1.765952876736470056e+00,1.831244476757063508e-04
2.050000000000001543e-01,2.699484844767372493e-01,-9.615340874601183696e-01,-6.049372176313533522e+00,-1.727878517689023674e+00,1.840221165357806398e-04
2.060000000000001552e-01,2.638938031688606856e-01,-9.632429015579474507e-01,-6.059950297699968402e+00,-1.689738934650547142e+00,1.849197853958390453e-04
2.070000000000001561e-01,2.578286642280805396e-01,-9.649135440974773159e-01,-6.070287379659232485e+00,-1.651535655988759732e+00,1.858174542558815130e-04
2.080000000000001570e-01,2.517533088795764207e-01,-9.665459521481177818e-01,-6.080383052319375814e+00,-1.613270212103217194e+00,1.867151231159079887e-04
2.090000000000001579e-01,2.456679787134995741e-01,-9.681400643106674586e-01,-6.090236955610621727e+00,-1.574944135361519226e+00,1.876127919759183640e-04
2.100000000000001588e-01,2.395729156751664757e-01,-9.696958207192502011e-01,-6.099848739273376452e+00,-1.536558960035518506e+00,1.885104608359125576e-04
2.110000000000001597e-01,2.334683620552450156e-01,-9.712131630431870555e-01,-6.109218062865808818e+00,-1.498116222237534156e+00,1.894081296958905153e-04
2.120000000000001605e-01,2.273545604799329933e-01,-9.726920344888051462e-01,-6.118344595771007199e+00,-1.459617459856572985e+00,1.903057985558521557e-04
2.130000000000001614e-01,2.212317539011298406e-01,-9.741323798011823909e-01,-6.127228017203708355e+00,-1.421064212494560497e+00,1.912034674157973976e-04
2.140000000000001623e-01,2.151001855866017942e-01,-9.755341452658286006e-01,-6.135868016216605270e+00,-1.382458021402586112e+00,1.921011362757261596e-04
2.150000000000001632e-01,2.089600991101409344e-01,-9.768972787103025190e-01,-6.144264291706228676e+00,-1.343800429417164155e+00,1.929988051356383604e-04
2.160000000000001641e-01,2.028117383417186170e-01,-9.782217295057656914e-01,-6.152416552418406681e+00,-1.305092980896514376e+00,1.938964739955339187e-04
2.170000000000001650e-01,1.966553474376335764e-01,-9.795074485684720500e-01,-6.160324516953302521e+00,-1.266337221656863798e+00,1.947941428554127803e-04
2.180000000000001659e-01,1.904911708306553098e-01,-9.807543883611944402e-01,-6.167987913770030417e+00,-1.227534698908775201e+00,1.956918117152748368e-04
2.190000000000001668e-01,1.843194532201629376e-01,-9.819625028945868639e-01,-6.175406481190853114e+00,-1.188686961193502034e+00,1.965894805751200339e-04
2.200000000000001676e-01,1.781404395622801506e-01,-9.831317477284832185e-01,-6.182579967404959298e+00,-1.149795558319374411e+00,1.974871494349482903e-04
2.210000000000001685e-01,1.719543750600066034e-01,-9.842620799731329750e-01,-6.189508130471820024e+00,-1.110862041298219527e+00,1.983848182947595248e-04
2.220000000000001694e-01,1.657615051533460615e-01,-9.853534582903726857e-01,-6.196190738324133029e+00,-1.071887962281817597e+00,1.992824871545536560e-04
2.230000000000001703e-01,1.595620755094319110e-01,-9.864058428947340973e-01,-6.202627568770345157e+00,-1.032874874498397322e+00,2.001801560143306026e-04
2.240000000000001712e-01,1.533563320126503093e-01,-9.874191955544890931e-01,-6.208818409496761781e+00,-9.938243321891737647e-01,2.010778248740903104e-04
2.250000000000001721e-01,1.471445207547615042e-01,-9.883934795926307970e-01,-6.214763058069243229e+00,-9.547378905449305231e-01,2.019754937338326709e-04
2.260000000000001730e-01,1.409268880250195144e-01,-9.893286598877913951e-01,-6.220461321934484644e+00,-9.156171056426500865e-01,2.028731625935576300e-04
2.270000000000001739e-01,1.347036803002908956e-01,-9.902247028750968960e-01,-6.225913018420884626e+00,-8.764635343821942648e-01,2.037708314532651064e-04
2.280000000000001747e-01,1.284751442351727002e-01,-9.910815765469581651e-01,-6.231117974739003529e+00,-8.372787344230374629e-01,2.046685003129550186e-04
2.290000000000001756e-01,1.222415266521103550e-01,-9.918992504537990085e-01,-6.236076027981609649e+00,-7.980642641210564658e-01,2.055661691726272855e-04
2.300000000000001765e-01,1.160030745315155098e-01,-9.926776957047210859e-01,-6.240787025123317733e+00,-7.588216824653782888e-01,2.064638380322818528e-04
2.310000000000001774e-01,1.097600350018845955e-01,-9.934168849681054292e-01,-6.245250823019818931e+00,-7.195525490152893111e-01,2.073615068919186120e-04
2.320000000000001783e-01,1.035126553299182822e-01,-9.941167924721511229e-01,-6.249467288406703069e+00,-6.802584238372082481e-01,2.082591757515375090e-04
2.330000000000001792e-01,9.726118291064235477e-02,-9.947773940053511454e-01,-6.253436297897875029e+00,-6.409408674417260698e-01,2.091568446111384625e-04
2.340000000000001801e-01,9.100586525753033562e-02,-9.953986669169049284e-01,-6.257157737983567891e+00,-6.016014407207147530e-01,2.100545134707213911e-04
2.350000000000001810e-01,8.474694999262832873e-02,-9.959805901170681874e-01,-6.260631505027951960e+00,-5.622417048845077536e-01,2.109521823302862135e-04
2.360000000000001819e-01,7.848468483668245843e-02,-9.965231440774399152e-01,-6.263857505266339665e+00,-5.228632213991553090e-01,2.118498511898328485e-04
2.370000000000001827e-01,7.221931759926927819e-02,-9.970263108311872013e-01,-6.266835654801992561e+00,-4.834675519237566221e-01,2.127475200493612146e-04
2.380000000000001836e-01,6.595109616892956550e-02,-9.974900739732064370e-01,-6.269565879602525094e+00,-4.440562582478712605e-01,2.136451889088712577e-04
2.390000000000001845e-01,5.968026850330598182e-02,-9.979144186602227906e-01,-6.272048115495913123e+00,-4.046309022290132673e-01,2.145428577683628965e-04
2.400000000000001854e-01,5.340708261928482636e-02,-9.982993316108270676e-01,-6.274282308166102773e+00,-3.651930457302295929e-01,2.154405266278360226e-04
2.410000000000001863e-01,4.713178658314245290e-02,-9.986448011054497309e-01,-6.276268413148223146e+00,-3.257442505577658465e-01,2.163381954872905816e-04
2.420000000000001872e-01,4.085462850069664087e-02,-9.989508169862731934e-01,-6.278006395823405583e+00,-2.862860783988216973e-01,2.172358643467264924e-04
2.430000000000001881e-01,3.457585650746333727e-02,-9.992173706570816050e-01,-6.279496231413209451e+00,-2.468200907593984805e-01,2.181335332061437008e-04
2.440000000000001890e-01,2.829571875881917858e-02,-9.994444550830487994e-01,-6.280737904973654473e+00,-2.073478489022415050e-01,2.190312020655420982e-04
2.450000000000001898e-01,2.201446342017020219e-02,-9.996320647904638479e-01,-6.281731411388863151e+00,-1.678709137848794497e-01,2.199288709249216304e-04
2.460000000000001907e-01,1.573233865712704918e-02,-9.997801958663948829e-01,-6.282476755364313270e+00,-1.283908459977632366e-01,2.208265397842821892e-04
2.470000000000001916e-01,9.449592625687175396e-03,-9.998888459582913057e-01,-6.282973951419702274e+00,-8.890920570250696042e-02,2.217242086436237202e-04
2.480000000000001925e-01,3.166473462424341384e-03,-9.999580142735239319e-01,-6.283223023881427061e+00,-4.942755257023304094e-02,2.226218775029461421e-04
2.490000000000001934e-01,-3.116770725314159905e-03,-9.999877015788638523e-01,-6.283224006874673861e+00,-9.947445720024226945e-03,2.235195463622493737e-04
2.500000000000001665e-01,-9.399891869202177744e-03,-9.999779101998995667e-01,-6.282976944315129764e+00,2.952955634251537564e-02,2.244172152215333335e-04
2.510000000000001674e-01,-1.568264194972089631e-02,-9.999286440203930537e-01,-6.282481889900306982e+00,6.900189578658783018e-02,2.253148840807979675e-04
2.520000000000001683e-01,-2.196477300593617857e-02,-9.998399084815740023e-01,-6.281738907100489655e+00,1.084680155174151672e-01,2.262125529400431671e-04
2.530000000000001692e-01,-2.824603714526663020e-02,-9.997117105813734250e-01,-6.280748069149298729e+00,1.479263592373370739e-01,2.271102217992688782e-04
2.540000000000001701e-01,-3.452618655324207753e-02,-9.995440588735959864e-01,-6.279509459033879359e+00,1.873753715067902892e-01,2.280078906584750195e-04
2.550000000000001710e-01,-4.080497350325203165e-02,-9.993369634670317136e-01,-6.278023169484711730e+00,2.268134978051672968e-01,2.289055595176615096e-04
2.560000000000001719e-01,-4.708215036628375649e-02,-9.990904360245062010e-01,-6.276289302965047945e+00,2.662391845915522137e-01,2.298032283768282672e-04
2.570000000000001728e-01,-5.335746962064961268e-02,-9.988044897618710838e-01,-6.274307971659972338e+00,3.056508793653316403e-01,2.307008972359752110e-04
2.580000000000001736e-01,-5.963068386170326807e-02,-9.984791394469330061e-01,-6.272079297465092296e+00,3.450470307266779724e-01,2.315985660951022868e-04
2.590000000000001745e-01,-6.590154581154440694e-02,-9.981144013983230812e-01,-6.269603411974858709e+00,3.844260884369034570e-01,2.324962349542093862e-04
2.600000000000001754e-01,-7.216980832871157381e-02,-9.977102934843053994e-01,-6.266880456470513394e+00,4.237865034786823526e-01,2.333939038132964549e-04
2.610000000000001763e-01,-7.843522441786279775e-02,-9.972668351215255855e-01,-6.263910581907675024e+00,4.631267281161394189e-01,2.342915726723634117e-04
2.620000000000001772e-01,-8.469754723944361574e-02,-9.967840472736995139e-01,-6.260693948903552020e+00,5.024452159548021823e-01,2.351892415314101752e-04
2.630000000000001781e-01,-9.095653011934208554e-02,-9.962619524502417390e-01,-6.257230727723799291e+00,5.417404220014153671e-01,2.360869103904366642e-04
2.640000000000001790e-01,-9.721192655853053144e-02,-9.957005747048348621e-01,-6.253521098269002820e+00,5.810108027236149386e-01,2.369845792494427973e-04
2.650000000000001799e-01,-1.034634902426935649e-01,-9.950999396339383907e-01,-6.249565250060810762e+00,6.202548161094596502e-01,2.378822481084285202e-04
2.660000000000001807e-01,-1.097109750518420745e-01,-9.944600743752388672e-01,-6.245363382227701265e+00,6.594709217268187595e-01,2.387799169673937517e-04
2.670000000000001816e-01,-1.159541350699127699e-01,-9.937810076060403786e-01,-6.240915703490393263e+00,6.986575807826129747e-01,2.396775858263383834e-04
2.680000000000001825e-01,-1.221927245943529861e-01,-9.930627695415958911e-01,-6.236222432146898420e+00,7.378132561819066293e-01,2.405752546852623611e-04
2.690000000000001834e-01,-1.284264981456903487e-01,-9.923053919333797435e-01,-6.231283796057221380e+00,7.769364125868500892e-01,2.414729235441656033e-04
2.700000000000001843e-01,-1.346552104770870062e-01,-9.915089080673010757e-01,-6.226100032627707392e+00,8.160255164754695034e-01,2.423705924030480289e-04
2.710000000000001852e-01,-1.408786165838779303e-01,-9.906733527618585278e-01,-6.220671388795033785e+00,8.550790362003014566e-01,2.432682612619095836e-04
2.720000000000001861e-01,-1.470964717130931465e-01,-9.897987623662366508e-01,-6.214998121009856824e+00,8.940954420468725239e-01,2.441659301207501861e-04
2.730000000000001870e-01,-1.533085313729633803e-01,-9.888851747583435881e-01,-6.209080495220106855e+00,9.330732062920191749e-01,2.450635989795697280e-04
2.740000000000001878e-01,-1.595145513424088557e-01,-9.879326293427909134e-01,-6.202918786853937050e+00,9.720108032620483618e-01,2.459612678383681279e-04
2.750000000000001887e-01,-1.657142876805108023e-01,-9.869411670488148491e-01,-6.196513280802329326e+00,1.010906709390735569e+00,2.468589366971453316e-04
2.760000000000001896e-01,-1.719074967359654760e-01,-9.859108303281400865e-01,-6.189864271401357421e+00,1.049759403277159331e+00,2.477566055559012850e-04
2.770000000000001905e-01,-1.780939351565202500e-01,-9.848416631527855403e-01,-6.182972062414105352e+00,1.088567365743368986e+00,2.486542744146358797e-04
2.780000000000001914e-01,-1.842733598983913867e-01,-9.837337110128124840e-01,-6.175836967012247491e+00,1.127329079891885355e+00,2.495519432733490613e-04
2.790000000000001923e-01,-1.904455282356633528e-01,-9.825870209140157296e-01,-6.168459307757291121e+00,1.166043031163032317e+00,2.504496121320407215e-04
2.800000000000001932e-01,-1.966101977696690928e-01,-9.814016413755569657e-01,-6.160839416581484151e+00,1.204707707392095761e+00,2.513472809907108061e-04
2.810000000000001941e-01,-2.027671264383510974e-01,-9.801776224275412508e-01,-6.152977634768383552e+00,1.243321598866310662e+00,2.522449498493592067e-04
2.820000000000001950e-01,-2.089160725256027917e-01,-9.789150156085369980e-01,-6.144874312933096938e+00,1.281883198381672750e+00,2.531426187079858689e-04
2.830000000000001958e-01,-2.150567946705901901e-01,-9.776138739630384489e-01,-6.136529811002186641e+00,1.320391001299573208e+00,2.540402875665906846e-04
2.840000000000001967e-01,-2.211890518770530945e-01,-9.762742520388721923e-01,-6.127944498193249601e+00,1.358843505603255508e+00,2.549379564251736535e-04
2.850000000000001976e-01,-2.273126035225857267e-01,-9.748962058845473955e-01,-6.119118752994165966e+00,1.397239211954092175e+00,2.558356252837346132e-04
2.860000000000001985e-01,-2.334272093678966542e-01,-9.734797930465493021e-01,-6.110052963142026172e+00,1.435576623747679248e+00,2.567332941422735635e-04
2.870000000000001994e-01,-2.395326295660471505e-01,-9.720250725665769975e-01,-6.100747525601726728e+00,1.473854247169748000e+00,2.576309630007903419e-04
2.880000000000002003e-01,-2.456286246716682942e-01,-9.705321049787257737e-01,-6.091202846544251592e+00,1.512070591251891027e+00,2.585286318592849484e-04
2.890000000000002012e-01,-2.517149556501560581e-01,-9.690009523066130948e-01,-6.081419341324626693e+00,1.550224167927101160e+00,2.594263007177572745e-04
2.900000000000002021e-01,-2.577913838868440832e-01,-9.674316780604498289e-01,-6.071397434459558262e+00,1.588313492085123402e+00,2.603239695762072118e-04
2.910000000000002029e-01,-2.638576711961541643e-01,-9.658243472340555247e-01,-6.061137559604756753e+00,1.626337081627615255e+00,2.612216384346347062e-04
2.920000000000002038e-01,-2.699135798307236711e-01,-9.641790263018192864e-01,-6.050640159531937456e+00,1.664293457523117192e+00,2.621193072930397034e-04
2.930000000000002047e-01,-2.759588724905100987e-01,-9.624957832156054716e-01,-6.039905686105518257e+00,1.702181143861827950e+00,2.630169761514220949e-04
2.940000000000002056e-01,-2.819933123318718593e-01,-9.607746874016046545e-01,-6.028934600258994969e+00,1.739998667910187091e+00,2.639146450097818266e-04
2.950000000000002065e-01,-2.880166629766253705e-01,-9.590158097571299667e-01,-6.017727371971016481e+00,1.777744560165260390e+00,2.648123138681188443e-04
2.960000000000002074e-01,-2.940286885210782741e-01,-9.572192226473599241e-01,-6.006284480241144585e+00,1.815417354408927375e+00,2.657099827264330395e-04
2.970000000000002083e-01,-3.000291535450379521e-01,-9.553849999020259665e-01,-5.994606413065310058e+00,1.853015587761869920e+00,2.666076515847243039e-04
2.980000000000002092e-01,-3.060178231207956179e-01,-9.535132168120471485e-01,-5.982693667410965865e+00,1.890537800737360552e+00,2.675053204429925831e-04
2.990000000000002101e-01,-3.119944628220852056e-01,-9.516039501261105427e-01,-5.970546749191934843e+00,1.927982537294847587e+00,2.684029893012378231e-04
3.000000000000002109e-01,-3.179588387330170018e-01,-9.496572780471985720e-01,-5.958166173242958052e+00,1.965348344893338206e+00,2.693006581594599154e-04
3.010000000000002118e-01,-3.239107174569859082e-01,-9.476732802290626090e-01,-5.945552463293944712e+00,2.002633774544574585e+00,2.701983270176588057e-04
3.020000000000002127e-01,-3.298498661255533371e-01,-9.456520377726439497e-01,-5.932706151943923700e+00,2.039837380866005301e+00,2.710959958758344399e-04
3.030000000000002136e-01,-3.357760524073034603e-01,-9.435936332224413858e-01,-5.919627780634698411e+00,2.076957722133547790e+00,2.719936647339867095e-04
3.040000000000002145e-01,-3.416890445166724244e-01,-9.414981505628268188e-01,-5.906317899624212053e+00,2.113993360334142757e+00,2.728913335921155062e-04
3.050000000000002154e-01,-3.475886112227512537e-01,-9.393656752143078048e-01,-5.892777067959617199e+00,2.150942861218096969e+00,2.737890024502207757e-04
3.060000000000002163e-01,-3.534745218580614412e-01,-9.371962940297382527e-01,-5.879005853450056662e+00,2.187804794351214444e+00,2.746866713083024637e-04
3.070000000000002172e-01,-3.593465463273030625e-01,-9.349900952904768303e-01,-5.865004832639158394e+00,2.224577733166714921e+00,2.755843401663604620e-04
3.080000000000002180e-01,-3.652044551160755770e-01,-9.327471687024936342e-01,-5.850774590777239048e+00,2.261260255016937837e+00,2.764820090243947162e-04
3.090000000000002189e-01,-3.710480192995703752e-01,-9.304676053924255674e-01,-5.836315721793229550e+00,2.297850941224829580e+00,2.773796778824051722e-04
3.100000000000002198e-01,-3.768770105512352919e-01,-9.281514979035798696e-01,-5.821628828266313782e+00,2.334348377135214925e+00,2.782773467403917215e-04
3.110000000000002207e-01,-3.826912011514105871e-01,-9.257989401918865768e-01,-5.806714521397286610e+00,2.370751152165849085e+00,2.791750155983542558e-04
3.120000000000002216e-01,-3.884903639959360055e-01,-9.234100276218005776e-01,-5.791573420979635678e+00,2.407057859858252158e+00,2.800726844562927208e-04
3.130000000000002225e-01,-3.942742726047290813e-01,-9.209848569621520431e-01,-5.776206155370342543e+00,2.443267097928319753e+00,2.809703533142070622e-04
3.140000000000002234e-01,-4.000427011303336888e-01,-9.185235263819471196e-01,-5.760613361460412030e+00,2.479377468316715127e+00,2.818680221720971718e-04
3.150000000000002243e-01,-4.057954243664393945e-01,-9.160261354461181060e-01,-5.744795684645125355e+00,2.515387577239034833e+00,2.827656910299629952e-04
3.160000000000002252e-01,-4.115322177563707218e-01,-9.134927851112232267e-01,-5.728753778794024143e+00,2.551296035235752768e+00,2.836633598878044783e-04
3.170000000000002260e-01,-4.172528574015461622e-01,-9.109235777210972218e-01,-5.712488306220621759e+00,2.587101457221938183e+00,2.845610287456215126e-04
3.180000000000002269e-01,-4.229571200699070999e-01,-9.083186170024516448e-01,-5.695999937651851752e+00,2.622802462536745871e+00,2.854586976034139897e-04
3.190000000000002278e-01,-4.286447832043156492e-01,-9.056780080604265315e-01,-5.679289352197243623e+00,2.658397674992680315e+00,2.863563664611818555e-04
3.200000000000002287e-01,-4.343156249309218508e-01,-9.030018573740922205e-01,-5.662357237317840131e+00,2.693885722924629800e+00,2.872540353189250556e-04
3.210000000000002296e-01,-4.399694240674994483e-01,-9.002902727919026571e-01,-5.645204288794848146e+00,2.729265239238671370e+00,2.881517041766434818e-04
3.220000000000002305e-01,-4.456059601317504115e-01,-8.975433635270998467e-01,-5.627831210698032827e+00,2.764534861460644422e+00,2.890493730343370797e-04
3.230000000000002314e-01,-4.512250133495773752e-01,-8.947612401530697923e-01,-5.610238715353848882e+00,2.799693231784493364e+00,2.899470418920057952e-04
3.240000000000002323e-01,-4.568263646633244912e-01,-8.919440145986505808e-01,-5.592427523313318716e+00,2.834738997120375803e+00,2.908447107496495198e-04
3.250000000000002331e-01,-4.624097957399856407e-01,-8.890918001433920637e-01,-5.574398363319653882e+00,2.869670809142537582e+00,2.917423796072681451e-04
3.260000000000002340e-01,-4.679750889793805047e-01,-8.862047114127680203e-01,-5.556151972275623407e+00,2.904487324336951559e+00,2.926400484648616169e-04
3.270000000000002349e-01,-4.735220275222976061e-01,-8.832828643733403595e-01,-5.537689095210670764e+00,2.939187204048723245e+00,2.935377173224298811e-04
3.280000000000002358e-01,-4.790503952586044334e-01,-8.803263763278770249e-01,-5.519010485247781261e+00,2.973769114529256186e+00,2.944353861799728833e-04
3.290000000000002367e-01,-4.845599768353243131e-01,-8.773353659104214941e-01,-5.500116903570103410e+00,3.008231726983181087e+00,2.953330550374904610e-04
3.300000000000002376e-01,-4.900505576646798644e-01,-8.743099530813167597e-01,-5.481009119387322492e+00,3.042573717615045581e+00,2.962307238949826141e-04
3.310000000000002385e-01,-4.955219239321025371e-01,-8.712502591221819026e-01,-5.461687909901788984e+00,3.076793767675764180e+00,2.971283927524492343e-04
3.320000000000002394e-01,-5.009738626042082865e-01,-8.681564066308427030e-01,-5.442154060274408955e+00,3.110890563508827977e+00,2.980260616098902131e-04
3.330000000000002403e-01,-5.064061614367387776e-01,-8.650285195162157326e-01,-5.422408363590291103e+00,3.144862796596271437e+00,2.989237304673055505e-04
3.340000000000002411e-01,-5.118186089824687812e-01,-8.618667229931474827e-01,-5.402451620824155754e+00,3.178709163604398480e+00,2.998213993246950839e-04
3.350000000000002420e-01,-5.172109945990778224e-01,-8.586711435772069745e-01,-5.382284640805505838e+00,3.212428366429262994e+00,3.007190681820588133e-04
3.360000000000002429e-01,-5.225831084569878549e-01,-8.554419090794334046e-01,-5.361908240183566932e+00,3.246019112241907312e+00,3.016167370393966303e-04
3.370000000000002438e-01,-5.279347415471651317e-01,-8.521791486010386052e-01,-5.341323243391991049e+00,3.279480113533354224e+00,3.025144058967084264e-04
3.380000000000002447e-01,-5.332656856888871033e-01,-8.488829925280648725e-01,-5.320530482613328616e+00,3.312810088159352961e+00,3.034120747539941474e-04
3.390000000000002456e-01,-5.385757335374732335e-01,-8.455535725259977209e-01,-5.299530797743273069e+00,3.346007759384878710e+00,3.043097436112537392e-04
3.400000000000002465e-01,-5.438646785919802884e-01,-8.421910215343347827e-01,-5.278325036354677202e+00,3.379071855928386103e+00,3.052074124684870933e-04
3.410000000000002474e-01,-5.491323152028614318e-01,-8.387954737611099665e-01,-5.256914053661343011e+00,3.412001112005811354e+00,3.061050813256941555e-04
3.420000000000002482e-01,-5.543784385795889058e-01,-8.353670646773744268e-01,-5.235298712481588623e+00,3.444794267374327923e+00,3.070027501828748173e-04
3.430000000000002491e-01,-5.596028447982402954e-01,-8.319059310116332373e-01,-5.213479883201592280e+00,3.477450067375851273e+00,3.079004190400290246e-04
3.440000000000002500e-01,-5.648053308090478231e-01,-8.284122107442393190e-01,-5.191458443738514283e+00,3.509967262980292269e+00,3.087980878971566690e-04
3.450000000000002509e-01,-5.699856944439111173e-01,-8.248860431017436268e-01,-5.169235279503404890e+00,3.542344610828561446e+00,3.096957567542576962e-04
3.460000000000002518e-01,-5.751437344238720106e-01,-8.213275685512028135e-01,-5.146811283363889267e+00,3.574580873275319259e+00,3.105934256113320521e-04
3.470000000000002527e-01,-5.802792503665528123e-01,-8.177369287944444842e-01,-5.124187355606642846e+00,3.606674818431474527e+00,3.114910944683796281e-04
3.480000000000002536e-01,-5.853920427935561666e-01,-8.141142667622895956e-01,-5.101364403899649069e+00,3.638625220206428423e+00,3.123887633254003701e-04
3.490000000000002545e-01,-5.904819131378277186e-01,-8.104597266087326668e-01,-5.078343343254250186e+00,3.670430858350066217e+00,3.132864321823941697e-04
3.500000000000002554e-01,-5.955486637509802561e-01,-8.067734537050810228e-01,-5.055125095986982231e+00,3.702090518494492777e+00,3.141841010393609727e-04
3.510000000000002562e-01,-6.005920979105794366e-01,-8.030555946340512952e-01,-5.031710591681209266e+00,3.733602992195512726e+00,3.150817698963007249e-04
3.520000000000002571e-01,-6.056120198273919897e-01,-7.993062971838252873e-01,-5.008100767148543575e+00,3.764967076973854798e+00,3.159794387532133177e-04
3.530000000000002580e-01,-6.106082346525939508e-01,-7.955257103420645404e-01,-4.984296566390069572e+00,3.796181576356140841e+00,3.168771076100986971e-04
3.540000000000002589e-01,-6.155805484849411480e-01,-7.917139842898840429e-01,-4.960298940557356318e+00,3.827245299915594590e+00,3.177747764669567546e-04
3.550000000000002598e-01,-6.205287683778997199e-01,-7.878712703957855279e-01,-4.936108847913279085e+00,3.858157063312495083e+00,3.186724453237874360e-04
3.560000000000002607e-01,-6.254527023467381097e-01,-7.839977212095500247e-01,-4.911727253792630421e+00,3.888915688334371179e+00,3.195701141805906329e-04
3.570000000000002616e-01,-6.303521593755788688e-01,-7.800934904560906658e-01,-4.887155130562544691e+00,3.919520002935935832e+00,3.204677830373662910e-04
3.580000000000002625e-01,-6.352269494244113801e-01,-7.761587330292659681e-01,-4.862393457582718348e+00,3.949968841278761467e+00,3.213654518941143020e-04
3.590000000000002633e-01,-6.400768834360642812e-01,-7.721936049856529261e-01,-4.837443221165441010e+00,3.980261043770696006e+00,3.222631207508346116e-04
3.600000000000002642e-01,-6.449017733431382515e-01,-7.681982635382811342e-01,-4.812305414535432924e+00,4.010395457105016881e+00,3.231607896075271657e-04
3.610000000000002651e-01,-6.497014320748978333e-01,-7.641728670503280529e-01,-4.786981037789492355e+00,4.040370934299324368e+00,3.240584584641918557e-04
3.620000000000002660e-01,-6.544756735641237277e-01,-7.601175750287753052e-01,-4.761471097855952905e+00,4.070186334734172462e+00,3.249561273208286276e-04
3.630000000000002669e-01,-6.592243127539237912e-01,-7.560325481180264484e-01,-4.735776608453953429e+00,4.099840524191439073e+00,3.258537961774373728e-04
3.640000000000002678e-01,-6.639471656045031756e-01,-7.519179480934865545e-01,-4.709898590052526757e+00,4.129332374892432433e+00,3.267514650340180371e-04
3.650000000000002687e-01,-6.686440490998940556e-01,-7.477739378551040428e-01,-4.683838069829499240e+00,4.158660765535733717e+00,3.276491338905705665e-04
3.660000000000002696e-01,-6.733147812546436128e-01,-7.436006814208742099e-01,-4.657596081630211771e+00,4.187824581334776752e+00,3.285468027470948523e-04
3.670000000000002705e-01,-6.779591811204609408e-01,-7.393983439203061225e-01,-4.631173665926058725e+00,4.216822714055163068e+00,3.294444716035908405e-04
3.680000000000002713e-01,-6.825770687928219838e-01,-7.351670915878517620e-01,-4.604571869772849269e+00,4.245654062051714028e+00,3.303421404600584226e-04
3.690000000000002722e-01,-6.871682654175335081e-01,-7.309070917562980885e-01,-4.577791746768991032e+00,4.274317530305253854e+00,3.312398093164975444e-04
3.700000000000002731e-01,-6.917325931972543307e-01,-7.266185128501232438e-01,-4.550834357013499698e+00,4.302812030459131520e+00,3.321374781729080974e-04
3.710000000000002740e-01,-6.962698753979751354e-01,-7.223015243788155626e-01,-4.523700767063834505e+00,4.331136480855475313e+00,3.330351470292900276e-04
3.720000000000002749e-01,-7.007799363554556571e-01,-7.179562969301568343e-01,-4.496392049893561449e+00,4.359289806571178261e+00,3.339328158856432263e-04
3.730000000000002758e-01,-7.052626014816195665e-01,-7.135830021634697040e-01,-4.468909284849845065e+00,4.387270939453620677e+00,3.348304847419676937e-04
3.740000000000002767e-01,-7.097176972709066112e-01,-7.091818128028294366e-01,-4.441253557610774116e+00,4.415078818156124463e+00,3.357281535982632671e-04
3.750000000000002776e-01,-7.141450513065822348e-01,-7.047529026302402633e-01,-4.413425960142519422e+00,4.442712388173138294e+00,3.366258224545298923e-04
3.760000000000002784e-01,-7.185444922670043422e-01,-7.002964464787768684e-01,-4.385427590656326480e+00,4.470170601875157246e+00,3.375234913107675152e-04
3.770000000000002793e-01,-7.229158499318465436e-01,-6.958126202256910142e-01,-4.357259553565342003e+00,4.497452418543370634e+00,3.384211601669760813e-04
3.780000000000002802e-01,-7.272589551882784331e-01,-6.913016007854835276e-01,-4.328922959441283247e+00,4.524556804404046062e+00,3.393188290231554825e-04
3.790000000000002811e-01,-7.315736400371026793e-01,-6.867635661029422023e-01,-4.300418924970941248e+00,4.551482732662640807e+00,3.402164978793056102e-04
3.800000000000002820e-01,-7.358597375988478184e-01,-6.821986951461457283e-01,-4.271748572912531294e+00,4.578229183537644964e+00,3.411141667354264102e-04
3.810000000000002829e-01,-7.401170821198184147e-01,-6.776071678994337599e-01,-4.242913032051881750e+00,4.604795144294156373e+00,3.420118355915178284e-04
3.820000000000002838e-01,-7.443455089781000344e-01,-6.729891653563435661e-01,-4.213913437158467445e+00,4.631179609277181974e+00,3.429095044475797562e-04
3.830000000000002847e-01,-7.485448546895213662e-01,-6.683448695125139283e-01,-4.184750928941292081e+00,4.657381579944673611e+00,3.438071733036121395e-04
3.840000000000002855e-01,-7.527149569135712648e-01,-6.636744633585552888e-01,-4.155426654004616971e+00,4.683400064900288484e+00,3.447048421596148699e-04
3.850000000000002864e-01,-7.568556544592721647e-01,-6.589781308728881459e-01,-4.125941764803537026e+00,4.709234079925883165e+00,3.456025110155878932e-04
3.860000000000002873e-01,-7.609667872910083064e-01,-6.542560570145484755e-01,-4.096297419599410183e+00,4.734882648013734041e+00,3.465001798715311551e-04
3.870000000000002882e-01,-7.650481965343098878e-01,-6.495084277159617336e-01,-4.066494782415137621e+00,4.760344799398485982e+00,3.473978487274445473e-04
3.880000000000002891e-01,-7.690997244815919176e-01,-6.447354298756839963e-01,-4.036535022990299204e+00,4.785619571588831000e+00,3.482955175833280155e-04
3.890000000000002900e-01,-7.731212145978487715e-01,-6.399372513511127902e-01,-4.006419316736143266e+00,4.810706009398913352e+00,3.491931864391814512e-04
3.900000000000002909e-01,-7.771125115263030070e-01,-6.351140809511656160e-01,-3.976148844690435613e+00,4.835603164979463742e+00,3.500908552950048004e-04
3.910000000000002918e-01,-7.810734610940094358e-01,-6.302661084289281623e-01,-3.945724793472162428e+00,4.860310097848659083e+00,3.509885241507979545e-04
3.920000000000002927e-01,-7.850039103174133448e-01,-6.253935244742715449e-01,-3.915148355236099054e+00,4.884825874922714029e+00,3.518861930065608594e-04
3.930000000000002935e-01,-7.889037074078638634e-01,-6.204965207064387922e-01,-3.884420727627237557e+00,4.909149570546194497e+00,3.527838618622934608e-04
3.940000000000002944e-01,-7.927727017770812568e-01,-6.155752896666017993e-01,-3.853543113735077519e+00,4.933280266522059421e+00,3.536815307179956504e-04
3.950000000000002953e-01,-7.966107440425781450e-01,-6.106300248103878614e-01,-3.822516722047782700e+00,4.957217052141430713e+00,3.545791995736673197e-04
3.960000000000002962e-01,-8.004176860330358689e-01,-6.056609205003767871e-01,-3.791342766406202269e+00,4.980959024213090558e+00,3.554768684293084686e-04
3.970000000000002971e-01,-8.041933807936334500e-01,-6.006681719985684786e-01,-3.760022465957762794e+00,5.004505287092700705e+00,3.563745372849189889e-04
3.980000000000002980e-01,-8.079376825913314741e-01,-5.956519754588218696e-01,-3.728557045110227008e+00,5.027854952711751757e+00,3.572722061404987721e-04
3.990000000000002989e-01,-8.116504469201092364e-01,-5.906125279192644406e-01,-3.696947733485323795e+00,5.051007140606236234e+00,3.581698749960477639e-04
4.000000000000002998e-01,-8.153315305061551443e-01,-5.855500272946734253e-01,-3.665195765872252043e+00,5.073960977945048079e+00,3.590675438515658559e-04
4.010000000000003006e-01,-8.189807913130113803e-01,-5.804646723688292598e-01,-3.633302382181057055e+00,5.096715599558108600e+00,3.599652127070530482e-04
4.020000000000003015e-01,-8.225980885466709358e-01,-5.753566627868400563e-01,-3.601268827395881722e+00,5.119270147964214424e+00,3.608628815625091781e-04
4.030000000000003024e-01,-8.261832826606286817e-01,-5.702261990474394304e-01,-3.569096351528096900e+00,5.141623773398615427e+00,3.617605504179342455e-04
4.040000000000003033e-01,-8.297362353608845886e-01,-5.650734824952560187e-01,-3.536786209569307893e+00,5.163775633840314683e+00,3.626582192733280880e-04
4.050000000000003042e-01,-8.332568096109009836e-01,-5.598987153130562389e-01,-3.504339661444241028e+00,5.185724895039091287e+00,3.635558881286907055e-04
4.060000000000003051e-01,-8.367448696365116234e-01,-5.547021005139602945e-01,-3.471757971963512546e+00,5.207470730542254067e+00,3.644535569840219895e-04
4.070000000000003060e-01,-8.402002809307842490e-01,-5.494838419336313118e-01,-3.439042410776278480e+00,5.229012321721112855e+00,3.653512258393218316e-04
4.080000000000003069e-01,-8.436229102588351791e-01,-5.442441442224379422e-01,-3.406194252322771288e+00,5.250348857797179747e+00,3.662488946945902319e-04
4.090000000000003078e-01,-8.470126256625967187e-01,-5.389832128375917630e-01,-3.373214775786718356e+00,5.271479535868092370e+00,3.671465635498270277e-04
4.100000000000003086e-01,-8.503692964655368280e-01,-5.337012540352575884e-01,-3.340105265047651706e+00,5.292403560933259143e+00,3.680442324050322189e-04
4.110000000000003095e-01,-8.536927932773308303e-01,-5.283984748626395778e-01,-3.306867008633102234e+00,5.313120145919232762e+00,3.689419012602056431e-04
4.120000000000003104e-01,-8.569829879984857124e-01,-5.230750831500413645e-01,-3.273501299670686482e+00,5.333628511704805675e+00,3.698395701153473001e-04
4.130000000000003113e-01,-8.602397538249161313e-01,-5.177312875029010941e-01,-3.240009435840083718e+00,5.353927887145828457e+00,3.707372389704570816e-04
4.140000000000003122e-01,-8.634629652524724586e-01,-5.123672972938024817e-01,-3.206392719324905993e+00,5.374017509099754619e+00,3.716349078255348792e-04
4.150000000000003131e-01,-8.666524980814204193e-01,-5.069833226544606664e-01,-3.172652456764461615e+00,5.393896622449905642e+00,3.725325766805806928e-04
4.160000000000003140e-01,-8.698082294208727694e-01,-5.015795744676847523e-01,-3.138789959205415148e+00,5.413564480129461565e+00,3.734302455355943597e-04
4.170000000000003149e-01,-8.729300376931725669e-01,-4.961562643593156463e-01,-3.104806542053343055e+00,5.433020343145176234e+00,3.743279143905758801e-04
4.180000000000003157e-01,-8.760178026382274830e-01,-4.907136046901410809e-01,-3.070703525024189418e+00,5.452263480600811896e+00,3.752255832455250913e-04
4.190000000000003166e-01,-8.790714053177962617e-01,-4.852518085477868226e-01,-3.036482232095619516e+00,5.471293169720302885e+00,3.761232521004419932e-04
4.200000000000003175e-01,-8.820907281197256644e-01,-4.797710897385850104e-01,-3.002143991458275707e+00,5.490108695870635991e+00,3.770209209553264775e-04
4.210000000000003184e-01,-8.850756547621393411e-01,-4.742716627794199002e-01,-2.967690135466934720e+00,5.508709352584459040e+00,3.779185898101784899e-04
4.220000000000003193e-01,-8.880260702975775189e-01,-4.687537428895509617e-01,-2.933122000591569023e+00,5.527094441582410589e+00,3.788162586649979221e-04
4.230000000000003202e-01,-8.909418611170872859e-01,-4.632175459824137698e-01,-2.898440927368314934e+00,5.545263272795172504e+00,3.797139275197846655e-04
4.240000000000003211e-01,-8.938229149542646912e-01,-4.576632886573991366e-01,-2.863648260350344366e+00,5.563215164385245437e+00,3.806115963745387203e-04
4.250000000000003220e-01,-8.966691208892469955e-01,-4.520911881916105379e-01,-2.828745348058646858e+00,5.580949442768448954e+00,3.815092652292599779e-04
4.260000000000003229e-01,-8.994803693526556287e-01,-4.465014625316000574e-01,-2.793733542932718805e+00,5.598465442635141009e+00,3.824069340839483301e-04
4.270000000000003237e-01,-9.022565521294904078e-01,-4.408943302850834578e-01,-2.758614201281165190e+00,5.615762506971163859e+00,3.833046029386037224e-04
4.280000000000003246e-01,-9.049975623629734622e-01,-4.352700107126342144e-01,-2.723388683232212504e+00,5.632839987078511079e+00,3.842022717932261008e-04
4.290000000000003255e-01,-9.077032945583445311e-01,-4.296287237193573416e-01,-2.688058352684132846e+00,5.649697242595715707e+00,3.850999406478153569e-04
4.300000000000003264e-01,-9.103736445866057458e-01,-4.239706898465426255e-01,-2.652624577255585869e+00,5.666333641517963926e+00,3.859976095023714363e-04
4.310000000000003273e-01,-9.130085096882175622e-01,-4.182961302632980383e-01,-2.617088728235874573e+00,5.682748560216929867e+00,3.868952783568942308e-04
4.320000000000003282e-01,-9.156077884767441777e-01,-4.126052667581634470e-01,-2.581452180535117602e+00,5.698941383460333299e+00,3.877929472113836860e-04
4.330000000000003291e-01,-9.181713809424496553e-01,-4.068983217307049483e-01,-2.545716312634342060e+00,5.714911504431220202e+00,3.886906160658396936e-04
4.340000000000003300e-01,-9.206991884558435313e-01,-4.011755181830900518e-01,-2.509882506535494606e+00,5.730658324746963572e+00,3.895882849202621993e-04
4.350000000000003308e-01,-9.231911137711770188e-01,-3.954370797116438796e-01,-2.473952147711372618e+00,5.746181254477989775e+00,3.904859537746511490e-04
4.360000000000003317e-01,-9.256470610298885848e-01,-3.896832304983868789e-01,-2.437926625055480301e+00,5.761479712166227785e+00,3.913836226290064342e-04
4.370000000000003326e-01,-9.280669357639996786e-01,-3.839141953025542731e-01,-2.401807330831807086e+00,5.776553124843275100e+00,3.922812914833280007e-04
4.380000000000003335e-01,-9.304506448994600554e-01,-3.781301994520973597e-01,-2.365595660624528751e+00,5.791400928048294539e+00,3.931789603376157401e-04
4.390000000000003344e-01,-9.327980967594428074e-01,-3.723314688351671564e-01,-2.329293013287639269e+00,5.806022565845625927e+00,3.940766291918695982e-04
4.400000000000003353e-01,-9.351092010675887689e-01,-3.665182298915805048e-01,-2.292900790894504937e+00,5.820417490842126007e+00,3.949742980460895208e-04
4.410000000000003362e-01,-9.373838689512007383e-01,-3.606907096042690219e-01,-2.256420398687351891e+00,5.834585164204225016e+00,3.958719669002753994e-04
4.420000000000003371e-01,-9.396220129443872970e-01,-3.548491354907111206e-01,-2.219853245026679911e+00,5.848525055674710593e+00,3.967696357544271257e-04
4.430000000000003380e-01,-9.418235469911554469e-01,-3.489937355943473207e-01,-2.183200741340608264e+00,5.862236643589231910e+00,3.976673046085446453e-04
4.440000000000003388e-01,-9.439883864484530651e-01,-3.431247384759792962e-01,-2.146464302074156727e+00,5.875719414892526693e+00,3.985649734626279042e-04
4.450000000000003397e-01,-9.461164480891601780e-01,-3.372423732051528233e-01,-2.109645344638455100e+00,5.888972865154369352e+00,3.994626423166767939e-04
4.460000000000003406e-01,-9.482076501050300532e-01,-3.313468693515247976e-01,-2.072745289359892773e+00,5.901996498585242890e+00,4.003603111706912601e-04
4.470000000000003415e-01,-9.502619121095784438e-01,-3.254384569762148738e-01,-2.035765559429201232e+00,5.914789828051732812e+00,4.012579800246712488e-04
4.480000000000003424e-01,-9.522791551409230948e-01,-3.195173666231417298e-01,-1.998707580850474397e+00,5.927352375091641257e+00,4.021556488786166513e-04
4.490000000000003433e-01,-9.542593016645710691e-01,-3.135838293103445085e-01,-1.961572782390128555e+00,5.939683669928829346e+00,4.030533177325274137e-04
4.500000000000003442e-01,-9.562022755761557802e-01,-3.076380765212892721e-01,-1.924362595525801689e+00,5.951783251487773541e+00,4.039509865864034273e-04
4.510000000000003451e-01,-9.581080022041225108e-01,-3.016803401961614672e-01,-1.887078454395193061e+00,5.963650667407851103e+00,4.048486554402445838e-04
4.520000000000003459e-01,-9.599764083123629721e-01,-2.957108527231437911e-01,-1.849721795744845521e+00,5.975285474057346669e+00,4.057463242940508833e-04
4.530000000000003468e-01,-9.618074221027985704e-01,-2.897298469296804568e-01,-1.812294058878871850e+00,5.986687236547176383e+00,4.066439931478222172e-04
4.540000000000003477e-01,-9.636009732179120491e-01,-2.837375560737278590e-01,-1.774796685607624491e+00,5.997855528744341136e+00,4.075416620015584772e-04
4.550000000000003486e-01,-9.653569927432283926e-01,-2.777342138349918610e-01,-1.737231120196312206e+00,6.008789933285098250e+00,4.084393308552596090e-04
4.560000000000003495e-01,-9.670754132097436617e-01,-2.717200543061520368e-01,-1.699598809313562775e+00,6.019490041587855167e+00,4.093369997089255584e-04
4.570000000000003504e-01,-9.687561685963028690e-01,-2.656953119840732014e-01,-1.661901201979935294e+00,6.029955453865788684e+00,4.102346685625562171e-04
4.580000000000003513e-01,-9.703991943319260072e-01,-2.596602217610044505e-01,-1.624139749516379849e+00,6.040185779139182642e+00,4.111323374161515308e-04
4.590000000000003522e-01,-9.720044272980828959e-01,-2.536150189157660439e-01,-1.586315905492650113e+00,6.050180635247492056e+00,4.120300062697113911e-04
4.600000000000003531e-01,-9.735718058309157374e-01,-2.475599391049242703e-01,-1.548431125675665543e+00,6.059939648861126571e+00,4.129276751232357438e-04
4.610000000000003539e-01,-9.751012697234109350e-01,-2.414952183539546826e-01,-1.510486867977827830e+00,6.069462455492956821e+00,4.138253439767245346e-04
4.620000000000003548e-01,-9.765927602275183972e-01,-2.354210930483940922e-01,-1.472484592405290726e+00,6.078748699509545439e+00,4.147230128301776552e-04
4.630000000000003557e-01,-9.780462200562194397e-01,-2.293377999249812949e-01,-1.434425761006186351e+00,6.087798034142096526e+00,4.156206816835949971e-04
4.640000000000003566e-01,-9.794615933855429502e-01,-2.232455760627871100e-01,-1.396311837818805746e+00,6.096610121497131551e+00,4.165183505369765603e-04
4.650000000000003575e-01,-9.808388258565295947e-01,-2.171446588743338180e-01,-1.358144288819739476e+00,6.105184632566887259e+00,4.174160193903221822e-04
4.660000000000003584e-01,-9.821778645771441774e-01,-2.110352860967044109e-01,-1.319924581871974922e+00,6.113521247239432910e+00,4.183136882436318629e-04
4.670000000000003593e-01,-9.834786581241360404e-01,-2.049176957826417678e-01,-1.281654186672954943e+00,6.121619654308513070e+00,4.192113570969054938e-04
4.680000000000003602e-01,-9.847411565448473958e-01,-1.987921262916381715e-01,-1.243334574702596784e+00,6.129479551483112409e+00,4.201090259501429666e-04
4.690000000000003610e-01,-9.859653113589701423e-01,-1.926588162810154436e-01,-1.204967219171273252e+00,6.137100645396741605e+00,4.210066948033442270e-04
4.700000000000003619e-01,-9.871510755602500575e-01,-1.865180046969958649e-01,-1.166553594967757457e+00,6.144482651616447022e+00,4.219043636565092208e-04
4.710000000000003628e-01,-9.882984036181390319e-01,-1.803699307657642414e-01,-1.128095178607132265e+00,6.151625294651544174e+00,4.228020325096378397e-04
4.720000000000003637e-01,-9.894072514793956774e-01,-1.742148339845213945e-01,-1.089593448178664437e+00,6.158528307962071402e+00,4.236997013627300294e-04
4.730000000000003646e-01,-9.904775765696330891e-01,-1.680529541125293236e-01,-1.051049883293647014e+00,6.165191433966967338e+00,4.245973702157856814e-04
4.740000000000003655e-01,-9.915093377948148712e-01,-1.618845311621483485e-01,-1.012465965033207738e+00,6.171614424051970360e+00,4.254950390688047417e-04
4.750000000000003664e-01,-9.925024955426992035e-01,-1.557098053898664514e-01,-9.738431758960882645e-01,6.177797038577240940e+00,4.263927079217871559e-04
4.760000000000003673e-01,-9.934570116842297294e-01,-1.495290172873211809e-01,-9.351829997463924071e-01,6.183739046884709545e+00,4.272903767747328156e-04
4.770000000000003681e-01,-9.943728495748752616e-01,-1.433424075723143398e-01,-8.964869217613060659e-01,6.189440227305141207e+00,4.281880456276416667e-04
4.780000000000003690e-01,-9.952499740559164199e-01,-1.371502171798196501e-01,-8.577564283787895150e-01,6.194900367164927424e+00,4.290857144805136007e-04
4.790000000000003699e-01,-9.960883514556805318e-01,-1.309526872529839236e-01,-8.189930072452431542e-01,6.200119262792600949e+00,4.299833833333485634e-04
4.800000000000003708e-01,-9.968879495907236876e-01,-1.247500591341217657e-01,-7.801981471631480591e-01,6.205096719525069915e+00,4.308810521861464464e-04
4.810000000000003717e-01,-9.976487377669606138e-01,-1.185425743557042000e-01,-7.413733380386818839e-01,6.209832551713576621e+00,4.317787210389071955e-04
4.820000000000003726e-01,-9.983706867807422558e-01,-1.123304746313414648e-01,-7.025200708293124485e-01,6.214326582729380100e+00,4.326763898916307564e-04
4.830000000000003735e-01,-9.990537689198807358e-01,-1.061140018467602447e-01,-6.636398374913682341e-01,6.218578644969160685e+00,4.335740587443170208e-04
4.840000000000003744e-01,-9.996979579646222414e-01,-9.989339805077569745e-02,-6.247341309275888932e-01,6.222588579860146574e+00,4.344717275969658802e-04
4.850000000000003753e-01,-1.000303229188566956e+00,-9.366890544625844361e-02,-5.858044449346555549e-01,6.226356237864962395e+00,4.353693964495773346e-04
4.860000000000003761e-01,-1.000869559359536920e+00,-8.744076638109687938e-02,-5.468522741507024776e-01,6.229881478486204216e+00,4.362670653021512215e-04
4.870000000000003770e-01,-1.001396926740391047e+00,-8.120922333915499280e-02,-5.078791140028111606e-01,6.233164170270733884e+00,4.371647341546875407e-04
4.880000000000003779e-01,-1.001885311089787844e+00,-7.497451893122611399e-02,-4.688864606544879687e-01,6.236204190813696258e+00,4.380624030071861839e-04
4.890000000000003788e-01,-1.002334693662896070e+00,-6.873689588598269617e-02,-4.298758109531266025e-01,6.239001426762261993e+00,4.389600718596470426e-04
4.900000000000003797e-01,-1.002745057212051316e+00,-6.249659704092257184e-02,-3.908486623774559132e-01,6.241555773819091435e+00,4.398577407120700627e-04
4.910000000000003806e-01,-1.003116385987362191e+00,-5.625386533331181577e-02,-3.518065129849747841e-01,6.243867136745520519e+00,4.407554095644551900e-04
4.920000000000003815e-01,-1.003448665737261880e+00,-5.000894379112461041e-02,-3.127508613593751319e-01,6.245935429364471325e+00,4.416530784168023159e-04
4.930000000000003824e-01,-1.003741883709008853e+00,-4.376207552398032191e-02,-2.736832065579534734e-01,6.247760574563082869e+00,4.425507472691113863e-04
4.940000000000003832e-01,-1.003996028649133399e+00,-3.751350371407806417e-02,-2.346050480590130827e-01,6.249342504295069212e+00,4.434484161213823471e-04
4.950000000000003841e-01,-1.004211090803832862e+00,-3.126347160712907719e-02,-1.955178857092572109e-01,6.250681159582795132e+00,4.443460849736150897e-04
4.960000000000003850e-01,-1.004387061919313595e+00,-2.501222250328714869e-02,-1.564232196711745626e-01,6.251776490519080021e+00,4.452437538258095058e-04
4.970000000000003859e-01,-1.004523935242080501e+00,-1.875999974807737378e-02,-1.173225503704183326e-01,6.252628456268718438e+00,4.461414226779655411e-04
4.980000000000003868e-01,-1.004621705519173513e+00,-1.250704672332353037e-02,-7.821737844317970534e-02,6.253237025069730670e+00,4.470390915300831414e-04
4.990000000000003877e-01,-1.004680368998352114e+00,-6.253606838074353934e-03,-3.910920468355699037e-02,6.253602174234330846e+00,4.479367603821621984e-04
5.000000000000003331e-01,-1.004699923428227226e+00,7.648047103611665953e-08,4.700090785736410481e-07,6.253723890149618825e+00,4.488344292342026577e-04
5.010000000000003340e-01,-1.004680368058339601e+00,6.253759796038245965e-03,3.911014468271910294e-02,6.253602168277996753e+00,4.497320980862044111e-04
5.020000000000003348e-01,-1.004621703639186237e+00,1.250719967235300670e-02,7.821831838535756032e-02,6.253237013157309399e+00,4.506297669381674042e-04
5.030000000000003357e-01,-1.004523932422194621e+00,1.876015268221656665e-02,1.173234902176251426e-01,6.252628438400701150e+00,4.515274357900915829e-04
5.040000000000003366e-01,-1.004387058159643020e+00,2.501237541658080446e-02,1.564241593854276413e-01,6.251776466696205681e+00,4.524251046419768387e-04
5.050000000000003375e-01,-1.004211086104529471e+00,3.126362449362280610e-02,1.955188252525796311e-01,6.250681129806049618e+00,4.533227734938231174e-04
5.060000000000003384e-01,-1.003996023010387040e+00,3.751365656781858321e-02,2.346059873934353279e-01,6.249342468565682651e+00,4.542204423456303107e-04
5.070000000000003393e-01,-1.003741877131047344e+00,4.376222833901570464e-02,2.736841456455150201e-01,6.247760532882532303e+00,4.551181111973983642e-04
5.080000000000003402e-01,-1.003448658220351231e+00,5.000909656150452631e-02,3.127518001621261146e-01,6.245935381734479819e+00,4.560157800491271697e-04
5.090000000000003411e-01,-1.003116377531806158e+00,5.625401805308778702e-02,3.518074514649776052e-01,6.243867083168057164e+00,4.569134489008166728e-04
5.100000000000003419e-01,-1.002745047818191626e+00,6.249674970414820924e-02,3.908496004967868531e-01,6.241555714296370461e+00,4.578111177524668194e-04
5.110000000000003428e-01,-1.002334683331112197e+00,6.873704848671394196e-02,4.298767486738775956e-01,6.239001361296743653e+00,4.587087866040775010e-04
5.120000000000003437e-01,-1.001885299820497455e+00,7.497467146352150558e-02,4.688873979387681579e-01,6.236204119408086832e+00,4.596064554556486634e-04
5.130000000000003446e-01,-1.001396914534049554e+00,8.120937579707589171e-02,5.078800508127484514e-01,6.233164092927985678e+00,4.605041243071801983e-04
5.140000000000003455e-01,-1.000869546216637707e+00,8.744091875870771413e-02,5.468532104484453704e-01,6.229881395209513784e+00,4.614017931586720514e-04
5.150000000000003464e-01,-1.000303215109641153e+00,9.366905773762697340e-02,5.858053806823745324e-01,6.226356148657771428e+00,4.622994620101241142e-04
5.160000000000003473e-01,-9.996979429502386161e-01,9.989355024997323418e-02,6.247350660874781969e-01,6.222588484726142788e+00,4.631971308615363326e-04
5.170000000000003482e-01,-9.990537529706460251e-01,1.061141539478619167e-01,6.636407720256475296e-01,6.218578543912276047e+00,4.640947997129086524e-04
5.180000000000003491e-01,-9.983706698973009441e-01,1.123306266284264526e-01,7.025210047002282687e-01,6.214326475753790824e+00,4.649924685642409651e-04
5.190000000000003499e-01,-9.976487199499949332e-01,1.185427262428559864e-01,7.413742712085095166e-01,6.209832438823704059e+00,4.658901374155332165e-04
5.200000000000003508e-01,-9.968879308409536177e-01,1.247502109054283714e-01,7.801990795941928791e-01,6.205096600725579670e+00,4.667878062667852983e-04
5.210000000000003517e-01,-9.960883317738636888e-01,1.309528389025381712e-01,8.189939388998426217e-01,6.200119138088402870e+00,4.676854751179971561e-04
5.220000000000003526e-01,-9.952499534428480565e-01,1.371503687017193718e-01,8.577573592193143970e-01,6.194900236561174722e+00,4.685831439691686817e-04
5.230000000000003535e-01,-9.943728280313881562e-01,1.433425589606626693e-01,8.964878517501623234e-01,6.189440090807230455e+00,4.694808128202998206e-04
5.240000000000003544e-01,-9.934569892111944078e-01,1.495291685362267475e-01,9.351839288460227495e-01,6.183738904498281563e+00,4.703784816713905189e-04
5.250000000000003553e-01,-9.925024721410237172e-01,1.557099564934436298e-01,9.738441040689738148e-01,6.177796890308178135e+00,4.712761505224406680e-04
5.260000000000003562e-01,-9.915093134654446860e-01,1.618846821145175363e-01,1.012466892241869365e+00,6.171614269906398498e+00,4.721738193734502137e-04
5.270000000000003570e-01,-9.904775513135510856e-01,1.680531049078171912e-01,1.051050809500647443e+00,6.165191273951256434e+00,4.730714882244190476e-04
5.280000000000003579e-01,-9.894072252976222615e-01,1.742149846168610794e-01,1.089594373346609357e+00,6.158528142082832169e+00,4.739691570753471156e-04
5.290000000000003588e-01,-9.882983765117320241e-01,1.803700812292956257e-01,1.128096102698672221e+00,6.151625122915628907e+00,4.748668259262343633e-04
5.300000000000003597e-01,-9.871510475303043597e-01,1.865181549858657972e-01,1.166554517945589620e+00,6.144482474030949604e+00,4.757644947770806824e-04
5.310000000000003606e-01,-9.859652824066181820e-01,1.926589663893779891e-01,1.204968140998142534e+00,6.137100461968997500e+00,4.766621636278859644e-04
5.320000000000003615e-01,-9.847411266712586819e-01,1.987922762136548338e-01,1.243335495341297836e+00,6.129479362220698668e+00,4.775598324786501552e-04
5.330000000000003624e-01,-9.834786273305172744e-01,2.049178455124817666e-01,1.281655106086333484e+00,6.121619459219246551e+00,4.784575013293732005e-04
5.340000000000003633e-01,-9.821778328647393641e-01,2.110354356285449040e-01,1.319925500022929299e+00,6.113521046331371167e+00,4.793551701800549919e-04
5.350000000000003642e-01,-9.808387932266195985e-01,2.171448082023601234e-01,1.358145205671222877e+00,6.105184425848327656e+00,4.802528390306954752e-04
5.360000000000003650e-01,-9.794615598394457168e-01,2.232457251811929833e-01,1.396312753333827095e+00,6.096609908976610370e+00,4.811505078812945962e-04
5.370000000000003659e-01,-9.780461855952899963e-01,2.293379488279691514e-01,1.434426675147812080e+00,6.087797815828388970e+00,4.820481767318522464e-04
5.380000000000003668e-01,-9.765927248531485194e-01,2.354212417301752014e-01,1.472485505136646555e+00,6.078748475411666519e+00,4.829458455823683175e-04
5.390000000000003677e-01,-9.751012334370293688e-01,2.414953668087494731e-01,1.510487779262100094e+00,6.069462225620159579e+00,4.838435144328428095e-04
5.400000000000003686e-01,-9.735717686339879773e-01,2.475600873269625246e-01,1.548432035476103197e+00,6.059939413222900306e+00,4.847411832832755597e-04
5.410000000000003695e-01,-9.720043891921110735e-01,2.536151668992872033e-01,1.586316813772565837e+00,6.050180393853564098e+00,4.856388521336665680e-04
5.420000000000003704e-01,-9.703991553184490026e-01,2.596603695002577261e-01,1.624140656239151603e+00,6.040185531999517465e+00,4.865365209840157262e-04
5.430000000000003713e-01,-9.687561286768960889e-01,2.656954594733179631e-01,1.661902107109008098e+00,6.029955200990587905e+00,4.874341898343229258e-04
5.440000000000003721e-01,-9.670753723860190387e-01,2.717202015396579240e-01,1.699599712812450480e+00,6.019489782987555770e+00,4.883318586845881125e-04
5.450000000000003730e-01,-9.653569510168343859e-01,2.777343608070391157e-01,1.737232022028598610e+00,6.008789668970372588e+00,4.892295275348111780e-04
5.460000000000003739e-01,-9.636009305905334221e-01,2.837377027786074923e-01,1.774797585736965111e+00,5.997855258726096928e+00,4.901271963849920680e-04
5.470000000000003748e-01,-9.618073785761563910e-01,2.897299933616944712e-01,1.812294957268995477e+00,5.986686960836554938e+00,4.910248652351307825e-04
5.480000000000003757e-01,-9.599763638882146122e-01,2.957109988766054576e-01,1.849722692359555776e+00,5.975285192665723777e+00,4.919225340852271047e-04
5.490000000000003766e-01,-9.581079568842614247e-01,3.016804860653956033e-01,1.887079349198369727e+00,5.963650380346836144e+00,4.928202029352810347e-04
5.500000000000003775e-01,-9.562022293624115044e-01,3.076382221006323525e-01,1.924363488481402706e+00,5.951782958769207710e+00,4.937178717852925723e-04
5.510000000000003784e-01,-9.542592545588092223e-01,3.135839745941449985e-01,1.961573673462191136e+00,5.939683371564787429e+00,4.946155406352615008e-04
5.520000000000003793e-01,-9.522791071450451561e-01,3.195175116057603071e-01,1.998708470003116799e+00,5.927352071094429853e+00,4.955132094851878201e-04
5.530000000000003801e-01,-9.502618632255217523e-01,3.254386016520245950e-01,2.035766446626624315e+00,5.914789518433888560e+00,4.964108783350714219e-04
5.540000000000003810e-01,-9.482076003347675863e-01,3.313470137149114314e-01,2.072746174566381328e+00,5.901996183359535131e+00,4.973085471849121976e-04
5.550000000000003819e-01,-9.461163974347007732e-01,3.372425172505149615e-01,2.109646227818379405e+00,5.888972544333795689e+00,4.982062160347101474e-04
5.560000000000003828e-01,-9.439883349118409761e-01,3.431248821977286867e-01,2.146465183191974102e+00,5.875719088490313879e+00,4.991038848844651628e-04
5.570000000000003837e-01,-9.418234945744705655e-01,3.489938789869089786e-01,2.183201620360864847e+00,5.862236311618836737e+00,5.000015537341771354e-04
5.580000000000003846e-01,-9.396219596497448201e-01,3.548492785485237166e-01,2.219854121914011102e+00,5.848524718149817225e+00,5.008992225838460651e-04
5.590000000000003855e-01,-9.373838147807512788e-01,3.606908523217849938e-01,2.256421273406485462e+00,5.834584821138745880e+00,5.017968914334718436e-04
5.600000000000003864e-01,-9.351091460235181341e-01,3.665183722632662788e-01,2.292901663410261470e+00,5.820417142250200904e+00,5.026945602830543624e-04
5.610000000000003872e-01,-9.327980408439719984e-01,3.723316108555034809e-01,2.329293883564933942e+00,5.806022211741620254e+00,5.035922291325935132e-04
5.620000000000003881e-01,-9.304505881148450452e-01,3.781303411155794159e-01,2.365596528628372663e+00,5.791400568446798403e+00,5.044898979820892958e-04
5.630000000000003890e-01,-9.280668781125313016e-01,3.839143366036919525e-01,2.401808196527309036e+00,5.776552759759104205e+00,5.053875668315416020e-04
5.640000000000003899e-01,-9.256470025138925362e-01,3.896833714317050057e-01,2.437927488407848120e+00,5.761479341614422545e+00,5.062852356809503232e-04
5.650000000000003908e-01,-9.231910543930138546e-01,3.954372202716824325e-01,2.473953008685914057e+00,5.746180878473814424e+00,5.071829045303154595e-04
5.660000000000003917e-01,-9.206991282179084468e-01,4.011756583644043861e-01,2.509883365097620000e+00,5.730657943305903501e+00,5.080805733796367940e-04
5.670000000000003926e-01,-9.181713198471722626e-01,4.068984615278660177e-01,2.545717168749565218e+00,5.714911117568984622e+00,5.089782422289144351e-04
5.680000000000003935e-01,-9.156077265265886167e-01,4.126054061657579708e-01,2.581453034169056249e+00,5.698940991192852579e+00,5.098759110781481661e-04
5.690000000000003944e-01,-9.130084468856821678e-01,4.182962692759288337e-01,2.617089579354253459e+00,5.682748162560354643e+00,5.107735799273379869e-04
5.700000000000003952e-01,-9.103735809342232699e-01,4.239708284588287746e-01,2.652625425824237659e+00,5.666333238488665103e+00,5.116712487764837891e-04
5.710000000000003961e-01,-9.077032300586816982e-01,4.296288619259344133e-01,2.688059198668999006e+00,5.649696834210283569e+00,5.125689176255854643e-04
5.720000000000003970e-01,-9.049974970186310808e-01,4.352701485081544308e-01,2.723389526599345523e+00,5.632839573353753515e+00,5.134665864746429040e-04
5.730000000000003979e-01,-9.022564859431031481e-01,4.408944676642159721e-01,2.758615041996729467e+00,5.615762087924107249e+00,5.143642553236561082e-04
5.740000000000003988e-01,-8.994803023268919118e-01,4.465015994890311757e-01,2.793734380962991981e+00,5.598465018283027561e+00,5.152619241726249686e-04
5.750000000000003997e-01,-8.966690530268088821e-01,4.520913247220439413e-01,2.828746183370021594e+00,5.580949013128737590e+00,5.161595930215494852e-04
5.760000000000004006e-01,-8.938228462578878819e-01,4.576634247555560475e-01,2.863649092909329674e+00,5.563214729475610909e+00,5.170572618704294410e-04
5.770000000000004015e-01,-8.909417915895407880e-01,4.632176816430331745e-01,2.898441757141537067e+00,5.545262832633502725e+00,5.179549307192648361e-04
5.780000000000004023e-01,-8.880259999416637573e-01,4.687538781073898320e-01,2.933122827545774136e+00,5.527093996186808411e+00,5.188525995680556705e-04
5.790000000000004032e-01,-8.850755835806939364e-01,4.742717975492534710e-01,2.967690959568988873e+00,5.508708901973239591e+00,5.197502684168017273e-04
5.800000000000004041e-01,-8.820906561156172110e-01,4.797712240552068907e-01,3.002144812675167085e+00,5.490108240062325784e+00,5.206479372655030066e-04
5.810000000000004050e-01,-8.790713324939264384e-01,4.852519424060092734e-01,3.036483050394459315e+00,5.471292708733640708e+00,5.215456061141593999e-04
5.820000000000004059e-01,-8.760177289975308312e-01,4.907137380847951813e-01,3.070704340372213181e+00,5.452263014454746148e+00,5.224432749627709073e-04
5.830000000000004068e-01,-8.729299632386161578e-01,4.961563972852515159e-01,3.104807354417912890e+00,5.433019871858864036e+00,5.233409438113373119e-04
5.840000000000004077e-01,-8.698081541554564255e-01,5.015797069197718283e-01,3.138790768554020616e+00,5.413564003722269646e+00,5.242386126598586136e-04
5.850000000000004086e-01,-8.666524220081762708e-01,5.069834546275878706e-01,3.172653263064720619e+00,5.393896140941407680e+00,5.251362815083348125e-04
5.860000000000004095e-01,-8.634628883744649430e-01,5.123674287828783314e-01,3.206393522544566554e+00,5.374017022509732122e+00,5.260339503567656918e-04
5.870000000000004103e-01,-8.602396761452419938e-01,5.177314185028540905e-01,3.240010235947025308e+00,5.353927395494268104e+00,5.269316192051512514e-04
5.880000000000004112e-01,-8.569829095202735614e-01,5.230752136558199927e-01,3.273502096632921354e+00,5.333628015011898427e+00,5.278292880534913830e-04
5.890000000000004121e-01,-8.536927140037413597e-01,5.283986048692127513e-01,3.306867802418776758e+00,5.313119644205374748e+00,5.287269569017859780e-04
5.900000000000004130e-01,-8.503692163997624842e-01,5.337013835376145376e-01,3.340106055625047254e+00,5.292403054219048109e+00,5.296246257500350366e-04
5.910000000000004139e-01,-8.470125448078615893e-01,5.389833418307424795e-01,3.373215563124253080e+00,5.271479024174329453e+00,5.305222945982384503e-04
5.920000000000004148e-01,-8.436228286183947711e-01,5.442442727014135118e-01,3.406195036389001451e+00,5.250348341144866815e+00,5.314199634463961106e-04
5.930000000000004157e-01,-8.402001985079255997e-01,5.494839698934835814e-01,3.439043191539899791e+00,5.229011800131451615e+00,5.323176322945080176e-04
5.940000000000004166e-01,-8.367447864345528563e-01,5.547022279497627606e-01,3.471758749393360599e+00,5.207470204036645178e+00,5.332153011425740628e-04
5.950000000000004174e-01,-8.332567256331914196e-01,5.598988422199036030e-01,3.504340435509294416e+00,5.185724363639135248e+00,5.341129699905941379e-04
5.960000000000004183e-01,-8.297361506108045237e-01,5.650736088682648539e-01,3.536786980238687317e+00,5.163775097567808281e+00,5.350106388385681344e-04
5.970000000000004192e-01,-8.261831971415891651e-01,5.702263248817481811e-01,3.569097118771067834e+00,5.141623232275551736e+00,5.359083076864960523e-04
5.980000000000004201e-01,-8.225980022621137699e-01,5.753567880776092602e-01,3.601269591181855301e+00,5.119269602012781917e+00,5.368059765343777831e-04
5.990000000000004210e-01,-8.189807042664086767e-01,5.804647971112416593e-01,3.633303142479591408e+00,5.096715048800690262e+00,5.377036453822132186e-04
6.000000000000004219e-01,-8.153314427010095455e-01,5.855501514839343002e-01,3.665196522653053623e+00,5.073960422404220516e+00,5.386013142300023586e-04
6.010000000000004228e-01,-8.116503583599535832e-01,5.906126515506017194e-01,3.696948486718247828e+00,5.051006580304767013e+00,5.394989830777450947e-04
6.020000000000004237e-01,-8.079375932797286941e-01,5.956520985274864621e-01,3.728557794765279709e+00,5.027854387672601177e+00,5.403966519254413186e-04
6.030000000000004245e-01,-8.041932907341763359e-01,6.006682944998341656e-01,3.760023212005102700e+00,5.004504717339018249e+00,5.412943207730909218e-04
6.040000000000004254e-01,-8.004175952293469676e-01,6.056610424295406636e-01,3.791343508816140240e+00,4.980958449768214891e+00,5.421919896206939043e-04
6.050000000000004263e-01,-7.966106524983096460e-01,6.106301461627705596e-01,3.822517460790784583e+00,4.957216473028888792e+00,5.430896584682501577e-04
6.060000000000004272e-01,-7.927726094959147707e-01,6.155754104375474878e-01,3.853543848781764591e+00,4.933279682765564722e+00,5.439873273157595735e-04
6.070000000000004281e-01,-7.889036143935104217e-01,6.204966408913155096e-01,3.884421458948386974e+00,4.909148982169647901e+00,5.448849961632221519e-04
6.080000000000004290e-01,-7.850038165736129558e-01,6.253936440684711995e-01,3.915149082802646507e+00,4.884825281950200271e+00,5.457826650106377842e-04
6.090000000000004299e-01,-7.810733666245311957e-01,6.302662274278669763e-01,3.945725517255202597e+00,4.860309500304446750e+00,5.466803338580063622e-04
6.100000000000004308e-01,-7.771124163349448777e-01,6.351141993502840144e-01,3.976149564661223490e+00,4.835602562888003497e+00,5.475780027053277774e-04
6.110000000000004317e-01,-7.731211186884372477e-01,6.399373691458758451e-01,4.006420032866095049e+00,4.810705402784838824e+00,5.484756715526020298e-04
6.120000000000004325e-01,-7.690996278579820267e-01,6.447355470615814266e-01,4.036535735250993184e+00,4.785618960476955230e+00,5.493733403998290110e-04
6.130000000000004334e-01,-7.650480992003850789e-01,6.495085442885082383e-01,4.066495490778316402e+00,4.760344183813802310e+00,5.502710092470086125e-04
6.140000000000004343e-01,-7.609666892506802283e-01,6.542561729692838446e-01,4.096298124036981569e+00,4.734882027981412556e+00,5.511686780941408344e-04
6.150000000000004352e-01,-7.568555557164803327e-01,6.589782462053773715e-01,4.125942465287574024e+00,4.709233455471272478e+00,5.520663469412255683e-04
6.160000000000004361e-01,-7.527148574722830610e-01,6.636745780643888981e-01,4.155427350507359563e+00,4.683399436048912179e+00,5.529640157882627057e-04
6.170000000000004370e-01,-7.485447545537319280e-01,6.683449835873079836e-01,4.184751621435149005e+00,4.657380946722231130e+00,5.538616846352521382e-04
6.180000000000004379e-01,-7.443454081518320331e-01,6.729892787957398870e-01,4.213914125616015305e+00,4.631178971709545955e+00,5.547593534821938658e-04
6.190000000000004388e-01,-7.401169806071217216e-01,6.776072806991000341e-01,4.242913716445869454e+00,4.604794502407371759e+00,5.556570223290877800e-04
6.200000000000004396e-01,-7.358596354037996168e-01,6.821988073017760668e-01,4.271749253215878284e+00,4.578228537357928118e+00,5.565546911759337726e-04
6.210000000000004405e-01,-7.315735371638070195e-01,6.867636776102568064e-01,4.300419601156739269e+00,4.551482082216377734e+00,5.574523600227318434e-04
6.220000000000004414e-01,-7.272588516408663439e-01,6.913017116402290219e-01,4.328923631482798129e+00,4.524556149717792408e+00,5.583500288694818840e-04
6.230000000000004423e-01,-7.229157457144754773e-01,6.958127304236407795e-01,4.357260221436014547e+00,4.497451759643849911e+00,5.592476977161837861e-04
6.240000000000004432e-01,-7.185443873838583961e-01,7.002965560157311531e-01,4.385428254329772457e+00,4.470169938789259056e+00,5.601453665628374412e-04
6.250000000000004441e-01,-7.141449457618718188e-01,7.047530115020260721e-01,4.413426619592531353e+00,4.442711720927918329e+00,5.610430354094428492e-04
6.260000000000004450e-01,-7.097175910688681144e-01,7.091819210053010858e-01,4.441254212811322155e+00,4.415078146778801838e+00,5.619407042559999019e-04
6.270000000000004459e-01,-7.052624946265154682e-01,7.135831096925088213e-01,4.468909935775079667e+00,4.387270263971577933e+00,5.628383731025084907e-04
6.280000000000004468e-01,-7.007798288515741936e-01,7.179564037816723587e-01,4.496392696517811594e+00,4.359289127011958698e+00,5.637360419489686157e-04
6.290000000000004476e-01,-6.962697672496299672e-01,7.223016305487441890e-01,4.523701409361610359e+00,4.331135797246784769e+00,5.646337107953801684e-04
6.300000000000004485e-01,-6.917324844087845426e-01,7.266186183344294225e-01,4.550834994959492619e+00,4.302811342828833929e+00,5.655313796417430405e-04
6.310000000000004494e-01,-6.871681559933034977e-01,7.309071965509741364e-01,4.577792380338076228e+00,4.274316838681370356e+00,5.664290484880571235e-04
6.320000000000004503e-01,-6.825769587372212399e-01,7.351671956889181958e-01,4.604572498940085801e+00,4.245653366462423861e+00,5.673267173343224173e-04
6.330000000000004512e-01,-6.779590704379035992e-01,7.393984473238117694e-01,4.631174290666690396e+00,4.216822014528800899e+00,5.682243861805388136e-04
6.340000000000004521e-01,-6.733146699495686782e-01,7.436007841228962079e-01,4.657596701919667126e+00,4.187823877899830904e+00,5.691220550267062040e-04
6.350000000000004530e-01,-6.686439371767648465e-01,7.477740398517480624e-01,4.683838685643394228e+00,4.158660058220846167e+00,5.700197238728245885e-04
6.360000000000004539e-01,-6.639470530678073246e-01,7.519180493808871324e-01,4.709899201366664734e+00,4.129331663726397039e+00,5.709173927188938586e-04
6.370000000000004547e-01,-6.592241996081731337e-01,7.560326486923467648e-01,4.735777215244326044e+00,4.099839809203199792e+00,5.718150615649139059e-04
6.380000000000004556e-01,-6.544755598138539687e-01,7.601176748862077392e-01,4.761471700098741877e+00,4.070185615952821578e+00,5.727127304108846221e-04
6.390000000000004565e-01,-6.497013177246683258e-01,7.641729661870940715e-01,4.786981635461070361e+00,4.040370211754103380e+00,5.736103992568060070e-04
6.400000000000004574e-01,-6.449016583975319961e-01,7.681983619506315142e-01,4.812306007612363601e+00,4.010394730825313836e+00,5.745080681026779523e-04
6.410000000000004583e-01,-6.400767678996875931e-01,7.721937026698679762e-01,4.837443809624479840e+00,3.980260313786043724e+00,5.754057369485003496e-04
6.420000000000004592e-01,-6.352268333018936675e-01,7.761588299816556402e-01,4.862394041400813549e+00,3.949968107618836655e+00,5.763034057942731988e-04
6.430000000000004601e-01,-6.303520426715725211e-01,7.800935866729945545e-01,4.887155709716839880e+00,3.919519265630558191e+00,5.772010746399963916e-04
6.440000000000004610e-01,-6.254525850659182762e-01,7.839978166873375898e-01,4.911727828260462836e+00,3.888914947413502077e+00,5.780987434856698194e-04
6.450000000000004619e-01,-6.205286505249641982e-01,7.878713651308564270e-01,4.936109417672182254e+00,3.858156318806235774e+00,5.789964123312934825e-04
6.460000000000004627e-01,-6.155804300646099403e-01,7.917140782786679098e-01,4.960299505585060942e+00,3.827244551854185328e+00,5.798940811768671637e-04
6.470000000000004636e-01,-6.106081156696093748e-01,7.955258035810213180e-01,4.984297126664502642e+00,3.796180824769959106e+00,5.807917500223908633e-04
6.480000000000004645e-01,-6.056119002865182344e-01,7.993063896694455606e-01,5.008101322647831921e+00,3.764966321893414403e+00,5.816894188678645812e-04
6.490000000000004654e-01,-6.005919778166025624e-01,8.030556863628560693e-01,5.031711142383676894e+00,3.733602233651462043e+00,5.825870877132881005e-04
6.500000000000004663e-01,-5.955485431087077508e-01,8.067735446736221672e-01,5.055125641871154762e+00,3.702089756517613850e+00,5.834847565586614212e-04
6.510000000000004672e-01,-5.904817919520886083e-01,8.104598168135926928e-01,5.078343884298852196e+00,3.670430092971272540e+00,5.843824254039844349e-04
6.520000000000004681e-01,-5.853919210692004604e-01,8.141143562000821010e-01,5.101364940083608523e+00,3.638624451456764497e+00,5.852800942492571417e-04
6.530000000000004690e-01,-5.802791281084516140e-01,8.177370174618142640e-01,5.124187886909088441e+00,3.606674046342114526e+00,5.861777630944793246e-04
6.540000000000004698e-01,-5.751436116369172957e-01,8.213276564448256378e-01,5.146811809764153978e+00,3.574580097877565255e+00,5.870754319396510922e-04
6.550000000000004707e-01,-5.699855711330152896e-01,8.248861302183267963e-01,5.169235800981024198e+00,3.542343832153841632e+00,5.879731007847722275e-04
6.560000000000004716e-01,-5.648052069791437146e-01,8.284122970805217756e-01,5.191458960273229728e+00,3.509966481060160959e+00,5.888707696298426221e-04
6.570000000000004725e-01,-5.596027204542807221e-01,8.319060165643853422e-01,5.213480394773349680e+00,3.477449282241986239e+00,5.897684384748622761e-04
6.580000000000004734e-01,-5.543783137265468897e-01,8.353671494433982936e-01,5.235299219070540744e+00,3.444793479058529506e+00,5.906661073198310810e-04
6.590000000000004743e-01,-5.491321898457295347e-01,8.387955577372396831e-01,5.256914555247848675e+00,3.412000320540000686e+00,5.915637761647490368e-04
6.600000000000004752e-01,-5.438645527357707232e-01,8.421911047174363008e-01,5.278325532919303065e+00,3.379071061344604221e+00,5.924614450096160351e-04
6.610000000000004761e-01,-5.385756071872175310e-01,8.455536549129691881e-01,5.299531289266794509e+00,3.346006961715285222e+00,5.933591138544319675e-04
6.620000000000004770e-01,-5.332655588496358900e-01,8.488830741158365223e-01,5.320530969076728844e+00,3.312809287436224270e+00,5.942567826991967256e-04
6.630000000000004778e-01,-5.279346142239880191e-01,8.521792293865732004e-01,5.341323724776463777e+00,3.279479309789083086e+00,5.951544515439103093e-04
6.640000000000004787e-01,-5.225829806549729950e-01,8.554419890597260157e-01,5.361908716470515479e+00,3.246018305508999724e+00,5.960521203885726102e-04
6.650000000000004796e-01,-5.172108663233320192e-01,8.586712227492853122e-01,5.382285111976544911e+00,3.212427556740337753e+00,5.969497892331835200e-04
6.660000000000004805e-01,-5.118184802381170462e-01,8.618668013540717876e-01,5.402452086861111447e+00,3.178708350992185849e+00,5.978474580777429302e-04
6.670000000000004814e-01,-5.064060322289242189e-01,8.650285970630791077e-01,5.422408824475202671e+00,3.144861981093611814e+00,5.987451269222508407e-04
6.680000000000004823e-01,-5.009737329380917759e-01,8.681564833607711140e-01,5.442154515989527930e+00,3.110889745148670116e+00,5.996427957667071432e-04
6.690000000000004832e-01,-4.955217938128627098e-01,8.712503350323345108e-01,5.461688360429580058e+00,3.076792946491163860e+00,6.005404646111117293e-04
6.700000000000004841e-01,-4.900504270975126753e-01,8.743100281688855890e-01,5.481009564710465298e+00,3.042572893639164278e+00,6.014381334554645990e-04
6.710000000000004849e-01,-4.845598458254429808e-01,8.773354401726318752e-01,5.500117343671491632e+00,3.008230900249284634e+00,6.023358022997656437e-04
6.720000000000004858e-01,-4.790502638112392186e-01,8.803264497619875950e-01,5.519010920110524410e+00,2.973768285070713002e+00,6.032334711440147552e-04
6.730000000000004867e-01,-4.735218956426955339e-01,8.832829369766432848e-01,5.537689524818094178e+00,2.939186371899003447e+00,6.041311399882118250e-04
6.740000000000004876e-01,-4.679749566728051424e-01,8.862047831825888844e-01,5.556152396611269140e+00,2.904486489529624738e+00,6.050288088323568531e-04
6.750000000000004885e-01,-4.624096630117168760e-01,8.890918710770900901e-01,5.574398782367280702e+00,2.869669971711272360e+00,6.059264776764497311e-04
6.760000000000004894e-01,-4.568262315186584210e-01,8.919440846936186329e-01,5.592427937056902998e+00,2.834738157098938061e+00,6.068241465204904589e-04
6.770000000000004903e-01,-4.512248797938259726e-01,8.947613094067347062e-01,5.610239123777585490e+00,2.799692389206743570e+00,6.077218153644788198e-04
6.780000000000004912e-01,-4.456058261702413037e-01,8.975434319369222091e-01,5.627831613786336007e+00,2.764534016360538082e+00,6.086194842084148137e-04
6.790000000000004921e-01,-4.399692897055758056e-01,9.002903403553772499e-01,5.645204686532350635e+00,2.729264391650256361e+00,6.095171530522983322e-04
6.800000000000004929e-01,-4.343154901739419982e-01,9.030019240887476872e-01,5.662357629689394045e+00,2.693884872882045478e+00,6.104148218961293754e-04
6.810000000000004938e-01,-4.286446480576530660e-01,9.056780739238258215e-01,5.679289739187922237e+00,2.658396822530155745e+00,6.113124907399078347e-04
6.820000000000004947e-01,-4.229569845389500315e-01,9.083186820121919025e-01,5.696000319246948607e+00,2.622801607688598491e+00,6.122101595836336018e-04
6.830000000000004956e-01,-4.172527214916974536e-01,9.109236418748100084e-01,5.712488682405651552e+00,2.587100600022572028e+00,6.131078284273065683e-04
6.840000000000004965e-01,-4.115320814730475951e-01,9.134928484065747423e-01,5.728754149554723618e+00,2.551295175719658026e+00,6.140054972709267341e-04
6.850000000000004974e-01,-4.057952877150732829e-01,9.160261978808088568e-01,5.744796049967455076e+00,2.515386715440785181e+00,6.149031661144938824e-04
6.860000000000004983e-01,-4.000425641163698476e-01,9.185235879537122505e-01,5.760613721330553716e+00,2.479376604270966844e+00,6.158008349580081217e-04
6.870000000000004992e-01,-3.942741352336265326e-01,9.209849176687613381e-01,5.776206509774700848e+00,2.443266231669809940e+00,6.166985038014692350e-04
6.880000000000005000e-01,-3.884902262731672606e-01,9.234100874610586818e-01,5.791573769904839075e+00,2.407056991421797409e+00,6.175961726448772225e-04
6.890000000000005009e-01,-3.826910630824613690e-01,9.257989991616329961e-01,5.806714864830187395e+00,2.370750281586344599e+00,6.184938414882319756e-04
6.900000000000005018e-01,-3.768768721416043688e-01,9.281515560016889710e-01,5.821629166193988958e+00,2.334347504447632282e+00,6.193915103315333860e-04
6.910000000000005027e-01,-3.710478805547693382e-01,9.304676626168069120e-01,5.836316054202980830e+00,2.297850066464215857e+00,6.202891791747814536e-04
6.920000000000005036e-01,-3.652043160416286183e-01,9.327472250510916441e-01,5.850774917656593743e+00,2.261259378218413385e+00,6.211868480179760701e-04
6.930000000000005045e-01,-3.593464069287467533e-01,9.349901507612712326e-01,5.865005153975869412e+00,2.224576854365472034e+00,6.220845168611171270e-04
6.940000000000005054e-01,-3.534743821409444542e-01,9.371963486207439686e-01,5.879006169232103396e+00,2.187803913582516468e+00,6.229821857042045158e-04
6.950000000000005063e-01,-3.475884711926341963e-01,9.393657289235750607e-01,5.892777378175203751e+00,2.150941978517276532e+00,6.238798545472382367e-04
6.960000000000005071e-01,-3.416889041791275061e-01,9.414982033884411461e-01,5.906318204261770788e+00,2.113992475736599985e+00,6.247775233902181811e-04
6.970000000000005080e-01,-3.357759117679144367e-01,9.435936851625237320e-01,5.919628079682888178e+00,2.076956835674748980e+00,6.256751922331443491e-04
6.980000000000005089e-01,-3.298497251899151772e-01,9.456520888253509005e-01,5.932706445391630723e+00,2.039836492581482030e+00,6.265728610760165239e-04
6.990000000000005098e-01,-3.239105762307045167e-01,9.476733303925862772e-01,5.945552751130283475e+00,2.002632884469921493e+00,6.274705299188347053e-04
7.000000000000005107e-01,-3.179586972217091634e-01,9.496573273197664866e-01,5.958166455457270416e+00,1.965347453064211658e+00,6.283681987615987851e-04
7.010000000000005116e-01,-3.119943210313781412e-01,9.516039985059860928e-01,5.970547025773791816e+00,1.927981643746964346e+00,6.292658676043087632e-04
7.020000000000005125e-01,-3.060176810563269290e-01,9.535132642975294726e-01,5.982693938350166718e+00,1.890536905506496002e+00,6.301635364469645312e-04
7.030000000000005134e-01,-3.000290112124552877e-01,9.553850464914500629e-01,5.994606678351883211e+00,1.853014690883856952e+00,6.310612052895659806e-04
7.040000000000005143e-01,-2.940285459260391643e-01,9.572192683390966517e-01,6.006284739865347611e+00,1.815416455919654615e+00,6.319588741321130031e-04
7.050000000000005151e-01,-2.880165201247969486e-01,9.590158545495860443e-01,6.017727625923336099e+00,1.777743660100671086e+00,6.328565429746055987e-04
7.060000000000005160e-01,-2.819931692289306402e-01,9.607747312932226613e-01,6.028934848530147939e+00,1.739997766306277116e+00,6.337542118170436589e-04
7.070000000000005169e-01,-2.759587291421418676e-01,9.624958262048641799e-01,6.039905928686451375e+00,1.702180240754644469e+00,6.346518806594270753e-04
7.080000000000005178e-01,-2.699134362426230394e-01,9.641790683872334400e-01,6.050640396413828448e+00,1.664292552948757331e+00,6.355495495017557395e-04
7.090000000000005187e-01,-2.638575273740245142e-01,9.658243884141759494e-01,6.061137790779012491e+00,1.626336175622224545e+00,6.364472183440296514e-04
7.100000000000005196e-01,-2.577912398363972901e-01,9.674317183338636550e-01,6.071397659917817435e+00,1.588312584684894224e+00,6.373448871862487028e-04
7.110000000000005205e-01,-2.517148113771122131e-01,9.690009916719435346e-01,6.081419561058758028e+00,1.550223259168271417e+00,6.382425560284128935e-04
7.120000000000005214e-01,-2.456284801817554819e-01,9.705321434346323439e-01,6.091203060546355630e+00,1.512069681170742363e+00,6.391402248705220068e-04
7.130000000000005222e-01,-2.395324848650012273e-01,9.720251101117555192e-01,6.100747733864134936e+00,1.473853335802604470e+00,6.400378937125760425e-04
7.140000000000005231e-01,-2.334270644614610535e-01,9.734798296797320116e-01,6.110053165657301832e+00,1.435575711130905763e+00,6.409355625545748924e-04
7.150000000000005240e-01,-2.273124584165112372e-01,9.748962416045029444e-01,6.119118949755104175e+00,1.397238298124093170e+00,6.418332313965185564e-04
7.160000000000005249e-01,-2.211889065770975271e-01,9.762742868444054256e-01,6.127944689192875494e+00,1.358842590596473388e+00,6.427309002384069261e-04
7.170000000000005258e-01,-2.150566491825182946e-01,9.776139078529908488e-01,6.136529996233759832e+00,1.320390085152486570e+00,6.436285690802398931e-04
7.180000000000005267e-01,-2.089159268551858684e-01,9.789150485817865732e-01,6.144874492390107967e+00,1.281882281130795276e+00,6.445262379220173489e-04
7.190000000000005276e-01,-2.027669805913668855e-01,9.801776544830024251e-01,6.152977808444554775e+00,1.243320680548189339e+00,6.454239067637392935e-04
7.200000000000005285e-01,-1.966100517519014934e-01,9.814016725121808005e-01,6.160839584470770625e+00,1.204706788043309329e+00,6.463215756054056186e-04
7.210000000000005294e-01,-1.904453820529021513e-01,9.825870511307899235e-01,6.168459469853880606e+00,1.166042110820190381e+00,6.472192444470162157e-04
7.220000000000005302e-01,-1.842732135564320861e-01,9.837337403087612620e-01,6.175837123310559562e+00,1.127328158591626162e+00,6.481169132885709764e-04
7.230000000000005311e-01,-1.780937886611638488e-01,9.848416915269697647e-01,6.182972212908793175e+00,1.088566443522358096e+00,6.490145821300699006e-04
7.240000000000005320e-01,-1.719073500930181908e-01,9.859108577796573680e-01,6.189864416087306864e+00,1.049758480172088726e+00,6.499122509715128801e-04
7.250000000000005329e-01,-1.657141408957838180e-01,9.869411935767994359e-01,6.196513419674658074e+00,1.010905785438321214e+00,6.508099198128999147e-04
7.260000000000005338e-01,-1.595144044217181589e-01,9.879326549464138019e-01,6.202918919907996376e+00,9.720098784990294227e-01,6.517075886542307876e-04
7.270000000000005347e-01,-1.533083843221294817e-01,9.888851994368126341e-01,6.209080622451480735e+00,9.330722807551563580e-01,6.526052574955054988e-04
7.280000000000005356e-01,-1.470963245379408313e-01,9.897987861187963476e-01,6.214998242414362828e+00,8.940945157729464077e-01,6.535029263367239400e-04
7.290000000000005365e-01,-1.408784692902360636e-01,9.906733755877902281e-01,6.220671504368721294e+00,8.550781092261111604e-01,6.544005951778861111e-04
7.300000000000005373e-01,-1.346550630707883112e-01,9.915089299659229916e-01,6.226100142366858492e+00,8.160245888378310219e-01,6.552982640189919036e-04
7.310000000000005382e-01,-1.284263506325711290e-01,9.923054129040468352e-01,6.231283899958352634e+00,7.769354843225951823e-01,6.561959328600412093e-04
7.320000000000005391e-01,-1.221925769802528899e-01,9.930627895836999786e-01,6.236222530206758208e+00,7.378123273278808236e-01,6.570936017010339195e-04
7.330000000000005400e-01,-1.159539873606746097e-01,9.937810267190100300e-01,6.240915795705964442e+00,6.986566513756745644e-01,6.579912705419700344e-04
7.340000000000005409e-01,-1.097108272533115492e-01,9.944600925585396212e-01,6.245363468596198508e+00,6.594699918038370301e-01,6.588889393828494456e-04
7.350000000000005418e-01,-1.034633423607190517e-01,9.950999568870726453e-01,6.249565330579681444e+00,6.202538857073133238e-01,6.597866082236720445e-04
7.360000000000005427e-01,-9.721177859896283635e-02,9.957005910273418747e-01,6.253521172935927908e+00,5.810098718791909533e-01,6.606842770644377229e-04
7.370000000000005436e-01,-9.095638208803422109e-02,9.962619678416977376e-01,6.257230796536692452e+00,5.417394907516074332e-01,6.615819459051464806e-04
7.380000000000005445e-01,-8.469739914225057897e-02,9.967840617337174747e-01,6.260694011860560515e+00,5.024442843365088951e-01,6.624796147457982093e-04
7.390000000000005453e-01,-7.843507626064130656e-02,9.972668486497555662e-01,6.263910639007177039e+00,4.631257961662632039e-01,6.633772835863929089e-04
7.400000000000005462e-01,-7.216966011731984487e-02,9.977103060804343171e-01,6.266880507711121595e+00,4.237855712341278003e-01,6.642749524269303627e-04
7.410000000000005471e-01,-6.590139755184193371e-02,9.981144130620747124e-01,6.269603457355417575e+00,3.844251559345758240e-01,6.651726212674105706e-04
7.420000000000005480e-01,-5.963053555955059176e-02,9.984791501780679868e-01,6.272079336984679010e+00,3.450460980034818492e-01,6.660702901078335327e-04
7.430000000000005489e-01,-5.335732128190807250e-02,9.988044995601869092e-01,6.274308005317895898e+00,3.056499464581693415e-01,6.669679589481990320e-04
7.440000000000005498e-01,-4.708200199681526754e-02,9.990904448898374479e-01,6.276289330760850937e+00,2.662382515373223901e-01,6.678656277885070686e-04
7.450000000000005507e-01,-4.080482510891885600e-02,9.993369713992497072e-01,6.278023191418168558e+00,2.268125646407633811e-01,6.687632966287575340e-04
7.460000000000005516e-01,-3.452603813990658133e-02,9.995440658726090222e-01,6.279509475104995353e+00,1.873744382690991639e-01,6.696609654689503199e-04
7.470000000000005524e-01,-2.824588871879105817e-02,9.997117166471265470e-01,6.280748079358311919e+00,1.479254259632374890e-01,6.705586343090854263e-04
7.480000000000005533e-01,-2.196462457218242501e-02,9.998399136140493360e-01,6.281738911447869889e+00,1.084670822437763527e-01,6.714563031491627447e-04
7.490000000000005542e-01,-1.568249351455026919e-02,9.999286482196094727e-01,6.282481888386755031e+00,6.900096255026799685e-02,6.723539719891821666e-04
7.500000000000005551e-01,-9.399743438475164498e-03,9.999779134659128044e-01,6.282976936941578217e+00,2.952862318036027917e-02,6.732516408291436922e-04
7.510000000000005560e-01,-3.116622304890205412e-03,9.999877039117665012e-01,6.283223993642287120e+00,-9.948378771182736502e-03,6.741493096690471046e-04
7.520000000000005569e-01,3.166621866687075078e-03,9.999580156734454439e-01,6.283223004791600452e+00,-4.942848547357847622e-02,6.750469785088925121e-04
7.530000000000005578e-01,9.449741007932038056e-03,9.998888464253978814e-01,6.282973926474062054e+00,-8.891013842123965394e-02,6.759446473486796980e-04
7.540000000000005587e-01,1.573248701149912790e-02,9.997801954008895819e-01,6.282476724564715731e+00,-1.283917784951018048e-01,6.768423161884086622e-04
7.550000000000005596e-01,2.201461174081655731e-02,9.996320633925863675e-01,6.281731374737396401e+00,-1.678718460240621602e-01,6.777399850280792963e-04
7.560000000000005604e-01,2.829586703988908047e-02,9.994444527530756961e-01,6.280737862472635769e+00,-2.073487808465278026e-01,6.786376538676914920e-04
7.570000000000005613e-01,3.457600474310847799e-02,9.992173673953260726e-01,6.279496183065186088e+00,-2.468210223720703755e-01,6.795353227072451407e-04
7.580000000000005622e-01,4.085477668507138393e-02,9.989508127930851744e-01,6.278006341631154896e+00,-2.862870096431852640e-01,6.804329915467402425e-04
7.590000000000005631e-01,4.713193471040404842e-02,9.986447959812159159e-01,6.276268353114751619e+00,-3.257451813971525834e-01,6.813306603861766890e-04
7.600000000000005640e-01,5.340723068359364695e-02,9.982993255559707846e-01,6.274282242294646927e+00,-3.651939761279978658e-01,6.822283292255544801e-04
7.610000000000005649e-01,5.968041649882575156e-02,9.979144116752040050e-01,6.272048043789938632e+00,-4.046318321485497527e-01,6.831259980648733991e-04
7.620000000000005658e-01,6.595124408982759590e-02,9.974900660585216405e-01,6.269565802065725002e+00,-4.440571876525924444e-01,6.840236669041334459e-04
7.630000000000005667e-01,7.221946543971667631e-02,9.970263019873695232e-01,6.266835571438289065e+00,-4.834684807771101323e-01,6.849213357433346205e-04
7.640000000000005675e-01,7.848483259085436980e-02,9.965231343050588997e-01,6.263857416079884111e+00,-5.228641496646213582e-01,6.858190045824767061e-04
7.650000000000005684e-01,8.474709765470415934e-02,9.959805794167299053e-01,6.260631410023122179e+00,-5.622426325256004720e-01,6.867166734215597026e-04
7.660000000000005693e-01,9.100601282169398787e-02,9.953986552892520878e-01,6.257157637164969977e+00,-6.016023677009837423e-01,6.876143422605835017e-04
7.670000000000005702e-01,9.726133037108246338e-02,9.947773814510627588e-01,6.253436191270342448e+00,-6.409417937247577912e-01,6.885120110995479950e-04
7.680000000000005711e-01,1.035128026808284224e-01,9.941167789919426179e-01,6.249467175975295774e+00,-6.802593493866273544e-01,6.894096799384531824e-04
7.690000000000005720e-01,1.097601822374635050e-01,9.934168705627285378e-01,6.245250704789824248e+00,-7.195534737947600901e-01,6.903073487772989555e-04
7.700000000000005729e-01,1.160032216459673388e-01,9.926776803749639555e-01,6.240786901100248585e+00,-7.588226064386061065e-01,6.912050176160852060e-04
7.710000000000005738e-01,1.222416736396448739e-01,9.918992342004860907e-01,6.236075898171204557e+00,-7.980651872517890988e-01,6.921026864548119337e-04
7.720000000000005747e-01,1.284752910900055223e-01,9.910815593709499938e-01,6.231117839147227500e+00,-8.372796566750665415e-01,6.930003552934790303e-04
7.730000000000005755e-01,1.347038270166437124e-01,9.902246847772903093e-01,6.225912877053927375e+00,-8.764644557193566055e-01,6.938980241320863874e-04
7.740000000000005764e-01,1.409270345971203597e-01,9.893286408691193135e-01,6.220461174798760595e+00,-9.156180260288291350e-01,6.947956929706338965e-04
7.750000000000005773e-01,1.471446671768448788e-01,9.883934596540622231e-01,6.214762905171390628e+00,-9.547388099440576870e-01,6.956933618091215576e-04
7.760000000000005782e-01,1.533564782789574865e-01,9.874191746970291117e-01,6.208818250843643582e+00,-9.938252505652297453e-01,6.965910306475492624e-04
7.770000000000005791e-01,1.595622216142111305e-01,9.864058211194237646e-01,6.202627404369047248e+00,-1.032875791815413669e+00,6.974886994859169024e-04
7.780000000000005800e-01,1.657616510908528074e-01,9.853534355982889181e-01,6.196190568181966007e+00,-1.071888878503878040e+00,6.983863683242244776e-04
7.790000000000005809e-01,1.719545208245037426e-01,9.842620563653886601e-01,6.189507954596316530e+00,-1.110862956389461198e+00,6.992840371624717711e-04
7.800000000000005818e-01,1.781405851480382108e-01,9.831317232062271039e-01,6.182579785803873129e+00,-1.149796472243989287e+00,7.001817060006588914e-04
7.810000000000005826e-01,1.843195986214602733e-01,9.819624774590034466e-01,6.175406293872161889e+00,-1.188687873915738269e+00,7.010793748387856216e-04
7.820000000000005835e-01,1.904913160417784079e-01,9.807543620135040774e-01,6.167987720741932023e+00,-1.227535610392938903e+00,7.019770436768519618e-04
7.830000000000005844e-01,1.966554924528772230e-01,9.795074213099305149e-01,6.160324318224216888e+00,-1.266338131867319472e+00,7.028747125148578035e-04
7.840000000000005853e-01,2.028118831553861190e-01,9.782217013376645065e-01,6.152416347996974011e+00,-1.305093889797687146e+00,7.037723813528030383e-04
7.850000000000005862e-01,2.089602437165443694e-01,9.768972496339688449e-01,6.144264081601308547e+00,-1.343801336973540872e+00,7.046700501906875578e-04
7.860000000000005871e-01,2.151003299800621771e-01,9.755341152826249029e-01,6.135867800437276642e+00,-1.382458927578716246e+00,7.055677190285113620e-04
7.870000000000005880e-01,2.212318980759773734e-01,9.741323489125066626e-01,6.127227795759270457e+00,-1.421065117255057908e+00,7.064653878662743424e-04
7.880000000000005889e-01,2.273547044305073150e-01,9.726920026960905741e-01,6.118344368670977751e+00,-1.459618363166117261e+00,7.073630567039764991e-04
7.890000000000005898e-01,2.334685057758953686e-01,9.712131303479022426e-01,6.109217830119923143e+00,-1.498117124060871941e+00,7.082607255416176152e-04
7.900000000000005906e-01,2.395730591602519555e-01,9.696957871228989445e-01,6.099848500891588365e+00,-1.536559860337464611e+00,7.091583943791976907e-04
7.910000000000005915e-01,2.456681219573893238e-01,9.681400298147887495e-01,6.090236711603101760e+00,-1.574945034106958186e+00,7.100560632167167256e-04
7.920000000000005924e-01,2.517534518766499363e-01,9.665459167542856944e-01,6.080382802696510325e+00,-1.613271109257104374e+00,7.109537320541745031e-04
7.930000000000005933e-01,2.578288069727276977e-01,9.649135078073008964e-01,6.070287124431625436e+00,-1.651536551516122886e+00,7.118514008915710232e-04
7.940000000000005942e-01,2.638939456554821872e-01,9.632428643730706064e-01,6.059950036878438695e+00,-1.689739828516487519e+00,7.127490697289061775e-04
7.950000000000005951e-01,2.699486266997446204e-01,9.615340493822199797e-01,6.049371909909114997e+00,-1.727879409858717352e+00,7.136467385661799659e-04
7.960000000000005960e-01,2.759926092551160948e-01,9.597871272947628984e-01,6.038553123189555727e+00,-1.765953767175169498e+00,7.145444074033921716e-04
7.970000000000005969e-01,2.820256528557567033e-01,9.580021640980384001e-01,6.027494066170538289e+00,-1.803961374193829403e+00,7.154420762405427946e-04
7.980000000000005977e-01,2.880475174301659336e-01,9.561792273045832680e-01,6.016195138078420435e+00,-1.841900706802097609e+00,7.163397450776318350e-04
7.990000000000005986e-01,2.940579633109534075e-01,9.543183859499404509e-01,6.004656747905420922e+00,-1.879770243110568728e+00,7.172374139146590758e-04
8.000000000000005995e-01,3.000567512445996843e-01,9.524197105904042004e-01,5.992879314399465862e+00,-1.917568463516799993e+00,7.181350827516245171e-04
8.010000000000006004e-01,3.060436424012066281e-01,9.504832733007011480e-01,5.980863266053607852e+00,-1.955293850769064923e+00,7.190327515885280504e-04
8.020000000000006013e-01,3.120183983842372832e-01,9.485091476716078773e-01,5.968609041095011669e+00,-1.992944890030092342e+00,7.199304204253696758e-04
8.030000000000006022e-01,3.179807812402440925e-01,9.464974088075042147e-01,5.956117087473510985e+00,-2.030520068940783851e+00,7.208280892621491765e-04
8.040000000000006031e-01,3.239305534685857357e-01,9.444481333238636811e-01,5.943387862849728975e+00,-2.068017877683909767e+00,7.217257580988665523e-04
8.050000000000006040e-01,3.298674780311317556e-01,9.423613993446793291e-01,5.930421834582769947e+00,-2.105436809047777746e+00,7.226234269355218034e-04
8.060000000000006048e-01,3.357913183619548603e-01,9.402372864998268520e-01,5.917219479717474862e+00,-2.142775358489872772e+00,7.235210957721147128e-04
8.070000000000006057e-01,3.417018383770099033e-01,9.380758759223633003e-01,5.903781284971246102e+00,-2.180032024200465379e+00,7.244187646086452806e-04
8.080000000000006066e-01,3.475988024837998180e-01,9.358772502457625153e-01,5.890107746720434356e+00,-2.217205307166185246e+00,7.253164334451133984e-04
8.090000000000006075e-01,3.534819755910274530e-01,9.336414936010870580e-01,5.876199370986295634e+00,-2.254293711233553488e+00,7.262141022815189577e-04
8.100000000000006084e-01,3.593511231182334731e-01,9.313686916140965222e-01,5.862056673420508623e+00,-2.291295743172475419e+00,7.271117711178619585e-04
8.110000000000006093e-01,3.652060110054191067e-01,9.290589314022926759e-01,5.847680179290262181e+00,-2.328209912739689358e+00,7.280094399541422925e-04
8.120000000000006102e-01,3.710464057226542378e-01,9.267123015719004320e-01,5.833070423462901388e+00,-2.365034732742164802e+00,7.289071087903598511e-04
8.130000000000006111e-01,3.768720742796696221e-01,9.243288922147864239e-01,5.818227950390142844e+00,-2.401768719100450866e+00,7.298047776265146344e-04
8.140000000000006120e-01,3.826827842354330600e-01,9.219087949053135222e-01,5.803153314091850312e+00,-2.438410390911970538e+00,7.307024464626065341e-04
8.150000000000006128e-01,3.884783037077095269e-01,9.194521026971322897e-01,5.787847078139376045e+00,-2.474958270514256320e+00,7.316001152986354415e-04
8.160000000000006137e-01,3.942584013826038736e-01,9.169589101199095982e-01,5.772309815638466013e+00,-2.511410883548125472e+00,7.324977841346012484e-04
8.170000000000006146e-01,4.000228465240865949e-01,9.144293131759932969e-01,5.756542109211724600e+00,-2.547766759020792193e+00,7.333954529705039548e-04
8.180000000000006155e-01,4.057714089835018356e-01,9.118634093370147076e-01,5.740544550980647642e+00,-2.584024429368910525e+00,7.342931218063434521e-04
8.190000000000006164e-01,4.115038592090570213e-01,9.092612975404275044e-01,5.724317742547214038e+00,-2.620182430521547534e+00,7.351907906421196320e-04
8.200000000000006173e-01,4.172199682552938937e-01,9.066230781859838661e-01,5.707862294975042161e+00,-2.656239301963083665e+00,7.360884594778324946e-04
8.210000000000006182e-01,4.229195077925406721e-01,9.039488531321476783e-01,5.691178828770109277e+00,-2.692193586796034488e+00,7.369861283134819313e-04
8.220000000000006191e-01,4.286022501163445075e-01,9.012387256924452306e-01,5.674267973861030434e+00,-2.728043831803793395e+00,7.378837971490678337e-04
8.230000000000006199e-01,4.342679681568841210e-01,8.984928006317528526e-01,5.657130369578905693e+00,-2.763788587513288597e+00,7.387814659845900935e-04
8.240000000000006208e-01,4.399164354883620121e-01,8.957111841625221560e-01,5.639766664636723270e+00,-2.799426408257555288e+00,7.396791348200487106e-04
8.250000000000006217e-01,4.455474263383758515e-01,8.928939839409424373e-01,5.622177517108331912e+00,-2.834955852238217222e+00,7.405768036554435767e-04
8.260000000000006226e-01,4.511607155972687244e-01,8.900413090630411306e-01,5.604363594406969185e+00,-2.870375481587873701e+00,7.414744724907745832e-04
8.270000000000006235e-01,4.567560788274574457e-01,8.871532700607217548e-01,5.586325573263357214e+00,-2.905683862432390185e+00,7.423721413260417302e-04
8.280000000000006244e-01,4.623332922727390604e-01,8.842299788977393549e-01,5.568064139703361448e+00,-2.940879564953089442e+00,7.432698101612449093e-04
8.290000000000006253e-01,4.678921328675745839e-01,8.812715489656138823e-01,5.549579989025206217e+00,-2.975961163448837876e+00,7.441674789963840120e-04
8.300000000000006262e-01,4.734323782463497610e-01,8.782780950794820685e-01,5.530873825776262187e+00,-3.010927236398027063e+00,7.450651478314590384e-04
8.310000000000006271e-01,4.789538067526123988e-01,8.752497334738865709e-01,5.511946363729390619e+00,-3.045776366520441591e+00,7.459628166664697716e-04
8.320000000000006279e-01,4.844561974482859967e-01,8.721865817985039460e-01,5.492798325858852415e+00,-3.080507140839017666e+00,7.468604855014162117e-04
8.330000000000006288e-01,4.899393301228586739e-01,8.690887591138103385e-01,5.473430444315783738e+00,-3.115118150741482239e+00,7.477581543362983585e-04
8.340000000000006297e-01,4.954029853025478936e-01,8.659563858866863306e-01,5.453843460403230203e+00,-3.149607992041871807e+00,7.486558231711159953e-04
8.350000000000006306e-01,5.008469442594394305e-01,8.627895839859597293e-01,5.434038124550752080e+00,-3.183975265041929514e+00,7.495534920058691221e-04
8.360000000000006315e-01,5.062709890206011920e-01,8.595884766778870700e-01,5.414015196288587184e+00,-3.218218574592373038e+00,7.504511608405576304e-04
8.370000000000006324e-01,5.116749023771707261e-01,8.563531886215741684e-01,5.393775444221384774e+00,-3.252336530154034122e+00,7.513488296751815202e-04
8.380000000000006333e-01,5.170584678934163625e-01,8.530838458643357214e-01,5.373319646001498917e+00,-3.286327745858863558e+00,7.522464985097405748e-04
8.390000000000006342e-01,5.224214699157713193e-01,8.497805758369935125e-01,5.352648588301854637e+00,-3.320190840570798496e+00,7.531441673442347941e-04
8.400000000000006350e-01,5.277636935818404984e-01,8.464435073491138883e-01,5.331763066788372640e+00,-3.353924437946491199e+00,7.540418361786641781e-04
8.410000000000006359e-01,5.330849248293796361e-01,8.430727705841851716e-01,5.310663886091965935e+00,-3.387527166495892583e+00,7.549395050130285100e-04
8.420000000000006368e-01,5.383849504052459212e-01,8.396684970947337900e-01,5.289351859780101250e+00,-3.420997659642688316e+00,7.558371738473277897e-04
8.430000000000006377e-01,5.436635578743205244e-01,8.362308197973805646e-01,5.267827810327930571e+00,-3.454334555784585259e+00,7.567348426815619089e-04
8.440000000000006386e-01,5.489205356284012627e-01,8.327598729678363787e-01,5.246092569088986579e+00,-3.487536498353444703e+00,7.576325115157308675e-04
8.450000000000006395e-01,5.541556728950662869e-01,8.292557922358382294e-01,5.224146976265451769e+00,-3.520602135875256167e+00,7.585301803498344488e-04
8.460000000000006404e-01,5.593687597465076822e-01,8.257187145800253258e-01,5.201991880877992358e+00,-3.553530122029951777e+00,7.594278491838726526e-04
8.470000000000006413e-01,5.645595871083348705e-01,8.221487783227549029e-01,5.179628140735168529e+00,-3.586319115711056327e+00,7.603255180178454791e-04
8.480000000000006422e-01,5.697279467683467047e-01,8.185461231248590819e-01,5.157056622402405921e+00,-3.618967781085170810e+00,7.612231868517527113e-04
8.490000000000006430e-01,5.748736313852729207e-01,8.149108899803423345e-01,5.134278201170550560e+00,-3.651474787651282750e+00,7.621208556855943493e-04
8.500000000000006439e-01,5.799964344974833930e-01,8.112432212110189944e-01,5.111293761023984139e+00,-3.683838810299905120e+00,7.630185245193702847e-04
8.510000000000006448e-01,5.850961505316659705e-01,8.075432604610928156e-01,5.088104194608321862e+00,-3.716058529372034513e+00,7.639161933530805174e-04
8.520000000000006457e-01,5.901725748114707848e-01,8.038111526916766891e-01,5.064710403197677735e+00,-3.748132630717931235e+00,7.648138621867249390e-04
8.530000000000006466e-01,5.952255035661228044e-01,8.000470441752541850e-01,5.041113296661507981e+00,-3.780059805755713320e+00,7.657115310203034412e-04
8.540000000000006475e-01,6.002547339389999737e-01,7.962510824900825845e-01,5.017313793431027236e+00,-3.811838751529762259e+00,7.666091998538159154e-04
8.550000000000006484e-01,6.052600639961783768e-01,7.924234165145371822e-01,4.993312820465205526e+00,-3.843468170768938208e+00,7.675068686872622533e-04
8.560000000000006493e-01,6.102412927349424310e-01,7.885641964213983002e-01,4.969111313216336256e+00,-3.874946771944601576e+00,7.684045375206424548e-04
8.570000000000006501e-01,6.151982200922609945e-01,7.846735736720792387e-01,4.944710215595188529e+00,-3.906273269328434772e+00,7.693022063539565200e-04
8.580000000000006510e-01,6.201306469532283927e-01,7.807517010107976052e-01,4.920110479935734915e+00,-3.937446383050063670e+00,7.701998751872042321e-04
8.590000000000006519e-01,6.250383751594695836e-01,7.767987324586884679e-01,4.895313066959460890e+00,-3.968464839154473012e+00,7.710975440203855910e-04
8.600000000000006528e-01,6.299212075175097958e-01,7.728148233078603324e-01,4.870318945739253280e+00,-3.999327369659215314e+00,7.719952128535004883e-04
8.610000000000006537e-01,6.347789478071075298e-01,7.688001301153940537e-01,4.845129093662876585e+00,-4.030032712611408385e+00,7.728928816865488155e-04
8.620000000000006546e-01,6.396114007895512543e-01,7.647548106972851256e-01,4.819744496396027422e+00,-4.060579612144515238e+00,7.737905505195305728e-04
8.630000000000006555e-01,6.444183722159184668e-01,7.606790241223286841e-01,4.794166147844974191e+00,-4.090966818534909066e+00,7.746882193524456516e-04
8.640000000000006564e-01,6.491996688352974498e-01,7.565729307059485542e-01,4.768395050118785505e+00,-4.121193088258213955e+00,7.755858881852939436e-04
8.650000000000006573e-01,6.539550984029712799e-01,7.524366920039698980e-01,4.742432213491143855e+00,-4.151257184045421766e+00,7.764835570180753403e-04
8.660000000000006581e-01,6.586844696885626460e-01,7.482704708063360188e-01,4.716278656361746258e+00,-4.181157874938780772e+00,7.773812258507898417e-04
8.670000000000006590e-01,6.633875924841410310e-01,7.440744311307690984e-01,4.689935405217297237e+00,-4.210893936347453348e+00,7.782788946834373394e-04
8.680000000000006599e-01,6.680642776122893700e-01,7.398487382163755344e-01,4.663403494592088805e+00,-4.240464150102935648e+00,7.791765635160177251e-04
8.690000000000006608e-01,6.727143369341324064e-01,7.355935585171959890e-01,4.636683967028176312e+00,-4.269867304514241013e+00,7.800742323485309986e-04
8.700000000000006617e-01,6.773375833573239690e-01,7.313090596957007028e-01,4.609777873035145745e+00,-4.299102194422843581e+00,7.809719011809770515e-04
8.710000000000006626e-01,6.819338308439942820e-01,7.269954106162291874e-01,4.582686271049476012e+00,-4.328167621257372311e+00,7.818695700133557755e-04
8.720000000000006635e-01,6.865028944186564175e-01,7.226527813383761822e-01,4.555410227393497102e+00,-4.357062393088059871e+00,7.827672388456670622e-04
8.730000000000006644e-01,6.910445901760715604e-01,7.182813431103226565e-01,4.527950816233948572e+00,-4.385785324680939290e+00,7.836649076779109114e-04
8.740000000000006652e-01,6.955587352890721942e-01,7.138812683621132971e-01,4.500309119540133018e+00,-4.414335237551783031e+00,7.845625765100872149e-04
8.750000000000006661e-01,7.000451480163440987e-01,7.094527306988797077e-01,4.472486227041673423e+00,-4.442710960019788047e+00,7.854602453421959726e-04
8.760000000000006670e-01,7.045036477101648265e-01,7.049959048940104278e-01,4.444483236185871711e+00,-4.470911327260997048e+00,7.863579141742369676e-04
8.770000000000006679e-01,7.089340548241003237e-01,7.005109668822671054e-01,4.416301252094670282e+00,-4.498935181361453317e+00,7.872555830062102000e-04
8.780000000000006688e-01,7.133361909206575868e-01,6.959980937528486011e-01,4.387941387521220982e+00,-4.526781371370090845e+00,7.881532518381155613e-04
8.790000000000006697e-01,7.177098786788942419e-01,6.914574637424012460e-01,4.359404762806058820e+00,-4.554448753351348245e+00,7.890509206699530516e-04
8.800000000000006706e-01,7.220549419019836046e-01,6.868892562279774738e-01,4.330692505832885786e+00,-4.581936190437513545e+00,7.899485895017224540e-04
8.810000000000006715e-01,7.263712055247358856e-01,6.822936517199417183e-01,4.301805751983965642e+00,-4.609242552880787436e+00,7.908462583334238769e-04
8.820000000000006724e-01,7.306584956210739890e-01,6.776708318548246845e-01,4.272745644095129691e+00,-4.636366718105064955e+00,7.917439271650571035e-04
8.830000000000006732e-01,7.349166394114645673e-01,6.730209793881259950e-01,4.243513332410395300e+00,-4.663307570757434739e+00,7.926415959966220254e-04
8.840000000000006741e-01,7.391454652703032258e-01,6.683442781870650995e-01,4.214109974536202508e+00,-4.690064002759389616e+00,7.935392648281186425e-04
8.850000000000006750e-01,7.433448027332542063e-01,6.636409132232815589e-01,4.184536735395267826e+00,-4.716634913357747649e+00,7.944369336595469549e-04
8.860000000000006759e-01,7.475144825045431096e-01,6.589110705654842581e-01,4.154794787180055238e+00,-4.743019209175276529e+00,7.953346024909067457e-04
8.870000000000006768e-01,7.516543364642034319e-01,6.541549373720505489e-01,4.124885309305871495e+00,-4.769215804261023095e+00,7.962322713221980149e-04
8.880000000000006777e-01,7.557641976752755841e-01,6.493727018835746545e-01,4.094809488363581274e+00,-4.795223620140340870e+00,7.971299401534206542e-04
8.890000000000006786e-01,7.598439003909588374e-01,6.445645534153664480e-01,4.064568518071950187e+00,-4.821041585864614731e+00,7.980276089845745550e-04
8.900000000000006795e-01,7.638932800617153074e-01,6.397306823499009365e-01,4.034163599229612984e+00,-4.846668638060680045e+00,7.989252778156597174e-04
8.910000000000006803e-01,7.679121733423253104e-01,6.348712801292180075e-01,4.003595939666671377e+00,-4.872103720979930053e+00,7.998229466466760329e-04
8.920000000000006812e-01,7.719004180988947583e-01,6.299865392472736580e-01,3.972866754195924610e+00,-4.897345786547110613e+00,8.007206154776233932e-04
8.930000000000006821e-01,7.758578534158133699e-01,6.250766532422421529e-01,3.941977264563729655e+00,-4.922393794408799650e+00,8.016182843085016899e-04
8.940000000000006830e-01,7.797843196026632562e-01,6.201418166887701089e-01,3.910928699400499919e+00,-4.947246711981567735e+00,8.025159531393109228e-04
8.950000000000006839e-01,7.836796582010783219e-01,6.151822251901827299e-01,3.879722294170839358e+00,-4.971903514499814492e+00,8.034136219700509837e-04
8.960000000000006848e-01,7.875437119915531525e-01,6.101980753706421901e-01,3.848359291123316872e+00,-4.996363185063281698e+00,8.043112908007218724e-04
8.970000000000006857e-01,7.913763250002019412e-01,6.051895648672583894e-01,3.816840939239882324e+00,-5.020624714684236878e+00,8.052089596313233722e-04
8.980000000000006866e-01,7.951773425054661226e-01,6.001568923221531904e-01,3.785168494184926402e+00,-5.044687102334327378e+00,8.061066284618554831e-04
8.990000000000006875e-01,7.989466110447714930e-01,5.951002573744778035e-01,3.753343218253986091e+00,-5.068549354991095157e+00,8.070042972923180966e-04
9.000000000000006883e-01,8.026839784211335926e-01,5.900198606523837652e-01,3.721366380322099765e+00,-5.092210487684160292e+00,8.079019661227112127e-04
9.010000000000006892e-01,8.063892937097107971e-01,5.849159037649476200e-01,3.689239255791811889e+00,-5.115669523541061636e+00,8.087996349530347231e-04
9.020000000000006901e-01,8.100624072643062279e-01,5.797885892940505270e-01,3.656963126540831333e+00,-5.138925493832751989e+00,8.096973037832885193e-04
9.030000000000006910e-01,8.137031707238163714e-01,5.746381207862123475e-01,3.624539280869344182e+00,-5.161977438018749531e+00,8.105949726134724928e-04
9.040000000000006919e-01,8.173114370186268518e-01,5.694647027443801024e-01,3.591969013446985937e+00,-5.184824403791938430e+00,8.114926414435866438e-04
9.050000000000006928e-01,8.208870603769555796e-01,5.642685406196730202e-01,3.559253625259471754e+00,-5.207465447123018620e+00,8.123903102736307552e-04
9.060000000000006937e-01,8.244298963311418316e-01,5.590498408030822874e-01,3.526394423554892299e+00,-5.229899632304600310e+00,8.132879791036049357e-04
9.070000000000006946e-01,8.279398017238817076e-01,5.538088106171270564e-01,3.493392721789670752e+00,-5.252126031994937883e+00,8.141856479335089682e-04
9.080000000000006954e-01,8.314166347144091862e-01,5.485456583074675985e-01,3.460249839574191189e+00,-5.274143727261307646e+00,8.150833167633428529e-04
9.090000000000006963e-01,8.348602547846227795e-01,5.432605930344742706e-01,3.426967102618095229e+00,-5.295951807623018759e+00,8.159809855931064813e-04
9.100000000000006972e-01,8.382705227451574537e-01,5.379538248647545151e-01,3.393545842675250501e+00,-5.317549371094055566e+00,8.168786544227997449e-04
9.110000000000006981e-01,8.416473007414011498e-01,5.326255647626365608e-01,3.359987397488396699e+00,-5.338935524225356666e+00,8.177763232524226438e-04
9.120000000000006990e-01,8.449904522594555711e-01,5.272760245816119351e-01,3.326293110733468339e+00,-5.360109382146716506e+00,8.186739920819750696e-04
9.130000000000006999e-01,8.482998421320419036e-01,5.219054170557355654e-01,3.292464331963596891e+00,-5.381070068608313051e+00,8.195716609114569139e-04
9.140000000000007008e-01,8.515753365443494705e-01,5.165139557909849133e-01,3.258502416552798042e+00,-5.401816716021862419e+00,8.204693297408681765e-04
9.150000000000007017e-01,8.548168030398285433e-01,5.111018552565778084e-01,3.224408725639344109e+00,-5.422348465501384496e+00,8.213669985702086408e-04
9.160000000000007025e-01,8.580241105259259760e-01,5.056693307762502032e-01,3.190184626068824691e+00,-5.442664466903594622e+00,8.222646673994783066e-04
9.170000000000007034e-01,8.611971292797641064e-01,5.002165985194931830e-01,3.155831490336898693e+00,-5.462763878867901823e+00,8.231623362286771741e-04
9.180000000000007043e-01,8.643357309537619271e-01,4.947438754927507287e-01,3.121350696531740798e+00,-5.482645868856026006e+00,8.240600050578050263e-04
9.190000000000007052e-01,8.674397885811988562e-01,4.892513795305774016e-01,3.086743628276185092e+00,-5.502309613191215476e+00,8.249576738868618633e-04
9.200000000000007061e-01,8.705091765817202232e-01,4.837393292867576688e-01,3.052011674669567576e+00,-5.521754297097080766e+00,8.258553427158476850e-04
9.210000000000007070e-01,8.735437707667846885e-01,4.782079442253861501e-01,3.017156230229272484e+00,-5.540979114736021671e+00,8.267530115447622747e-04
9.220000000000007079e-01,8.765434483450526004e-01,4.726574446119097273e-01,2.982178694831983279e+00,-5.559983269247263493e+00,8.276506803736056322e-04
9.230000000000007088e-01,8.795080879277163977e-01,4.670880515041320735e-01,2.947080473654641430e+00,-5.578765972784489158e+00,8.285483492023776493e-04
9.240000000000007097e-01,8.824375695337705050e-01,4.614999867431803793e-01,2.911862977115117879e+00,-5.597326446553066326e+00,8.294460180310782174e-04
9.250000000000007105e-01,8.853317745952231643e-01,4.558934729444352185e-01,2.876527620812598052e+00,-5.615663920846868606e+00,8.303436868597073367e-04
9.260000000000007114e-01,8.881905859622474253e-01,4.502687334884238890e-01,2.841075825467684446e+00,-5.633777635084689095e+00,8.312413556882648985e-04
9.270000000000007123e-01,8.910138879082725172e-01,4.446259925116773926e-01,2.805509016862218985e+00,-5.651666837846240909e+00,8.321390245167507946e-04
9.280000000000007132e-01,8.938015661350150465e-01,4.389654748975517773e-01,2.769828625778828268e+00,-5.669330786907744724e+00,8.330366933451650250e-04
9.290000000000007141e-01,8.965535077774492434e-01,4.332874062670138415e-01,2.734036087940197035e+00,-5.686768749277100632e+00,8.339343621735073727e-04
9.300000000000007150e-01,8.992696014087167011e-01,4.275920129693922545e-01,2.698132843948068960e+00,-5.703980001228639907e+00,8.348320310017779463e-04
9.310000000000007159e-01,9.019497370449747198e-01,4.218795220730937601e-01,2.662120339221981435e+00,-5.720963828337455759e+00,8.357296998299765288e-04
9.320000000000007168e-01,9.045938061501835881e-01,4.161501613562854640e-01,2.626000023937734795e+00,-5.737719525513313101e+00,8.366273686581031203e-04
9.330000000000007176e-01,9.072017016408315815e-01,4.104041592975434249e-01,2.589773352965600850e+00,-5.754246397034130212e+00,8.375250374861575040e-04
9.340000000000007185e-01,9.097733178905986762e-01,4.046417450664679394e-01,2.553441785808274300e+00,-5.770543756579034955e+00,8.384227063141397882e-04
9.350000000000007194e-01,9.123085507349578682e-01,3.988631485142659638e-01,2.517006786538567908e+00,-5.786610927260987580e+00,8.393203751420497561e-04
9.360000000000007203e-01,9.148072974757139875e-01,3.930686001643010630e-01,2.480469823736856316e+00,-5.802447241658973631e+00,8.402180439698874077e-04
9.370000000000007212e-01,9.172694568854798947e-01,3.872583312026116609e-01,2.443832370428272949e+00,-5.818052041849760769e+00,8.411157127976526347e-04
9.380000000000007221e-01,9.196949292120895070e-01,3.814325734683973179e-01,2.407095904019659560e+00,-5.833424679439222160e+00,8.420133816253453285e-04
9.390000000000007230e-01,9.220836161829482069e-01,3.755915594444744210e-01,2.370261906236275085e+00,-5.848564515593214885e+00,8.429110504529654891e-04
9.400000000000007239e-01,9.244354210093194135e-01,3.697355222477007874e-01,2.333331863058266453e+00,-5.863470921068024921e+00,8.438087192805130083e-04
9.410000000000007248e-01,9.267502483905476485e-01,3.638646956193701265e-01,2.296307264656903602e+00,-5.878143276240360926e+00,8.447063881079877774e-04
9.420000000000007256e-01,9.290280045182173208e-01,3.579793139155769688e-01,2.259189605330582218e+00,-5.892580971136910151e+00,8.456040569353897966e-04
9.430000000000007265e-01,9.312685970802483393e-01,3.520796120975520083e-01,2.221980383440599560e+00,-5.906783405463442271e+00,8.465017257627189574e-04
9.440000000000007274e-01,9.334719352649263335e-01,3.461658257219686896e-01,2.184681101346702903e+00,-5.920749988633466465e+00,8.473993945899751514e-04
9.450000000000007283e-01,9.356379297648691473e-01,3.402381909312212627e-01,2.147293265342418600e+00,-5.934480139796435516e+00,8.482970634171582702e-04
9.460000000000007292e-01,9.377664927809278295e-01,3.342969444436749704e-01,2.109818385590160883e+00,-5.947973287865498726e+00,8.491947322442683138e-04
9.470000000000007301e-01,9.398575380260232315e-01,3.283423235438887033e-01,2.072257976056127493e+00,-5.961228871544798302e+00,8.500924010713051737e-04
9.480000000000007310e-01,9.419109807289171021e-01,3.223745660728105089e-01,2.034613554444983041e+00,-5.974246339356310109e+00,8.509900698982687415e-04
9.490000000000007319e-01,9.439267376379177898e-01,3.163939104179464556e-01,1.996886642134334977e+00,-5.987025149666224344e+00,8.518877387251589089e-04
9.500000000000007327e-01,9.459047270245203309e-01,3.104005955035036290e-01,1.959078764109005499e+00,-5.999564770710866135e+00,8.527854075519756757e-04
9.510000000000007336e-01,9.478448686869808126e-01,3.043948607805069817e-01,1.921191448895101184e+00,-6.011864680622154289e+00,8.536830763787189337e-04
9.520000000000007345e-01,9.497470839538244558e-01,2.983769462168913700e-01,1.883226228493887211e+00,-6.023924367452593742e+00,8.545807452053886828e-04
9.530000000000007354e-01,9.516112956872876394e-01,2.923470922875685551e-01,1.845184638315467085e+00,-6.035743329199804386e+00,8.554784140319847061e-04
9.540000000000007363e-01,9.534374282866936445e-01,2.863055399644701682e-01,1.807068217112271835e+00,-6.047321073830582705e+00,8.563760828585070036e-04
9.550000000000007372e-01,9.552254076917615633e-01,2.802525307065665272e-01,1.768878506912363591e+00,-6.058657119304490912e+00,8.572737516849555754e-04
9.560000000000007381e-01,9.569751613858484829e-01,2.741883064498624178e-01,1.730617052952555301e+00,-6.069750993596978894e+00,8.581714205113302046e-04
9.570000000000007390e-01,9.586866183991247237e-01,2.681131095973697254e-01,1.692285403611352157e+00,-6.080602234722030097e+00,8.590690893376308913e-04
9.580000000000007399e-01,9.603597093116820194e-01,2.620271830090578069e-01,1.653885110341716480e+00,-6.091210390754336679e+00,8.599667581638575269e-04
9.590000000000007407e-01,9.619943662565740850e-01,2.559307699917819923e-01,1.615417727603661646e+00,-6.101575019850995041e+00,8.608644269900100031e-04
9.600000000000007416e-01,9.635905229227901270e-01,2.498241142891903799e-01,1.576884812796676805e+00,-6.111695690272728854e+00,8.617620958160883199e-04
9.610000000000007425e-01,9.651481145581604082e-01,2.437074600716098993e-01,1.538287926191987065e+00,-6.121571980404629798e+00,8.626597646420923688e-04
9.620000000000007434e-01,9.666670779721939777e-01,2.375810519259117515e-01,1.499628630864653811e+00,-6.131203478776418692e+00,8.635574334680220414e-04
9.630000000000007443e-01,9.681473515388483442e-01,2.314451348453568091e-01,1.460908492625516697e+00,-6.140589784082226110e+00,8.644551022938773378e-04
9.640000000000007452e-01,9.695888751992315369e-01,2.252999542194215610e-01,1.422129079952982877e+00,-6.149730505199889841e+00,8.653527711196581495e-04
9.650000000000007461e-01,9.709915904642352213e-01,2.191457558236049596e-01,1.383291963924666801e+00,-6.158625261209767388e+00,8.662504399453643681e-04
9.660000000000007470e-01,9.723554404170996479e-01,2.129827858092166737e-01,1.344398718148883010e+00,-6.167273681413063535e+00,8.671481087709958851e-04
9.670000000000007478e-01,9.736803697159103210e-01,2.068112906931472983e-01,1.305450918695998164e+00,-6.175675405349670299e+00,8.680457775965527006e-04
9.680000000000007487e-01,9.749663245960253910e-01,2.006315173476209412e-01,1.266450144029644065e+00,-6.183830082815519269e+00,8.689434464220347062e-04
9.690000000000007496e-01,9.762132528724345448e-01,1.944437129899306838e-01,1.227397974937796343e+00,-6.191737373879443673e+00,8.698411152474417934e-04
9.700000000000007505e-01,9.774211039420488412e-01,1.882481251721574989e-01,1.188295994463721916e+00,-6.199396948899552839e+00,8.707387840727738538e-04
9.710000000000007514e-01,9.785898287859213784e-01,1.820450017708729884e-01,1.149145787836800547e+00,-6.206808488539109270e+00,8.716364528980308874e-04
9.720000000000007523e-01,9.797193799713990181e-01,1.758345909768264659e-01,1.109948942403223171e+00,-6.213971683781918998e+00,8.725341217232127859e-04
9.730000000000007532e-01,9.808097116542041638e-01,1.696171412846169402e-01,1.070707047556570091e+00,-6.220886235947223675e+00,8.734317905483195491e-04
9.740000000000007541e-01,9.818607795804474847e-01,1.633929014823504722e-01,1.031421694668275491e+00,-6.227551856704100608e+00,8.743294593733509602e-04
9.750000000000007550e-01,9.828725410885710279e-01,1.571621206412832650e-01,9.920944770179785932e-01,-6.233968268085364528e+00,8.752271281983070193e-04
9.760000000000007558e-01,9.838449551112216085e-01,1.509250481054512649e-01,9.527269897237694574e-01,-6.240135202500972866e+00,8.761247970231877263e-04
9.770000000000007567e-01,9.847779821770541453e-01,1.446819334812864954e-01,9.133208296723294151e-01,-6.246052402750934540e+00,8.770224658479928645e-04
9.780000000000007576e-01,9.856715844124653847e-01,1.384330266272207344e-01,8.738775954489726994e-01,-6.251719622037717805e+00,8.779201346727224338e-04
9.790000000000007585e-01,9.865257255432576811e-01,1.321785776432770620e-01,8.343988872675917046e-01,-6.257136623978161616e+00,8.788178034973763257e-04
9.800000000000007594e-01,9.873403708962321668e-01,1.259188368606498076e-01,7.948863069005108750e-01,-6.262303182614881614e+00,8.797154723219545404e-04
9.810000000000007603e-01,9.881154874007123112e-01,1.196540548312731989e-01,7.553414576082525533e-01,-6.267219082427178733e+00,8.806131411464568608e-04
9.820000000000007612e-01,9.888510435899968698e-01,1.133844823173794786e-01,7.157659440692183406e-01,-6.271884118341444214e+00,8.815108099708832872e-04
9.830000000000007621e-01,9.895470096027427775e-01,1.071103702810467934e-01,6.761613723092910755e-01,-6.276298095741061900e+00,8.824084787952337109e-04
9.840000000000007629e-01,9.902033571842769888e-01,1.008319698737374648e-01,6.365293496313602084e-01,-6.280460830475806944e+00,8.833061476195081321e-04
9.850000000000007638e-01,9.908200596878385946e-01,9.454953242582714301e-02,5.968714845447751216e-01,-6.284372148870740027e+00,8.842038164437064423e-04
9.860000000000007647e-01,9.913970920757498861e-01,8.826330943612524516e-02,5.571893866947307261e-01,-6.288031887734597092e+00,8.851014852678285331e-04
9.870000000000007656e-01,9.919344309205168075e-01,8.197355256138730284e-02,5.174846667915882215e-01,-6.291439894367673702e+00,8.859991540918742961e-04
9.880000000000007665e-01,9.924320544058585769e-01,7.568051360581967701e-02,4.777589365401360699e-01,-6.294596026569202252e+00,8.868968229158437312e-04
9.890000000000007674e-01,9.928899423276672520e-01,6.938444451057716733e-02,4.380138085687945160e-01,-6.297500152644223803e+00,8.877944917397367301e-04
9.900000000000007683e-01,9.933080760948953536e-01,6.308559734325391855e-02,3.982508963587680917e-01,-6.300152151409953660e+00,8.886921605635531842e-04
9.910000000000007692e-01,9.936864387303734336e-01,5.678422428736833172e-02,3.584718141731497165e-01,-6.302551912201637130e+00,8.895898293872930938e-04
9.920000000000007701e-01,9.940250148715568113e-01,5.048057763184229940e-02,3.186781769859807212e-01,-6.304699334877898131e+00,8.904874982109563502e-04
9.930000000000007709e-01,9.943237907712004775e-01,4.417490976047536155e-02,2.788716004112706259e-01,-6.306594329825581546e+00,8.913851670345428451e-04
9.940000000000007718e-01,9.945827542979639446e-01,3.786747314141426790e-02,2.390537006319805036e-01,-6.308236817964083976e+00,8.922828358580524701e-04
9.950000000000007727e-01,9.948018949369444863e-01,3.155852031661848800e-02,1.992260943289744790e-01,-6.309626730749178236e+00,8.931805046814852251e-04
9.960000000000007736e-01,9.949812037901396566e-01,2.524830389132212347e-02,1.593903986099427794e-01,-6.310764010176326266e+00,8.940781735048410018e-04
9.970000000000007745e-01,9.951206735768385325e-01,1.893707652349279139e-02,1.195482309383008312e-01,-6.311648608783483994e+00,8.949758423281196917e-04
9.980000000000007754e-01,9.952202986339416801e-01,1.262509091328791605e-02,7.970120906206808187e-02,-6.312280489653396387e+00,8.958735111513212949e-04
9.990000000000007763e-01,9.952800749162103999e-01,6.312599792509022284e-03,3.985095094273077149e-02,-6.312659626415381808e+00,8.967711799744457028e-04
1.000000000000000666e+00,9.952999999964445843e-01,-1.440859455229329122e-07,-9.253159073546735058e-07,-6.312786003246609212e+00,8.976688487974928072e-04
